{"type":"FeatureCollection","metadata":{"regionId":"tucson","source":"osm","attribution":"Data (c) OpenStreetMap contributors, ODbL, via Overpass API.","fetchedAt":"2026-08-24T14:16:35.348Z"},"features":[{"type":"Feature","properties":{"kind":"vegetation","name":"The Main Mall","osm":"way/32929786"},"geometry":{"type":"Polygon","coordinates":[[[-110.948024,32.23203],[-110.948023,32.232018],[-110.948017,32.232009],[-110.948076,32.231979],[-110.948077,32.231827],[-110.948029,32.231788],[-110.948047,32.23177],[-110.948034,32.231765],[-110.94802,32.231762],[-110.944412,32.231785],[-110.944412,32.231836],[-110.944715,32.231982],[-110.944782,32.232014],[-110.944816,32.232026],[-110.94485,32.232037],[-110.944877,32.232042],[-110.944904,32.232046],[-110.944934,32.232048],[-110.948024,32.23203]]]}},{"type":"Feature","properties":{"kind":"vegetation","name":null,"osm":"way/32929913"},"geometry":{"type":"Polygon","coordinates":[[[-110.953088,32.225629],[-110.95308,32.225206],[-110.953079,32.225157],[-110.952435,32.225157],[-110.952444,32.225636],[-110.952475,32.225636],[-110.953088,32.225629]]]}},{"type":"Feature","properties":{"kind":"vegetation","name":"Highland Quad","osm":"way/32930202"},"geometry":{"type":"Polygon","coordinates":[[[-110.952118,32.229223],[-110.952134,32.229197],[-110.952178,32.229129],[-110.952221,32.229041],[-110.952229,32.228962],[-110.952247,32.228904],[-110.952212,32.228795],[-110.952195,32.228722],[-110.952144,32.228686],[-110.952058,32.228657],[-110.952006,32.2287],[-110.95192,32.228802],[-110.951869,32.228896],[-110.951852,32.228962],[-110.951817,32.229041],[-110.951835,32.229129],[-110.951878,32.229179],[-110.951903,32.22923],[-110.95192,32.229274],[-110.951972,32.229303],[-110.952041,32.229296],[-110.952092,32.229267],[-110.952118,32.229223]]]}},{"type":"Feature","properties":{"kind":"vegetation","name":null,"osm":"way/33077143"},"geometry":{"type":"Polygon","coordinates":[[[-110.945247,32.233716],[-110.94417,32.233717],[-110.944164,32.233058],[-110.945248,32.233052],[-110.945247,32.233716]]]}},{"type":"Feature","properties":{"kind":"vegetation","name":null,"osm":"way/33077148"},"geometry":{"type":"Polygon","coordinates":[[[-110.945195,32.23295],[-110.945193,32.232621],[-110.944214,32.232625],[-110.944162,32.232625],[-110.944164,32.232955],[-110.945195,32.23295]]]}},{"type":"Feature","properties":{"kind":"vegetation","name":null,"osm":"way/34124418"},"geometry":{"type":"Polygon","coordinates":[[[-110.944727,32.232072],[-110.944274,32.232075],[-110.944244,32.232079],[-110.944215,32.232086],[-110.944195,32.232092],[-110.944176,32.2321],[-110.944159,32.23209],[-110.944133,32.232054],[-110.944134,32.231895],[-110.944138,32.231885],[-110.944146,32.231876],[-110.944157,32.231866],[-110.944167,32.23186],[-110.944179,32.231855],[-110.944199,32.231853],[-110.944199,32.231836],[-110.944227,32.231836],[-110.944265,32.231838],[-110.944296,32.231843],[-110.944322,32.231851],[-110.944353,32.231861],[-110.944735,32.232045],[-110.944727,32.232072]]]}},{"type":"Feature","properties":{"kind":"vegetation","name":null,"osm":"way/34552674"},"geometry":{"type":"Polygon","coordinates":[[[-110.956692,32.230294],[-110.956669,32.230317],[-110.956646,32.230324],[-110.956602,32.230331],[-110.956571,32.230339],[-110.956545,32.230351],[-110.956509,32.230377],[-110.956449,32.230435],[-110.956393,32.230476],[-110.956337,32.230517],[-110.956292,32.230464],[-110.95632,32.230446],[-110.956302,32.230428],[-110.956341,32.230399],[-110.956371,32.230375],[-110.956404,32.23033],[-110.956433,32.230282],[-110.956449,32.230227],[-110.956455,32.230166],[-110.956456,32.230124],[-110.956692,32.230124],[-110.956692,32.230294]]]}},{"type":"Feature","properties":{"kind":"vegetation","name":null,"osm":"way/34616825"},"geometry":{"type":"Polygon","coordinates":[[[-110.974099,32.222617],[-110.974183,32.222603],[-110.974193,32.222641],[-110.974234,32.222634],[-110.974265,32.222628],[-110.974272,32.222656],[-110.974267,32.222657],[-110.974274,32.222683],[-110.974279,32.222682],[-110.974283,32.222698],[-110.97429,32.222726],[-110.9743,32.222724],[-110.974296,32.222707],[-110.974307,32.222705],[-110.974315,32.222738],[-110.974265,32.222747],[-110.974136,32.222769],[-110.974123,32.222717],[-110.974138,32.222715],[-110.974125,32.222663],[-110.97411,32.222665],[-110.974099,32.222617]]]}},{"type":"Feature","properties":{"kind":"vegetation","name":"El Presidio Plaza","osm":"way/34617070"},"geometry":{"type":"Polygon","coordinates":[[[-110.974443,32.222864],[-110.97434,32.222878],[-110.974264,32.222384],[-110.973199,32.222588],[-110.973508,32.223488],[-110.974401,32.223197],[-110.974384,32.223139],[-110.974482,32.223109],[-110.974443,32.222864]]]}},{"type":"Feature","properties":{"kind":"vegetation","name":null,"osm":"way/34619698"},"geometry":{"type":"Polygon","coordinates":[[[-110.951416,32.227676],[-110.951415,32.227529],[-110.951435,32.227529],[-110.951435,32.227596],[-110.952025,32.227593],[-110.952025,32.227657],[-110.952011,32.227657],[-110.952011,32.227674],[-110.951416,32.227676]]]}},{"type":"Feature","properties":{"kind":"vegetation","name":null,"osm":"way/34627149"},"geometry":{"type":"Polygon","coordinates":[[[-110.962391,32.22698],[-110.962434,32.22698],[-110.962431,32.226713],[-110.96242,32.226705],[-110.962407,32.226688],[-110.962397,32.226664],[-110.962399,32.226411],[-110.962398,32.226383],[-110.962391,32.226369],[-110.962383,32.226358],[-110.962363,32.226344],[-110.96234,32.226337],[-110.962202,32.226338],[-110.962166,32.226349],[-110.962131,32.226362],[-110.962105,32.226378],[-110.962098,32.226386],[-110.962087,32.226402],[-110.962086,32.226417],[-110.962082,32.226429],[-110.962072,32.226442],[-110.962068,32.226468],[-110.962071,32.226806],[-110.962104,32.226807],[-110.962107,32.227017],[-110.962137,32.227017],[-110.962137,32.227052],[-110.962236,32.227052],[-110.962238,32.227033],[-110.962249,32.227017],[-110.962262,32.227004],[-110.962277,32.226997],[-110.962296,32.226993],[-110.96232,32.226997],[-110.962337,32.227006],[-110.962348,32.227017],[-110.962352,32.227032],[-110.962413,32.227016],[-110.962391,32.22698]]]}},{"type":"Feature","properties":{"kind":"vegetation","name":"Plaza de la Mesilla","osm":"way/34689265"},"geometry":{"type":"Polygon","coordinates":[[[-110.973523,32.220797],[-110.97309,32.220826],[-110.972998,32.221071],[-110.973349,32.221187],[-110.973668,32.221269],[-110.973719,32.221132],[-110.97359,32.221083],[-110.973568,32.221092],[-110.973564,32.221064],[-110.973528,32.221051],[-110.973499,32.22096],[-110.97353,32.22092],[-110.973523,32.220797]]]}},{"type":"Feature","properties":{"kind":"vegetation","name":null,"osm":"way/34689378"},"geometry":{"type":"Polygon","coordinates":[[[-110.973096,32.219409],[-110.972905,32.219421],[-110.972852,32.219135],[-110.972845,32.219121],[-110.972836,32.219108],[-110.972828,32.219102],[-110.972819,32.219096],[-110.9728,32.219089],[-110.972782,32.219086],[-110.972764,32.219089],[-110.972743,32.219096],[-110.972726,32.219107],[-110.972716,32.219118],[-110.97271,32.219133],[-110.972709,32.219146],[-110.972709,32.219159],[-110.972806,32.219954],[-110.972901,32.219945],[-110.972921,32.219938],[-110.972937,32.219929],[-110.97295,32.219915],[-110.972958,32.219901],[-110.97296,32.219882],[-110.972952,32.219821],[-110.972948,32.219806],[-110.972939,32.219791],[-110.97293,32.219782],[-110.972922,32.219775],[-110.972909,32.219767],[-110.972894,32.219763],[-110.972877,32.219761],[-110.972848,32.219762],[-110.972837,32.219652],[-110.972831,32.219625],[-110.972844,32.219585],[-110.973017,32.219571],[-110.973025,32.219569],[-110.973032,32.219564],[-110.973096,32.219409]]]}},{"type":"Feature","properties":{"kind":"vegetation","name":"Armory Park","osm":"way/34690681"},"geometry":{"type":"Polygon","coordinates":[[[-110.96845,32.219761],[-110.967624,32.219756],[-110.967446,32.219755],[-110.967162,32.219753],[-110.967173,32.219384],[-110.967194,32.218707],[-110.967594,32.218708],[-110.96845,32.218708],[-110.96845,32.219761]]]}},{"type":"Feature","properties":{"kind":"vegetation","name":null,"osm":"way/34817219"},"geometry":{"type":"Polygon","coordinates":[[[-110.957093,32.23073],[-110.956988,32.230731],[-110.957021,32.230746],[-110.956989,32.230762],[-110.956989,32.230812],[-110.957093,32.230811],[-110.957093,32.23073]]]}},{"type":"Feature","properties":{"kind":"vegetation","name":"Geronimo Center","osm":"way/34817334"},"geometry":{"type":"Polygon","coordinates":[[[-110.958963,32.231578],[-110.958774,32.231577],[-110.958776,32.23126],[-110.958966,32.231261],[-110.958963,32.231578]]]}},{"type":"Feature","properties":{"kind":"vegetation","name":"Iron Horse Park","osm":"way/34993800"},"geometry":{"type":"Polygon","coordinates":[[[-110.965217,32.223022],[-110.96507,32.222895],[-110.964987,32.222837],[-110.964909,32.222795],[-110.964765,32.222733],[-110.964492,32.222656],[-110.964197,32.22257],[-110.963756,32.222446],[-110.961035,32.222475],[-110.961044,32.221916],[-110.960984,32.22185],[-110.960881,32.221828],[-110.960632,32.221828],[-110.959615,32.221819],[-110.959621,32.221692],[-110.959669,32.221576],[-110.959922,32.221595],[-110.960319,32.221592],[-110.960689,32.221597],[-110.960852,32.221581],[-110.961134,32.221531],[-110.961173,32.22152],[-110.961336,32.221473],[-110.961464,32.221422],[-110.961722,32.221298],[-110.961762,32.221276],[-110.962106,32.221046],[-110.962201,32.221104],[-110.962358,32.221201],[-110.962541,32.221308],[-110.962778,32.221448],[-110.963124,32.221655],[-110.963417,32.221825],[-110.963641,32.221947],[-110.963736,32.222004],[-110.963792,32.222054],[-110.963822,32.222124],[-110.963854,32.222185],[-110.963911,32.22223],[-110.964074,32.222298],[-110.964236,32.222374],[-110.964372,32.222439],[-110.964506,32.222505],[-110.964718,32.222627],[-110.964992,32.222795],[-110.965082,32.222837],[-110.965145,32.22288],[-110.965265,32.222979],[-110.965217,32.223022]]]}},{"type":"Feature","properties":{"kind":"vegetation","name":null,"osm":"way/35022443"},"geometry":{"type":"Polygon","coordinates":[[[-110.97525,32.214523],[-110.974958,32.214472],[-110.974898,32.214458],[-110.97484,32.214377],[-110.974902,32.214087],[-110.975123,32.213863],[-110.975116,32.21384],[-110.975083,32.213827],[-110.975017,32.213828],[-110.974998,32.213574],[-110.975124,32.213455],[-110.975567,32.213426],[-110.975679,32.213499],[-110.975584,32.214],[-110.975541,32.214022],[-110.975395,32.214037],[-110.975318,32.214066],[-110.975275,32.214283],[-110.975271,32.214352],[-110.97525,32.214523]]]}},{"type":"Feature","properties":{"kind":"vegetation","name":"Jardin de Caesar Chavez","osm":"way/35023305"},"geometry":{"type":"Polygon","coordinates":[[[-110.969244,32.21263],[-110.969286,32.212629],[-110.969279,32.212329],[-110.969003,32.21233],[-110.969244,32.21263]]]}},{"type":"Feature","properties":{"kind":"vegetation","name":null,"osm":"way/35089976"},"geometry":{"type":"Polygon","coordinates":[[[-110.957583,32.228954],[-110.957553,32.228935],[-110.957493,32.228938],[-110.957495,32.229097],[-110.957505,32.229109],[-110.957521,32.22912],[-110.957541,32.229131],[-110.957553,32.229138],[-110.957558,32.22915],[-110.957643,32.22915],[-110.957642,32.229078],[-110.957588,32.22908],[-110.957583,32.228954]]]}},{"type":"Feature","properties":{"kind":"vegetation","name":"Estevan Park","osm":"way/36888082"},"geometry":{"type":"Polygon","coordinates":[[[-110.981255,32.235634],[-110.980468,32.23564],[-110.980463,32.235375],[-110.979901,32.235384],[-110.979892,32.234983],[-110.979418,32.234989],[-110.979415,32.234852],[-110.978097,32.234857],[-110.978075,32.233834],[-110.979928,32.233827],[-110.980117,32.233745],[-110.981255,32.235634]]]}},{"type":"Feature","properties":{"kind":"water","name":"Santa Cruz River","osm":"way/38173372"},"geometry":{"type":"Polygon","coordinates":[[[-110.986413,32.094469],[-110.987068,32.095696],[-110.987234,32.096623],[-110.987202,32.097722],[-110.987293,32.098236],[-110.988345,32.09944],[-110.988859,32.100101],[-110.989281,32.100331],[-110.989557,32.100665],[-110.989518,32.10077],[-110.989353,32.10079],[-110.989259,32.100933],[-110.989385,32.101385],[-110.989651,32.101717],[-110.990085,32.102001],[-110.991446,32.102348],[-110.991579,32.102544],[-110.991544,32.102696],[-110.991469,32.102814],[-110.991813,32.103005],[-110.992369,32.103285],[-110.992598,32.103417],[-110.992718,32.103558],[-110.992885,32.103691],[-110.992983,32.103767],[-110.993128,32.103834],[-110.993533,32.103971],[-110.994003,32.104132],[-110.994243,32.104242],[-110.994597,32.104476],[-110.994823,32.104653],[-110.99503,32.104859],[-110.995407,32.10525],[-110.995643,32.105491],[-110.996072,32.106034],[-110.996233,32.106295],[-110.996335,32.106504],[-110.996466,32.106854],[-110.996544,32.107222],[-110.996565,32.107465],[-110.996547,32.10769],[-110.996482,32.108163],[-110.996421,32.108465],[-110.996327,32.108772],[-110.996101,32.109446],[-110.995954,32.109962],[-110.99571,32.110716],[-110.995485,32.111312],[-110.995321,32.11177],[-110.994877,32.113486],[-110.994643,32.114279],[-110.994418,32.11485],[-110.99446,32.115094],[-110.994884,32.115853],[-110.995264,32.117111],[-110.995275,32.117731],[-110.995134,32.118301],[-110.995066,32.118861],[-110.995085,32.119119],[-110.994909,32.119806],[-110.99476,32.120147],[-110.994735,32.120204],[-110.994571,32.120473],[-110.994231,32.120767],[-110.993777,32.12094],[-110.993458,32.121027],[-110.993377,32.121143],[-110.993422,32.121324],[-110.99344,32.121329],[-110.993992,32.121489],[-110.994334,32.121826],[-110.995695,32.122871],[-110.996271,32.123467],[-110.996559,32.123846],[-110.996621,32.124356],[-110.996515,32.124794],[-110.996075,32.125433],[-110.995404,32.125881],[-110.994717,32.126296],[-110.994312,32.126537],[-110.993549,32.126869],[-110.993397,32.127028],[-110.992976,32.127293],[-110.992312,32.1275],[-110.992123,32.127635],[-110.992219,32.128151],[-110.992043,32.128465],[-110.992043,32.128612],[-110.992293,32.129268],[-110.992381,32.129852],[-110.992357,32.130373],[-110.992754,32.130673],[-110.992958,32.130873],[-110.993134,32.131008],[-110.993204,32.131202],[-110.993215,32.131725],[-110.993095,32.131972],[-110.992917,32.132132],[-110.993069,32.133289],[-110.993312,32.135609],[-110.993384,32.136297],[-110.993379,32.136789],[-110.993366,32.137123],[-110.993301,32.137459],[-110.993282,32.137845],[-110.9933,32.138119],[-110.993722,32.140123],[-110.993819,32.140478],[-110.993926,32.140768],[-110.994374,32.14174],[-110.994663,32.14244],[-110.994832,32.143019],[-110.994905,32.143321],[-110.994796,32.144106],[-110.994712,32.144637],[-110.994663,32.145494],[-110.994663,32.146411],[-110.994591,32.147002],[-110.99449,32.147732],[-110.994493,32.148165],[-110.994531,32.148776],[-110.994577,32.149411],[-110.994585,32.14978],[-110.994514,32.150681],[-110.994406,32.151114],[-110.994158,32.151657],[-110.993846,32.152096],[-110.993229,32.152691],[-110.992934,32.153068],[-110.99269,32.153531],[-110.992625,32.153858],[-110.992627,32.154116],[-110.992673,32.154328],[-110.992757,32.154457],[-110.993264,32.155533],[-110.993428,32.15603],[-110.993562,32.156489],[-110.993675,32.156985],[-110.993698,32.157458],[-110.99366,32.157808],[-110.993487,32.158264],[-110.993298,32.158547],[-110.993179,32.158828],[-110.993131,32.159059],[-110.993103,32.159462],[-110.993133,32.159884],[-110.993222,32.160417],[-110.993399,32.160982],[-110.993492,32.161341],[-110.99352,32.161612],[-110.993506,32.16195],[-110.993451,32.162296],[-110.993513,32.162348],[-110.993465,32.162575],[-110.993356,32.16273],[-110.993205,32.163029],[-110.993061,32.163336],[-110.99269,32.164281],[-110.992151,32.165579],[-110.991819,32.166224],[-110.991683,32.166482],[-110.991505,32.167367],[-110.991041,32.167924],[-110.990852,32.168354],[-110.990541,32.169317],[-110.990473,32.169868],[-110.990496,32.170336],[-110.990559,32.170345],[-110.99066,32.170826],[-110.990839,32.171341],[-110.991103,32.171842],[-110.991384,32.172595],[-110.991493,32.172994],[-110.991603,32.173569],[-110.991672,32.174204],[-110.991673,32.174749],[-110.991658,32.175737],[-110.991584,32.176142],[-110.991467,32.176559],[-110.991245,32.177067],[-110.991177,32.177094],[-110.990998,32.177314],[-110.990676,32.177683],[-110.990655,32.177708],[-110.990596,32.177772],[-110.990562,32.177831],[-110.990439,32.178019],[-110.990241,32.178438],[-110.990194,32.178571],[-110.989437,32.179677],[-110.989093,32.180187],[-110.989035,32.180356],[-110.989035,32.18051],[-110.989102,32.18073],[-110.989337,32.18114],[-110.989446,32.181205],[-110.989566,32.181273],[-110.989581,32.181309],[-110.989517,32.181509],[-110.989675,32.182017],[-110.989734,32.1825],[-110.98967,32.183018],[-110.989594,32.183467],[-110.989444,32.184248],[-110.989337,32.18467],[-110.989444,32.185265],[-110.989546,32.186119],[-110.989533,32.186625],[-110.989378,32.186857],[-110.98939,32.187152],[-110.989361,32.187406],[-110.989131,32.188284],[-110.98905,32.188736],[-110.989182,32.189386],[-110.9893,32.189548],[-110.989508,32.189781],[-110.989585,32.189982],[-110.989636,32.190196],[-110.989642,32.190385],[-110.989611,32.190557],[-110.989147,32.192005],[-110.989065,32.192477],[-110.989066,32.193003],[-110.989026,32.193116],[-110.988927,32.193277],[-110.989333,32.195068],[-110.989331,32.195154],[-110.989293,32.195344],[-110.98921,32.195609],[-110.989264,32.195622],[-110.988842,32.197173],[-110.988767,32.1974],[-110.988637,32.197633],[-110.987967,32.198689],[-110.987959,32.198758],[-110.98806,32.199353],[-110.988161,32.199709],[-110.988345,32.199995],[-110.989563,32.202348],[-110.989717,32.202891],[-110.989761,32.203285],[-110.989823,32.203342],[-110.989887,32.203355],[-110.98994,32.203328],[-110.990158,32.203493],[-110.989822,32.203929],[-110.989694,32.204199],[-110.989586,32.204731],[-110.989494,32.205487],[-110.989407,32.205818],[-110.989287,32.206318],[-110.989301,32.206749],[-110.989295,32.206804],[-110.98935,32.206814],[-110.989208,32.207491],[-110.989044,32.20793],[-110.988893,32.20813],[-110.988535,32.208476],[-110.988243,32.208704],[-110.987438,32.209119],[-110.986775,32.209442],[-110.98644,32.209643],[-110.985889,32.21006],[-110.985374,32.210525],[-110.984894,32.211121],[-110.9845,32.211721],[-110.984202,32.212325],[-110.983936,32.212902],[-110.983804,32.213195],[-110.983644,32.213496],[-110.983605,32.213577],[-110.983817,32.213631],[-110.983822,32.213751],[-110.98377,32.213855],[-110.983694,32.21391],[-110.983534,32.213954],[-110.983348,32.214078],[-110.982955,32.214825],[-110.982823,32.215178],[-110.982685,32.215621],[-110.982574,32.2162],[-110.982538,32.217052],[-110.98253,32.217554],[-110.982546,32.217897],[-110.982519,32.218513],[-110.982439,32.218849],[-110.982048,32.220026],[-110.981997,32.220363],[-110.981999,32.220768],[-110.982163,32.221295],[-110.982368,32.221857],[-110.982398,32.222113],[-110.982401,32.222347],[-110.982349,32.222898],[-110.982354,32.223388],[-110.98232,32.224275],[-110.98232,32.224803],[-110.98239,32.225285],[-110.98248,32.225687],[-110.98263,32.226117],[-110.98291,32.226708],[-110.983091,32.227008],[-110.98347,32.227545],[-110.984031,32.228123],[-110.98448,32.228667],[-110.984744,32.229181],[-110.98486,32.229447],[-110.984966,32.229668],[-110.985072,32.229879],[-110.985255,32.230264],[-110.985319,32.230423],[-110.985417,32.23072],[-110.985466,32.230971],[-110.985486,32.231434],[-110.985485,32.231845],[-110.985482,32.232278],[-110.985469,32.232713],[-110.985463,32.232991],[-110.985465,32.23323],[-110.985534,32.233778],[-110.985619,32.234269],[-110.985694,32.234552],[-110.985965,32.235175],[-110.986044,32.23543],[-110.986165,32.235754],[-110.986314,32.236114],[-110.986406,32.236312],[-110.986603,32.236821],[-110.986674,32.236979],[-110.987043,32.237943],[-110.987154,32.238256],[-110.987324,32.238728],[-110.987675,32.239691],[-110.987954,32.240434],[-110.988117,32.240886],[-110.98822,32.241171],[-110.988286,32.241312],[-110.988332,32.241296],[-110.988663,32.241998],[-110.988792,32.242311],[-110.989114,32.242966],[-110.989555,32.243824],[-110.98967,32.244017],[-110.989839,32.244247],[-110.990014,32.244411],[-110.990229,32.244576],[-110.990422,32.244707],[-110.990668,32.244831],[-110.990909,32.244927],[-110.991173,32.245003],[-110.991326,32.245038],[-110.991499,32.245073],[-110.991691,32.245098],[-110.991736,32.245102],[-110.991895,32.245105],[-110.991974,32.24511],[-110.992231,32.245113],[-110.992513,32.245138],[-110.992832,32.245161],[-110.993307,32.245195],[-110.993803,32.245247],[-110.994184,32.245288],[-110.994508,32.245331],[-110.994802,32.245381],[-110.995289,32.245521],[-110.995609,32.245653],[-110.995897,32.245802],[-110.996186,32.245996],[-110.996347,32.246124],[-110.996489,32.246278],[-110.996808,32.246641],[-110.997034,32.246987],[-110.997294,32.247406],[-110.997432,32.247691],[-110.997534,32.247973],[-110.997596,32.248267],[-110.997626,32.248504],[-110.997621,32.248745],[-110.997584,32.249052],[-110.997573,32.249146],[-110.997535,32.249311],[-110.997486,32.249438],[-110.997386,32.249658],[-110.997301,32.249883],[-110.997236,32.250096],[-110.997207,32.250329],[-110.997199,32.250473],[-110.997204,32.250669],[-110.997206,32.250704],[-110.997231,32.250824],[-110.99728,32.250968],[-110.997329,32.25108],[-110.997453,32.251327],[-110.997491,32.251389],[-110.99752,32.251423],[-110.997554,32.251449],[-110.997654,32.251504],[-110.997685,32.251528],[-110.997701,32.251546],[-110.997716,32.251581],[-110.997729,32.251612],[-110.997754,32.25165],[-110.997886,32.251812],[-110.998007,32.251962],[-110.998116,32.252109],[-110.998163,32.252183],[-110.998299,32.252392],[-110.998944,32.253202],[-110.999159,32.253483],[-110.999411,32.253802],[-110.99957,32.253977],[-110.999824,32.254288],[-111.000062,32.254581],[-111.000278,32.25484],[-111.000505,32.255114],[-111.000661,32.255308],[-111.000862,32.25553],[-111.001029,32.255684],[-111.001133,32.255766],[-111.00125,32.255849],[-111.001432,32.255949],[-111.001759,32.256098],[-111.002118,32.256201],[-111.00258,32.256269],[-111.003038,32.256339],[-111.00323,32.256316],[-111.003659,32.256302],[-111.004513,32.256365],[-111.004835,32.256419],[-111.005514,32.256435],[-111.006391,32.256446],[-111.006699,32.25647],[-111.007086,32.256533],[-111.007377,32.256606],[-111.007487,32.256646],[-111.007776,32.25674],[-111.007926,32.25681],[-111.00827,32.256994],[-111.008582,32.257195],[-111.008949,32.257517],[-111.00926,32.257863],[-111.009479,32.258258],[-111.009653,32.25865],[-111.00974,32.258987],[-111.00978,32.259424],[-111.00968,32.261831],[-111.009679,32.262053],[-111.00976,32.262401],[-111.00975,32.262481],[-111.00982,32.262647],[-111.009873,32.262767],[-111.00996,32.262906],[-111.010131,32.26311],[-111.010269,32.263276],[-111.010452,32.263476],[-111.010762,32.263734],[-111.0114,32.264199],[-111.011593,32.264351],[-111.011774,32.264448],[-111.011911,32.264518],[-111.012187,32.264567],[-111.012209,32.2646],[-111.012908,32.26545],[-111.013643,32.266348],[-111.013913,32.266708],[-111.014202,32.267168],[-111.014505,32.267667],[-111.014978,32.268534],[-111.01515,32.268852],[-111.015265,32.2691],[-111.015375,32.269355],[-111.015445,32.269554],[-111.015623,32.270068],[-111.015775,32.270569],[-111.015868,32.270883],[-111.015969,32.271327],[-111.016332,32.272554],[-111.016428,32.272802],[-111.016538,32.273007],[-111.01667,32.273202],[-111.016932,32.273499],[-111.017179,32.273719],[-111.017376,32.273864],[-111.017607,32.273995],[-111.017799,32.274085],[-111.017998,32.274155],[-111.018211,32.274213],[-111.01839,32.274258],[-111.018867,32.274364],[-111.019654,32.274538],[-111.020387,32.274714],[-111.020655,32.274769],[-111.020746,32.274788],[-111.02122,32.274879],[-111.021906,32.275012],[-111.022637,32.275169],[-111.023468,32.275357],[-111.02449,32.275595],[-111.02491,32.275712],[-111.025122,32.275788],[-111.025398,32.275891],[-111.025704,32.27602],[-111.026172,32.276264],[-111.026518,32.276469],[-111.026801,32.276651],[-111.02705,32.276833],[-111.027215,32.276965],[-111.027353,32.277092],[-111.027639,32.277357],[-111.027845,32.277576],[-111.028063,32.277817],[-111.028379,32.278212],[-111.028625,32.278575],[-111.028842,32.279016],[-111.028999,32.279412],[-111.029071,32.279643],[-111.029141,32.27988],[-111.029297,32.280592],[-111.029398,32.280994],[-111.029439,32.281109],[-111.029541,32.281399],[-111.029845,32.282213],[-111.02994,32.282482],[-111.030032,32.282896],[-111.030114,32.283893],[-111.030141,32.284022],[-111.030196,32.284185],[-111.02929,32.284266],[-111.029055,32.284307],[-111.028986,32.284013],[-111.028923,32.28335],[-111.028827,32.282567],[-111.028743,32.282221],[-111.028569,32.28167],[-111.028453,32.281311],[-111.028329,32.280874],[-111.028175,32.280217],[-111.02808,32.279763],[-111.027973,32.279467],[-111.02795,32.279416],[-111.027659,32.278844],[-111.027164,32.278154],[-111.026748,32.277711],[-111.026279,32.277316],[-111.025636,32.276915],[-111.025154,32.276671],[-111.024486,32.276426],[-111.023697,32.2762],[-111.021046,32.275617],[-111.018183,32.274971],[-111.017949,32.274905],[-111.01756,32.274763],[-111.017215,32.274594],[-111.016946,32.274438],[-111.016717,32.274286],[-111.016564,32.274164],[-111.016435,32.274061],[-111.016203,32.273839],[-111.016006,32.273622],[-111.015856,32.273413],[-111.015656,32.2731],[-111.015525,32.272822],[-111.015419,32.272535],[-111.015214,32.271849],[-111.014999,32.271104],[-111.014877,32.270673],[-111.014884,32.270523],[-111.014897,32.270438],[-111.014906,32.270392],[-111.014813,32.270226],[-111.014601,32.269671],[-111.014517,32.269433],[-111.014408,32.269224],[-111.01389,32.268335],[-111.013467,32.267587],[-111.013341,32.267386],[-111.013033,32.266947],[-111.012532,32.266305],[-111.012417,32.26619],[-111.012301,32.266067],[-111.01194,32.2657],[-111.011724,32.265501],[-111.011055,32.26494],[-111.010333,32.264395],[-111.009671,32.263818],[-111.009451,32.263591],[-111.009295,32.263378],[-111.009126,32.263105],[-111.009021,32.262894],[-111.00892,32.262629],[-111.008864,32.262422],[-111.008792,32.261945],[-111.008796,32.261534],[-111.008836,32.260596],[-111.008856,32.259766],[-111.008858,32.259209],[-111.008837,32.259002],[-111.008796,32.258835],[-111.008748,32.258706],[-111.008534,32.258322],[-111.008281,32.257998],[-111.008086,32.257821],[-111.00778,32.257607],[-111.007477,32.257421],[-111.007109,32.257299],[-111.006887,32.257233],[-111.006562,32.257174],[-111.00622,32.257199],[-111.005556,32.257197],[-111.004776,32.257173],[-111.002435,32.257021],[-111.002041,32.256965],[-111.001753,32.256904],[-111.001486,32.256825],[-111.001184,32.256706],[-111.000834,32.256516],[-111.000555,32.256342],[-111.00038,32.256186],[-111.000237,32.256068],[-111.000003,32.255835],[-110.999869,32.25567],[-110.999681,32.25544],[-110.999541,32.25529],[-110.99935,32.255056],[-110.999108,32.25474],[-110.999041,32.254641],[-110.998956,32.254506],[-110.998847,32.254344],[-110.998625,32.254028],[-110.998281,32.25359],[-110.997966,32.253195],[-110.997555,32.252669],[-110.997063,32.252024],[-110.996936,32.251844],[-110.996802,32.251622],[-110.996756,32.251518],[-110.996713,32.251379],[-110.996696,32.251265],[-110.99667,32.251058],[-110.996649,32.250813],[-110.996652,32.250656],[-110.996675,32.250455],[-110.996639,32.250287],[-110.996633,32.249878],[-110.99664,32.249633],[-110.996648,32.249554],[-110.996672,32.249456],[-110.996746,32.249223],[-110.996815,32.248943],[-110.99684,32.248684],[-110.996825,32.248416],[-110.996783,32.248181],[-110.996707,32.248],[-110.996368,32.247454],[-110.996171,32.247138],[-110.996211,32.247117],[-110.996014,32.246858],[-110.995729,32.24658],[-110.995205,32.246201],[-110.99506,32.246109],[-110.994732,32.246051],[-110.994319,32.245982],[-110.992992,32.24586],[-110.992019,32.245771],[-110.991273,32.245702],[-110.99088,32.245618],[-110.990444,32.245484],[-110.98997,32.245303],[-110.98972,32.24515],[-110.989496,32.244984],[-110.989209,32.244717],[-110.989244,32.244689],[-110.989063,32.244474],[-110.988853,32.244139],[-110.988674,32.243796],[-110.988539,32.243736],[-110.988443,32.243704],[-110.988309,32.2437],[-110.988237,32.243695],[-110.98821,32.24365],[-110.988244,32.243619],[-110.98856,32.243593],[-110.988522,32.2435],[-110.98841,32.243265],[-110.988,32.242454],[-110.987837,32.242146],[-110.987601,32.241664],[-110.987421,32.241262],[-110.987333,32.241013],[-110.987234,32.240709],[-110.98709,32.240315],[-110.986855,32.239656],[-110.986592,32.238922],[-110.986461,32.238678],[-110.986197,32.237974],[-110.98624,32.237963],[-110.986068,32.237443],[-110.98582,32.237315],[-110.985763,32.237304],[-110.985702,32.237317],[-110.985641,32.237347],[-110.985319,32.23781],[-110.985242,32.237789],[-110.985204,32.237671],[-110.985157,32.237531],[-110.985462,32.237246],[-110.985569,32.237184],[-110.985684,32.23715],[-110.985915,32.237121],[-110.985901,32.237078],[-110.985943,32.237072],[-110.985886,32.236888],[-110.985771,32.236566],[-110.985741,32.236449],[-110.985661,32.236245],[-110.985547,32.235818],[-110.98537,32.235301],[-110.985185,32.234788],[-110.985126,32.234593],[-110.985045,32.23418],[-110.984911,32.233409],[-110.984887,32.233105],[-110.98486,32.232715],[-110.984863,32.232406],[-110.984855,32.231971],[-110.98489,32.23171],[-110.984925,32.23149],[-110.984933,32.231276],[-110.984935,32.231102],[-110.984829,32.230555],[-110.984783,32.230382],[-110.984753,32.230275],[-110.984669,32.230044],[-110.984588,32.229822],[-110.984517,32.229657],[-110.984141,32.229179],[-110.983612,32.228485],[-110.982992,32.227826],[-110.982713,32.227473],[-110.982658,32.227368],[-110.982413,32.226985],[-110.982061,32.22634],[-110.981855,32.225662],[-110.981741,32.225091],[-110.981709,32.224631],[-110.981725,32.223969],[-110.981697,32.223886],[-110.981725,32.223224],[-110.9818,32.222208],[-110.981778,32.221851],[-110.981689,32.22153],[-110.981407,32.22087],[-110.981397,32.220752],[-110.981378,32.220537],[-110.981434,32.219987],[-110.981728,32.219153],[-110.981908,32.218176],[-110.981917,32.217863],[-110.981942,32.217275],[-110.981952,32.216725],[-110.982015,32.216039],[-110.982024,32.21592],[-110.982175,32.215363],[-110.982158,32.215291],[-110.982224,32.215107],[-110.98242,32.214542],[-110.982729,32.213944],[-110.982569,32.21384],[-110.982675,32.21366],[-110.98273,32.21355],[-110.982936,32.213446],[-110.983014,32.213475],[-110.983108,32.213264],[-110.983183,32.213101],[-110.983259,32.212934],[-110.983471,32.212383],[-110.983526,32.212245],[-110.983696,32.211951],[-110.98405,32.211294],[-110.98412,32.211165],[-110.984265,32.210961],[-110.984414,32.210722],[-110.98449,32.210613],[-110.98471,32.210361],[-110.984981,32.210096],[-110.985145,32.209942],[-110.985415,32.209716],[-110.985793,32.209425],[-110.986049,32.209236],[-110.986258,32.209111],[-110.986647,32.208899],[-110.987068,32.208696],[-110.987269,32.208605],[-110.987433,32.208519],[-110.987627,32.208399],[-110.987871,32.208231],[-110.988178,32.207974],[-110.988304,32.207842],[-110.988404,32.207727],[-110.988457,32.207641],[-110.988483,32.207583],[-110.988501,32.207524],[-110.988516,32.207435],[-110.988558,32.207033],[-110.988573,32.206956],[-110.988588,32.206901],[-110.988657,32.206595],[-110.988681,32.206478],[-110.988716,32.206303],[-110.988737,32.206137],[-110.988741,32.205787],[-110.988755,32.205605],[-110.988822,32.205056],[-110.988943,32.204233],[-110.989051,32.203511],[-110.989051,32.203305],[-110.989036,32.203054],[-110.988966,32.202733],[-110.988839,32.202355],[-110.988689,32.202079],[-110.988564,32.201931],[-110.988176,32.201206],[-110.988225,32.201183],[-110.987675,32.200169],[-110.987651,32.200125],[-110.987588,32.199973],[-110.987386,32.199287],[-110.987307,32.199104],[-110.987246,32.19892],[-110.987201,32.198742],[-110.987139,32.198383],[-110.987081,32.198357],[-110.987001,32.19825],[-110.986909,32.198252],[-110.986815,32.19824],[-110.986737,32.198205],[-110.986637,32.198117],[-110.986616,32.198097],[-110.986555,32.198082],[-110.986435,32.198076],[-110.986434,32.198012],[-110.986433,32.197958],[-110.986593,32.197952],[-110.986647,32.197921],[-110.986706,32.197866],[-110.986759,32.197843],[-110.986908,32.197846],[-110.98701,32.197866],[-110.987048,32.197905],[-110.987107,32.197902],[-110.9871,32.197809],[-110.987072,32.197766],[-110.986961,32.196535],[-110.986948,32.196379],[-110.986984,32.196373],[-110.986939,32.196041],[-110.986935,32.195817],[-110.986951,32.195642],[-110.986982,32.195366],[-110.987089,32.194926],[-110.987217,32.194587],[-110.987293,32.194308],[-110.987311,32.194088],[-110.987308,32.193867],[-110.987266,32.193668],[-110.987125,32.193239],[-110.987102,32.193083],[-110.987084,32.192852],[-110.987305,32.191346],[-110.987311,32.191193],[-110.98725,32.191036],[-110.986855,32.189749],[-110.987026,32.189186],[-110.987073,32.188465],[-110.987181,32.187694],[-110.98739,32.186639],[-110.987647,32.185378],[-110.98775,32.184728],[-110.987771,32.184437],[-110.987678,32.183837],[-110.987564,32.182929],[-110.987616,32.182373],[-110.987661,32.181599],[-110.987887,32.180848],[-110.987967,32.180329],[-110.988116,32.179898],[-110.988294,32.179421],[-110.988545,32.17914],[-110.988633,32.179028],[-110.988766,32.178939],[-110.988835,32.178775],[-110.988787,32.178601],[-110.988547,32.178451],[-110.9885,32.17832],[-110.988547,32.178276],[-110.98857,32.178242],[-110.988688,32.178241],[-110.988827,32.178302],[-110.989097,32.178301],[-110.989322,32.178203],[-110.989415,32.178089],[-110.989767,32.178066],[-110.989858,32.178019],[-110.990045,32.177766],[-110.990082,32.177678],[-110.990137,32.177591],[-110.990597,32.176822],[-110.990785,32.176433],[-110.990885,32.176219],[-110.990933,32.175976],[-110.990973,32.175835],[-110.990988,32.175553],[-110.990998,32.174829],[-110.990958,32.174278],[-110.990735,32.173133],[-110.990427,32.172275],[-110.990011,32.171465],[-110.98987,32.171124],[-110.989761,32.170763],[-110.989674,32.170318],[-110.989667,32.169961],[-110.989702,32.169553],[-110.989959,32.16853],[-110.990106,32.16806],[-110.990532,32.166908],[-110.991246,32.165313],[-110.991283,32.165336],[-110.9917,32.164497],[-110.991682,32.164366],[-110.991936,32.16396],[-110.992129,32.163525],[-110.992251,32.163286],[-110.992477,32.162551],[-110.992476,32.162372],[-110.992536,32.162148],[-110.992528,32.16174],[-110.992471,32.161389],[-110.992145,32.160321],[-110.992084,32.160024],[-110.992067,32.159594],[-110.992062,32.159559],[-110.992044,32.15937],[-110.992058,32.159202],[-110.992096,32.158763],[-110.992402,32.158064],[-110.992524,32.157542],[-110.992539,32.15699],[-110.992395,32.156334],[-110.99217,32.155939],[-110.991778,32.15544],[-110.991572,32.155038],[-110.991384,32.154499],[-110.991317,32.154],[-110.99132,32.153715],[-110.991384,32.15333],[-110.991485,32.152994],[-110.991701,32.152556],[-110.991764,32.152369],[-110.991985,32.152084],[-110.992039,32.152119],[-110.992578,32.151566],[-110.992821,32.151239],[-110.992978,32.15097],[-110.993107,32.150653],[-110.993192,32.150137],[-110.993199,32.149546],[-110.993129,32.148928],[-110.993199,32.148638],[-110.993162,32.148252],[-110.993022,32.147652],[-110.99284,32.146753],[-110.992727,32.146385],[-110.992684,32.146155],[-110.992684,32.145994],[-110.992711,32.145826],[-110.992769,32.145578],[-110.992777,32.145509],[-110.992767,32.145433],[-110.992575,32.144975],[-110.992521,32.144827],[-110.992515,32.144601],[-110.992588,32.144214],[-110.992631,32.143978],[-110.992636,32.143671],[-110.992624,32.143442],[-110.992684,32.143152],[-110.992746,32.142987],[-110.992889,32.142838],[-110.993155,32.142669],[-110.99342,32.142525],[-110.993701,32.14232],[-110.993781,32.142208],[-110.993819,32.142042],[-110.993807,32.1418],[-110.993613,32.141402],[-110.993237,32.140389],[-110.993038,32.139644],[-110.992808,32.138627],[-110.992706,32.137945],[-110.992656,32.137202],[-110.992589,32.137022],[-110.992502,32.136178],[-110.992403,32.13535],[-110.992259,32.134251],[-110.992269,32.134004],[-110.992221,32.133548],[-110.992141,32.133243],[-110.992032,32.132362],[-110.991992,32.131558],[-110.991917,32.131132],[-110.991874,32.130918],[-110.991788,32.130655],[-110.991617,32.130323],[-110.991424,32.130076],[-110.991027,32.129532],[-110.990758,32.129065],[-110.99064,32.128769],[-110.990603,32.12841],[-110.99063,32.128167],[-110.990689,32.127988],[-110.990815,32.127722],[-110.991142,32.12737],[-110.991143,32.127127],[-110.991359,32.126961],[-110.991648,32.126803],[-110.991834,32.126759],[-110.992431,32.12648],[-110.993247,32.125907],[-110.993805,32.125383],[-110.994066,32.124953],[-110.994157,32.124573],[-110.994152,32.124302],[-110.994063,32.124015],[-110.993438,32.123078],[-110.992913,32.12249],[-110.992577,32.122245],[-110.991866,32.12188],[-110.991156,32.121515],[-110.991244,32.121159],[-110.991054,32.120793],[-110.991033,32.120598],[-110.990741,32.119799],[-110.990817,32.119599],[-110.990742,32.118709],[-110.99083,32.1178],[-110.991122,32.116744],[-110.991899,32.115563],[-110.992504,32.114381],[-110.992534,32.114197],[-110.992461,32.114031],[-110.992206,32.113926],[-110.991922,32.113585],[-110.991885,32.113078],[-110.992102,32.112576],[-110.992325,32.111532],[-110.992625,32.110832],[-110.993548,32.109887],[-110.993714,32.109287],[-110.9938,32.10851],[-110.994025,32.107488],[-110.993907,32.106775],[-110.99383,32.106397],[-110.993856,32.106238],[-110.994248,32.105854],[-110.99413,32.105695],[-110.993612,32.105993],[-110.993441,32.105804],[-110.993459,32.10527],[-110.993376,32.104875],[-110.993257,32.10481],[-110.993105,32.104763],[-110.992581,32.104658],[-110.992408,32.104652],[-110.992077,32.104682],[-110.991975,32.104676],[-110.991831,32.10465],[-110.9903,32.104248],[-110.989071,32.104082],[-110.988232,32.103957],[-110.987239,32.103784],[-110.986617,32.103448],[-110.98555,32.102694],[-110.985351,32.102471],[-110.984884,32.102212],[-110.984074,32.101417],[-110.983651,32.101349],[-110.983581,32.100267],[-110.983779,32.100126],[-110.983694,32.099581],[-110.984015,32.099458],[-110.984026,32.099008],[-110.984175,32.098001],[-110.984155,32.097386],[-110.984356,32.09677],[-110.984461,32.096009],[-110.984783,32.094905],[-110.98512,32.093287],[-110.985142,32.092942],[-110.985126,32.09266],[-110.985078,32.092437],[-110.984804,32.091905],[-110.98463,32.091515],[-110.984555,32.091292],[-110.984021,32.091115],[-110.983833,32.090765],[-110.983828,32.090437],[-110.98364,32.090069],[-110.983082,32.089188],[-110.982808,32.088588],[-110.98225,32.088465],[-110.982186,32.08796],[-110.982267,32.087615],[-110.982213,32.08677],[-110.981913,32.086061],[-110.981693,32.085052],[-110.981365,32.085034],[-110.981612,32.084847],[-110.981406,32.084606],[-110.981019,32.084136],[-110.980775,32.083802],[-110.979992,32.083256],[-110.979617,32.082961],[-110.979225,32.082611],[-110.978833,32.08222],[-110.978549,32.081856],[-110.978318,32.081343],[-110.978152,32.080754],[-110.978115,32.080347],[-110.978141,32.080127],[-110.978056,32.079997],[-110.977433,32.079398],[-110.97643,32.077973],[-110.976095,32.077579],[-110.975625,32.077179],[-110.975185,32.076505],[-110.97481,32.076343],[-110.974413,32.076268],[-110.974317,32.076157],[-110.974274,32.076088],[-110.974054,32.076138],[-110.973877,32.076084],[-110.973662,32.076022],[-110.973515,32.075954],[-110.973627,32.075886],[-110.97367,32.075818],[-110.973531,32.075675],[-110.973434,32.075459],[-110.973182,32.075257],[-110.972793,32.07487],[-110.972696,32.074443],[-110.972391,32.074029],[-110.972101,32.073466],[-110.971988,32.073025],[-110.971935,32.072588],[-110.972055,32.07163],[-110.972386,32.070354],[-110.973011,32.070845],[-110.973104,32.071029],[-110.973429,32.071288],[-110.973501,32.071679],[-110.973826,32.072197],[-110.974204,32.07267],[-110.975006,32.073193],[-110.975432,32.073816],[-110.976017,32.074293],[-110.976387,32.074711],[-110.97658,32.074988],[-110.976977,32.075009],[-110.977189,32.075036],[-110.977433,32.075093],[-110.977484,32.075007],[-110.977637,32.075093],[-110.977728,32.075322],[-110.977983,32.075466],[-110.978133,32.075597],[-110.978469,32.075809],[-110.978608,32.075993],[-110.978823,32.076254],[-110.978973,32.076625],[-110.978922,32.077436],[-110.978876,32.078275],[-110.979177,32.079202],[-110.979627,32.080079],[-110.980711,32.080879],[-110.980765,32.081188],[-110.981038,32.081466],[-110.981462,32.081684],[-110.9821,32.082166],[-110.98224,32.08282],[-110.982647,32.083297],[-110.983291,32.083584],[-110.983707,32.083902],[-110.984115,32.08439],[-110.984268,32.084879],[-110.984064,32.085324],[-110.98372,32.085415],[-110.98416,32.086724],[-110.984117,32.086942],[-110.984419,32.087503],[-110.984487,32.08777],[-110.984466,32.088024],[-110.984986,32.089669],[-110.985475,32.090478],[-110.985614,32.091056],[-110.985652,32.091542],[-110.985941,32.092201],[-110.986086,32.092728],[-110.986314,32.093585],[-110.986381,32.094128],[-110.986413,32.094469]]]}},{"type":"Feature","properties":{"kind":"vegetation","name":"The Main Mall","osm":"way/50619003"},"geometry":{"type":"Polygon","coordinates":[[[-110.95229,32.232033],[-110.952273,32.232033],[-110.951158,32.232036],[-110.950794,32.232037],[-110.950642,32.232037],[-110.950619,32.232037],[-110.950611,32.232037],[-110.949683,32.232039],[-110.949047,32.232041],[-110.948984,32.232041],[-110.948758,32.232041],[-110.948755,32.232041],[-110.948352,32.232042],[-110.948329,32.232017],[-110.948327,32.231777],[-110.948351,32.23175],[-110.948751,32.23175],[-110.948754,32.23175],[-110.948981,32.23175],[-110.949046,32.23175],[-110.95134,32.231755],[-110.951354,32.231755],[-110.951565,32.231755],[-110.951582,32.231755],[-110.951825,32.231755],[-110.951841,32.231755],[-110.952273,32.231756],[-110.952282,32.231756],[-110.952273,32.231772],[-110.952257,32.231797],[-110.952245,32.231825],[-110.952237,32.231854],[-110.952236,32.231872],[-110.952236,32.231875],[-110.95223,32.231879],[-110.952226,32.231885],[-110.952224,32.231888],[-110.952224,32.23189],[-110.952224,32.231894],[-110.952226,32.231898],[-110.95223,32.231901],[-110.952235,32.231904],[-110.952235,32.231907],[-110.952235,32.23191],[-110.95224,32.231938],[-110.952247,32.231964],[-110.952257,32.231985],[-110.952264,32.231998],[-110.952273,32.232011],[-110.952278,32.232017],[-110.95229,32.232033]]]}},{"type":"Feature","properties":{"kind":"vegetation","name":null,"osm":"way/58693731"},"geometry":{"type":"Polygon","coordinates":[[[-110.954323,32.23172],[-110.95435,32.231739],[-110.954384,32.231776],[-110.954407,32.231817],[-110.954416,32.231857],[-110.954416,32.231892],[-110.954407,32.231928],[-110.954387,32.231968],[-110.954365,32.231995],[-110.954334,32.23202],[-110.954282,32.23205],[-110.954194,32.232093],[-110.954016,32.231944],[-110.954041,32.231924],[-110.954041,32.231824],[-110.954016,32.231806],[-110.954188,32.231653],[-110.954323,32.23172]]]}},{"type":"Feature","properties":{"kind":"vegetation","name":"Bravo Park","osm":"way/117767654"},"geometry":{"type":"Polygon","coordinates":[[[-110.950241,32.168823],[-110.950431,32.168456],[-110.950626,32.168449],[-110.951771,32.16846],[-110.951855,32.168525],[-110.951866,32.170457],[-110.951703,32.170511],[-110.951695,32.170409],[-110.951399,32.170123],[-110.950163,32.168889],[-110.950241,32.168823]]]}},{"type":"Feature","properties":{"kind":"vegetation","name":"Himmel Park","osm":"way/188425421"},"geometry":{"type":"Polygon","coordinates":[[[-110.935139,32.234892],[-110.933646,32.234884],[-110.931218,32.234899],[-110.931213,32.234456],[-110.931211,32.234293],[-110.93119,32.232483],[-110.933934,32.232501],[-110.933937,32.232369],[-110.935239,32.232352],[-110.935266,32.232361],[-110.935222,32.232868],[-110.935224,32.232942],[-110.935229,32.233216],[-110.935243,32.233838],[-110.935254,32.234006],[-110.93523,32.234835],[-110.935139,32.234892]]]}},{"type":"Feature","properties":{"kind":"vegetation","name":"De Anza Park","osm":"way/188426015"},"geometry":{"type":"Polygon","coordinates":[[[-110.97159,32.235748],[-110.971031,32.235759],[-110.970944,32.235769],[-110.970773,32.235789],[-110.970605,32.23581],[-110.970403,32.235809],[-110.970399,32.234345],[-110.971672,32.234356],[-110.971656,32.234791],[-110.971614,32.235063],[-110.971629,32.235702],[-110.97159,32.235748]]]}},{"type":"Feature","properties":{"kind":"vegetation","name":"Catalina Park","osm":"way/232246152"},"geometry":{"type":"Polygon","coordinates":[[[-110.967113,32.233013],[-110.965732,32.233021],[-110.96574,32.234217],[-110.967122,32.23421],[-110.967113,32.233013]]]}},{"type":"Feature","properties":{"kind":"vegetation","name":null,"osm":"way/240742040"},"geometry":{"type":"Polygon","coordinates":[[[-110.942403,32.240151],[-110.942391,32.240193],[-110.942367,32.24022],[-110.942325,32.240252],[-110.942278,32.240271],[-110.941368,32.24027],[-110.941313,32.240255],[-110.941272,32.240226],[-110.941251,32.24018],[-110.941243,32.240156],[-110.941239,32.239883],[-110.941256,32.239858],[-110.94128,32.239827],[-110.941319,32.239793],[-110.942313,32.239782],[-110.942339,32.239802],[-110.942372,32.239832],[-110.9424,32.23988],[-110.942403,32.240151]]]}},{"type":"Feature","properties":{"kind":"vegetation","name":null,"osm":"way/240765492"},"geometry":{"type":"Polygon","coordinates":[[[-110.989243,32.236861],[-110.988889,32.236864],[-110.988884,32.23653],[-110.989238,32.236527],[-110.989243,32.236861]]]}},{"type":"Feature","properties":{"kind":"vegetation","name":null,"osm":"way/240768946"},"geometry":{"type":"Polygon","coordinates":[[[-110.990379,32.237912],[-110.989881,32.237718],[-110.989907,32.237665],[-110.990035,32.237427],[-110.990094,32.237435],[-110.990224,32.237454],[-110.990339,32.237504],[-110.990406,32.23756],[-110.990452,32.237627],[-110.990477,32.237707],[-110.990483,32.237777],[-110.990485,32.23785],[-110.990447,32.237848],[-110.990406,32.237867],[-110.990379,32.237912]]]}},{"type":"Feature","properties":{"kind":"vegetation","name":null,"osm":"way/241205153"},"geometry":{"type":"Polygon","coordinates":[[[-110.979042,32.184895],[-110.977729,32.184891],[-110.977735,32.183533],[-110.977962,32.18353],[-110.977962,32.18347],[-110.978531,32.18347],[-110.978548,32.183514],[-110.978053,32.183677],[-110.978069,32.183711],[-110.978106,32.183784],[-110.978146,32.183856],[-110.978216,32.183927],[-110.978294,32.18399],[-110.978375,32.184037],[-110.978485,32.18408],[-110.97859,32.184101],[-110.978695,32.184113],[-110.978793,32.184107],[-110.978908,32.184087],[-110.978998,32.184054],[-110.979012,32.184019],[-110.978821,32.183546],[-110.979529,32.183318],[-110.979677,32.183372],[-110.979888,32.183893],[-110.979776,32.1839],[-110.979631,32.183923],[-110.979474,32.183968],[-110.979352,32.18403],[-110.979256,32.184103],[-110.979159,32.1842],[-110.979094,32.184307],[-110.979039,32.184412],[-110.979008,32.184539],[-110.979011,32.184682],[-110.979019,32.18481],[-110.979042,32.184895]]]}},{"type":"Feature","properties":{"kind":"vegetation","name":"Felix Lucero Garden of Gethsemane","osm":"way/244109834"},"geometry":{"type":"Polygon","coordinates":[[[-110.982738,32.221133],[-110.982228,32.221157],[-110.98206,32.221165],[-110.982014,32.220765],[-110.982635,32.220712],[-110.982681,32.220714],[-110.982723,32.22073],[-110.982756,32.220757],[-110.982777,32.220791],[-110.982782,32.22083],[-110.982771,32.220868],[-110.98273,32.22101],[-110.982738,32.221133]]]}},{"type":"Feature","properties":{"kind":"vegetation","name":"Silverlake Park","osm":"way/320349644"},"geometry":{"type":"Polygon","coordinates":[[[-110.95215,32.199566],[-110.952149,32.198779],[-110.952106,32.19875],[-110.952078,32.198706],[-110.952074,32.198652],[-110.9521,32.198609],[-110.952175,32.19858],[-110.952225,32.198579],[-110.952214,32.197785],[-110.952114,32.197778],[-110.952054,32.197744],[-110.952035,32.197691],[-110.95203,32.197631],[-110.952061,32.197577],[-110.952126,32.197521],[-110.952113,32.196654],[-110.952011,32.196652],[-110.952011,32.196017],[-110.951811,32.196014],[-110.951793,32.195203],[-110.951939,32.195199],[-110.951927,32.194468],[-110.950935,32.194479],[-110.950919,32.192555],[-110.947588,32.192565],[-110.947482,32.192677],[-110.949157,32.196004],[-110.949161,32.196012],[-110.949382,32.196629],[-110.949635,32.197624],[-110.949646,32.197665],[-110.949722,32.198498],[-110.949743,32.199075],[-110.94976,32.199514],[-110.952079,32.199565],[-110.95215,32.199566]]]}},{"type":"Feature","properties":{"kind":"vegetation","name":"Mirasol Park","osm":"way/320349681"},"geometry":{"type":"Polygon","coordinates":[[[-110.954527,32.200605],[-110.952238,32.200616],[-110.952236,32.19976],[-110.954526,32.199738],[-110.954527,32.200605]]]}},{"type":"Feature","properties":{"kind":"water","name":null,"osm":"way/330930468"},"geometry":{"type":"Polygon","coordinates":[[[-110.942569,32.165314],[-110.942573,32.165788],[-110.942425,32.165787],[-110.942427,32.165608],[-110.942166,32.165441],[-110.942084,32.165442],[-110.942082,32.165316],[-110.942569,32.165314]]]}},{"type":"Feature","properties":{"kind":"water","name":null,"osm":"way/332637483"},"geometry":{"type":"Polygon","coordinates":[[[-110.935368,32.18157],[-110.935208,32.181781],[-110.935078,32.182016],[-110.935017,32.182186],[-110.934913,32.182274],[-110.934718,32.182433],[-110.934575,32.182628],[-110.934522,32.182826],[-110.934466,32.18291],[-110.934396,32.182949],[-110.934386,32.182523],[-110.934423,32.182419],[-110.934529,32.182356],[-110.934645,32.182311],[-110.934754,32.182255],[-110.934809,32.182161],[-110.934812,32.182075],[-110.934807,32.181985],[-110.934747,32.181871],[-110.934689,32.181815],[-110.934604,32.181795],[-110.934541,32.181779],[-110.934529,32.181746],[-110.934539,32.181703],[-110.934664,32.181574],[-110.9348,32.181511],[-110.934909,32.1815],[-110.935061,32.181511],[-110.93516,32.181543],[-110.93524,32.181562],[-110.935368,32.18157]]]}},{"type":"Feature","properties":{"kind":"vegetation","name":null,"osm":"way/334394358"},"geometry":{"type":"Polygon","coordinates":[[[-110.973646,32.237474],[-110.973403,32.237476],[-110.973402,32.237381],[-110.973645,32.237379],[-110.973646,32.237474]]]}},{"type":"Feature","properties":{"kind":"vegetation","name":null,"osm":"way/334394360"},"geometry":{"type":"Polygon","coordinates":[[[-110.973651,32.23763],[-110.973403,32.237631],[-110.973403,32.237506],[-110.973651,32.237505],[-110.973651,32.23763]]]}},{"type":"Feature","properties":{"kind":"vegetation","name":null,"osm":"way/376315828"},"geometry":{"type":"Polygon","coordinates":[[[-110.94516,32.239254],[-110.945064,32.239251],[-110.944584,32.239259],[-110.944449,32.239261],[-110.944456,32.239127],[-110.944592,32.238771],[-110.944642,32.238737],[-110.945166,32.238734],[-110.94516,32.239254]]]}},{"type":"Feature","properties":{"kind":"vegetation","name":null,"osm":"way/391325411"},"geometry":{"type":"Polygon","coordinates":[[[-110.946783,32.238634],[-110.946656,32.238634],[-110.946653,32.238097],[-110.94678,32.238096],[-110.946783,32.238634]]]}},{"type":"Feature","properties":{"kind":"vegetation","name":null,"osm":"way/391325413"},"geometry":{"type":"Polygon","coordinates":[[[-110.946651,32.23799],[-110.946778,32.237989],[-110.946776,32.237708],[-110.946758,32.23771],[-110.94673,32.23771],[-110.946707,32.237707],[-110.946692,32.237702],[-110.946682,32.237695],[-110.946665,32.237678],[-110.946649,32.23769],[-110.946651,32.23799]]]}},{"type":"Feature","properties":{"kind":"vegetation","name":"El Paso and Southwestern Greenway","osm":"way/398118932"},"geometry":{"type":"Polygon","coordinates":[[[-110.977963,32.215093],[-110.978374,32.214984],[-110.978378,32.215105],[-110.977966,32.215213],[-110.977974,32.215513],[-110.97798,32.215777],[-110.978012,32.217094],[-110.978365,32.217],[-110.978345,32.217092],[-110.978099,32.217178],[-110.978016,32.217207],[-110.97778,32.217301],[-110.977764,32.217299],[-110.977747,32.217293],[-110.977623,32.217125],[-110.9778,32.216968],[-110.977811,32.216917],[-110.977799,32.216472],[-110.977776,32.216406],[-110.977666,32.21635],[-110.977665,32.215747],[-110.977656,32.21564],[-110.977691,32.215641],[-110.977708,32.215173],[-110.977963,32.215093]]]}},{"type":"Feature","properties":{"kind":"vegetation","name":"El Paso and Southwestern Greenway","osm":"way/398120175"},"geometry":{"type":"Polygon","coordinates":[[[-110.980791,32.226147],[-110.980911,32.226491],[-110.980422,32.226574],[-110.98041,32.226541],[-110.980402,32.22652],[-110.980589,32.226289],[-110.980289,32.225257],[-110.980312,32.224846],[-110.980207,32.224869],[-110.980158,32.224712],[-110.980385,32.224657],[-110.980791,32.226147]]]}},{"type":"Feature","properties":{"kind":"vegetation","name":null,"osm":"way/435917615"},"geometry":{"type":"Polygon","coordinates":[[[-110.957329,32.21766],[-110.957259,32.217703],[-110.957188,32.217739],[-110.957087,32.217777],[-110.957008,32.2178],[-110.956936,32.217814],[-110.956965,32.217948],[-110.957105,32.217948],[-110.957106,32.218208],[-110.957106,32.21822],[-110.957714,32.218208],[-110.957329,32.21766]]]}},{"type":"Feature","properties":{"kind":"vegetation","name":null,"osm":"way/443862173"},"geometry":{"type":"Polygon","coordinates":[[[-110.970633,32.23467],[-110.970634,32.234686],[-110.970643,32.234697],[-110.970641,32.234715],[-110.970602,32.234747],[-110.970507,32.234665],[-110.97056,32.234619],[-110.970626,32.23462],[-110.970626,32.23466],[-110.970633,32.23467]]]}},{"type":"Feature","properties":{"kind":"vegetation","name":"Jácome Plaza","osm":"way/443867011"},"geometry":{"type":"Polygon","coordinates":[[[-110.972482,32.222811],[-110.972749,32.223823],[-110.972416,32.223941],[-110.972193,32.223271],[-110.972147,32.22333],[-110.972053,32.223343],[-110.971979,32.223443],[-110.97188,32.223466],[-110.971731,32.223671],[-110.971557,32.222926],[-110.972403,32.222759],[-110.972438,32.222767],[-110.972468,32.222786],[-110.972482,32.222811]]]}},{"type":"Feature","properties":{"kind":"vegetation","name":null,"osm":"way/444973343"},"geometry":{"type":"Polygon","coordinates":[[[-110.956953,32.237565],[-110.956887,32.237564],[-110.956883,32.23793],[-110.956957,32.237928],[-110.956953,32.237565]]]}},{"type":"Feature","properties":{"kind":"vegetation","name":null,"osm":"way/447130520"},"geometry":{"type":"Polygon","coordinates":[[[-110.935525,32.174935],[-110.935381,32.174935],[-110.935378,32.174924],[-110.935372,32.174641],[-110.935372,32.17463],[-110.935375,32.174146],[-110.935321,32.174103],[-110.935167,32.174102],[-110.935164,32.174048],[-110.935243,32.174035],[-110.935314,32.174],[-110.935361,32.173964],[-110.935388,32.17391],[-110.935401,32.173852],[-110.935411,32.173776],[-110.93541,32.173678],[-110.935402,32.173539],[-110.935411,32.173463],[-110.935454,32.173418],[-110.935522,32.173374],[-110.935569,32.17336],[-110.935624,32.173358],[-110.93567,32.173365],[-110.935714,32.173377],[-110.935761,32.173413],[-110.9358,32.173457],[-110.935817,32.173502],[-110.935821,32.173553],[-110.935809,32.173598],[-110.935783,32.173646],[-110.935745,32.173677],[-110.93569,32.173704],[-110.935636,32.173726],[-110.935589,32.173754],[-110.93554,32.173796],[-110.935522,32.173833],[-110.93551,32.173882],[-110.935516,32.174001],[-110.935525,32.174935]]]}},{"type":"Feature","properties":{"kind":"vegetation","name":null,"osm":"way/447130526"},"geometry":{"type":"Polygon","coordinates":[[[-110.937544,32.175452],[-110.937466,32.175549],[-110.937361,32.175493],[-110.937342,32.175516],[-110.936888,32.175291],[-110.937022,32.17512],[-110.936967,32.175084],[-110.936831,32.175267],[-110.936721,32.175211],[-110.936869,32.175022],[-110.936825,32.174994],[-110.936889,32.174895],[-110.937516,32.175285],[-110.937497,32.17531],[-110.937603,32.175374],[-110.937544,32.175452]]]}},{"type":"Feature","properties":{"kind":"vegetation","name":null,"osm":"way/447131029"},"geometry":{"type":"Polygon","coordinates":[[[-110.937754,32.175945],[-110.937535,32.175828],[-110.937473,32.175921],[-110.937442,32.175901],[-110.937137,32.176264],[-110.937189,32.176299],[-110.937159,32.176335],[-110.937102,32.1763],[-110.93702,32.176398],[-110.93707,32.176431],[-110.93704,32.176469],[-110.937151,32.176537],[-110.93714,32.176551],[-110.937306,32.176659],[-110.937334,32.176612],[-110.937273,32.176582],[-110.937297,32.176542],[-110.937357,32.176573],[-110.937425,32.176475],[-110.93737,32.176446],[-110.937395,32.176406],[-110.937455,32.176433],[-110.937708,32.176054],[-110.937682,32.176038],[-110.937754,32.175945]]]}},{"type":"Feature","properties":{"kind":"vegetation","name":null,"osm":"way/447131831"},"geometry":{"type":"Polygon","coordinates":[[[-110.935101,32.174649],[-110.935098,32.174936],[-110.935028,32.174937],[-110.93503,32.174818],[-110.9348,32.174818],[-110.934797,32.174649],[-110.935101,32.174649]]]}},{"type":"Feature","properties":{"kind":"vegetation","name":"Francisco Elias Esquer Park","osm":"way/448415159"},"geometry":{"type":"Polygon","coordinates":[[[-110.98218,32.23898],[-110.982189,32.239308],[-110.98182,32.239318],[-110.981854,32.240517],[-110.981853,32.240534],[-110.980869,32.240569],[-110.980873,32.240769],[-110.980864,32.240766],[-110.980022,32.24076],[-110.979944,32.24076],[-110.979944,32.240716],[-110.98002,32.240715],[-110.980014,32.240044],[-110.980092,32.240045],[-110.980346,32.240047],[-110.98057,32.24005],[-110.98057,32.239571],[-110.98061,32.23957],[-110.980618,32.239623],[-110.980634,32.239661],[-110.980667,32.239691],[-110.980715,32.239708],[-110.980754,32.239716],[-110.98079,32.239712],[-110.980832,32.239696],[-110.980865,32.239664],[-110.980885,32.239616],[-110.980885,32.239577],[-110.980872,32.239546],[-110.980848,32.239519],[-110.980817,32.239503],[-110.980775,32.23948],[-110.980742,32.239459],[-110.980724,32.239431],[-110.980718,32.239402],[-110.980711,32.238994],[-110.980754,32.238993],[-110.98218,32.23898]]]}},{"type":"Feature","properties":{"kind":"vegetation","name":"Menlo Park","osm":"way/463126485"},"geometry":{"type":"Polygon","coordinates":[[[-110.992478,32.227703],[-110.992152,32.227832],[-110.992189,32.227672],[-110.992137,32.227505],[-110.990034,32.227515],[-110.989951,32.22675],[-110.98944,32.226791],[-110.989374,32.226796],[-110.989373,32.226789],[-110.989166,32.224972],[-110.989173,32.224978],[-110.990206,32.224888],[-110.990261,32.225416],[-110.990297,32.225759],[-110.990552,32.225735],[-110.99066,32.226711],[-110.990669,32.22671],[-110.991945,32.226615],[-110.992201,32.226464],[-110.992384,32.227011],[-110.99231,32.227026],[-110.992352,32.227117],[-110.992557,32.227531],[-110.992461,32.22754],[-110.992478,32.227703]]]}},{"type":"Feature","properties":{"kind":"vegetation","name":"Bonita Park","osm":"way/463126486"},"geometry":{"type":"Polygon","coordinates":[[[-110.98232,32.222644],[-110.98236,32.22211],[-110.982162,32.221404],[-110.982228,32.221157],[-110.982738,32.221133],[-110.982848,32.222635],[-110.98232,32.222644]]]}},{"type":"Feature","properties":{"kind":"vegetation","name":null,"osm":"way/482699785"},"geometry":{"type":"Polygon","coordinates":[[[-110.957249,32.237799],[-110.957251,32.237738],[-110.957249,32.237732],[-110.957244,32.23773],[-110.957236,32.23773],[-110.957226,32.237732],[-110.957183,32.237768],[-110.957182,32.237773],[-110.957182,32.237778],[-110.957185,32.237783],[-110.957207,32.237804],[-110.957215,32.237807],[-110.957223,32.237807],[-110.957245,32.237807],[-110.957249,32.237805],[-110.957249,32.237799]]]}},{"type":"Feature","properties":{"kind":"vegetation","name":null,"osm":"way/482699787"},"geometry":{"type":"Polygon","coordinates":[[[-110.957239,32.237696],[-110.957239,32.23768],[-110.957245,32.23767],[-110.957248,32.237661],[-110.957248,32.237655],[-110.957244,32.237652],[-110.957234,32.237651],[-110.95719,32.237651],[-110.957183,32.237652],[-110.957178,32.237656],[-110.957175,32.237662],[-110.957178,32.237668],[-110.957183,32.237674],[-110.95722,32.237703],[-110.957228,32.237705],[-110.957235,32.237704],[-110.957238,32.2377],[-110.957239,32.237696]]]}},{"type":"Feature","properties":{"kind":"vegetation","name":"Krutch Garden","osm":"way/491267093"},"geometry":{"type":"Polygon","coordinates":[[[-110.951108,32.232026],[-110.951104,32.23176],[-110.950991,32.23176],[-110.950862,32.231968],[-110.950939,32.231969],[-110.950937,32.232028],[-110.951108,32.232026]]]}},{"type":"Feature","properties":{"kind":"vegetation","name":"Sculpture Garden","osm":"way/491267097"},"geometry":{"type":"Polygon","coordinates":[[[-110.955459,32.235434],[-110.955466,32.235232],[-110.955485,32.235175],[-110.955483,32.235118],[-110.955154,32.235108],[-110.955154,32.235176],[-110.955127,32.235176],[-110.955135,32.235496],[-110.955416,32.235495],[-110.955459,32.235434]]]}},{"type":"Feature","properties":{"kind":"vegetation","name":null,"osm":"way/529277480"},"geometry":{"type":"Polygon","coordinates":[[[-110.979465,32.225845],[-110.979351,32.226012],[-110.979307,32.226029],[-110.979315,32.226003],[-110.979326,32.225976],[-110.979337,32.225955],[-110.979359,32.225919],[-110.97938,32.225888],[-110.97941,32.225857],[-110.979439,32.225831],[-110.979465,32.225845]]]}},{"type":"Feature","properties":{"kind":"vegetation","name":null,"osm":"way/529277483"},"geometry":{"type":"Polygon","coordinates":[[[-110.980062,32.22529],[-110.979982,32.225054],[-110.979447,32.225188],[-110.979588,32.225611],[-110.979643,32.225594],[-110.979683,32.225623],[-110.979711,32.225667],[-110.979722,32.225694],[-110.979722,32.225719],[-110.979707,32.22574],[-110.979694,32.225749],[-110.979671,32.225745],[-110.979651,32.225732],[-110.979613,32.225717],[-110.979567,32.225703],[-110.979521,32.225695],[-110.979507,32.225699],[-110.979527,32.225772],[-110.979685,32.225839],[-110.979901,32.22578],[-110.979744,32.225312],[-110.979955,32.225256],[-110.979976,32.22531],[-110.980062,32.22529]]]}},{"type":"Feature","properties":{"kind":"vegetation","name":null,"osm":"way/529277484"},"geometry":{"type":"Polygon","coordinates":[[[-110.979616,32.225918],[-110.979641,32.225932],[-110.979624,32.225975],[-110.979611,32.226005],[-110.979601,32.226022],[-110.979577,32.226056],[-110.979554,32.226083],[-110.979533,32.226106],[-110.979521,32.226117],[-110.979507,32.226127],[-110.979502,32.226088],[-110.979616,32.225918]]]}},{"type":"Feature","properties":{"kind":"vegetation","name":null,"osm":"way/529277486"},"geometry":{"type":"Polygon","coordinates":[[[-110.979913,32.225804],[-110.979927,32.225848],[-110.979639,32.22623],[-110.979559,32.226248],[-110.97955,32.226224],[-110.979488,32.226236],[-110.979491,32.226175],[-110.979545,32.226137],[-110.979593,32.226084],[-110.979667,32.226122],[-110.979711,32.226114],[-110.979738,32.226063],[-110.979723,32.226026],[-110.979648,32.225991],[-110.979663,32.225965],[-110.979684,32.225903],[-110.979675,32.225893],[-110.979706,32.225853],[-110.979913,32.225804]]]}},{"type":"Feature","properties":{"kind":"vegetation","name":null,"osm":"way/529278203"},"geometry":{"type":"Polygon","coordinates":[[[-110.980297,32.224859],[-110.980166,32.22489],[-110.980284,32.225235],[-110.980305,32.224875],[-110.980297,32.224859]]]}},{"type":"Feature","properties":{"kind":"vegetation","name":null,"osm":"way/529278205"},"geometry":{"type":"Polygon","coordinates":[[[-110.979349,32.226574],[-110.979309,32.226596],[-110.979221,32.226618],[-110.97916,32.226635],[-110.979098,32.226656],[-110.979069,32.226673],[-110.979042,32.226673],[-110.979034,32.226649],[-110.979011,32.226564],[-110.97911,32.22654],[-110.979105,32.226525],[-110.979189,32.226503],[-110.979222,32.226598],[-110.979349,32.226574]]]}},{"type":"Feature","properties":{"kind":"vegetation","name":null,"osm":"way/564126023"},"geometry":{"type":"Polygon","coordinates":[[[-110.938867,32.241497],[-110.938761,32.241498],[-110.938761,32.241505],[-110.93868,32.241506],[-110.93868,32.241498],[-110.93868,32.241485],[-110.938687,32.241476],[-110.938847,32.241476],[-110.938867,32.241497]]]}},{"type":"Feature","properties":{"kind":"vegetation","name":null,"osm":"way/564126024"},"geometry":{"type":"Polygon","coordinates":[[[-110.938878,32.241344],[-110.938654,32.241346],[-110.938686,32.241369],[-110.938849,32.241369],[-110.938878,32.241344]]]}},{"type":"Feature","properties":{"kind":"vegetation","name":"Santa Cruz River Park","osm":"way/569146498"},"geometry":{"type":"Polygon","coordinates":[[[-110.989702,32.239517],[-110.988129,32.239729],[-110.9879,32.239767],[-110.98836,32.241043],[-110.988921,32.242185],[-110.98988,32.244047],[-110.990066,32.244235],[-110.990389,32.244134],[-110.990346,32.243468],[-110.990159,32.242181],[-110.990068,32.241414],[-110.989954,32.240649],[-110.990734,32.240574],[-110.990727,32.240449],[-110.989927,32.240505],[-110.989702,32.239517]]]}},{"type":"Feature","properties":{"kind":"vegetation","name":null,"osm":"way/593523904"},"geometry":{"type":"Polygon","coordinates":[[[-110.940756,32.242053],[-110.940758,32.242153],[-110.94073,32.242153],[-110.940647,32.242135],[-110.940452,32.242135],[-110.940389,32.242188],[-110.940347,32.242123],[-110.940374,32.242131],[-110.940402,32.242125],[-110.94042,32.242115],[-110.940439,32.242087],[-110.940447,32.242057],[-110.940756,32.242053]]]}},{"type":"Feature","properties":{"kind":"vegetation","name":null,"osm":"way/593526420"},"geometry":{"type":"Polygon","coordinates":[[[-110.939175,32.242483],[-110.938913,32.242483],[-110.938907,32.242477],[-110.938895,32.242442],[-110.938895,32.242418],[-110.938917,32.242388],[-110.938938,32.242287],[-110.938941,32.242282],[-110.938947,32.242279],[-110.938956,32.242279],[-110.939001,32.242292],[-110.939016,32.242295],[-110.939066,32.242296],[-110.939099,32.242307],[-110.939118,32.242309],[-110.939134,32.242316],[-110.939146,32.242325],[-110.939157,32.242334],[-110.939168,32.242346],[-110.939176,32.242366],[-110.939175,32.242483]]]}},{"type":"Feature","properties":{"kind":"vegetation","name":null,"osm":"way/593540410"},"geometry":{"type":"Polygon","coordinates":[[[-110.939117,32.241934],[-110.939117,32.241945],[-110.93912,32.241945],[-110.93912,32.242048],[-110.939092,32.242093],[-110.939093,32.242167],[-110.939003,32.242168],[-110.938991,32.242164],[-110.938989,32.241935],[-110.939009,32.241935],[-110.939009,32.241947],[-110.939085,32.241947],[-110.939085,32.241934],[-110.939117,32.241934]]]}},{"type":"Feature","properties":{"kind":"water","name":null,"osm":"way/659570517"},"geometry":{"type":"Polygon","coordinates":[[[-110.953923,32.231916],[-110.95395,32.231892],[-110.953949,32.231859],[-110.953921,32.231836],[-110.953881,32.231836],[-110.953854,32.23186],[-110.953854,32.231893],[-110.953883,32.231916],[-110.953923,32.231916]]]}},{"type":"Feature","properties":{"kind":"vegetation","name":null,"osm":"way/663688956"},"geometry":{"type":"Polygon","coordinates":[[[-110.976558,32.226403],[-110.976595,32.226407],[-110.976644,32.226419],[-110.976681,32.226432],[-110.976714,32.226449],[-110.976736,32.226469],[-110.976728,32.226443],[-110.976753,32.226436],[-110.976752,32.226432],[-110.976902,32.226397],[-110.976891,32.226351],[-110.977005,32.226327],[-110.97699,32.226273],[-110.97698,32.226245],[-110.976543,32.226358],[-110.976558,32.226403]]]}},{"type":"Feature","properties":{"kind":"vegetation","name":null,"osm":"way/664001668"},"geometry":{"type":"Polygon","coordinates":[[[-110.977484,32.226489],[-110.977508,32.22656],[-110.977527,32.226564],[-110.977552,32.226566],[-110.977571,32.226566],[-110.977598,32.22656],[-110.977625,32.226551],[-110.977649,32.226539],[-110.977672,32.226521],[-110.977688,32.226501],[-110.977692,32.226486],[-110.977688,32.226473],[-110.977681,32.226463],[-110.977666,32.226454],[-110.977645,32.226447],[-110.977616,32.226443],[-110.977588,32.226443],[-110.97756,32.226448],[-110.977533,32.226457],[-110.977513,32.226469],[-110.977497,32.226479],[-110.977484,32.226489]]]}},{"type":"Feature","properties":{"kind":"vegetation","name":"Alene Dunlap Smith Garden","osm":"way/664008459"},"geometry":{"type":"Polygon","coordinates":[[[-110.977534,32.225665],[-110.977596,32.225868],[-110.977432,32.225908],[-110.977364,32.225712],[-110.977534,32.225665]]]}},{"type":"Feature","properties":{"kind":"vegetation","name":"Stevens Plaza","osm":"way/668785124"},"geometry":{"type":"Polygon","coordinates":[[[-110.96615,32.223793],[-110.966075,32.223856],[-110.966002,32.223821],[-110.965902,32.223819],[-110.965743,32.223819],[-110.965721,32.223797],[-110.965709,32.223752],[-110.965785,32.223495],[-110.96615,32.223793]]]}},{"type":"Feature","properties":{"kind":"vegetation","name":null,"osm":"way/695546941"},"geometry":{"type":"Polygon","coordinates":[[[-110.972616,32.236292],[-110.972615,32.236378],[-110.97237,32.236262],[-110.972377,32.236249],[-110.972385,32.236234],[-110.972391,32.23622],[-110.972395,32.236222],[-110.972616,32.236292]]]}},{"type":"Feature","properties":{"kind":"vegetation","name":null,"osm":"way/695546942"},"geometry":{"type":"Polygon","coordinates":[[[-110.972536,32.236402],[-110.972536,32.236385],[-110.972356,32.236285],[-110.972344,32.236301],[-110.97233,32.236316],[-110.972314,32.236331],[-110.972408,32.236402],[-110.972536,32.236402]]]}},{"type":"Feature","properties":{"kind":"vegetation","name":null,"osm":"way/695546943"},"geometry":{"type":"Polygon","coordinates":[[[-110.972373,32.236215],[-110.972368,32.236228],[-110.972361,32.236242],[-110.972353,32.236255],[-110.972251,32.236209],[-110.972257,32.236199],[-110.972262,32.23619],[-110.972266,32.236181],[-110.972373,32.236215]]]}},{"type":"Feature","properties":{"kind":"vegetation","name":null,"osm":"way/695546944"},"geometry":{"type":"Polygon","coordinates":[[[-110.972339,32.236275],[-110.972332,32.236285],[-110.97232,32.236299],[-110.972308,32.236312],[-110.972299,32.236321],[-110.972216,32.236259],[-110.972227,32.236248],[-110.972235,32.23624],[-110.972241,32.236231],[-110.972247,32.236223],[-110.972339,32.236275]]]}},{"type":"Feature","properties":{"kind":"vegetation","name":null,"osm":"way/715469158"},"geometry":{"type":"Polygon","coordinates":[[[-110.938361,32.183063],[-110.937924,32.183527],[-110.937772,32.183423],[-110.937663,32.18353],[-110.937447,32.183781],[-110.937339,32.183886],[-110.938231,32.184486],[-110.938659,32.184025],[-110.938818,32.184131],[-110.93926,32.183663],[-110.938361,32.183063]]]}},{"type":"Feature","properties":{"kind":"vegetation","name":"Willie Blake Junior Community Park","osm":"way/715469159"},"geometry":{"type":"Polygon","coordinates":[[[-110.937977,32.184647],[-110.937094,32.183636],[-110.93677,32.183338],[-110.937329,32.182308],[-110.938197,32.182879],[-110.938326,32.18297],[-110.939364,32.183705],[-110.939072,32.184005],[-110.938718,32.184273],[-110.938337,32.184507],[-110.937977,32.184647]]]}},{"type":"Feature","properties":{"kind":"vegetation","name":null,"osm":"way/715469167"},"geometry":{"type":"Polygon","coordinates":[[[-110.939198,32.188245],[-110.939127,32.188278],[-110.93903,32.18829],[-110.938936,32.188263],[-110.938335,32.187932],[-110.938309,32.187894],[-110.938294,32.187833],[-110.93833,32.187628],[-110.938353,32.187596],[-110.938408,32.187554],[-110.938686,32.187348],[-110.938727,32.187341],[-110.938956,32.18737],[-110.938987,32.187385],[-110.939386,32.187899],[-110.939399,32.187945],[-110.939391,32.187989],[-110.939198,32.188245]]]}},{"type":"Feature","properties":{"kind":"vegetation","name":"Verdugo Park","osm":"way/738408973"},"geometry":{"type":"Polygon","coordinates":[[[-110.983917,32.210383],[-110.983774,32.211345],[-110.983894,32.211358],[-110.984385,32.210437],[-110.983917,32.210383]]]}},{"type":"Feature","properties":{"kind":"vegetation","name":null,"osm":"way/742608255"},"geometry":{"type":"Polygon","coordinates":[[[-110.980229,32.171983],[-110.979549,32.171984],[-110.979555,32.171855],[-110.979434,32.171729],[-110.979435,32.171349],[-110.979686,32.171229],[-110.979682,32.171089],[-110.979481,32.171005],[-110.97948,32.170761],[-110.980233,32.170744],[-110.980229,32.171983]]]}},{"type":"Feature","properties":{"kind":"vegetation","name":null,"osm":"way/743336788"},"geometry":{"type":"Polygon","coordinates":[[[-110.969729,32.184538],[-110.96929,32.18454],[-110.96912,32.184401],[-110.969124,32.183594],[-110.969139,32.183528],[-110.969168,32.183473],[-110.969218,32.183433],[-110.96927,32.183409],[-110.969317,32.183409],[-110.969526,32.183403],[-110.969576,32.183397],[-110.969637,32.183372],[-110.969692,32.183346],[-110.970268,32.183342],[-110.970265,32.183642],[-110.970288,32.183705],[-110.970305,32.183767],[-110.970309,32.183838],[-110.970293,32.183918],[-110.970254,32.183985],[-110.970189,32.184067],[-110.970154,32.18409],[-110.970122,32.184106],[-110.9701,32.184136],[-110.970085,32.184163],[-110.969729,32.184538]]]}},{"type":"Feature","properties":{"kind":"vegetation","name":null,"osm":"way/767654854"},"geometry":{"type":"Polygon","coordinates":[[[-110.938323,32.188466],[-110.937146,32.187499],[-110.936285,32.188207],[-110.93629,32.188252],[-110.936097,32.188461],[-110.936285,32.188702],[-110.93713,32.189396],[-110.938323,32.188466]]]}},{"type":"Feature","properties":{"kind":"vegetation","name":null,"osm":"way/767924489"},"geometry":{"type":"Polygon","coordinates":[[[-110.953182,32.195386],[-110.953181,32.195349],[-110.953178,32.195124],[-110.953176,32.194964],[-110.953061,32.194965],[-110.953057,32.194692],[-110.953056,32.19463],[-110.95212,32.194639],[-110.952131,32.195396],[-110.953182,32.195386]]]}},{"type":"Feature","properties":{"kind":"vegetation","name":"Barrio San Antonio Park","osm":"way/790569638"},"geometry":{"type":"Polygon","coordinates":[[[-110.95344,32.216603],[-110.952964,32.216613],[-110.952941,32.216056],[-110.953419,32.216055],[-110.95344,32.216603]]]}},{"type":"Feature","properties":{"kind":"vegetation","name":null,"osm":"way/836256420"},"geometry":{"type":"Polygon","coordinates":[[[-110.939901,32.18764],[-110.939832,32.187603],[-110.939814,32.187474],[-110.939806,32.187343],[-110.93985,32.18728],[-110.939929,32.187279],[-110.93998,32.18736],[-110.940072,32.187502],[-110.940076,32.187576],[-110.940068,32.187611],[-110.940043,32.187623],[-110.939901,32.18764]]]}},{"type":"Feature","properties":{"kind":"vegetation","name":null,"osm":"way/837298173"},"geometry":{"type":"Polygon","coordinates":[[[-110.9366,32.195787],[-110.936664,32.195804],[-110.936706,32.195806],[-110.936768,32.19579],[-110.937087,32.195577],[-110.937182,32.19552],[-110.937297,32.195475],[-110.937538,32.195455],[-110.937632,32.195466],[-110.937716,32.195446],[-110.937743,32.195405],[-110.937755,32.195369],[-110.937746,32.195326],[-110.937694,32.195276],[-110.937584,32.195234],[-110.937562,32.195227],[-110.93754,32.195208],[-110.937432,32.195098],[-110.937336,32.194989],[-110.937284,32.194953],[-110.937234,32.194932],[-110.937189,32.194927],[-110.937128,32.194922],[-110.937092,32.194929],[-110.937035,32.194944],[-110.936968,32.194981],[-110.936449,32.195327],[-110.936413,32.195372],[-110.936388,32.195411],[-110.936382,32.195468],[-110.936387,32.195528],[-110.936406,32.195575],[-110.936454,32.195636],[-110.936528,32.195722],[-110.936571,32.195763],[-110.9366,32.195787]]]}},{"type":"Feature","properties":{"kind":"vegetation","name":null,"osm":"way/837621346"},"geometry":{"type":"Polygon","coordinates":[[[-110.951621,32.199274],[-110.951316,32.19934],[-110.951165,32.199332],[-110.951077,32.199327],[-110.950976,32.199321],[-110.950688,32.19936],[-110.950237,32.199357],[-110.949985,32.199252],[-110.949894,32.198975],[-110.94998,32.198835],[-110.950226,32.198722],[-110.95037,32.198512],[-110.950304,32.198093],[-110.950676,32.198094],[-110.950679,32.197863],[-110.951877,32.197835],[-110.951852,32.198483],[-110.951825,32.199154],[-110.951621,32.199274]]]}},{"type":"Feature","properties":{"kind":"vegetation","name":null,"osm":"way/837629756"},"geometry":{"type":"Polygon","coordinates":[[[-110.955092,32.194978],[-110.954895,32.194979],[-110.954893,32.19481],[-110.95509,32.194808],[-110.955092,32.194978]]]}},{"type":"Feature","properties":{"kind":"vegetation","name":null,"osm":"way/837636445"},"geometry":{"type":"Polygon","coordinates":[[[-110.958099,32.205995],[-110.957894,32.205999],[-110.957884,32.205804],[-110.958101,32.205803],[-110.958099,32.205995]]]}},{"type":"Feature","properties":{"kind":"vegetation","name":null,"osm":"way/837636446"},"geometry":{"type":"Polygon","coordinates":[[[-110.95864,32.205971],[-110.958424,32.205971],[-110.958418,32.2058],[-110.958255,32.205801],[-110.95826,32.205679],[-110.958347,32.205679],[-110.95836,32.205494],[-110.958189,32.205496],[-110.958193,32.20539],[-110.958191,32.20518],[-110.958194,32.205143],[-110.959117,32.205142],[-110.959122,32.205628],[-110.958608,32.205641],[-110.958608,32.205603],[-110.958473,32.205604],[-110.958475,32.205763],[-110.95861,32.205761],[-110.958632,32.205761],[-110.95864,32.205971]]]}},{"type":"Feature","properties":{"kind":"vegetation","name":null,"osm":"way/844378358"},"geometry":{"type":"Polygon","coordinates":[[[-110.939897,32.188294],[-110.939652,32.188177],[-110.939664,32.188146],[-110.939989,32.188022],[-110.940065,32.188158],[-110.940019,32.188191],[-110.93998,32.188186],[-110.939925,32.188233],[-110.939926,32.188272],[-110.939897,32.188294]]]}},{"type":"Feature","properties":{"kind":"vegetation","name":null,"osm":"way/845178406"},"geometry":{"type":"Polygon","coordinates":[[[-110.938811,32.19606],[-110.938608,32.196219],[-110.93852,32.196126],[-110.938563,32.196053],[-110.938629,32.19602],[-110.938634,32.196004],[-110.938604,32.195969],[-110.938564,32.195943],[-110.938557,32.195894],[-110.938568,32.195849],[-110.938583,32.195659],[-110.938648,32.195697],[-110.938663,32.195732],[-110.938737,32.195895],[-110.938811,32.19606]]]}},{"type":"Feature","properties":{"kind":"vegetation","name":null,"osm":"way/845223680"},"geometry":{"type":"Polygon","coordinates":[[[-110.951767,32.196006],[-110.951122,32.196006],[-110.951122,32.194514],[-110.951878,32.194514],[-110.951878,32.19515],[-110.951767,32.19515],[-110.951767,32.196006]]]}},{"type":"Feature","properties":{"kind":"vegetation","name":"Street Scene Park","osm":"way/845239711"},"geometry":{"type":"Polygon","coordinates":[[[-110.959583,32.189234],[-110.959206,32.189222],[-110.959207,32.188677],[-110.959581,32.188676],[-110.959583,32.189234]]]}},{"type":"Feature","properties":{"kind":"vegetation","name":null,"osm":"way/845239715"},"geometry":{"type":"Polygon","coordinates":[[[-110.959569,32.189138],[-110.959474,32.189145],[-110.959471,32.189027],[-110.959506,32.189027],[-110.959506,32.189004],[-110.95947,32.189005],[-110.959347,32.188995],[-110.959347,32.188969],[-110.95931,32.188969],[-110.95931,32.188995],[-110.959229,32.188992],[-110.959233,32.1887],[-110.959568,32.188686],[-110.959569,32.189138]]]}},{"type":"Feature","properties":{"kind":"vegetation","name":null,"osm":"way/857598086"},"geometry":{"type":"Polygon","coordinates":[[[-110.941676,32.192113],[-110.942061,32.192112],[-110.942052,32.19149],[-110.941685,32.19149],[-110.941676,32.192113]]]}},{"type":"Feature","properties":{"kind":"vegetation","name":null,"osm":"way/857598087"},"geometry":{"type":"Polygon","coordinates":[[[-110.94275,32.192231],[-110.942345,32.192233],[-110.942328,32.191989],[-110.942755,32.191978],[-110.94275,32.192231]]]}},{"type":"Feature","properties":{"kind":"vegetation","name":null,"osm":"way/858782413"},"geometry":{"type":"Polygon","coordinates":[[[-110.951122,32.196006],[-110.950913,32.196141],[-110.949941,32.196191],[-110.949931,32.196976],[-110.950316,32.197092],[-110.950304,32.198093],[-110.950676,32.198094],[-110.950679,32.197863],[-110.951877,32.197835],[-110.951767,32.196006],[-110.951122,32.196006]]]}},{"type":"Feature","properties":{"kind":"vegetation","name":null,"osm":"way/858782425"},"geometry":{"type":"Polygon","coordinates":[[[-110.954508,32.200584],[-110.953375,32.20059],[-110.953052,32.200591],[-110.952253,32.200595],[-110.952251,32.200311],[-110.952247,32.199813],[-110.953538,32.199796],[-110.953542,32.20006],[-110.953827,32.200077],[-110.954027,32.200072],[-110.954024,32.199866],[-110.954094,32.199862],[-110.954485,32.199858],[-110.954508,32.200584]]]}},{"type":"Feature","properties":{"kind":"vegetation","name":null,"osm":"way/858782480"},"geometry":{"type":"Polygon","coordinates":[[[-110.953162,32.205613],[-110.95317,32.205643],[-110.953197,32.20566],[-110.953229,32.205669],[-110.953258,32.205669],[-110.953313,32.205674],[-110.953364,32.205678],[-110.953398,32.205678],[-110.95344,32.205665],[-110.953485,32.205669],[-110.953536,32.205664],[-110.953589,32.205666],[-110.953629,32.205664],[-110.953697,32.205651],[-110.953747,32.205654],[-110.953821,32.205667],[-110.953877,32.205657],[-110.953941,32.205678],[-110.954006,32.205676],[-110.954023,32.205684],[-110.954053,32.205684],[-110.954078,32.205691],[-110.954121,32.205683],[-110.954158,32.205692],[-110.954315,32.20567],[-110.954413,32.205669],[-110.954499,32.205679],[-110.954541,32.205676],[-110.954582,32.205677],[-110.954672,32.205659],[-110.954752,32.205647],[-110.954868,32.20566],[-110.954941,32.20566],[-110.954989,32.205646],[-110.955047,32.205646],[-110.955094,32.205639],[-110.955146,32.205666],[-110.955243,32.205666],[-110.955273,32.20565],[-110.955277,32.205637],[-110.955254,32.205616],[-110.955231,32.205609],[-110.955169,32.205627],[-110.955099,32.205616],[-110.955045,32.205613],[-110.955,32.205614],[-110.954955,32.205625],[-110.954898,32.205619],[-110.954867,32.205614],[-110.954831,32.205624],[-110.954747,32.205621],[-110.954693,32.205634],[-110.954632,32.205623],[-110.954605,32.205612],[-110.954528,32.205624],[-110.954477,32.205623],[-110.954433,32.205608],[-110.954293,32.205634],[-110.954144,32.205643],[-110.953994,32.205629],[-110.953953,32.205631],[-110.953853,32.205615],[-110.953799,32.205617],[-110.953744,32.205607],[-110.953712,32.205612],[-110.95368,32.205626],[-110.953641,32.205628],[-110.95362,32.205619],[-110.95357,32.205627],[-110.953534,32.205636],[-110.953468,32.20563],[-110.953438,32.205633],[-110.953428,32.20563],[-110.95339,32.205635],[-110.953352,32.205629],[-110.953342,32.205617],[-110.953326,32.205617],[-110.953254,32.20563],[-110.953202,32.205615],[-110.953162,32.205613]]]}},{"type":"Feature","properties":{"kind":"vegetation","name":null,"osm":"way/863184283"},"geometry":{"type":"Polygon","coordinates":[[[-110.937603,32.222681],[-110.937735,32.222487],[-110.937658,32.222444],[-110.937596,32.222441],[-110.937601,32.222654],[-110.937603,32.222681]]]}},{"type":"Feature","properties":{"kind":"vegetation","name":null,"osm":"way/863191193"},"geometry":{"type":"Polygon","coordinates":[[[-110.937747,32.222454],[-110.93765,32.222407],[-110.937707,32.222322],[-110.937753,32.222344],[-110.937789,32.22229],[-110.937705,32.22225],[-110.937698,32.222236],[-110.937896,32.222232],[-110.937747,32.222454]]]}},{"type":"Feature","properties":{"kind":"vegetation","name":null,"osm":"way/863191197"},"geometry":{"type":"Polygon","coordinates":[[[-110.938091,32.222852],[-110.938009,32.222857],[-110.937967,32.222902],[-110.937867,32.222846],[-110.937962,32.222684],[-110.938086,32.222687],[-110.938091,32.222852]]]}},{"type":"Feature","properties":{"kind":"vegetation","name":null,"osm":"way/863191219"},"geometry":{"type":"Polygon","coordinates":[[[-110.937819,32.223147],[-110.937566,32.223154],[-110.937566,32.223022],[-110.937819,32.223147]]]}},{"type":"Feature","properties":{"kind":"vegetation","name":null,"osm":"way/863223698"},"geometry":{"type":"Polygon","coordinates":[[[-110.935132,32.234881],[-110.93485,32.23488],[-110.93485,32.234789],[-110.934613,32.234788],[-110.934615,32.234433],[-110.934617,32.234175],[-110.934737,32.234075],[-110.935086,32.234058],[-110.935221,32.234176],[-110.935217,32.234707],[-110.935182,32.23476],[-110.935182,32.234772],[-110.935179,32.234843],[-110.935132,32.234881]]]}},{"type":"Feature","properties":{"kind":"vegetation","name":null,"osm":"way/863232186"},"geometry":{"type":"Polygon","coordinates":[[[-110.933826,32.233934],[-110.932172,32.233903],[-110.931387,32.233571],[-110.931387,32.232516],[-110.933988,32.232517],[-110.933988,32.232396],[-110.935176,32.232394],[-110.935178,32.232956],[-110.935133,32.232957],[-110.935146,32.233753],[-110.93461,32.233759],[-110.934604,32.233385],[-110.934822,32.233382],[-110.934815,32.232979],[-110.934411,32.232984],[-110.934433,32.232913],[-110.933853,32.232902],[-110.933826,32.233934]]]}},{"type":"Feature","properties":{"kind":"vegetation","name":null,"osm":"way/863232237"},"geometry":{"type":"Polygon","coordinates":[[[-110.937216,32.231513],[-110.936781,32.231516],[-110.936777,32.231099],[-110.936844,32.231081],[-110.93699,32.23108],[-110.936985,32.230594],[-110.937206,32.230592],[-110.937216,32.231513]]]}},{"type":"Feature","properties":{"kind":"vegetation","name":null,"osm":"way/867493532"},"geometry":{"type":"Polygon","coordinates":[[[-110.973826,32.21037],[-110.972672,32.210378],[-110.972663,32.209491],[-110.972439,32.209493],[-110.972462,32.208843],[-110.973743,32.208839],[-110.973744,32.208983],[-110.97379,32.208983],[-110.97458,32.208981],[-110.974369,32.209094],[-110.974372,32.20989],[-110.973821,32.209894],[-110.973826,32.21037]]]}},{"type":"Feature","properties":{"kind":"vegetation","name":null,"osm":"way/867498020"},"geometry":{"type":"Polygon","coordinates":[[[-110.98154,32.216601],[-110.981248,32.2166],[-110.981248,32.216503],[-110.98154,32.216504],[-110.98154,32.216601]]]}},{"type":"Feature","properties":{"kind":"vegetation","name":null,"osm":"way/867498021"},"geometry":{"type":"Polygon","coordinates":[[[-110.981047,32.2166],[-110.980755,32.2166],[-110.980756,32.216503],[-110.981047,32.216503],[-110.981047,32.2166]]]}},{"type":"Feature","properties":{"kind":"vegetation","name":null,"osm":"way/872756633"},"geometry":{"type":"Polygon","coordinates":[[[-110.96916,32.203589],[-110.968601,32.2036],[-110.968606,32.203173],[-110.969144,32.203172],[-110.96916,32.203589]]]}},{"type":"Feature","properties":{"kind":"vegetation","name":null,"osm":"way/872756634"},"geometry":{"type":"Polygon","coordinates":[[[-110.969622,32.203305],[-110.969213,32.203305],[-110.969213,32.203109],[-110.969213,32.202779],[-110.969621,32.202778],[-110.969622,32.203305]]]}},{"type":"Feature","properties":{"kind":"vegetation","name":null,"osm":"way/872756638"},"geometry":{"type":"Polygon","coordinates":[[[-110.971294,32.20326],[-110.971411,32.20326],[-110.97143,32.202723],[-110.97077,32.202732],[-110.970768,32.202815],[-110.971046,32.202812],[-110.971038,32.202931],[-110.97078,32.202927],[-110.970776,32.202972],[-110.971288,32.202973],[-110.971292,32.203098],[-110.970859,32.203093],[-110.970861,32.203139],[-110.971298,32.203147],[-110.971294,32.20326]]]}},{"type":"Feature","properties":{"kind":"vegetation","name":null,"osm":"way/874497612"},"geometry":{"type":"Polygon","coordinates":[[[-110.96866,32.208957],[-110.969245,32.20895],[-110.969242,32.208767],[-110.968703,32.208773],[-110.968657,32.208773],[-110.96866,32.208957]]]}},{"type":"Feature","properties":{"kind":"vegetation","name":null,"osm":"way/874497614"},"geometry":{"type":"Polygon","coordinates":[[[-110.969254,32.209313],[-110.968665,32.209312],[-110.968665,32.20915],[-110.969107,32.209151],[-110.969107,32.209117],[-110.969255,32.209117],[-110.969254,32.209313]]]}},{"type":"Feature","properties":{"kind":"vegetation","name":null,"osm":"way/874497627"},"geometry":{"type":"Polygon","coordinates":[[[-110.970962,32.217891],[-110.97094,32.217895],[-110.970925,32.217904],[-110.970915,32.217913],[-110.97091,32.217923],[-110.970901,32.217947],[-110.970894,32.217957],[-110.970882,32.217967],[-110.970865,32.217972],[-110.970847,32.217974],[-110.970829,32.217972],[-110.970817,32.217966],[-110.970793,32.217948],[-110.970784,32.217944],[-110.970775,32.217943],[-110.970777,32.217934],[-110.970779,32.217927],[-110.970787,32.217919],[-110.970793,32.217912],[-110.970795,32.217899],[-110.970795,32.217891],[-110.970805,32.217881],[-110.970808,32.217872],[-110.97081,32.21786],[-110.970807,32.217837],[-110.970808,32.217822],[-110.970805,32.217808],[-110.970805,32.217795],[-110.970807,32.217784],[-110.970817,32.217764],[-110.970935,32.217745],[-110.970962,32.217891]]]}},{"type":"Feature","properties":{"kind":"vegetation","name":null,"osm":"way/875373803"},"geometry":{"type":"Polygon","coordinates":[[[-110.937226,32.219212],[-110.936294,32.219213],[-110.936293,32.21873],[-110.936322,32.21873],[-110.937225,32.218729],[-110.937226,32.219212]]]}},{"type":"Feature","properties":{"kind":"vegetation","name":null,"osm":"way/879117121"},"geometry":{"type":"Polygon","coordinates":[[[-110.955429,32.225477],[-110.955265,32.225476],[-110.955278,32.225226],[-110.955427,32.225228],[-110.955429,32.225477]]]}},{"type":"Feature","properties":{"kind":"vegetation","name":null,"osm":"way/879921233"},"geometry":{"type":"Polygon","coordinates":[[[-110.949297,32.2234],[-110.94923,32.223401],[-110.94923,32.223377],[-110.949198,32.223377],[-110.949195,32.223272],[-110.949293,32.223271],[-110.949297,32.2234]]]}},{"type":"Feature","properties":{"kind":"vegetation","name":null,"osm":"way/884226068"},"geometry":{"type":"Polygon","coordinates":[[[-110.965772,32.181326],[-110.965168,32.181327],[-110.96516,32.18115],[-110.965409,32.181145],[-110.965407,32.181192],[-110.965381,32.181218],[-110.965376,32.181238],[-110.965383,32.181261],[-110.965393,32.181281],[-110.965421,32.181281],[-110.965454,32.181285],[-110.965487,32.181259],[-110.965492,32.181227],[-110.965467,32.181198],[-110.96545,32.181194],[-110.965448,32.18115],[-110.965767,32.181144],[-110.965772,32.181326]]]}},{"type":"Feature","properties":{"kind":"vegetation","name":null,"osm":"way/884250556"},"geometry":{"type":"Polygon","coordinates":[[[-110.957263,32.181669],[-110.957132,32.181536],[-110.957038,32.181536],[-110.957046,32.181594],[-110.957102,32.181575],[-110.95717,32.181611],[-110.957155,32.181746],[-110.957263,32.181669]]]}},{"type":"Feature","properties":{"kind":"vegetation","name":null,"osm":"way/884250557"},"geometry":{"type":"Polygon","coordinates":[[[-110.957138,32.18235],[-110.957089,32.182313],[-110.956828,32.18205],[-110.956878,32.182015],[-110.957197,32.182343],[-110.957138,32.18235]]]}},{"type":"Feature","properties":{"kind":"vegetation","name":null,"osm":"way/884550519"},"geometry":{"type":"Polygon","coordinates":[[[-110.972152,32.179437],[-110.971827,32.179442],[-110.971827,32.179569],[-110.971731,32.179565],[-110.971573,32.179494],[-110.971122,32.179482],[-110.971105,32.178979],[-110.971216,32.178902],[-110.971771,32.178905],[-110.971776,32.179013],[-110.971905,32.17901],[-110.971973,32.179187],[-110.972176,32.179182],[-110.972152,32.179437]]]}},{"type":"Feature","properties":{"kind":"vegetation","name":null,"osm":"way/884550533"},"geometry":{"type":"Polygon","coordinates":[[[-110.981657,32.181064],[-110.981365,32.181062],[-110.981353,32.181041],[-110.981304,32.18104],[-110.981305,32.180913],[-110.981659,32.180915],[-110.981657,32.181064]]]}},{"type":"Feature","properties":{"kind":"vegetation","name":null,"osm":"way/884550548"},"geometry":{"type":"Polygon","coordinates":[[[-110.981337,32.17807],[-110.981347,32.17852],[-110.981453,32.178827],[-110.981492,32.178846],[-110.981784,32.178756],[-110.98171,32.1787],[-110.981697,32.178659],[-110.981458,32.178633],[-110.981403,32.178503],[-110.981468,32.178125],[-110.981533,32.178091],[-110.981538,32.178052],[-110.981337,32.17807]]]}},{"type":"Feature","properties":{"kind":"vegetation","name":"Desert Survivors","osm":"way/885363206"},"geometry":{"type":"Polygon","coordinates":[[[-110.987385,32.208274],[-110.986377,32.208272],[-110.986342,32.20712],[-110.986338,32.20699],[-110.987496,32.206746],[-110.988387,32.206538],[-110.988348,32.207082],[-110.987385,32.208274]]]}},{"type":"Feature","properties":{"kind":"vegetation","name":null,"osm":"way/885363266"},"geometry":{"type":"Polygon","coordinates":[[[-110.981005,32.219214],[-110.980751,32.219249],[-110.980721,32.219048],[-110.980986,32.219011],[-110.980993,32.219041],[-110.980907,32.219052],[-110.980936,32.219197],[-110.980999,32.219187],[-110.981005,32.219214]]]}},{"type":"Feature","properties":{"kind":"vegetation","name":null,"osm":"way/885363267"},"geometry":{"type":"Polygon","coordinates":[[[-110.981142,32.21923],[-110.981046,32.219242],[-110.980968,32.218766],[-110.981063,32.218751],[-110.981142,32.21923]]]}},{"type":"Feature","properties":{"kind":"vegetation","name":null,"osm":"way/885363268"},"geometry":{"type":"Polygon","coordinates":[[[-110.981121,32.2198],[-110.980762,32.219845],[-110.980744,32.21975],[-110.980826,32.219737],[-110.980744,32.219315],[-110.980819,32.219308],[-110.980871,32.21958],[-110.981077,32.219549],[-110.981029,32.219288],[-110.981086,32.219277],[-110.981159,32.219696],[-110.981109,32.2197],[-110.981121,32.2198]]]}},{"type":"Feature","properties":{"kind":"vegetation","name":"Ormsby Park","osm":"way/885363294"},"geometry":{"type":"Polygon","coordinates":[[[-110.984085,32.204879],[-110.983899,32.204882],[-110.983637,32.204879],[-110.983114,32.204873],[-110.983076,32.203808],[-110.983059,32.203131],[-110.984125,32.203128],[-110.984119,32.203599],[-110.98411,32.204432],[-110.984085,32.204879]]]}},{"type":"Feature","properties":{"kind":"vegetation","name":null,"osm":"way/885717220"},"geometry":{"type":"Polygon","coordinates":[[[-110.972337,32.195399],[-110.971609,32.195409],[-110.971604,32.195172],[-110.972039,32.195165],[-110.972036,32.195015],[-110.972329,32.195011],[-110.972337,32.195399]]]}},{"type":"Feature","properties":{"kind":"vegetation","name":null,"osm":"way/885768471"},"geometry":{"type":"Polygon","coordinates":[[[-110.982644,32.207943],[-110.982546,32.207942],[-110.982545,32.207953],[-110.982521,32.207955],[-110.982519,32.207945],[-110.982544,32.207878],[-110.982569,32.207801],[-110.982594,32.207754],[-110.982671,32.20783],[-110.982657,32.207849],[-110.982652,32.207946],[-110.982644,32.207943]]]}},{"type":"Feature","properties":{"kind":"vegetation","name":null,"osm":"way/885768493"},"geometry":{"type":"Polygon","coordinates":[[[-110.984467,32.209902],[-110.984006,32.209833],[-110.984035,32.209705],[-110.984484,32.209775],[-110.984467,32.209902]]]}},{"type":"Feature","properties":{"kind":"vegetation","name":null,"osm":"way/886065807"},"geometry":{"type":"Polygon","coordinates":[[[-110.95082,32.220045],[-110.950445,32.220047],[-110.95045,32.220244],[-110.950367,32.220248],[-110.95032,32.220248],[-110.950185,32.220173],[-110.950181,32.220085],[-110.950028,32.220084],[-110.950014,32.219673],[-110.950791,32.219667],[-110.95082,32.220045]]]}},{"type":"Feature","properties":{"kind":"vegetation","name":null,"osm":"way/887374794"},"geometry":{"type":"Polygon","coordinates":[[[-110.945198,32.240717],[-110.944917,32.240783],[-110.944906,32.240773],[-110.944897,32.240757],[-110.944893,32.240738],[-110.94489,32.240536],[-110.944903,32.240535],[-110.944902,32.24048],[-110.944891,32.240479],[-110.944891,32.24044],[-110.944901,32.240409],[-110.944918,32.240396],[-110.945193,32.240465],[-110.945198,32.240717]]]}},{"type":"Feature","properties":{"kind":"vegetation","name":null,"osm":"way/887374797"},"geometry":{"type":"Polygon","coordinates":[[[-110.946379,32.237992],[-110.94604,32.237993],[-110.946039,32.237916],[-110.946049,32.237915],[-110.946049,32.237863],[-110.946057,32.237863],[-110.946057,32.237833],[-110.946359,32.237832],[-110.946359,32.237861],[-110.946369,32.237861],[-110.946369,32.237914],[-110.946379,32.237914],[-110.946379,32.237992]]]}},{"type":"Feature","properties":{"kind":"vegetation","name":null,"osm":"way/891131823"},"geometry":{"type":"Polygon","coordinates":[[[-110.97117,32.24462],[-110.971145,32.244619],[-110.971129,32.244616],[-110.971112,32.244617],[-110.971099,32.244619],[-110.971074,32.244628],[-110.971058,32.244631],[-110.971045,32.244632],[-110.971019,32.244625],[-110.971008,32.244619],[-110.971003,32.244611],[-110.971002,32.244603],[-110.971005,32.244597],[-110.971007,32.244589],[-110.971006,32.244581],[-110.971003,32.244575],[-110.970984,32.244557],[-110.97098,32.244548],[-110.970979,32.244541],[-110.970983,32.244533],[-110.970989,32.244528],[-110.970999,32.244526],[-110.971006,32.244527],[-110.971015,32.244535],[-110.97102,32.244552],[-110.971028,32.244559],[-110.971038,32.244561],[-110.971052,32.244561],[-110.971053,32.244568],[-110.971058,32.244576],[-110.971068,32.244584],[-110.971079,32.244588],[-110.971092,32.244589],[-110.971102,32.244587],[-110.971112,32.244582],[-110.971125,32.24459],[-110.971138,32.244591],[-110.97115,32.244589],[-110.97116,32.244583],[-110.971171,32.244569],[-110.971182,32.244571],[-110.971194,32.244572],[-110.971189,32.24458],[-110.971187,32.244588],[-110.971188,32.244595],[-110.97119,32.2446],[-110.971191,32.244606],[-110.971189,32.244611],[-110.971181,32.244616],[-110.97117,32.24462]]]}},{"type":"Feature","properties":{"kind":"vegetation","name":null,"osm":"way/891131858"},"geometry":{"type":"Polygon","coordinates":[[[-110.970579,32.23969],[-110.970439,32.239689],[-110.970439,32.239584],[-110.970572,32.239585],[-110.970572,32.239609],[-110.970579,32.239609],[-110.970579,32.23969]]]}},{"type":"Feature","properties":{"kind":"vegetation","name":null,"osm":"way/892773657"},"geometry":{"type":"Polygon","coordinates":[[[-110.959593,32.17275],[-110.958853,32.172754],[-110.958847,32.171843],[-110.95902,32.171842],[-110.959018,32.171524],[-110.958894,32.171525],[-110.958892,32.171188],[-110.959467,32.171365],[-110.959292,32.171771],[-110.959672,32.171888],[-110.959677,32.17256],[-110.959592,32.17256],[-110.959593,32.17275]]]}},{"type":"Feature","properties":{"kind":"vegetation","name":null,"osm":"way/892773673"},"geometry":{"type":"Polygon","coordinates":[[[-110.957337,32.166241],[-110.957207,32.166239],[-110.957212,32.16599],[-110.957371,32.165992],[-110.957367,32.166195],[-110.957338,32.166195],[-110.957337,32.166241]]]}},{"type":"Feature","properties":{"kind":"vegetation","name":null,"osm":"way/892773674"},"geometry":{"type":"Polygon","coordinates":[[[-110.957227,32.166405],[-110.957229,32.166271],[-110.957302,32.166271],[-110.957274,32.16635],[-110.957255,32.16638],[-110.957227,32.166405]]]}},{"type":"Feature","properties":{"kind":"vegetation","name":null,"osm":"way/892773675"},"geometry":{"type":"Polygon","coordinates":[[[-110.957322,32.166677],[-110.957235,32.166741],[-110.957171,32.166706],[-110.957145,32.166642],[-110.957145,32.166592],[-110.957256,32.166581],[-110.957276,32.166633],[-110.957322,32.166677]]]}},{"type":"Feature","properties":{"kind":"vegetation","name":null,"osm":"way/892853794"},"geometry":{"type":"Polygon","coordinates":[[[-110.954243,32.177744],[-110.953417,32.17775],[-110.953417,32.177723],[-110.95423,32.177716],[-110.954229,32.177631],[-110.954273,32.177631],[-110.954274,32.177728],[-110.954243,32.177744]]]}},{"type":"Feature","properties":{"kind":"vegetation","name":null,"osm":"way/893733255"},"geometry":{"type":"Polygon","coordinates":[[[-110.951259,32.169721],[-110.951099,32.169547],[-110.950989,32.169293],[-110.950771,32.16913],[-110.950562,32.168759],[-110.951127,32.168541],[-110.95141,32.1685],[-110.951683,32.168607],[-110.951767,32.168769],[-110.951721,32.169012],[-110.951755,32.169187],[-110.951722,32.169243],[-110.951548,32.169097],[-110.951431,32.169193],[-110.951599,32.169336],[-110.951584,32.169364],[-110.951518,32.169405],[-110.951486,32.169468],[-110.951466,32.169519],[-110.951479,32.169606],[-110.951338,32.169648],[-110.951259,32.169721]]]}},{"type":"Feature","properties":{"kind":"vegetation","name":null,"osm":"way/895335527"},"geometry":{"type":"Polygon","coordinates":[[[-110.973354,32.208004],[-110.972732,32.208001],[-110.972734,32.208153],[-110.972533,32.208158],[-110.972529,32.206982],[-110.973285,32.206934],[-110.973604,32.206932],[-110.974419,32.206946],[-110.974455,32.206985],[-110.974468,32.207712],[-110.973597,32.207736],[-110.97359,32.207661],[-110.973333,32.20766],[-110.973354,32.208004]]]}},{"type":"Feature","properties":{"kind":"vegetation","name":null,"osm":"way/895335533"},"geometry":{"type":"Polygon","coordinates":[[[-110.973306,32.208557],[-110.972852,32.208566],[-110.972855,32.208313],[-110.973303,32.208308],[-110.973306,32.208557]]]}},{"type":"Feature","properties":{"kind":"vegetation","name":null,"osm":"way/895335537"},"geometry":{"type":"Polygon","coordinates":[[[-110.974127,32.208734],[-110.97393,32.208744],[-110.973924,32.208662],[-110.973965,32.208589],[-110.974093,32.208562],[-110.974116,32.208576],[-110.974127,32.208734]]]}},{"type":"Feature","properties":{"kind":"vegetation","name":null,"osm":"way/896758582"},"geometry":{"type":"Polygon","coordinates":[[[-110.9798,32.239969],[-110.979431,32.239971],[-110.979436,32.23934],[-110.97968,32.239351],[-110.979718,32.239504],[-110.979795,32.239527],[-110.9798,32.239969]]]}},{"type":"Feature","properties":{"kind":"vegetation","name":null,"osm":"way/897786747"},"geometry":{"type":"Polygon","coordinates":[[[-110.982115,32.239162],[-110.981633,32.239235],[-110.981538,32.239296],[-110.980906,32.239303],[-110.980833,32.239232],[-110.98084,32.239036],[-110.981217,32.239029],[-110.981308,32.239056],[-110.981433,32.239021],[-110.982052,32.239024],[-110.982113,32.239063],[-110.982115,32.239162]]]}},{"type":"Feature","properties":{"kind":"vegetation","name":null,"osm":"way/900562430"},"geometry":{"type":"Polygon","coordinates":[[[-110.955703,32.232214],[-110.955238,32.232216],[-110.955222,32.232197],[-110.955224,32.232145],[-110.955221,32.232099],[-110.955223,32.232048],[-110.955227,32.231978],[-110.955237,32.231868],[-110.955249,32.231853],[-110.955528,32.231774],[-110.955584,32.231768],[-110.955633,32.231769],[-110.95566,32.23177],[-110.955687,32.231778],[-110.955697,32.231788],[-110.955703,32.232214]]]}},{"type":"Feature","properties":{"kind":"vegetation","name":null,"osm":"way/900562431"},"geometry":{"type":"Polygon","coordinates":[[[-110.955207,32.232197],[-110.955197,32.232209],[-110.955151,32.232209],[-110.955091,32.232197],[-110.955052,32.23219],[-110.955015,32.23219],[-110.955017,32.232144],[-110.955013,32.232109],[-110.955005,32.232071],[-110.95499,32.232021],[-110.954979,32.231987],[-110.95497,32.231961],[-110.954989,32.231945],[-110.955013,32.231929],[-110.955066,32.231899],[-110.955217,32.231859],[-110.955209,32.231912],[-110.955206,32.231968],[-110.955202,32.232056],[-110.9552,32.232127],[-110.955207,32.232197]]]}},{"type":"Feature","properties":{"kind":"vegetation","name":null,"osm":"way/900562432"},"geometry":{"type":"Polygon","coordinates":[[[-110.954992,32.232194],[-110.954785,32.232191],[-110.954777,32.232189],[-110.954771,32.232185],[-110.954769,32.23218],[-110.954785,32.232005],[-110.954796,32.231999],[-110.954816,32.23199],[-110.95484,32.231976],[-110.954851,32.231968],[-110.954859,32.231966],[-110.954887,32.231966],[-110.954944,32.231962],[-110.954967,32.232024],[-110.954974,32.23205],[-110.95498,32.232072],[-110.954987,32.232107],[-110.954993,32.23214],[-110.954992,32.232194]]]}},{"type":"Feature","properties":{"kind":"vegetation","name":null,"osm":"way/900562433"},"geometry":{"type":"Polygon","coordinates":[[[-110.954727,32.232195],[-110.954716,32.232195],[-110.954585,32.232193],[-110.954432,32.232201],[-110.954381,32.232204],[-110.954369,32.232201],[-110.954363,32.232194],[-110.954361,32.232177],[-110.954362,32.232158],[-110.954359,32.232141],[-110.954352,32.23213],[-110.954385,32.232111],[-110.954417,32.232102],[-110.954436,32.23209],[-110.954499,32.232066],[-110.954525,32.23206],[-110.954546,32.232061],[-110.954582,32.232041],[-110.954675,32.232015],[-110.954711,32.232005],[-110.954738,32.232003],[-110.95475,32.232003],[-110.954741,32.232184],[-110.954735,32.232192],[-110.954727,32.232195]]]}},{"type":"Feature","properties":{"kind":"vegetation","name":null,"osm":"way/900562434"},"geometry":{"type":"Polygon","coordinates":[[[-110.956337,32.231808],[-110.956338,32.231816],[-110.956335,32.23182],[-110.956331,32.231822],[-110.956271,32.23184],[-110.956237,32.231851],[-110.95621,32.231865],[-110.956156,32.231897],[-110.956074,32.231945],[-110.955943,32.23203],[-110.955821,32.232103],[-110.955823,32.231807],[-110.955826,32.231798],[-110.955835,32.231791],[-110.955846,32.231785],[-110.955859,32.231781],[-110.955904,32.231772],[-110.9561,32.231764],[-110.95624,32.231762],[-110.9563,32.231762],[-110.956323,32.231767],[-110.956338,32.231784],[-110.956337,32.231808]]]}},{"type":"Feature","properties":{"kind":"vegetation","name":null,"osm":"way/900562435"},"geometry":{"type":"Polygon","coordinates":[[[-110.95622,32.231884],[-110.956218,32.23221],[-110.955822,32.23221],[-110.955821,32.23213],[-110.95622,32.231884]]]}},{"type":"Feature","properties":{"kind":"vegetation","name":null,"osm":"way/900562437"},"geometry":{"type":"Polygon","coordinates":[[[-110.955588,32.232254],[-110.955588,32.232235],[-110.955332,32.232233],[-110.955269,32.23226],[-110.955363,32.232298],[-110.955392,32.232312],[-110.955408,32.232322],[-110.955418,32.232333],[-110.955445,32.232331],[-110.955444,32.232255],[-110.955588,32.232254]]]}},{"type":"Feature","properties":{"kind":"vegetation","name":null,"osm":"way/900562438"},"geometry":{"type":"Polygon","coordinates":[[[-110.955425,32.232405],[-110.955219,32.232404],[-110.955219,32.232352],[-110.955264,32.232353],[-110.955265,32.232321],[-110.95522,32.23232],[-110.955222,32.232308],[-110.955227,32.232299],[-110.95524,32.232283],[-110.955255,32.232268],[-110.95538,32.23232],[-110.955392,32.232328],[-110.955403,32.232339],[-110.955415,32.232353],[-110.955421,32.232365],[-110.955424,32.232378],[-110.955425,32.232405]]]}},{"type":"Feature","properties":{"kind":"vegetation","name":null,"osm":"way/900562439"},"geometry":{"type":"Polygon","coordinates":[[[-110.956211,32.232635],[-110.956218,32.23223],[-110.95595,32.232231],[-110.95595,32.232254],[-110.956097,32.232253],[-110.956098,32.232576],[-110.95607,32.232576],[-110.95607,32.232636],[-110.956211,32.232635]]]}},{"type":"Feature","properties":{"kind":"vegetation","name":null,"osm":"way/905937841"},"geometry":{"type":"Polygon","coordinates":[[[-110.973655,32.170346],[-110.971574,32.170348],[-110.971573,32.169918],[-110.971246,32.169785],[-110.971355,32.16962],[-110.971379,32.169585],[-110.972499,32.169615],[-110.972506,32.169981],[-110.973666,32.169987],[-110.973655,32.170346]]]}},{"type":"Feature","properties":{"kind":"vegetation","name":null,"osm":"way/906971563"},"geometry":{"type":"Polygon","coordinates":[[[-110.941594,32.167631],[-110.94151,32.167569],[-110.941585,32.167505],[-110.94166,32.167578],[-110.941594,32.167631]]]}},{"type":"Feature","properties":{"kind":"vegetation","name":null,"osm":"way/909228011"},"geometry":{"type":"Polygon","coordinates":[[[-110.95387,32.22029],[-110.953696,32.220296],[-110.953494,32.220279],[-110.953423,32.220199],[-110.953384,32.219981],[-110.953468,32.219992],[-110.95352,32.22003],[-110.953574,32.220099],[-110.953616,32.220133],[-110.953674,32.220149],[-110.953757,32.22014],[-110.953806,32.220152],[-110.953891,32.220199],[-110.953909,32.220284],[-110.95387,32.22029]]]}},{"type":"Feature","properties":{"kind":"vegetation","name":null,"osm":"way/909228015"},"geometry":{"type":"Polygon","coordinates":[[[-110.952602,32.217329],[-110.952448,32.217318],[-110.952246,32.217238],[-110.951969,32.217151],[-110.951917,32.217112],[-110.951914,32.21701],[-110.951968,32.216963],[-110.952086,32.216929],[-110.952327,32.216935],[-110.952419,32.21696],[-110.952496,32.217056],[-110.952517,32.217226],[-110.952602,32.217329]]]}},{"type":"Feature","properties":{"kind":"vegetation","name":null,"osm":"way/909393857"},"geometry":{"type":"Polygon","coordinates":[[[-110.970802,32.211272],[-110.970594,32.211275],[-110.970593,32.211078],[-110.970798,32.211075],[-110.970802,32.211272]]]}},{"type":"Feature","properties":{"kind":"vegetation","name":"Mission Garden","osm":"way/909725325"},"geometry":{"type":"Polygon","coordinates":[[[-110.987733,32.213925],[-110.987606,32.212832],[-110.986407,32.213054],[-110.986533,32.21415],[-110.987733,32.213925]]]}},{"type":"Feature","properties":{"kind":"vegetation","name":null,"osm":"way/909794770"},"geometry":{"type":"Polygon","coordinates":[[[-110.962996,32.222433],[-110.962722,32.222434],[-110.962722,32.222304],[-110.962996,32.222303],[-110.962996,32.222433]]]}},{"type":"Feature","properties":{"kind":"vegetation","name":null,"osm":"way/971044889"},"geometry":{"type":"Polygon","coordinates":[[[-110.961575,32.226599],[-110.961575,32.226563],[-110.96158,32.226551],[-110.961587,32.226543],[-110.961597,32.226537],[-110.961617,32.226532],[-110.96163,32.226532],[-110.961649,32.226528],[-110.961664,32.226522],[-110.961678,32.226513],[-110.961698,32.226497],[-110.961707,32.226485],[-110.961713,32.226474],[-110.961715,32.226461],[-110.961717,32.226442],[-110.961718,32.226426],[-110.961723,32.226414],[-110.961738,32.226401],[-110.961761,32.226385],[-110.961776,32.22638],[-110.961996,32.226379],[-110.962001,32.22638],[-110.962011,32.226386],[-110.961983,32.226414],[-110.961958,32.226439],[-110.961932,32.226469],[-110.961921,32.226484],[-110.961908,32.226502],[-110.961899,32.226517],[-110.961888,32.226541],[-110.961881,32.226558],[-110.961875,32.22658],[-110.961873,32.226591],[-110.96187,32.226594],[-110.961865,32.226597],[-110.961857,32.2266],[-110.961575,32.226599]]]}},{"type":"Feature","properties":{"kind":"vegetation","name":null,"osm":"way/971044993"},"geometry":{"type":"Polygon","coordinates":[[[-110.961873,32.226668],[-110.961748,32.22667],[-110.961748,32.226691],[-110.961556,32.226692],[-110.961556,32.226623],[-110.961575,32.226623],[-110.961853,32.226622],[-110.961861,32.226623],[-110.961866,32.226626],[-110.961871,32.226631],[-110.961872,32.226637],[-110.961873,32.226668]]]}},{"type":"Feature","properties":{"kind":"vegetation","name":null,"osm":"way/971044994"},"geometry":{"type":"Polygon","coordinates":[[[-110.96193,32.2266],[-110.962043,32.226598],[-110.962042,32.226428],[-110.962041,32.226424],[-110.962038,32.226422],[-110.962031,32.226421],[-110.962017,32.226427],[-110.961998,32.226441],[-110.961965,32.226479],[-110.961942,32.226507],[-110.961926,32.226533],[-110.961916,32.226559],[-110.96191,32.226577],[-110.96191,32.226584],[-110.961911,32.226589],[-110.961914,32.226594],[-110.961921,32.226597],[-110.96193,32.2266]]]}},{"type":"Feature","properties":{"kind":"vegetation","name":null,"osm":"way/973885364"},"geometry":{"type":"Polygon","coordinates":[[[-110.980225,32.173163],[-110.980075,32.1731],[-110.979404,32.172815],[-110.979486,32.172013],[-110.979549,32.171984],[-110.980229,32.171983],[-110.980225,32.173163]]]}},{"type":"Feature","properties":{"kind":"vegetation","name":null,"osm":"way/975085110"},"geometry":{"type":"Polygon","coordinates":[[[-110.985921,32.229321],[-110.985776,32.229312],[-110.985783,32.229248],[-110.985919,32.22931],[-110.985921,32.229321]]]}},{"type":"Feature","properties":{"kind":"vegetation","name":null,"osm":"way/975085112"},"geometry":{"type":"Polygon","coordinates":[[[-110.986017,32.22891],[-110.985726,32.229017],[-110.985649,32.229008],[-110.985498,32.228644],[-110.985379,32.228695],[-110.985602,32.229101],[-110.985769,32.229109],[-110.985774,32.229073],[-110.985882,32.229035],[-110.985915,32.228992],[-110.986016,32.229025],[-110.986033,32.228999],[-110.986017,32.22891]]]}},{"type":"Feature","properties":{"kind":"vegetation","name":null,"osm":"way/975085149"},"geometry":{"type":"Polygon","coordinates":[[[-110.989319,32.22952],[-110.989253,32.229501],[-110.989147,32.229554],[-110.989043,32.229561],[-110.98902,32.229559],[-110.988961,32.229563],[-110.988907,32.2296],[-110.988815,32.229594],[-110.988793,32.229569],[-110.988494,32.229598],[-110.988477,32.229636],[-110.988197,32.229648],[-110.988189,32.229618],[-110.988431,32.22959],[-110.988443,32.229558],[-110.988535,32.229564],[-110.98857,32.229554],[-110.988927,32.229525],[-110.989027,32.229499],[-110.989218,32.229469],[-110.989333,32.229412],[-110.989326,32.229347],[-110.989393,32.229344],[-110.989361,32.22944],[-110.989389,32.229472],[-110.98935,32.229497],[-110.989319,32.22952]]]}},{"type":"Feature","properties":{"kind":"vegetation","name":null,"osm":"way/975085162"},"geometry":{"type":"Polygon","coordinates":[[[-110.988666,32.229063],[-110.988518,32.22908],[-110.988528,32.228939],[-110.988528,32.22891],[-110.988511,32.228912],[-110.988482,32.228758],[-110.98855,32.228747],[-110.98856,32.228804],[-110.988621,32.228801],[-110.988637,32.228949],[-110.988805,32.228966],[-110.988805,32.229005],[-110.988669,32.229012],[-110.988666,32.229063]]]}},{"type":"Feature","properties":{"kind":"vegetation","name":null,"osm":"way/975085170"},"geometry":{"type":"Polygon","coordinates":[[[-110.988478,32.228746],[-110.988381,32.228702],[-110.988372,32.228638],[-110.988438,32.228632],[-110.988521,32.228686],[-110.988478,32.228746]]]}},{"type":"Feature","properties":{"kind":"vegetation","name":null,"osm":"way/975277151"},"geometry":{"type":"Polygon","coordinates":[[[-110.990555,32.226454],[-110.990239,32.226625],[-110.989446,32.226686],[-110.989408,32.226253],[-110.989662,32.226249],[-110.989806,32.226185],[-110.989825,32.226062],[-110.989792,32.225903],[-110.989707,32.225848],[-110.989354,32.225877],[-110.989245,32.225099],[-110.989572,32.225332],[-110.989705,32.225464],[-110.989709,32.22568],[-110.989984,32.225662],[-110.989992,32.225725],[-110.990261,32.225705],[-110.990271,32.22578],[-110.990517,32.225755],[-110.990555,32.226454]]]}},{"type":"Feature","properties":{"kind":"water","name":null,"osm":"way/977416799"},"geometry":{"type":"Polygon","coordinates":[[[-110.938465,32.21588],[-110.938467,32.215915],[-110.938509,32.215914],[-110.938508,32.215879],[-110.938465,32.21588]]]}},{"type":"Feature","properties":{"kind":"vegetation","name":"Mariposa Park","osm":"way/978883261"},"geometry":{"type":"Polygon","coordinates":[[[-110.964249,32.172702],[-110.963765,32.172704],[-110.963767,32.172319],[-110.964247,32.172321],[-110.964249,32.172702]]]}},{"type":"Feature","properties":{"kind":"vegetation","name":null,"osm":"way/979717954"},"geometry":{"type":"Polygon","coordinates":[[[-110.953199,32.177759],[-110.952559,32.177782],[-110.952384,32.177617],[-110.952412,32.177593],[-110.952507,32.177678],[-110.952534,32.177666],[-110.95259,32.177718],[-110.953196,32.177709],[-110.953199,32.177759]]]}},{"type":"Feature","properties":{"kind":"vegetation","name":null,"osm":"way/984125803"},"geometry":{"type":"Polygon","coordinates":[[[-110.971238,32.212563],[-110.971039,32.212561],[-110.971052,32.212528],[-110.971055,32.212498],[-110.971044,32.212457],[-110.97103,32.212439],[-110.971236,32.212441],[-110.971238,32.212563]]]}},{"type":"Feature","properties":{"kind":"vegetation","name":null,"osm":"way/985197207"},"geometry":{"type":"Polygon","coordinates":[[[-110.960913,32.233552],[-110.960816,32.233549],[-110.960801,32.233373],[-110.960686,32.233103],[-110.960912,32.233102],[-110.960913,32.233552]]]}},{"type":"Feature","properties":{"kind":"vegetation","name":null,"osm":"way/985637668"},"geometry":{"type":"Polygon","coordinates":[[[-110.987246,32.219966],[-110.987225,32.219839],[-110.987336,32.219823],[-110.987336,32.219863],[-110.987312,32.219876],[-110.987285,32.219881],[-110.987269,32.219909],[-110.987273,32.219961],[-110.987246,32.219966]]]}},{"type":"Feature","properties":{"kind":"vegetation","name":null,"osm":"way/985637674"},"geometry":{"type":"Polygon","coordinates":[[[-110.98743,32.219703],[-110.987366,32.219693],[-110.987302,32.219698],[-110.987301,32.219685],[-110.987249,32.219689],[-110.987251,32.219703],[-110.987149,32.219712],[-110.987146,32.219661],[-110.987279,32.219647],[-110.987421,32.219646],[-110.98743,32.219703]]]}},{"type":"Feature","properties":{"kind":"vegetation","name":null,"osm":"way/986783820"},"geometry":{"type":"Polygon","coordinates":[[[-110.982179,32.231133],[-110.981852,32.231365],[-110.981716,32.231478],[-110.981456,32.231508],[-110.981263,32.231193],[-110.981182,32.230927],[-110.981308,32.230919],[-110.981389,32.230889],[-110.981435,32.230824],[-110.981399,32.230659],[-110.981306,32.230596],[-110.98101,32.230357],[-110.980836,32.230155],[-110.981097,32.229944],[-110.981201,32.230096],[-110.981309,32.230168],[-110.981391,32.230174],[-110.981536,32.230113],[-110.981727,32.229881],[-110.981864,32.229902],[-110.982179,32.231133]]]}},{"type":"Feature","properties":{"kind":"vegetation","name":null,"osm":"way/986783821"},"geometry":{"type":"Polygon","coordinates":[[[-110.980071,32.235155],[-110.979957,32.235037],[-110.979946,32.234995],[-110.979821,32.234964],[-110.979136,32.234199],[-110.979395,32.233908],[-110.9801,32.23381],[-110.980723,32.234822],[-110.980071,32.235155]]]}},{"type":"Feature","properties":{"kind":"vegetation","name":null,"osm":"way/986783822"},"geometry":{"type":"Polygon","coordinates":[[[-110.978717,32.228791],[-110.978483,32.228888],[-110.978443,32.228827],[-110.978412,32.228803],[-110.978282,32.228866],[-110.978279,32.228623],[-110.97892,32.228372],[-110.979352,32.228614],[-110.979239,32.228657],[-110.978775,32.228863],[-110.978717,32.228791]]]}},{"type":"Feature","properties":{"kind":"vegetation","name":null,"osm":"way/986783852"},"geometry":{"type":"Polygon","coordinates":[[[-110.963928,32.228465],[-110.963648,32.228469],[-110.963642,32.228187],[-110.963922,32.228183],[-110.963928,32.228465]]]}},{"type":"Feature","properties":{"kind":"vegetation","name":null,"osm":"way/986783855"},"geometry":{"type":"Polygon","coordinates":[[[-110.962666,32.228187],[-110.962662,32.227868],[-110.963272,32.227865],[-110.963275,32.228194],[-110.962812,32.228194],[-110.96279,32.22819],[-110.962769,32.228192],[-110.962739,32.228192],[-110.962666,32.228187]]]}},{"type":"Feature","properties":{"kind":"vegetation","name":null,"osm":"way/1012923436"},"geometry":{"type":"Polygon","coordinates":[[[-110.990058,32.193445],[-110.98951,32.193455],[-110.989498,32.193152],[-110.990048,32.193139],[-110.990058,32.193445]]]}},{"type":"Feature","properties":{"kind":"vegetation","name":null,"osm":"way/1013236308"},"geometry":{"type":"Polygon","coordinates":[[[-110.967304,32.198326],[-110.967004,32.198323],[-110.967005,32.198266],[-110.967006,32.19813],[-110.967162,32.198132],[-110.967307,32.198133],[-110.967305,32.198259],[-110.967304,32.198326]]]}},{"type":"Feature","properties":{"kind":"water","name":null,"osm":"way/1017040009"},"geometry":{"type":"Polygon","coordinates":[[[-110.973086,32.223073],[-110.973079,32.223081],[-110.973067,32.223083],[-110.973057,32.223078],[-110.973054,32.223067],[-110.973061,32.223059],[-110.973073,32.223057],[-110.973084,32.223062],[-110.973086,32.223073]]]}},{"type":"Feature","properties":{"kind":"vegetation","name":null,"osm":"way/1017040010"},"geometry":{"type":"Polygon","coordinates":[[[-110.97307,32.223147],[-110.973073,32.223145],[-110.973075,32.223141],[-110.973073,32.223134],[-110.973063,32.223103],[-110.973039,32.223091],[-110.973031,32.223066],[-110.973045,32.223045],[-110.973031,32.223003],[-110.972947,32.223023],[-110.972993,32.223166],[-110.97307,32.223147]]]}},{"type":"Feature","properties":{"kind":"vegetation","name":null,"osm":"way/1017040011"},"geometry":{"type":"Polygon","coordinates":[[[-110.973156,32.223127],[-110.973117,32.223137],[-110.973113,32.223137],[-110.973109,32.223136],[-110.973096,32.223095],[-110.97311,32.223073],[-110.973102,32.22305],[-110.973078,32.223037],[-110.973064,32.222994],[-110.973139,32.222976],[-110.973171,32.223077],[-110.973141,32.223084],[-110.973156,32.223127]]]}},{"type":"Feature","properties":{"kind":"vegetation","name":null,"osm":"way/1017040012"},"geometry":{"type":"Polygon","coordinates":[[[-110.973079,32.223174],[-110.973083,32.223174],[-110.973087,32.223177],[-110.97313,32.223313],[-110.973048,32.223331],[-110.973002,32.223193],[-110.973079,32.223174]]]}},{"type":"Feature","properties":{"kind":"vegetation","name":null,"osm":"way/1017040013"},"geometry":{"type":"Polygon","coordinates":[[[-110.973165,32.223155],[-110.973123,32.223164],[-110.97312,32.223166],[-110.973119,32.223169],[-110.97312,32.223174],[-110.973162,32.223305],[-110.97324,32.223289],[-110.973208,32.223192],[-110.973178,32.223199],[-110.973165,32.223155]]]}},{"type":"Feature","properties":{"kind":"water","name":null,"osm":"way/1017040016"},"geometry":{"type":"Polygon","coordinates":[[[-110.97342,32.223067],[-110.973428,32.222997],[-110.973431,32.222989],[-110.973435,32.222986],[-110.973441,32.222987],[-110.973449,32.222994],[-110.973494,32.223048],[-110.97342,32.223067]]]}},{"type":"Feature","properties":{"kind":"water","name":null,"osm":"way/1017040019"},"geometry":{"type":"Polygon","coordinates":[[[-110.973502,32.223079],[-110.973494,32.223151],[-110.973491,32.223157],[-110.973488,32.223159],[-110.973483,32.223158],[-110.973476,32.223153],[-110.973427,32.223096],[-110.973502,32.223079]]]}},{"type":"Feature","properties":{"kind":"vegetation","name":null,"osm":"way/1044316615"},"geometry":{"type":"Polygon","coordinates":[[[-110.972975,32.20358],[-110.972355,32.203582],[-110.972347,32.203141],[-110.972389,32.203145],[-110.972439,32.203172],[-110.972989,32.203455],[-110.972975,32.20358]]]}},{"type":"Feature","properties":{"kind":"vegetation","name":"Victor Soltero Park","osm":"way/1044316697"},"geometry":{"type":"Polygon","coordinates":[[[-110.962248,32.194256],[-110.962,32.194257],[-110.962039,32.194048],[-110.962252,32.194046],[-110.962248,32.194256]]]}},{"type":"Feature","properties":{"kind":"vegetation","name":"El Rio Community Garden","osm":"way/1045109654"},"geometry":{"type":"Polygon","coordinates":[[[-110.986966,32.221405],[-110.986831,32.221414],[-110.986823,32.221328],[-110.986606,32.221344],[-110.986592,32.221193],[-110.986943,32.221169],[-110.986966,32.221405]]]}},{"type":"Feature","properties":{"kind":"vegetation","name":"Sonoran Landscape Laboratory","osm":"way/1047697357"},"geometry":{"type":"Polygon","coordinates":[[[-110.953891,32.235557],[-110.953888,32.235426],[-110.954449,32.235419],[-110.954452,32.23555],[-110.953891,32.235557]]]}},{"type":"Feature","properties":{"kind":"water","name":null,"osm":"way/1053145209"},"geometry":{"type":"Polygon","coordinates":[[[-110.951427,32.216818],[-110.951078,32.21724],[-110.949592,32.217076],[-110.9489,32.216981],[-110.948052,32.216636],[-110.948326,32.216232],[-110.950595,32.216223],[-110.950568,32.215021],[-110.950681,32.214912],[-110.951271,32.214925],[-110.951368,32.214993],[-110.951427,32.216818]]]}},{"type":"Feature","properties":{"kind":"vegetation","name":"Las Milpitas de Cottonwood Community Farm","osm":"way/1056245265"},"geometry":{"type":"Polygon","coordinates":[[[-110.989206,32.195421],[-110.990287,32.195434],[-110.990286,32.195336],[-110.990263,32.192361],[-110.989172,32.192365],[-110.989206,32.195421]]]}},{"type":"Feature","properties":{"kind":"water","name":"Julian Wash","osm":"way/1056690859"},"geometry":{"type":"Polygon","coordinates":[[[-110.946125,32.17356],[-110.945449,32.173398],[-110.945122,32.173401],[-110.944024,32.173401],[-110.943551,32.173376],[-110.943242,32.173361],[-110.942988,32.173329],[-110.942728,32.173278],[-110.9425,32.173197],[-110.94224,32.173078],[-110.941974,32.172904],[-110.941703,32.172659],[-110.94151,32.172392],[-110.941185,32.171957],[-110.940695,32.171357],[-110.940578,32.171305],[-110.941016,32.171136],[-110.941103,32.171295],[-110.941283,32.171601],[-110.941794,32.172347],[-110.942035,32.172603],[-110.942357,32.172829],[-110.942644,32.172977],[-110.942915,32.173066],[-110.94323,32.173102],[-110.944241,32.173175],[-110.94639,32.173319],[-110.946429,32.173286],[-110.946932,32.173322],[-110.947127,32.173374],[-110.947847,32.173511],[-110.948474,32.173559],[-110.949079,32.173534],[-110.949343,32.173565],[-110.949674,32.173644],[-110.950081,32.17379],[-110.950376,32.173925],[-110.952287,32.174895],[-110.952323,32.174867],[-110.952831,32.175127],[-110.95297,32.17524],[-110.953754,32.17564],[-110.954296,32.175971],[-110.954544,32.176147],[-110.955112,32.176495],[-110.955701,32.176953],[-110.956095,32.177214],[-110.956157,32.177257],[-110.956084,32.177345],[-110.95562,32.17705],[-110.954944,32.176706],[-110.953859,32.176023],[-110.953374,32.175746],[-110.952829,32.175484],[-110.952206,32.175163],[-110.951587,32.174874],[-110.950837,32.174492],[-110.950265,32.174203],[-110.95023,32.174228],[-110.94995,32.174056],[-110.949658,32.173941],[-110.949395,32.173868],[-110.949081,32.173808],[-110.948453,32.173668],[-110.947814,32.17362],[-110.947156,32.173641],[-110.946125,32.17356]]]}},{"type":"Feature","properties":{"kind":"water","name":"Tucson Diversion Channel","osm":"way/1056690863"},"geometry":{"type":"Polygon","coordinates":[[[-110.937034,32.179701],[-110.93705,32.179619],[-110.937859,32.178598],[-110.938139,32.178166],[-110.938507,32.177718],[-110.938921,32.177316],[-110.939412,32.176705],[-110.939696,32.176423],[-110.939663,32.176404],[-110.940063,32.175908],[-110.940104,32.175925],[-110.940435,32.175442],[-110.940706,32.175109],[-110.940974,32.174779],[-110.941339,32.174408],[-110.941305,32.174381],[-110.941476,32.174206],[-110.941704,32.174037],[-110.941878,32.173937],[-110.942165,32.173823],[-110.942373,32.173771],[-110.942752,32.173718],[-110.942968,32.173723],[-110.943352,32.173677],[-110.944273,32.173611],[-110.944991,32.173594],[-110.945439,32.173575],[-110.945767,32.173564],[-110.946125,32.17356],[-110.945449,32.173398],[-110.945122,32.173401],[-110.944024,32.173401],[-110.942513,32.173499],[-110.942098,32.173587],[-110.941766,32.173716],[-110.941542,32.173844],[-110.941333,32.173999],[-110.941135,32.174197],[-110.940672,32.174772],[-110.940243,32.17531],[-110.939913,32.175704],[-110.938706,32.17718],[-110.938403,32.17766],[-110.938025,32.178117],[-110.937637,32.178512],[-110.937323,32.178883],[-110.937001,32.179277],[-110.937006,32.179331],[-110.936729,32.179613],[-110.936613,32.17962],[-110.936579,32.179697],[-110.936532,32.179757],[-110.93691,32.179933],[-110.937044,32.179757],[-110.937034,32.179701]]]}},{"type":"Feature","properties":{"kind":"vegetation","name":"Desert Haven Natural Resource Park","osm":"way/1056700205"},"geometry":{"type":"Polygon","coordinates":[[[-110.945707,32.190133],[-110.944885,32.188575],[-110.943689,32.188583],[-110.94377,32.192261],[-110.945575,32.192251],[-110.945235,32.191545],[-110.945049,32.190342],[-110.945707,32.190133]]]}},{"type":"Feature","properties":{"kind":"water","name":null,"osm":"way/1056708739"},"geometry":{"type":"Polygon","coordinates":[[[-110.945671,32.19575],[-110.945618,32.195751],[-110.945354,32.195755],[-110.945074,32.19576],[-110.945054,32.194916],[-110.944979,32.194745],[-110.944975,32.193102],[-110.945403,32.193087],[-110.945433,32.193035],[-110.94543,32.192581],[-110.945573,32.192575],[-110.945595,32.19264],[-110.945623,32.193105],[-110.945761,32.193312],[-110.945792,32.19342],[-110.945784,32.193529],[-110.945729,32.193697],[-110.945638,32.193899],[-110.945556,32.194497],[-110.945589,32.194666],[-110.945827,32.195064],[-110.945833,32.195194],[-110.945631,32.195605],[-110.945644,32.195655],[-110.945671,32.19575]]]}},{"type":"Feature","properties":{"kind":"water","name":null,"osm":"way/1056708740"},"geometry":{"type":"Polygon","coordinates":[[[-110.945671,32.19575],[-110.946263,32.197224],[-110.94655,32.197596],[-110.946557,32.197673],[-110.946562,32.197731],[-110.946567,32.19779],[-110.945086,32.197809],[-110.945024,32.197772],[-110.944998,32.196288],[-110.945071,32.196053],[-110.945074,32.19576],[-110.945354,32.195755],[-110.945618,32.195751],[-110.945671,32.19575]]]}},{"type":"Feature","properties":{"kind":"water","name":null,"osm":"way/1056708761"},"geometry":{"type":"Polygon","coordinates":[[[-110.95123,32.205973],[-110.951227,32.205678],[-110.951284,32.205677],[-110.951289,32.20564],[-110.95123,32.205638],[-110.95122,32.204881],[-110.950594,32.204449],[-110.950215,32.204457],[-110.950243,32.204726],[-110.949937,32.204727],[-110.950123,32.20597],[-110.95123,32.205973]]]}},{"type":"Feature","properties":{"kind":"vegetation","name":null,"osm":"way/1056953173"},"geometry":{"type":"Polygon","coordinates":[[[-110.963271,32.216277],[-110.963413,32.216275],[-110.963408,32.216007],[-110.963267,32.216008],[-110.963271,32.216277]]]}},{"type":"Feature","properties":{"kind":"vegetation","name":"Santa Rosa Park","osm":"way/1056953207"},"geometry":{"type":"Polygon","coordinates":[[[-110.972501,32.208829],[-110.972501,32.209489],[-110.972681,32.209489],[-110.972686,32.210276],[-110.972479,32.210278],[-110.972476,32.210593],[-110.972883,32.210597],[-110.972885,32.21039],[-110.973808,32.210383],[-110.973798,32.209913],[-110.97453,32.209914],[-110.974525,32.208999],[-110.973744,32.20901],[-110.973734,32.208807],[-110.972501,32.208829]]]}},{"type":"Feature","properties":{"kind":"vegetation","name":"El Parque de San Cosme","osm":"way/1056989067"},"geometry":{"type":"Polygon","coordinates":[[[-110.977691,32.215641],[-110.977708,32.215173],[-110.976922,32.215357],[-110.97697,32.215581],[-110.976892,32.216131],[-110.976941,32.216133],[-110.977269,32.215504],[-110.977386,32.215477],[-110.977621,32.215583],[-110.977656,32.21564],[-110.977691,32.215641]]]}},{"type":"Feature","properties":{"kind":"vegetation","name":"Rosendo S. Perez Park","osm":"way/1056989079"},"geometry":{"type":"Polygon","coordinates":[[[-110.97488,32.216207],[-110.974508,32.216228],[-110.974491,32.215889],[-110.974911,32.215805],[-110.97488,32.216207]]]}},{"type":"Feature","properties":{"kind":"vegetation","name":"Parque de Orlando y Diego Mendoza","osm":"way/1056989101"},"geometry":{"type":"Polygon","coordinates":[[[-110.972063,32.212126],[-110.972063,32.212389],[-110.971719,32.212393],[-110.971718,32.212141],[-110.971751,32.212123],[-110.972063,32.212126]]]}},{"type":"Feature","properties":{"kind":"vegetation","name":null,"osm":"way/1057002264"},"geometry":{"type":"Polygon","coordinates":[[[-110.956214,32.217849],[-110.956393,32.217841],[-110.956365,32.218017],[-110.956322,32.218141],[-110.956216,32.218323],[-110.956214,32.217849]]]}},{"type":"Feature","properties":{"kind":"vegetation","name":null,"osm":"way/1057019444"},"geometry":{"type":"Polygon","coordinates":[[[-110.982809,32.234127],[-110.983199,32.234807],[-110.982992,32.234052],[-110.982809,32.234127]]]}},{"type":"Feature","properties":{"kind":"vegetation","name":"Carmelin Castro Ítom Usím Children's Park","osm":"way/1057245423"},"geometry":{"type":"Polygon","coordinates":[[[-110.975577,32.189311],[-110.977469,32.189291],[-110.977459,32.188905],[-110.976965,32.188909],[-110.976786,32.18891],[-110.976781,32.188624],[-110.976646,32.188622],[-110.976659,32.188882],[-110.976456,32.188879],[-110.976448,32.188623],[-110.975274,32.188618],[-110.975109,32.188571],[-110.97465,32.188376],[-110.97464,32.18895],[-110.975222,32.188953],[-110.975223,32.188993],[-110.975387,32.188992],[-110.975388,32.189036],[-110.975579,32.189037],[-110.975577,32.189311]]]}},{"type":"Feature","properties":{"kind":"vegetation","name":"Julian Wash Greenway","osm":"way/1057245425"},"geometry":{"type":"Polygon","coordinates":[[[-110.977679,32.188751],[-110.977727,32.189294],[-110.981149,32.189294],[-110.981371,32.189029],[-110.980392,32.189031],[-110.980676,32.188766],[-110.977679,32.188751]]]}},{"type":"Feature","properties":{"kind":"water","name":null,"osm":"way/1057245430"},"geometry":{"type":"Polygon","coordinates":[[[-110.98333,32.188817],[-110.983079,32.188241],[-110.983046,32.188224],[-110.982961,32.188373],[-110.982961,32.18842],[-110.983218,32.188897],[-110.983218,32.189048],[-110.983342,32.189054],[-110.983344,32.188978],[-110.983347,32.188864],[-110.98333,32.188817]]]}},{"type":"Feature","properties":{"kind":"water","name":null,"osm":"way/1057245431"},"geometry":{"type":"Polygon","coordinates":[[[-110.970581,32.185186],[-110.972229,32.186426],[-110.972601,32.186766],[-110.973188,32.187429],[-110.973544,32.187797],[-110.973814,32.18801],[-110.974113,32.188223],[-110.974298,32.188344],[-110.974406,32.188405],[-110.974428,32.188416],[-110.97448,32.188443],[-110.974553,32.188481],[-110.974602,32.188507],[-110.974626,32.188519],[-110.9747,32.188559],[-110.975296,32.188817],[-110.975737,32.188956],[-110.976042,32.189034],[-110.976457,32.189104],[-110.976786,32.18915],[-110.977229,32.189168],[-110.979396,32.189164],[-110.982811,32.18916],[-110.983401,32.189164],[-110.98356,32.189244],[-110.984091,32.189271],[-110.984883,32.189267],[-110.985176,32.189316],[-110.985549,32.189479],[-110.985857,32.18974],[-110.985917,32.189851],[-110.986074,32.189999],[-110.986121,32.189984],[-110.987207,32.191002],[-110.98725,32.191036],[-110.986855,32.189749],[-110.986004,32.189241],[-110.985488,32.189016],[-110.984885,32.188979],[-110.983578,32.188971],[-110.983344,32.188978],[-110.983342,32.189054],[-110.983218,32.189048],[-110.977408,32.189061],[-110.976998,32.189049],[-110.976745,32.189028],[-110.976746,32.188974],[-110.976692,32.188972],[-110.976693,32.18902],[-110.976313,32.188969],[-110.975977,32.188898],[-110.975658,32.188812],[-110.975295,32.18869],[-110.974964,32.188555],[-110.974678,32.188419],[-110.974627,32.188391],[-110.974603,32.188377],[-110.974551,32.188348],[-110.974482,32.188309],[-110.974428,32.188278],[-110.974407,32.188267],[-110.974354,32.188237],[-110.974055,32.188038],[-110.973833,32.187871],[-110.973626,32.187697],[-110.973424,32.187499],[-110.97322,32.187284],[-110.972706,32.186703],[-110.972449,32.186456],[-110.972196,32.186251],[-110.971939,32.186056],[-110.970689,32.185119],[-110.970575,32.185019],[-110.970539,32.184988],[-110.97053,32.18498],[-110.970312,32.184982],[-110.970356,32.185019],[-110.970492,32.18512],[-110.970581,32.185186]]]}},{"type":"Feature","properties":{"kind":"vegetation","name":null,"osm":"way/1057260053"},"geometry":{"type":"Polygon","coordinates":[[[-110.985619,32.206052],[-110.985093,32.206053],[-110.985092,32.206006],[-110.984559,32.206],[-110.98456,32.205959],[-110.98486,32.205951],[-110.984859,32.205729],[-110.98531,32.205725],[-110.98531,32.205956],[-110.985619,32.205954],[-110.985619,32.206052]]]}},{"type":"Feature","properties":{"kind":"vegetation","name":null,"osm":"way/1057260054"},"geometry":{"type":"Polygon","coordinates":[[[-110.984385,32.205883],[-110.984386,32.20573],[-110.983861,32.205729],[-110.983861,32.205818],[-110.983495,32.205811],[-110.983513,32.206134],[-110.983547,32.206177],[-110.9837,32.20617],[-110.983693,32.205883],[-110.984385,32.205883]]]}},{"type":"Feature","properties":{"kind":"vegetation","name":null,"osm":"way/1057260057"},"geometry":{"type":"Polygon","coordinates":[[[-110.983953,32.206587],[-110.983692,32.206582],[-110.983697,32.206331],[-110.983975,32.20634],[-110.983953,32.206587]]]}},{"type":"Feature","properties":{"kind":"vegetation","name":null,"osm":"way/1057260068"},"geometry":{"type":"Polygon","coordinates":[[[-110.982219,32.208086],[-110.982667,32.207572],[-110.982744,32.20745],[-110.982782,32.207305],[-110.982781,32.207066],[-110.982727,32.206944],[-110.982927,32.206947],[-110.982944,32.207328],[-110.982909,32.207454],[-110.982667,32.20787],[-110.982667,32.208049],[-110.982999,32.208052],[-110.982991,32.208091],[-110.982219,32.208086]]]}},{"type":"Feature","properties":{"kind":"vegetation","name":null,"osm":"way/1057272616"},"geometry":{"type":"Polygon","coordinates":[[[-110.987077,32.218164],[-110.9873,32.218042],[-110.987267,32.2179],[-110.987063,32.21792],[-110.986925,32.217996],[-110.987077,32.218164]]]}},{"type":"Feature","properties":{"kind":"vegetation","name":null,"osm":"way/1057272617"},"geometry":{"type":"Polygon","coordinates":[[[-110.986421,32.21889],[-110.986389,32.218724],[-110.986024,32.218918],[-110.986039,32.21895],[-110.986421,32.21889]]]}},{"type":"Feature","properties":{"kind":"vegetation","name":null,"osm":"way/1057272620"},"geometry":{"type":"Polygon","coordinates":[[[-110.9869,32.219874],[-110.986924,32.220062],[-110.986766,32.220073],[-110.98674,32.219903],[-110.986609,32.219659],[-110.986477,32.219682],[-110.986437,32.219527],[-110.986648,32.21957],[-110.986629,32.219643],[-110.986749,32.219879],[-110.9869,32.219874]]]}},{"type":"Feature","properties":{"kind":"vegetation","name":"Sentinel Plaza Gateway Park","osm":"way/1057272634"},"geometry":{"type":"Polygon","coordinates":[[[-110.98092,32.220917],[-110.980831,32.220968],[-110.980779,32.221061],[-110.981168,32.222586],[-110.981721,32.222564],[-110.981438,32.221181],[-110.981301,32.22085],[-110.981101,32.22088],[-110.98092,32.220917]]]}},{"type":"Feature","properties":{"kind":"vegetation","name":null,"osm":"way/1057272638"},"geometry":{"type":"Polygon","coordinates":[[[-110.98218,32.221108],[-110.98213,32.220885],[-110.982322,32.220854],[-110.982372,32.221077],[-110.98218,32.221108]]]}},{"type":"Feature","properties":{"kind":"vegetation","name":null,"osm":"way/1057272639"},"geometry":{"type":"Polygon","coordinates":[[[-110.982723,32.2222],[-110.982579,32.222126],[-110.982564,32.222119],[-110.982536,32.222077],[-110.982517,32.222002],[-110.982531,32.221951],[-110.982507,32.221866],[-110.982513,32.221762],[-110.982647,32.221732],[-110.982662,32.221878],[-110.98273,32.221991],[-110.982756,32.222081],[-110.982742,32.222153],[-110.982723,32.2222]]]}},{"type":"Feature","properties":{"kind":"vegetation","name":null,"osm":"way/1057272646"},"geometry":{"type":"Polygon","coordinates":[[[-110.982999,32.226517],[-110.982746,32.22603],[-110.98271,32.22558],[-110.982844,32.225809],[-110.983026,32.225994],[-110.983202,32.226125],[-110.983358,32.226212],[-110.983554,32.226304],[-110.982999,32.226517]]]}},{"type":"Feature","properties":{"kind":"vegetation","name":"Sunset Park","osm":"way/1057676431"},"geometry":{"type":"Polygon","coordinates":[[[-110.974482,32.223109],[-110.975304,32.222851],[-110.975274,32.222751],[-110.974443,32.222864],[-110.974482,32.223109]]]}},{"type":"Feature","properties":{"kind":"vegetation","name":null,"osm":"way/1059037860"},"geometry":{"type":"Polygon","coordinates":[[[-110.990286,32.195336],[-110.989511,32.195333],[-110.989509,32.194179],[-110.990212,32.194194],[-110.990286,32.195336]]]}},{"type":"Feature","properties":{"kind":"vegetation","name":null,"osm":"way/1059097541"},"geometry":{"type":"Polygon","coordinates":[[[-110.962794,32.201975],[-110.962673,32.201974],[-110.962673,32.201814],[-110.962794,32.201815],[-110.962794,32.201975]]]}},{"type":"Feature","properties":{"kind":"vegetation","name":null,"osm":"way/1066447512"},"geometry":{"type":"Polygon","coordinates":[[[-110.935525,32.174935],[-110.935877,32.174933],[-110.936632,32.17493],[-110.936725,32.17493],[-110.936765,32.174955],[-110.936599,32.175156],[-110.936524,32.175134],[-110.936459,32.175131],[-110.936402,32.17515],[-110.936349,32.175186],[-110.936323,32.175219],[-110.936298,32.175278],[-110.936304,32.175327],[-110.936302,32.17539],[-110.936285,32.175453],[-110.93624,32.175521],[-110.936187,32.175579],[-110.936125,32.175626],[-110.936072,32.175653],[-110.936008,32.175663],[-110.935901,32.175663],[-110.935901,32.175596],[-110.935905,32.175339],[-110.935905,32.175265],[-110.935877,32.175266],[-110.935526,32.175265],[-110.935525,32.174935]]]}},{"type":"Feature","properties":{"kind":"vegetation","name":null,"osm":"way/1067255986"},"geometry":{"type":"Polygon","coordinates":[[[-110.985662,32.233057],[-110.9856,32.233012],[-110.985572,32.232974],[-110.985558,32.232922],[-110.985558,32.232869],[-110.985583,32.232795],[-110.985647,32.232712],[-110.985688,32.23266],[-110.985722,32.232586],[-110.985735,32.232533],[-110.985706,32.232437],[-110.98566,32.232342],[-110.985652,32.232302],[-110.985666,32.23225],[-110.985743,32.232065],[-110.985755,32.232003],[-110.985738,32.231956],[-110.985642,32.231857],[-110.985611,32.231812],[-110.985607,32.231777],[-110.985664,32.23165],[-110.985685,32.231652],[-110.985697,32.231626],[-110.985557,32.231561],[-110.985558,32.231527],[-110.985606,32.231501],[-110.985791,32.231494],[-110.985813,32.231541],[-110.985794,32.23156],[-110.985833,32.23163],[-110.985872,32.231959],[-110.98587,32.232004],[-110.985825,32.232107],[-110.985804,32.232283],[-110.98588,32.232676],[-110.98596,32.232755],[-110.985986,32.232969],[-110.985953,32.233009],[-110.985905,32.233024],[-110.985854,32.232973],[-110.985872,32.232953],[-110.985788,32.23292],[-110.985741,32.233042],[-110.985707,32.233037],[-110.985682,32.233041],[-110.985662,32.233057]]]}},{"type":"Feature","properties":{"kind":"vegetation","name":null,"osm":"way/1070511900"},"geometry":{"type":"Polygon","coordinates":[[[-110.970255,32.190725],[-110.97002,32.190727],[-110.970019,32.190475],[-110.970259,32.190474],[-110.970255,32.190725]]]}},{"type":"Feature","properties":{"kind":"water","name":null,"osm":"way/1086551404"},"geometry":{"type":"Polygon","coordinates":[[[-110.972577,32.221638],[-110.972578,32.221651],[-110.972569,32.221658],[-110.972555,32.221659],[-110.972544,32.22165],[-110.972543,32.221638],[-110.972552,32.221629],[-110.972567,32.221629],[-110.972572,32.221633],[-110.972577,32.221638]]]}},{"type":"Feature","properties":{"kind":"water","name":null,"osm":"way/1086551405"},"geometry":{"type":"Polygon","coordinates":[[[-110.972687,32.221555],[-110.972684,32.22158],[-110.972655,32.221582],[-110.972637,32.221591],[-110.972623,32.221578],[-110.972608,32.22157],[-110.97259,32.221564],[-110.972577,32.221612],[-110.972567,32.221629],[-110.972572,32.221633],[-110.972602,32.221609],[-110.972612,32.221616],[-110.972645,32.221604],[-110.972642,32.221598],[-110.972657,32.221591],[-110.972681,32.221597],[-110.972688,32.221597],[-110.972694,32.221596],[-110.972702,32.22159],[-110.972708,32.221582],[-110.972709,32.221576],[-110.972708,32.221569],[-110.972704,32.221562],[-110.972697,32.221558],[-110.972687,32.221555]]]}},{"type":"Feature","properties":{"kind":"vegetation","name":null,"osm":"way/1086551408"},"geometry":{"type":"Polygon","coordinates":[[[-110.973697,32.221427],[-110.973707,32.221545],[-110.973343,32.2216],[-110.973296,32.221602],[-110.973245,32.2216],[-110.97319,32.221593],[-110.973155,32.221581],[-110.973115,32.221557],[-110.973093,32.221532],[-110.973078,32.221504],[-110.973073,32.221472],[-110.973076,32.221439],[-110.973092,32.221406],[-110.973117,32.221377],[-110.97315,32.221354],[-110.973189,32.221337],[-110.973235,32.221333],[-110.973281,32.221334],[-110.97359,32.22141],[-110.973697,32.221427]]]}},{"type":"Feature","properties":{"kind":"vegetation","name":null,"osm":"way/1086854818"},"geometry":{"type":"Polygon","coordinates":[[[-110.97563,32.223873],[-110.975599,32.223879],[-110.975588,32.223879],[-110.975564,32.22387],[-110.975582,32.223869],[-110.975587,32.223866],[-110.975588,32.223859],[-110.975587,32.223854],[-110.975583,32.22385],[-110.975571,32.223849],[-110.975562,32.223852],[-110.975557,32.223833],[-110.975551,32.223812],[-110.975547,32.223797],[-110.975609,32.223782],[-110.97563,32.223873]]]}},{"type":"Feature","properties":{"kind":"vegetation","name":null,"osm":"way/1086854823"},"geometry":{"type":"Polygon","coordinates":[[[-110.975636,32.22389],[-110.975602,32.223896],[-110.975593,32.2239],[-110.975583,32.22391],[-110.975574,32.223915],[-110.975557,32.223919],[-110.975576,32.223991],[-110.9755,32.224005],[-110.975527,32.224098],[-110.975686,32.224071],[-110.975636,32.22389]]]}},{"type":"Feature","properties":{"kind":"vegetation","name":null,"osm":"way/1091731835"},"geometry":{"type":"Polygon","coordinates":[[[-110.948323,32.231108],[-110.948236,32.231109],[-110.948238,32.231289],[-110.948277,32.231286],[-110.948285,32.231279],[-110.948287,32.231269],[-110.948285,32.231257],[-110.948269,32.231246],[-110.948261,32.231235],[-110.948261,32.23122],[-110.94827,32.231203],[-110.94832,32.231164],[-110.948323,32.231108]]]}},{"type":"Feature","properties":{"kind":"vegetation","name":null,"osm":"way/1091731837"},"geometry":{"type":"Polygon","coordinates":[[[-110.94729,32.228474],[-110.94727,32.228474],[-110.947262,32.228472],[-110.947256,32.228468],[-110.947252,32.228459],[-110.947252,32.228438],[-110.947249,32.228021],[-110.947254,32.228004],[-110.947263,32.227992],[-110.947286,32.227976],[-110.947286,32.227969],[-110.947638,32.22797],[-110.947639,32.228054],[-110.947366,32.228058],[-110.947365,32.228106],[-110.947364,32.228108],[-110.947362,32.228108],[-110.947287,32.228107],[-110.94729,32.228474]]]}},{"type":"Feature","properties":{"kind":"vegetation","name":null,"osm":"way/1091731838"},"geometry":{"type":"Polygon","coordinates":[[[-110.947519,32.22962],[-110.947519,32.229661],[-110.947592,32.229662],[-110.947593,32.229616],[-110.947632,32.229614],[-110.947631,32.229686],[-110.947549,32.229684],[-110.947488,32.22968],[-110.947393,32.229669],[-110.947329,32.229658],[-110.947285,32.229649],[-110.947284,32.229631],[-110.947519,32.22962]]]}},{"type":"Feature","properties":{"kind":"vegetation","name":null,"osm":"way/1091731847"},"geometry":{"type":"Polygon","coordinates":[[[-110.946219,32.229706],[-110.94623,32.229669],[-110.946337,32.22967],[-110.946372,32.2297],[-110.946381,32.229715],[-110.946364,32.229738],[-110.94633,32.229741],[-110.946323,32.229737],[-110.946259,32.229715],[-110.946219,32.229706]]]}},{"type":"Feature","properties":{"kind":"vegetation","name":null,"osm":"way/1091731848"},"geometry":{"type":"Polygon","coordinates":[[[-110.945404,32.229756],[-110.945387,32.229731],[-110.945351,32.229716],[-110.945352,32.22974],[-110.945333,32.229741],[-110.945336,32.22985],[-110.945363,32.229848],[-110.945386,32.229839],[-110.945397,32.229828],[-110.945407,32.229808],[-110.945411,32.229782],[-110.945404,32.229756]]]}},{"type":"Feature","properties":{"kind":"vegetation","name":null,"osm":"way/1091731850"},"geometry":{"type":"Polygon","coordinates":[[[-110.945429,32.229925],[-110.945384,32.22986],[-110.94534,32.229888],[-110.945344,32.229909],[-110.945342,32.230003],[-110.945351,32.230008],[-110.945381,32.230012],[-110.945395,32.22998],[-110.945418,32.22994],[-110.945429,32.229925]]]}},{"type":"Feature","properties":{"kind":"vegetation","name":null,"osm":"way/1091731851"},"geometry":{"type":"Polygon","coordinates":[[[-110.945629,32.229605],[-110.945679,32.229703],[-110.945639,32.229718],[-110.945545,32.229744],[-110.945532,32.229744],[-110.945517,32.22974],[-110.94551,32.229703],[-110.945559,32.229634],[-110.94558,32.229634],[-110.945581,32.229627],[-110.945598,32.2296],[-110.945623,32.2296],[-110.945626,32.229602],[-110.945629,32.229605]]]}},{"type":"Feature","properties":{"kind":"vegetation","name":null,"osm":"way/1091731852"},"geometry":{"type":"Polygon","coordinates":[[[-110.94679,32.230655],[-110.946794,32.230682],[-110.946794,32.230798],[-110.946618,32.230953],[-110.946601,32.230975],[-110.946589,32.230996],[-110.946583,32.231015],[-110.946581,32.23103],[-110.946586,32.231389],[-110.946589,32.231407],[-110.946595,32.231425],[-110.946612,32.231459],[-110.946597,32.23147],[-110.946579,32.231498],[-110.94653,32.231612],[-110.946526,32.231651],[-110.9462,32.231653],[-110.946197,32.231646],[-110.946182,32.231634],[-110.946172,32.231622],[-110.946168,32.231613],[-110.946165,32.231604],[-110.946159,32.231596],[-110.946151,32.23159],[-110.94614,32.231584],[-110.946124,32.231581],[-110.946108,32.231578],[-110.946097,32.231572],[-110.946086,32.231564],[-110.946073,32.231556],[-110.94607,32.231509],[-110.946105,32.231507],[-110.946144,32.2315],[-110.946196,32.231489],[-110.946246,32.231474],[-110.946306,32.231451],[-110.946367,32.231423],[-110.946324,32.231362],[-110.946279,32.231382],[-110.946248,32.231324],[-110.946197,32.231344],[-110.946168,32.231282],[-110.946457,32.231218],[-110.946457,32.23099],[-110.946533,32.23099],[-110.946533,32.230915],[-110.946456,32.230915],[-110.946456,32.230863],[-110.946491,32.230833],[-110.946522,32.230802],[-110.94655,32.23077],[-110.946568,32.230744],[-110.946599,32.230692],[-110.946618,32.230647],[-110.946649,32.230657],[-110.946657,32.230631],[-110.946713,32.230633],[-110.946713,32.230656],[-110.94679,32.230655]]]}},{"type":"Feature","properties":{"kind":"vegetation","name":null,"osm":"way/1091731855"},"geometry":{"type":"Polygon","coordinates":[[[-110.948238,32.231385],[-110.948239,32.23148],[-110.948249,32.23148],[-110.948289,32.231444],[-110.948292,32.231436],[-110.948293,32.231423],[-110.948291,32.231407],[-110.948284,32.231396],[-110.948264,32.231388],[-110.948238,32.231385]]]}},{"type":"Feature","properties":{"kind":"vegetation","name":null,"osm":"way/1091731856"},"geometry":{"type":"Polygon","coordinates":[[[-110.948669,32.231591],[-110.948718,32.231591],[-110.948717,32.231541],[-110.94879,32.231542],[-110.948818,32.231573],[-110.948884,32.231574],[-110.948884,32.231669],[-110.948751,32.23167],[-110.948287,32.231669],[-110.948265,32.231667],[-110.948252,32.231661],[-110.948245,32.231653],[-110.948242,32.231636],[-110.94824,32.23158],[-110.94831,32.231573],[-110.948318,32.231577],[-110.948322,32.231586],[-110.948323,32.231607],[-110.948409,32.231611],[-110.948447,32.231562],[-110.948504,32.231561],[-110.948504,32.231535],[-110.948669,32.231534],[-110.948669,32.231591]]]}},{"type":"Feature","properties":{"kind":"vegetation","name":null,"osm":"way/1091731857"},"geometry":{"type":"Polygon","coordinates":[[[-110.949686,32.230882],[-110.949697,32.230871],[-110.94972,32.230858],[-110.949731,32.230847],[-110.949739,32.230831],[-110.949744,32.230802],[-110.949742,32.230777],[-110.949735,32.230761],[-110.949725,32.230751],[-110.949711,32.230748],[-110.949695,32.230748],[-110.949678,32.230755],[-110.949662,32.230767],[-110.949639,32.230799],[-110.949608,32.230839],[-110.949655,32.230839],[-110.949655,32.230851],[-110.94966,32.230851],[-110.94966,32.230861],[-110.949663,32.230863],[-110.949678,32.230863],[-110.949678,32.230867],[-110.949686,32.230867],[-110.949686,32.230882]]]}},{"type":"Feature","properties":{"kind":"vegetation","name":null,"osm":"way/1091731861"},"geometry":{"type":"Polygon","coordinates":[[[-110.954794,32.232506],[-110.954983,32.232506],[-110.954983,32.232588],[-110.954953,32.232588],[-110.954952,32.232593],[-110.954793,32.232593],[-110.954794,32.232506]]]}},{"type":"Feature","properties":{"kind":"vegetation","name":null,"osm":"way/1091731862"},"geometry":{"type":"Polygon","coordinates":[[[-110.955191,32.2323],[-110.955193,32.232297],[-110.955194,32.232291],[-110.955184,32.232265],[-110.955181,32.232261],[-110.955132,32.232296],[-110.955128,32.232303],[-110.955117,32.232309],[-110.955072,32.232325],[-110.955063,32.232331],[-110.955061,32.232389],[-110.955093,32.232361],[-110.955118,32.232346],[-110.955163,32.232322],[-110.955191,32.2323]]]}},{"type":"Feature","properties":{"kind":"vegetation","name":null,"osm":"way/1091731863"},"geometry":{"type":"Polygon","coordinates":[[[-110.95661,32.23231],[-110.95661,32.232295],[-110.956557,32.232294],[-110.956533,32.23229],[-110.956507,32.232282],[-110.95646,32.232262],[-110.956422,32.232246],[-110.956358,32.232235],[-110.956358,32.232934],[-110.956459,32.232941],[-110.95665,32.232942],[-110.956676,32.232931],[-110.95669,32.232915],[-110.956697,32.232893],[-110.956695,32.23231],[-110.95661,32.23231]]]}},{"type":"Feature","properties":{"kind":"vegetation","name":null,"osm":"way/1091731864"},"geometry":{"type":"Polygon","coordinates":[[[-110.956482,32.231803],[-110.956358,32.231845],[-110.956356,32.232217],[-110.956426,32.232226],[-110.95647,32.23224],[-110.956516,32.232261],[-110.956547,32.23227],[-110.956572,32.232272],[-110.95661,32.232272],[-110.956609,32.232225],[-110.956612,32.232225],[-110.956688,32.232224],[-110.956694,32.232224],[-110.956694,32.232184],[-110.956695,32.231834],[-110.956691,32.231822],[-110.956678,32.231812],[-110.956659,32.231805],[-110.956634,32.231802],[-110.956482,32.231803]]]}},{"type":"Feature","properties":{"kind":"vegetation","name":null,"osm":"way/1091731868"},"geometry":{"type":"Polygon","coordinates":[[[-110.948331,32.232437],[-110.948333,32.232331],[-110.948246,32.232401],[-110.948247,32.232426],[-110.948266,32.232426],[-110.948267,32.232438],[-110.948331,32.232437]]]}},{"type":"Feature","properties":{"kind":"vegetation","name":null,"osm":"way/1091731869"},"geometry":{"type":"Polygon","coordinates":[[[-110.948331,32.23221],[-110.948243,32.23221],[-110.948243,32.232282],[-110.948297,32.232282],[-110.948331,32.232252],[-110.948331,32.23221]]]}},{"type":"Feature","properties":{"kind":"vegetation","name":null,"osm":"way/1091731875"},"geometry":{"type":"Polygon","coordinates":[[[-110.946074,32.232143],[-110.946074,32.23211],[-110.945622,32.232113],[-110.945622,32.232146],[-110.946074,32.232143]]]}},{"type":"Feature","properties":{"kind":"vegetation","name":null,"osm":"way/1091731893"},"geometry":{"type":"Polygon","coordinates":[[[-110.945939,32.232165],[-110.945979,32.232164],[-110.945982,32.23217],[-110.946,32.23217],[-110.946003,32.232164],[-110.946074,32.232163],[-110.946077,32.232313],[-110.94594,32.232312],[-110.945939,32.232165]]]}},{"type":"Feature","properties":{"kind":"vegetation","name":null,"osm":"way/1091731904"},"geometry":{"type":"Polygon","coordinates":[[[-110.947876,32.232552],[-110.947876,32.232597],[-110.947796,32.232597],[-110.947777,32.232552],[-110.947876,32.232552]]]}},{"type":"Feature","properties":{"kind":"vegetation","name":null,"osm":"way/1091731905"},"geometry":{"type":"Polygon","coordinates":[[[-110.94794,32.232445],[-110.947941,32.232552],[-110.947941,32.232595],[-110.948047,32.232596],[-110.94805,32.232593],[-110.948056,32.232593],[-110.948057,32.232509],[-110.947966,32.232431],[-110.947961,32.232436],[-110.947954,32.23244],[-110.947947,32.232443],[-110.94794,32.232445]]]}},{"type":"Feature","properties":{"kind":"vegetation","name":null,"osm":"way/1091731906"},"geometry":{"type":"Polygon","coordinates":[[[-110.948003,32.232152],[-110.947919,32.232232],[-110.947921,32.232234],[-110.947907,32.232247],[-110.947905,32.232246],[-110.947897,32.232254],[-110.947896,32.232258],[-110.947897,32.232264],[-110.947899,32.232267],[-110.947928,32.232282],[-110.947939,32.232291],[-110.947948,32.2323],[-110.947956,32.232313],[-110.947982,32.232313],[-110.947995,32.232314],[-110.948012,32.232322],[-110.948034,32.232332],[-110.948047,32.232335],[-110.948059,32.232335],[-110.948059,32.232177],[-110.948052,32.232169],[-110.948043,32.232164],[-110.948003,32.232152]]]}},{"type":"Feature","properties":{"kind":"vegetation","name":null,"osm":"way/1091731909"},"geometry":{"type":"Polygon","coordinates":[[[-110.947681,32.232134],[-110.947684,32.23212],[-110.947643,32.232112],[-110.947613,32.232105],[-110.947576,32.232102],[-110.947421,32.232102],[-110.947422,32.232134],[-110.947681,32.232134]]]}},{"type":"Feature","properties":{"kind":"vegetation","name":null,"osm":"way/1091731914"},"geometry":{"type":"Polygon","coordinates":[[[-110.946677,32.23214],[-110.946678,32.232115],[-110.94668,32.232111],[-110.946685,32.232107],[-110.947332,32.232103],[-110.947333,32.232135],[-110.946677,32.23214]]]}},{"type":"Feature","properties":{"kind":"vegetation","name":null,"osm":"way/1091731916"},"geometry":{"type":"Polygon","coordinates":[[[-110.946251,32.232109],[-110.946251,32.232141],[-110.946595,32.232141],[-110.946595,32.232117],[-110.946592,32.232113],[-110.946586,32.23211],[-110.946251,32.232109]]]}},{"type":"Feature","properties":{"kind":"vegetation","name":null,"osm":"way/1091731918"},"geometry":{"type":"Polygon","coordinates":[[[-110.949243,32.232957],[-110.949593,32.233013],[-110.949593,32.233089],[-110.949585,32.233089],[-110.949585,32.233104],[-110.949593,32.233104],[-110.949594,32.233179],[-110.949243,32.233182],[-110.949243,32.232957]]]}},{"type":"Feature","properties":{"kind":"vegetation","name":null,"osm":"way/1091731919"},"geometry":{"type":"Polygon","coordinates":[[[-110.949364,32.232959],[-110.949251,32.232942],[-110.949242,32.232941],[-110.949244,32.232865],[-110.949272,32.232864],[-110.949272,32.232853],[-110.949325,32.232853],[-110.949326,32.232765],[-110.949433,32.232765],[-110.949434,32.232786],[-110.949544,32.232786],[-110.949364,32.232959]]]}},{"type":"Feature","properties":{"kind":"vegetation","name":null,"osm":"way/1091731920"},"geometry":{"type":"Polygon","coordinates":[[[-110.949593,32.232801],[-110.949584,32.232801],[-110.949584,32.232786],[-110.949573,32.232787],[-110.949557,32.232801],[-110.949562,32.232805],[-110.949547,32.232819],[-110.949542,32.232815],[-110.949384,32.232961],[-110.949586,32.232994],[-110.949588,32.23299],[-110.949593,32.232988],[-110.949593,32.232952],[-110.949584,32.232952],[-110.949584,32.232939],[-110.949593,32.232938],[-110.949593,32.232801]]]}},{"type":"Feature","properties":{"kind":"vegetation","name":null,"osm":"way/1091731921"},"geometry":{"type":"Polygon","coordinates":[[[-110.949938,32.232721],[-110.949938,32.232774],[-110.949888,32.232774],[-110.949889,32.232856],[-110.949818,32.232857],[-110.949818,32.232801],[-110.949826,32.232801],[-110.949826,32.232787],[-110.949818,32.232787],[-110.949817,32.232676],[-110.949921,32.232676],[-110.949921,32.232688],[-110.949934,32.232687],[-110.949934,32.232721],[-110.949938,32.232721]]]}},{"type":"Feature","properties":{"kind":"vegetation","name":null,"osm":"way/1091731922"},"geometry":{"type":"Polygon","coordinates":[[[-110.946379,32.238046],[-110.94638,32.2381],[-110.94637,32.2381],[-110.946371,32.238129],[-110.946361,32.238129],[-110.946361,32.238158],[-110.946352,32.238158],[-110.946353,32.238208],[-110.946069,32.23821],[-110.946069,32.238157],[-110.94606,32.238157],[-110.94606,32.23813],[-110.94605,32.23813],[-110.94605,32.238104],[-110.946041,32.238104],[-110.94604,32.238049],[-110.946379,32.238046]]]}},{"type":"Feature","properties":{"kind":"vegetation","name":null,"osm":"way/1091731962"},"geometry":{"type":"Polygon","coordinates":[[[-110.950746,32.231606],[-110.950746,32.231641],[-110.950912,32.23164],[-110.950912,32.231635],[-110.950935,32.231635],[-110.950935,32.23164],[-110.950959,32.23164],[-110.950959,32.231543],[-110.950484,32.231547],[-110.950482,32.231579],[-110.950494,32.231608],[-110.950501,32.231642],[-110.950517,32.231643],[-110.950517,32.231608],[-110.950746,32.231606]]]}},{"type":"Feature","properties":{"kind":"vegetation","name":null,"osm":"way/1091731963"},"geometry":{"type":"Polygon","coordinates":[[[-110.948341,32.230628],[-110.948309,32.230567],[-110.948279,32.2305],[-110.948338,32.230499],[-110.948338,32.230508],[-110.948351,32.230508],[-110.94835,32.230498],[-110.948655,32.230492],[-110.948655,32.23053],[-110.948599,32.230509],[-110.948596,32.230514],[-110.948631,32.230528],[-110.948598,32.23057],[-110.948563,32.23054],[-110.948471,32.230556],[-110.948437,32.230565],[-110.948409,32.230564],[-110.948375,32.230551],[-110.948351,32.230547],[-110.948344,32.230551],[-110.948342,32.230554],[-110.948345,32.230568],[-110.948361,32.230591],[-110.948387,32.230602],[-110.948392,32.230613],[-110.948394,32.230624],[-110.948387,32.230637],[-110.948376,32.230643],[-110.948359,32.230645],[-110.948341,32.230628]]]}},{"type":"Feature","properties":{"kind":"vegetation","name":null,"osm":"way/1091731964"},"geometry":{"type":"Polygon","coordinates":[[[-110.948385,32.230932],[-110.948444,32.230847],[-110.948409,32.230812],[-110.948337,32.230751],[-110.948315,32.230758],[-110.948287,32.230763],[-110.948255,32.230765],[-110.948234,32.230763],[-110.948236,32.230999],[-110.948329,32.230998],[-110.948327,32.230954],[-110.948385,32.230932]]]}},{"type":"Feature","properties":{"kind":"vegetation","name":null,"osm":"way/1091731984"},"geometry":{"type":"Polygon","coordinates":[[[-110.945045,32.232147],[-110.94506,32.232115],[-110.945588,32.232113],[-110.945588,32.232145],[-110.945045,32.232147]]]}},{"type":"Feature","properties":{"kind":"vegetation","name":null,"osm":"way/1091731985"},"geometry":{"type":"Polygon","coordinates":[[[-110.944948,32.232148],[-110.944935,32.232117],[-110.944813,32.232117],[-110.944813,32.23213],[-110.944796,32.23213],[-110.944796,32.232118],[-110.944341,32.232121],[-110.944309,32.232125],[-110.944279,32.232132],[-110.944254,32.232141],[-110.944229,32.232152],[-110.944894,32.232149],[-110.944948,32.232148]]]}},{"type":"Feature","properties":{"kind":"vegetation","name":null,"osm":"way/1091731998"},"geometry":{"type":"Polygon","coordinates":[[[-110.950429,32.231748],[-110.950288,32.231748],[-110.950288,32.232037],[-110.950311,32.232037],[-110.950311,32.232025],[-110.950328,32.232025],[-110.950328,32.232037],[-110.950405,32.232037],[-110.950405,32.232025],[-110.950428,32.232025],[-110.950428,32.232037],[-110.950445,32.232037],[-110.95045,32.232037],[-110.95045,32.232013],[-110.95046,32.23201],[-110.950467,32.232006],[-110.950472,32.232002],[-110.950478,32.231995],[-110.950481,32.231985],[-110.950481,32.231808],[-110.950479,32.231797],[-110.950478,32.231791],[-110.950475,32.231784],[-110.95047,32.231778],[-110.950461,32.231772],[-110.95045,32.231769],[-110.950429,32.231769],[-110.950429,32.231748]]]}},{"type":"Feature","properties":{"kind":"vegetation","name":null,"osm":"way/1091732027"},"geometry":{"type":"Polygon","coordinates":[[[-110.950732,32.232157],[-110.950673,32.23227],[-110.950652,32.232227],[-110.950646,32.232202],[-110.950646,32.232179],[-110.950653,32.232168],[-110.950664,32.232158],[-110.95068,32.232152],[-110.950694,32.232151],[-110.950716,32.232152],[-110.950732,32.232157]]]}},{"type":"Feature","properties":{"kind":"vegetation","name":null,"osm":"way/1091732028"},"geometry":{"type":"Polygon","coordinates":[[[-110.950771,32.232172],[-110.950745,32.232345],[-110.95078,32.232368],[-110.950823,32.232388],[-110.950843,32.232392],[-110.950859,32.232394],[-110.950876,32.232395],[-110.95089,32.232394],[-110.950899,32.232391],[-110.950908,32.232384],[-110.950914,32.232377],[-110.950918,32.232369],[-110.950921,32.232362],[-110.95092,32.232348],[-110.950918,32.232332],[-110.950911,32.232311],[-110.950901,32.23229],[-110.950879,32.232258],[-110.950861,32.232238],[-110.950837,32.232215],[-110.9508,32.232189],[-110.950771,32.232172]]]}},{"type":"Feature","properties":{"kind":"vegetation","name":null,"osm":"way/1091732034"},"geometry":{"type":"Polygon","coordinates":[[[-110.95096,32.231746],[-110.950916,32.231819],[-110.950623,32.231819],[-110.950623,32.23183],[-110.95077,32.231829],[-110.95077,32.23189],[-110.950624,32.23189],[-110.950624,32.231901],[-110.95077,32.231901],[-110.95077,32.231944],[-110.950844,32.231944],[-110.950833,32.231961],[-110.950623,32.231961],[-110.950623,32.231972],[-110.950827,32.231972],[-110.950794,32.232037],[-110.950642,32.232037],[-110.950642,32.232026],[-110.950619,32.232026],[-110.950619,32.232037],[-110.950611,32.232037],[-110.950597,32.232033],[-110.950603,32.232026],[-110.950593,32.232018],[-110.950585,32.232026],[-110.95058,32.232023],[-110.950576,32.23202],[-110.950588,32.232012],[-110.950578,32.232],[-110.950566,32.232008],[-110.950562,32.232001],[-110.950559,32.23199],[-110.95056,32.231789],[-110.950564,32.231777],[-110.950573,32.231766],[-110.950588,32.231755],[-110.950607,32.231748],[-110.950618,32.231748],[-110.950618,32.231761],[-110.950635,32.231761],[-110.950634,32.231748],[-110.95096,32.231746]]]}},{"type":"Feature","properties":{"kind":"vegetation","name":null,"osm":"way/1091732035"},"geometry":{"type":"Polygon","coordinates":[[[-110.952771,32.231893],[-110.952939,32.231976],[-110.952937,32.231794],[-110.952934,32.231788],[-110.952926,32.23178],[-110.952771,32.231868],[-110.952772,32.231873],[-110.952773,32.23188],[-110.952773,32.231887],[-110.952771,32.231893]]]}},{"type":"Feature","properties":{"kind":"vegetation","name":null,"osm":"way/1091732036"},"geometry":{"type":"Polygon","coordinates":[[[-110.952759,32.231911],[-110.952936,32.232003],[-110.952938,32.232015],[-110.952931,32.232024],[-110.952918,32.23203],[-110.952905,32.232031],[-110.952484,32.232033],[-110.952523,32.232011],[-110.952694,32.231913],[-110.952703,32.231919],[-110.952713,32.231922],[-110.952725,32.231923],[-110.952736,32.231921],[-110.952745,32.231919],[-110.952752,32.231915],[-110.952759,32.231911]]]}},{"type":"Feature","properties":{"kind":"vegetation","name":null,"osm":"way/1091732037"},"geometry":{"type":"Polygon","coordinates":[[[-110.952914,32.231756],[-110.952904,32.231763],[-110.952757,32.23185],[-110.952751,32.231846],[-110.952741,32.231842],[-110.952729,32.23184],[-110.952716,32.23184],[-110.952707,32.231843],[-110.952697,32.231847],[-110.95269,32.231851],[-110.952498,32.231756],[-110.952888,32.231754],[-110.952908,32.231755],[-110.952914,32.231756]]]}},{"type":"Feature","properties":{"kind":"vegetation","name":null,"osm":"way/1091732038"},"geometry":{"type":"Polygon","coordinates":[[[-110.95236,32.23177],[-110.95236,32.231756],[-110.952451,32.231756],[-110.952679,32.23187],[-110.952677,32.231874],[-110.952676,32.231882],[-110.952677,32.231888],[-110.952679,32.231894],[-110.952469,32.232015],[-110.952436,32.232033],[-110.95236,32.232033],[-110.95236,32.232011],[-110.952373,32.231989],[-110.952384,32.231967],[-110.952393,32.231935],[-110.952397,32.231901],[-110.952397,32.231875],[-110.952394,32.231848],[-110.952385,32.231817],[-110.952374,32.231793],[-110.95236,32.23177]]]}},{"type":"Feature","properties":{"kind":"vegetation","name":null,"osm":"way/1091732039"},"geometry":{"type":"Polygon","coordinates":[[[-110.95134,32.231755],[-110.951255,32.231752],[-110.951255,32.231764],[-110.951239,32.231764],[-110.951239,32.231751],[-110.951136,32.231749],[-110.951136,32.231894],[-110.951135,32.232022],[-110.951157,32.232022],[-110.951158,32.232036],[-110.952273,32.232033],[-110.952273,32.232011],[-110.952264,32.231998],[-110.952257,32.231985],[-110.952247,32.231964],[-110.95224,32.231938],[-110.952235,32.23191],[-110.952235,32.231907],[-110.952235,32.231904],[-110.95223,32.231901],[-110.952226,32.231898],[-110.952224,32.231894],[-110.952224,32.23189],[-110.952224,32.231888],[-110.952226,32.231885],[-110.95223,32.231879],[-110.952236,32.231875],[-110.952236,32.231872],[-110.952237,32.231854],[-110.952245,32.231825],[-110.952257,32.231797],[-110.952273,32.231772],[-110.952274,32.23177],[-110.952273,32.231756],[-110.951841,32.231755],[-110.951841,32.23177],[-110.951825,32.23177],[-110.951825,32.231755],[-110.951582,32.231755],[-110.951582,32.231768],[-110.951565,32.231768],[-110.951565,32.231755],[-110.951354,32.231755],[-110.95134,32.231755]]]}},{"type":"Feature","properties":{"kind":"vegetation","name":null,"osm":"way/1091732040"},"geometry":{"type":"Polygon","coordinates":[[[-110.949033,32.231983],[-110.949034,32.232023],[-110.949047,32.232041],[-110.949683,32.232039],[-110.949697,32.232021],[-110.949696,32.231981],[-110.949033,32.231983]]]}},{"type":"Feature","properties":{"kind":"vegetation","name":null,"osm":"way/1091732041"},"geometry":{"type":"Polygon","coordinates":[[[-110.949695,32.231794],[-110.949695,32.231767],[-110.949682,32.231749],[-110.949046,32.23175],[-110.949032,32.231768],[-110.949032,32.231796],[-110.949695,32.231794]]]}},{"type":"Feature","properties":{"kind":"vegetation","name":null,"osm":"way/1094681782"},"geometry":{"type":"Polygon","coordinates":[[[-110.974985,32.22289],[-110.974997,32.222869],[-110.975006,32.222855],[-110.975024,32.222843],[-110.975058,32.222831],[-110.975077,32.222829],[-110.975098,32.22283],[-110.975111,32.222834],[-110.975114,32.22284],[-110.975112,32.222846],[-110.975097,32.222856],[-110.975083,32.222876],[-110.975077,32.222881],[-110.975064,32.222882],[-110.975044,32.22288],[-110.975029,32.222886],[-110.975025,32.222891],[-110.975015,32.222895],[-110.975,32.222891],[-110.974985,32.22289]]]}},{"type":"Feature","properties":{"kind":"vegetation","name":null,"osm":"way/1094681783"},"geometry":{"type":"Polygon","coordinates":[[[-110.97519,32.222836],[-110.975171,32.222815],[-110.975196,32.222781],[-110.97521,32.22278],[-110.975224,32.222786],[-110.975236,32.222798],[-110.975242,32.22281],[-110.975242,32.222827],[-110.975236,32.22284],[-110.975217,32.222849],[-110.975209,32.222841],[-110.9752,32.222837],[-110.97519,32.222836]]]}},{"type":"Feature","properties":{"kind":"vegetation","name":null,"osm":"way/1095511186"},"geometry":{"type":"Polygon","coordinates":[[[-110.977934,32.223112],[-110.977752,32.223105],[-110.977749,32.223166],[-110.977723,32.223166],[-110.977714,32.223257],[-110.977755,32.223259],[-110.977792,32.223239],[-110.977833,32.22321],[-110.977868,32.223181],[-110.977891,32.223158],[-110.977916,32.223134],[-110.977934,32.223112]]]}},{"type":"Feature","properties":{"kind":"vegetation","name":null,"osm":"way/1095511187"},"geometry":{"type":"Polygon","coordinates":[[[-110.970862,32.218529],[-110.970854,32.218492],[-110.970843,32.218493],[-110.970836,32.218495],[-110.970829,32.218498],[-110.970822,32.218503],[-110.970816,32.21851],[-110.970812,32.218517],[-110.970811,32.218525],[-110.970811,32.218535],[-110.970814,32.218551],[-110.970849,32.218545],[-110.970848,32.218536],[-110.970862,32.218529]]]}},{"type":"Feature","properties":{"kind":"vegetation","name":null,"osm":"way/1095511188"},"geometry":{"type":"Polygon","coordinates":[[[-110.970902,32.2187],[-110.970882,32.218593],[-110.970873,32.218594],[-110.970869,32.218576],[-110.970854,32.218575],[-110.970852,32.218566],[-110.970818,32.21857],[-110.970842,32.218709],[-110.970902,32.2187]]]}},{"type":"Feature","properties":{"kind":"vegetation","name":null,"osm":"way/1095511192"},"geometry":{"type":"Polygon","coordinates":[[[-110.973268,32.22115],[-110.973242,32.221149],[-110.973222,32.221144],[-110.973202,32.221137],[-110.973182,32.221128],[-110.973168,32.221118],[-110.973147,32.221094],[-110.973134,32.221065],[-110.97312,32.220979],[-110.973099,32.220981],[-110.973097,32.220961],[-110.973251,32.220949],[-110.973255,32.22098],[-110.973238,32.220995],[-110.97324,32.221012],[-110.97326,32.221023],[-110.973273,32.221022],[-110.973288,32.221008],[-110.973286,32.22099],[-110.973268,32.220979],[-110.973264,32.220947],[-110.973423,32.220934],[-110.973428,32.220976],[-110.973405,32.220978],[-110.97341,32.221027],[-110.973408,32.221044],[-110.973401,32.221065],[-110.97339,32.221086],[-110.973375,32.221105],[-110.973355,32.221122],[-110.973332,32.221134],[-110.9733,32.221144],[-110.973268,32.22115]]]}},{"type":"Feature","properties":{"kind":"vegetation","name":null,"osm":"way/1095511200"},"geometry":{"type":"Polygon","coordinates":[[[-110.97311,32.219061],[-110.973122,32.219064],[-110.973133,32.219071],[-110.973142,32.219079],[-110.973147,32.219089],[-110.973149,32.2191],[-110.973148,32.219112],[-110.973143,32.219122],[-110.973135,32.219131],[-110.973124,32.219138],[-110.973111,32.219142],[-110.973098,32.219143],[-110.973085,32.219141],[-110.973073,32.219136],[-110.973063,32.219128],[-110.973056,32.219119],[-110.973052,32.219108],[-110.973052,32.219096],[-110.973055,32.219086],[-110.973062,32.219076],[-110.973072,32.219068],[-110.973083,32.219063],[-110.973096,32.21906],[-110.97311,32.219061]]]}},{"type":"Feature","properties":{"kind":"vegetation","name":null,"osm":"way/1095511202"},"geometry":{"type":"Polygon","coordinates":[[[-110.971646,32.219097],[-110.971652,32.219128],[-110.971591,32.219136],[-110.971588,32.219118],[-110.971617,32.219114],[-110.971615,32.219101],[-110.971646,32.219097]]]}},{"type":"Feature","properties":{"kind":"vegetation","name":null,"osm":"way/1095511203"},"geometry":{"type":"Polygon","coordinates":[[[-110.971243,32.219165],[-110.971253,32.219224],[-110.971194,32.219231],[-110.971193,32.219224],[-110.971128,32.219233],[-110.971079,32.219239],[-110.971088,32.219283],[-110.971219,32.219267],[-110.971242,32.219263],[-110.971264,32.219255],[-110.971287,32.219243],[-110.971346,32.219207],[-110.97133,32.219198],[-110.971321,32.21919],[-110.971315,32.21919],[-110.971299,32.219179],[-110.971288,32.219168],[-110.971282,32.219159],[-110.971243,32.219165]]]}},{"type":"Feature","properties":{"kind":"vegetation","name":null,"osm":"way/1095511204"},"geometry":{"type":"Polygon","coordinates":[[[-110.971164,32.219312],[-110.971162,32.219301],[-110.971087,32.219312],[-110.971089,32.219323],[-110.971164,32.219312]]]}},{"type":"Feature","properties":{"kind":"vegetation","name":null,"osm":"way/1095511205"},"geometry":{"type":"Polygon","coordinates":[[[-110.971381,32.219264],[-110.971377,32.21924],[-110.971342,32.21925],[-110.971309,32.219262],[-110.971279,32.21928],[-110.971251,32.219289],[-110.971221,32.219295],[-110.971179,32.219299],[-110.971186,32.219337],[-110.971219,32.219333],[-110.971215,32.219309],[-110.971345,32.219292],[-110.97135,32.219318],[-110.97139,32.219312],[-110.971381,32.219264]]]}},{"type":"Feature","properties":{"kind":"vegetation","name":null,"osm":"way/1095511206"},"geometry":{"type":"Polygon","coordinates":[[[-110.971594,32.219209],[-110.971574,32.219222],[-110.971557,32.219229],[-110.971535,32.219234],[-110.971517,32.219235],[-110.971496,32.219233],[-110.971483,32.21923],[-110.971473,32.219234],[-110.971476,32.219252],[-110.971599,32.219236],[-110.971594,32.219209]]]}},{"type":"Feature","properties":{"kind":"vegetation","name":null,"osm":"way/1095511207"},"geometry":{"type":"Polygon","coordinates":[[[-110.972072,32.219072],[-110.972065,32.21903],[-110.971708,32.219075],[-110.971715,32.219117],[-110.972072,32.219072]]]}},{"type":"Feature","properties":{"kind":"water","name":null,"osm":"way/1095511208"},"geometry":{"type":"Polygon","coordinates":[[[-110.974062,32.220045],[-110.973973,32.220052],[-110.973981,32.220125],[-110.97407,32.220118],[-110.974062,32.220045]]]}},{"type":"Feature","properties":{"kind":"water","name":null,"osm":"way/1095511209"},"geometry":{"type":"Polygon","coordinates":[[[-110.973834,32.220012],[-110.97384,32.220078],[-110.973829,32.220079],[-110.973829,32.220087],[-110.973895,32.220082],[-110.973895,32.220085],[-110.973911,32.220084],[-110.97391,32.220073],[-110.973913,32.220073],[-110.973911,32.220051],[-110.973927,32.220049],[-110.973935,32.220128],[-110.973904,32.22013],[-110.973902,32.220111],[-110.973886,32.220112],[-110.973886,32.220116],[-110.97378,32.220123],[-110.973778,32.220097],[-110.973774,32.220098],[-110.973766,32.220016],[-110.973834,32.220012]]]}},{"type":"Feature","properties":{"kind":"water","name":null,"osm":"way/1095511210"},"geometry":{"type":"Polygon","coordinates":[[[-110.973741,32.219673],[-110.973733,32.219733],[-110.973822,32.219753],[-110.97383,32.219831],[-110.973837,32.21983],[-110.973842,32.219879],[-110.97375,32.219885],[-110.97376,32.219962],[-110.973827,32.219957],[-110.973824,32.219919],[-110.973893,32.219915],[-110.973875,32.219762],[-110.973836,32.219739],[-110.973815,32.21971],[-110.973811,32.21967],[-110.973741,32.219673]]]}},{"type":"Feature","properties":{"kind":"vegetation","name":null,"osm":"way/1095511211"},"geometry":{"type":"Polygon","coordinates":[[[-110.973836,32.21951],[-110.973856,32.219537],[-110.973894,32.219567],[-110.973904,32.219652],[-110.973873,32.219655],[-110.973874,32.219667],[-110.973811,32.21967],[-110.973741,32.219673],[-110.973721,32.219674],[-110.973719,32.219703],[-110.973715,32.219723],[-110.973697,32.219722],[-110.973701,32.219699],[-110.973703,32.219673],[-110.973702,32.219629],[-110.973699,32.219597],[-110.973687,32.219556],[-110.973836,32.21951]]]}},{"type":"Feature","properties":{"kind":"vegetation","name":null,"osm":"way/1095511212"},"geometry":{"type":"Polygon","coordinates":[[[-110.973578,32.219286],[-110.973566,32.219272],[-110.973555,32.219255],[-110.973552,32.219243],[-110.973551,32.219233],[-110.973718,32.219233],[-110.973718,32.219258],[-110.973712,32.219271],[-110.973697,32.219284],[-110.973672,32.219296],[-110.97365,32.219302],[-110.973626,32.219302],[-110.973602,32.219299],[-110.973578,32.219286]]]}},{"type":"Feature","properties":{"kind":"vegetation","name":null,"osm":"way/1095511213"},"geometry":{"type":"Polygon","coordinates":[[[-110.974687,32.22029],[-110.974672,32.220151],[-110.974315,32.220178],[-110.974232,32.220185],[-110.974236,32.220221],[-110.974262,32.220219],[-110.974263,32.22023],[-110.974266,32.220252],[-110.974294,32.220249],[-110.974296,32.220272],[-110.974268,32.220274],[-110.974273,32.220322],[-110.974334,32.220317],[-110.974687,32.22029]]]}},{"type":"Feature","properties":{"kind":"vegetation","name":null,"osm":"way/1095511214"},"geometry":{"type":"Polygon","coordinates":[[[-110.974146,32.219598],[-110.97411,32.219284],[-110.974083,32.219298],[-110.974068,32.219313],[-110.974057,32.219332],[-110.97405,32.219348],[-110.974048,32.219371],[-110.974051,32.219398],[-110.974061,32.219499],[-110.973992,32.219503],[-110.97399,32.219492],[-110.973977,32.219497],[-110.973937,32.219509],[-110.973947,32.219599],[-110.973967,32.219611],[-110.974146,32.219598]]]}},{"type":"Feature","properties":{"kind":"vegetation","name":null,"osm":"way/1095511215"},"geometry":{"type":"Polygon","coordinates":[[[-110.974403,32.21967],[-110.974334,32.219675],[-110.974332,32.219654],[-110.974197,32.219644],[-110.9742,32.219688],[-110.973989,32.219702],[-110.973983,32.219633],[-110.974396,32.219599],[-110.974403,32.21967]]]}},{"type":"Feature","properties":{"kind":"vegetation","name":null,"osm":"way/1095511216"},"geometry":{"type":"Polygon","coordinates":[[[-110.974537,32.219587],[-110.974545,32.219659],[-110.974429,32.219668],[-110.974421,32.219596],[-110.974537,32.219587]]]}},{"type":"Feature","properties":{"kind":"vegetation","name":null,"osm":"way/1095533905"},"geometry":{"type":"Polygon","coordinates":[[[-110.970966,32.221102],[-110.970964,32.221093],[-110.970921,32.221098],[-110.970923,32.221107],[-110.970966,32.221102]]]}},{"type":"Feature","properties":{"kind":"vegetation","name":null,"osm":"way/1095533906"},"geometry":{"type":"Polygon","coordinates":[[[-110.970774,32.221122],[-110.970772,32.221112],[-110.97073,32.221117],[-110.970731,32.221126],[-110.970774,32.221122]]]}},{"type":"Feature","properties":{"kind":"vegetation","name":null,"osm":"way/1095534008"},"geometry":{"type":"Polygon","coordinates":[[[-110.971458,32.220752],[-110.971436,32.220753],[-110.971432,32.220697],[-110.971454,32.220696],[-110.971458,32.220752]]]}},{"type":"Feature","properties":{"kind":"vegetation","name":null,"osm":"way/1095534009"},"geometry":{"type":"Polygon","coordinates":[[[-110.971689,32.220663],[-110.971654,32.220665],[-110.971655,32.220675],[-110.971571,32.220682],[-110.97157,32.220672],[-110.971533,32.220675],[-110.971534,32.220683],[-110.971494,32.220687],[-110.971493,32.220678],[-110.971452,32.220681],[-110.971454,32.220691],[-110.971432,32.220693],[-110.971429,32.220675],[-110.971455,32.220671],[-110.971448,32.220634],[-110.971683,32.220612],[-110.971689,32.220663]]]}},{"type":"Feature","properties":{"kind":"vegetation","name":null,"osm":"way/1095718773"},"geometry":{"type":"Polygon","coordinates":[[[-110.982094,32.21521],[-110.982105,32.215196],[-110.98211,32.215181],[-110.982111,32.215167],[-110.982105,32.215153],[-110.982089,32.215143],[-110.982071,32.21514],[-110.982054,32.21514],[-110.982038,32.215147],[-110.982028,32.21516],[-110.982024,32.215174],[-110.982025,32.21519],[-110.982029,32.215205],[-110.982035,32.215219],[-110.982042,32.215232],[-110.98205,32.215246],[-110.982055,32.215261],[-110.982052,32.215275],[-110.982051,32.21529],[-110.982066,32.215299],[-110.982082,32.215294],[-110.982093,32.215282],[-110.982096,32.215267],[-110.982095,32.215253],[-110.982093,32.215239],[-110.982094,32.21521]]]}},{"type":"Feature","properties":{"kind":"vegetation","name":null,"osm":"way/1095718774"},"geometry":{"type":"Polygon","coordinates":[[[-110.982248,32.214746],[-110.982274,32.214767],[-110.982286,32.214779],[-110.982295,32.214792],[-110.982299,32.214807],[-110.982301,32.214822],[-110.982297,32.214837],[-110.982289,32.21485],[-110.982277,32.214862],[-110.982252,32.214883],[-110.982216,32.214916],[-110.982208,32.214929],[-110.982213,32.214944],[-110.982226,32.214955],[-110.982241,32.214964],[-110.982253,32.214992],[-110.982156,32.215279],[-110.982141,32.215286],[-110.982127,32.215277],[-110.982119,32.215263],[-110.982118,32.215248],[-110.982119,32.215232],[-110.982121,32.215217],[-110.98213,32.215185],[-110.982137,32.215155],[-110.982144,32.215141],[-110.982169,32.215081],[-110.982178,32.215068],[-110.982186,32.215053],[-110.98219,32.215039],[-110.982189,32.215024],[-110.982184,32.215009],[-110.982177,32.214979],[-110.982163,32.214932],[-110.982152,32.214904],[-110.982144,32.21489],[-110.982134,32.214878],[-110.982119,32.21487],[-110.982102,32.214867],[-110.982084,32.214873],[-110.982071,32.214883],[-110.982056,32.214891],[-110.982039,32.214896],[-110.982021,32.214896],[-110.982006,32.214888],[-110.981994,32.214877],[-110.981988,32.214862],[-110.981984,32.214833],[-110.981985,32.214818],[-110.98199,32.214805],[-110.981999,32.214791],[-110.982003,32.214778],[-110.981978,32.214764],[-110.981997,32.214728],[-110.982015,32.214738],[-110.982037,32.214762],[-110.982066,32.214779],[-110.982085,32.214783],[-110.982102,32.214782],[-110.98212,32.214779],[-110.982153,32.21477],[-110.982169,32.214763],[-110.982183,32.214754],[-110.982196,32.214745],[-110.98221,32.214736],[-110.982255,32.214702],[-110.982273,32.214699],[-110.982287,32.214709],[-110.982286,32.214724],[-110.982272,32.214732],[-110.982255,32.214734],[-110.982248,32.214746]]]}},{"type":"Feature","properties":{"kind":"vegetation","name":null,"osm":"way/1095718775"},"geometry":{"type":"Polygon","coordinates":[[[-110.982033,32.216231],[-110.982049,32.216096],[-110.98205,32.215935],[-110.982082,32.215796],[-110.982089,32.215759],[-110.982085,32.215743],[-110.982056,32.215711],[-110.981938,32.215634],[-110.981934,32.215589],[-110.981948,32.215564],[-110.981998,32.21553],[-110.982004,32.215514],[-110.981999,32.215491],[-110.981935,32.215432],[-110.981847,32.215279],[-110.981803,32.215145],[-110.98177,32.215144],[-110.981737,32.215148],[-110.981709,32.215129],[-110.981696,32.215105],[-110.981644,32.214962],[-110.981506,32.214462],[-110.98153,32.214471],[-110.981603,32.21442],[-110.981693,32.214415],[-110.98176,32.214434],[-110.981806,32.214587],[-110.981804,32.214703],[-110.981866,32.214865],[-110.981887,32.214921],[-110.981915,32.215017],[-110.981945,32.215028],[-110.981986,32.215012],[-110.982007,32.214968],[-110.982095,32.214938],[-110.982125,32.214965],[-110.982137,32.215011],[-110.982105,32.215075],[-110.982071,32.215099],[-110.981949,32.215131],[-110.981942,32.215161],[-110.981971,32.215196],[-110.982,32.215211],[-110.981997,32.215267],[-110.982046,32.215316],[-110.982092,32.215312],[-110.982116,32.215324],[-110.982117,32.215344],[-110.982104,32.215366],[-110.982094,32.215367],[-110.982084,32.21537],[-110.982083,32.215377],[-110.982087,32.215383],[-110.982093,32.215387],[-110.982105,32.215384],[-110.982122,32.215399],[-110.982172,32.215412],[-110.982159,32.215462],[-110.982135,32.215606],[-110.98213,32.215626],[-110.982145,32.215646],[-110.982162,32.215665],[-110.982164,32.215674],[-110.982162,32.215681],[-110.982154,32.215675],[-110.982144,32.215659],[-110.982081,32.215563],[-110.982057,32.215585],[-110.982124,32.215696],[-110.98214,32.215742],[-110.982138,32.215782],[-110.982103,32.215917],[-110.982095,32.216012],[-110.982067,32.216076],[-110.982053,32.216136],[-110.982049,32.216224],[-110.982042,32.216231],[-110.982033,32.216231]]]}},{"type":"Feature","properties":{"kind":"vegetation","name":null,"osm":"way/1095718776"},"geometry":{"type":"Polygon","coordinates":[[[-110.981975,32.217416],[-110.981995,32.216887],[-110.981997,32.216743],[-110.982015,32.216505],[-110.982027,32.216283],[-110.982036,32.216285],[-110.982042,32.216296],[-110.982047,32.21632],[-110.982034,32.216399],[-110.982026,32.216561],[-110.982024,32.216597],[-110.98201,32.216725],[-110.982008,32.216844],[-110.982031,32.216985],[-110.982036,32.217147],[-110.982035,32.217204],[-110.982017,32.217258],[-110.982002,32.217368],[-110.981975,32.217416]]]}},{"type":"Feature","properties":{"kind":"vegetation","name":null,"osm":"way/1095718777"},"geometry":{"type":"Polygon","coordinates":[[[-110.982181,32.217756],[-110.982186,32.217728],[-110.982187,32.2177],[-110.982173,32.217691],[-110.982163,32.217703],[-110.982161,32.217718],[-110.98216,32.217748],[-110.982154,32.21779],[-110.982158,32.217858],[-110.982164,32.217892],[-110.982176,32.217877],[-110.982177,32.217781],[-110.982181,32.217756]]]}},{"type":"Feature","properties":{"kind":"vegetation","name":null,"osm":"way/1095718778"},"geometry":{"type":"Polygon","coordinates":[[[-110.982382,32.216113],[-110.982382,32.216145],[-110.982365,32.21618],[-110.982354,32.216237],[-110.982345,32.216266],[-110.98234,32.216297],[-110.982333,32.216353],[-110.982331,32.216383],[-110.982331,32.216414],[-110.982328,32.216443],[-110.982314,32.21647],[-110.982318,32.216501],[-110.982332,32.216527],[-110.98234,32.216555],[-110.982341,32.216584],[-110.982339,32.216614],[-110.982331,32.216643],[-110.982325,32.216671],[-110.982315,32.2167],[-110.982303,32.216727],[-110.982287,32.216752],[-110.982285,32.216782],[-110.98229,32.216811],[-110.982285,32.216839],[-110.982277,32.216867],[-110.982266,32.216924],[-110.98225,32.217095],[-110.982228,32.217117],[-110.982198,32.21713],[-110.982184,32.217156],[-110.982173,32.217185],[-110.98217,32.217214],[-110.982181,32.217241],[-110.982216,32.217249],[-110.982249,32.217254],[-110.982275,32.217275],[-110.982283,32.217304],[-110.982285,32.217333],[-110.982277,32.21736],[-110.982266,32.217388],[-110.982256,32.217417],[-110.982238,32.21744],[-110.982203,32.21744],[-110.98217,32.217434],[-110.982139,32.217425],[-110.982127,32.217399],[-110.982131,32.21737],[-110.982145,32.217342],[-110.982157,32.217315],[-110.982163,32.217285],[-110.982161,32.217257],[-110.982153,32.217231],[-110.982141,32.217204],[-110.982134,32.217175],[-110.982131,32.217123],[-110.982135,32.217094],[-110.982137,32.217003],[-110.98214,32.216974],[-110.982148,32.216947],[-110.982168,32.216864],[-110.982167,32.216806],[-110.982163,32.216779],[-110.98216,32.21675],[-110.982157,32.216692],[-110.982158,32.216663],[-110.982171,32.216544],[-110.98219,32.21649],[-110.982202,32.216463],[-110.982219,32.216435],[-110.982261,32.21627],[-110.982265,32.216241],[-110.982264,32.216183],[-110.982271,32.216154],[-110.982284,32.216129],[-110.982317,32.216079],[-110.982333,32.216053],[-110.982352,32.21604],[-110.982369,32.216044],[-110.98238,32.216056],[-110.982384,32.21607],[-110.982384,32.216084],[-110.982382,32.216113]]]}},{"type":"Feature","properties":{"kind":"vegetation","name":null,"osm":"way/1095718780"},"geometry":{"type":"Polygon","coordinates":[[[-110.981529,32.218142],[-110.981571,32.218223],[-110.981588,32.218225],[-110.981605,32.218222],[-110.981622,32.218216],[-110.981636,32.218206],[-110.981645,32.218193],[-110.981648,32.218178],[-110.981649,32.218162],[-110.981647,32.218147],[-110.98164,32.218136],[-110.981626,32.218127],[-110.98161,32.21812],[-110.981594,32.218117],[-110.981577,32.218118],[-110.98156,32.218122],[-110.981547,32.218129],[-110.981529,32.218142]]]}},{"type":"Feature","properties":{"kind":"vegetation","name":null,"osm":"way/1095718782"},"geometry":{"type":"Polygon","coordinates":[[[-110.981504,32.218154],[-110.981487,32.218095],[-110.981446,32.217937],[-110.98144,32.217915],[-110.981434,32.217904],[-110.981405,32.217915],[-110.981414,32.217937],[-110.981391,32.217939],[-110.98138,32.217918],[-110.981132,32.217915],[-110.981082,32.217915],[-110.981045,32.217883],[-110.980598,32.217915],[-110.980589,32.21794],[-110.9806,32.217963],[-110.980618,32.217982],[-110.980615,32.218017],[-110.980569,32.218045],[-110.980526,32.218046],[-110.980527,32.218062],[-110.980431,32.218068],[-110.980461,32.218083],[-110.980756,32.218077],[-110.980757,32.218098],[-110.981395,32.218081],[-110.981462,32.218226],[-110.981493,32.218226],[-110.981508,32.218214],[-110.981512,32.218196],[-110.981504,32.218154]]]}},{"type":"Feature","properties":{"kind":"vegetation","name":null,"osm":"way/1095718783"},"geometry":{"type":"Polygon","coordinates":[[[-110.981883,32.217979],[-110.981786,32.21799],[-110.981788,32.218067],[-110.981778,32.218078],[-110.981764,32.218087],[-110.981748,32.218091],[-110.981732,32.218093],[-110.981715,32.218092],[-110.981699,32.218087],[-110.98165,32.218073],[-110.981633,32.218073],[-110.981617,32.218076],[-110.9816,32.21808],[-110.981584,32.218086],[-110.981568,32.218091],[-110.981552,32.218093],[-110.981535,32.218092],[-110.98152,32.218087],[-110.98151,32.218073],[-110.98147,32.217912],[-110.981472,32.217899],[-110.981793,32.217906],[-110.981791,32.217951],[-110.981883,32.217952],[-110.981883,32.217979]]]}},{"type":"Feature","properties":{"kind":"vegetation","name":null,"osm":"way/1095718801"},"geometry":{"type":"Polygon","coordinates":[[[-110.982394,32.217757],[-110.98236,32.217837],[-110.982336,32.217846],[-110.982302,32.217849],[-110.982354,32.21762],[-110.982397,32.217509],[-110.982408,32.217492],[-110.982417,32.217475],[-110.982418,32.217456],[-110.982411,32.217438],[-110.982402,32.217421],[-110.982399,32.217402],[-110.982404,32.217385],[-110.98242,32.217371],[-110.982432,32.217355],[-110.982442,32.217338],[-110.982443,32.217319],[-110.982439,32.2173],[-110.98243,32.217282],[-110.982415,32.217267],[-110.982397,32.217255],[-110.982377,32.217244],[-110.982359,32.21723],[-110.98233,32.217183],[-110.98232,32.217164],[-110.982321,32.217145],[-110.982325,32.217125],[-110.982334,32.217108],[-110.982348,32.217093],[-110.982367,32.217084],[-110.982384,32.217074],[-110.982401,32.217061],[-110.982417,32.217047],[-110.98243,32.217028],[-110.982439,32.217012],[-110.982444,32.216993],[-110.982445,32.216856],[-110.982436,32.216837],[-110.982423,32.216822],[-110.982397,32.21679],[-110.982385,32.216772],[-110.982379,32.216754],[-110.982379,32.216734],[-110.982387,32.216715],[-110.982401,32.216701],[-110.982423,32.216696],[-110.982446,32.216696],[-110.982467,32.216697],[-110.982489,32.2167],[-110.982485,32.217086],[-110.982494,32.217456],[-110.982489,32.217774],[-110.982456,32.217754],[-110.98242,32.21775],[-110.982394,32.217757]]]}},{"type":"Feature","properties":{"kind":"vegetation","name":null,"osm":"way/1095718802"},"geometry":{"type":"Polygon","coordinates":[[[-110.982395,32.218451],[-110.982395,32.218441],[-110.982391,32.218432],[-110.982424,32.2184],[-110.98248,32.218369],[-110.982455,32.218544],[-110.982401,32.218744],[-110.982389,32.218745],[-110.982376,32.218735],[-110.982373,32.218716],[-110.982377,32.218698],[-110.982387,32.21866],[-110.982388,32.218641],[-110.982387,32.218622],[-110.982381,32.218605],[-110.982358,32.218572],[-110.982352,32.218554],[-110.982348,32.218528],[-110.982354,32.218509],[-110.982359,32.2185],[-110.982372,32.218484],[-110.982386,32.218468],[-110.982391,32.21846],[-110.982395,32.218451]]]}},{"type":"Feature","properties":{"kind":"vegetation","name":null,"osm":"way/1095718803"},"geometry":{"type":"Polygon","coordinates":[[[-110.982384,32.218111],[-110.982431,32.218124],[-110.982483,32.218137],[-110.982482,32.2182],[-110.982436,32.218178],[-110.982391,32.218181],[-110.982344,32.218213],[-110.982343,32.218191],[-110.982338,32.218173],[-110.98233,32.218154],[-110.982318,32.218138],[-110.982307,32.21812],[-110.982338,32.218118],[-110.982384,32.218111]]]}},{"type":"Feature","properties":{"kind":"vegetation","name":null,"osm":"way/1095718804"},"geometry":{"type":"Polygon","coordinates":[[[-110.982482,32.2182],[-110.982436,32.218178],[-110.982391,32.218181],[-110.982344,32.218213],[-110.982344,32.218232],[-110.982342,32.218254],[-110.98234,32.218272],[-110.982294,32.218375],[-110.98229,32.218393],[-110.982289,32.218412],[-110.982295,32.218426],[-110.982391,32.218432],[-110.982424,32.2184],[-110.98248,32.218369],[-110.982482,32.2182]]]}},{"type":"Feature","properties":{"kind":"vegetation","name":null,"osm":"way/1095718805"},"geometry":{"type":"Polygon","coordinates":[[[-110.982489,32.217774],[-110.982456,32.217754],[-110.98242,32.21775],[-110.982394,32.217757],[-110.98236,32.217837],[-110.982336,32.217846],[-110.982302,32.217849],[-110.98229,32.217901],[-110.982289,32.21794],[-110.982289,32.218066],[-110.982291,32.218085],[-110.982307,32.21812],[-110.982338,32.218118],[-110.982384,32.218111],[-110.982431,32.218124],[-110.982483,32.218137],[-110.982489,32.217774]]]}},{"type":"Feature","properties":{"kind":"vegetation","name":null,"osm":"way/1097622833"},"geometry":{"type":"Polygon","coordinates":[[[-110.968156,32.217886],[-110.968091,32.217887],[-110.967968,32.217788],[-110.968155,32.217788],[-110.968156,32.217886]]]}},{"type":"Feature","properties":{"kind":"vegetation","name":null,"osm":"way/1097622835"},"geometry":{"type":"Polygon","coordinates":[[[-110.967872,32.217746],[-110.967875,32.217875],[-110.967907,32.217874],[-110.967934,32.217881],[-110.967934,32.21792],[-110.967934,32.217923],[-110.968089,32.217923],[-110.967872,32.217746]]]}},{"type":"Feature","properties":{"kind":"vegetation","name":null,"osm":"way/1097622836"},"geometry":{"type":"Polygon","coordinates":[[[-110.968154,32.217689],[-110.968154,32.21776],[-110.967997,32.217761],[-110.968079,32.217689],[-110.968154,32.217689]]]}},{"type":"Feature","properties":{"kind":"vegetation","name":null,"osm":"way/1097622837"},"geometry":{"type":"Polygon","coordinates":[[[-110.966211,32.217391],[-110.966094,32.217392],[-110.966091,32.217432],[-110.965979,32.217433],[-110.965967,32.217436],[-110.965892,32.217435],[-110.965891,32.217394],[-110.965651,32.217396],[-110.965648,32.217827],[-110.965772,32.217826],[-110.965772,32.217848],[-110.965776,32.217848],[-110.965776,32.217904],[-110.96578,32.217908],[-110.965846,32.217892],[-110.9659,32.217892],[-110.9659,32.217806],[-110.965987,32.217806],[-110.965987,32.217892],[-110.966107,32.217892],[-110.966104,32.217729],[-110.966149,32.217729],[-110.966147,32.217624],[-110.966253,32.217623],[-110.966253,32.217524],[-110.966207,32.217524],[-110.966211,32.217391]]]}},{"type":"Feature","properties":{"kind":"vegetation","name":null,"osm":"way/1097622838"},"geometry":{"type":"Polygon","coordinates":[[[-110.967137,32.217725],[-110.967649,32.217722],[-110.96765,32.217742],[-110.967728,32.217741],[-110.967732,32.217746],[-110.967742,32.217753],[-110.967756,32.21776],[-110.96777,32.217762],[-110.967806,32.217762],[-110.967812,32.218471],[-110.967075,32.218461],[-110.96705,32.21844],[-110.967005,32.2184],[-110.966978,32.218357],[-110.966973,32.217864],[-110.967137,32.217725]]]}},{"type":"Feature","properties":{"kind":"vegetation","name":null,"osm":"way/1097790026"},"geometry":{"type":"Polygon","coordinates":[[[-110.981751,32.224039],[-110.98174,32.224416],[-110.981733,32.224645],[-110.981758,32.224895],[-110.981805,32.225114],[-110.981817,32.225101],[-110.981822,32.225042],[-110.981812,32.22499],[-110.981829,32.224827],[-110.98187,32.224632],[-110.981879,32.224416],[-110.981854,32.224253],[-110.981775,32.224079],[-110.981751,32.224039]]]}},{"type":"Feature","properties":{"kind":"vegetation","name":null,"osm":"way/1097790028"},"geometry":{"type":"Polygon","coordinates":[[[-110.982529,32.227328],[-110.982452,32.227334],[-110.982444,32.227331],[-110.982446,32.227323],[-110.982464,32.227316],[-110.982513,32.22729],[-110.982546,32.227239],[-110.982554,32.22718],[-110.982572,32.227165],[-110.982581,32.22729],[-110.982567,32.227319],[-110.982529,32.227328]]]}},{"type":"Feature","properties":{"kind":"vegetation","name":null,"osm":"way/1097790030"},"geometry":{"type":"Polygon","coordinates":[[[-110.985051,32.231056],[-110.984876,32.231072],[-110.984795,32.230691],[-110.984654,32.230219],[-110.984524,32.229906],[-110.984398,32.22965],[-110.984348,32.229529],[-110.984411,32.229561],[-110.984475,32.229703],[-110.984536,32.22983],[-110.984561,32.229922],[-110.984597,32.230001],[-110.984659,32.230076],[-110.984709,32.230209],[-110.984848,32.230526],[-110.984914,32.230709],[-110.984965,32.230784],[-110.985012,32.230909],[-110.985051,32.231056]]]}},{"type":"Feature","properties":{"kind":"vegetation","name":null,"osm":"way/1097790032"},"geometry":{"type":"Polygon","coordinates":[[[-110.98378,32.227925],[-110.983771,32.227986],[-110.983755,32.228027],[-110.983733,32.228039],[-110.983661,32.227915],[-110.983557,32.227765],[-110.983407,32.227639],[-110.983303,32.227564],[-110.983128,32.227426],[-110.983067,32.227377],[-110.98304,32.227321],[-110.982973,32.2272],[-110.982966,32.227108],[-110.982951,32.227008],[-110.982891,32.226795],[-110.982931,32.226856],[-110.983049,32.227033],[-110.983156,32.227201],[-110.983212,32.227281],[-110.98335,32.227431],[-110.983477,32.227585],[-110.983634,32.227758],[-110.98378,32.227925]]]}},{"type":"Feature","properties":{"kind":"vegetation","name":null,"osm":"way/1097790034"},"geometry":{"type":"Polygon","coordinates":[[[-110.98272,32.22649],[-110.982889,32.226786],[-110.982803,32.226691],[-110.982756,32.226671],[-110.982715,32.226679],[-110.982708,32.226709],[-110.982712,32.226766],[-110.98277,32.226862],[-110.982791,32.226918],[-110.982782,32.226928],[-110.982772,32.226922],[-110.982762,32.226897],[-110.982748,32.226882],[-110.98271,32.226878],[-110.982688,32.226893],[-110.982683,32.226919],[-110.982676,32.226928],[-110.982657,32.226939],[-110.982646,32.22694],[-110.982584,32.226775],[-110.982607,32.226775],[-110.982628,32.226762],[-110.982629,32.226727],[-110.982621,32.226695],[-110.982573,32.22664],[-110.982568,32.226612],[-110.982574,32.226589],[-110.982604,32.226572],[-110.982656,32.226558],[-110.98268,32.226515],[-110.98272,32.22649]]]}},{"type":"Feature","properties":{"kind":"vegetation","name":null,"osm":"way/1097790035"},"geometry":{"type":"Polygon","coordinates":[[[-110.982232,32.225099],[-110.982232,32.225227],[-110.982263,32.2253],[-110.982304,32.225396],[-110.98231,32.225461],[-110.982306,32.225535],[-110.982336,32.225666],[-110.982359,32.225909],[-110.982301,32.225933],[-110.982268,32.225908],[-110.982261,32.225815],[-110.982167,32.225444],[-110.982165,32.2252],[-110.982199,32.224959],[-110.98223,32.225018],[-110.982232,32.225099]]]}},{"type":"Feature","properties":{"kind":"vegetation","name":null,"osm":"way/1097790039"},"geometry":{"type":"Polygon","coordinates":[[[-110.981978,32.220791],[-110.982019,32.220987],[-110.982104,32.221251],[-110.982165,32.221497],[-110.982224,32.221752],[-110.982336,32.222108],[-110.982342,32.222208],[-110.98233,32.22241],[-110.982312,32.222418],[-110.982324,32.2223],[-110.982291,32.22207],[-110.982273,32.22199],[-110.982228,32.221885],[-110.982173,32.221721],[-110.982104,32.221457],[-110.982036,32.221194],[-110.981972,32.220936],[-110.981978,32.220791]]]}},{"type":"Feature","properties":{"kind":"vegetation","name":null,"osm":"way/1097790040"},"geometry":{"type":"Polygon","coordinates":[[[-110.981483,32.220772],[-110.981477,32.220867],[-110.981481,32.220931],[-110.981516,32.220975],[-110.98157,32.221163],[-110.981665,32.221323],[-110.981684,32.221299],[-110.981725,32.221277],[-110.981734,32.221242],[-110.981664,32.221105],[-110.981611,32.221013],[-110.981603,32.220952],[-110.981625,32.22084],[-110.981567,32.220788],[-110.981483,32.220772]]]}},{"type":"Feature","properties":{"kind":"vegetation","name":null,"osm":"way/1097790041"},"geometry":{"type":"Polygon","coordinates":[[[-110.981757,32.223273],[-110.982037,32.223275],[-110.982036,32.223017],[-110.98201,32.22288],[-110.981978,32.222716],[-110.981953,32.222629],[-110.981956,32.222568],[-110.9819,32.222526],[-110.981834,32.222513],[-110.981815,32.222508],[-110.981778,32.222856],[-110.981767,32.222996],[-110.981754,32.22322],[-110.981757,32.223273]]]}},{"type":"Feature","properties":{"kind":"vegetation","name":null,"osm":"way/1099485361"},"geometry":{"type":"Polygon","coordinates":[[[-110.980834,32.227616],[-110.98085,32.22763],[-110.98085,32.22765],[-110.980836,32.227665],[-110.98082,32.227677],[-110.980806,32.227691],[-110.980758,32.227801],[-110.980468,32.227878],[-110.98044,32.227885],[-110.980435,32.227862],[-110.980452,32.227845],[-110.980432,32.227827],[-110.980393,32.227835],[-110.980383,32.227853],[-110.980405,32.227867],[-110.980411,32.22789],[-110.980381,32.227893],[-110.980335,32.227893],[-110.980289,32.227892],[-110.980013,32.227875],[-110.979989,32.227872],[-110.979942,32.227869],[-110.979921,32.227866],[-110.979898,32.227864],[-110.979875,32.227866],[-110.97969,32.227827],[-110.979668,32.227824],[-110.979645,32.227818],[-110.979596,32.227814],[-110.979397,32.22781],[-110.979352,32.227813],[-110.97933,32.227814],[-110.979309,32.227818],[-110.979243,32.227835],[-110.979198,32.227841],[-110.979171,32.227845],[-110.97915,32.227851],[-110.979129,32.22786],[-110.979108,32.22787],[-110.979079,32.227856],[-110.979066,32.227831],[-110.979124,32.227784],[-110.979186,32.227781],[-110.97924,32.227768],[-110.979218,32.227713],[-110.979257,32.227712],[-110.979359,32.227736],[-110.979603,32.22772],[-110.979652,32.227725],[-110.979699,32.227747],[-110.979745,32.227755],[-110.979808,32.227749],[-110.979865,32.227728],[-110.979888,32.227726],[-110.979916,32.227734],[-110.979944,32.227761],[-110.979969,32.227775],[-110.980075,32.227793],[-110.980297,32.227777],[-110.980342,32.227784],[-110.980362,32.227809],[-110.980378,32.227829],[-110.980474,32.227813],[-110.980566,32.227786],[-110.980587,32.227775],[-110.980584,32.227753],[-110.980549,32.227738],[-110.980537,32.227727],[-110.980541,32.227716],[-110.980628,32.22766],[-110.980696,32.227618],[-110.980787,32.227599],[-110.980834,32.227616]]]}},{"type":"Feature","properties":{"kind":"vegetation","name":null,"osm":"way/1099485362"},"geometry":{"type":"Polygon","coordinates":[[[-110.981103,32.227637],[-110.981025,32.227594],[-110.980997,32.227596],[-110.98096,32.22761],[-110.980916,32.227636],[-110.980887,32.227651],[-110.980864,32.22767],[-110.98085,32.227689],[-110.980801,32.22779],[-110.980836,32.22778],[-110.980873,32.227757],[-110.980911,32.227738],[-110.980931,32.227727],[-110.98102,32.227665],[-110.981082,32.227641],[-110.981073,32.22776],[-110.980791,32.227837],[-110.980771,32.227844],[-110.980711,32.227872],[-110.980668,32.227891],[-110.980647,32.2279],[-110.980626,32.227909],[-110.980606,32.227916],[-110.980585,32.227922],[-110.980541,32.227932],[-110.980454,32.227945],[-110.980381,32.227947],[-110.980181,32.227942],[-110.980134,32.227938],[-110.980113,32.227936],[-110.980067,32.227931],[-110.980015,32.227922],[-110.979971,32.227914],[-110.979651,32.227869],[-110.979629,32.227867],[-110.979607,32.227866],[-110.979518,32.227867],[-110.979373,32.227886],[-110.979352,32.227888],[-110.97933,32.227889],[-110.979286,32.227893],[-110.979244,32.2279],[-110.979183,32.227909],[-110.979344,32.228009],[-110.979365,32.228002],[-110.979387,32.227974],[-110.979413,32.227964],[-110.979463,32.227956],[-110.979969,32.227972],[-110.980117,32.228043],[-110.980135,32.22802],[-110.98027,32.228028],[-110.980304,32.228028],[-110.980427,32.228062],[-110.980437,32.228061],[-110.980425,32.227998],[-110.980441,32.227997],[-110.980438,32.227986],[-110.980716,32.227903],[-110.980745,32.227865],[-110.980796,32.227893],[-110.980824,32.227868],[-110.981074,32.227805],[-110.981161,32.227811],[-110.981094,32.227772],[-110.981103,32.227637]]]}},{"type":"Feature","properties":{"kind":"vegetation","name":null,"osm":"way/1099485363"},"geometry":{"type":"Polygon","coordinates":[[[-110.978472,32.228074],[-110.978616,32.228022],[-110.978586,32.228023],[-110.978515,32.227983],[-110.978449,32.22801],[-110.978472,32.228074]]]}},{"type":"Feature","properties":{"kind":"vegetation","name":null,"osm":"way/1099485364"},"geometry":{"type":"Polygon","coordinates":[[[-110.978623,32.228202],[-110.978521,32.228236],[-110.978511,32.228199],[-110.97856,32.22818],[-110.978684,32.228139],[-110.978623,32.228202]]]}},{"type":"Feature","properties":{"kind":"vegetation","name":null,"osm":"way/1099485368"},"geometry":{"type":"Polygon","coordinates":[[[-110.977015,32.226513],[-110.976751,32.226572],[-110.976732,32.226498],[-110.976719,32.226483],[-110.976702,32.226469],[-110.976665,32.226452],[-110.976634,32.226441],[-110.976592,32.226431],[-110.976566,32.226429],[-110.976668,32.226766],[-110.97707,32.226673],[-110.977015,32.226513]]]}},{"type":"Feature","properties":{"kind":"vegetation","name":null,"osm":"way/1101346614"},"geometry":{"type":"Polygon","coordinates":[[[-110.955145,32.23286],[-110.955438,32.232901],[-110.955641,32.232927],[-110.955821,32.23294],[-110.955966,32.232932],[-110.956112,32.232904],[-110.95619,32.232898],[-110.956216,32.232818],[-110.955919,32.232818],[-110.955919,32.232788],[-110.955863,32.232788],[-110.955597,32.232784],[-110.955598,32.232762],[-110.955557,32.232763],[-110.955543,32.232758],[-110.955534,32.23275],[-110.955527,32.232739],[-110.955527,32.232731],[-110.955508,32.23273],[-110.955507,32.232701],[-110.955462,32.232702],[-110.955462,32.23272],[-110.955433,32.232721],[-110.955433,32.232689],[-110.955292,32.232689],[-110.955292,32.232519],[-110.955221,32.232519],[-110.95518,32.232577],[-110.955168,32.232602],[-110.955163,32.232618],[-110.955247,32.232618],[-110.955246,32.232753],[-110.955149,32.232752],[-110.955145,32.23286]]]}},{"type":"Feature","properties":{"kind":"vegetation","name":null,"osm":"way/1101346623"},"geometry":{"type":"Polygon","coordinates":[[[-110.959246,32.232181],[-110.959236,32.232171],[-110.959234,32.232164],[-110.959237,32.232159],[-110.959241,32.232155],[-110.95925,32.232154],[-110.959263,32.232155],[-110.959279,32.23216],[-110.959298,32.232175],[-110.959305,32.232187],[-110.959303,32.232195],[-110.959293,32.2322],[-110.95928,32.2322],[-110.959266,32.232195],[-110.959246,32.232181]]]}},{"type":"Feature","properties":{"kind":"vegetation","name":null,"osm":"way/1102435849"},"geometry":{"type":"Polygon","coordinates":[[[-110.959298,32.229031],[-110.9593,32.228954],[-110.959258,32.228937],[-110.959206,32.228917],[-110.959136,32.228894],[-110.959065,32.228877],[-110.958995,32.228864],[-110.958909,32.228858],[-110.958893,32.229008],[-110.958933,32.229008],[-110.958957,32.22901],[-110.958985,32.229017],[-110.959016,32.229027],[-110.959038,32.22903],[-110.959298,32.229031]]]}},{"type":"Feature","properties":{"kind":"vegetation","name":null,"osm":"way/1102435870"},"geometry":{"type":"Polygon","coordinates":[[[-110.95879,32.231125],[-110.958789,32.231096],[-110.958763,32.231096],[-110.958763,32.231078],[-110.958832,32.231078],[-110.958832,32.231112],[-110.958862,32.231112],[-110.958861,32.231077],[-110.958882,32.231077],[-110.958882,32.231089],[-110.958897,32.231089],[-110.958897,32.231077],[-110.958912,32.231077],[-110.958912,32.231091],[-110.958951,32.231091],[-110.958951,32.231077],[-110.958973,32.231077],[-110.958973,32.231111],[-110.958951,32.231112],[-110.958951,32.231125],[-110.95879,32.231125]]]}},{"type":"Feature","properties":{"kind":"vegetation","name":null,"osm":"way/1102475912"},"geometry":{"type":"Polygon","coordinates":[[[-110.951896,32.233308],[-110.951861,32.233293],[-110.95184,32.233281],[-110.951818,32.233261],[-110.9518,32.233238],[-110.95179,32.233219],[-110.952101,32.233219],[-110.952094,32.233238],[-110.952077,32.233259],[-110.952055,32.233279],[-110.952031,32.233294],[-110.951997,32.233307],[-110.951978,32.233312],[-110.951949,32.233315],[-110.951919,32.233314],[-110.951896,32.233308]]]}},{"type":"Feature","properties":{"kind":"vegetation","name":null,"osm":"way/1102475914"},"geometry":{"type":"Polygon","coordinates":[[[-110.94723,32.2317],[-110.947229,32.231667],[-110.94687,32.231669],[-110.946861,32.231671],[-110.946855,32.231677],[-110.946854,32.231702],[-110.94723,32.2317]]]}},{"type":"Feature","properties":{"kind":"vegetation","name":null,"osm":"way/1102475915"},"geometry":{"type":"Polygon","coordinates":[[[-110.946606,32.231704],[-110.946647,32.231704],[-110.946644,32.23168],[-110.946636,32.231675],[-110.946626,32.231673],[-110.946599,32.231673],[-110.946599,32.231697],[-110.946601,32.231702],[-110.946606,32.231704]]]}},{"type":"Feature","properties":{"kind":"vegetation","name":null,"osm":"way/1102475921"},"geometry":{"type":"Polygon","coordinates":[[[-110.950508,32.228946],[-110.950508,32.228934],[-110.95046,32.228893],[-110.95046,32.228842],[-110.950419,32.228807],[-110.95036,32.228807],[-110.95036,32.228843],[-110.950414,32.228842],[-110.950415,32.228937],[-110.950415,32.228946],[-110.950508,32.228946]]]}},{"type":"Feature","properties":{"kind":"vegetation","name":null,"osm":"way/1102475922"},"geometry":{"type":"Polygon","coordinates":[[[-110.950724,32.228806],[-110.950667,32.228806],[-110.950625,32.228842],[-110.950626,32.228895],[-110.950588,32.228924],[-110.950597,32.228932],[-110.950597,32.228944],[-110.950671,32.228944],[-110.950671,32.228842],[-110.950724,32.228842],[-110.950724,32.228806]]]}},{"type":"Feature","properties":{"kind":"vegetation","name":null,"osm":"way/1102493884"},"geometry":{"type":"Polygon","coordinates":[[[-110.954961,32.231557],[-110.954901,32.231519],[-110.954771,32.231521],[-110.954769,32.231761],[-110.954836,32.231773],[-110.954878,32.231777],[-110.954936,32.231779],[-110.95497,32.231781],[-110.954983,32.231766],[-110.954969,32.231678],[-110.954961,32.231557]]]}},{"type":"Feature","properties":{"kind":"vegetation","name":null,"osm":"way/1102493885"},"geometry":{"type":"Polygon","coordinates":[[[-110.954975,32.231561],[-110.954984,32.231677],[-110.955,32.231764],[-110.955015,32.231776],[-110.955076,32.23177],[-110.955142,32.231755],[-110.955137,32.231741],[-110.95522,32.231712],[-110.955167,32.231653],[-110.955137,32.231634],[-110.955094,32.231616],[-110.955097,32.231607],[-110.955034,32.231583],[-110.954975,32.231561]]]}},{"type":"Feature","properties":{"kind":"vegetation","name":null,"osm":"way/1102493886"},"geometry":{"type":"Polygon","coordinates":[[[-110.955171,32.231618],[-110.955156,32.23161],[-110.955117,32.231596],[-110.954982,32.231551],[-110.954979,32.231539],[-110.954984,32.231531],[-110.954985,32.231515],[-110.954978,32.231507],[-110.954988,32.231492],[-110.954987,32.231433],[-110.954976,32.231412],[-110.954961,32.23139],[-110.954935,32.231374],[-110.954912,32.231367],[-110.954906,32.231258],[-110.954969,32.231259],[-110.955023,32.231269],[-110.955076,32.231289],[-110.955123,32.231309],[-110.955173,32.231368],[-110.955171,32.231618]]]}},{"type":"Feature","properties":{"kind":"vegetation","name":null,"osm":"way/1102493887"},"geometry":{"type":"Polygon","coordinates":[[[-110.955007,32.230615],[-110.955004,32.230708],[-110.954856,32.230706],[-110.954778,32.230704],[-110.954776,32.230625],[-110.954847,32.230613],[-110.955007,32.230615]]]}},{"type":"Feature","properties":{"kind":"vegetation","name":null,"osm":"way/1102493888"},"geometry":{"type":"Polygon","coordinates":[[[-110.954941,32.230592],[-110.954848,32.230591],[-110.954831,32.230592],[-110.954812,32.230591],[-110.954788,32.230582],[-110.954765,32.230567],[-110.95475,32.230549],[-110.954743,32.230533],[-110.954743,32.230488],[-110.954817,32.230488],[-110.954824,32.230488],[-110.954824,32.230539],[-110.954837,32.230554],[-110.954856,32.230564],[-110.954872,32.230567],[-110.954891,32.230568],[-110.954942,32.230568],[-110.954942,32.230571],[-110.954941,32.230592]]]}},{"type":"Feature","properties":{"kind":"vegetation","name":null,"osm":"way/1102493889"},"geometry":{"type":"Polygon","coordinates":[[[-110.955263,32.230548],[-110.955469,32.230547],[-110.95547,32.230601],[-110.955273,32.2306],[-110.955267,32.230598],[-110.955264,32.230594],[-110.955263,32.230548]]]}},{"type":"Feature","properties":{"kind":"vegetation","name":null,"osm":"way/1102493890"},"geometry":{"type":"Polygon","coordinates":[[[-110.955216,32.230614],[-110.955042,32.230611],[-110.955043,32.230674],[-110.955071,32.230674],[-110.955073,32.230691],[-110.95512,32.23069],[-110.95518,32.230679],[-110.955214,32.230668],[-110.955216,32.230614]]]}},{"type":"Feature","properties":{"kind":"vegetation","name":null,"osm":"way/1102493891"},"geometry":{"type":"Polygon","coordinates":[[[-110.955673,32.230604],[-110.955672,32.23057],[-110.955584,32.230571],[-110.955584,32.230542],[-110.955514,32.230542],[-110.955514,32.230524],[-110.955487,32.230524],[-110.955487,32.230602],[-110.955673,32.230604]]]}},{"type":"Feature","properties":{"kind":"vegetation","name":null,"osm":"way/1102493892"},"geometry":{"type":"Polygon","coordinates":[[[-110.956236,32.230489],[-110.956222,32.230497],[-110.956228,32.230507],[-110.95623,32.230519],[-110.956227,32.230533],[-110.956218,32.230547],[-110.9562,32.230558],[-110.956184,32.23056],[-110.956167,32.230558],[-110.956148,32.230567],[-110.956125,32.230571],[-110.956097,32.230569],[-110.956065,32.230562],[-110.955999,32.230577],[-110.955923,32.23059],[-110.955877,32.23059],[-110.955878,32.230578],[-110.955838,32.230578],[-110.955839,32.230607],[-110.956114,32.230603],[-110.956146,32.2306],[-110.956179,32.230591],[-110.956233,32.230571],[-110.956282,32.230549],[-110.956236,32.230489]]]}},{"type":"Feature","properties":{"kind":"vegetation","name":null,"osm":"way/1102493893"},"geometry":{"type":"Polygon","coordinates":[[[-110.955466,32.230617],[-110.955509,32.230672],[-110.955454,32.230677],[-110.955372,32.230686],[-110.955269,32.230698],[-110.955266,32.230682],[-110.955264,32.230621],[-110.955267,32.230616],[-110.955273,32.230613],[-110.955466,32.230617]]]}},{"type":"Feature","properties":{"kind":"vegetation","name":null,"osm":"way/1102493894"},"geometry":{"type":"Polygon","coordinates":[[[-110.956124,32.230623],[-110.956077,32.230635],[-110.95601,32.230649],[-110.955941,32.230659],[-110.955886,32.230663],[-110.955827,32.230662],[-110.955827,32.23062],[-110.956124,32.230623]]]}},{"type":"Feature","properties":{"kind":"vegetation","name":null,"osm":"way/1102493895"},"geometry":{"type":"Polygon","coordinates":[[[-110.955734,32.230661],[-110.955613,32.230666],[-110.955531,32.230669],[-110.955488,32.230617],[-110.955734,32.230619],[-110.955734,32.230661]]]}},{"type":"Feature","properties":{"kind":"vegetation","name":null,"osm":"way/1102493896"},"geometry":{"type":"Polygon","coordinates":[[[-110.956288,32.230779],[-110.95633,32.230779],[-110.956334,32.230716],[-110.956332,32.230678],[-110.956331,32.230665],[-110.956294,32.230663],[-110.956221,32.230694],[-110.956148,32.230712],[-110.956144,32.230768],[-110.956151,32.230768],[-110.956151,32.230779],[-110.956288,32.230779]]]}},{"type":"Feature","properties":{"kind":"vegetation","name":null,"osm":"way/1102493898"},"geometry":{"type":"Polygon","coordinates":[[[-110.956592,32.230469],[-110.956567,32.230483],[-110.956474,32.230558],[-110.95639,32.23061],[-110.956352,32.23063],[-110.956353,32.230728],[-110.956361,32.230748],[-110.95638,32.23084],[-110.956381,32.230949],[-110.956356,32.231019],[-110.956356,32.231405],[-110.956356,32.231625],[-110.956373,32.23163],[-110.956393,32.231624],[-110.956426,32.231604],[-110.956469,32.231588],[-110.95655,32.23158],[-110.956599,32.231583],[-110.956669,32.231583],[-110.956681,32.231578],[-110.956691,32.23157],[-110.956696,32.231559],[-110.95669,32.230478],[-110.956685,32.230466],[-110.956672,32.230457],[-110.956653,32.230454],[-110.956625,32.230454],[-110.95661,32.230459],[-110.956592,32.230469]]]}},{"type":"Feature","properties":{"kind":"vegetation","name":null,"osm":"way/1102493904"},"geometry":{"type":"Polygon","coordinates":[[[-110.944942,32.235005],[-110.944941,32.234981],[-110.944925,32.234967],[-110.944831,32.234968],[-110.944831,32.234977],[-110.944842,32.234986],[-110.944846,32.234994],[-110.944854,32.235009],[-110.944862,32.235017],[-110.944873,32.235022],[-110.944884,32.235025],[-110.944908,32.235025],[-110.944911,32.235022],[-110.944912,32.235011],[-110.944916,32.235008],[-110.944921,32.235006],[-110.944942,32.235005]]]}},{"type":"Feature","properties":{"kind":"vegetation","name":null,"osm":"way/1102493905"},"geometry":{"type":"Polygon","coordinates":[[[-110.945007,32.235026],[-110.945101,32.235024],[-110.945101,32.235014],[-110.945103,32.235011],[-110.945106,32.235009],[-110.945123,32.235008],[-110.945123,32.234967],[-110.945,32.234967],[-110.944985,32.234981],[-110.944985,32.235005],[-110.944999,32.235005],[-110.945004,32.235006],[-110.945007,32.23501],[-110.945007,32.235026]]]}},{"type":"Feature","properties":{"kind":"vegetation","name":null,"osm":"way/1132038801"},"geometry":{"type":"Polygon","coordinates":[[[-110.977673,32.220619],[-110.977647,32.220625],[-110.97763,32.220579],[-110.977656,32.220572],[-110.977673,32.220619]]]}},{"type":"Feature","properties":{"kind":"vegetation","name":null,"osm":"way/1132038802"},"geometry":{"type":"Polygon","coordinates":[[[-110.977783,32.220891],[-110.977733,32.220904],[-110.977669,32.220747],[-110.977724,32.220729],[-110.977783,32.220891]]]}},{"type":"Feature","properties":{"kind":"vegetation","name":null,"osm":"way/1132038803"},"geometry":{"type":"Polygon","coordinates":[[[-110.977521,32.220307],[-110.977517,32.220294],[-110.977378,32.220215],[-110.977351,32.220192],[-110.977308,32.220195],[-110.977311,32.220224],[-110.97717,32.220235],[-110.977168,32.220199],[-110.977164,32.220196],[-110.977158,32.220196],[-110.977153,32.220197],[-110.97715,32.220201],[-110.977157,32.220322],[-110.977185,32.220331],[-110.977209,32.220343],[-110.977232,32.22036],[-110.977255,32.220383],[-110.977521,32.220307]]]}},{"type":"Feature","properties":{"kind":"vegetation","name":null,"osm":"way/1132038804"},"geometry":{"type":"Polygon","coordinates":[[[-110.977557,32.220348],[-110.977598,32.220457],[-110.977495,32.220486],[-110.977557,32.220348]]]}},{"type":"Feature","properties":{"kind":"vegetation","name":null,"osm":"way/1132038805"},"geometry":{"type":"Polygon","coordinates":[[[-110.977455,32.22051],[-110.977247,32.220428],[-110.977248,32.220406],[-110.977529,32.220329],[-110.977534,32.220341],[-110.977455,32.22051]]]}},{"type":"Feature","properties":{"kind":"vegetation","name":null,"osm":"way/1132038806"},"geometry":{"type":"Polygon","coordinates":[[[-110.97733,32.220842],[-110.977348,32.220802],[-110.977392,32.220817],[-110.977432,32.22091],[-110.977442,32.220913],[-110.977559,32.220972],[-110.977739,32.22092],[-110.977743,32.22093],[-110.977794,32.220918],[-110.977803,32.220942],[-110.977753,32.220954],[-110.977759,32.220972],[-110.977809,32.220959],[-110.977821,32.220995],[-110.977769,32.221007],[-110.977413,32.221049],[-110.97733,32.220842]]]}},{"type":"Feature","properties":{"kind":"vegetation","name":null,"osm":"way/1132038807"},"geometry":{"type":"Polygon","coordinates":[[[-110.977363,32.220715],[-110.977316,32.220808],[-110.977197,32.220501],[-110.97722,32.220483],[-110.977392,32.22055],[-110.977341,32.220659],[-110.977363,32.220715]]]}},{"type":"Feature","properties":{"kind":"vegetation","name":null,"osm":"way/1132255146"},"geometry":{"type":"Polygon","coordinates":[[[-110.961356,32.231497],[-110.961346,32.231499],[-110.961334,32.231506],[-110.961322,32.231542],[-110.961313,32.23155],[-110.961292,32.231556],[-110.961202,32.231557],[-110.96118,32.231551],[-110.961173,32.23154],[-110.961167,32.231519],[-110.961168,32.2314],[-110.96117,32.231277],[-110.961171,32.231269],[-110.961184,32.231265],[-110.961211,32.231262],[-110.96136,32.231262],[-110.961359,32.231309],[-110.961356,32.231437],[-110.961356,32.231497]]]}},{"type":"Feature","properties":{"kind":"vegetation","name":null,"osm":"way/1132255147"},"geometry":{"type":"Polygon","coordinates":[[[-110.961444,32.231574],[-110.961444,32.231519],[-110.961382,32.231519],[-110.961382,32.231494],[-110.961368,32.231494],[-110.961358,32.231502],[-110.961349,32.231518],[-110.961334,32.23155],[-110.961334,32.231575],[-110.961444,32.231574]]]}},{"type":"Feature","properties":{"kind":"vegetation","name":null,"osm":"way/1132255148"},"geometry":{"type":"Polygon","coordinates":[[[-110.962414,32.231498],[-110.962413,32.231543],[-110.962412,32.231546],[-110.962408,32.231549],[-110.962365,32.231548],[-110.962366,32.231498],[-110.962414,32.231498]]]}},{"type":"Feature","properties":{"kind":"vegetation","name":null,"osm":"way/1132274475"},"geometry":{"type":"Polygon","coordinates":[[[-110.961458,32.22873],[-110.961458,32.228718],[-110.961456,32.228709],[-110.961441,32.228683],[-110.961432,32.228675],[-110.961415,32.228714],[-110.961414,32.228721],[-110.961414,32.22873],[-110.961458,32.22873]]]}},{"type":"Feature","properties":{"kind":"vegetation","name":null,"osm":"way/1132274476"},"geometry":{"type":"Polygon","coordinates":[[[-110.963647,32.229183],[-110.963617,32.229185],[-110.963604,32.229189],[-110.963593,32.229197],[-110.963585,32.229201],[-110.963576,32.229203],[-110.96357,32.229201],[-110.963565,32.229196],[-110.963564,32.229191],[-110.963564,32.229164],[-110.963647,32.229166],[-110.963647,32.229183]]]}},{"type":"Feature","properties":{"kind":"vegetation","name":null,"osm":"way/1132274477"},"geometry":{"type":"Polygon","coordinates":[[[-110.963734,32.229164],[-110.963735,32.229178],[-110.963731,32.229185],[-110.96372,32.229191],[-110.963707,32.229191],[-110.963691,32.229186],[-110.963679,32.229185],[-110.96367,32.229185],[-110.96367,32.229165],[-110.963734,32.229164]]]}},{"type":"Feature","properties":{"kind":"vegetation","name":null,"osm":"way/1132274479"},"geometry":{"type":"Polygon","coordinates":[[[-110.962903,32.229316],[-110.962721,32.229315],[-110.962721,32.229214],[-110.962903,32.229215],[-110.962903,32.229316]]]}},{"type":"Feature","properties":{"kind":"vegetation","name":null,"osm":"way/1132274488"},"geometry":{"type":"Polygon","coordinates":[[[-110.964563,32.230968],[-110.964563,32.230994],[-110.964653,32.230994],[-110.964653,32.230965],[-110.964628,32.230967],[-110.964613,32.230967],[-110.964594,32.230969],[-110.964582,32.230969],[-110.964563,32.230968]]]}},{"type":"Feature","properties":{"kind":"vegetation","name":null,"osm":"way/1132274489"},"geometry":{"type":"Polygon","coordinates":[[[-110.964653,32.230959],[-110.964653,32.23091],[-110.964563,32.23091],[-110.964563,32.230961],[-110.964577,32.230961],[-110.964595,32.230962],[-110.964611,32.230959],[-110.96463,32.230958],[-110.964653,32.230959]]]}},{"type":"Feature","properties":{"kind":"vegetation","name":null,"osm":"way/1132274490"},"geometry":{"type":"Polygon","coordinates":[[[-110.964278,32.230923],[-110.964263,32.230921],[-110.96422,32.23092],[-110.964219,32.231009],[-110.96433,32.231008],[-110.96433,32.230986],[-110.964339,32.230986],[-110.964339,32.230967],[-110.964278,32.230968],[-110.964278,32.230923]]]}},{"type":"Feature","properties":{"kind":"vegetation","name":null,"osm":"way/1132274491"},"geometry":{"type":"Polygon","coordinates":[[[-110.96432,32.230849],[-110.964295,32.230849],[-110.964275,32.230859],[-110.964267,32.230869],[-110.964264,32.230879],[-110.964263,32.230908],[-110.964221,32.230908],[-110.96422,32.230829],[-110.96432,32.23083],[-110.96432,32.230849]]]}},{"type":"Feature","properties":{"kind":"vegetation","name":null,"osm":"way/1132274492"},"geometry":{"type":"Polygon","coordinates":[[[-110.964321,32.230872],[-110.96432,32.230857],[-110.964299,32.230857],[-110.96429,32.23086],[-110.96428,32.230865],[-110.964274,32.230872],[-110.964271,32.230884],[-110.964272,32.230908],[-110.964277,32.230908],[-110.964277,32.230872],[-110.964321,32.230872]]]}},{"type":"Feature","properties":{"kind":"vegetation","name":null,"osm":"way/1132274493"},"geometry":{"type":"Polygon","coordinates":[[[-110.964591,32.23],[-110.96458,32.230002],[-110.964568,32.23],[-110.964551,32.229988],[-110.964544,32.229978],[-110.964542,32.229971],[-110.964544,32.229965],[-110.964554,32.229967],[-110.964563,32.22997],[-110.964579,32.229982],[-110.964591,32.23]]]}},{"type":"Feature","properties":{"kind":"vegetation","name":null,"osm":"way/1132274494"},"geometry":{"type":"Polygon","coordinates":[[[-110.964373,32.230099],[-110.964373,32.230182],[-110.964352,32.230182],[-110.964348,32.230178],[-110.964347,32.230174],[-110.964347,32.2301],[-110.964373,32.230099]]]}},{"type":"Feature","properties":{"kind":"vegetation","name":null,"osm":"way/1149557796"},"geometry":{"type":"Polygon","coordinates":[[[-110.946481,32.217673],[-110.946466,32.217804],[-110.946447,32.217848],[-110.946385,32.217897],[-110.945934,32.218082],[-110.9459,32.217979],[-110.945802,32.217885],[-110.945812,32.217818],[-110.945733,32.217797],[-110.94573,32.217758],[-110.945699,32.217762],[-110.945351,32.217755],[-110.945304,32.217712],[-110.945306,32.217424],[-110.945419,32.21676],[-110.9455,32.216647],[-110.945786,32.216344],[-110.946119,32.216198],[-110.946415,32.216126],[-110.946478,32.216154],[-110.946516,32.21625],[-110.946549,32.216334],[-110.946583,32.21642],[-110.946635,32.216709],[-110.946674,32.216848],[-110.946648,32.216943],[-110.946486,32.217196],[-110.94648,32.217667],[-110.946481,32.217673]]]}},{"type":"Feature","properties":{"kind":"vegetation","name":null,"osm":"way/1149557802"},"geometry":{"type":"Polygon","coordinates":[[[-110.947251,32.21696],[-110.947058,32.217185],[-110.946913,32.217101],[-110.946828,32.217024],[-110.946763,32.216923],[-110.946712,32.216807],[-110.946698,32.216687],[-110.946706,32.216577],[-110.946738,32.216483],[-110.946797,32.216396],[-110.947102,32.216506],[-110.947011,32.216699],[-110.947016,32.21678],[-110.947079,32.216857],[-110.947198,32.216927],[-110.947251,32.21696]]]}},{"type":"Feature","properties":{"kind":"vegetation","name":null,"osm":"way/1149557807"},"geometry":{"type":"Polygon","coordinates":[[[-110.947679,32.218198],[-110.947296,32.218212],[-110.946546,32.218156],[-110.946516,32.217589],[-110.946671,32.21739],[-110.946898,32.217227],[-110.947567,32.217205],[-110.947704,32.217839],[-110.947707,32.217899],[-110.947712,32.217988],[-110.947722,32.218157],[-110.947679,32.218198]]]}},{"type":"Feature","properties":{"kind":"vegetation","name":null,"osm":"way/1150077622"},"geometry":{"type":"Polygon","coordinates":[[[-110.979223,32.180016],[-110.979163,32.180023],[-110.97813,32.180034],[-110.978078,32.180023],[-110.97803,32.18],[-110.977987,32.179965],[-110.977952,32.17992],[-110.977934,32.179865],[-110.977933,32.179644],[-110.977946,32.179597],[-110.977973,32.179555],[-110.978013,32.17952],[-110.978086,32.179486],[-110.978142,32.17948],[-110.979206,32.179471],[-110.979254,32.179485],[-110.979298,32.179507],[-110.97934,32.179541],[-110.979372,32.179586],[-110.979392,32.179644],[-110.979392,32.179857],[-110.979379,32.179903],[-110.979345,32.179954],[-110.979283,32.179996],[-110.979223,32.180016]]]}},{"type":"Feature","properties":{"kind":"vegetation","name":null,"osm":"way/1150077626"},"geometry":{"type":"Polygon","coordinates":[[[-110.981086,32.18451],[-110.981025,32.184377],[-110.98072,32.184472],[-110.980779,32.184606],[-110.980763,32.184606],[-110.980681,32.184584],[-110.980621,32.184557],[-110.980569,32.184521],[-110.980522,32.184467],[-110.980489,32.184413],[-110.980168,32.183687],[-110.980131,32.183603],[-110.980118,32.183545],[-110.980119,32.183484],[-110.98013,32.183433],[-110.98015,32.183388],[-110.980179,32.183346],[-110.980222,32.183303],[-110.980274,32.183265],[-110.980334,32.183237],[-110.980411,32.183218],[-110.980478,32.183215],[-110.980545,32.183221],[-110.980609,32.183236],[-110.980674,32.183267],[-110.980734,32.183311],[-110.980775,32.183357],[-110.980804,32.183408],[-110.981164,32.18423],[-110.981176,32.184291],[-110.981174,32.184343],[-110.981161,32.184396],[-110.981138,32.184445],[-110.981094,32.184504],[-110.981091,32.184506],[-110.981086,32.18451]]]}},{"type":"Feature","properties":{"kind":"vegetation","name":null,"osm":"way/1150077643"},"geometry":{"type":"Polygon","coordinates":[[[-110.973314,32.190573],[-110.972887,32.190576],[-110.972881,32.190469],[-110.973314,32.190468],[-110.973314,32.190573]]]}},{"type":"Feature","properties":{"kind":"vegetation","name":null,"osm":"way/1150077644"},"geometry":{"type":"Polygon","coordinates":[[[-110.971623,32.192082],[-110.971618,32.191656],[-110.97168,32.191655],[-110.971686,32.191891],[-110.971672,32.191904],[-110.971671,32.191925],[-110.971681,32.191935],[-110.971684,32.192061],[-110.971657,32.192084],[-110.971623,32.192082]]]}},{"type":"Feature","properties":{"kind":"vegetation","name":null,"osm":"way/1150262289"},"geometry":{"type":"Polygon","coordinates":[[[-110.964505,32.207917],[-110.964551,32.207857],[-110.964576,32.207783],[-110.964581,32.207693],[-110.964542,32.207633],[-110.964489,32.207606],[-110.964399,32.207565],[-110.96433,32.207574],[-110.964175,32.20765],[-110.964173,32.20748],[-110.964042,32.207482],[-110.964049,32.206984],[-110.965322,32.206972],[-110.965329,32.208056],[-110.965159,32.208059],[-110.964948,32.208021],[-110.964678,32.208034],[-110.96467,32.207924],[-110.964505,32.207917]]]}},{"type":"Feature","properties":{"kind":"vegetation","name":null,"osm":"way/1150262290"},"geometry":{"type":"Polygon","coordinates":[[[-110.962894,32.207888],[-110.962249,32.207904],[-110.962255,32.207778],[-110.962296,32.207564],[-110.962415,32.207379],[-110.962585,32.207245],[-110.962811,32.207101],[-110.962811,32.206981],[-110.963826,32.206968],[-110.96383,32.20707],[-110.963568,32.207074],[-110.963557,32.207821],[-110.963188,32.207813],[-110.963196,32.207652],[-110.963106,32.207597],[-110.962966,32.207574],[-110.962895,32.207587],[-110.962816,32.207696],[-110.962819,32.207798],[-110.962889,32.207857],[-110.962894,32.207888]]]}},{"type":"Feature","properties":{"kind":"vegetation","name":null,"osm":"way/1150262291"},"geometry":{"type":"Polygon","coordinates":[[[-110.963268,32.208953],[-110.963276,32.208697],[-110.963037,32.208691],[-110.96305,32.208106],[-110.963545,32.208101],[-110.963569,32.208954],[-110.963268,32.208953]]]}},{"type":"Feature","properties":{"kind":"vegetation","name":null,"osm":"way/1150262308"},"geometry":{"type":"Polygon","coordinates":[[[-110.962453,32.225701],[-110.962319,32.225698],[-110.962321,32.225432],[-110.962442,32.225434],[-110.962453,32.225701]]]}},{"type":"Feature","properties":{"kind":"vegetation","name":null,"osm":"way/1150262310"},"geometry":{"type":"Polygon","coordinates":[[[-110.962894,32.228938],[-110.96268,32.228941],[-110.962679,32.228894],[-110.962893,32.228892],[-110.962894,32.228938]]]}},{"type":"Feature","properties":{"kind":"vegetation","name":null,"osm":"way/1150778968"},"geometry":{"type":"Polygon","coordinates":[[[-110.983637,32.204879],[-110.983114,32.204873],[-110.983076,32.203808],[-110.983169,32.203801],[-110.983609,32.203799],[-110.98369,32.203799],[-110.983771,32.203798],[-110.983851,32.203798],[-110.983923,32.203745],[-110.983927,32.203677],[-110.98393,32.203625],[-110.983931,32.203614],[-110.983933,32.20359],[-110.983959,32.203178],[-110.983959,32.203176],[-110.98411,32.203178],[-110.98411,32.204432],[-110.983659,32.204432],[-110.983637,32.204879]]]}},{"type":"Feature","properties":{"kind":"vegetation","name":null,"osm":"way/1150778969"},"geometry":{"type":"Polygon","coordinates":[[[-110.983609,32.203799],[-110.983169,32.203801],[-110.983159,32.203639],[-110.983205,32.20352],[-110.983278,32.20341],[-110.983378,32.203304],[-110.983555,32.203213],[-110.983793,32.203158],[-110.98396,32.203159],[-110.983959,32.203176],[-110.983959,32.203178],[-110.983933,32.20359],[-110.983839,32.203527],[-110.98376,32.203511],[-110.983659,32.203527],[-110.983582,32.203586],[-110.983566,32.203704],[-110.983605,32.203768],[-110.983609,32.203799]]]}},{"type":"Feature","properties":{"kind":"vegetation","name":null,"osm":"way/1151068060"},"geometry":{"type":"Polygon","coordinates":[[[-110.989986,32.225439],[-110.990261,32.225416],[-110.990238,32.225251],[-110.990171,32.225256],[-110.990173,32.225244],[-110.989828,32.22528],[-110.989772,32.225334],[-110.989719,32.225334],[-110.989731,32.22536],[-110.989793,32.225368],[-110.989852,32.225318],[-110.989968,32.225302],[-110.989986,32.225439]]]}},{"type":"Feature","properties":{"kind":"vegetation","name":null,"osm":"way/1151068064"},"geometry":{"type":"Polygon","coordinates":[[[-110.990636,32.238065],[-110.990375,32.238068],[-110.990373,32.238034],[-110.989973,32.238024],[-110.989939,32.238003],[-110.98993,32.237925],[-110.989997,32.23796],[-110.990038,32.237968],[-110.990311,32.237969],[-110.990329,32.237943],[-110.990375,32.237958],[-110.990369,32.237976],[-110.990636,32.238065]]]}},{"type":"Feature","properties":{"kind":"vegetation","name":null,"osm":"way/1151068066"},"geometry":{"type":"Polygon","coordinates":[[[-110.990134,32.236907],[-110.989907,32.236905],[-110.989906,32.236798],[-110.990141,32.2368],[-110.990134,32.236907]]]}},{"type":"Feature","properties":{"kind":"vegetation","name":null,"osm":"way/1151068076"},"geometry":{"type":"Polygon","coordinates":[[[-110.989787,32.235874],[-110.989821,32.235874],[-110.989826,32.23581],[-110.98969,32.235808],[-110.989691,32.235831],[-110.989692,32.235874],[-110.989787,32.235874]]]}},{"type":"Feature","properties":{"kind":"vegetation","name":null,"osm":"way/1151105978"},"geometry":{"type":"Polygon","coordinates":[[[-110.989815,32.240471],[-110.989288,32.240502],[-110.989282,32.240439],[-110.989325,32.240327],[-110.989287,32.240214],[-110.989193,32.240155],[-110.989072,32.240149],[-110.988986,32.240201],[-110.988894,32.240205],[-110.988848,32.239763],[-110.989197,32.23977],[-110.989465,32.239852],[-110.989656,32.240038],[-110.989786,32.24023],[-110.989815,32.240471]]]}},{"type":"Feature","properties":{"kind":"vegetation","name":null,"osm":"way/1177971604"},"geometry":{"type":"Polygon","coordinates":[[[-110.93501,32.215602],[-110.934764,32.215599],[-110.934773,32.21533],[-110.93501,32.215331],[-110.93501,32.215602]]]}},{"type":"Feature","properties":{"kind":"vegetation","name":null,"osm":"way/1178005504"},"geometry":{"type":"Polygon","coordinates":[[[-110.937688,32.231386],[-110.937687,32.231336],[-110.937742,32.231336],[-110.937747,32.231304],[-110.937713,32.231304],[-110.937716,32.231227],[-110.937766,32.231225],[-110.937764,32.231164],[-110.937705,32.231165],[-110.937703,32.231056],[-110.937747,32.231055],[-110.937747,32.230999],[-110.937705,32.23099],[-110.937708,32.230905],[-110.937744,32.2309],[-110.937743,32.230809],[-110.937528,32.23081],[-110.937533,32.231387],[-110.937688,32.231386]]]}},{"type":"Feature","properties":{"kind":"vegetation","name":null,"osm":"way/1196692104"},"geometry":{"type":"Polygon","coordinates":[[[-110.954575,32.229532],[-110.95451,32.229533],[-110.954491,32.229525],[-110.954463,32.229515],[-110.954434,32.229515],[-110.954405,32.229528],[-110.954385,32.22954],[-110.954364,32.229542],[-110.954344,32.229533],[-110.954377,32.229592],[-110.954388,32.229639],[-110.954388,32.229702],[-110.954434,32.229702],[-110.954436,32.229637],[-110.954467,32.229636],[-110.954467,32.229721],[-110.954577,32.22972],[-110.954576,32.229618],[-110.954575,32.229532]]]}},{"type":"Feature","properties":{"kind":"vegetation","name":null,"osm":"way/1196692107"},"geometry":{"type":"Polygon","coordinates":[[[-110.953329,32.228978],[-110.95335,32.228994],[-110.953361,32.229011],[-110.953368,32.22903],[-110.953374,32.229056],[-110.953385,32.229073],[-110.953407,32.229099],[-110.953426,32.229115],[-110.953434,32.229129],[-110.95338,32.229179],[-110.953353,32.22916],[-110.953354,32.229138],[-110.953349,32.229119],[-110.953326,32.229097],[-110.953313,32.229067],[-110.953313,32.229052],[-110.953316,32.229034],[-110.953311,32.229024],[-110.953296,32.229017],[-110.953253,32.229007],[-110.95326,32.228965],[-110.953281,32.228965],[-110.953303,32.228969],[-110.953329,32.228978]]]}},{"type":"Feature","properties":{"kind":"vegetation","name":null,"osm":"way/1196692113"},"geometry":{"type":"Polygon","coordinates":[[[-110.956678,32.229199],[-110.956678,32.229449],[-110.956643,32.229449],[-110.956643,32.229438],[-110.956641,32.229436],[-110.956637,32.229435],[-110.956633,32.229436],[-110.956631,32.229438],[-110.956631,32.229561],[-110.956614,32.229554],[-110.956614,32.229528],[-110.95661,32.229525],[-110.956607,32.229526],[-110.956605,32.229528],[-110.956606,32.229569],[-110.956367,32.229372],[-110.956362,32.22928],[-110.956602,32.229101],[-110.956602,32.229126],[-110.956604,32.229129],[-110.956608,32.22913],[-110.956612,32.229129],[-110.956614,32.229126],[-110.956614,32.229093],[-110.956633,32.229078],[-110.956631,32.229211],[-110.956632,32.229213],[-110.956636,32.229214],[-110.95664,32.229213],[-110.956643,32.229211],[-110.956643,32.229199],[-110.956678,32.229199]]]}},{"type":"Feature","properties":{"kind":"vegetation","name":null,"osm":"way/1196987352"},"geometry":{"type":"Polygon","coordinates":[[[-110.963677,32.226084],[-110.963683,32.226081],[-110.963662,32.226054],[-110.963694,32.226037],[-110.963714,32.226064],[-110.963726,32.226057],[-110.963904,32.226127],[-110.963888,32.226168],[-110.963861,32.226202],[-110.963826,32.226227],[-110.963828,32.226256],[-110.963841,32.226274],[-110.963875,32.226286],[-110.96393,32.226279],[-110.963928,32.226192],[-110.963932,32.22608],[-110.963916,32.226046],[-110.963915,32.225995],[-110.963928,32.225967],[-110.963926,32.225874],[-110.9639,32.225872],[-110.96387,32.225865],[-110.963823,32.225845],[-110.96381,32.22588],[-110.963786,32.225912],[-110.963739,32.22596],[-110.963704,32.225952],[-110.963717,32.225931],[-110.963664,32.225947],[-110.963618,32.225953],[-110.963522,32.225955],[-110.963163,32.225955],[-110.963143,32.225952],[-110.963123,32.225947],[-110.962746,32.225813],[-110.962697,32.225792],[-110.962672,32.225775],[-110.962651,32.225754],[-110.962635,32.225727],[-110.962623,32.225695],[-110.962625,32.225538],[-110.962601,32.225523],[-110.96256,32.225511],[-110.962532,32.225457],[-110.962492,32.225418],[-110.962452,32.225412],[-110.962458,32.225735],[-110.962501,32.225713],[-110.962508,32.225673],[-110.962538,32.225591],[-110.962581,32.225569],[-110.9626,32.225585],[-110.962603,32.225614],[-110.962584,32.22564],[-110.962579,32.225666],[-110.962601,32.22569],[-110.962593,32.225708],[-110.962527,32.225754],[-110.962462,32.225784],[-110.962461,32.226311],[-110.962608,32.22631],[-110.962605,32.226242],[-110.962737,32.226242],[-110.962734,32.226071],[-110.962949,32.226072],[-110.963007,32.226041],[-110.963067,32.22602],[-110.963114,32.226005],[-110.963163,32.225992],[-110.963148,32.225972],[-110.963147,32.225961],[-110.963163,32.225961],[-110.96324,32.225981],[-110.963257,32.225987],[-110.963371,32.225998],[-110.963446,32.226012],[-110.963554,32.226061],[-110.963639,32.226121],[-110.963695,32.226124],[-110.963677,32.226084]]]}},{"type":"Feature","properties":{"kind":"vegetation","name":null,"osm":"way/1196987353"},"geometry":{"type":"Polygon","coordinates":[[[-110.963802,32.22537],[-110.963799,32.22536],[-110.963787,32.22535],[-110.963748,32.225333],[-110.963636,32.225302],[-110.963608,32.225298],[-110.963576,32.225297],[-110.963219,32.225299],[-110.963175,32.225304],[-110.96311,32.225314],[-110.963061,32.225317],[-110.962743,32.225321],[-110.962719,32.225328],[-110.962701,32.225337],[-110.962685,32.225354],[-110.962671,32.225377],[-110.962664,32.225397],[-110.96266,32.22542],[-110.962655,32.225681],[-110.962662,32.225711],[-110.962682,32.225745],[-110.962705,32.225765],[-110.962743,32.225783],[-110.963143,32.225925],[-110.963159,32.225927],[-110.963191,32.225928],[-110.963593,32.225928],[-110.96364,32.225923],[-110.963691,32.225912],[-110.963745,32.225887],[-110.963774,32.225865],[-110.963791,32.225845],[-110.963801,32.225825],[-110.963808,32.225794],[-110.96381,32.225758],[-110.963802,32.22537]]]}},{"type":"Feature","properties":{"kind":"vegetation","name":null,"osm":"way/1197499421"},"geometry":{"type":"Polygon","coordinates":[[[-110.957791,32.225614],[-110.957789,32.225821],[-110.957692,32.225838],[-110.957308,32.225829],[-110.957308,32.225807],[-110.957305,32.225657],[-110.957024,32.225657],[-110.957023,32.22537],[-110.95693,32.22535],[-110.956937,32.225108],[-110.957053,32.225109],[-110.957236,32.2253],[-110.95743,32.225578],[-110.957439,32.225586],[-110.957456,32.225589],[-110.957551,32.225585],[-110.957551,32.225593],[-110.957699,32.225587],[-110.9577,32.225615],[-110.957791,32.225614]]]}},{"type":"Feature","properties":{"kind":"vegetation","name":null,"osm":"way/1197499463"},"geometry":{"type":"Polygon","coordinates":[[[-110.951397,32.227676],[-110.951149,32.227677],[-110.951151,32.227515],[-110.951344,32.227515],[-110.951346,32.227534],[-110.95135,32.227542],[-110.951363,32.227549],[-110.951398,32.227549],[-110.951397,32.227676]]]}},{"type":"Feature","properties":{"kind":"vegetation","name":null,"osm":"way/1201814834"},"geometry":{"type":"Polygon","coordinates":[[[-110.973233,32.23627],[-110.973233,32.236397],[-110.973182,32.236397],[-110.973182,32.23627],[-110.973233,32.23627]]]}},{"type":"Feature","properties":{"kind":"vegetation","name":null,"osm":"way/1201814835"},"geometry":{"type":"Polygon","coordinates":[[[-110.972985,32.23627],[-110.972985,32.236397],[-110.972934,32.236397],[-110.972934,32.23627],[-110.972985,32.23627]]]}},{"type":"Feature","properties":{"kind":"vegetation","name":null,"osm":"way/1237964319"},"geometry":{"type":"Polygon","coordinates":[[[-110.944558,32.243246],[-110.944572,32.243661],[-110.94428,32.243664],[-110.944296,32.243249],[-110.944558,32.243246]]]}},{"type":"Feature","properties":{"kind":"water","name":null,"osm":"way/1274182454"},"geometry":{"type":"Polygon","coordinates":[[[-110.946963,32.215291],[-110.946956,32.215626],[-110.946873,32.215549],[-110.946789,32.215474],[-110.94679,32.215169],[-110.946877,32.21523],[-110.946963,32.215291]]]}},{"type":"Feature","properties":{"kind":"vegetation","name":null,"osm":"way/1280740651"},"geometry":{"type":"Polygon","coordinates":[[[-110.951456,32.230608],[-110.95132,32.230607],[-110.951317,32.230808],[-110.951454,32.230809],[-110.951456,32.230608]]]}},{"type":"Feature","properties":{"kind":"vegetation","name":null,"osm":"way/1280976205"},"geometry":{"type":"Polygon","coordinates":[[[-110.968563,32.229251],[-110.968564,32.229131],[-110.968439,32.229132],[-110.968438,32.229253],[-110.968563,32.229251]]]}},{"type":"Feature","properties":{"kind":"vegetation","name":null,"osm":"way/1280976206"},"geometry":{"type":"Polygon","coordinates":[[[-110.968401,32.229485],[-110.968568,32.229498],[-110.968567,32.229386],[-110.968491,32.229388],[-110.968459,32.229427],[-110.968398,32.229472],[-110.968401,32.229485]]]}},{"type":"Feature","properties":{"kind":"vegetation","name":null,"osm":"way/1280976207"},"geometry":{"type":"Polygon","coordinates":[[[-110.968425,32.229231],[-110.96842,32.229131],[-110.968155,32.229129],[-110.968153,32.229142],[-110.968208,32.229145],[-110.968215,32.229164],[-110.96839,32.229165],[-110.968392,32.229231],[-110.968425,32.229231]]]}},{"type":"Feature","properties":{"kind":"vegetation","name":"Feld Davis Park","osm":"way/1329757860"},"geometry":{"type":"Polygon","coordinates":[[[-110.945112,32.225012],[-110.944563,32.22502],[-110.944576,32.22462],[-110.945115,32.224619],[-110.945112,32.225012]]]}},{"type":"Feature","properties":{"kind":"vegetation","name":"Christopher Franklin Carroll Centennial Park","osm":"way/1390900140"},"geometry":{"type":"Polygon","coordinates":[[[-110.976002,32.224223],[-110.975913,32.223891],[-110.975821,32.223908],[-110.97591,32.224241],[-110.976002,32.224223]]]}},{"type":"Feature","properties":{"kind":"water","name":"Turtle Pond","osm":"way/1479080443"},"geometry":{"type":"Polygon","coordinates":[[[-110.956582,32.233432],[-110.956604,32.233441],[-110.95666,32.233439],[-110.956655,32.233378],[-110.956627,32.233356],[-110.956583,32.23336],[-110.956576,32.233406],[-110.956582,32.233432]]]}},{"type":"Feature","properties":{"kind":"vegetation","name":null,"osm":"way/1530751684"},"geometry":{"type":"Polygon","coordinates":[[[-110.946495,32.231705],[-110.9465,32.231704],[-110.946502,32.2317],[-110.9465,32.231674],[-110.946085,32.231677],[-110.946086,32.231709],[-110.946495,32.231705]]]}},{"type":"Feature","properties":{"kind":"vegetation","name":null,"osm":"way/1530751685"},"geometry":{"type":"Polygon","coordinates":[[[-110.94674,32.232259],[-110.946674,32.232166],[-110.946752,32.232164],[-110.94674,32.232259]]]}},{"type":"Feature","properties":{"kind":"vegetation","name":null,"osm":"way/1530751755"},"geometry":{"type":"Polygon","coordinates":[[[-110.954457,32.232925],[-110.954456,32.232812],[-110.954447,32.232809],[-110.954449,32.232781],[-110.954469,32.232763],[-110.954495,32.232763],[-110.954523,32.23278],[-110.954546,32.232794],[-110.954581,32.232797],[-110.954622,32.232794],[-110.954645,32.232783],[-110.954665,32.232764],[-110.954682,32.232776],[-110.954676,32.232802],[-110.954685,32.232817],[-110.954702,32.23282],[-110.954719,32.232816],[-110.954726,32.232808],[-110.95473,32.232812],[-110.954735,32.232867],[-110.954646,32.232882],[-110.954586,32.232885],[-110.954542,32.232896],[-110.954487,32.232918],[-110.954457,32.232925]]]}},{"type":"Feature","properties":{"kind":"vegetation","name":null,"osm":"way/1530751756"},"geometry":{"type":"Polygon","coordinates":[[[-110.95512,32.233092],[-110.955119,32.233084],[-110.955112,32.233079],[-110.955099,32.233077],[-110.954959,32.233061],[-110.954868,32.23306],[-110.954821,32.233066],[-110.954725,32.233081],[-110.954665,32.233097],[-110.954551,32.23313],[-110.954397,32.233175],[-110.954398,32.233265],[-110.954421,32.233285],[-110.954422,32.23332],[-110.954436,32.23332],[-110.954574,32.233321],[-110.954678,32.23332],[-110.954679,32.233456],[-110.954706,32.233456],[-110.954705,32.233413],[-110.95475,32.233414],[-110.954773,32.233407],[-110.954801,32.233367],[-110.954841,32.23335],[-110.954884,32.233346],[-110.954917,32.233325],[-110.954946,32.233299],[-110.954945,32.233271],[-110.954969,32.233258],[-110.955103,32.233257],[-110.955112,32.233253],[-110.95512,32.233245],[-110.955121,32.233233],[-110.95512,32.233092]]]}},{"type":"Feature","properties":{"kind":"vegetation","name":null,"osm":"way/1530751757"},"geometry":{"type":"Polygon","coordinates":[[[-110.955385,32.233286],[-110.955182,32.233277],[-110.955165,32.233271],[-110.955154,32.233262],[-110.955148,32.233249],[-110.955147,32.233218],[-110.955148,32.233088],[-110.955165,32.233096],[-110.955385,32.233286]]]}},{"type":"Feature","properties":{"kind":"vegetation","name":null,"osm":"way/1530751758"},"geometry":{"type":"Polygon","coordinates":[[[-110.955873,32.233255],[-110.955821,32.233296],[-110.955578,32.233295],[-110.955416,32.233286],[-110.955382,32.233267],[-110.955309,32.233204],[-110.955176,32.233093],[-110.955251,32.233105],[-110.955375,32.23313],[-110.955521,32.233158],[-110.955589,32.233168],[-110.955669,32.233175],[-110.955732,32.233176],[-110.955868,32.233171],[-110.955873,32.233255]]]}},{"type":"Feature","properties":{"kind":"vegetation","name":null,"osm":"way/1530751768"},"geometry":{"type":"Polygon","coordinates":[[[-110.956536,32.233486],[-110.956395,32.233482],[-110.95638,32.23353],[-110.956348,32.233584],[-110.956397,32.233627],[-110.956364,32.233673],[-110.956365,32.23372],[-110.95665,32.23372],[-110.956695,32.23368],[-110.956696,32.233546],[-110.956651,32.233551],[-110.956612,32.233562],[-110.956585,32.233557],[-110.956565,32.233536],[-110.956536,32.233486]]]}},{"type":"Feature","properties":{"kind":"vegetation","name":null,"osm":"way/1530751770"},"geometry":{"type":"Polygon","coordinates":[[[-110.956373,32.233181],[-110.956371,32.233259],[-110.956381,32.233339],[-110.956389,32.233406],[-110.956391,32.23345],[-110.956494,32.233443],[-110.956491,32.233362],[-110.956511,32.23332],[-110.956546,32.233294],[-110.956606,32.233286],[-110.956647,32.233295],[-110.956675,32.233319],[-110.956697,32.233316],[-110.956691,32.23313],[-110.956683,32.233114],[-110.956674,32.233104],[-110.956653,32.233096],[-110.956599,32.233099],[-110.95654,32.233091],[-110.956516,32.233093],[-110.956388,32.233082],[-110.956373,32.233181]]]}},{"type":"Feature","properties":{"kind":"vegetation","name":null,"osm":"way/1530751771"},"geometry":{"type":"Polygon","coordinates":[[[-110.95626,32.231625],[-110.956272,32.231604],[-110.956333,32.231582],[-110.956334,32.231508],[-110.956196,32.231505],[-110.956195,32.231514],[-110.956168,32.231514],[-110.956138,32.231539],[-110.956139,32.231587],[-110.956126,32.231588],[-110.956127,32.231622],[-110.95626,32.231625]]]}},{"type":"Feature","properties":{"kind":"vegetation","name":null,"osm":"way/1530751774"},"geometry":{"type":"Polygon","coordinates":[[[-110.956024,32.231639],[-110.955842,32.23164],[-110.955833,32.231637],[-110.955829,32.23163],[-110.955828,32.231621],[-110.955829,32.231596],[-110.955851,32.231593],[-110.955877,32.231584],[-110.955898,32.23157],[-110.955913,32.231556],[-110.95603,32.231633],[-110.956024,32.231639]]]}},{"type":"Feature","properties":{"kind":"vegetation","name":null,"osm":"way/1530751835"},"geometry":{"type":"Polygon","coordinates":[[[-110.95892,32.229076],[-110.95892,32.229118],[-110.958987,32.229117],[-110.958988,32.229153],[-110.959295,32.22915],[-110.959295,32.229097],[-110.959035,32.229099],[-110.958992,32.229092],[-110.958937,32.229076],[-110.95892,32.229076]]]}},{"type":"Feature","properties":{"kind":"vegetation","name":null,"osm":"way/1534648619"},"geometry":{"type":"Polygon","coordinates":[[[-110.975348,32.22894],[-110.975133,32.228934],[-110.975098,32.228918],[-110.974968,32.22892],[-110.974949,32.228916],[-110.974936,32.228907],[-110.974928,32.228886],[-110.974929,32.228713],[-110.975346,32.228906],[-110.975348,32.22894]]]}},{"type":"Feature","properties":{"kind":"vegetation","name":null,"osm":"way/1551830381"},"geometry":{"type":"Polygon","coordinates":[[[-110.959658,32.232339],[-110.959658,32.232314],[-110.959644,32.232314],[-110.959644,32.23234],[-110.959601,32.232341],[-110.959601,32.232252],[-110.959704,32.232252],[-110.959704,32.232339],[-110.959658,32.232339]]]}},{"type":"Feature","properties":{"kind":"vegetation","name":null,"osm":"way/1551830382"},"geometry":{"type":"Polygon","coordinates":[[[-110.959797,32.232518],[-110.959604,32.23252],[-110.959601,32.232361],[-110.95961,32.232361],[-110.959609,32.232352],[-110.959695,32.232351],[-110.959697,32.232424],[-110.959796,32.232423],[-110.959797,32.232518]]]}},{"type":"Feature","properties":{"kind":"vegetation","name":null,"osm":"way/1551830399"},"geometry":{"type":"Polygon","coordinates":[[[-110.960918,32.232348],[-110.960918,32.232299],[-110.960825,32.2323],[-110.960825,32.232348],[-110.960918,32.232348]]]}},{"type":"Feature","properties":{"kind":"vegetation","name":null,"osm":"way/1551830400"},"geometry":{"type":"Polygon","coordinates":[[[-110.960809,32.23254],[-110.960809,32.232543],[-110.960886,32.232543],[-110.960886,32.232557],[-110.96081,32.232557],[-110.96081,32.232632],[-110.960919,32.232633],[-110.960918,32.232361],[-110.960826,32.232361],[-110.960828,32.232474],[-110.960809,32.232475],[-110.960809,32.232514],[-110.960809,32.23254]]]}},{"type":"Feature","properties":{"kind":"vegetation","name":null,"osm":"way/1551830401"},"geometry":{"type":"Polygon","coordinates":[[[-110.96091,32.232898],[-110.960916,32.232878],[-110.960916,32.232839],[-110.960902,32.232837],[-110.960888,32.232829],[-110.960883,32.232818],[-110.960883,32.23281],[-110.960842,32.23281],[-110.960844,32.232827],[-110.960877,32.232828],[-110.960847,32.232855],[-110.960631,32.232858],[-110.960633,32.2329],[-110.96091,32.232898]]]}},{"type":"Feature","properties":{"kind":"vegetation","name":null,"osm":"way/1551830402"},"geometry":{"type":"Polygon","coordinates":[[[-110.960877,32.232736],[-110.960841,32.232736],[-110.960841,32.232684],[-110.960821,32.232684],[-110.960821,32.232648],[-110.960913,32.232648],[-110.960913,32.232703],[-110.960892,32.232711],[-110.960881,32.232724],[-110.960877,32.232736]]]}}]}