{"type":"FeatureCollection","metadata":{"regionId":"tucson","source":"osm","attribution":"Data (c) OpenStreetMap contributors, ODbL, via Overpass API.","fetchedAt":"2026-08-24T14:16:35.348Z","note":"Road centrelines inside the measured tiles. Temperatures are NOT baked in - the client samples the active heat field along each line, so a street readout always matches the day and day part on screen."},"features":[{"type":"Feature","properties":{"name":"Tucson–Benson Highway","highway":"motorway","osm":"way/5053209"},"geometry":{"type":"LineString","coordinates":[[-110.96175,32.18535],[-110.96117,32.1852]]}},{"type":"Feature","properties":{"name":"South Freeway","highway":"motorway","osm":"way/5053271"},"geometry":{"type":"LineString","coordinates":[[-110.97917,32.1993],[-110.978,32.19576],[-110.97597,32.19213]]}},{"type":"Feature","properties":{"name":"South Freeway","highway":"motorway","osm":"way/5053277"},"geometry":{"type":"LineString","coordinates":[[-110.97927,32.19972],[-110.97917,32.1993]]}},{"type":"Feature","properties":{"name":null,"highway":"motorway_link","osm":"way/16875333"},"geometry":{"type":"LineString","coordinates":[[-110.979,32.20762],[-110.97926,32.21066]]}},{"type":"Feature","properties":{"name":"East Benson Highway","highway":"secondary","osm":"way/16878323"},"geometry":{"type":"LineString","coordinates":[[-110.96825,32.18659],[-110.96758,32.18659]]}},{"type":"Feature","properties":{"name":null,"highway":"motorway_link","osm":"way/16878702"},"geometry":{"type":"LineString","coordinates":[[-110.98379,32.23694],[-110.98443,32.23864]]}},{"type":"Feature","properties":{"name":null,"highway":"residential","osm":"way/16880210"},"geometry":{"type":"LineString","coordinates":[[-110.93517,32.22078],[-110.93454,32.22088],[-110.93427,32.22153]]}},{"type":"Feature","properties":{"name":"North Fairview Avenue","highway":"unclassified","osm":"way/16883381"},"geometry":{"type":"LineString","coordinates":[[-110.98588,32.24346],[-110.98508,32.24309],[-110.98225,32.24304]]}},{"type":"Feature","properties":{"name":"West Speedway Boulevard","highway":"residential","osm":"way/16884300"},"geometry":{"type":"LineString","coordinates":[[-110.98063,32.23598],[-110.98124,32.23595]]}},{"type":"Feature","properties":{"name":null,"highway":"motorway_link","osm":"way/16885618"},"geometry":{"type":"LineString","coordinates":[[-110.98542,32.17189],[-110.98519,32.1755]]}},{"type":"Feature","properties":{"name":null,"highway":"motorway_link","osm":"way/16885737"},"geometry":{"type":"LineString","coordinates":[[-110.98497,32.1841],[-110.98578,32.18219],[-110.98614,32.18053]]}},{"type":"Feature","properties":{"name":"North Queen Avenue","highway":"residential","osm":"way/16886018"},"geometry":{"type":"LineString","coordinates":[[-110.9756,32.2303],[-110.97561,32.22914]]}},{"type":"Feature","properties":{"name":"North 11th Avenue","highway":"residential","osm":"way/16886019"},"geometry":{"type":"LineString","coordinates":[[-110.97635,32.2303],[-110.97634,32.22955]]}},{"type":"Feature","properties":{"name":"North Santa Rita Avenue","highway":"unclassified","osm":"way/16887369"},"geometry":{"type":"LineString","coordinates":[[-110.95315,32.22963],[-110.9529,32.22927]]}},{"type":"Feature","properties":{"name":null,"highway":"residential","osm":"way/16887754"},"geometry":{"type":"LineString","coordinates":[[-110.97066,32.1796],[-110.97163,32.17961]]}},{"type":"Feature","properties":{"name":"East Benson Highway","highway":"secondary","osm":"way/16888508"},"geometry":{"type":"LineString","coordinates":[[-110.9612,32.18568],[-110.96172,32.18583]]}},{"type":"Feature","properties":{"name":null,"highway":"motorway_link","osm":"way/16889161"},"geometry":{"type":"LineString","coordinates":[[-110.94461,32.18158],[-110.94494,32.17957],[-110.94539,32.17909],[-110.94609,32.17885],[-110.94699,32.179],[-110.95092,32.18105]]}},{"type":"Feature","properties":{"name":null,"highway":"motorway_link","osm":"way/16889172"},"geometry":{"type":"LineString","coordinates":[[-110.94334,32.17514],[-110.94234,32.17553]]}},{"type":"Feature","properties":{"name":null,"highway":"motorway_link","osm":"way/16889175"},"geometry":{"type":"LineString","coordinates":[[-110.93877,32.17413],[-110.94023,32.17512]]}},{"type":"Feature","properties":{"name":"East 28th Street","highway":"residential","osm":"way/16890099"},"geometry":{"type":"LineString","coordinates":[[-110.95098,32.20069],[-110.95005,32.20069]]}},{"type":"Feature","properties":{"name":null,"highway":"primary_link","osm":"way/16890219"},"geometry":{"type":"LineString","coordinates":[[-110.93807,32.20694],[-110.93909,32.20701]]}},{"type":"Feature","properties":{"name":"East 22nd Street","highway":"primary_link","osm":"way/16891390"},"geometry":{"type":"LineString","coordinates":[[-110.94742,32.20685],[-110.94632,32.20677]]}},{"type":"Feature","properties":{"name":null,"highway":"residential","osm":"way/16892352"},"geometry":{"type":"LineString","coordinates":[[-110.98178,32.23572],[-110.98183,32.23595]]}},{"type":"Feature","properties":{"name":null,"highway":"residential","osm":"way/16894485"},"geometry":{"type":"LineString","coordinates":[[-110.98296,32.23573],[-110.98178,32.23569]]}},{"type":"Feature","properties":{"name":null,"highway":"residential","osm":"way/16895581"},"geometry":{"type":"LineString","coordinates":[[-110.95135,32.20069],[-110.95136,32.20027]]}},{"type":"Feature","properties":{"name":null,"highway":"motorway_link","osm":"way/16896239"},"geometry":{"type":"LineString","coordinates":[[-110.95866,32.1847],[-110.9612,32.1856]]}},{"type":"Feature","properties":{"name":null,"highway":"motorway_link","osm":"way/16896484"},"geometry":{"type":"LineString","coordinates":[[-110.97989,32.21182],[-110.98011,32.20787]]}},{"type":"Feature","properties":{"name":null,"highway":"motorway_link","osm":"way/16896840"},"geometry":{"type":"LineString","coordinates":[[-110.98074,32.19069],[-110.97931,32.19208],[-110.97753,32.19238],[-110.97605,32.19172],[-110.9748,32.19013]]}},{"type":"Feature","properties":{"name":"South Osborne Avenue","highway":"residential","osm":"way/16897408"},"geometry":{"type":"LineString","coordinates":[[-110.97516,32.21331],[-110.97753,32.20676]]}},{"type":"Feature","properties":{"name":"South Osborn Avenue","highway":"residential","osm":"way/16897410"},"geometry":{"type":"LineString","coordinates":[[-110.97751,32.20412],[-110.9775,32.20317]]}},{"type":"Feature","properties":{"name":"East 19th Street","highway":"unclassified","osm":"way/16897642"},"geometry":{"type":"LineString","coordinates":[[-110.94504,32.21119],[-110.94374,32.21115]]}},{"type":"Feature","properties":{"name":"East 19th Street","highway":"residential","osm":"way/16897643"},"geometry":{"type":"LineString","coordinates":[[-110.96696,32.21075],[-110.96247,32.21076]]}},{"type":"Feature","properties":{"name":"East 19th Street","highway":"residential","osm":"way/16897644"},"geometry":{"type":"LineString","coordinates":[[-110.94624,32.21069],[-110.94557,32.21074]]}},{"type":"Feature","properties":{"name":"East 19th Street","highway":"residential","osm":"way/16897655"},"geometry":{"type":"LineString","coordinates":[[-110.93946,32.21056],[-110.92663,32.21059]]}},{"type":"Feature","properties":{"name":"East Winsett Street","highway":"tertiary","osm":"way/16897834"},"geometry":{"type":"LineString","coordinates":[[-110.94803,32.21608],[-110.94752,32.21599],[-110.94632,32.21506]]}},{"type":"Feature","properties":{"name":"Olive Road","highway":"unclassified","osm":"way/16897961"},"geometry":{"type":"LineString","coordinates":[[-110.95505,32.23439],[-110.95507,32.23382]]}},{"type":"Feature","properties":{"name":"East Plata Street","highway":"residential","osm":"way/16898009"},"geometry":{"type":"LineString","coordinates":[[-110.97034,32.24492],[-110.96945,32.24493]]}},{"type":"Feature","properties":{"name":"South Samaniego Avenue","highway":"residential","osm":"way/16898066"},"geometry":{"type":"LineString","coordinates":[[-110.97508,32.21568],[-110.97543,32.21411]]}},{"type":"Feature","properties":{"name":"South Samaniego Avenue","highway":"residential","osm":"way/16898068"},"geometry":{"type":"LineString","coordinates":[[-110.97563,32.21409],[-110.9758,32.21331]]}},{"type":"Feature","properties":{"name":"South Park Avenue","highway":"secondary","osm":"way/16898109"},"geometry":{"type":"LineString","coordinates":[[-110.95946,32.21949],[-110.95927,32.21873],[-110.95859,32.21795]]}},{"type":"Feature","properties":{"name":"South Park Avenue","highway":"unclassified","osm":"way/16898111"},"geometry":{"type":"LineString","coordinates":[[-110.95633,32.22146],[-110.95652,32.21643]]}},{"type":"Feature","properties":{"name":"East Warehouse Avenue","highway":"tertiary","osm":"way/16898177"},"geometry":{"type":"LineString","coordinates":[[-110.95215,32.21213],[-110.94803,32.20952]]}},{"type":"Feature","properties":{"name":"West 31st Street","highway":"residential","osm":"way/16898446"},"geometry":{"type":"LineString","coordinates":[[-110.96906,32.19757],[-110.97607,32.19755]]}},{"type":"Feature","properties":{"name":"East Tennessee Street","highway":"residential","osm":"way/16898551"},"geometry":{"type":"LineString","coordinates":[[-110.95622,32.16618],[-110.95244,32.16623]]}},{"type":"Feature","properties":{"name":"South Jetty Street","highway":"residential","osm":"way/16898564"},"geometry":{"type":"LineString","coordinates":[[-110.97702,32.18458],[-110.97693,32.1834],[-110.9776,32.18335]]}},{"type":"Feature","properties":{"name":"West Elizabeth Drive","highway":"residential","osm":"way/16898700"},"geometry":{"type":"LineString","coordinates":[[-110.98182,32.17759],[-110.98328,32.17748]]}},{"type":"Feature","properties":{"name":"North Jacobus Avenue","highway":"residential","osm":"way/16898703"},"geometry":{"type":"LineString","coordinates":[[-110.96176,32.22776],[-110.96182,32.23595]]}},{"type":"Feature","properties":{"name":"North Jacobus Avenue","highway":"residential","osm":"way/16898706"},"geometry":{"type":"LineString","coordinates":[[-110.96172,32.22253],[-110.96174,32.22516]]}},{"type":"Feature","properties":{"name":"West Calle Progresso","highway":"residential","osm":"way/16898815"},"geometry":{"type":"LineString","coordinates":[[-110.98222,32.24494],[-110.98643,32.24491]]}},{"type":"Feature","properties":{"name":"East 6th Street","highway":"secondary","osm":"way/16899089"},"geometry":{"type":"LineString","coordinates":[[-110.96868,32.22772],[-110.9656,32.22774]]}},{"type":"Feature","properties":{"name":"West Peak Street","highway":"residential","osm":"way/16899113"},"geometry":{"type":"LineString","coordinates":[[-110.97845,32.21572],[-110.97884,32.21562]]}},{"type":"Feature","properties":{"name":"East Lester Street","highway":"residential","osm":"way/16899156"},"geometry":{"type":"LineString","coordinates":[[-110.93537,32.24408],[-110.92681,32.24415]]}},{"type":"Feature","properties":{"name":"East Lester Street","highway":"residential","osm":"way/16899159"},"geometry":{"type":"LineString","coordinates":[[-110.96878,32.24361],[-110.96577,32.24362]]}},{"type":"Feature","properties":{"name":"East Lester Street","highway":"residential","osm":"way/16899160"},"geometry":{"type":"LineString","coordinates":[[-110.97189,32.24379],[-110.96879,32.24384]]}},{"type":"Feature","properties":{"name":"East Lester Street","highway":"residential","osm":"way/16899164"},"geometry":{"type":"LineString","coordinates":[[-110.93647,32.24382],[-110.93538,32.2437]]}},{"type":"Feature","properties":{"name":"West Calle Carlos Arruza","highway":"unclassified","osm":"way/16899285"},"geometry":{"type":"LineString","coordinates":[[-110.97452,32.2204],[-110.97576,32.22031]]}},{"type":"Feature","properties":{"name":"North Contzen Avenue","highway":"residential","osm":"way/16899439"},"geometry":{"type":"LineString","coordinates":[[-110.98073,32.23061],[-110.983,32.23463]]}},{"type":"Feature","properties":{"name":"South Kino Parkway","highway":"primary","osm":"way/16899520"},"geometry":{"type":"LineString","coordinates":[[-110.94825,32.2124],[-110.94671,32.21432]]}},{"type":"Feature","properties":{"name":"West 22nd Street","highway":"primary","osm":"way/16899553"},"geometry":{"type":"LineString","coordinates":[[-110.96849,32.20685],[-110.97004,32.20681]]}},{"type":"Feature","properties":{"name":"North Rincon Avenue","highway":"unclassified","osm":"way/16899560"},"geometry":{"type":"LineString","coordinates":[[-110.94899,32.23608],[-110.949,32.23734]]}},{"type":"Feature","properties":{"name":"North 10th Avenue","highway":"residential","osm":"way/16899662"},"geometry":{"type":"LineString","coordinates":[[-110.97482,32.229],[-110.97484,32.23024]]}},{"type":"Feature","properties":{"name":"South Kramer Avenue","highway":"residential","osm":"way/16899738"},"geometry":{"type":"LineString","coordinates":[[-110.94158,32.19413],[-110.94156,32.19052],[-110.94133,32.18933]]}},{"type":"Feature","properties":{"name":"West Lincoln Street","highway":"residential","osm":"way/16899827"},"geometry":{"type":"LineString","coordinates":[[-110.98971,32.17561],[-110.99029,32.17562]]}},{"type":"Feature","properties":{"name":"West Lincoln Street","highway":"residential","osm":"way/16899830"},"geometry":{"type":"LineString","coordinates":[[-110.9865,32.17512],[-110.98972,32.17512]]}},{"type":"Feature","properties":{"name":"East Lincoln Street","highway":"residential","osm":"way/16899831"},"geometry":{"type":"LineString","coordinates":[[-110.96169,32.17598],[-110.96826,32.17596]]}},{"type":"Feature","properties":{"name":"West Lincoln Street","highway":"residential","osm":"way/16899833"},"geometry":{"type":"LineString","coordinates":[[-110.98182,32.17563],[-110.98455,32.17576]]}},{"type":"Feature","properties":{"name":"South Rubio Avenue","highway":"residential","osm":"way/16899946"},"geometry":{"type":"LineString","coordinates":[[-110.97083,32.2094],[-110.9708,32.20681]]}},{"type":"Feature","properties":{"name":"South Rubio Avenue","highway":"residential","osm":"way/16899948"},"geometry":{"type":"LineString","coordinates":[[-110.97085,32.21072],[-110.97085,32.21203]]}},{"type":"Feature","properties":{"name":"South Rubio Avenue","highway":"residential","osm":"way/16899949"},"geometry":{"type":"LineString","coordinates":[[-110.97102,32.21505],[-110.97085,32.21301]]}},{"type":"Feature","properties":{"name":"West Mission Lane","highway":"residential","osm":"way/16899993"},"geometry":{"type":"LineString","coordinates":[[-110.98101,32.21418],[-110.98117,32.21413]]}},{"type":"Feature","properties":{"name":"West Delong Street","highway":"residential","osm":"way/16900002"},"geometry":{"type":"LineString","coordinates":[[-110.98155,32.23427],[-110.98257,32.23385]]}},{"type":"Feature","properties":{"name":"North Highland Avenue","highway":"tertiary","osm":"way/16900052"},"geometry":{"type":"LineString","coordinates":[[-110.95101,32.22649],[-110.951,32.22143]]}},{"type":"Feature","properties":{"name":"West Plata Street","highway":"residential","osm":"way/16900067"},"geometry":{"type":"LineString","coordinates":[[-110.97253,32.24488],[-110.97793,32.24487]]}},{"type":"Feature","properties":{"name":"East 16th Street","highway":"residential","osm":"way/16900090"},"geometry":{"type":"LineString","coordinates":[[-110.95369,32.2148],[-110.95041,32.21473]]}},{"type":"Feature","properties":{"name":"South Central Avenue","highway":"unclassified","osm":"way/16900160"},"geometry":{"type":"LineString","coordinates":[[-110.97874,32.22111],[-110.97872,32.21935]]}},{"type":"Feature","properties":{"name":"South Camino de la Plaza","highway":"residential","osm":"way/16900320"},"geometry":{"type":"LineString","coordinates":[[-110.9514,32.16593],[-110.95002,32.16587],[-110.94873,32.16472]]}},{"type":"Feature","properties":{"name":"North de Niza Avenue","highway":"residential","osm":"way/16900461"},"geometry":{"type":"LineString","coordinates":[[-110.95738,32.23611],[-110.95739,32.23729]]}},{"type":"Feature","properties":{"name":"West Cushing Street","highway":"tertiary","osm":"way/16900543"},"geometry":{"type":"LineString","coordinates":[[-110.97784,32.21754],[-110.97903,32.21725]]}},{"type":"Feature","properties":{"name":"South 9th Avenue","highway":"residential","osm":"way/16900683"},"geometry":{"type":"LineString","coordinates":[[-110.97311,32.2068],[-110.97302,32.19468]]}},{"type":"Feature","properties":{"name":"South 9th Avenue","highway":"residential","osm":"way/16900684"},"geometry":{"type":"LineString","coordinates":[[-110.97168,32.17782],[-110.97168,32.17694]]}},{"type":"Feature","properties":{"name":"South 9th Avenue","highway":"residential","osm":"way/16900685"},"geometry":{"type":"LineString","coordinates":[[-110.97301,32.19405],[-110.97299,32.19241]]}},{"type":"Feature","properties":{"name":"South 9th Avenue","highway":"residential","osm":"way/16900686"},"geometry":{"type":"LineString","coordinates":[[-110.97327,32.18939],[-110.97305,32.18946],[-110.97305,32.19039]]}},{"type":"Feature","properties":{"name":"South 9th Avenue","highway":"residential","osm":"way/16900687"},"geometry":{"type":"LineString","coordinates":[[-110.97166,32.18547],[-110.97163,32.17961]]}},{"type":"Feature","properties":{"name":"South 9th Avenue","highway":"residential","osm":"way/16900688"},"geometry":{"type":"LineString","coordinates":[[-110.9735,32.21446],[-110.97355,32.21325]]}},{"type":"Feature","properties":{"name":"East Congress Street","highway":"primary","osm":"way/16900731"},"geometry":{"type":"LineString","coordinates":[[-110.96591,32.22201],[-110.96615,32.22212]]}},{"type":"Feature","properties":{"name":"North Scott Avenue","highway":"unclassified","osm":"way/16900783"},"geometry":{"type":"LineString","coordinates":[[-110.96981,32.22318],[-110.96997,32.22437]]}},{"type":"Feature","properties":{"name":"North Scott Avenue","highway":"unclassified","osm":"way/16900785"},"geometry":{"type":"LineString","coordinates":[[-110.96982,32.22194],[-110.96998,32.22312]]}},{"type":"Feature","properties":{"name":"East 21st Street","highway":"residential","osm":"way/16900898"},"geometry":{"type":"LineString","coordinates":[[-110.96851,32.20812],[-110.96774,32.20812]]}},{"type":"Feature","properties":{"name":"East 21st Street","highway":"unclassified","osm":"way/16900906"},"geometry":{"type":"LineString","coordinates":[[-110.95927,32.20817],[-110.95853,32.20817]]}},{"type":"Feature","properties":{"name":"East 21st Street","highway":"residential","osm":"way/16900908"},"geometry":{"type":"LineString","coordinates":[[-110.93944,32.20785],[-110.92663,32.20788]]}},{"type":"Feature","properties":{"name":"South 12th Avenue","highway":"secondary","osm":"way/16901005"},"geometry":{"type":"LineString","coordinates":[[-110.97698,32.19517],[-110.97732,32.19686]]}},{"type":"Feature","properties":{"name":"South Camino Barrera","highway":"residential","osm":"way/16901020"},"geometry":{"type":"LineString","coordinates":[[-110.94869,32.168],[-110.94768,32.16726]]}},{"type":"Feature","properties":{"name":"South Camino Barrera","highway":"residential","osm":"way/16901021"},"geometry":{"type":"LineString","coordinates":[[-110.95094,32.17058],[-110.9509,32.17024],[-110.94976,32.16914]]}},{"type":"Feature","properties":{"name":"North Bean Avenue","highway":"residential","osm":"way/16901030"},"geometry":{"type":"LineString","coordinates":[[-110.96331,32.22906],[-110.96335,32.23594]]}},{"type":"Feature","properties":{"name":"North Bean Avenue","highway":"residential","osm":"way/16901031"},"geometry":{"type":"LineString","coordinates":[[-110.96327,32.22384],[-110.96327,32.22515]]}},{"type":"Feature","properties":{"name":"East el Atajo","highway":"residential","osm":"way/16901158"},"geometry":{"type":"LineString","coordinates":[[-110.94977,32.16909],[-110.94869,32.16985],[-110.94777,32.16987]]}},{"type":"Feature","properties":{"name":"West 39th Street","highway":"residential","osm":"way/16901493"},"geometry":{"type":"LineString","coordinates":[[-110.97451,32.18939],[-110.97755,32.18938]]}},{"type":"Feature","properties":{"name":"North 15th Avenue","highway":"unclassified","osm":"way/16901504"},"geometry":{"type":"LineString","coordinates":[[-110.98221,32.23781],[-110.98235,32.25755]]}},{"type":"Feature","properties":{"name":"North Church Avenue","highway":"tertiary","osm":"way/16901513"},"geometry":{"type":"LineString","coordinates":[[-110.97238,32.22175],[-110.97236,32.22145]]}},{"type":"Feature","properties":{"name":"East 22nd Street","highway":"primary","osm":"way/16901553"},"geometry":{"type":"LineString","coordinates":[[-110.96835,32.20685],[-110.96773,32.20685]]}},{"type":"Feature","properties":{"name":"South Meyer Avenue","highway":"residential","osm":"way/16901736"},"geometry":{"type":"LineString","coordinates":[[-110.97315,32.21592],[-110.9724,32.21203]]}},{"type":"Feature","properties":{"name":"West Council Street","highway":"unclassified","osm":"way/16901790"},"geometry":{"type":"LineString","coordinates":[[-110.9725,32.22508],[-110.97321,32.22507]]}},{"type":"Feature","properties":{"name":"South Wilson Avenue","highway":"residential","osm":"way/16901816"},"geometry":{"type":"LineString","coordinates":[[-110.93798,32.20681],[-110.93799,32.20602]]}},{"type":"Feature","properties":{"name":"East Pennington Street","highway":"tertiary","osm":"way/16901825"},"geometry":{"type":"LineString","coordinates":[[-110.97141,32.22284],[-110.96998,32.22312]]}},{"type":"Feature","properties":{"name":"South 11th Avenue","highway":"residential","osm":"way/16901848"},"geometry":{"type":"LineString","coordinates":[[-110.97613,32.20157],[-110.97613,32.20096]]}},{"type":"Feature","properties":{"name":"West 14th Street","highway":"tertiary","osm":"way/16901873"},"geometry":{"type":"LineString","coordinates":[[-110.97044,32.2172],[-110.97214,32.21705]]}},{"type":"Feature","properties":{"name":"East Pennsylvania Drive","highway":"residential","osm":"way/16901881"},"geometry":{"type":"LineString","coordinates":[[-110.96822,32.17132],[-110.96166,32.17137]]}},{"type":"Feature","properties":{"name":"South Kostka Avenue","highway":"residential","osm":"way/16901907"},"geometry":{"type":"LineString","coordinates":[[-110.98921,32.17746],[-110.98971,32.17554],[-110.98965,32.17106]]}},{"type":"Feature","properties":{"name":"North Hughes Street","highway":"residential","osm":"way/16901917"},"geometry":{"type":"LineString","coordinates":[[-110.98101,32.22902],[-110.98094,32.22911]]}},{"type":"Feature","properties":{"name":"South Amalia Avenue","highway":"residential","osm":"way/16902009"},"geometry":{"type":"LineString","coordinates":[[-110.93997,32.2006],[-110.94022,32.20018],[-110.94028,32.1973]]}},{"type":"Feature","properties":{"name":"South Fremont Avenue","highway":"residential","osm":"way/16902142"},"geometry":{"type":"LineString","coordinates":[[-110.95489,32.17059],[-110.95482,32.16697]]}},{"type":"Feature","properties":{"name":"South Fremont Avenue","highway":"residential","osm":"way/16902144"},"geometry":{"type":"LineString","coordinates":[[-110.95479,32.21949],[-110.95478,32.2178]]}},{"type":"Feature","properties":{"name":"South Fremont Avenue","highway":"residential","osm":"way/16902146"},"geometry":{"type":"LineString","coordinates":[[-110.95458,32.19757],[-110.95455,32.19238]]}},{"type":"Feature","properties":{"name":"South Fremont Avenue","highway":"residential","osm":"way/16902149"},"geometry":{"type":"LineString","coordinates":[[-110.95527,32.2178],[-110.95519,32.21568]]}},{"type":"Feature","properties":{"name":"South Fremont Avenue","highway":"residential","osm":"way/16902154"},"geometry":{"type":"LineString","coordinates":[[-110.9547,32.2134],[-110.95466,32.20689]]}},{"type":"Feature","properties":{"name":"South Fremont Avenue","highway":"residential","osm":"way/16902156"},"geometry":{"type":"LineString","coordinates":[[-110.95462,32.20325],[-110.95461,32.19966]]}},{"type":"Feature","properties":{"name":"South Fremont Avenue","highway":"residential","osm":"way/16902158"},"geometry":{"type":"LineString","coordinates":[[-110.9548,32.22137],[-110.9547,32.22051]]}},{"type":"Feature","properties":{"name":"South Fremont Avenue","highway":"unclassified","osm":"way/16902159"},"geometry":{"type":"LineString","coordinates":[[-110.95514,32.1752],[-110.95513,32.17179]]}},{"type":"Feature","properties":{"name":"West Ebner Place","highway":"residential","osm":"way/16902183"},"geometry":{"type":"LineString","coordinates":[[-110.98654,32.17633],[-110.98949,32.17632]]}},{"type":"Feature","properties":{"name":"East Columbia Street","highway":"residential","osm":"way/16902356"},"geometry":{"type":"LineString","coordinates":[[-110.96167,32.17319],[-110.96824,32.17318]]}},{"type":"Feature","properties":{"name":"West Columbia Street","highway":"residential","osm":"way/16902359"},"geometry":{"type":"LineString","coordinates":[[-110.97757,32.17293],[-110.98181,32.17463]]}},{"type":"Feature","properties":{"name":"West Columbia Street","highway":"residential","osm":"way/16902360"},"geometry":{"type":"LineString","coordinates":[[-110.98181,32.17316],[-110.98514,32.17315]]}},{"type":"Feature","properties":{"name":"West Columbia Street","highway":"residential","osm":"way/16902361"},"geometry":{"type":"LineString","coordinates":[[-110.98643,32.17318],[-110.9897,32.17315]]}},{"type":"Feature","properties":{"name":"East 1st Street","highway":"residential","osm":"way/16902369"},"geometry":{"type":"LineString","coordinates":[[-110.97102,32.23424],[-110.96109,32.2343]]}},{"type":"Feature","properties":{"name":"East 1st Street","highway":"residential","osm":"way/16902400"},"geometry":{"type":"LineString","coordinates":[[-110.95233,32.23486],[-110.94409,32.23489]]}},{"type":"Feature","properties":{"name":"East Calle Muleta","highway":"residential","osm":"way/16902455"},"geometry":{"type":"LineString","coordinates":[[-110.94761,32.16987],[-110.9464,32.16976],[-110.94428,32.16767],[-110.9436,32.16739]]}},{"type":"Feature","properties":{"name":"South Cherry Avenue","highway":"residential","osm":"way/16902492"},"geometry":{"type":"LineString","coordinates":[[-110.94795,32.19913],[-110.94797,32.20458],[-110.94744,32.20481]]}},{"type":"Feature","properties":{"name":"East 24th Street","highway":"residential","osm":"way/16902499"},"geometry":{"type":"LineString","coordinates":[[-110.97002,32.20471],[-110.96096,32.20475]]}},{"type":"Feature","properties":{"name":"South Norton Avenue","highway":"residential","osm":"way/16902502"},"geometry":{"type":"LineString","coordinates":[[-110.93699,32.20465],[-110.93654,32.20515]]}},{"type":"Feature","properties":{"name":"North 3rd Avenue","highway":"residential","osm":"way/16902601"},"geometry":{"type":"LineString","coordinates":[[-110.96405,32.22514],[-110.96409,32.23035]]}},{"type":"Feature","properties":{"name":"East la Mirada Street","highway":"residential","osm":"way/16902662"},"geometry":{"type":"LineString","coordinates":[[-110.9395,32.22365],[-110.93789,32.22369]]}},{"type":"Feature","properties":{"name":"East 15th Street","highway":"residential","osm":"way/16902733"},"geometry":{"type":"LineString","coordinates":[[-110.96858,32.21596],[-110.96475,32.21598]]}},{"type":"Feature","properties":{"name":"East 15th Street","highway":"unclassified","osm":"way/16902736"},"geometry":{"type":"LineString","coordinates":[[-110.94803,32.21608],[-110.95039,32.21605]]}},{"type":"Feature","properties":{"name":"East 15th Street","highway":"unclassified","osm":"way/16902744"},"geometry":{"type":"LineString","coordinates":[[-110.94373,32.21614],[-110.93946,32.21616]]}},{"type":"Feature","properties":{"name":"West 1st Street","highway":"residential","osm":"way/16902779"},"geometry":{"type":"LineString","coordinates":[[-110.97339,32.23422],[-110.97636,32.2342]]}},{"type":"Feature","properties":{"name":"North Norris Avenue","highway":"residential","osm":"way/16902996"},"geometry":{"type":"LineString","coordinates":[[-110.94255,32.24066],[-110.94257,32.24269]]}},{"type":"Feature","properties":{"name":"North Norris Avenue","highway":"residential","osm":"way/16903000"},"geometry":{"type":"LineString","coordinates":[[-110.9424,32.22156],[-110.9424,32.22164]]}},{"type":"Feature","properties":{"name":"South Otero Avenue","highway":"residential","osm":"way/16903002"},"geometry":{"type":"LineString","coordinates":[[-110.97653,32.21536],[-110.97683,32.21402]]}},{"type":"Feature","properties":{"name":"North Potter Place","highway":"residential","osm":"way/16903030"},"geometry":{"type":"LineString","coordinates":[[-110.93821,32.24272],[-110.93804,32.24426],[-110.93832,32.24452],[-110.93905,32.24453]]}},{"type":"Feature","properties":{"name":"North Bonita Avenue","highway":"tertiary","osm":"way/16903064"},"geometry":{"type":"LineString","coordinates":[[-110.98558,32.22748],[-110.9848,32.22674],[-110.98296,32.22583],[-110.98266,32.22483]]}},{"type":"Feature","properties":{"name":"West Ajo Way","highway":"primary","osm":"way/16903117"},"geometry":{"type":"LineString","coordinates":[[-110.96828,32.17784],[-110.9776,32.17781]]}},{"type":"Feature","properties":{"name":"West Paseo Redondo","highway":"unclassified","osm":"way/16903345"},"geometry":{"type":"LineString","coordinates":[[-110.97571,32.22381],[-110.97763,32.22342]]}},{"type":"Feature","properties":{"name":"South 17th Avenue","highway":"residential","osm":"way/16903373"},"geometry":{"type":"LineString","coordinates":[[-110.98285,32.1701],[-110.98288,32.16867]]}},{"type":"Feature","properties":{"name":"South 17th Avenue","highway":"residential","osm":"way/16903374"},"geometry":{"type":"LineString","coordinates":[[-110.98269,32.16787],[-110.98274,32.16737]]}},{"type":"Feature","properties":{"name":"West 2nd Street","highway":"residential","osm":"way/16903380"},"geometry":{"type":"LineString","coordinates":[[-110.97794,32.2329],[-110.97927,32.23294]]}},{"type":"Feature","properties":{"name":"West Carrillo Street","highway":"residential","osm":"way/16903462"},"geometry":{"type":"LineString","coordinates":[[-110.97563,32.21409],[-110.97716,32.214]]}},{"type":"Feature","properties":{"name":"West Lord Street","highway":"residential","osm":"way/16903549"},"geometry":{"type":"LineString","coordinates":[[-110.98092,32.23314],[-110.98193,32.23273]]}},{"type":"Feature","properties":{"name":"North Yuma Street","highway":"residential","osm":"way/16903715"},"geometry":{"type":"LineString","coordinates":[[-110.97931,32.2353],[-110.97996,32.23529]]}},{"type":"Feature","properties":{"name":"East 4th Street","highway":"residential","osm":"way/16903936"},"geometry":{"type":"LineString","coordinates":[[-110.94386,32.23046],[-110.92671,32.23056]]}},{"type":"Feature","properties":{"name":"East 4th Street","highway":"residential","osm":"way/16903939"},"geometry":{"type":"LineString","coordinates":[[-110.96409,32.23035],[-110.96104,32.23038]]}},{"type":"Feature","properties":{"name":"East 4th Street","highway":"unclassified","osm":"way/16903957"},"geometry":{"type":"LineString","coordinates":[[-110.951,32.2304],[-110.94814,32.23044]]}},{"type":"Feature","properties":{"name":"West 4th Street","highway":"residential","osm":"way/16904341"},"geometry":{"type":"LineString","coordinates":[[-110.97491,32.23031],[-110.9775,32.23032]]}},{"type":"Feature","properties":{"name":"South Monterey Vista","highway":"residential","osm":"way/16904366"},"geometry":{"type":"LineString","coordinates":[[-110.94059,32.19159],[-110.94065,32.19104]]}},{"type":"Feature","properties":{"name":"West 33rd Street","highway":"residential","osm":"way/16904449"},"geometry":{"type":"LineString","coordinates":[[-110.96841,32.19552],[-110.97457,32.19548]]}},{"type":"Feature","properties":{"name":"West Calle Adelanto","highway":"residential","osm":"way/16904454"},"geometry":{"type":"LineString","coordinates":[[-110.98224,32.24358],[-110.98426,32.24357]]}},{"type":"Feature","properties":{"name":"East Adams Street","highway":"residential","osm":"way/16904525"},"geometry":{"type":"LineString","coordinates":[[-110.94255,32.24066],[-110.92679,32.24075]]}},{"type":"Feature","properties":{"name":"East Adams Street","highway":"residential","osm":"way/16904532"},"geometry":{"type":"LineString","coordinates":[[-110.97185,32.24056],[-110.96878,32.24059]]}},{"type":"Feature","properties":{"name":"East Warwick Vista","highway":"residential","osm":"way/16904577"},"geometry":{"type":"LineString","coordinates":[[-110.93919,32.20646],[-110.93553,32.2043]]}},{"type":"Feature","properties":{"name":"West 30th Street","highway":"residential","osm":"way/16904873"},"geometry":{"type":"LineString","coordinates":[[-110.96844,32.1986],[-110.97692,32.19857]]}},{"type":"Feature","properties":{"name":"West 42nd Street","highway":"residential","osm":"way/16905037"},"geometry":{"type":"LineString","coordinates":[[-110.97166,32.18547],[-110.97225,32.18599]]}},{"type":"Feature","properties":{"name":"West 42nd Street","highway":"residential","osm":"way/16905040"},"geometry":{"type":"LineString","coordinates":[[-110.97608,32.18684],[-110.98192,32.18682]]}},{"type":"Feature","properties":{"name":"South 15th Avenue","highway":"residential","osm":"way/16905127"},"geometry":{"type":"LineString","coordinates":[[-110.98072,32.17345],[-110.98068,32.16321]]}},{"type":"Feature","properties":{"name":"South 15th Avenue","highway":"residential","osm":"way/16905128"},"geometry":{"type":"LineString","coordinates":[[-110.98071,32.17671],[-110.98075,32.17423]]}},{"type":"Feature","properties":{"name":"East 9th Street","highway":"unclassified","osm":"way/16905492"},"geometry":{"type":"LineString","coordinates":[[-110.96564,32.22385],[-110.96601,32.22386]]}},{"type":"Feature","properties":{"name":"East 9th Street","highway":"residential","osm":"way/16905498"},"geometry":{"type":"LineString","coordinates":[[-110.9395,32.22441],[-110.93795,32.22442]]}},{"type":"Feature","properties":{"name":"East 9th Street","highway":"residential","osm":"way/16905508"},"geometry":{"type":"LineString","coordinates":[[-110.94379,32.22391],[-110.9395,32.224]]}},{"type":"Feature","properties":{"name":"North Vine Avenue","highway":"residential","osm":"way/16905605"},"geometry":{"type":"LineString","coordinates":[[-110.94942,32.23382],[-110.94942,32.2355]]}},{"type":"Feature","properties":{"name":"North Vine Avenue","highway":"unclassified","osm":"way/16905610"},"geometry":{"type":"LineString","coordinates":[[-110.94973,32.23608],[-110.94974,32.23734]]}},{"type":"Feature","properties":{"name":"East Mc Key Street","highway":"unclassified","osm":"way/16905630"},"geometry":{"type":"LineString","coordinates":[[-110.95791,32.22057],[-110.95633,32.22057]]}},{"type":"Feature","properties":{"name":"East Mc Key Street","highway":"unclassified","osm":"way/16905632"},"geometry":{"type":"LineString","coordinates":[[-110.96037,32.22057],[-110.95944,32.22055]]}},{"type":"Feature","properties":{"name":"East 40th Street","highway":"residential","osm":"way/16905686"},"geometry":{"type":"LineString","coordinates":[[-110.96822,32.18875],[-110.96529,32.18876]]}},{"type":"Feature","properties":{"name":"West Lee Street","highway":"residential","osm":"way/16906008"},"geometry":{"type":"LineString","coordinates":[[-110.97186,32.24164],[-110.97484,32.24158]]}},{"type":"Feature","properties":{"name":"West Oury Street","highway":"residential","osm":"way/16906201"},"geometry":{"type":"LineString","coordinates":[[-110.97874,32.23084],[-110.98003,32.23031]]}},{"type":"Feature","properties":{"name":"West Lester Street","highway":"unclassified","osm":"way/16906304"},"geometry":{"type":"LineString","coordinates":[[-110.97729,32.24378],[-110.98222,32.24381]]}},{"type":"Feature","properties":{"name":"South Toole Avenue","highway":"tertiary","osm":"way/16906310"},"geometry":{"type":"LineString","coordinates":[[-110.96482,32.22153],[-110.96523,32.22143]]}},{"type":"Feature","properties":{"name":"West 35th Street","highway":"residential","osm":"way/16906433"},"geometry":{"type":"LineString","coordinates":[[-110.9684,32.19345],[-110.97114,32.19345]]}},{"type":"Feature","properties":{"name":"East Willits Way","highway":"unclassified","osm":"way/16906473"},"geometry":{"type":"LineString","coordinates":[[-110.94358,32.20321],[-110.94489,32.20226]]}},{"type":"Feature","properties":{"name":"West Green Street","highway":"residential","osm":"way/16906613"},"geometry":{"type":"LineString","coordinates":[[-110.98011,32.2112],[-110.98252,32.2112]]}},{"type":"Feature","properties":{"name":"West Green Street","highway":"residential","osm":"way/16906614"},"geometry":{"type":"LineString","coordinates":[[-110.9786,32.21121],[-110.97912,32.21121]]}},{"type":"Feature","properties":{"name":"West Franklin Street","highway":"tertiary","osm":"way/16906641"},"geometry":{"type":"LineString","coordinates":[[-110.97244,32.22639],[-110.97354,32.22625]]}},{"type":"Feature","properties":{"name":"East Helen Street","highway":"residential","osm":"way/16906952"},"geometry":{"type":"LineString","coordinates":[[-110.97183,32.23719],[-110.96951,32.2372]]}},{"type":"Feature","properties":{"name":"East 23rd Street","highway":"residential","osm":"way/16907027"},"geometry":{"type":"LineString","coordinates":[[-110.96102,32.20582],[-110.96689,32.20577]]}},{"type":"Feature","properties":{"name":"South Wilson Avenue","highway":"residential","osm":"way/16907032"},"geometry":{"type":"LineString","coordinates":[[-110.93846,32.20553],[-110.93799,32.20602]]}},{"type":"Feature","properties":{"name":"East 23rd Street","highway":"residential","osm":"way/16907037"},"geometry":{"type":"LineString","coordinates":[[-110.95774,32.20557],[-110.95619,32.20559]]}},{"type":"Feature","properties":{"name":"East 23rd Street","highway":"unclassified","osm":"way/16907039"},"geometry":{"type":"LineString","coordinates":[[-110.94565,32.2057],[-110.94363,32.20562]]}},{"type":"Feature","properties":{"name":"East 23rd Street","highway":"unclassified","osm":"way/16907056"},"geometry":{"type":"LineString","coordinates":[[-110.96004,32.20557],[-110.95925,32.20556]]}},{"type":"Feature","properties":{"name":"East Chauncey Lane","highway":"residential","osm":"way/16907345"},"geometry":{"type":"LineString","coordinates":[[-110.95804,32.24314],[-110.95533,32.24315]]}},{"type":"Feature","properties":{"name":"West 26th Street","highway":"residential","osm":"way/16907400"},"geometry":{"type":"LineString","coordinates":[[-110.96852,32.20266],[-110.97744,32.20258]]}},{"type":"Feature","properties":{"name":"South Sentinel Avenue","highway":"unclassified","osm":"way/16907583"},"geometry":{"type":"LineString","coordinates":[[-110.97849,32.21811],[-110.97845,32.21729]]}},{"type":"Feature","properties":{"name":"East 20th Street","highway":"residential","osm":"way/16907619"},"geometry":{"type":"LineString","coordinates":[[-110.93946,32.2097],[-110.92663,32.2097]]}},{"type":"Feature","properties":{"name":"East 20th Street","highway":"unclassified","osm":"way/16907627"},"geometry":{"type":"LineString","coordinates":[[-110.94134,32.20947],[-110.93946,32.20944]]}},{"type":"Feature","properties":{"name":"West 17th Street","highway":"residential","osm":"way/16907737"},"geometry":{"type":"LineString","coordinates":[[-110.97429,32.2133],[-110.96969,32.21334]]}},{"type":"Feature","properties":{"name":"East Mac Arthur Street","highway":"residential","osm":"way/16907842"},"geometry":{"type":"LineString","coordinates":[[-110.95488,32.16915],[-110.95196,32.16915]]}},{"type":"Feature","properties":{"name":"East Silvosa Street","highway":"residential","osm":"way/16907940"},"geometry":{"type":"LineString","coordinates":[[-110.94224,32.195],[-110.93861,32.19497]]}},{"type":"Feature","properties":{"name":"East Ochoa Street","highway":"unclassified","osm":"way/16907988"},"geometry":{"type":"LineString","coordinates":[[-110.97095,32.21996],[-110.96969,32.22011]]}},{"type":"Feature","properties":{"name":"East Drachman Street","highway":"residential","osm":"way/16908112"},"geometry":{"type":"LineString","coordinates":[[-110.94392,32.23965],[-110.9268,32.23974]]}},{"type":"Feature","properties":{"name":"East Drachman Street","highway":"tertiary","osm":"way/16908114"},"geometry":{"type":"LineString","coordinates":[[-110.97185,32.23948],[-110.96953,32.23951]]}},{"type":"Feature","properties":{"name":"North Martin Avenue","highway":"unclassified","osm":"way/16908155"},"geometry":{"type":"LineString","coordinates":[[-110.94527,32.23736],[-110.94527,32.23922]]}},{"type":"Feature","properties":{"name":"Ring Road","highway":"unclassified","osm":"way/16908161"},"geometry":{"type":"LineString","coordinates":[[-110.94452,32.23865],[-110.94434,32.2393],[-110.94452,32.24064]]}},{"type":"Feature","properties":{"name":"North Martin Avenue","highway":"residential","osm":"way/16908163"},"geometry":{"type":"LineString","coordinates":[[-110.94517,32.22147],[-110.94518,32.2238]]}},{"type":"Feature","properties":{"name":"South Tyndall Avenue","highway":"residential","osm":"way/16908167"},"geometry":{"type":"LineString","coordinates":[[-110.95764,32.19242],[-110.9576,32.18872]]}},{"type":"Feature","properties":{"name":"North Sierra Vista Drive","highway":"residential","osm":"way/16908351"},"geometry":{"type":"LineString","coordinates":[[-110.9427,32.24545],[-110.9427,32.24428],[-110.94242,32.24392],[-110.94074,32.24381],[-110.94013,32.2443],[-110.94015,32.24556]]}},{"type":"Feature","properties":{"name":"East 27th Street","highway":"residential","osm":"way/16908429"},"geometry":{"type":"LineString","coordinates":[[-110.95212,32.20196],[-110.95006,32.20197]]}},{"type":"Feature","properties":{"name":"East 27th Street","highway":"residential","osm":"way/16908430"},"geometry":{"type":"LineString","coordinates":[[-110.96846,32.20163],[-110.96586,32.20163]]}},{"type":"Feature","properties":{"name":"East 27th Street","highway":"residential","osm":"way/16908433"},"geometry":{"type":"LineString","coordinates":[[-110.95617,32.20169],[-110.95306,32.20171]]}},{"type":"Feature","properties":{"name":"East 27th Street","highway":"residential","osm":"way/16908442"},"geometry":{"type":"LineString","coordinates":[[-110.96232,32.20164],[-110.96097,32.20164]]}},{"type":"Feature","properties":{"name":"East Oklahoma Street","highway":"residential","osm":"way/16908693"},"geometry":{"type":"LineString","coordinates":[[-110.9562,32.16546],[-110.95242,32.16549]]}},{"type":"Feature","properties":{"name":"East 3rd Street","highway":"residential","osm":"way/16908791"},"geometry":{"type":"LineString","coordinates":[[-110.94387,32.23176],[-110.93538,32.23179]]}},{"type":"Feature","properties":{"name":"South 5th Avenue","highway":"residential","osm":"way/16908945"},"geometry":{"type":"LineString","coordinates":[[-110.96725,32.17785],[-110.9672,32.17364]]}},{"type":"Feature","properties":{"name":"South 5th Avenue","highway":"tertiary","osm":"way/16908947"},"geometry":{"type":"LineString","coordinates":[[-110.96707,32.22123],[-110.9671,32.22209]]}},{"type":"Feature","properties":{"name":"South 5th Avenue","highway":"residential","osm":"way/16908953"},"geometry":{"type":"LineString","coordinates":[[-110.96703,32.21466],[-110.967,32.21207]]}},{"type":"Feature","properties":{"name":"South 5th Avenue","highway":"residential","osm":"way/16908954"},"geometry":{"type":"LineString","coordinates":[[-110.96715,32.17045],[-110.96712,32.16873]]}},{"type":"Feature","properties":{"name":"South Calle Espana","highway":"residential","osm":"way/16909203"},"geometry":{"type":"LineString","coordinates":[[-110.9481,32.16616],[-110.94998,32.16481]]}},{"type":"Feature","properties":{"name":"North Warren Avenue","highway":"unclassified","osm":"way/16909247"},"geometry":{"type":"LineString","coordinates":[[-110.94674,32.2328],[-110.94676,32.23383]]}},{"type":"Feature","properties":{"name":"East 18th Street","highway":"tertiary","osm":"way/16909354"},"geometry":{"type":"LineString","coordinates":[[-110.95977,32.21209],[-110.95641,32.2121]]}},{"type":"Feature","properties":{"name":"West District Street","highway":"residential","osm":"way/16909466"},"geometry":{"type":"LineString","coordinates":[[-110.98647,32.17417],[-110.98971,32.17416]]}},{"type":"Feature","properties":{"name":"West District Street","highway":"residential","osm":"way/16909468"},"geometry":{"type":"LineString","coordinates":[[-110.98181,32.17417],[-110.98514,32.17415]]}},{"type":"Feature","properties":{"name":"East District Street","highway":"residential","osm":"way/16909470"},"geometry":{"type":"LineString","coordinates":[[-110.96168,32.17413],[-110.96824,32.1741]]}},{"type":"Feature","properties":{"name":"South Verdugo Avenue","highway":"residential","osm":"way/16909474"},"geometry":{"type":"LineString","coordinates":[[-110.98369,32.21137],[-110.98398,32.20941]]}},{"type":"Feature","properties":{"name":"South Verdugo Avenue","highway":"residential","osm":"way/16909476"},"geometry":{"type":"LineString","coordinates":[[-110.98415,32.20494],[-110.9842,32.2037]]}},{"type":"Feature","properties":{"name":"West Calle Romeo","highway":"residential","osm":"way/16909505"},"geometry":{"type":"LineString","coordinates":[[-110.97859,32.18105],[-110.98028,32.18101]]}},{"type":"Feature","properties":{"name":"South Herbert Avenue","highway":"residential","osm":"way/16909686"},"geometry":{"type":"LineString","coordinates":[[-110.96628,32.21729],[-110.9662,32.20682]]}},{"type":"Feature","properties":{"name":"North 9th Avenue","highway":"residential","osm":"way/16909832"},"geometry":{"type":"LineString","coordinates":[[-110.97332,32.22648],[-110.97336,32.2276],[-110.97445,32.22766]]}},{"type":"Feature","properties":{"name":"West Rosales Street","highway":"residential","osm":"way/16909994"},"geometry":{"type":"LineString","coordinates":[[-110.97569,32.21632],[-110.97684,32.2162]]}},{"type":"Feature","properties":{"name":"West Ochoa Street","highway":"unclassified","osm":"way/16910087"},"geometry":{"type":"LineString","coordinates":[[-110.97095,32.21996],[-110.97251,32.21979]]}},{"type":"Feature","properties":{"name":"East Macarthur Circle","highway":"unclassified","osm":"way/16910132"},"geometry":{"type":"LineString","coordinates":[[-110.95882,32.16749],[-110.95867,32.16962],[-110.95624,32.16936]]}},{"type":"Feature","properties":{"name":"West Armijo Street","highway":"residential","osm":"way/16910399"},"geometry":{"type":"LineString","coordinates":[[-110.97006,32.21006],[-110.9716,32.21006]]}},{"type":"Feature","properties":{"name":"North Stone Avenue","highway":"tertiary","osm":"way/16910417"},"geometry":{"type":"LineString","coordinates":[[-110.97173,32.2264],[-110.9717,32.22702]]}},{"type":"Feature","properties":{"name":"North Stone Avenue","highway":"tertiary","osm":"way/16910418"},"geometry":{"type":"LineString","coordinates":[[-110.97164,32.22431],[-110.97126,32.22186]]}},{"type":"Feature","properties":{"name":"East Calle Espana","highway":"residential","osm":"way/16910545"},"geometry":{"type":"LineString","coordinates":[[-110.94727,32.16661],[-110.94482,32.16821]]}},{"type":"Feature","properties":{"name":"East 5th Street","highway":"residential","osm":"way/16910586"},"geometry":{"type":"LineString","coordinates":[[-110.97099,32.229],[-110.96111,32.22907]]}},{"type":"Feature","properties":{"name":"East 5th Street","highway":"residential","osm":"way/16910590"},"geometry":{"type":"LineString","coordinates":[[-110.94385,32.22918],[-110.93116,32.22923]]}},{"type":"Feature","properties":{"name":"South Lundy Avenue","highway":"residential","osm":"way/16910644"},"geometry":{"type":"LineString","coordinates":[[-110.97484,32.18506],[-110.97484,32.17693]]}},{"type":"Feature","properties":{"name":"East Linden Street","highway":"residential","osm":"way/16910701"},"geometry":{"type":"LineString","coordinates":[[-110.96879,32.24463],[-110.96107,32.24468]]}},{"type":"Feature","properties":{"name":"West Whitestone Place","highway":"residential","osm":"way/16910720"},"geometry":{"type":"LineString","coordinates":[[-110.97378,32.18369],[-110.97327,32.18369]]}},{"type":"Feature","properties":{"name":"North Cherry Avenue","highway":"unclassified","osm":"way/16910828"},"geometry":{"type":"LineString","coordinates":[[-110.94815,32.23172],[-110.9481,32.22976]]}},{"type":"Feature","properties":{"name":"West 21st Street","highway":"residential","osm":"way/16910897"},"geometry":{"type":"LineString","coordinates":[[-110.98312,32.20795],[-110.98623,32.20792]]}},{"type":"Feature","properties":{"name":"West 21st Street","highway":"residential","osm":"way/16910899"},"geometry":{"type":"LineString","coordinates":[[-110.96927,32.20812],[-110.97237,32.20809]]}},{"type":"Feature","properties":{"name":"South Plumer Avenue","highway":"unclassified","osm":"way/16911066"},"geometry":{"type":"LineString","coordinates":[[-110.93949,32.22153],[-110.93946,32.21666]]}},{"type":"Feature","properties":{"name":"East Broadway Boulevard","highway":"primary","osm":"way/16911374"},"geometry":{"type":"LineString","coordinates":[[-110.97114,32.22103],[-110.96861,32.22121]]}},{"type":"Feature","properties":{"name":"South Campbell Avenue","highway":"primary","osm":"way/16911381"},"geometry":{"type":"LineString","coordinates":[[-110.94334,32.16889],[-110.94334,32.17074]]}},{"type":"Feature","properties":{"name":"South Calle Jon","highway":"residential","osm":"way/16911691"},"geometry":{"type":"LineString","coordinates":[[-110.94405,32.16679],[-110.94405,32.16645]]}},{"type":"Feature","properties":{"name":"North Freeway Road","highway":"primary","osm":"way/16911757"},"geometry":{"type":"LineString","coordinates":[[-110.98188,32.22943],[-110.9833,32.23474]]}},{"type":"Feature","properties":{"name":"East 31st Street","highway":"residential","osm":"way/16911780"},"geometry":{"type":"LineString","coordinates":[[-110.94337,32.1975],[-110.94217,32.19751]]}},{"type":"Feature","properties":{"name":"East 31st Street","highway":"residential","osm":"way/16911786"},"geometry":{"type":"LineString","coordinates":[[-110.96142,32.1976],[-110.9678,32.19757]]}},{"type":"Feature","properties":{"name":"East 31st Street","highway":"residential","osm":"way/16911793"},"geometry":{"type":"LineString","coordinates":[[-110.9592,32.19757],[-110.9522,32.19766]]}},{"type":"Feature","properties":{"name":"South Norton Avenue","highway":"residential","osm":"way/16911863"},"geometry":{"type":"LineString","coordinates":[[-110.93652,32.20682],[-110.93654,32.20515]]}},{"type":"Feature","properties":{"name":"North 7th Avenue","highway":"residential","osm":"way/16911873"},"geometry":{"type":"LineString","coordinates":[[-110.97075,32.22587],[-110.97035,32.2263]]}},{"type":"Feature","properties":{"name":"West Elm Street","highway":"residential","osm":"way/16912248"},"geometry":{"type":"LineString","coordinates":[[-110.97251,32.24274],[-110.97791,32.2427]]}},{"type":"Feature","properties":{"name":"South Russell Avenue","highway":"residential","osm":"way/16912263"},"geometry":{"type":"LineString","coordinates":[[-110.96933,32.21291],[-110.96929,32.20684]]}},{"type":"Feature","properties":{"name":"South Russell Avenue","highway":"residential","osm":"way/16912265"},"geometry":{"type":"LineString","coordinates":[[-110.96936,32.21727],[-110.96934,32.21464]]}},{"type":"Feature","properties":{"name":"East Saint Joan of Arcade Street","highway":"residential","osm":"way/16912542"},"geometry":{"type":"LineString","coordinates":[[-110.94673,32.19491],[-110.94737,32.1947]]}},{"type":"Feature","properties":{"name":"South Campbell Avenue","highway":"primary","osm":"way/16912556"},"geometry":{"type":"LineString","coordinates":[[-110.94425,32.2176],[-110.94387,32.21958]]}},{"type":"Feature","properties":{"name":"South Campbell Avenue","highway":"tertiary","osm":"way/16912557"},"geometry":{"type":"LineString","coordinates":[[-110.94337,32.1975],[-110.94341,32.19967],[-110.9439,32.20116]]}},{"type":"Feature","properties":{"name":"South Campbell Avenue","highway":"tertiary","osm":"way/16912560"},"geometry":{"type":"LineString","coordinates":[[-110.9439,32.20116],[-110.94382,32.1975]]}},{"type":"Feature","properties":{"name":"South Campbell Avenue","highway":"tertiary","osm":"way/16912567"},"geometry":{"type":"LineString","coordinates":[[-110.94358,32.20321],[-110.94375,32.20674]]}},{"type":"Feature","properties":{"name":"South Highland Avenue","highway":"tertiary","osm":"way/16912577"},"geometry":{"type":"LineString","coordinates":[[-110.951,32.22143],[-110.95097,32.21778],[-110.95168,32.21673]]}},{"type":"Feature","properties":{"name":"East 17th Street","highway":"tertiary","osm":"way/16912580"},"geometry":{"type":"LineString","coordinates":[[-110.9504,32.21345],[-110.94804,32.21349]]}},{"type":"Feature","properties":{"name":"South Highland Avenue","highway":"unclassified","osm":"way/16912582"},"geometry":{"type":"LineString","coordinates":[[-110.95159,32.21182],[-110.95157,32.21082]]}},{"type":"Feature","properties":{"name":"South Highland Avenue","highway":"residential","osm":"way/16912584"},"geometry":{"type":"LineString","coordinates":[[-110.95136,32.20563],[-110.9513,32.20326]]}},{"type":"Feature","properties":{"name":"West 38th Street","highway":"residential","osm":"way/16913427"},"geometry":{"type":"LineString","coordinates":[[-110.96838,32.1904],[-110.97446,32.19039]]}},{"type":"Feature","properties":{"name":"West 38th Street","highway":"residential","osm":"way/16913429"},"geometry":{"type":"LineString","coordinates":[[-110.97528,32.19039],[-110.97756,32.1904]]}},{"type":"Feature","properties":{"name":"South Granada Avenue","highway":"tertiary","osm":"way/16913437"},"geometry":{"type":"LineString","coordinates":[[-110.97608,32.22121],[-110.97587,32.22045],[-110.97606,32.21937],[-110.9765,32.21865],[-110.97737,32.2179]]}},{"type":"Feature","properties":{"name":"South 8th Avenue","highway":"residential","osm":"way/16913583"},"geometry":{"type":"LineString","coordinates":[[-110.97145,32.1904],[-110.97145,32.18874]]}},{"type":"Feature","properties":{"name":"South 8th Avenue","highway":"residential","osm":"way/16913587"},"geometry":{"type":"LineString","coordinates":[[-110.97066,32.18326],[-110.97066,32.1796]]}},{"type":"Feature","properties":{"name":"West 29th Street","highway":"tertiary","osm":"way/16913685"},"geometry":{"type":"LineString","coordinates":[[-110.96903,32.19956],[-110.97403,32.19952]]}},{"type":"Feature","properties":{"name":"South 11th Avenue","highway":"residential","osm":"way/16913949"},"geometry":{"type":"LineString","coordinates":[[-110.97644,32.17041],[-110.97637,32.15778]]}},{"type":"Feature","properties":{"name":"South 11th Avenue","highway":"residential","osm":"way/16913952"},"geometry":{"type":"LineString","coordinates":[[-110.97621,32.2133],[-110.97621,32.21201]]}},{"type":"Feature","properties":{"name":"South 11th Avenue","highway":"residential","osm":"way/16913955"},"geometry":{"type":"LineString","coordinates":[[-110.97603,32.18853],[-110.97603,32.18687]]}},{"type":"Feature","properties":{"name":"South 11th Avenue","highway":"residential","osm":"way/16913961"},"geometry":{"type":"LineString","coordinates":[[-110.97594,32.20317],[-110.97592,32.20157]]}},{"type":"Feature","properties":{"name":"South 11th Avenue","highway":"residential","osm":"way/16913964"},"geometry":{"type":"LineString","coordinates":[[-110.97614,32.1995],[-110.97607,32.19755]]}},{"type":"Feature","properties":{"name":"South 11th Avenue","highway":"residential","osm":"way/16913965"},"geometry":{"type":"LineString","coordinates":[[-110.97606,32.19039],[-110.97605,32.18938]]}},{"type":"Feature","properties":{"name":"East Poquita Vista","highway":"residential","osm":"way/16914037"},"geometry":{"type":"LineString","coordinates":[[-110.94204,32.1867],[-110.9397,32.18681],[-110.93788,32.18778]]}},{"type":"Feature","properties":{"name":"West Calle Retama","highway":"residential","osm":"way/16914038"},"geometry":{"type":"LineString","coordinates":[[-110.98221,32.24407],[-110.98629,32.24405]]}},{"type":"Feature","properties":{"name":"East 39th Street","highway":"residential","osm":"way/16914285"},"geometry":{"type":"LineString","coordinates":[[-110.96045,32.18934],[-110.9564,32.18932]]}},{"type":"Feature","properties":{"name":"East 39th Street","highway":"residential","osm":"way/16914291"},"geometry":{"type":"LineString","coordinates":[[-110.96837,32.18939],[-110.96529,32.18941]]}},{"type":"Feature","properties":{"name":"South Farmington Road","highway":"unclassified","osm":"way/16914333"},"geometry":{"type":"LineString","coordinates":[[-110.9803,32.20962],[-110.98055,32.20677]]}},{"type":"Feature","properties":{"name":"North 14th Avenue","highway":"residential","osm":"way/16914428"},"geometry":{"type":"LineString","coordinates":[[-110.98063,32.23598],[-110.98067,32.23843]]}},{"type":"Feature","properties":{"name":"North 14th Avenue","highway":"residential","osm":"way/16914433"},"geometry":{"type":"LineString","coordinates":[[-110.98067,32.24302],[-110.98071,32.24489]]}},{"type":"Feature","properties":{"name":"East 14th Street","highway":"residential","osm":"way/16914749"},"geometry":{"type":"LineString","coordinates":[[-110.9565,32.21667],[-110.95168,32.21673]]}},{"type":"Feature","properties":{"name":"East 14th Street","highway":"residential","osm":"way/16914751"},"geometry":{"type":"LineString","coordinates":[[-110.97044,32.2172],[-110.96858,32.21727]]}},{"type":"Feature","properties":{"name":"East 14th Street","highway":"unclassified","osm":"way/16914752"},"geometry":{"type":"LineString","coordinates":[[-110.94375,32.21742],[-110.93945,32.21743]]}},{"type":"Feature","properties":{"name":"West Palmdale Street","highway":"residential","osm":"way/16914780"},"geometry":{"type":"LineString","coordinates":[[-110.97758,32.17501],[-110.97491,32.17501]]}},{"type":"Feature","properties":{"name":"East Palmdale Street","highway":"unclassified","osm":"way/16914781"},"geometry":{"type":"LineString","coordinates":[[-110.95611,32.17519],[-110.95455,32.17512],[-110.95299,32.17403]]}},{"type":"Feature","properties":{"name":"South Santa Cruz Lane","highway":"residential","osm":"way/16914980"},"geometry":{"type":"LineString","coordinates":[[-110.98623,32.20792],[-110.98621,32.19954]]}},{"type":"Feature","properties":{"name":"East Naco Vista","highway":"residential","osm":"way/16914990"},"geometry":{"type":"LineString","coordinates":[[-110.94232,32.18842],[-110.94095,32.18846],[-110.94033,32.18899]]}},{"type":"Feature","properties":{"name":"East Missouri Street","highway":"residential","osm":"way/16915124"},"geometry":{"type":"LineString","coordinates":[[-110.95482,32.16697],[-110.95196,32.16703]]}},{"type":"Feature","properties":{"name":"East Missouri Street","highway":"unclassified","osm":"way/16915128"},"geometry":{"type":"LineString","coordinates":[[-110.96461,32.16668],[-110.9629,32.16669]]}},{"type":"Feature","properties":{"name":"East Missouri Street","highway":"residential","osm":"way/16915132"},"geometry":{"type":"LineString","coordinates":[[-110.94672,32.16605],[-110.94587,32.16645],[-110.94341,32.16644]]}},{"type":"Feature","properties":{"name":"South Euclid Avenue","highway":"unclassified","osm":"way/16915258"},"geometry":{"type":"LineString","coordinates":[[-110.95929,32.21076],[-110.95926,32.20732]]}},{"type":"Feature","properties":{"name":"South Euclid Avenue","highway":"secondary","osm":"way/16915261"},"geometry":{"type":"LineString","coordinates":[[-110.95945,32.22138],[-110.95945,32.22129]]}},{"type":"Feature","properties":{"name":"South Euclid Avenue","highway":"tertiary","osm":"way/16915267"},"geometry":{"type":"LineString","coordinates":[[-110.9598,32.2147],[-110.95977,32.21209]]}},{"type":"Feature","properties":{"name":"East Mc Cormick Street","highway":"residential","osm":"way/16915533"},"geometry":{"type":"LineString","coordinates":[[-110.97065,32.21839],[-110.96961,32.21848]]}},{"type":"Feature","properties":{"name":"South Mill Street","highway":"unclassified","osm":"way/16915574"},"geometry":{"type":"LineString","coordinates":[[-110.95539,32.21406],[-110.95537,32.21341]]}},{"type":"Feature","properties":{"name":"South Martin Avenue","highway":"residential","osm":"way/16915872"},"geometry":{"type":"LineString","coordinates":[[-110.94488,32.19962],[-110.94482,32.19243]]}},{"type":"Feature","properties":{"name":"South Martin Avenue","highway":"residential","osm":"way/16915881"},"geometry":{"type":"LineString","coordinates":[[-110.94525,32.22047],[-110.94525,32.21948]]}},{"type":"Feature","properties":{"name":"South Martin Avenue","highway":"residential","osm":"way/16915882"},"geometry":{"type":"LineString","coordinates":[[-110.94428,32.16767],[-110.94492,32.16717],[-110.94496,32.16646]]}},{"type":"Feature","properties":{"name":"South Martin Avenue","highway":"unclassified","osm":"way/16915885"},"geometry":{"type":"LineString","coordinates":[[-110.94507,32.21217],[-110.94504,32.21119]]}},{"type":"Feature","properties":{"name":"South 16th Avenue","highway":"residential","osm":"way/16916419"},"geometry":{"type":"LineString","coordinates":[[-110.9818,32.1678],[-110.98178,32.16672]]}},{"type":"Feature","properties":{"name":"South 16th Avenue","highway":"residential","osm":"way/16916423"},"geometry":{"type":"LineString","coordinates":[[-110.98193,32.18198],[-110.98191,32.18001],[-110.98117,32.17799]]}},{"type":"Feature","properties":{"name":"South 16th Avenue","highway":"residential","osm":"way/16916425"},"geometry":{"type":"LineString","coordinates":[[-110.98182,32.17759],[-110.9818,32.17011]]}},{"type":"Feature","properties":{"name":"West 41st Street","highway":"residential","osm":"way/16916430"},"geometry":{"type":"LineString","coordinates":[[-110.9739,32.18772],[-110.98149,32.18767],[-110.9819,32.18743]]}},{"type":"Feature","properties":{"name":"East Mabel Street","highway":"residential","osm":"way/16916434"},"geometry":{"type":"LineString","coordinates":[[-110.96646,32.23855],[-110.9649,32.23855]]}},{"type":"Feature","properties":{"name":"West Michigan Street","highway":"residential","osm":"way/16916552"},"geometry":{"type":"LineString","coordinates":[[-110.98182,32.17103],[-110.98511,32.17106]]}},{"type":"Feature","properties":{"name":"West Michigan Street","highway":"residential","osm":"way/16916554"},"geometry":{"type":"LineString","coordinates":[[-110.98639,32.17103],[-110.98965,32.17106]]}},{"type":"Feature","properties":{"name":"West Michigan Drive","highway":"residential","osm":"way/16916556"},"geometry":{"type":"LineString","coordinates":[[-110.96822,32.17045],[-110.96954,32.17044]]}},{"type":"Feature","properties":{"name":"East Ajo Way","highway":"primary","osm":"way/16916773"},"geometry":{"type":"LineString","coordinates":[[-110.94139,32.17797],[-110.94488,32.17794]]}},{"type":"Feature","properties":{"name":"South Calle Miura","highway":"residential","osm":"way/16916782"},"geometry":{"type":"LineString","coordinates":[[-110.94742,32.16553],[-110.94632,32.16439]]}},{"type":"Feature","properties":{"name":"South Calle Miura","highway":"residential","osm":"way/16916786"},"geometry":{"type":"LineString","coordinates":[[-110.94871,32.16679],[-110.948,32.16607]]}},{"type":"Feature","properties":{"name":"West Kennedy Street","highway":"residential","osm":"way/16916802"},"geometry":{"type":"LineString","coordinates":[[-110.97005,32.21509],[-110.97433,32.21491]]}},{"type":"Feature","properties":{"name":"South Neff Street","highway":"unclassified","osm":"way/16917103"},"geometry":{"type":"LineString","coordinates":[[-110.94565,32.2057],[-110.94565,32.20676]]}},{"type":"Feature","properties":{"name":"South 3rd Avenue","highway":"residential","osm":"way/16917239"},"geometry":{"type":"LineString","coordinates":[[-110.96433,32.17365],[-110.9643,32.16873]]}},{"type":"Feature","properties":{"name":"South 3rd Avenue","highway":"residential","osm":"way/16917244"},"geometry":{"type":"LineString","coordinates":[[-110.96399,32.2199],[-110.96397,32.21732]]}},{"type":"Feature","properties":{"name":"South 3rd Avenue","highway":"unclassified","osm":"way/16917246"},"geometry":{"type":"LineString","coordinates":[[-110.9646,32.16327],[-110.96462,32.16788]]}},{"type":"Feature","properties":{"name":"East Parkway Terrace","highway":"residential","osm":"way/16917309"},"geometry":{"type":"LineString","coordinates":[[-110.93804,32.21615],[-110.93804,32.21659]]}},{"type":"Feature","properties":{"name":"South Calle Estoque","highway":"residential","osm":"way/16917317"},"geometry":{"type":"LineString","coordinates":[[-110.94933,32.16766],[-110.94933,32.16737]]}},{"type":"Feature","properties":{"name":"East 8th Street","highway":"residential","osm":"way/16917734"},"geometry":{"type":"LineString","coordinates":[[-110.94379,32.22519],[-110.92767,32.22534]]}},{"type":"Feature","properties":{"name":"West 32nd Street","highway":"residential","osm":"way/16917772"},"geometry":{"type":"LineString","coordinates":[[-110.96905,32.19654],[-110.97457,32.19651]]}},{"type":"Feature","properties":{"name":"West 23rd Street","highway":"residential","osm":"way/16917806"},"geometry":{"type":"LineString","coordinates":[[-110.97004,32.20573],[-110.9731,32.20573]]}},{"type":"Feature","properties":{"name":"West 23rd Street","highway":"residential","osm":"way/16917808"},"geometry":{"type":"LineString","coordinates":[[-110.97673,32.20544],[-110.97753,32.20566]]}},{"type":"Feature","properties":{"name":"West 23rd Street","highway":"residential","osm":"way/16917809"},"geometry":{"type":"LineString","coordinates":[[-110.97311,32.20554],[-110.97668,32.20557]]}},{"type":"Feature","properties":{"name":"South Railroad Avenue","highway":"residential","osm":"way/16917961"},"geometry":{"type":"LineString","coordinates":[[-110.96478,32.2208],[-110.96477,32.2199]]}},{"type":"Feature","properties":{"name":"East Saint John the Baptist Street","highway":"residential","osm":"way/16918063"},"geometry":{"type":"LineString","coordinates":[[-110.94626,32.1938],[-110.94697,32.19383]]}},{"type":"Feature","properties":{"name":"South Tyndall Avenue","highway":"residential","osm":"way/16918158"},"geometry":{"type":"LineString","coordinates":[[-110.95766,32.19447],[-110.95764,32.19242]]}},{"type":"Feature","properties":{"name":"South Tyndall Avenue","highway":"residential","osm":"way/16918163"},"geometry":{"type":"LineString","coordinates":[[-110.95778,32.20818],[-110.95773,32.20427]]}},{"type":"Feature","properties":{"name":"South Tyndall Avenue","highway":"unclassified","osm":"way/16918167"},"geometry":{"type":"LineString","coordinates":[[-110.95791,32.22133],[-110.95791,32.21991]]}},{"type":"Feature","properties":{"name":"East Rodeo Drive","highway":"residential","osm":"way/16918262"},"geometry":{"type":"LineString","coordinates":[[-110.96713,32.16958],[-110.96163,32.16958]]}},{"type":"Feature","properties":{"name":"East Jason Vista","highway":"residential","osm":"way/16918294"},"geometry":{"type":"LineString","coordinates":[[-110.94353,32.18125],[-110.94215,32.18111],[-110.94082,32.18048],[-110.93936,32.18052]]}},{"type":"Feature","properties":{"name":"West 20th Street","highway":"residential","osm":"way/16918356"},"geometry":{"type":"LineString","coordinates":[[-110.96859,32.20942],[-110.96929,32.20942]]}},{"type":"Feature","properties":{"name":"West 20th Street","highway":"residential","osm":"way/16918361"},"geometry":{"type":"LineString","coordinates":[[-110.9803,32.20962],[-110.98279,32.2096]]}},{"type":"Feature","properties":{"name":"West 20th Street","highway":"residential","osm":"way/16918364"},"geometry":{"type":"LineString","coordinates":[[-110.97462,32.20945],[-110.97555,32.20945]]}},{"type":"Feature","properties":{"name":"East 33rd Street","highway":"residential","osm":"way/16918456"},"geometry":{"type":"LineString","coordinates":[[-110.96055,32.19548],[-110.95215,32.19556]]}},{"type":"Feature","properties":{"name":"East 33rd Street","highway":"residential","osm":"way/16918462"},"geometry":{"type":"LineString","coordinates":[[-110.96779,32.19552],[-110.96162,32.19555]]}},{"type":"Feature","properties":{"name":"East 33rd Street","highway":"residential","osm":"way/16918465"},"geometry":{"type":"LineString","coordinates":[[-110.94485,32.19577],[-110.94009,32.19581],[-110.939,32.19611]]}},{"type":"Feature","properties":{"name":"North Acuna Street","highway":"residential","osm":"way/16918483"},"geometry":{"type":"LineString","coordinates":[[-110.97865,32.23938],[-110.97864,32.2364]]}},{"type":"Feature","properties":{"name":"North Hoff Avenue","highway":"residential","osm":"way/16918582"},"geometry":{"type":"LineString","coordinates":[[-110.9648,32.2228],[-110.96482,32.22572]]}},{"type":"Feature","properties":{"name":"South 14th Avenue","highway":"residential","osm":"way/16918596"},"geometry":{"type":"LineString","coordinates":[[-110.97961,32.17053],[-110.97962,32.16777]]}},{"type":"Feature","properties":{"name":"South 14th Avenue","highway":"residential","osm":"way/16918599"},"geometry":{"type":"LineString","coordinates":[[-110.9797,32.17671],[-110.97968,32.17378]]}},{"type":"Feature","properties":{"name":"South 14th Avenue","highway":"residential","osm":"way/16918602"},"geometry":{"type":"LineString","coordinates":[[-110.97972,32.18101],[-110.97972,32.17782]]}},{"type":"Feature","properties":{"name":"South Stone Avenue","highway":"tertiary","osm":"way/16918706"},"geometry":{"type":"LineString","coordinates":[[-110.97126,32.22186],[-110.97114,32.22103]]}},{"type":"Feature","properties":{"name":"West 34th Street","highway":"residential","osm":"way/16918829"},"geometry":{"type":"LineString","coordinates":[[-110.98192,32.19482],[-110.98232,32.19498],[-110.98632,32.19499]]}},{"type":"Feature","properties":{"name":"West 34th Street","highway":"residential","osm":"way/16918833"},"geometry":{"type":"LineString","coordinates":[[-110.9684,32.19448],[-110.97279,32.19447],[-110.97302,32.19468]]}},{"type":"Feature","properties":{"name":"West 34th Street","highway":"residential","osm":"way/16918837"},"geometry":{"type":"LineString","coordinates":[[-110.97455,32.19445],[-110.97499,32.19444]]}},{"type":"Feature","properties":{"name":"West Mc Cormick Street","highway":"residential","osm":"way/16918883"},"geometry":{"type":"LineString","coordinates":[[-110.97066,32.21842],[-110.97232,32.21826]]}},{"type":"Feature","properties":{"name":"East 30th Street","highway":"residential","osm":"way/16919157"},"geometry":{"type":"LineString","coordinates":[[-110.96844,32.1986],[-110.96147,32.1986]]}},{"type":"Feature","properties":{"name":"East 30th Street","highway":"residential","osm":"way/16919167"},"geometry":{"type":"LineString","coordinates":[[-110.9592,32.19858],[-110.9522,32.19868]]}},{"type":"Feature","properties":{"name":"East Granito Vista","highway":"residential","osm":"way/16919204"},"geometry":{"type":"LineString","coordinates":[[-110.94353,32.18286],[-110.94175,32.18296],[-110.94029,32.18419]]}},{"type":"Feature","properties":{"name":"West Veterans Boulevard","highway":"residential","osm":"way/16919423"},"geometry":{"type":"LineString","coordinates":[[-110.9683,32.18144],[-110.97373,32.18144]]}},{"type":"Feature","properties":{"name":"East Corral Street","highway":"residential","osm":"way/16919531"},"geometry":{"type":"LineString","coordinates":[[-110.96965,32.21924],[-110.97078,32.21909]]}},{"type":"Feature","properties":{"name":"East 44th Street","highway":"unclassified","osm":"way/16919604"},"geometry":{"type":"LineString","coordinates":[[-110.96049,32.18245],[-110.95897,32.18388]]}},{"type":"Feature","properties":{"name":"East Fairland Stravenue","highway":"tertiary","osm":"way/16919717"},"geometry":{"type":"LineString","coordinates":[[-110.94358,32.20321],[-110.93057,32.19508],[-110.92934,32.19411]]}},{"type":"Feature","properties":{"name":"South Jacobus Avenue","highway":"residential","osm":"way/16919928"},"geometry":{"type":"LineString","coordinates":[[-110.96163,32.21208],[-110.96162,32.21075]]}},{"type":"Feature","properties":{"name":"West 25th Street","highway":"residential","osm":"way/16919961"},"geometry":{"type":"LineString","coordinates":[[-110.9842,32.2037],[-110.9862,32.20368]]}},{"type":"Feature","properties":{"name":"West 25th Street","highway":"residential","osm":"way/16919964"},"geometry":{"type":"LineString","coordinates":[[-110.97002,32.20368],[-110.97308,32.20365]]}},{"type":"Feature","properties":{"name":"West 25th Street","highway":"residential","osm":"way/16919966"},"geometry":{"type":"LineString","coordinates":[[-110.97769,32.2032],[-110.97906,32.20322]]}},{"type":"Feature","properties":{"name":"East Arroyo Chico","highway":"residential","osm":"way/16920070"},"geometry":{"type":"LineString","coordinates":[[-110.93517,32.21702],[-110.93455,32.21693]]}},{"type":"Feature","properties":{"name":"East Arroyo Chico","highway":"residential","osm":"way/16920073"},"geometry":{"type":"LineString","coordinates":[[-110.92663,32.21665],[-110.93104,32.21662],[-110.93517,32.21732]]}},{"type":"Feature","properties":{"name":"East Arroyo Chico","highway":"residential","osm":"way/16920074"},"geometry":{"type":"LineString","coordinates":[[-110.93946,32.21616],[-110.93513,32.21614]]}},{"type":"Feature","properties":{"name":"East Cochise Vista","highway":"residential","osm":"way/16920382"},"geometry":{"type":"LineString","coordinates":[[-110.9408,32.18757],[-110.94235,32.18757]]}},{"type":"Feature","properties":{"name":"North Main Avenue","highway":"unclassified","osm":"way/16920456"},"geometry":{"type":"LineString","coordinates":[[-110.97571,32.22381],[-110.97605,32.2251]]}},{"type":"Feature","properties":{"name":"East 35th Street","highway":"residential","osm":"way/16920608"},"geometry":{"type":"LineString","coordinates":[[-110.9684,32.19345],[-110.96533,32.19347]]}},{"type":"Feature","properties":{"name":"East 35th Street","highway":"residential","osm":"way/16920609"},"geometry":{"type":"LineString","coordinates":[[-110.96049,32.19342],[-110.95205,32.19352]]}},{"type":"Feature","properties":{"name":"East 35th Street","highway":"residential","osm":"way/16920615"},"geometry":{"type":"LineString","coordinates":[[-110.94158,32.19331],[-110.93675,32.19339]]}},{"type":"Feature","properties":{"name":"South Doreen Vista","highway":"residential","osm":"way/16920749"},"geometry":{"type":"LineString","coordinates":[[-110.9408,32.18671],[-110.94042,32.18552]]}},{"type":"Feature","properties":{"name":"East 26th Street","highway":"residential","osm":"way/16920829"},"geometry":{"type":"LineString","coordinates":[[-110.96456,32.20267],[-110.96095,32.20269]]}},{"type":"Feature","properties":{"name":"East 26th Street","highway":"residential","osm":"way/16920837"},"geometry":{"type":"LineString","coordinates":[[-110.95617,32.20274],[-110.95213,32.20276]]}},{"type":"Feature","properties":{"name":"West Silverlake Road","highway":"secondary","osm":"way/16921058"},"geometry":{"type":"LineString","coordinates":[[-110.97853,32.19958],[-110.97975,32.1996]]}},{"type":"Feature","properties":{"name":"East 10th Street","highway":"residential","osm":"way/16921113"},"geometry":{"type":"LineString","coordinates":[[-110.93591,32.22273],[-110.93521,32.22272]]}},{"type":"Feature","properties":{"name":"East 10th Street","highway":"residential","osm":"way/16921122"},"geometry":{"type":"LineString","coordinates":[[-110.9648,32.2228],[-110.96373,32.22253],[-110.95945,32.22252]]}},{"type":"Feature","properties":{"name":"East 10th Street","highway":"residential","osm":"way/16921124"},"geometry":{"type":"LineString","coordinates":[[-110.93749,32.22271],[-110.93688,32.22271]]}},{"type":"Feature","properties":{"name":"East 10th Street","highway":"residential","osm":"way/16921129"},"geometry":{"type":"LineString","coordinates":[[-110.9395,32.2227],[-110.94383,32.22267]]}},{"type":"Feature","properties":{"name":"North 2nd Avenue","highway":"residential","osm":"way/16921174"},"geometry":{"type":"LineString","coordinates":[[-110.96253,32.2278],[-110.96259,32.23595]]}},{"type":"Feature","properties":{"name":"North 2nd Avenue","highway":"residential","osm":"way/16921177"},"geometry":{"type":"LineString","coordinates":[[-110.96249,32.22253],[-110.96251,32.22516]]}},{"type":"Feature","properties":{"name":"South 19th Avenue","highway":"residential","osm":"way/16921288"},"geometry":{"type":"LineString","coordinates":[[-110.98457,32.1701],[-110.9846,32.16733]]}},{"type":"Feature","properties":{"name":"South Lamar Avenue","highway":"residential","osm":"way/16921403"},"geometry":{"type":"LineString","coordinates":[[-110.98921,32.17746],[-110.9874,32.17741],[-110.98656,32.17689],[-110.98643,32.17318]]}},{"type":"Feature","properties":{"name":"South Herndon Place","highway":"residential","osm":"way/16921426"},"geometry":{"type":"LineString","coordinates":[[-110.97511,32.20678],[-110.97509,32.20555]]}},{"type":"Feature","properties":{"name":"East Michigan Street","highway":"residential","osm":"way/16921476"},"geometry":{"type":"LineString","coordinates":[[-110.95625,32.16987],[-110.95198,32.16987]]}},{"type":"Feature","properties":{"name":"West el Puente Lane","highway":"unclassified","osm":"way/16921570"},"geometry":{"type":"LineString","coordinates":[[-110.98102,32.19706],[-110.98632,32.19706]]}},{"type":"Feature","properties":{"name":"North Ashbury Lane","highway":"residential","osm":"way/16921618"},"geometry":{"type":"LineString","coordinates":[[-110.97734,32.22469],[-110.97668,32.22478],[-110.97657,32.22363]]}},{"type":"Feature","properties":{"name":"East 17th Street","highway":"residential","osm":"way/16921767"},"geometry":{"type":"LineString","coordinates":[[-110.96626,32.21336],[-110.96473,32.21335]]}},{"type":"Feature","properties":{"name":"East 17th Street","highway":"unclassified","osm":"way/16921773"},"geometry":{"type":"LineString","coordinates":[[-110.94515,32.21347],[-110.93945,32.21328]]}},{"type":"Feature","properties":{"name":"South Arizona Avenue","highway":"residential","osm":"way/16921872"},"geometry":{"type":"LineString","coordinates":[[-110.96784,32.21858],[-110.96783,32.21728]]}},{"type":"Feature","properties":{"name":"East Pace Court","highway":"unclassified","osm":"way/16921964"},"geometry":{"type":"LineString","coordinates":[[-110.94516,32.2145],[-110.9454,32.21422],[-110.94618,32.21419]]}},{"type":"Feature","properties":{"name":"South 4th Avenue","highway":"residential","osm":"way/16922472"},"geometry":{"type":"LineString","coordinates":[[-110.96586,32.17787],[-110.96579,32.17044]]}},{"type":"Feature","properties":{"name":"West Alto Place","highway":"residential","osm":"way/16922524"},"geometry":{"type":"LineString","coordinates":[[-110.98067,32.2378],[-110.98221,32.23781]]}},{"type":"Feature","properties":{"name":"South Coleta Avenue","highway":"residential","osm":"way/16922977"},"geometry":{"type":"LineString","coordinates":[[-110.97525,32.21151],[-110.97524,32.21069]]}},{"type":"Feature","properties":{"name":"East Warren Place","highway":"residential","osm":"way/16923052"},"geometry":{"type":"LineString","coordinates":[[-110.94612,32.16562],[-110.94541,32.1657]]}},{"type":"Feature","properties":{"name":"East 2nd Street","highway":"tertiary","osm":"way/16923163"},"geometry":{"type":"LineString","coordinates":[[-110.95677,32.23386],[-110.95645,32.23383]]}},{"type":"Feature","properties":{"name":"East 2nd Street","highway":"residential","osm":"way/16923168"},"geometry":{"type":"LineString","coordinates":[[-110.97179,32.23293],[-110.97102,32.23293]]}},{"type":"Feature","properties":{"name":"West 25th Street","highway":"residential","osm":"way/16923343"},"geometry":{"type":"LineString","coordinates":[[-110.97462,32.20318],[-110.97769,32.2032]]}},{"type":"Feature","properties":{"name":"East Jackson Street","highway":"unclassified","osm":"way/16923559"},"geometry":{"type":"LineString","coordinates":[[-110.97104,32.22044],[-110.96971,32.22066]]}},{"type":"Feature","properties":{"name":"South Curtis Avenue","highway":"residential","osm":"way/16923790"},"geometry":{"type":"LineString","coordinates":[[-110.95104,32.20325],[-110.951,32.20069]]}},{"type":"Feature","properties":{"name":"South Curtis Avenue","highway":"unclassified","osm":"way/16923792"},"geometry":{"type":"LineString","coordinates":[[-110.95039,32.21109],[-110.95037,32.20775]]}},{"type":"Feature","properties":{"name":"South Curtis Avenue","highway":"residential","osm":"way/16923794"},"geometry":{"type":"LineString","coordinates":[[-110.95039,32.21605],[-110.95041,32.21473]]}},{"type":"Feature","properties":{"name":"East Manlove Street","highway":"residential","osm":"way/16923855"},"geometry":{"type":"LineString","coordinates":[[-110.9565,32.21778],[-110.95288,32.21781]]}},{"type":"Feature","properties":{"name":"East Manlove Street","highway":"residential","osm":"way/16923857"},"geometry":{"type":"LineString","coordinates":[[-110.95097,32.21778],[-110.94804,32.21781]]}},{"type":"Feature","properties":{"name":"West Pennington Street","highway":"tertiary","osm":"way/16924212"},"geometry":{"type":"LineString","coordinates":[[-110.97257,32.22262],[-110.97141,32.22284]]}},{"type":"Feature","properties":{"name":"South Mountain Avenue","highway":"residential","osm":"way/16924297"},"geometry":{"type":"LineString","coordinates":[[-110.95198,32.17059],[-110.95196,32.16703]]}},{"type":"Feature","properties":{"name":"South Mountain Avenue","highway":"residential","osm":"way/16924303"},"geometry":{"type":"LineString","coordinates":[[-110.95244,32.16694],[-110.95239,32.16333]]}},{"type":"Feature","properties":{"name":"South Mountain Avenue","highway":"residential","osm":"way/16924305"},"geometry":{"type":"LineString","coordinates":[[-110.95235,32.21214],[-110.95235,32.21081]]}},{"type":"Feature","properties":{"name":"South Mountain Avenue","highway":"residential","osm":"way/16924308"},"geometry":{"type":"LineString","coordinates":[[-110.95231,32.20952],[-110.95232,32.20699]]}},{"type":"Feature","properties":{"name":"South Mountain Avenue","highway":"residential","osm":"way/16924309"},"geometry":{"type":"LineString","coordinates":[[-110.95214,32.20325],[-110.95211,32.19967]]}},{"type":"Feature","properties":{"name":"South Mountain Avenue","highway":"residential","osm":"way/16924311"},"geometry":{"type":"LineString","coordinates":[[-110.95215,32.19654],[-110.95215,32.19556]]}},{"type":"Feature","properties":{"name":"West Shibell Street","highway":"residential","osm":"way/16924347"},"geometry":{"type":"LineString","coordinates":[[-110.98029,32.23202],[-110.98131,32.23161]]}},{"type":"Feature","properties":{"name":"North Fremont Avenue","highway":"residential","osm":"way/16924365"},"geometry":{"type":"LineString","coordinates":[[-110.95533,32.24315],[-110.95538,32.2488]]}},{"type":"Feature","properties":{"name":"North Fremont Avenue","highway":"residential","osm":"way/16924378"},"geometry":{"type":"LineString","coordinates":[[-110.95481,32.2215],[-110.95482,32.22647]]}},{"type":"Feature","properties":{"name":"East Fair Street","highway":"residential","osm":"way/16924417"},"geometry":{"type":"LineString","coordinates":[[-110.95627,32.1706],[-110.94567,32.17058],[-110.94525,32.1708]]}},{"type":"Feature","properties":{"name":"4th Street","highway":"unclassified","osm":"way/16924552"},"geometry":{"type":"LineString","coordinates":[[-110.95667,32.23005],[-110.95102,32.23007]]}},{"type":"Feature","properties":{"name":"South Main Avenue","highway":"residential","osm":"way/16924771"},"geometry":{"type":"LineString","coordinates":[[-110.97393,32.21202],[-110.97392,32.2107]]}},{"type":"Feature","properties":{"name":"South Ott Avenue","highway":"residential","osm":"way/16924802"},"geometry":{"type":"LineString","coordinates":[[-110.96352,32.21829],[-110.96348,32.21511]]}},{"type":"Feature","properties":{"name":"East Lee Street","highway":"residential","osm":"way/16925160"},"geometry":{"type":"LineString","coordinates":[[-110.93533,32.24172],[-110.93394,32.24171]]}},{"type":"Feature","properties":{"name":"East Lee Street","highway":"residential","osm":"way/16925174"},"geometry":{"type":"LineString","coordinates":[[-110.96878,32.24154],[-110.94977,32.24165]]}},{"type":"Feature","properties":{"name":"East Lee Street","highway":"residential","osm":"way/16925183"},"geometry":{"type":"LineString","coordinates":[[-110.97121,32.24165],[-110.96878,32.24166]]}},{"type":"Feature","properties":{"name":"West Telles Street","highway":"residential","osm":"way/16925399"},"geometry":{"type":"LineString","coordinates":[[-110.97387,32.22408],[-110.97454,32.22394]]}},{"type":"Feature","properties":{"name":"East Illinois Street","highway":"residential","osm":"way/16925413"},"geometry":{"type":"LineString","coordinates":[[-110.95487,32.16837],[-110.95045,32.16838],[-110.94992,32.16799],[-110.94983,32.16766]]}},{"type":"Feature","properties":{"name":"East Beverly Drive","highway":"residential","osm":"way/16925446"},"geometry":{"type":"LineString","coordinates":[[-110.93946,32.20877],[-110.92663,32.20877]]}},{"type":"Feature","properties":{"name":"South Osborn Avenue","highway":"residential","osm":"way/16925472"},"geometry":{"type":"LineString","coordinates":[[-110.97753,32.20676],[-110.97751,32.20412]]}},{"type":"Feature","properties":{"name":"North 6th Avenue","highway":"secondary","osm":"way/16925670"},"geometry":{"type":"LineString","coordinates":[[-110.96863,32.22202],[-110.96863,32.22262]]}},{"type":"Feature","properties":{"name":"South Sunset Villa","highway":"residential","osm":"way/16926145"},"geometry":{"type":"LineString","coordinates":[[-110.97984,32.18852],[-110.97985,32.18508]]}},{"type":"Feature","properties":{"name":"West 28th Street","highway":"residential","osm":"way/16926437"},"geometry":{"type":"LineString","coordinates":[[-110.96845,32.20059],[-110.97459,32.20055]]}},{"type":"Feature","properties":{"name":"East Pennsylvania Street","highway":"unclassified","osm":"way/16926514"},"geometry":{"type":"LineString","coordinates":[[-110.95626,32.1718],[-110.95297,32.17179]]}},{"type":"Feature","properties":{"name":"East Ohio Street","highway":"unclassified","osm":"way/16926538"},"geometry":{"type":"LineString","coordinates":[[-110.95933,32.16757],[-110.95627,32.16765]]}},{"type":"Feature","properties":{"name":"North Cherry Avenue","highway":"residential","osm":"way/16926610"},"geometry":{"type":"LineString","coordinates":[[-110.94807,32.22145],[-110.9481,32.22425]]}},{"type":"Feature","properties":{"name":"North Cherry Avenue","highway":"unclassified","osm":"way/16926615"},"geometry":{"type":"LineString","coordinates":[[-110.94814,32.23208],[-110.94815,32.23172]]}},{"type":"Feature","properties":{"name":"North Cherry Avenue","highway":"residential","osm":"way/16926620"},"geometry":{"type":"LineString","coordinates":[[-110.9483,32.24325],[-110.94831,32.24476]]}},{"type":"Feature","properties":{"name":"East 47th Street","highway":"unclassified","osm":"way/16926796"},"geometry":{"type":"LineString","coordinates":[[-110.95697,32.18065],[-110.95813,32.17978]]}},{"type":"Feature","properties":{"name":"South Saint Thomas Aquinas Drive","highway":"residential","osm":"way/16926955"},"geometry":{"type":"LineString","coordinates":[[-110.94698,32.19382],[-110.94737,32.1947]]}},{"type":"Feature","properties":{"name":"East 38th Street","highway":"residential","osm":"way/16927068"},"geometry":{"type":"LineString","coordinates":[[-110.96045,32.19038],[-110.95625,32.19037]]}},{"type":"Feature","properties":{"name":"East 38th Street","highway":"unclassified","osm":"way/16927070"},"geometry":{"type":"LineString","coordinates":[[-110.9653,32.19041],[-110.96329,32.19039]]}},{"type":"Feature","properties":{"name":"East 38th Street","highway":"residential","osm":"way/16927077"},"geometry":{"type":"LineString","coordinates":[[-110.96838,32.1904],[-110.9679,32.1904]]}},{"type":"Feature","properties":{"name":"West Adams Street","highway":"residential","osm":"way/16927154"},"geometry":{"type":"LineString","coordinates":[[-110.97185,32.24056],[-110.9779,32.24052]]}},{"type":"Feature","properties":{"name":"South 7th Avenue","highway":"residential","osm":"way/16927303"},"geometry":{"type":"LineString","coordinates":[[-110.9701,32.21334],[-110.97004,32.20681]]}},{"type":"Feature","properties":{"name":"South 7th Avenue","highway":"residential","osm":"way/16927304"},"geometry":{"type":"LineString","coordinates":[[-110.97004,32.20573],[-110.97002,32.20368]]}},{"type":"Feature","properties":{"name":"South 7th Avenue","highway":"residential","osm":"way/16927305"},"geometry":{"type":"LineString","coordinates":[[-110.96997,32.1924],[-110.96991,32.1904]]}},{"type":"Feature","properties":{"name":"South 7th Avenue","highway":"residential","osm":"way/16927306"},"geometry":{"type":"LineString","coordinates":[[-110.97,32.20111],[-110.96993,32.19275]]}},{"type":"Feature","properties":{"name":"South 7th Avenue","highway":"residential","osm":"way/16927310"},"geometry":{"type":"LineString","coordinates":[[-110.96964,32.18327],[-110.96963,32.17602]]}},{"type":"Feature","properties":{"name":"West 19th Street","highway":"residential","osm":"way/16927349"},"geometry":{"type":"LineString","coordinates":[[-110.96928,32.21073],[-110.97239,32.21072]]}},{"type":"Feature","properties":{"name":"West 19th Street","highway":"residential","osm":"way/16927352"},"geometry":{"type":"LineString","coordinates":[[-110.98015,32.21056],[-110.98379,32.21071]]}},{"type":"Feature","properties":{"name":"Kino Gateway Drive","highway":"unclassified","osm":"way/16927605"},"geometry":{"type":"LineString","coordinates":[[-110.9412,32.16552],[-110.94044,32.1664]]}},{"type":"Feature","properties":{"name":"South Main Avenue","highway":"tertiary","osm":"way/16927629"},"geometry":{"type":"LineString","coordinates":[[-110.97442,32.2168],[-110.97435,32.21583]]}},{"type":"Feature","properties":{"name":"South 10th Avenue","highway":"residential","osm":"way/16927634"},"geometry":{"type":"LineString","coordinates":[[-110.97449,32.18598],[-110.97448,32.18506]]}},{"type":"Feature","properties":{"name":"West President Street","highway":"residential","osm":"way/16927758"},"geometry":{"type":"LineString","coordinates":[[-110.98182,32.17671],[-110.97759,32.17686]]}},{"type":"Feature","properties":{"name":"West Tennessee Street","highway":"residential","osm":"way/16927761"},"geometry":{"type":"LineString","coordinates":[[-110.97641,32.166],[-110.9692,32.16603]]}},{"type":"Feature","properties":{"name":"West Tennessee Street","highway":"residential","osm":"way/16927762"},"geometry":{"type":"LineString","coordinates":[[-110.97868,32.16595],[-110.98069,32.16594]]}},{"type":"Feature","properties":{"name":"North Ash Avenue","highway":"residential","osm":"way/16927782"},"geometry":{"type":"LineString","coordinates":[[-110.9725,32.22508],[-110.97251,32.22639]]}},{"type":"Feature","properties":{"name":"East 29th Street","highway":"tertiary","osm":"way/16928075"},"geometry":{"type":"LineString","coordinates":[[-110.96078,32.1996],[-110.96384,32.19959]]}},{"type":"Feature","properties":{"name":"North 13th Avenue","highway":"residential","osm":"way/16928199"},"geometry":{"type":"LineString","coordinates":[[-110.97932,32.23497],[-110.97929,32.23576]]}},{"type":"Feature","properties":{"name":"North 13th Avenue","highway":"unclassified","osm":"way/16928200"},"geometry":{"type":"LineString","coordinates":[[-110.97913,32.24269],[-110.97915,32.24486]]}},{"type":"Feature","properties":{"name":"North 13th Avenue","highway":"residential","osm":"way/16928201"},"geometry":{"type":"LineString","coordinates":[[-110.97927,32.23294],[-110.9793,32.23379]]}},{"type":"Feature","properties":{"name":"East 13th Street","highway":"unclassified","osm":"way/16928317"},"geometry":{"type":"LineString","coordinates":[[-110.94392,32.21875],[-110.93948,32.21877]]}},{"type":"Feature","properties":{"name":"East 13th Street","highway":"residential","osm":"way/16928323"},"geometry":{"type":"LineString","coordinates":[[-110.95319,32.21862],[-110.94806,32.21861]]}},{"type":"Feature","properties":{"name":"East 13th Street","highway":"residential","osm":"way/16928328"},"geometry":{"type":"LineString","coordinates":[[-110.94554,32.21849],[-110.94415,32.2185]]}},{"type":"Feature","properties":{"name":"East 13th Street","highway":"unclassified","osm":"way/16928329"},"geometry":{"type":"LineString","coordinates":[[-110.95633,32.21857],[-110.95478,32.21858]]}},{"type":"Feature","properties":{"name":"North Plumer Avenue","highway":"residential","osm":"way/16928481"},"geometry":{"type":"LineString","coordinates":[[-110.93954,32.22656],[-110.93961,32.23491]]}},{"type":"Feature","properties":{"name":"East Toole Avenue","highway":"tertiary","osm":"way/16928717"},"geometry":{"type":"LineString","coordinates":[[-110.96904,32.22476],[-110.97173,32.2264]]}},{"type":"Feature","properties":{"name":"West Oklahoma Street","highway":"residential","osm":"way/16928795"},"geometry":{"type":"LineString","coordinates":[[-110.96817,32.16514],[-110.96912,32.16514]]}},{"type":"Feature","properties":{"name":"South Bean Avenue","highway":"residential","osm":"way/16929038"},"geometry":{"type":"LineString","coordinates":[[-110.9632,32.21468],[-110.96314,32.20945]]}},{"type":"Feature","properties":{"name":"North Norton Avenue","highway":"residential","osm":"way/16929091"},"geometry":{"type":"LineString","coordinates":[[-110.93647,32.24382],[-110.93665,32.24544]]}},{"type":"Feature","properties":{"name":"East Eastland Street","highway":"residential","osm":"way/16929095"},"geometry":{"type":"LineString","coordinates":[[-110.93946,32.21148],[-110.9351,32.21148]]}},{"type":"Feature","properties":{"name":"East Old Vail Road","highway":"residential","osm":"way/16929226"},"geometry":{"type":"LineString","coordinates":[[-110.96839,32.19194],[-110.96684,32.19108]]}},{"type":"Feature","properties":{"name":"North Court Avenue","highway":"residential","osm":"way/16929344"},"geometry":{"type":"LineString","coordinates":[[-110.97401,32.22454],[-110.97484,32.22715],[-110.97548,32.22725]]}},{"type":"Feature","properties":{"name":"North Commerce Park Loop","highway":"unclassified","osm":"way/16929712"},"geometry":{"type":"LineString","coordinates":[[-110.98266,32.22483],[-110.98557,32.22467],[-110.98609,32.22484],[-110.98635,32.22651],[-110.98558,32.22748]]}},{"type":"Feature","properties":{"name":"West Helen Street","highway":"residential","osm":"way/16929752"},"geometry":{"type":"LineString","coordinates":[[-110.97643,32.23715],[-110.97999,32.23714]]}},{"type":"Feature","properties":{"name":"West Washington Street","highway":"residential","osm":"way/16929906"},"geometry":{"type":"LineString","coordinates":[[-110.97401,32.22454],[-110.97311,32.2247]]}},{"type":"Feature","properties":{"name":"South Calle Madrid","highway":"residential","osm":"way/16929964"},"geometry":{"type":"LineString","coordinates":[[-110.95024,32.16766],[-110.95025,32.16734]]}},{"type":"Feature","properties":{"name":"South Camino Paso Doble","highway":"residential","osm":"way/16930208"},"geometry":{"type":"LineString","coordinates":[[-110.95109,32.16767],[-110.95103,32.16682]]}},{"type":"Feature","properties":{"name":"South Camino Paso Doble","highway":"residential","osm":"way/16930210"},"geometry":{"type":"LineString","coordinates":[[-110.95103,32.16682],[-110.94961,32.16657],[-110.9481,32.1651],[-110.94766,32.16497]]}},{"type":"Feature","properties":{"name":"North 11th Avenue","highway":"residential","osm":"way/16930261"},"geometry":{"type":"LineString","coordinates":[[-110.97639,32.23164],[-110.97642,32.23415]]}},{"type":"Feature","properties":{"name":"South Norris Avenue","highway":"residential","osm":"way/16930371"},"geometry":{"type":"LineString","coordinates":[[-110.94222,32.19658],[-110.94227,32.19497]]}},{"type":"Feature","properties":{"name":"South Norris Avenue","highway":"unclassified","osm":"way/16930374"},"geometry":{"type":"LineString","coordinates":[[-110.9424,32.22147],[-110.9424,32.22132]]}},{"type":"Feature","properties":{"name":"South Norris Avenue","highway":"unclassified","osm":"way/16930375"},"geometry":{"type":"LineString","coordinates":[[-110.94134,32.21057],[-110.94134,32.20947]]}},{"type":"Feature","properties":{"name":"South Norris Avenue","highway":"residential","osm":"way/16930377"},"geometry":{"type":"LineString","coordinates":[[-110.9422,32.20073],[-110.94217,32.19751]]}},{"type":"Feature","properties":{"name":"East 7th Street","highway":"residential","osm":"way/16930564"},"geometry":{"type":"LineString","coordinates":[[-110.93107,32.22662],[-110.93954,32.22656]]}},{"type":"Feature","properties":{"name":"East 7th Street","highway":"residential","osm":"way/16930568"},"geometry":{"type":"LineString","coordinates":[[-110.96406,32.22644],[-110.96867,32.2264]]}},{"type":"Feature","properties":{"name":"West 44th Street","highway":"tertiary","osm":"way/16930699"},"geometry":{"type":"LineString","coordinates":[[-110.97067,32.18507],[-110.97273,32.18506]]}},{"type":"Feature","properties":{"name":"West 44th Street","highway":"tertiary","osm":"way/16930703"},"geometry":{"type":"LineString","coordinates":[[-110.97651,32.18508],[-110.97704,32.18502]]}},{"type":"Feature","properties":{"name":"South Calle de la Faena","highway":"residential","osm":"way/16930740"},"geometry":{"type":"LineString","coordinates":[[-110.95149,32.16523],[-110.95027,32.16509],[-110.94961,32.16439],[-110.94945,32.16331]]}},{"type":"Feature","properties":{"name":"East Monterey Vista","highway":"residential","osm":"way/16930790"},"geometry":{"type":"LineString","coordinates":[[-110.94059,32.19159],[-110.93752,32.19158],[-110.93623,32.19181]]}},{"type":"Feature","properties":{"name":"South Kroeger Lane","highway":"residential","osm":"way/16930811"},"geometry":{"type":"LineString","coordinates":[[-110.98235,32.21245],[-110.98312,32.20795]]}},{"type":"Feature","properties":{"name":"East Saint Maria Goretti Street","highway":"residential","osm":"way/16931266"},"geometry":{"type":"LineString","coordinates":[[-110.94724,32.19433],[-110.94787,32.1941]]}},{"type":"Feature","properties":{"name":"West Ochoa Lane","highway":"residential","osm":"way/16931379"},"geometry":{"type":"LineString","coordinates":[[-110.98469,32.20793],[-110.98471,32.20874],[-110.98548,32.20874]]}},{"type":"Feature","properties":{"name":"East Aviation Drive","highway":"residential","osm":"way/16931449"},"geometry":{"type":"LineString","coordinates":[[-110.96823,32.17226],[-110.96284,32.17226]]}},{"type":"Feature","properties":{"name":"West MacArthur Street","highway":"residential","osm":"way/16931538"},"geometry":{"type":"LineString","coordinates":[[-110.96944,32.16955],[-110.97069,32.16954]]}},{"type":"Feature","properties":{"name":"West Williams Street","highway":"residential","osm":"way/16931558"},"geometry":{"type":"LineString","coordinates":[[-110.98215,32.23538],[-110.98312,32.23495]]}},{"type":"Feature","properties":{"name":"East Potter Park Court","highway":"residential","osm":"way/16931636"},"geometry":{"type":"LineString","coordinates":[[-110.93808,32.24436],[-110.93769,32.24484]]}},{"type":"Feature","properties":{"name":"West Simpson Street","highway":"residential","osm":"way/16931776"},"geometry":{"type":"LineString","coordinates":[[-110.97435,32.21583],[-110.97902,32.21475]]}},{"type":"Feature","properties":{"name":"West Simpson Street","highway":"residential","osm":"way/16931778"},"geometry":{"type":"LineString","coordinates":[[-110.98008,32.2145],[-110.98101,32.21418]]}},{"type":"Feature","properties":{"name":"West Aviation Drive","highway":"residential","osm":"way/16931824"},"geometry":{"type":"LineString","coordinates":[[-110.98016,32.17325],[-110.98181,32.17388]]}},{"type":"Feature","properties":{"name":"West Aviation Drive","highway":"residential","osm":"way/16931825"},"geometry":{"type":"LineString","coordinates":[[-110.96823,32.17226],[-110.96954,32.17223]]}},{"type":"Feature","properties":{"name":"East Hughes Street","highway":"residential","osm":"way/16931955"},"geometry":{"type":"LineString","coordinates":[[-110.96093,32.22188],[-110.95791,32.22186]]}},{"type":"Feature","properties":{"name":"East 32nd Street","highway":"residential","osm":"way/16931993"},"geometry":{"type":"LineString","coordinates":[[-110.9592,32.19652],[-110.95215,32.19654]]}},{"type":"Feature","properties":{"name":"East 32nd Street","highway":"residential","osm":"way/16932011"},"geometry":{"type":"LineString","coordinates":[[-110.96792,32.19655],[-110.96148,32.19658]]}},{"type":"Feature","properties":{"name":"East 32nd Street","highway":"residential","osm":"way/16932018"},"geometry":{"type":"LineString","coordinates":[[-110.94228,32.19663],[-110.94055,32.19665],[-110.93988,32.19703]]}},{"type":"Feature","properties":{"name":"South 13th Avenue","highway":"residential","osm":"way/16932173"},"geometry":{"type":"LineString","coordinates":[[-110.97867,32.1767],[-110.97867,32.17335]]}},{"type":"Feature","properties":{"name":"South 13th Avenue","highway":"residential","osm":"way/16932176"},"geometry":{"type":"LineString","coordinates":[[-110.97867,32.18099],[-110.97859,32.18025]]}},{"type":"Feature","properties":{"name":"North 1st Avenue","highway":"residential","osm":"way/16932202"},"geometry":{"type":"LineString","coordinates":[[-110.96098,32.22253],[-110.961,32.22499]]}},{"type":"Feature","properties":{"name":"East Elm Street","highway":"residential","osm":"way/16932257"},"geometry":{"type":"LineString","coordinates":[[-110.97187,32.24274],[-110.97121,32.24275]]}},{"type":"Feature","properties":{"name":"East Elm Street","highway":"residential","osm":"way/16932258"},"geometry":{"type":"LineString","coordinates":[[-110.96879,32.24256],[-110.94978,32.24267]]}},{"type":"Feature","properties":{"name":"East Metric Place","highway":"unclassified","osm":"way/16932276"},"geometry":{"type":"LineString","coordinates":[[-110.95066,32.17917],[-110.94965,32.17924]]}},{"type":"Feature","properties":{"name":"North Herbert Avenue","highway":"residential","osm":"way/16932297"},"geometry":{"type":"LineString","coordinates":[[-110.96643,32.23427],[-110.96643,32.23592]]}},{"type":"Feature","properties":{"name":"West 24th Street","highway":"residential","osm":"way/16932481"},"geometry":{"type":"LineString","coordinates":[[-110.97002,32.20471],[-110.97462,32.20466]]}},{"type":"Feature","properties":{"name":"West 24th Street","highway":"residential","osm":"way/16932485"},"geometry":{"type":"LineString","coordinates":[[-110.98083,32.20494],[-110.98619,32.20495]]}},{"type":"Feature","properties":{"name":"West Starr Pass Boulevard","highway":"secondary","osm":"way/16932775"},"geometry":{"type":"LineString","coordinates":[[-110.97902,32.20682],[-110.98009,32.20683]]}},{"type":"Feature","properties":{"name":"East Duvall Vista","highway":"residential","osm":"way/16932915"},"geometry":{"type":"LineString","coordinates":[[-110.94354,32.18525],[-110.94249,32.18532],[-110.94164,32.18572]]}},{"type":"Feature","properties":{"name":"East 34th Street","highway":"residential","osm":"way/16933020"},"geometry":{"type":"LineString","coordinates":[[-110.9653,32.19452],[-110.96186,32.19452]]}},{"type":"Feature","properties":{"name":"East 34th Street","highway":"residential","osm":"way/16933026"},"geometry":{"type":"LineString","coordinates":[[-110.94484,32.19412],[-110.93863,32.19416]]}},{"type":"Feature","properties":{"name":"East 34th Street","highway":"residential","osm":"way/16933035"},"geometry":{"type":"LineString","coordinates":[[-110.9605,32.19448],[-110.95208,32.19448]]}},{"type":"Feature","properties":{"name":"North Stone Avenue","highway":"tertiary","osm":"way/16933092"},"geometry":{"type":"LineString","coordinates":[[-110.97175,32.22573],[-110.97164,32.22431]]}},{"type":"Feature","properties":{"name":"South Clark Avenue","highway":"residential","osm":"way/16933125"},"geometry":{"type":"LineString","coordinates":[[-110.97588,32.18506],[-110.97588,32.17781]]}},{"type":"Feature","properties":{"name":"North Kitchen Street","highway":"residential","osm":"way/16933327"},"geometry":{"type":"LineString","coordinates":[[-110.98003,32.23031],[-110.98032,32.2304]]}},{"type":"Feature","properties":{"name":"North Main Avenue","highway":"secondary","osm":"way/16933349"},"geometry":{"type":"LineString","coordinates":[[-110.97791,32.23069],[-110.97793,32.23576]]}},{"type":"Feature","properties":{"name":"North Santa Rita Avenue","highway":"residential","osm":"way/16933501"},"geometry":{"type":"LineString","coordinates":[[-110.95385,32.24374],[-110.95392,32.254],[-110.95462,32.25502]]}},{"type":"Feature","properties":{"name":"North Santa Rita Avenue","highway":"residential","osm":"way/16933508"},"geometry":{"type":"LineString","coordinates":[[-110.95379,32.23731],[-110.95379,32.23798]]}},{"type":"Feature","properties":{"name":"South Convent Avenue","highway":"residential","osm":"way/16933524"},"geometry":{"type":"LineString","coordinates":[[-110.97214,32.21705],[-110.97201,32.21599]]}},{"type":"Feature","properties":{"name":"North Freeway Road","highway":"primary","osm":"way/16933532"},"geometry":{"type":"LineString","coordinates":[[-110.97965,32.22101],[-110.9797,32.22124]]}},{"type":"Feature","properties":{"name":"North Freeway Road","highway":"primary","osm":"way/16933535"},"geometry":{"type":"LineString","coordinates":[[-110.98432,32.23501],[-110.98389,32.23269],[-110.98288,32.2295]]}},{"type":"Feature","properties":{"name":"East Council Street","highway":"unclassified","osm":"way/16933733"},"geometry":{"type":"LineString","coordinates":[[-110.9725,32.22508],[-110.97174,32.22508]]}},{"type":"Feature","properties":{"name":"South Vine Avenue","highway":"residential","osm":"way/16933750"},"geometry":{"type":"LineString","coordinates":[[-110.94951,32.22138],[-110.94951,32.2212]]}},{"type":"Feature","properties":{"name":"South Vine Avenue","highway":"unclassified","osm":"way/16933753"},"geometry":{"type":"LineString","coordinates":[[-110.94919,32.21476],[-110.94918,32.2128],[-110.94844,32.21224]]}},{"type":"Feature","properties":{"name":"South 18th Avenue","highway":"residential","osm":"way/16933900"},"geometry":{"type":"LineString","coordinates":[[-110.98374,32.1701],[-110.98373,32.16879]]}},{"type":"Feature","properties":{"name":"East 25th Street","highway":"residential","osm":"way/16933903"},"geometry":{"type":"LineString","coordinates":[[-110.95924,32.20317],[-110.95028,32.20327]]}},{"type":"Feature","properties":{"name":"East 25th Street","highway":"residential","osm":"way/16933910"},"geometry":{"type":"LineString","coordinates":[[-110.97002,32.20368],[-110.96095,32.20371]]}},{"type":"Feature","properties":{"name":"West Broadway Boulevard","highway":"primary","osm":"way/16934149"},"geometry":{"type":"LineString","coordinates":[[-110.97504,32.22138],[-110.97331,32.2213]]}},{"type":"Feature","properties":{"name":"South Cherry Avenue","highway":"residential","osm":"way/16934190"},"geometry":{"type":"LineString","coordinates":[[-110.94807,32.22145],[-110.94808,32.217]]}},{"type":"Feature","properties":{"name":"South Cherry Avenue","highway":"tertiary","osm":"way/16934193"},"geometry":{"type":"LineString","coordinates":[[-110.94803,32.20952],[-110.94798,32.20824]]}},{"type":"Feature","properties":{"name":"South Cherry Avenue","highway":"residential","osm":"way/16934194"},"geometry":{"type":"LineString","coordinates":[[-110.94672,32.16605],[-110.94742,32.16553],[-110.94766,32.16508],[-110.94767,32.15599]]}},{"type":"Feature","properties":{"name":"East Calle Salamanca","highway":"residential","osm":"way/16934430"},"geometry":{"type":"LineString","coordinates":[[-110.94917,32.1686],[-110.94828,32.16916],[-110.94699,32.16915],[-110.94544,32.16775]]}},{"type":"Feature","properties":{"name":"South Saint Pablo Drive","highway":"residential","osm":"way/16934602"},"geometry":{"type":"LineString","coordinates":[[-110.94673,32.19491],[-110.94609,32.19451],[-110.94626,32.1938]]}},{"type":"Feature","properties":{"name":"South Wall Street","highway":"unclassified","osm":"way/16934811"},"geometry":{"type":"LineString","coordinates":[[-110.95084,32.17792],[-110.95085,32.17951]]}},{"type":"Feature","properties":{"name":"North Mountain Avenue","highway":"residential","osm":"way/16935197"},"geometry":{"type":"LineString","coordinates":[[-110.95236,32.22146],[-110.95238,32.22714]]}},{"type":"Feature","properties":{"name":"North Mountain Avenue","highway":"tertiary","osm":"way/16935199"},"geometry":{"type":"LineString","coordinates":[[-110.95233,32.23446],[-110.9524,32.23598]]}},{"type":"Feature","properties":{"name":"West Jackson Street","highway":"unclassified","osm":"way/16935291"},"geometry":{"type":"LineString","coordinates":[[-110.97104,32.22044],[-110.97256,32.22022]]}},{"type":"Feature","properties":{"name":"West 43rd Street","highway":"residential","osm":"way/16935346"},"geometry":{"type":"LineString","coordinates":[[-110.97274,32.18599],[-110.97492,32.18615]]}},{"type":"Feature","properties":{"name":"South New Street","highway":"residential","osm":"way/16935351"},"geometry":{"type":"LineString","coordinates":[[-110.95496,32.20427],[-110.95494,32.20325]]}},{"type":"Feature","properties":{"name":"West Missouri Street","highway":"residential","osm":"way/16935392"},"geometry":{"type":"LineString","coordinates":[[-110.96921,32.1669],[-110.97641,32.16687]]}},{"type":"Feature","properties":{"name":"West Missouri Street","highway":"residential","osm":"way/16935397"},"geometry":{"type":"LineString","coordinates":[[-110.98274,32.16737],[-110.98454,32.16737]]}},{"type":"Feature","properties":{"name":"East Florita Street","highway":"residential","osm":"way/16935416"},"geometry":{"type":"LineString","coordinates":[[-110.96099,32.22315],[-110.95637,32.22318]]}},{"type":"Feature","properties":{"name":"South Liberty Avenue","highway":"residential","osm":"way/16935511"},"geometry":{"type":"LineString","coordinates":[[-110.97377,32.1814],[-110.97378,32.17601]]}},{"type":"Feature","properties":{"name":"West 5th Street","highway":"residential","osm":"way/16935532"},"geometry":{"type":"LineString","coordinates":[[-110.97175,32.229],[-110.97252,32.229]]}},{"type":"Feature","properties":{"name":"North Kramer Avenue","highway":"residential","osm":"way/16935665"},"geometry":{"type":"LineString","coordinates":[[-110.9416,32.2427],[-110.94137,32.2452]]}},{"type":"Feature","properties":{"name":"West Carmen Street","highway":"unclassified","osm":"way/16935842"},"geometry":{"type":"LineString","coordinates":[[-110.98293,32.2367],[-110.98369,32.23652]]}},{"type":"Feature","properties":{"name":"South Belmar Avenue","highway":"residential","osm":"way/16935960"},"geometry":{"type":"LineString","coordinates":[[-110.97273,32.18506],[-110.97272,32.17601]]}},{"type":"Feature","properties":{"name":"West 40th Street","highway":"residential","osm":"way/16935973"},"geometry":{"type":"LineString","coordinates":[[-110.96837,32.18875],[-110.97042,32.18874]]}},{"type":"Feature","properties":{"name":"North Granada Avenue","highway":"secondary","osm":"way/16935995"},"geometry":{"type":"LineString","coordinates":[[-110.9779,32.22656],[-110.97675,32.22293]]}},{"type":"Feature","properties":{"name":"West Davis Street","highway":"residential","osm":"way/16936260"},"geometry":{"type":"LineString","coordinates":[[-110.97895,32.22968],[-110.98053,32.22903]]}},{"type":"Feature","properties":{"name":"South 2nd Avenue","highway":"residential","osm":"way/16936379"},"geometry":{"type":"LineString","coordinates":[[-110.96147,32.1986],[-110.96148,32.19658],[-110.96205,32.19299]]}},{"type":"Feature","properties":{"name":"South 2nd Avenue","highway":"residential","osm":"way/16936381"},"geometry":{"type":"LineString","coordinates":[[-110.96235,32.20686],[-110.96229,32.19864]]}},{"type":"Feature","properties":{"name":"South 2nd Avenue","highway":"residential","osm":"way/16936384"},"geometry":{"type":"LineString","coordinates":[[-110.96287,32.17764],[-110.96284,32.17226]]}},{"type":"Feature","properties":{"name":"South 2nd Avenue","highway":"residential","osm":"way/16936385"},"geometry":{"type":"LineString","coordinates":[[-110.96239,32.21072],[-110.96238,32.20944]]}},{"type":"Feature","properties":{"name":"South Warren Avenue","highway":"residential","osm":"way/16936721"},"geometry":{"type":"LineString","coordinates":[[-110.94541,32.16646],[-110.94544,32.16381]]}},{"type":"Feature","properties":{"name":"South Warren Avenue","highway":"residential","osm":"way/16936722"},"geometry":{"type":"LineString","coordinates":[[-110.94661,32.21217],[-110.94651,32.21096],[-110.94624,32.21069]]}},{"type":"Feature","properties":{"name":"South Warren Avenue","highway":"residential","osm":"way/16936724"},"geometry":{"type":"LineString","coordinates":[[-110.94648,32.20824],[-110.94646,32.20696]]}},{"type":"Feature","properties":{"name":"South Warren Avenue","highway":"residential","osm":"way/16936726"},"geometry":{"type":"LineString","coordinates":[[-110.94666,32.22081],[-110.94665,32.21848]]}},{"type":"Feature","properties":{"name":"South Warren Avenue","highway":"residential","osm":"way/16936729"},"geometry":{"type":"LineString","coordinates":[[-110.94643,32.20066],[-110.94639,32.19968]]}},{"type":"Feature","properties":{"name":"West Pennsylvania Drive","highway":"residential","osm":"way/16936806"},"geometry":{"type":"LineString","coordinates":[[-110.96969,32.17134],[-110.97158,32.17133]]}},{"type":"Feature","properties":{"name":"West Pennsylvania Street","highway":"residential","osm":"way/16936807"},"geometry":{"type":"LineString","coordinates":[[-110.9818,32.17213],[-110.98515,32.17212]]}},{"type":"Feature","properties":{"name":"West Pennsylvania Street","highway":"residential","osm":"way/16936808"},"geometry":{"type":"LineString","coordinates":[[-110.9863,32.17212],[-110.98969,32.17213]]}},{"type":"Feature","properties":{"name":"North Brady Avenue","highway":"residential","osm":"way/16937122"},"geometry":{"type":"LineString","coordinates":[[-110.98005,32.22922],[-110.97979,32.2285]]}},{"type":"Feature","properties":{"name":"East Caddie Street","highway":"residential","osm":"way/16937429"},"geometry":{"type":"LineString","coordinates":[[-110.95947,32.2244],[-110.95682,32.22441]]}},{"type":"Feature","properties":{"name":"North Church Avenue","highway":"tertiary","osm":"way/16937488"},"geometry":{"type":"LineString","coordinates":[[-110.97257,32.22262],[-110.97238,32.22175]]}},{"type":"Feature","properties":{"name":"North Meyer Avenue","highway":"residential","osm":"way/16937545"},"geometry":{"type":"LineString","coordinates":[[-110.97513,32.22586],[-110.97568,32.22753]]}},{"type":"Feature","properties":{"name":"West Macarthur Street","highway":"residential","osm":"way/16937606"},"geometry":{"type":"LineString","coordinates":[[-110.98185,32.17015],[-110.98506,32.17009]]}},{"type":"Feature","properties":{"name":"South Tucson Boulevard","highway":"tertiary","osm":"way/16937754"},"geometry":{"type":"LineString","coordinates":[[-110.93517,32.21709],[-110.9351,32.21148]]}},{"type":"Feature","properties":{"name":"North Van Alstine Street","highway":"residential","osm":"way/16937844"},"geometry":{"type":"LineString","coordinates":[[-110.97831,32.22992],[-110.98178,32.23569]]}},{"type":"Feature","properties":{"name":"Enke Drive","highway":"unclassified","osm":"way/16937905"},"geometry":{"type":"LineString","coordinates":[[-110.9481,32.22976],[-110.94679,32.22952],[-110.94385,32.22959]]}},{"type":"Feature","properties":{"name":"North 5th Avenue","highway":"unclassified","osm":"way/16937924"},"geometry":{"type":"LineString","coordinates":[[-110.96712,32.22564],[-110.96713,32.22641]]}},{"type":"Feature","properties":{"name":"North 5th Avenue","highway":"tertiary","osm":"way/16937926"},"geometry":{"type":"LineString","coordinates":[[-110.96706,32.22298],[-110.9671,32.22209]]}},{"type":"Feature","properties":{"name":"South Calle Capote","highway":"residential","osm":"way/16937984"},"geometry":{"type":"LineString","coordinates":[[-110.94994,32.17058],[-110.94964,32.17007]]}},{"type":"Feature","properties":{"name":"West 36th Street","highway":"residential","osm":"way/16938090"},"geometry":{"type":"LineString","coordinates":[[-110.97146,32.19242],[-110.9753,32.19239]]}},{"type":"Feature","properties":{"name":"West 36th Street","highway":"residential","osm":"way/16938094"},"geometry":{"type":"LineString","coordinates":[[-110.96839,32.19244],[-110.96942,32.19242]]}},{"type":"Feature","properties":{"name":"East Evans Boulevard","highway":"unclassified","osm":"way/16938118"},"geometry":{"type":"LineString","coordinates":[[-110.9596,32.18329],[-110.9566,32.18037]]}},{"type":"Feature","properties":{"name":"East Evans Boulevard","highway":"unclassified","osm":"way/16938120"},"geometry":{"type":"LineString","coordinates":[[-110.95624,32.17973],[-110.95581,32.17959],[-110.9543,32.17788]]}},{"type":"Feature","properties":{"name":"South Linda Avenue","highway":"residential","osm":"way/16938177"},"geometry":{"type":"LineString","coordinates":[[-110.98394,32.21957],[-110.9838,32.21776]]}},{"type":"Feature","properties":{"name":"North Wilson Avenue","highway":"residential","osm":"way/16938225"},"geometry":{"type":"LineString","coordinates":[[-110.93809,32.22838],[-110.93809,32.22739]]}},{"type":"Feature","properties":{"name":"East Hawthorne Street","highway":"residential","osm":"way/16938358"},"geometry":{"type":"LineString","coordinates":[[-110.93531,32.23287],[-110.94389,32.23282]]}},{"type":"Feature","properties":{"name":"East Hawthorne Street","highway":"unclassified","osm":"way/16938363"},"geometry":{"type":"LineString","coordinates":[[-110.94674,32.2328],[-110.94813,32.2328]]}},{"type":"Feature","properties":{"name":"West Sandy Street","highway":"residential","osm":"way/16938388"},"geometry":{"type":"LineString","coordinates":[[-110.98073,32.16934],[-110.98287,32.16934]]}},{"type":"Feature","properties":{"name":"East 46th Street","highway":"unclassified","osm":"way/16938525"},"geometry":{"type":"LineString","coordinates":[[-110.95928,32.18105],[-110.95702,32.18255]]}},{"type":"Feature","properties":{"name":"East Miles Street","highway":"residential","osm":"way/16938614"},"geometry":{"type":"LineString","coordinates":[[-110.95099,32.21951],[-110.94807,32.21952]]}},{"type":"Feature","properties":{"name":"East Miles Street","highway":"residential","osm":"way/16938616"},"geometry":{"type":"LineString","coordinates":[[-110.95634,32.21949],[-110.95479,32.21949]]}},{"type":"Feature","properties":{"name":"West 27th Street","highway":"residential","osm":"way/16938766"},"geometry":{"type":"LineString","coordinates":[[-110.96846,32.20163],[-110.97748,32.20157]]}},{"type":"Feature","properties":{"name":"South Elias Avenue","highway":"residential","osm":"way/16938863"},"geometry":{"type":"LineString","coordinates":[[-110.97581,32.21552],[-110.97613,32.21406]]}},{"type":"Feature","properties":{"name":"South Bronson Lane","highway":"residential","osm":"way/16938953"},"geometry":{"type":"LineString","coordinates":[[-110.97694,32.18144],[-110.97693,32.18009]]}},{"type":"Feature","properties":{"name":"West 18th Street","highway":"tertiary","osm":"way/16938979"},"geometry":{"type":"LineString","coordinates":[[-110.9688,32.21204],[-110.97085,32.21203]]}},{"type":"Feature","properties":{"name":"West 18th Street","highway":"residential","osm":"way/16938980"},"geometry":{"type":"LineString","coordinates":[[-110.98008,32.21197],[-110.98241,32.21196]]}},{"type":"Feature","properties":{"name":"South Olsen Avenue","highway":"residential","osm":"way/16938987"},"geometry":{"type":"LineString","coordinates":[[-110.94086,32.2014],[-110.94121,32.20071],[-110.9412,32.19752]]}},{"type":"Feature","properties":{"name":"South Santa Rita Avenue","highway":"residential","osm":"way/16938989"},"geometry":{"type":"LineString","coordinates":[[-110.95324,32.22139],[-110.95319,32.21862]]}},{"type":"Feature","properties":{"name":"South Santa Rita Avenue","highway":"residential","osm":"way/16938991"},"geometry":{"type":"LineString","coordinates":[[-110.95288,32.21781],[-110.95278,32.21467]]}},{"type":"Feature","properties":{"name":"South Santa Rita Avenue","highway":"residential","osm":"way/16938992"},"geometry":{"type":"LineString","coordinates":[[-110.95317,32.21213],[-110.95311,32.20822]]}},{"type":"Feature","properties":{"name":"South Santa Rita Avenue","highway":"residential","osm":"way/16938993"},"geometry":{"type":"LineString","coordinates":[[-110.95309,32.20324],[-110.95306,32.20171]]}},{"type":"Feature","properties":{"name":"South Santa Rita Avenue","highway":"residential","osm":"way/16938994"},"geometry":{"type":"LineString","coordinates":[[-110.95306,32.19965],[-110.95303,32.19759]]}},{"type":"Feature","properties":{"name":"South Santa Rita Avenue","highway":"residential","osm":"way/16938996"},"geometry":{"type":"LineString","coordinates":[[-110.95302,32.19295],[-110.95302,32.19239]]}},{"type":"Feature","properties":{"name":"South Santa Rita Avenue","highway":"unclassified","osm":"way/16938997"},"geometry":{"type":"LineString","coordinates":[[-110.95299,32.17403],[-110.95297,32.17179]]}},{"type":"Feature","properties":{"name":"South Cherrybell Stravenue","highway":"tertiary","osm":"way/16939085"},"geometry":{"type":"LineString","coordinates":[[-110.94744,32.20481],[-110.9439,32.20116]]}},{"type":"Feature","properties":{"name":"North Anita Avenue","highway":"unclassified","osm":"way/16939088"},"geometry":{"type":"LineString","coordinates":[[-110.9825,32.23596],[-110.9838,32.23826]]}},{"type":"Feature","properties":{"name":"North Anita Avenue","highway":"residential","osm":"way/16939090"},"geometry":{"type":"LineString","coordinates":[[-110.97985,32.23133],[-110.98232,32.23567]]}},{"type":"Feature","properties":{"name":"South 6th Avenue","highway":"secondary","osm":"way/16939108"},"geometry":{"type":"LineString","coordinates":[[-110.96861,32.22121],[-110.96863,32.22202]]}},{"type":"Feature","properties":{"name":"East 37th Street","highway":"residential","osm":"way/16939271"},"geometry":{"type":"LineString","coordinates":[[-110.96045,32.19138],[-110.95642,32.19139]]}},{"type":"Feature","properties":{"name":"East 37th Street","highway":"residential","osm":"way/16939273"},"geometry":{"type":"LineString","coordinates":[[-110.96683,32.19142],[-110.96531,32.19141]]}},{"type":"Feature","properties":{"name":"North Calle Central","highway":"residential","osm":"way/16939311"},"geometry":{"type":"LineString","coordinates":[[-110.98426,32.24357],[-110.98441,32.2485]]}},{"type":"Feature","properties":{"name":"East 28th Street","highway":"residential","osm":"way/16939397"},"geometry":{"type":"LineString","coordinates":[[-110.96386,32.20061],[-110.96096,32.20062]]}},{"type":"Feature","properties":{"name":"East 28th Street","highway":"residential","osm":"way/16939400"},"geometry":{"type":"LineString","coordinates":[[-110.94852,32.20068],[-110.94643,32.20066]]}},{"type":"Feature","properties":{"name":"East 28th Street","highway":"residential","osm":"way/16939410"},"geometry":{"type":"LineString","coordinates":[[-110.95616,32.20065],[-110.951,32.20069]]}},{"type":"Feature","properties":{"name":"Barraza Aviation Highway","highway":"primary","osm":"way/16939548"},"geometry":{"type":"LineString","coordinates":[[-110.94247,32.20754],[-110.94417,32.20854]]}},{"type":"Feature","properties":{"name":"East 12th Street","highway":"unclassified","osm":"way/16939554"},"geometry":{"type":"LineString","coordinates":[[-110.9424,32.22007],[-110.93949,32.22008]]}},{"type":"Feature","properties":{"name":"East 12th Street","highway":"residential","osm":"way/16939557"},"geometry":{"type":"LineString","coordinates":[[-110.9547,32.22051],[-110.951,32.22042]]}},{"type":"Feature","properties":{"name":"East 12th Street","highway":"residential","osm":"way/16939558"},"geometry":{"type":"LineString","coordinates":[[-110.94565,32.22047],[-110.94407,32.22048]]}},{"type":"Feature","properties":{"name":"East 12th Street","highway":"residential","osm":"way/16939559"},"geometry":{"type":"LineString","coordinates":[[-110.96308,32.22003],[-110.96477,32.2199]]}},{"type":"Feature","properties":{"name":"East 12th Street","highway":"unclassified","osm":"way/16939565"},"geometry":{"type":"LineString","coordinates":[[-110.95946,32.21992],[-110.95634,32.21993]]}},{"type":"Feature","properties":{"name":"East 12th Street","highway":"residential","osm":"way/16939568"},"geometry":{"type":"LineString","coordinates":[[-110.95633,32.2204],[-110.95558,32.22041]]}},{"type":"Feature","properties":{"name":"West Calle Juliet","highway":"residential","osm":"way/16939643"},"geometry":{"type":"LineString","coordinates":[[-110.97758,32.18021],[-110.97859,32.18025]]}},{"type":"Feature","properties":{"name":"North Tyndall Avenue","highway":"residential","osm":"way/16939654"},"geometry":{"type":"LineString","coordinates":[[-110.95791,32.22915],[-110.95792,32.23103]]}},{"type":"Feature","properties":{"name":null,"highway":"motorway_link","osm":"way/16939713"},"geometry":{"type":"LineString","coordinates":[[-110.97304,32.1886],[-110.97066,32.18699]]}},{"type":"Feature","properties":{"name":"East Benson Highway","highway":"secondary","osm":"way/16939717"},"geometry":{"type":"LineString","coordinates":[[-110.96112,32.18491],[-110.96092,32.18486]]}},{"type":"Feature","properties":{"name":"North Echols Avenue","highway":"residential","osm":"way/16939727"},"geometry":{"type":"LineString","coordinates":[[-110.97099,32.22843],[-110.97102,32.23424]]}},{"type":"Feature","properties":{"name":"North Bailey Lane","highway":"residential","osm":"way/16939736"},"geometry":{"type":"LineString","coordinates":[[-110.98,32.23848],[-110.97998,32.2364]]}},{"type":"Feature","properties":{"name":"South Freeway Road","highway":"primary","osm":"way/16939761"},"geometry":{"type":"LineString","coordinates":[[-110.98058,32.22088],[-110.98056,32.22073]]}},{"type":"Feature","properties":{"name":"North 3rd Avenue","highway":"residential","osm":"way/29363439"},"geometry":{"type":"LineString","coordinates":[[-110.96415,32.24258],[-110.96418,32.24466]]}},{"type":"Feature","properties":{"name":"North 3rd Avenue","highway":"residential","osm":"way/29363458"},"geometry":{"type":"LineString","coordinates":[[-110.96413,32.23594],[-110.96415,32.24258]]}},{"type":"Feature","properties":{"name":null,"highway":"motorway_link","osm":"way/30685086"},"geometry":{"type":"LineString","coordinates":[[-110.95608,32.18228],[-110.95593,32.18289],[-110.95554,32.18291]]}},{"type":"Feature","properties":{"name":null,"highway":"motorway_link","osm":"way/30685179"},"geometry":{"type":"LineString","coordinates":[[-110.95608,32.1834],[-110.95564,32.18474],[-110.95509,32.18492],[-110.9545,32.18471],[-110.95428,32.18418],[-110.95457,32.18369],[-110.95511,32.18353],[-110.95582,32.18371]]}},{"type":"Feature","properties":{"name":"West 40th Street","highway":"residential","osm":"way/30685298"},"geometry":{"type":"LineString","coordinates":[[-110.97347,32.18855],[-110.97442,32.18854]]}},{"type":"Feature","properties":{"name":null,"highway":"secondary_link","osm":"way/30685397"},"geometry":{"type":"LineString","coordinates":[[-110.96454,32.18585],[-110.96207,32.18475],[-110.96162,32.18486],[-110.96175,32.1861],[-110.96416,32.18634]]}},{"type":"Feature","properties":{"name":null,"highway":"motorway_link","osm":"way/30685452"},"geometry":{"type":"LineString","coordinates":[[-110.9794,32.20044],[-110.97943,32.19972]]}},{"type":"Feature","properties":{"name":null,"highway":"motorway_link","osm":"way/30685702"},"geometry":{"type":"LineString","coordinates":[[-110.97969,32.19893],[-110.97958,32.19378]]}},{"type":"Feature","properties":{"name":null,"highway":"motorway_link","osm":"way/30685822"},"geometry":{"type":"LineString","coordinates":[[-110.97933,32.19298],[-110.978,32.19436]]}},{"type":"Feature","properties":{"name":null,"highway":"motorway_link","osm":"way/30686050"},"geometry":{"type":"LineString","coordinates":[[-110.97877,32.1993],[-110.97889,32.19971]]}},{"type":"Feature","properties":{"name":"South Freeway","highway":"motorway","osm":"way/30686074"},"geometry":{"type":"LineString","coordinates":[[-110.97596,32.19248],[-110.97794,32.19612],[-110.97897,32.1993]]}},{"type":"Feature","properties":{"name":"South Freeway Road","highway":"secondary","osm":"way/30686087"},"geometry":{"type":"LineString","coordinates":[[-110.97793,32.19819],[-110.97853,32.19958]]}},{"type":"Feature","properties":{"name":null,"highway":"motorway_link","osm":"way/30686141"},"geometry":{"type":"LineString","coordinates":[[-110.97596,32.19248],[-110.97716,32.19492],[-110.97793,32.19819]]}},{"type":"Feature","properties":{"name":"South Freeway","highway":"motorway","osm":"way/30686445"},"geometry":{"type":"LineString","coordinates":[[-110.97968,32.20702],[-110.97967,32.20648]]}},{"type":"Feature","properties":{"name":"South Freeway","highway":"motorway","osm":"way/30686446"},"geometry":{"type":"LineString","coordinates":[[-110.97967,32.20648],[-110.9794,32.20044]]}},{"type":"Feature","properties":{"name":"South Freeway","highway":"motorway","osm":"way/30686447"},"geometry":{"type":"LineString","coordinates":[[-110.97943,32.20649],[-110.97944,32.20702]]}},{"type":"Feature","properties":{"name":"South Freeway","highway":"motorway","osm":"way/30686448"},"geometry":{"type":"LineString","coordinates":[[-110.97949,32.21349],[-110.97953,32.21687]]}},{"type":"Feature","properties":{"name":null,"highway":"motorway_link","osm":"way/30686669"},"geometry":{"type":"LineString","coordinates":[[-110.98248,32.23005],[-110.9833,32.23474]]}},{"type":"Feature","properties":{"name":null,"highway":"motorway_link","osm":"way/30686704"},"geometry":{"type":"LineString","coordinates":[[-110.98185,32.22748],[-110.98067,32.22131]]}},{"type":"Feature","properties":{"name":null,"highway":"motorway_link","osm":"way/30686710"},"geometry":{"type":"LineString","coordinates":[[-110.98042,32.22404],[-110.98161,32.22752]]}},{"type":"Feature","properties":{"name":"East Benson Highway","highway":"secondary","osm":"way/30778574"},"geometry":{"type":"LineString","coordinates":[[-110.96171,32.18506],[-110.96112,32.18491]]}},{"type":"Feature","properties":{"name":"Tucson–Benson Highway","highway":"motorway","osm":"way/30778577"},"geometry":{"type":"LineString","coordinates":[[-110.96117,32.1852],[-110.96023,32.18496]]}},{"type":"Feature","properties":{"name":"Tucson–Benson Highway","highway":"motorway","osm":"way/30778578"},"geometry":{"type":"LineString","coordinates":[[-110.96175,32.18552],[-110.96528,32.18644]]}},{"type":"Feature","properties":{"name":"Tucson–Benson Highway","highway":"motorway","osm":"way/30778579"},"geometry":{"type":"LineString","coordinates":[[-110.96116,32.18538],[-110.96175,32.18552]]}},{"type":"Feature","properties":{"name":null,"highway":"motorway_link","osm":"way/30778581"},"geometry":{"type":"LineString","coordinates":[[-110.9612,32.1856],[-110.96172,32.18578]]}},{"type":"Feature","properties":{"name":"East Benson Highway","highway":"secondary","osm":"way/30778582"},"geometry":{"type":"LineString","coordinates":[[-110.96172,32.18583],[-110.96599,32.18681],[-110.96669,32.18716]]}},{"type":"Feature","properties":{"name":"East Benson Highway","highway":"secondary","osm":"way/30778583"},"geometry":{"type":"LineString","coordinates":[[-110.95612,32.18506],[-110.95635,32.18506]]}},{"type":"Feature","properties":{"name":"Tucson–Benson Highway","highway":"motorway","osm":"way/30778586"},"geometry":{"type":"LineString","coordinates":[[-110.95586,32.18341],[-110.95218,32.18144]]}},{"type":"Feature","properties":{"name":"Tucson–Benson Highway","highway":"motorway","osm":"way/30778587"},"geometry":{"type":"LineString","coordinates":[[-110.95657,32.18372],[-110.95586,32.18341]]}},{"type":"Feature","properties":{"name":"Tucson–Benson Highway","highway":"motorway","osm":"way/30778590"},"geometry":{"type":"LineString","coordinates":[[-110.95657,32.18396],[-110.95866,32.1847]]}},{"type":"Feature","properties":{"name":"Tucson–Benson Highway","highway":"motorway","osm":"way/30778591"},"geometry":{"type":"LineString","coordinates":[[-110.95586,32.18366],[-110.95657,32.18396]]}},{"type":"Feature","properties":{"name":null,"highway":"motorway_link","osm":"way/30789749"},"geometry":{"type":"LineString","coordinates":[[-110.98144,32.19419],[-110.98222,32.18944]]}},{"type":"Feature","properties":{"name":null,"highway":"motorway_link","osm":"way/30789760"},"geometry":{"type":"LineString","coordinates":[[-110.97357,32.18922],[-110.97423,32.18995]]}},{"type":"Feature","properties":{"name":null,"highway":"motorway_link","osm":"way/30789831"},"geometry":{"type":"LineString","coordinates":[[-110.97904,32.19693],[-110.97597,32.19213]]}},{"type":"Feature","properties":{"name":"South 12th Avenue","highway":"secondary","osm":"way/30789863"},"geometry":{"type":"LineString","coordinates":[[-110.97757,32.19223],[-110.97755,32.18938]]}},{"type":"Feature","properties":{"name":"South 12th Avenue","highway":"secondary","osm":"way/30789902"},"geometry":{"type":"LineString","coordinates":[[-110.97734,32.1936],[-110.97698,32.19517]]}},{"type":"Feature","properties":{"name":null,"highway":"motorway_link","osm":"way/30789932"},"geometry":{"type":"LineString","coordinates":[[-110.978,32.19436],[-110.97748,32.19495],[-110.97718,32.19604]]}},{"type":"Feature","properties":{"name":null,"highway":"motorway_link","osm":"way/30789936"},"geometry":{"type":"LineString","coordinates":[[-110.97718,32.19604],[-110.97732,32.19686]]}},{"type":"Feature","properties":{"name":null,"highway":"motorway_link","osm":"way/30790000"},"geometry":{"type":"LineString","coordinates":[[-110.97817,32.19739],[-110.97877,32.1993]]}},{"type":"Feature","properties":{"name":"South Freeway","highway":"motorway","osm":"way/30790051"},"geometry":{"type":"LineString","coordinates":[[-110.97931,32.20136],[-110.97943,32.20649]]}},{"type":"Feature","properties":{"name":"South Freeway","highway":"motorway","osm":"way/30790069"},"geometry":{"type":"LineString","coordinates":[[-110.97897,32.1993],[-110.97906,32.19974]]}},{"type":"Feature","properties":{"name":null,"highway":"motorway_link","osm":"way/30790089"},"geometry":{"type":"LineString","coordinates":[[-110.97943,32.19972],[-110.97939,32.1993]]}},{"type":"Feature","properties":{"name":null,"highway":"motorway_link","osm":"way/30790166"},"geometry":{"type":"LineString","coordinates":[[-110.9783,32.19479],[-110.978,32.19607],[-110.97817,32.19739]]}},{"type":"Feature","properties":{"name":"South Freeway","highway":"motorway","osm":"way/30847741"},"geometry":{"type":"LineString","coordinates":[[-110.9798,32.21749],[-110.97977,32.21686]]}},{"type":"Feature","properties":{"name":"South Freeway","highway":"motorway","osm":"way/30847743"},"geometry":{"type":"LineString","coordinates":[[-110.97955,32.2175],[-110.97992,32.22062]]}},{"type":"Feature","properties":{"name":"South Freeway","highway":"motorway","osm":"way/30847744"},"geometry":{"type":"LineString","coordinates":[[-110.97953,32.21687],[-110.97955,32.2175]]}},{"type":"Feature","properties":{"name":"South Freeway","highway":"motorway","osm":"way/30847752"},"geometry":{"type":"LineString","coordinates":[[-110.97977,32.21686],[-110.97974,32.21409]]}},{"type":"Feature","properties":{"name":"South Freeway","highway":"motorway","osm":"way/30847922"},"geometry":{"type":"LineString","coordinates":[[-110.98016,32.22059],[-110.9798,32.21749]]}},{"type":"Feature","properties":{"name":"South Freeway","highway":"motorway","osm":"way/30847925"},"geometry":{"type":"LineString","coordinates":[[-110.98026,32.22114],[-110.98016,32.22059]]}},{"type":"Feature","properties":{"name":"South Freeway","highway":"motorway","osm":"way/30847930"},"geometry":{"type":"LineString","coordinates":[[-110.97992,32.22062],[-110.98002,32.22117]]}},{"type":"Feature","properties":{"name":"North Freeway","highway":"motorway","osm":"way/30847931"},"geometry":{"type":"LineString","coordinates":[[-110.98002,32.22117],[-110.98161,32.22752]]}},{"type":"Feature","properties":{"name":"North Freeway","highway":"motorway","osm":"way/30848217"},"geometry":{"type":"LineString","coordinates":[[-110.98262,32.22968],[-110.98242,32.22912]]}},{"type":"Feature","properties":{"name":"North Freeway","highway":"motorway","osm":"way/30848221"},"geometry":{"type":"LineString","coordinates":[[-110.98185,32.22748],[-110.98026,32.22114]]}},{"type":"Feature","properties":{"name":"North Freeway","highway":"motorway","osm":"way/30848224"},"geometry":{"type":"LineString","coordinates":[[-110.98216,32.2291],[-110.98235,32.22966]]}},{"type":"Feature","properties":{"name":"North Freeway","highway":"motorway","osm":"way/30848226"},"geometry":{"type":"LineString","coordinates":[[-110.98248,32.23005],[-110.98382,32.23547]]}},{"type":"Feature","properties":{"name":"North Freeway","highway":"motorway","osm":"way/30848627"},"geometry":{"type":"LineString","coordinates":[[-110.98396,32.23603],[-110.98477,32.23894],[-110.98618,32.24185]]}},{"type":"Feature","properties":{"name":"North Freeway","highway":"motorway","osm":"way/30848629"},"geometry":{"type":"LineString","coordinates":[[-110.98382,32.23547],[-110.98396,32.23603]]}},{"type":"Feature","properties":{"name":"North Freeway","highway":"motorway","osm":"way/30848635"},"geometry":{"type":"LineString","coordinates":[[-110.98405,32.23546],[-110.98262,32.22968]]}},{"type":"Feature","properties":{"name":"North Freeway","highway":"motorway","osm":"way/30851059"},"geometry":{"type":"LineString","coordinates":[[-110.98418,32.23602],[-110.98405,32.23546]]}},{"type":"Feature","properties":{"name":"South Kino Parkway","highway":"primary","osm":"way/31790679"},"geometry":{"type":"LineString","coordinates":[[-110.94391,32.17334],[-110.94414,32.17367]]}},{"type":"Feature","properties":{"name":"South Kino Parkway","highway":"primary","osm":"way/31790690"},"geometry":{"type":"LineString","coordinates":[[-110.94435,32.17714],[-110.94436,32.17819]]}},{"type":"Feature","properties":{"name":null,"highway":"motorway_link","osm":"way/31790697"},"geometry":{"type":"LineString","coordinates":[[-110.95135,32.18097],[-110.94817,32.17898],[-110.94724,32.17809]]}},{"type":"Feature","properties":{"name":null,"highway":"motorway_link","osm":"way/31790698"},"geometry":{"type":"LineString","coordinates":[[-110.94724,32.17809],[-110.94692,32.17763]]}},{"type":"Feature","properties":{"name":"Tucson–Benson Highway","highway":"motorway","osm":"way/31790705"},"geometry":{"type":"LineString","coordinates":[[-110.94609,32.17811],[-110.94537,32.1777]]}},{"type":"Feature","properties":{"name":"Tucson–Benson Highway","highway":"motorway","osm":"way/31790707"},"geometry":{"type":"LineString","coordinates":[[-110.94398,32.17693],[-110.94079,32.17513]]}},{"type":"Feature","properties":{"name":"Tucson–Benson Highway","highway":"motorway","osm":"way/31790709"},"geometry":{"type":"LineString","coordinates":[[-110.94581,32.17808],[-110.94663,32.17853]]}},{"type":"Feature","properties":{"name":"Tucson–Benson Highway","highway":"motorway","osm":"way/31790711"},"geometry":{"type":"LineString","coordinates":[[-110.94512,32.17769],[-110.94581,32.17808]]}},{"type":"Feature","properties":{"name":"East 4th Street","highway":"residential","osm":"way/31790876"},"geometry":{"type":"LineString","coordinates":[[-110.95791,32.23038],[-110.95677,32.23039]]}},{"type":"Feature","properties":{"name":"North Tyndall Avenue","highway":"unclassified","osm":"way/31790903"},"geometry":{"type":"LineString","coordinates":[[-110.95796,32.233],[-110.95798,32.23595]]}},{"type":"Feature","properties":{"name":"Championship Drive","highway":"unclassified","osm":"way/31791071"},"geometry":{"type":"LineString","coordinates":[[-110.947,32.22959],[-110.94714,32.22784]]}},{"type":"Feature","properties":{"name":"North Vine Avenue","highway":"residential","osm":"way/31791217"},"geometry":{"type":"LineString","coordinates":[[-110.94951,32.22779],[-110.94952,32.22733]]}},{"type":"Feature","properties":{"name":"South Campbell Avenue","highway":"tertiary","osm":"way/31791345"},"geometry":{"type":"LineString","coordinates":[[-110.94442,32.21765],[-110.94375,32.21742]]}},{"type":"Feature","properties":{"name":"East 21st Street","highway":"residential","osm":"way/31791403"},"geometry":{"type":"LineString","coordinates":[[-110.94895,32.20823],[-110.94798,32.20824]]}},{"type":"Feature","properties":{"name":"East 25th Street","highway":"unclassified","osm":"way/31791407"},"geometry":{"type":"LineString","coordinates":[[-110.94797,32.20329],[-110.94695,32.2033]]}},{"type":"Feature","properties":{"name":"East Aviation Parkway","highway":"primary","osm":"way/31791637"},"geometry":{"type":"LineString","coordinates":[[-110.96123,32.22041],[-110.96194,32.22075]]}},{"type":"Feature","properties":{"name":"South Toole Avenue","highway":"tertiary","osm":"way/31791664"},"geometry":{"type":"LineString","coordinates":[[-110.96367,32.22065],[-110.96318,32.22013]]}},{"type":"Feature","properties":{"name":"East Aviation Parkway","highway":"primary","osm":"way/31791703"},"geometry":{"type":"LineString","coordinates":[[-110.95706,32.21621],[-110.95637,32.21578]]}},{"type":"Feature","properties":{"name":"East Aviation Parkway","highway":"primary","osm":"way/31791706"},"geometry":{"type":"LineString","coordinates":[[-110.95655,32.21615],[-110.95736,32.21665]]}},{"type":"Feature","properties":{"name":"East Aviation Parkway","highway":"primary","osm":"way/31791707"},"geometry":{"type":"LineString","coordinates":[[-110.95736,32.21665],[-110.95874,32.21767],[-110.96029,32.21953]]}},{"type":"Feature","properties":{"name":"South Kino Parkway","highway":"primary","osm":"way/31791974"},"geometry":{"type":"LineString","coordinates":[[-110.94934,32.21016],[-110.94919,32.21058]]}},{"type":"Feature","properties":{"name":"South Kino Parkway","highway":"primary","osm":"way/31791977"},"geometry":{"type":"LineString","coordinates":[[-110.94436,32.17819],[-110.94453,32.17929]]}},{"type":"Feature","properties":{"name":null,"highway":"residential","osm":"way/31793477"},"geometry":{"type":"LineString","coordinates":[[-110.98193,32.23598],[-110.98298,32.23585]]}},{"type":"Feature","properties":{"name":"West Speedway Boulevard","highway":"residential","osm":"way/31793520"},"geometry":{"type":"LineString","coordinates":[[-110.98123,32.23572],[-110.97929,32.23571]]}},{"type":"Feature","properties":{"name":"West Speedway Boulevard","highway":"residential","osm":"way/31793521"},"geometry":{"type":"LineString","coordinates":[[-110.98124,32.23595],[-110.98123,32.23572]]}},{"type":"Feature","properties":{"name":"North 10th Avenue","highway":"unclassified","osm":"way/31793554"},"geometry":{"type":"LineString","coordinates":[[-110.97492,32.2372],[-110.9749,32.23946]]}},{"type":"Feature","properties":{"name":"North Highland Avenue","highway":"residential","osm":"way/31793668"},"geometry":{"type":"LineString","coordinates":[[-110.95128,32.24375],[-110.95134,32.25087]]}},{"type":"Feature","properties":{"name":null,"highway":"unclassified","osm":"way/31793703"},"geometry":{"type":"LineString","coordinates":[[-110.94405,32.23227],[-110.94486,32.23208]]}},{"type":"Feature","properties":{"name":"East University Boulevard","highway":"unclassified","osm":"way/31793710"},"geometry":{"type":"LineString","coordinates":[[-110.94405,32.23176],[-110.94486,32.23208]]}},{"type":"Feature","properties":{"name":"East Stevens Avenue","highway":"residential","osm":"way/31793751"},"geometry":{"type":"LineString","coordinates":[[-110.9648,32.2228],[-110.96546,32.2233]]}},{"type":"Feature","properties":{"name":"East Council Street","highway":"unclassified","osm":"way/31793789"},"geometry":{"type":"LineString","coordinates":[[-110.9702,32.22521],[-110.96974,32.22521]]}},{"type":"Feature","properties":{"name":null,"highway":"residential","osm":"way/31795565"},"geometry":{"type":"LineString","coordinates":[[-110.98182,32.1773],[-110.98124,32.1773]]}},{"type":"Feature","properties":{"name":"East 22nd Street","highway":"primary","osm":"way/31857107"},"geometry":{"type":"LineString","coordinates":[[-110.95313,32.2069],[-110.95138,32.20683]]}},{"type":"Feature","properties":{"name":"East 22nd Street","highway":"primary","osm":"way/31857547"},"geometry":{"type":"LineString","coordinates":[[-110.94801,32.20701],[-110.94912,32.20701]]}},{"type":"Feature","properties":{"name":"East 22nd Street","highway":"primary","osm":"way/31857575"},"geometry":{"type":"LineString","coordinates":[[-110.94043,32.20683],[-110.93798,32.20681]]}},{"type":"Feature","properties":{"name":"South Arizona Avenue","highway":"residential","osm":"way/32022631"},"geometry":{"type":"LineString","coordinates":[[-110.96786,32.22122],[-110.96785,32.21989]]}},{"type":"Feature","properties":{"name":"East Aviation Parkway","highway":"primary","osm":"way/32022686"},"geometry":{"type":"LineString","coordinates":[[-110.96191,32.22016],[-110.95907,32.21759],[-110.95706,32.21621]]}},{"type":"Feature","properties":{"name":"North 6th Avenue","highway":"secondary","osm":"way/32022816"},"geometry":{"type":"LineString","coordinates":[[-110.96866,32.22549],[-110.96867,32.2264]]}},{"type":"Feature","properties":{"name":"North 6th Avenue","highway":"secondary","osm":"way/32022817"},"geometry":{"type":"LineString","coordinates":[[-110.96866,32.22503],[-110.96866,32.22549]]}},{"type":"Feature","properties":{"name":"North Warren Avenue","highway":"unclassified","osm":"way/32083391"},"geometry":{"type":"LineString","coordinates":[[-110.94677,32.23613],[-110.94676,32.23735]]}},{"type":"Feature","properties":{"name":"North Norton Avenue","highway":"residential","osm":"way/32083528"},"geometry":{"type":"LineString","coordinates":[[-110.93668,32.23618],[-110.93673,32.24273]]}},{"type":"Feature","properties":{"name":"North Norris Avenue","highway":"residential","osm":"way/32083587"},"geometry":{"type":"LineString","coordinates":[[-110.94251,32.23618],[-110.94254,32.23965]]}},{"type":"Feature","properties":{"name":"North Tyndall Avenue","highway":"residential","osm":"way/32083656"},"geometry":{"type":"LineString","coordinates":[[-110.95798,32.2361],[-110.95806,32.24676]]}},{"type":"Feature","properties":{"name":null,"highway":"primary_link","osm":"way/32083746"},"geometry":{"type":"LineString","coordinates":[[-110.98461,32.2362],[-110.98491,32.23575]]}},{"type":"Feature","properties":{"name":"West Speedway Boulevard","highway":"primary","osm":"way/32109994"},"geometry":{"type":"LineString","coordinates":[[-110.97409,32.23602],[-110.97698,32.23593]]}},{"type":"Feature","properties":{"name":"West Speedway Boulevard","highway":"primary","osm":"way/32127517"},"geometry":{"type":"LineString","coordinates":[[-110.9835,32.23569],[-110.98317,32.23572]]}},{"type":"Feature","properties":{"name":"South Campbell Avenue","highway":"primary","osm":"way/32127724"},"geometry":{"type":"LineString","coordinates":[[-110.94344,32.16774],[-110.94335,32.16872]]}},{"type":"Feature","properties":{"name":"South Campbell Avenue","highway":"primary","osm":"way/32127852"},"geometry":{"type":"LineString","coordinates":[[-110.94352,32.16888],[-110.94344,32.16774]]}},{"type":"Feature","properties":{"name":"South Kino Parkway","highway":"primary","osm":"way/32127869"},"geometry":{"type":"LineString","coordinates":[[-110.94334,32.17074],[-110.94337,32.17184],[-110.9438,32.17308]]}},{"type":"Feature","properties":{"name":"South Campbell Avenue","highway":"primary","osm":"way/32127870"},"geometry":{"type":"LineString","coordinates":[[-110.94353,32.16991],[-110.94352,32.16907]]}},{"type":"Feature","properties":{"name":"South Kino Parkway","highway":"primary","osm":"way/32127905"},"geometry":{"type":"LineString","coordinates":[[-110.94418,32.17368],[-110.94397,32.17309]]}},{"type":"Feature","properties":{"name":"South Kino Parkway","highway":"primary","osm":"way/32127906"},"geometry":{"type":"LineString","coordinates":[[-110.94374,32.17243],[-110.94352,32.17074]]}},{"type":"Feature","properties":{"name":"South Kino Parkway","highway":"primary","osm":"way/32127999"},"geometry":{"type":"LineString","coordinates":[[-110.9438,32.17308],[-110.94391,32.17334]]}},{"type":"Feature","properties":{"name":"South Kino Parkway","highway":"primary","osm":"way/32128005"},"geometry":{"type":"LineString","coordinates":[[-110.94414,32.17367],[-110.94444,32.17496]]}},{"type":"Feature","properties":{"name":"South Kino Parkway","highway":"primary","osm":"way/32128043"},"geometry":{"type":"LineString","coordinates":[[-110.94458,32.17692],[-110.94457,32.17572]]}},{"type":"Feature","properties":{"name":"South Kino Parkway","highway":"primary","osm":"way/32128044"},"geometry":{"type":"LineString","coordinates":[[-110.94459,32.1782],[-110.94459,32.17783]]}},{"type":"Feature","properties":{"name":"East 27th Street","highway":"residential","osm":"way/32128162"},"geometry":{"type":"LineString","coordinates":[[-110.947,32.20199],[-110.94907,32.20198]]}},{"type":"Feature","properties":{"name":"South Kino Parkway","highway":"primary","osm":"way/32128237"},"geometry":{"type":"LineString","coordinates":[[-110.9484,32.21248],[-110.94843,32.21243]]}},{"type":"Feature","properties":{"name":"South Kino Parkway","highway":"primary","osm":"way/32128252"},"geometry":{"type":"LineString","coordinates":[[-110.94947,32.21024],[-110.94971,32.20744]]}},{"type":"Feature","properties":{"name":"South Kino Parkway","highway":"primary","osm":"way/32128314"},"geometry":{"type":"LineString","coordinates":[[-110.94442,32.21765],[-110.94527,32.21635]]}},{"type":"Feature","properties":{"name":"South Campbell Avenue","highway":"primary","osm":"way/32128376"},"geometry":{"type":"LineString","coordinates":[[-110.94408,32.2214],[-110.94408,32.21896],[-110.94442,32.21765]]}},{"type":"Feature","properties":{"name":"East Benson Highway","highway":"secondary","osm":"way/32134041"},"geometry":{"type":"LineString","coordinates":[[-110.95256,32.17791],[-110.94832,32.17367]]}},{"type":"Feature","properties":{"name":null,"highway":"motorway_link","osm":"way/32134876"},"geometry":{"type":"LineString","coordinates":[[-110.95209,32.1817],[-110.9531,32.18278],[-110.95396,32.18467],[-110.95475,32.18504],[-110.95612,32.18506]]}},{"type":"Feature","properties":{"name":null,"highway":"motorway_link","osm":"way/32134970"},"geometry":{"type":"LineString","coordinates":[[-110.96092,32.18486],[-110.95657,32.1837]]}},{"type":"Feature","properties":{"name":"South Park Avenue","highway":"secondary","osm":"way/32135019"},"geometry":{"type":"LineString","coordinates":[[-110.95631,32.17921],[-110.95624,32.17973]]}},{"type":"Feature","properties":{"name":"South Park Avenue","highway":"secondary","osm":"way/32135031"},"geometry":{"type":"LineString","coordinates":[[-110.9562,32.18718],[-110.95623,32.18931]]}},{"type":"Feature","properties":{"name":"South Park Avenue","highway":"secondary","osm":"way/32135049"},"geometry":{"type":"LineString","coordinates":[[-110.95642,32.19139],[-110.9564,32.18932]]}},{"type":"Feature","properties":{"name":"South Park Avenue","highway":"secondary","osm":"way/32135159"},"geometry":{"type":"LineString","coordinates":[[-110.95635,32.18506],[-110.95633,32.18278]]}},{"type":"Feature","properties":{"name":null,"highway":"secondary_link","osm":"way/32135405"},"geometry":{"type":"LineString","coordinates":[[-110.9561,32.18086],[-110.95594,32.18109],[-110.95568,32.18103]]}},{"type":"Feature","properties":{"name":"South Park Avenue","highway":"secondary","osm":"way/32135436"},"geometry":{"type":"LineString","coordinates":[[-110.95631,32.17921],[-110.95633,32.17853]]}},{"type":"Feature","properties":{"name":"South Park Avenue","highway":"secondary","osm":"way/32135471"},"geometry":{"type":"LineString","coordinates":[[-110.95627,32.1706],[-110.95619,32.1651]]}},{"type":"Feature","properties":{"name":"East Broadway Boulevard","highway":"primary","osm":"way/32135692"},"geometry":{"type":"LineString","coordinates":[[-110.95768,32.2215],[-110.95879,32.2215]]}},{"type":"Feature","properties":{"name":"West Congress Street","highway":"secondary","osm":"way/32135991"},"geometry":{"type":"LineString","coordinates":[[-110.9854,32.22034],[-110.98389,32.22047]]}},{"type":"Feature","properties":{"name":"West Congress Street","highway":"secondary","osm":"way/32136029"},"geometry":{"type":"LineString","coordinates":[[-110.98257,32.22059],[-110.98213,32.22058]]}},{"type":"Feature","properties":{"name":"West Congress Street","highway":"secondary","osm":"way/32136082"},"geometry":{"type":"LineString","coordinates":[[-110.9814,32.22075],[-110.98214,32.22068]]}},{"type":"Feature","properties":{"name":"West Congress Street","highway":"secondary","osm":"way/32136084"},"geometry":{"type":"LineString","coordinates":[[-110.98214,32.22068],[-110.98257,32.22059]]}},{"type":"Feature","properties":{"name":"West Congress Street","highway":"secondary","osm":"way/32136086"},"geometry":{"type":"LineString","coordinates":[[-110.98213,32.22058],[-110.98135,32.22065]]}},{"type":"Feature","properties":{"name":"West Congress Street","highway":"secondary","osm":"way/32136087"},"geometry":{"type":"LineString","coordinates":[[-110.98135,32.22065],[-110.98056,32.22073]]}},{"type":"Feature","properties":{"name":null,"highway":"primary_link","osm":"way/32136536"},"geometry":{"type":"LineString","coordinates":[[-110.97331,32.2213],[-110.97304,32.22147],[-110.97328,32.22164]]}},{"type":"Feature","properties":{"name":"North Oracle Road","highway":"secondary","osm":"way/32242502"},"geometry":{"type":"LineString","coordinates":[[-110.97779,32.23972],[-110.97792,32.24073]]}},{"type":"Feature","properties":{"name":"West Ajo Way","highway":"primary","osm":"way/32270323"},"geometry":{"type":"LineString","coordinates":[[-110.98547,32.17789],[-110.98573,32.17788]]}},{"type":"Feature","properties":{"name":null,"highway":"motorway_link","osm":"way/32338356"},"geometry":{"type":"LineString","coordinates":[[-110.9825,32.18876],[-110.98318,32.18732]]}},{"type":"Feature","properties":{"name":null,"highway":"motorway_link","osm":"way/32338357"},"geometry":{"type":"LineString","coordinates":[[-110.98222,32.18944],[-110.9825,32.18876]]}},{"type":"Feature","properties":{"name":"Nogales–Tucson Highway","highway":"motorway","osm":"way/32338358"},"geometry":{"type":"LineString","coordinates":[[-110.98185,32.18949],[-110.98231,32.18875]]}},{"type":"Feature","properties":{"name":"Nogales–Tucson Highway","highway":"motorway","osm":"way/32338359"},"geometry":{"type":"LineString","coordinates":[[-110.98318,32.18732],[-110.98497,32.1841]]}},{"type":"Feature","properties":{"name":"Nogales–Tucson Highway","highway":"motorway","osm":"way/32338360"},"geometry":{"type":"LineString","coordinates":[[-110.98183,32.18893],[-110.98153,32.18944]]}},{"type":"Feature","properties":{"name":"Nogales–Tucson Highway","highway":"motorway","osm":"way/32338362"},"geometry":{"type":"LineString","coordinates":[[-110.98074,32.19069],[-110.97933,32.19298]]}},{"type":"Feature","properties":{"name":"South 12th Avenue","highway":"secondary","osm":"way/32338372"},"geometry":{"type":"LineString","coordinates":[[-110.97751,32.18901],[-110.97751,32.18917]]}},{"type":"Feature","properties":{"name":"East Lowell Street","highway":"unclassified","osm":"way/32928978"},"geometry":{"type":"LineString","coordinates":[[-110.95671,32.22857],[-110.95287,32.22864]]}},{"type":"Feature","properties":{"name":"North Santa Rita Avenue","highway":"residential","osm":"way/32929082"},"geometry":{"type":"LineString","coordinates":[[-110.95324,32.22139],[-110.95328,32.22777]]}},{"type":"Feature","properties":{"name":null,"highway":"unclassified","osm":"way/32929372"},"geometry":{"type":"LineString","coordinates":[[-110.95266,32.22863],[-110.95287,32.22864],[-110.95266,32.22863]]}},{"type":"Feature","properties":{"name":"South Campus Drive","highway":"unclassified","osm":"way/32943859"},"geometry":{"type":"LineString","coordinates":[[-110.95405,32.23071],[-110.95594,32.23069],[-110.95677,32.23039]]}},{"type":"Feature","properties":{"name":"East University Boulevard","highway":"unclassified","osm":"way/32967578"},"geometry":{"type":"LineString","coordinates":[[-110.94815,32.23172],[-110.94476,32.23174]]}},{"type":"Feature","properties":{"name":"East Adams Street","highway":"unclassified","osm":"way/32978434"},"geometry":{"type":"LineString","coordinates":[[-110.94678,32.24084],[-110.94828,32.2407]]}},{"type":"Feature","properties":{"name":"East 2nd Street","highway":"tertiary","osm":"way/33869930"},"geometry":{"type":"LineString","coordinates":[[-110.95015,32.23382],[-110.9503,32.23384]]}},{"type":"Feature","properties":{"name":"East 2nd Street","highway":"tertiary","osm":"way/33869932"},"geometry":{"type":"LineString","coordinates":[[-110.94526,32.23383],[-110.94406,32.23384]]}},{"type":"Feature","properties":{"name":"East 3rd Street","highway":"residential","osm":"way/33870004"},"geometry":{"type":"LineString","coordinates":[[-110.94405,32.23176],[-110.94387,32.23176]]}},{"type":"Feature","properties":{"name":"East James E. Rogers Way","highway":"residential","osm":"way/33870037"},"geometry":{"type":"LineString","coordinates":[[-110.95242,32.23318],[-110.95392,32.23315]]}},{"type":"Feature","properties":{"name":"East University Boulevard","highway":"unclassified","osm":"way/34124648"},"geometry":{"type":"LineString","coordinates":[[-110.94897,32.23207],[-110.94814,32.23208]]}},{"type":"Feature","properties":{"name":"West Alameda Street","highway":"tertiary","osm":"way/34617172"},"geometry":{"type":"LineString","coordinates":[[-110.97527,32.223],[-110.97437,32.2233]]}},{"type":"Feature","properties":{"name":"West Alameda Street","highway":"tertiary","osm":"way/34617176"},"geometry":{"type":"LineString","coordinates":[[-110.97527,32.223],[-110.97656,32.22252]]}},{"type":"Feature","properties":{"name":"West Alameda Street","highway":"tertiary","osm":"way/34617245"},"geometry":{"type":"LineString","coordinates":[[-110.9729,32.22388],[-110.97456,32.22338]]}},{"type":"Feature","properties":{"name":"West Alameda Street","highway":"tertiary","osm":"way/34617303"},"geometry":{"type":"LineString","coordinates":[[-110.97164,32.22431],[-110.9729,32.22388]]}},{"type":"Feature","properties":{"name":"East Pennington Street","highway":"tertiary","osm":"way/34617543"},"geometry":{"type":"LineString","coordinates":[[-110.96864,32.22341],[-110.96833,32.22347]]}},{"type":"Feature","properties":{"name":"South El Paso Avenue","highway":"residential","osm":"way/34619355"},"geometry":{"type":"LineString","coordinates":[[-110.97557,32.21557],[-110.97573,32.21675]]}},{"type":"Feature","properties":{"name":"North Manning House Way","highway":"unclassified","osm":"way/34633058"},"geometry":{"type":"LineString","coordinates":[[-110.97951,32.22259],[-110.97847,32.22101]]}},{"type":"Feature","properties":{"name":"West Paseo Redondo","highway":"unclassified","osm":"way/34633166"},"geometry":{"type":"LineString","coordinates":[[-110.97809,32.22319],[-110.97804,32.22247]]}},{"type":"Feature","properties":{"name":"South Freeway Road","highway":"secondary","osm":"way/34635225"},"geometry":{"type":"LineString","coordinates":[[-110.979,32.20762],[-110.97903,32.21735],[-110.97944,32.21992]]}},{"type":"Feature","properties":{"name":"West Mesa Street","highway":"residential","osm":"way/34635291"},"geometry":{"type":"LineString","coordinates":[[-110.97846,32.21652],[-110.97884,32.21642]]}},{"type":"Feature","properties":{"name":"South Central Avenue","highway":"unclassified","osm":"way/34635475"},"geometry":{"type":"LineString","coordinates":[[-110.97872,32.21935],[-110.97849,32.21811]]}},{"type":"Feature","properties":{"name":"East 17th Street","highway":"residential","osm":"way/34637038"},"geometry":{"type":"LineString","coordinates":[[-110.95604,32.21341],[-110.95356,32.21342]]}},{"type":"Feature","properties":{"name":null,"highway":"unclassified","osm":"way/34637073"},"geometry":{"type":"LineString","coordinates":[[-110.95667,32.21341],[-110.95662,32.21469]]}},{"type":"Feature","properties":{"name":null,"highway":"unclassified","osm":"way/34637124"},"geometry":{"type":"LineString","coordinates":[[-110.95682,32.2121],[-110.95681,32.21341]]}},{"type":"Feature","properties":{"name":"North Stone Avenue","highway":"secondary","osm":"way/34685976"},"geometry":{"type":"LineString","coordinates":[[-110.97185,32.23993],[-110.97188,32.24306]]}},{"type":"Feature","properties":{"name":"North Stone Avenue","highway":"tertiary","osm":"way/34685977"},"geometry":{"type":"LineString","coordinates":[[-110.97179,32.22727],[-110.97178,32.22706]]}},{"type":"Feature","properties":{"name":"North Stone Avenue","highway":"tertiary","osm":"way/34689178"},"geometry":{"type":"LineString","coordinates":[[-110.97176,32.22629],[-110.97175,32.22573]]}},{"type":"Feature","properties":{"name":"West Pennington Street","highway":"unclassified","osm":"way/34689182"},"geometry":{"type":"LineString","coordinates":[[-110.97507,32.22152],[-110.97505,32.22216],[-110.97323,32.22247]]}},{"type":"Feature","properties":{"name":"North 4th Avenue","highway":"tertiary","osm":"way/34689576"},"geometry":{"type":"LineString","coordinates":[[-110.96564,32.22385],[-110.96573,32.22344]]}},{"type":"Feature","properties":{"name":"North 4th Avenue","highway":"tertiary","osm":"way/34689585"},"geometry":{"type":"LineString","coordinates":[[-110.96562,32.23002],[-110.96563,32.23165]]}},{"type":"Feature","properties":{"name":"East University Boulevard","highway":"tertiary","osm":"way/34689590"},"geometry":{"type":"LineString","coordinates":[[-110.96563,32.23165],[-110.96461,32.23166]]}},{"type":"Feature","properties":{"name":"East University Boulevard","highway":"tertiary","osm":"way/34689597"},"geometry":{"type":"LineString","coordinates":[[-110.95794,32.2317],[-110.95678,32.2317]]}},{"type":"Feature","properties":{"name":"South 6th Avenue","highway":"secondary","osm":"way/34689765"},"geometry":{"type":"LineString","coordinates":[[-110.96861,32.22121],[-110.96861,32.22038]]}},{"type":"Feature","properties":{"name":"South Stone Avenue","highway":"tertiary","osm":"way/34689770"},"geometry":{"type":"LineString","coordinates":[[-110.97114,32.22103],[-110.97104,32.22044]]}},{"type":"Feature","properties":{"name":"South 9th Avenue","highway":"residential","osm":"way/34693641"},"geometry":{"type":"LineString","coordinates":[[-110.97316,32.21325],[-110.97315,32.21071]]}},{"type":"Feature","properties":{"name":"South Convent Avenue","highway":"residential","osm":"way/35022359"},"geometry":{"type":"LineString","coordinates":[[-110.97187,32.21501],[-110.97172,32.21329]]}},{"type":"Feature","properties":{"name":"West 20th Street","highway":"residential","osm":"way/35022646"},"geometry":{"type":"LineString","coordinates":[[-110.97555,32.20945],[-110.97653,32.20945]]}},{"type":"Feature","properties":{"name":"South 11th Avenue","highway":"residential","osm":"way/35022738"},"geometry":{"type":"LineString","coordinates":[[-110.9762,32.20809],[-110.97623,32.20678],[-110.97749,32.2033]]}},{"type":"Feature","properties":{"name":"West Armijo Street","highway":"residential","osm":"way/35022762"},"geometry":{"type":"LineString","coordinates":[[-110.97474,32.21009],[-110.9763,32.21008]]}},{"type":"Feature","properties":{"name":"West La Paz Street","highway":"residential","osm":"way/35022774"},"geometry":{"type":"LineString","coordinates":[[-110.97473,32.20878],[-110.97552,32.20877]]}},{"type":"Feature","properties":{"name":"West 21st Street","highway":"residential","osm":"way/35022785"},"geometry":{"type":"LineString","coordinates":[[-110.97461,32.20808],[-110.97702,32.2081]]}},{"type":"Feature","properties":{"name":null,"highway":"motorway_link","osm":"way/37442065"},"geometry":{"type":"LineString","coordinates":[[-110.97607,32.19413],[-110.97692,32.19505],[-110.97873,32.1956],[-110.98034,32.19523],[-110.98144,32.19419]]}},{"type":"Feature","properties":{"name":"Nogales–Tucson Highway","highway":"motorway","osm":"way/37442418"},"geometry":{"type":"LineString","coordinates":[[-110.98594,32.15773],[-110.98548,32.16309],[-110.98544,32.16941]]}},{"type":"Feature","properties":{"name":"East Speedway Boulevard","highway":"primary","osm":"way/39369693"},"geometry":{"type":"LineString","coordinates":[[-110.96105,32.23596],[-110.9604,32.23595]]}},{"type":"Feature","properties":{"name":"East University Boulevard","highway":"residential","osm":"way/40342431"},"geometry":{"type":"LineString","coordinates":[[-110.95678,32.2317],[-110.95491,32.23186]]}},{"type":"Feature","properties":{"name":"North 4th Avenue","highway":"tertiary","osm":"way/40342816"},"geometry":{"type":"LineString","coordinates":[[-110.96558,32.22513],[-110.9656,32.22687]]}},{"type":"Feature","properties":{"name":"South 5th Avenue","highway":"tertiary","osm":"way/40761268"},"geometry":{"type":"LineString","coordinates":[[-110.96707,32.22123],[-110.96705,32.21988]]}},{"type":"Feature","properties":{"name":"East Broadway Boulevard","highway":"primary","osm":"way/40761269"},"geometry":{"type":"LineString","coordinates":[[-110.96707,32.22123],[-110.96629,32.22121]]}},{"type":"Feature","properties":{"name":"East Broadway Boulevard","highway":"primary","osm":"way/40761270"},"geometry":{"type":"LineString","coordinates":[[-110.96554,32.22121],[-110.96491,32.22111],[-110.96353,32.22031]]}},{"type":"Feature","properties":{"name":"South 4th Avenue","highway":"tertiary","osm":"way/40761271"},"geometry":{"type":"LineString","coordinates":[[-110.96554,32.21986],[-110.96553,32.21841]]}},{"type":"Feature","properties":{"name":"East Congress Street","highway":"primary","osm":"way/40761272"},"geometry":{"type":"LineString","coordinates":[[-110.96489,32.22122],[-110.96534,32.22153]]}},{"type":"Feature","properties":{"name":"North Oracle Road","highway":"secondary","osm":"way/45466082"},"geometry":{"type":"LineString","coordinates":[[-110.9781,32.24114],[-110.97809,32.24045]]}},{"type":"Feature","properties":{"name":"East Aviation Parkway","highway":"primary","osm":"way/45472759"},"geometry":{"type":"LineString","coordinates":[[-110.95637,32.21578],[-110.94837,32.21141],[-110.94366,32.20796]]}},{"type":"Feature","properties":{"name":"East University Boulevard","highway":"residential","osm":"way/50523395"},"geometry":{"type":"LineString","coordinates":[[-110.95491,32.23186],[-110.95454,32.23178]]}},{"type":"Feature","properties":{"name":"James E. Rogers Circle","highway":"tertiary","osm":"way/50618998"},"geometry":{"type":"LineString","coordinates":[[-110.95232,32.23325],[-110.95235,32.23311],[-110.95232,32.23325]]}},{"type":"Feature","properties":{"name":"West Saint Mary's Road","highway":"secondary","osm":"way/57251111"},"geometry":{"type":"LineString","coordinates":[[-110.98381,32.22945],[-110.98283,32.22933]]}},{"type":"Feature","properties":{"name":"West University Boulevard","highway":"residential","osm":"way/65696796"},"geometry":{"type":"LineString","coordinates":[[-110.97793,32.23159],[-110.97864,32.23159]]}},{"type":"Feature","properties":{"name":"North Cherry Avenue","highway":"unclassified","osm":"way/65699645"},"geometry":{"type":"LineString","coordinates":[[-110.9481,32.23487],[-110.94814,32.23208]]}},{"type":"Feature","properties":{"name":"East University Boulevard","highway":"unclassified","osm":"way/65699647"},"geometry":{"type":"LineString","coordinates":[[-110.94486,32.23208],[-110.94814,32.23208]]}},{"type":"Feature","properties":{"name":"North Park Avenue","highway":"residential","osm":"way/66210666"},"geometry":{"type":"LineString","coordinates":[[-110.95633,32.22146],[-110.95635,32.22222]]}},{"type":"Feature","properties":{"name":"North Cambell Avenue","highway":"residential","osm":"way/66210750"},"geometry":{"type":"LineString","coordinates":[[-110.94453,32.24374],[-110.94444,32.24506]]}},{"type":"Feature","properties":{"name":null,"highway":"primary_link","osm":"way/67461545"},"geometry":{"type":"LineString","coordinates":[[-110.97918,32.22106],[-110.9797,32.22124]]}},{"type":"Feature","properties":{"name":"South American Dream Place","highway":"residential","osm":"way/84072774"},"geometry":{"type":"LineString","coordinates":[[-110.95426,32.20371],[-110.95425,32.20428]]}},{"type":"Feature","properties":{"name":"South Freeway","highway":"motorway","osm":"way/89527377"},"geometry":{"type":"LineString","coordinates":[[-110.9794,32.20044],[-110.97927,32.19972]]}},{"type":"Feature","properties":{"name":"East 16th Street","highway":"unclassified","osm":"way/105391725"},"geometry":{"type":"LineString","coordinates":[[-110.9598,32.2147],[-110.95662,32.21469]]}},{"type":"Feature","properties":{"name":"East 16th Street","highway":"unclassified","osm":"way/105400661"},"geometry":{"type":"LineString","coordinates":[[-110.9561,32.21453],[-110.95539,32.21406]]}},{"type":"Feature","properties":{"name":"East 16th Street","highway":"unclassified","osm":"way/105400663"},"geometry":{"type":"LineString","coordinates":[[-110.95662,32.21469],[-110.95656,32.21468]]}},{"type":"Feature","properties":{"name":"South 6th Avenue","highway":"secondary","osm":"way/105437868"},"geometry":{"type":"LineString","coordinates":[[-110.96849,32.20685],[-110.96848,32.20286]]}},{"type":"Feature","properties":{"name":null,"highway":"primary_link","osm":"way/105500670"},"geometry":{"type":"LineString","coordinates":[[-110.94843,32.21243],[-110.94884,32.21231],[-110.94943,32.21248]]}},{"type":"Feature","properties":{"name":null,"highway":"primary_link","osm":"way/105500675"},"geometry":{"type":"LineString","coordinates":[[-110.94417,32.20854],[-110.94749,32.21127]]}},{"type":"Feature","properties":{"name":null,"highway":"primary_link","osm":"way/105500678"},"geometry":{"type":"LineString","coordinates":[[-110.94749,32.21127],[-110.94806,32.21165]]}},{"type":"Feature","properties":{"name":null,"highway":"primary_link","osm":"way/105500681"},"geometry":{"type":"LineString","coordinates":[[-110.94906,32.21092],[-110.94868,32.21114],[-110.94826,32.21101]]}},{"type":"Feature","properties":{"name":null,"highway":"primary_link","osm":"way/105500682"},"geometry":{"type":"LineString","coordinates":[[-110.95432,32.21453],[-110.95082,32.21246]]}},{"type":"Feature","properties":{"name":null,"highway":"primary_link","osm":"way/105500685"},"geometry":{"type":"LineString","coordinates":[[-110.96123,32.22041],[-110.96145,32.22078],[-110.96121,32.22116]]}},{"type":"Feature","properties":{"name":null,"highway":"primary_link","osm":"way/105500686"},"geometry":{"type":"LineString","coordinates":[[-110.94806,32.21165],[-110.94833,32.21228]]}},{"type":"Feature","properties":{"name":null,"highway":"primary_link","osm":"way/105500688"},"geometry":{"type":"LineString","coordinates":[[-110.94766,32.21061],[-110.94366,32.20796]]}},{"type":"Feature","properties":{"name":null,"highway":"primary_link","osm":"way/105500698"},"geometry":{"type":"LineString","coordinates":[[-110.94999,32.21274],[-110.95491,32.21512]]}},{"type":"Feature","properties":{"name":null,"highway":"primary_link","osm":"way/105500701"},"geometry":{"type":"LineString","coordinates":[[-110.95082,32.21246],[-110.94943,32.21176]]}},{"type":"Feature","properties":{"name":null,"highway":"primary_link","osm":"way/105500707"},"geometry":{"type":"LineString","coordinates":[[-110.94943,32.21176],[-110.94886,32.21173]]}},{"type":"Feature","properties":{"name":"South Santa Cruz Lane","highway":"unclassified","osm":"way/105806786"},"geometry":{"type":"LineString","coordinates":[[-110.98621,32.19954],[-110.98628,32.19844]]}},{"type":"Feature","properties":{"name":"North 10th Avenue","highway":"residential","osm":"way/105977536"},"geometry":{"type":"LineString","coordinates":[[-110.97501,32.24169],[-110.97501,32.25014]]}},{"type":"Feature","properties":{"name":"West Lee Street","highway":"residential","osm":"way/105977538"},"geometry":{"type":"LineString","coordinates":[[-110.97501,32.24169],[-110.9779,32.24162]]}},{"type":"Feature","properties":{"name":"East Benson Highway","highway":"secondary","osm":"way/109495444"},"geometry":{"type":"LineString","coordinates":[[-110.96092,32.18486],[-110.95902,32.18425],[-110.95744,32.18276]]}},{"type":"Feature","properties":{"name":null,"highway":"motorway_link","osm":"way/109495538"},"geometry":{"type":"LineString","coordinates":[[-110.96567,32.18637],[-110.9622,32.18519]]}},{"type":"Feature","properties":{"name":"South Fair Avenue","highway":"residential","osm":"way/109495823"},"geometry":{"type":"LineString","coordinates":[[-110.96165,32.17052],[-110.96167,32.16838]]}},{"type":"Feature","properties":{"name":"East Tucson Marketplace Boulevard","highway":"unclassified","osm":"way/114465248"},"geometry":{"type":"LineString","coordinates":[[-110.94772,32.18235],[-110.94842,32.18281]]}},{"type":"Feature","properties":{"name":"East Tucson Marketplace Boulevard","highway":"unclassified","osm":"way/114467157"},"geometry":{"type":"LineString","coordinates":[[-110.94734,32.18493],[-110.94841,32.18336]]}},{"type":"Feature","properties":{"name":null,"highway":"residential","osm":"way/114467520"},"geometry":{"type":"LineString","coordinates":[[-110.95208,32.19448],[-110.95205,32.19352]]}},{"type":"Feature","properties":{"name":"East Tucson Marketplace Boulevard","highway":"unclassified","osm":"way/114468576"},"geometry":{"type":"LineString","coordinates":[[-110.94455,32.1852],[-110.9465,32.18519],[-110.94723,32.18499]]}},{"type":"Feature","properties":{"name":"West Cushing Street","highway":"tertiary","osm":"way/116405375"},"geometry":{"type":"LineString","coordinates":[[-110.9848,32.21761],[-110.98601,32.21743],[-110.98676,32.21693],[-110.98752,32.2168]]}},{"type":"Feature","properties":{"name":"West Illinois Street","highway":"residential","osm":"way/117340053"},"geometry":{"type":"LineString","coordinates":[[-110.96923,32.16867],[-110.97642,32.16865]]}},{"type":"Feature","properties":{"name":"South Elizabeth Drive","highway":"residential","osm":"way/117340054"},"geometry":{"type":"LineString","coordinates":[[-110.98328,32.17748],[-110.98419,32.17654],[-110.98464,32.17568]]}},{"type":"Feature","properties":{"name":"South 9th Avenue","highway":"residential","osm":"way/117340055"},"geometry":{"type":"LineString","coordinates":[[-110.97164,32.16954],[-110.97159,32.16324]]}},{"type":"Feature","properties":{"name":"West President Street","highway":"residential","osm":"way/117340056"},"geometry":{"type":"LineString","coordinates":[[-110.98182,32.17671],[-110.98404,32.1767]]}},{"type":"Feature","properties":{"name":"South 16th Avenue","highway":"residential","osm":"way/117340057"},"geometry":{"type":"LineString","coordinates":[[-110.9819,32.18743],[-110.98193,32.18198]]}},{"type":"Feature","properties":{"name":"West Ohio Street","highway":"residential","osm":"way/117340058"},"geometry":{"type":"LineString","coordinates":[[-110.9682,32.16778],[-110.96914,32.16779]]}},{"type":"Feature","properties":{"name":"North Campbell Avenue","highway":"primary","osm":"way/117684029"},"geometry":{"type":"LineString","coordinates":[[-110.94384,32.22158],[-110.94386,32.23108]]}},{"type":"Feature","properties":{"name":"East Linden Street","highway":"residential","osm":"way/117694062"},"geometry":{"type":"LineString","coordinates":[[-110.95238,32.24473],[-110.94441,32.24479]]}},{"type":"Feature","properties":{"name":"East Elm Street","highway":"tertiary","osm":"way/117694434"},"geometry":{"type":"LineString","coordinates":[[-110.94111,32.2427],[-110.93928,32.24271]]}},{"type":"Feature","properties":{"name":"South Cherry Avenue","highway":"residential","osm":"way/117767655"},"geometry":{"type":"LineString","coordinates":[[-110.9477,32.16841],[-110.94764,32.16707],[-110.94672,32.16605]]}},{"type":"Feature","properties":{"name":"West Columbia Street","highway":"residential","osm":"way/117856281"},"geometry":{"type":"LineString","coordinates":[[-110.96824,32.17318],[-110.97158,32.17316]]}},{"type":"Feature","properties":{"name":"East President Street","highway":"residential","osm":"way/117856282"},"geometry":{"type":"LineString","coordinates":[[-110.96827,32.17689],[-110.9617,32.17691]]}},{"type":"Feature","properties":{"name":"East Michigan Drive","highway":"residential","osm":"way/117856284"},"geometry":{"type":"LineString","coordinates":[[-110.96822,32.17045],[-110.96165,32.17052]]}},{"type":"Feature","properties":{"name":"West District Street","highway":"residential","osm":"way/117856285"},"geometry":{"type":"LineString","coordinates":[[-110.96824,32.1741],[-110.96955,32.17409]]}},{"type":"Feature","properties":{"name":"East Palmdale Street","highway":"residential","osm":"way/117856286"},"geometry":{"type":"LineString","coordinates":[[-110.96826,32.17503],[-110.96169,32.17506]]}},{"type":"Feature","properties":{"name":"West President Street","highway":"residential","osm":"way/117856287"},"geometry":{"type":"LineString","coordinates":[[-110.97759,32.17686],[-110.97492,32.17687]]}},{"type":"Feature","properties":{"name":"West Michigan Drive","highway":"residential","osm":"way/118016286"},"geometry":{"type":"LineString","coordinates":[[-110.97756,32.1704],[-110.98181,32.17053]]}},{"type":"Feature","properties":{"name":"South 13th Avenue","highway":"residential","osm":"way/118016289"},"geometry":{"type":"LineString","coordinates":[[-110.97861,32.17054],[-110.97868,32.16417]]}},{"type":"Feature","properties":{"name":"West Lincoln Street","highway":"residential","osm":"way/118017400"},"geometry":{"type":"LineString","coordinates":[[-110.96826,32.17596],[-110.96956,32.17595]]}},{"type":"Feature","properties":{"name":"East Barraza Aviation Highway","highway":"primary","osm":"way/118034924"},"geometry":{"type":"LineString","coordinates":[[-110.93825,32.20489],[-110.94052,32.2063]]}},{"type":"Feature","properties":{"name":"East Barraza Aviation Highway","highway":"primary","osm":"way/118034930"},"geometry":{"type":"LineString","coordinates":[[-110.93942,32.20536],[-110.92876,32.19876]]}},{"type":"Feature","properties":{"name":"West Missouri Street","highway":"residential","osm":"way/118121818"},"geometry":{"type":"LineString","coordinates":[[-110.97866,32.16684],[-110.9807,32.16682]]}},{"type":"Feature","properties":{"name":"Tucson–Benson Highway","highway":"motorway","osm":"way/118807786"},"geometry":{"type":"LineString","coordinates":[[-110.94922,32.17988],[-110.94668,32.17846]]}},{"type":"Feature","properties":{"name":"Tucson–Benson Highway","highway":"motorway","osm":"way/118807814"},"geometry":{"type":"LineString","coordinates":[[-110.95209,32.1817],[-110.95586,32.18366]]}},{"type":"Feature","properties":{"name":"Nogales–Tucson Highway","highway":"motorway","osm":"way/119371447"},"geometry":{"type":"LineString","coordinates":[[-110.98497,32.1841],[-110.98569,32.18151],[-110.98577,32.17916]]}},{"type":"Feature","properties":{"name":null,"highway":"motorway_link","osm":"way/119371522"},"geometry":{"type":"LineString","coordinates":[[-110.97889,32.19971],[-110.97931,32.20136]]}},{"type":"Feature","properties":{"name":"Nogales–Tucson Highway","highway":"motorway","osm":"way/119371548"},"geometry":{"type":"LineString","coordinates":[[-110.98479,32.18361],[-110.98183,32.18893]]}},{"type":"Feature","properties":{"name":null,"highway":"motorway_link","osm":"way/119371566"},"geometry":{"type":"LineString","coordinates":[[-110.97933,32.19298],[-110.9783,32.19479]]}},{"type":"Feature","properties":{"name":"Nogales–Tucson Highway","highway":"motorway","osm":"way/119371580"},"geometry":{"type":"LineString","coordinates":[[-110.97958,32.19378],[-110.98015,32.19231],[-110.98185,32.18949]]}},{"type":"Feature","properties":{"name":"South Cherry Avenue","highway":"tertiary","osm":"way/143099282"},"geometry":{"type":"LineString","coordinates":[[-110.94803,32.21608],[-110.94804,32.21349]]}},{"type":"Feature","properties":{"name":"South Martin Luther King Jr. Way","highway":"unclassified","osm":"way/159109646"},"geometry":{"type":"LineString","coordinates":[[-110.94723,32.18499],[-110.94824,32.18643],[-110.94898,32.18866],[-110.95094,32.19087],[-110.95118,32.19239]]}},{"type":"Feature","properties":{"name":"South Tech Bridge Lane","highway":"unclassified","osm":"way/159109655"},"geometry":{"type":"LineString","coordinates":[[-110.94521,32.18715],[-110.94644,32.18987]]}},{"type":"Feature","properties":{"name":"East Innovate Lane","highway":"unclassified","osm":"way/159109656"},"geometry":{"type":"LineString","coordinates":[[-110.9491,32.1886],[-110.94603,32.19006]]}},{"type":"Feature","properties":{"name":null,"highway":"unclassified","osm":"way/159109658"},"geometry":{"type":"LineString","coordinates":[[-110.95059,32.18966],[-110.94898,32.19082]]}},{"type":"Feature","properties":{"name":"South Catalyst Drive","highway":"unclassified","osm":"way/159109660"},"geometry":{"type":"LineString","coordinates":[[-110.94674,32.18685],[-110.94745,32.18883],[-110.94898,32.19082]]}},{"type":"Feature","properties":{"name":"East Idea Lane","highway":"unclassified","osm":"way/159109664"},"geometry":{"type":"LineString","coordinates":[[-110.94564,32.18827],[-110.94858,32.18717]]}},{"type":"Feature","properties":{"name":"East Imagine Lane","highway":"unclassified","osm":"way/159109666"},"geometry":{"type":"LineString","coordinates":[[-110.9481,32.18587],[-110.94674,32.18685],[-110.94477,32.18725]]}},{"type":"Feature","properties":{"name":"East Sunland Vista","highway":"residential","osm":"way/159109668"},"geometry":{"type":"LineString","coordinates":[[-110.94157,32.19071],[-110.93917,32.19042],[-110.93722,32.18959],[-110.93685,32.1898]]}},{"type":"Feature","properties":{"name":"South 6th Avenue","highway":"primary","osm":"way/159113877"},"geometry":{"type":"LineString","coordinates":[[-110.96834,32.18423],[-110.96828,32.17784]]}},{"type":"Feature","properties":{"name":"South 6th Avenue","highway":"primary","osm":"way/159113878"},"geometry":{"type":"LineString","coordinates":[[-110.96833,32.18439],[-110.96834,32.18423]]}},{"type":"Feature","properties":{"name":null,"highway":"unclassified","osm":"way/159113890"},"geometry":{"type":"LineString","coordinates":[[-110.96794,32.18083],[-110.96784,32.1793],[-110.96743,32.17888],[-110.96697,32.17884]]}},{"type":"Feature","properties":{"name":null,"highway":"unclassified","osm":"way/159113891"},"geometry":{"type":"LineString","coordinates":[[-110.96616,32.18112],[-110.96614,32.18151],[-110.96547,32.18189],[-110.96524,32.1824]]}},{"type":"Feature","properties":{"name":null,"highway":"unclassified","osm":"way/159113895"},"geometry":{"type":"LineString","coordinates":[[-110.96544,32.18313],[-110.96544,32.18413]]}},{"type":"Feature","properties":{"name":null,"highway":"unclassified","osm":"way/159113925"},"geometry":{"type":"LineString","coordinates":[[-110.9683,32.18144],[-110.96683,32.18123]]}},{"type":"Feature","properties":{"name":null,"highway":"unclassified","osm":"way/159113927"},"geometry":{"type":"LineString","coordinates":[[-110.96375,32.18343],[-110.96309,32.18335],[-110.96277,32.18295],[-110.96267,32.18236],[-110.9631,32.18187]]}},{"type":"Feature","properties":{"name":null,"highway":"unclassified","osm":"way/159113928"},"geometry":{"type":"LineString","coordinates":[[-110.96798,32.18144],[-110.96794,32.18083]]}},{"type":"Feature","properties":{"name":null,"highway":"unclassified","osm":"way/159113931"},"geometry":{"type":"LineString","coordinates":[[-110.96614,32.18134],[-110.96683,32.18123],[-110.96616,32.18112]]}},{"type":"Feature","properties":{"name":"South 4th Avenue","highway":"tertiary","osm":"way/159811793"},"geometry":{"type":"LineString","coordinates":[[-110.96542,32.20683],[-110.9654,32.20319]]}},{"type":"Feature","properties":{"name":"South 5th Avenue","highway":"residential","osm":"way/159811797"},"geometry":{"type":"LineString","coordinates":[[-110.96697,32.20569],[-110.96682,32.18874]]}},{"type":"Feature","properties":{"name":"South 10th Avenue","highway":"tertiary","osm":"way/159811801"},"geometry":{"type":"LineString","coordinates":[[-110.97459,32.20003],[-110.97453,32.1914]]}},{"type":"Feature","properties":{"name":"South 6th Avenue","highway":"primary","osm":"way/159812666"},"geometry":{"type":"LineString","coordinates":[[-110.96834,32.18549],[-110.96833,32.18439]]}},{"type":"Feature","properties":{"name":"East 13th Street","highway":"residential","osm":"way/159812667"},"geometry":{"type":"LineString","coordinates":[[-110.96707,32.21859],[-110.96398,32.2186]]}},{"type":"Feature","properties":{"name":"South 8th Avenue","highway":"residential","osm":"way/159812669"},"geometry":{"type":"LineString","coordinates":[[-110.97162,32.21203],[-110.97147,32.19396]]}},{"type":"Feature","properties":{"name":"East 16th Street","highway":"residential","osm":"way/159812670"},"geometry":{"type":"LineString","coordinates":[[-110.96627,32.21467],[-110.96475,32.21467]]}},{"type":"Feature","properties":{"name":"East 14th Street","highway":"residential","osm":"way/159812671"},"geometry":{"type":"LineString","coordinates":[[-110.96858,32.21727],[-110.96628,32.21729]]}},{"type":"Feature","properties":{"name":"East Fairland Stravenue","highway":"residential","osm":"way/160221793"},"geometry":{"type":"LineString","coordinates":[[-110.94139,32.20147],[-110.93099,32.1951]]}},{"type":"Feature","properties":{"name":"West Silverlake Road","highway":"secondary","osm":"way/161839432"},"geometry":{"type":"LineString","coordinates":[[-110.98741,32.1996],[-110.98823,32.1996]]}},{"type":"Feature","properties":{"name":"West 29th Street","highway":"tertiary","osm":"way/161839433"},"geometry":{"type":"LineString","coordinates":[[-110.97741,32.1995],[-110.97791,32.19956]]}},{"type":"Feature","properties":{"name":"West Silverlake Road","highway":"secondary","osm":"way/161839434"},"geometry":{"type":"LineString","coordinates":[[-110.98823,32.1996],[-110.9899,32.19959]]}},{"type":"Feature","properties":{"name":"West Silverlake Road","highway":"secondary","osm":"way/161839468"},"geometry":{"type":"LineString","coordinates":[[-110.9882,32.19947],[-110.98736,32.19947]]}},{"type":"Feature","properties":{"name":"West MacArthur Street","highway":"residential","osm":"way/161845010"},"geometry":{"type":"LineString","coordinates":[[-110.97164,32.16954],[-110.97643,32.16951]]}},{"type":"Feature","properties":{"name":"East 2nd Street","highway":"residential","osm":"way/161997560"},"geometry":{"type":"LineString","coordinates":[[-110.94388,32.23385],[-110.93531,32.2339]]}},{"type":"Feature","properties":{"name":"East 7th Street","highway":"residential","osm":"way/161997563"},"geometry":{"type":"LineString","coordinates":[[-110.944,32.22653],[-110.94811,32.2265]]}},{"type":"Feature","properties":{"name":"North Plumer Avenue","highway":"residential","osm":"way/161997564"},"geometry":{"type":"LineString","coordinates":[[-110.9396,32.23616],[-110.93964,32.24019]]}},{"type":"Feature","properties":{"name":"East Miles Street","highway":"residential","osm":"way/161997681"},"geometry":{"type":"LineString","coordinates":[[-110.94473,32.21947],[-110.94387,32.21946]]}},{"type":"Feature","properties":{"name":"South Freeway","highway":"motorway","osm":"way/177396545"},"geometry":{"type":"LineString","coordinates":[[-110.97906,32.19974],[-110.97931,32.20136]]}},{"type":"Feature","properties":{"name":null,"highway":"motorway_link","osm":"way/177396547"},"geometry":{"type":"LineString","coordinates":[[-110.97939,32.1993],[-110.97928,32.19755]]}},{"type":"Feature","properties":{"name":"South 12th Avenue","highway":"secondary","osm":"way/177396551"},"geometry":{"type":"LineString","coordinates":[[-110.97757,32.19255],[-110.97734,32.1936]]}},{"type":"Feature","properties":{"name":"East Tucson Marketplace Boulevard","highway":"unclassified","osm":"way/178704982"},"geometry":{"type":"LineString","coordinates":[[-110.9496,32.18317],[-110.95014,32.18361],[-110.95114,32.18664],[-110.95278,32.18767],[-110.95324,32.18761],[-110.9539,32.18714]]}},{"type":"Feature","properties":{"name":"East Saint James Place","highway":"residential","osm":"way/178738564"},"geometry":{"type":"LineString","coordinates":[[-110.94612,32.19242],[-110.94617,32.19299],[-110.94697,32.19305]]}},{"type":"Feature","properties":{"name":"South Saint Stephen Drive","highway":"residential","osm":"way/178738565"},"geometry":{"type":"LineString","coordinates":[[-110.94836,32.19683],[-110.94779,32.19548]]}},{"type":"Feature","properties":{"name":"East Saint Bernadine Street","highway":"residential","osm":"way/178738566"},"geometry":{"type":"LineString","coordinates":[[-110.94779,32.19548],[-110.94623,32.19575]]}},{"type":"Feature","properties":{"name":"East Saint Apollinia Street","highway":"residential","osm":"way/178738567"},"geometry":{"type":"LineString","coordinates":[[-110.94836,32.19683],[-110.94682,32.19714]]}},{"type":"Feature","properties":{"name":"East Saint Isidore Street","highway":"residential","osm":"way/178738568"},"geometry":{"type":"LineString","coordinates":[[-110.94899,32.19594],[-110.94649,32.19646]]}},{"type":"Feature","properties":{"name":"South Saint Expeditus Drive","highway":"residential","osm":"way/178738569"},"geometry":{"type":"LineString","coordinates":[[-110.94673,32.19491],[-110.94685,32.19563]]}},{"type":"Feature","properties":{"name":"South Saint Suzanne Drive","highway":"residential","osm":"way/178738570"},"geometry":{"type":"LineString","coordinates":[[-110.94682,32.19714],[-110.94619,32.19563]]}},{"type":"Feature","properties":{"name":"South Saint David Drive","highway":"residential","osm":"way/178738610"},"geometry":{"type":"LineString","coordinates":[[-110.94756,32.19798],[-110.94764,32.19912]]}},{"type":"Feature","properties":{"name":"East Saint Thomas Street","highway":"residential","osm":"way/178738611"},"geometry":{"type":"LineString","coordinates":[[-110.94879,32.19911],[-110.94764,32.19912]]}},{"type":"Feature","properties":{"name":"South Saint Benedict Drive","highway":"residential","osm":"way/178738613"},"geometry":{"type":"LineString","coordinates":[[-110.94771,32.19698],[-110.94791,32.19787]]}},{"type":"Feature","properties":{"name":"South Saint Michael Drive","highway":"residential","osm":"way/178738614"},"geometry":{"type":"LineString","coordinates":[[-110.94879,32.19911],[-110.94878,32.19787]]}},{"type":"Feature","properties":{"name":"North 9th Avenue","highway":"residential","osm":"way/178740187"},"geometry":{"type":"LineString","coordinates":[[-110.97337,32.239],[-110.97349,32.25026]]}},{"type":"Feature","properties":{"name":"Tucson–Benson Highway","highway":"motorway","osm":"way/181550638"},"geometry":{"type":"LineString","coordinates":[[-110.97424,32.18961],[-110.97352,32.18895]]}},{"type":"Feature","properties":{"name":"Tucson–Benson Highway","highway":"motorway","osm":"way/181550642"},"geometry":{"type":"LineString","coordinates":[[-110.97479,32.19025],[-110.97424,32.18961]]}},{"type":"Feature","properties":{"name":"Tucson–Benson Highway","highway":"motorway","osm":"way/181550656"},"geometry":{"type":"LineString","coordinates":[[-110.97423,32.18986],[-110.97481,32.1906]]}},{"type":"Feature","properties":{"name":"South Freeway Road","highway":"secondary","osm":"way/181550681"},"geometry":{"type":"LineString","coordinates":[[-110.97969,32.19893],[-110.97949,32.19781],[-110.97904,32.19693]]}},{"type":"Feature","properties":{"name":"South Park Avenue","highway":"secondary","osm":"way/181550684"},"geometry":{"type":"LineString","coordinates":[[-110.95609,32.18161],[-110.95609,32.18169]]}},{"type":"Feature","properties":{"name":"East Benson Highway","highway":"secondary","osm":"way/181550717"},"geometry":{"type":"LineString","coordinates":[[-110.9622,32.18519],[-110.96171,32.18506]]}},{"type":"Feature","properties":{"name":null,"highway":"motorway_link","osm":"way/181550718"},"geometry":{"type":"LineString","coordinates":[[-110.97997,32.21672],[-110.97974,32.21409]]}},{"type":"Feature","properties":{"name":null,"highway":"motorway_link","osm":"way/181550722"},"geometry":{"type":"LineString","coordinates":[[-110.9748,32.19013],[-110.97424,32.18955]]}},{"type":"Feature","properties":{"name":null,"highway":"motorway_link","osm":"way/181550724"},"geometry":{"type":"LineString","coordinates":[[-110.98002,32.21749],[-110.97998,32.21686]]}},{"type":"Feature","properties":{"name":null,"highway":"motorway_link","osm":"way/181550732"},"geometry":{"type":"LineString","coordinates":[[-110.97926,32.21686],[-110.97927,32.2175]]}},{"type":"Feature","properties":{"name":null,"highway":"motorway_link","osm":"way/181550735"},"geometry":{"type":"LineString","coordinates":[[-110.97949,32.21349],[-110.97926,32.21686]]}},{"type":"Feature","properties":{"name":null,"highway":"motorway_link","osm":"way/181550737"},"geometry":{"type":"LineString","coordinates":[[-110.98374,32.233],[-110.98271,32.22997]]}},{"type":"Feature","properties":{"name":null,"highway":"motorway_link","osm":"way/181550738"},"geometry":{"type":"LineString","coordinates":[[-110.97927,32.2175],[-110.97944,32.21992]]}},{"type":"Feature","properties":{"name":null,"highway":"motorway_link","osm":"way/181550745"},"geometry":{"type":"LineString","coordinates":[[-110.98044,32.22],[-110.98002,32.21749]]}},{"type":"Feature","properties":{"name":null,"highway":"primary_link","osm":"way/181550749"},"geometry":{"type":"LineString","coordinates":[[-110.97954,32.22049],[-110.97925,32.2209]]}},{"type":"Feature","properties":{"name":null,"highway":"motorway_link","osm":"way/181550764"},"geometry":{"type":"LineString","coordinates":[[-110.96846,32.18767],[-110.97073,32.18787],[-110.97284,32.18869]]}},{"type":"Feature","properties":{"name":null,"highway":"motorway_link","osm":"way/181550765"},"geometry":{"type":"LineString","coordinates":[[-110.95635,32.18467],[-110.95608,32.18313]]}},{"type":"Feature","properties":{"name":"North 6th Avenue","highway":"tertiary","osm":"way/185915400"},"geometry":{"type":"LineString","coordinates":[[-110.96869,32.23034],[-110.96872,32.23343]]}},{"type":"Feature","properties":{"name":"West Plata Street","highway":"unclassified","osm":"way/188426009"},"geometry":{"type":"LineString","coordinates":[[-110.97812,32.24486],[-110.98222,32.2449]]}},{"type":"Feature","properties":{"name":"West Elm Street","highway":"unclassified","osm":"way/188426010"},"geometry":{"type":"LineString","coordinates":[[-110.97811,32.24269],[-110.97913,32.24269]]}},{"type":"Feature","properties":{"name":"North 1st Avenue","highway":"residential","osm":"way/188426012"},"geometry":{"type":"LineString","coordinates":[[-110.96102,32.22915],[-110.96105,32.23292]]}},{"type":"Feature","properties":{"name":"North 6th Avenue","highway":"tertiary","osm":"way/188426013"},"geometry":{"type":"LineString","coordinates":[[-110.96876,32.23952],[-110.96878,32.24361]]}},{"type":"Feature","properties":{"name":"North Alder Avenue","highway":"residential","osm":"way/188426014"},"geometry":{"type":"LineString","coordinates":[[-110.97719,32.23592],[-110.9772,32.23849]]}},{"type":"Feature","properties":{"name":"East 1st Street","highway":"residential","osm":"way/188426016"},"geometry":{"type":"LineString","coordinates":[[-110.94388,32.23488],[-110.93121,32.23496]]}},{"type":"Feature","properties":{"name":"East Helen Street","highway":"residential","osm":"way/188426017"},"geometry":{"type":"LineString","coordinates":[[-110.94252,32.23734],[-110.92679,32.23728]]}},{"type":"Feature","properties":{"name":"North 11th Avenue","highway":"residential","osm":"way/188426019"},"geometry":{"type":"LineString","coordinates":[[-110.97644,32.23955],[-110.97649,32.24486]]}},{"type":"Feature","properties":{"name":"North 13th Avenue","highway":"residential","osm":"way/188426213"},"geometry":{"type":"LineString","coordinates":[[-110.97932,32.2359],[-110.97932,32.23639]]}},{"type":"Feature","properties":{"name":"North Granada Avenue","highway":"secondary","osm":"way/188426452"},"geometry":{"type":"LineString","coordinates":[[-110.97595,32.22129],[-110.97602,32.22146]]}},{"type":"Feature","properties":{"name":"North Granada Avenue","highway":"secondary","osm":"way/188426453"},"geometry":{"type":"LineString","coordinates":[[-110.97656,32.22252],[-110.97618,32.22143]]}},{"type":"Feature","properties":{"name":"South Sentinel Avenue","highway":"residential","osm":"way/188426733"},"geometry":{"type":"LineString","coordinates":[[-110.97847,32.21716],[-110.97844,32.21489]]}},{"type":"Feature","properties":{"name":null,"highway":"primary_link","osm":"way/202624646"},"geometry":{"type":"LineString","coordinates":[[-110.94878,32.21175],[-110.94872,32.21178]]}},{"type":"Feature","properties":{"name":null,"highway":"primary_link","osm":"way/202624647"},"geometry":{"type":"LineString","coordinates":[[-110.94873,32.21196],[-110.94872,32.21178]]}},{"type":"Feature","properties":{"name":null,"highway":"primary_link","osm":"way/202624648"},"geometry":{"type":"LineString","coordinates":[[-110.94876,32.21156],[-110.94878,32.21171]]}},{"type":"Feature","properties":{"name":null,"highway":"primary_link","osm":"way/202624649"},"geometry":{"type":"LineString","coordinates":[[-110.94872,32.21174],[-110.94878,32.21171]]}},{"type":"Feature","properties":{"name":null,"highway":"primary_link","osm":"way/202624650"},"geometry":{"type":"LineString","coordinates":[[-110.94878,32.21171],[-110.94894,32.21159]]}},{"type":"Feature","properties":{"name":null,"highway":"primary_link","osm":"way/202624651"},"geometry":{"type":"LineString","coordinates":[[-110.94872,32.21178],[-110.94857,32.2119]]}},{"type":"Feature","properties":{"name":null,"highway":"primary_link","osm":"way/202624652"},"geometry":{"type":"LineString","coordinates":[[-110.94872,32.21174],[-110.94871,32.21165]]}},{"type":"Feature","properties":{"name":null,"highway":"primary_link","osm":"way/202624653"},"geometry":{"type":"LineString","coordinates":[[-110.94878,32.21175],[-110.94881,32.21183]]}},{"type":"Feature","properties":{"name":"South Freeway Road","highway":"primary","osm":"way/202624844"},"geometry":{"type":"LineString","coordinates":[[-110.97962,32.22085],[-110.97965,32.22101]]}},{"type":"Feature","properties":{"name":"West Congress Street","highway":"primary","osm":"way/202624845"},"geometry":{"type":"LineString","coordinates":[[-110.97665,32.22137],[-110.97918,32.22106]]}},{"type":"Feature","properties":{"name":"West Congress Street","highway":"primary","osm":"way/202624846"},"geometry":{"type":"LineString","coordinates":[[-110.97925,32.2209],[-110.97611,32.22127]]}},{"type":"Feature","properties":{"name":"East 15th Street","highway":"residential","osm":"way/203425686"},"geometry":{"type":"LineString","coordinates":[[-110.95162,32.21608],[-110.95223,32.21572],[-110.95519,32.21568]]}},{"type":"Feature","properties":{"name":"North Main Avenue","highway":"secondary","osm":"way/208873285"},"geometry":{"type":"LineString","coordinates":[[-110.978,32.23953],[-110.978,32.23951]]}},{"type":"Feature","properties":{"name":"North Main Avenue","highway":"secondary","osm":"way/208873286"},"geometry":{"type":"LineString","coordinates":[[-110.97799,32.23899],[-110.97786,32.23941]]}},{"type":"Feature","properties":{"name":"South Park Avenue","highway":"secondary","osm":"way/208927514"},"geometry":{"type":"LineString","coordinates":[[-110.95611,32.18366],[-110.95612,32.18506]]}},{"type":"Feature","properties":{"name":"South Paseo Luna Blanca","highway":"residential","osm":"way/217177760"},"geometry":{"type":"LineString","coordinates":[[-110.98446,32.20631],[-110.98444,32.2054]]}},{"type":"Feature","properties":{"name":"Placita Estrella Azul","highway":"residential","osm":"way/217177761"},"geometry":{"type":"LineString","coordinates":[[-110.98309,32.2074],[-110.98425,32.20747]]}},{"type":"Feature","properties":{"name":"West Calle Carasol","highway":"residential","osm":"way/217177762"},"geometry":{"type":"LineString","coordinates":[[-110.98563,32.20636],[-110.98446,32.20631]]}},{"type":"Feature","properties":{"name":"West Mabel Street","highway":"residential","osm":"way/224195607"},"geometry":{"type":"LineString","coordinates":[[-110.97798,32.23849],[-110.97933,32.23848]]}},{"type":"Feature","properties":{"name":null,"highway":"primary_link","osm":"way/233330283"},"geometry":{"type":"LineString","coordinates":[[-110.94336,32.16834],[-110.94307,32.16843]]}},{"type":"Feature","properties":{"name":"East 36th Street","highway":"secondary","osm":"way/233330383"},"geometry":{"type":"LineString","coordinates":[[-110.96532,32.19243],[-110.9621,32.19243]]}},{"type":"Feature","properties":{"name":"North Tucson Boulevard","highway":"residential","osm":"way/233330588"},"geometry":{"type":"LineString","coordinates":[[-110.93556,32.24369],[-110.9356,32.24918],[-110.93541,32.24921]]}},{"type":"Feature","properties":{"name":"North Tucson Boulevard","highway":"secondary","osm":"way/233330589"},"geometry":{"type":"LineString","coordinates":[[-110.93536,32.23229],[-110.9353,32.23541]]}},{"type":"Feature","properties":{"name":"East 18th Street","highway":"residential","osm":"way/235570767"},"geometry":{"type":"LineString","coordinates":[[-110.93946,32.21239],[-110.92663,32.21242]]}},{"type":"Feature","properties":{"name":"South Kino Parkway","highway":"primary","osm":"way/235572403"},"geometry":{"type":"LineString","coordinates":[[-110.94495,32.21648],[-110.94425,32.2176]]}},{"type":"Feature","properties":{"name":"South Kino Parkway","highway":"primary","osm":"way/235572405"},"geometry":{"type":"LineString","coordinates":[[-110.94527,32.21635],[-110.94563,32.21589]]}},{"type":"Feature","properties":{"name":"South Kino Parkway","highway":"primary","osm":"way/235572409"},"geometry":{"type":"LineString","coordinates":[[-110.94532,32.21604],[-110.94495,32.21648]]}},{"type":"Feature","properties":{"name":"South Kino Parkway","highway":"primary","osm":"way/235572415"},"geometry":{"type":"LineString","coordinates":[[-110.94563,32.21589],[-110.94578,32.21571]]}},{"type":"Feature","properties":{"name":"South Campbell Avenue","highway":"tertiary","osm":"way/235572421"},"geometry":{"type":"LineString","coordinates":[[-110.94374,32.21654],[-110.94374,32.21411]]}},{"type":"Feature","properties":{"name":"South Campbell Avenue","highway":"tertiary","osm":"way/235572422"},"geometry":{"type":"LineString","coordinates":[[-110.94374,32.21675],[-110.94374,32.21654]]}},{"type":"Feature","properties":{"name":"North Park Avenue","highway":"tertiary","osm":"way/236367096"},"geometry":{"type":"LineString","coordinates":[[-110.95639,32.22806],[-110.95676,32.22876],[-110.95676,32.23005]]}},{"type":"Feature","properties":{"name":"North Campbell Avenue","highway":"residential","osm":"way/236384370"},"geometry":{"type":"LineString","coordinates":[[-110.94396,32.24373],[-110.94373,32.24381],[-110.94374,32.24545],[-110.94375,32.24849],[-110.94397,32.24855]]}},{"type":"Feature","properties":{"name":"East Toole Avenue","highway":"tertiary","osm":"way/236721993"},"geometry":{"type":"LineString","coordinates":[[-110.96656,32.22256],[-110.96706,32.22298]]}},{"type":"Feature","properties":{"name":"East Speedway Boulevard","highway":"primary","osm":"way/236721994"},"geometry":{"type":"LineString","coordinates":[[-110.95949,32.23594],[-110.95823,32.23595]]}},{"type":"Feature","properties":{"name":"East Speedway Boulevard","highway":"primary","osm":"way/236721995"},"geometry":{"type":"LineString","coordinates":[[-110.94413,32.236],[-110.93961,32.23598]]}},{"type":"Feature","properties":{"name":"North Park Avenue","highway":"tertiary","osm":"way/236722000"},"geometry":{"type":"LineString","coordinates":[[-110.95678,32.23595],[-110.95678,32.23612]]}},{"type":"Feature","properties":{"name":"North 6th Avenue","highway":"secondary","osm":"way/236722003"},"geometry":{"type":"LineString","coordinates":[[-110.96863,32.22262],[-110.96864,32.2233]]}},{"type":"Feature","properties":{"name":"North Euclid Avenue","highway":"secondary","osm":"way/236722005"},"geometry":{"type":"LineString","coordinates":[[-110.9595,32.23611],[-110.95949,32.23594]]}},{"type":"Feature","properties":{"name":"East Broadway Boulevard","highway":"primary","osm":"way/236722006"},"geometry":{"type":"LineString","coordinates":[[-110.95896,32.2213],[-110.95768,32.22134]]}},{"type":"Feature","properties":{"name":"North 6th Avenue","highway":"secondary","osm":"way/236722007"},"geometry":{"type":"LineString","coordinates":[[-110.96864,32.22341],[-110.96865,32.22435]]}},{"type":"Feature","properties":{"name":"East Toole Avenue","highway":"tertiary","osm":"way/236722432"},"geometry":{"type":"LineString","coordinates":[[-110.96706,32.22298],[-110.96797,32.22376]]}},{"type":"Feature","properties":{"name":"East Speedway Boulevard","highway":"primary","osm":"way/236723405"},"geometry":{"type":"LineString","coordinates":[[-110.9595,32.23611],[-110.96105,32.23596]]}},{"type":"Feature","properties":{"name":"North Euclid Avenue","highway":"secondary","osm":"way/236723407"},"geometry":{"type":"LineString","coordinates":[[-110.95945,32.22252],[-110.95946,32.2229]]}},{"type":"Feature","properties":{"name":"East Speedway Boulevard","highway":"primary","osm":"way/236723975"},"geometry":{"type":"LineString","coordinates":[[-110.95678,32.23612],[-110.95813,32.2361]]}},{"type":"Feature","properties":{"name":"East Broadway Boulevard","highway":"primary","osm":"way/236724016"},"geometry":{"type":"LineString","coordinates":[[-110.95879,32.2215],[-110.95945,32.22149]]}},{"type":"Feature","properties":{"name":"South Kino Parkway","highway":"primary","osm":"way/236753719"},"geometry":{"type":"LineString","coordinates":[[-110.94664,32.21467],[-110.94679,32.21447]]}},{"type":"Feature","properties":{"name":"South Kino Parkway","highway":"primary","osm":"way/236753721"},"geometry":{"type":"LineString","coordinates":[[-110.94679,32.21447],[-110.9484,32.21248]]}},{"type":"Feature","properties":{"name":"South Kino Parkway","highway":"primary","osm":"way/236753723"},"geometry":{"type":"LineString","coordinates":[[-110.94656,32.21453],[-110.94618,32.21498]]}},{"type":"Feature","properties":{"name":"South Kino Parkway","highway":"primary","osm":"way/236753728"},"geometry":{"type":"LineString","coordinates":[[-110.94671,32.21432],[-110.94656,32.21453]]}},{"type":"Feature","properties":{"name":"North Campbell Avenue","highway":"primary","osm":"way/236808501"},"geometry":{"type":"LineString","coordinates":[[-110.94387,32.23176],[-110.94388,32.2351]]}},{"type":"Feature","properties":{"name":"North Campbell Avenue","highway":"primary","osm":"way/236808502"},"geometry":{"type":"LineString","coordinates":[[-110.94405,32.23227],[-110.94405,32.23176]]}},{"type":"Feature","properties":{"name":"East Winsett Street","highway":"tertiary","osm":"way/236808989"},"geometry":{"type":"LineString","coordinates":[[-110.94618,32.21498],[-110.94444,32.21419],[-110.94374,32.21411]]}},{"type":"Feature","properties":{"name":"East Winsett Street","highway":"residential","osm":"way/236808990"},"geometry":{"type":"LineString","coordinates":[[-110.94374,32.21411],[-110.93698,32.21416]]}},{"type":"Feature","properties":{"name":"South Tucson Boulevard","highway":"residential","osm":"way/236808991"},"geometry":{"type":"LineString","coordinates":[[-110.93514,32.20682],[-110.93516,32.20423],[-110.93552,32.20374]]}},{"type":"Feature","properties":{"name":"East 22nd Street","highway":"primary","osm":"way/236808993"},"geometry":{"type":"LineString","coordinates":[[-110.93514,32.20682],[-110.93092,32.2068]]}},{"type":"Feature","properties":{"name":"South Kino Parkway","highway":"primary","osm":"way/236808994"},"geometry":{"type":"LineString","coordinates":[[-110.94618,32.21498],[-110.94532,32.21604]]}},{"type":"Feature","properties":{"name":"South Campbell Avenue","highway":"tertiary","osm":"way/236808995"},"geometry":{"type":"LineString","coordinates":[[-110.94374,32.21411],[-110.94374,32.21115]]}},{"type":"Feature","properties":{"name":"East Eastland Street","highway":"residential","osm":"way/236808996"},"geometry":{"type":"LineString","coordinates":[[-110.92663,32.21152],[-110.9351,32.21148]]}},{"type":"Feature","properties":{"name":"South Tucson Boulevard","highway":"tertiary","osm":"way/236808997"},"geometry":{"type":"LineString","coordinates":[[-110.9351,32.21148],[-110.93514,32.20682]]}},{"type":"Feature","properties":{"name":"South Campbell Avenue","highway":"tertiary","osm":"way/236808998"},"geometry":{"type":"LineString","coordinates":[[-110.94374,32.21115],[-110.9437,32.20921]]}},{"type":"Feature","properties":{"name":"North Campbell Avenue","highway":"primary","osm":"way/236808999"},"geometry":{"type":"LineString","coordinates":[[-110.94405,32.23176],[-110.94398,32.22557]]}},{"type":"Feature","properties":{"name":"East Winsett Street","highway":"tertiary","osm":"way/236809000"},"geometry":{"type":"LineString","coordinates":[[-110.94632,32.21506],[-110.94618,32.21498]]}},{"type":"Feature","properties":{"name":"South Kino Parkway","highway":"primary","osm":"way/236809001"},"geometry":{"type":"LineString","coordinates":[[-110.94632,32.21506],[-110.94664,32.21467]]}},{"type":"Feature","properties":{"name":"West Alameda Street","highway":"unclassified","osm":"way/236943709"},"geometry":{"type":"LineString","coordinates":[[-110.97656,32.22252],[-110.97951,32.22259]]}},{"type":"Feature","properties":{"name":"North Church Avenue","highway":"tertiary","osm":"way/236943716"},"geometry":{"type":"LineString","coordinates":[[-110.9729,32.22388],[-110.97282,32.22356]]}},{"type":"Feature","properties":{"name":"North Church Avenue","highway":"tertiary","osm":"way/236943722"},"geometry":{"type":"LineString","coordinates":[[-110.97282,32.22356],[-110.97257,32.22262]]}},{"type":"Feature","properties":{"name":"East Pennington Street","highway":"tertiary","osm":"way/236947332"},"geometry":{"type":"LineString","coordinates":[[-110.96833,32.22347],[-110.96822,32.22352]]}},{"type":"Feature","properties":{"name":"East University Boulevard","highway":"residential","osm":"way/237052100"},"geometry":{"type":"LineString","coordinates":[[-110.95454,32.23178],[-110.95455,32.23197]]}},{"type":"Feature","properties":{"name":"East University Boulevard","highway":"residential","osm":"way/237052101"},"geometry":{"type":"LineString","coordinates":[[-110.95455,32.23197],[-110.95491,32.23186]]}},{"type":"Feature","properties":{"name":"North Tucson Boulevard","highway":"secondary","osm":"way/237171607"},"geometry":{"type":"LineString","coordinates":[[-110.93539,32.24275],[-110.9354,32.24685]]}},{"type":"Feature","properties":{"name":"East Speedway Boulevard","highway":"primary","osm":"way/237171631"},"geometry":{"type":"LineString","coordinates":[[-110.94387,32.23617],[-110.94413,32.23617]]}},{"type":"Feature","properties":{"name":"North Tucson Boulevard","highway":"secondary","osm":"way/237171633"},"geometry":{"type":"LineString","coordinates":[[-110.93531,32.23618],[-110.93533,32.24172]]}},{"type":"Feature","properties":{"name":"North Tucson Boulevard","highway":"secondary","osm":"way/237171638"},"geometry":{"type":"LineString","coordinates":[[-110.93539,32.24275],[-110.93533,32.24172]]}},{"type":"Feature","properties":{"name":"North Tucson Boulevard","highway":"secondary","osm":"way/237171639"},"geometry":{"type":"LineString","coordinates":[[-110.9353,32.23601],[-110.93531,32.23618]]}},{"type":"Feature","properties":{"name":"South Kino Parkway","highway":"primary","osm":"way/237176358"},"geometry":{"type":"LineString","coordinates":[[-110.94969,32.20645],[-110.94963,32.19964]]}},{"type":"Feature","properties":{"name":"South Kino Parkway","highway":"primary","osm":"way/237176359"},"geometry":{"type":"LineString","coordinates":[[-110.94955,32.20744],[-110.94934,32.21016]]}},{"type":"Feature","properties":{"name":null,"highway":"primary_link","osm":"way/237176363"},"geometry":{"type":"LineString","coordinates":[[-110.94826,32.21101],[-110.94766,32.21061]]}},{"type":"Feature","properties":{"name":"South Kino Parkway","highway":"primary","osm":"way/237176364"},"geometry":{"type":"LineString","coordinates":[[-110.94906,32.21092],[-110.94876,32.21156]]}},{"type":"Feature","properties":{"name":"West 22nd Street","highway":"primary","osm":"way/237176365"},"geometry":{"type":"LineString","coordinates":[[-110.97465,32.20678],[-110.97753,32.20676]]}},{"type":"Feature","properties":{"name":"West Cushing Street","highway":"tertiary","osm":"way/237176368"},"geometry":{"type":"LineString","coordinates":[[-110.97442,32.2168],[-110.9766,32.21679],[-110.97774,32.21743]]}},{"type":"Feature","properties":{"name":"Barraza Aviation Highway","highway":"primary","osm":"way/237176370"},"geometry":{"type":"LineString","coordinates":[[-110.94077,32.20619],[-110.93942,32.20536]]}},{"type":"Feature","properties":{"name":"East 22nd Street","highway":"primary","osm":"way/237176373"},"geometry":{"type":"LineString","coordinates":[[-110.93798,32.20681],[-110.93514,32.20682]]}},{"type":"Feature","properties":{"name":"North Church Avenue","highway":"tertiary","osm":"way/237176375"},"geometry":{"type":"LineString","coordinates":[[-110.9729,32.22388],[-110.97354,32.22625]]}},{"type":"Feature","properties":{"name":"East 22nd Street","highway":"primary","osm":"way/237176588"},"geometry":{"type":"LineString","coordinates":[[-110.93807,32.20694],[-110.9405,32.20692]]}},{"type":"Feature","properties":{"name":"East Aviation Parkway","highway":"primary","osm":"way/237176590"},"geometry":{"type":"LineString","coordinates":[[-110.94417,32.20854],[-110.94841,32.21167],[-110.95491,32.21512]]}},{"type":"Feature","properties":{"name":"West Broadway Boulevard","highway":"primary","osm":"way/237176591"},"geometry":{"type":"LineString","coordinates":[[-110.97242,32.22107],[-110.97114,32.22103]]}},{"type":"Feature","properties":{"name":"South Kino Parkway","highway":"primary","osm":"way/237176592"},"geometry":{"type":"LineString","coordinates":[[-110.94894,32.21159],[-110.94936,32.21059]]}},{"type":"Feature","properties":{"name":"East Broadway Boulevard","highway":"primary","osm":"way/237176593"},"geometry":{"type":"LineString","coordinates":[[-110.96786,32.22122],[-110.96707,32.22123]]}},{"type":"Feature","properties":{"name":"South Church Avenue","highway":"tertiary","osm":"way/237176594"},"geometry":{"type":"LineString","coordinates":[[-110.97222,32.21747],[-110.97256,32.22022],[-110.97242,32.22107]]}},{"type":"Feature","properties":{"name":"East Aviation Highway","highway":"primary","osm":"way/237316712"},"geometry":{"type":"LineString","coordinates":[[-110.94052,32.2063],[-110.94247,32.20754]]}},{"type":"Feature","properties":{"name":"East Ajo Way","highway":"primary","osm":"way/242538010"},"geometry":{"type":"LineString","coordinates":[[-110.94854,32.17789],[-110.95195,32.17792]]}},{"type":"Feature","properties":{"name":"East Ajo Way","highway":"primary","osm":"way/242538020"},"geometry":{"type":"LineString","coordinates":[[-110.94129,32.17783],[-110.93846,32.17783]]}},{"type":"Feature","properties":{"name":"East Ajo Way","highway":"primary","osm":"way/242538023"},"geometry":{"type":"LineString","coordinates":[[-110.94854,32.17789],[-110.94698,32.17785]]}},{"type":"Feature","properties":{"name":null,"highway":"unclassified","osm":"way/242538026"},"geometry":{"type":"LineString","coordinates":[[-110.94139,32.17797],[-110.94147,32.17915],[-110.94204,32.17988],[-110.94296,32.18023],[-110.94439,32.18025]]}},{"type":"Feature","properties":{"name":null,"highway":"unclassified","osm":"way/242538027"},"geometry":{"type":"LineString","coordinates":[[-110.94439,32.18014],[-110.94263,32.18004],[-110.94172,32.17932]]}},{"type":"Feature","properties":{"name":"South Campbell Avenue","highway":"unclassified","osm":"way/242540428"},"geometry":{"type":"LineString","coordinates":[[-110.94356,32.19242],[-110.94356,32.19204]]}},{"type":"Feature","properties":{"name":"East Anatole Street","highway":"residential","osm":"way/242541385"},"geometry":{"type":"LineString","coordinates":[[-110.96243,32.21507],[-110.96348,32.21511]]}},{"type":"Feature","properties":{"name":"East Downtown Street","highway":"residential","osm":"way/242541386"},"geometry":{"type":"LineString","coordinates":[[-110.96349,32.21568],[-110.96224,32.21568]]}},{"type":"Feature","properties":{"name":"East Codd Street","highway":"residential","osm":"way/242541387"},"geometry":{"type":"LineString","coordinates":[[-110.96282,32.21763],[-110.96303,32.21763]]}},{"type":"Feature","properties":{"name":"South Union Pacific Avenue","highway":"residential","osm":"way/242541388"},"geometry":{"type":"LineString","coordinates":[[-110.96227,32.21697],[-110.96224,32.21635]]}},{"type":"Feature","properties":{"name":"East Laos Street","highway":"residential","osm":"way/242541389"},"geometry":{"type":"LineString","coordinates":[[-110.9635,32.21697],[-110.96227,32.21697]]}},{"type":"Feature","properties":{"name":"South Southern Pacific Avenue","highway":"residential","osm":"way/242541390"},"geometry":{"type":"LineString","coordinates":[[-110.96224,32.21568],[-110.96227,32.21508]]}},{"type":"Feature","properties":{"name":null,"highway":"residential","osm":"way/242541392"},"geometry":{"type":"LineString","coordinates":[[-110.96303,32.21781],[-110.96303,32.21763]]}},{"type":"Feature","properties":{"name":"South 10th Avenue","highway":"tertiary","osm":"way/242541816"},"geometry":{"type":"LineString","coordinates":[[-110.97468,32.2107],[-110.97465,32.20678]]}},{"type":"Feature","properties":{"name":"South 10th Avenue","highway":"tertiary","osm":"way/242541821"},"geometry":{"type":"LineString","coordinates":[[-110.97465,32.20678],[-110.97468,32.2107]]}},{"type":"Feature","properties":{"name":"West Calle Posadas","highway":"residential","osm":"way/242541822"},"geometry":{"type":"LineString","coordinates":[[-110.9762,32.2075],[-110.97471,32.2075]]}},{"type":"Feature","properties":{"name":"West Papago Street","highway":"unclassified","osm":"way/242541823"},"geometry":{"type":"LineString","coordinates":[[-110.97462,32.20437],[-110.97583,32.20437]]}},{"type":"Feature","properties":{"name":"South Farmington Road","highway":"residential","osm":"way/242542312"},"geometry":{"type":"LineString","coordinates":[[-110.98083,32.20494],[-110.98111,32.20312]]}},{"type":"Feature","properties":{"name":"South Via Estrella Blanca","highway":"residential","osm":"way/242542314"},"geometry":{"type":"LineString","coordinates":[[-110.98348,32.20623],[-110.98345,32.20543]]}},{"type":"Feature","properties":{"name":"West Calle Estrella de Noche","highway":"residential","osm":"way/242542316"},"geometry":{"type":"LineString","coordinates":[[-110.98345,32.20543],[-110.98564,32.20543]]}},{"type":"Feature","properties":{"name":"West Illinois Street","highway":"residential","osm":"way/242624990"},"geometry":{"type":"LineString","coordinates":[[-110.96821,32.1688],[-110.96931,32.16899]]}},{"type":"Feature","properties":{"name":"East Historic Street","highway":"residential","osm":"way/245861710"},"geometry":{"type":"LineString","coordinates":[[-110.96224,32.21635],[-110.9635,32.21631]]}},{"type":"Feature","properties":{"name":"East 23rd Street","highway":"unclassified","osm":"way/245863106"},"geometry":{"type":"LineString","coordinates":[[-110.9478,32.20555],[-110.94565,32.2057]]}},{"type":"Feature","properties":{"name":"East 21st Street","highway":"tertiary","osm":"way/245863107"},"geometry":{"type":"LineString","coordinates":[[-110.94648,32.20824],[-110.94545,32.20803],[-110.94375,32.20674]]}},{"type":"Feature","properties":{"name":"South Toole Avenue","highway":"tertiary","osm":"way/245866587"},"geometry":{"type":"LineString","coordinates":[[-110.96489,32.22122],[-110.96482,32.22153]]}},{"type":"Feature","properties":{"name":"South Toole Avenue","highway":"tertiary","osm":"way/245866588"},"geometry":{"type":"LineString","coordinates":[[-110.96482,32.22153],[-110.96367,32.22065]]}},{"type":"Feature","properties":{"name":"East Stevens Avenue","highway":"unclassified","osm":"way/245866589"},"geometry":{"type":"LineString","coordinates":[[-110.96629,32.22406],[-110.967,32.22466]]}},{"type":"Feature","properties":{"name":"West Cushing Street","highway":"tertiary","osm":"way/245867476"},"geometry":{"type":"LineString","coordinates":[[-110.9848,32.21761],[-110.98338,32.21782],[-110.98266,32.21771]]}},{"type":"Feature","properties":{"name":"West Congress Street","highway":"primary","osm":"way/245868496"},"geometry":{"type":"LineString","coordinates":[[-110.97595,32.22129],[-110.97564,32.22133]]}},{"type":"Feature","properties":{"name":"West Congress Street","highway":"primary","osm":"way/245869214"},"geometry":{"type":"LineString","coordinates":[[-110.97602,32.22146],[-110.97618,32.22143]]}},{"type":"Feature","properties":{"name":"North Granada Avenue","highway":"secondary","osm":"way/245869215"},"geometry":{"type":"LineString","coordinates":[[-110.97602,32.22146],[-110.97656,32.22252]]}},{"type":"Feature","properties":{"name":"North Park Avenue","highway":"tertiary","osm":"way/245870101"},"geometry":{"type":"LineString","coordinates":[[-110.95678,32.2317],[-110.95677,32.23386]]}},{"type":"Feature","properties":{"name":"North Park Avenue","highway":"tertiary","osm":"way/245870102"},"geometry":{"type":"LineString","coordinates":[[-110.95677,32.23386],[-110.95678,32.23544]]}},{"type":"Feature","properties":{"name":"South Fiandaca Boulevard","highway":"unclassified","osm":"way/247302471"},"geometry":{"type":"LineString","coordinates":[[-110.98192,32.19482],[-110.98105,32.19676],[-110.98098,32.19952]]}},{"type":"Feature","properties":{"name":"East Broadway Boulevard","highway":"primary","osm":"way/247564905"},"geometry":{"type":"LineString","coordinates":[[-110.96241,32.22065],[-110.96298,32.22046]]}},{"type":"Feature","properties":{"name":"East Broadway Boulevard","highway":"primary","osm":"way/247564907"},"geometry":{"type":"LineString","coordinates":[[-110.96121,32.22116],[-110.96096,32.22123]]}},{"type":"Feature","properties":{"name":"East Florita Street","highway":"residential","osm":"way/257195790"},"geometry":{"type":"LineString","coordinates":[[-110.95481,32.22319],[-110.95234,32.22319]]}},{"type":"Feature","properties":{"name":"North Granada Avenue","highway":"secondary","osm":"way/261656870"},"geometry":{"type":"LineString","coordinates":[[-110.97809,32.22828],[-110.97797,32.22989]]}},{"type":"Feature","properties":{"name":null,"highway":"primary_link","osm":"way/261840268"},"geometry":{"type":"LineString","coordinates":[[-110.93903,32.23616],[-110.93961,32.23598]]}},{"type":"Feature","properties":{"name":"West Saint Mary's Road","highway":"secondary","osm":"way/263978706"},"geometry":{"type":"LineString","coordinates":[[-110.98506,32.22959],[-110.98427,32.22953]]}},{"type":"Feature","properties":{"name":"North 6th Avenue","highway":"secondary","osm":"way/282123360"},"geometry":{"type":"LineString","coordinates":[[-110.96865,32.22435],[-110.96866,32.22503]]}},{"type":"Feature","properties":{"name":"North Hoff Avenue","highway":"residential","osm":"way/287920698"},"geometry":{"type":"LineString","coordinates":[[-110.96488,32.23296],[-110.96488,32.23593]]}},{"type":"Feature","properties":{"name":"East Helen Street","highway":"unclassified","osm":"way/294552683"},"geometry":{"type":"LineString","coordinates":[[-110.94676,32.23735],[-110.94576,32.23735]]}},{"type":"Feature","properties":{"name":"East Helen Street","highway":"unclassified","osm":"way/294552684"},"geometry":{"type":"LineString","coordinates":[[-110.94576,32.23735],[-110.94409,32.23736]]}},{"type":"Feature","properties":{"name":"North Warren Avenue","highway":"unclassified","osm":"way/294552685"},"geometry":{"type":"LineString","coordinates":[[-110.94676,32.23383],[-110.94677,32.23488]]}},{"type":"Feature","properties":{"name":"South Granada Avenue","highway":"tertiary","osm":"way/294552688"},"geometry":{"type":"LineString","coordinates":[[-110.97583,32.22101],[-110.97595,32.22129]]}},{"type":"Feature","properties":{"name":"West Congress Street","highway":"primary","osm":"way/294552689"},"geometry":{"type":"LineString","coordinates":[[-110.97564,32.22133],[-110.97504,32.22138]]}},{"type":"Feature","properties":{"name":"East Congress Street","highway":"primary","osm":"way/294981864"},"geometry":{"type":"LineString","coordinates":[[-110.96554,32.22171],[-110.96578,32.22191]]}},{"type":"Feature","properties":{"name":"East Linden Street","highway":"residential","osm":"way/320465501"},"geometry":{"type":"LineString","coordinates":[[-110.96106,32.24481],[-110.9688,32.24477]]}},{"type":"Feature","properties":{"name":"South Curtis Avenue","highway":"residential","osm":"way/326969342"},"geometry":{"type":"LineString","coordinates":[[-110.95033,32.20428],[-110.95028,32.20327]]}},{"type":"Feature","properties":{"name":"South Kino Parkway","highway":"primary","osm":"way/326969345"},"geometry":{"type":"LineString","coordinates":[[-110.94954,32.20646],[-110.94955,32.20744]]}},{"type":"Feature","properties":{"name":"South Kino Parkway","highway":"primary","osm":"way/326969346"},"geometry":{"type":"LineString","coordinates":[[-110.94971,32.20744],[-110.94969,32.20645]]}},{"type":"Feature","properties":{"name":"South Cherry Avenue","highway":"tertiary","osm":"way/326969636"},"geometry":{"type":"LineString","coordinates":[[-110.94788,32.20685],[-110.9478,32.20555],[-110.94744,32.20481]]}},{"type":"Feature","properties":{"name":"East Helen Street","highway":"unclassified","osm":"way/329051361"},"geometry":{"type":"LineString","coordinates":[[-110.95103,32.23733],[-110.94676,32.23735]]}},{"type":"Feature","properties":{"name":"West Cushing Street","highway":"tertiary","osm":"way/329051366"},"geometry":{"type":"LineString","coordinates":[[-110.98018,32.21722],[-110.98123,32.21721]]}},{"type":"Feature","properties":{"name":"West Cushing Street","highway":"tertiary","osm":"way/329051378"},"geometry":{"type":"LineString","coordinates":[[-110.98176,32.21739],[-110.98123,32.21721]]}},{"type":"Feature","properties":{"name":"West Cushing Street","highway":"tertiary","osm":"way/329051380"},"geometry":{"type":"LineString","coordinates":[[-110.98123,32.21721],[-110.98017,32.21714]]}},{"type":"Feature","properties":{"name":"East Missouri Street","highway":"unclassified","osm":"way/330938632"},"geometry":{"type":"LineString","coordinates":[[-110.94341,32.16644],[-110.94257,32.16637],[-110.94016,32.16482]]}},{"type":"Feature","properties":{"name":"Tucson–Benson Highway","highway":"motorway","osm":"way/333521095"},"geometry":{"type":"LineString","coordinates":[[-110.9695,32.18724],[-110.96729,32.18678]]}},{"type":"Feature","properties":{"name":"South 6th Avenue","highway":"primary","osm":"way/333521098"},"geometry":{"type":"LineString","coordinates":[[-110.96828,32.17784],[-110.96821,32.16849]]}},{"type":"Feature","properties":{"name":"Tucson–Benson Highway","highway":"motorway","osm":"way/333521099"},"geometry":{"type":"LineString","coordinates":[[-110.97057,32.1875],[-110.9695,32.18724]]}},{"type":"Feature","properties":{"name":"Tucson–Benson Highway","highway":"motorway","osm":"way/333521337"},"geometry":{"type":"LineString","coordinates":[[-110.97173,32.1879],[-110.97057,32.1875]]}},{"type":"Feature","properties":{"name":"Tucson–Benson Highway","highway":"motorway","osm":"way/333521341"},"geometry":{"type":"LineString","coordinates":[[-110.97304,32.1886],[-110.97173,32.1879]]}},{"type":"Feature","properties":{"name":"East Benson Highway","highway":"secondary","osm":"way/333521343"},"geometry":{"type":"LineString","coordinates":[[-110.96758,32.18659],[-110.9622,32.18519]]}},{"type":"Feature","properties":{"name":"Tucson–Benson Highway","highway":"motorway","osm":"way/333521344"},"geometry":{"type":"LineString","coordinates":[[-110.96567,32.18637],[-110.96533,32.18628]]}},{"type":"Feature","properties":{"name":"Tucson–Benson Highway","highway":"motorway","osm":"way/333521345"},"geometry":{"type":"LineString","coordinates":[[-110.96729,32.18678],[-110.96604,32.18646]]}},{"type":"Feature","properties":{"name":"Tucson–Benson Highway","highway":"motorway","osm":"way/333521518"},"geometry":{"type":"LineString","coordinates":[[-110.97357,32.18922],[-110.97423,32.18986]]}},{"type":"Feature","properties":{"name":null,"highway":"motorway_link","osm":"way/333521520"},"geometry":{"type":"LineString","coordinates":[[-110.97066,32.18699],[-110.97026,32.1868]]}},{"type":"Feature","properties":{"name":null,"highway":"motorway_link","osm":"way/333521522"},"geometry":{"type":"LineString","coordinates":[[-110.96921,32.1866],[-110.96845,32.18659]]}},{"type":"Feature","properties":{"name":null,"highway":"motorway_link","osm":"way/333521523"},"geometry":{"type":"LineString","coordinates":[[-110.97026,32.1868],[-110.96965,32.18665]]}},{"type":"Feature","properties":{"name":"Tucson–Benson Highway","highway":"motorway","osm":"way/333521524"},"geometry":{"type":"LineString","coordinates":[[-110.97187,32.18814],[-110.97284,32.18869]]}},{"type":"Feature","properties":{"name":"East Benson Highway","highway":"secondary","osm":"way/333521528"},"geometry":{"type":"LineString","coordinates":[[-110.96669,32.18716],[-110.96677,32.18721]]}},{"type":"Feature","properties":{"name":"East Benson Highway","highway":"secondary","osm":"way/333521529"},"geometry":{"type":"LineString","coordinates":[[-110.96677,32.18721],[-110.96735,32.18756],[-110.96826,32.18768]]}},{"type":"Feature","properties":{"name":"Tucson–Benson Highway","highway":"motorway","osm":"way/333521713"},"geometry":{"type":"LineString","coordinates":[[-110.96014,32.18512],[-110.96116,32.18538]]}},{"type":"Feature","properties":{"name":"Tucson–Benson Highway","highway":"motorway","osm":"way/333521714"},"geometry":{"type":"LineString","coordinates":[[-110.96528,32.18644],[-110.96567,32.18654]]}},{"type":"Feature","properties":{"name":"Tucson–Benson Highway","highway":"motorway","osm":"way/333521715"},"geometry":{"type":"LineString","coordinates":[[-110.96023,32.18496],[-110.95657,32.18372]]}},{"type":"Feature","properties":{"name":"Tucson–Benson Highway","highway":"motorway","osm":"way/333521716"},"geometry":{"type":"LineString","coordinates":[[-110.96533,32.18628],[-110.96175,32.18535]]}},{"type":"Feature","properties":{"name":"Tucson–Benson Highway","highway":"motorway","osm":"way/333521717"},"geometry":{"type":"LineString","coordinates":[[-110.96567,32.18654],[-110.97187,32.18814]]}},{"type":"Feature","properties":{"name":"West Drachman Street","highway":"tertiary","osm":"way/333522883"},"geometry":{"type":"LineString","coordinates":[[-110.978,32.23953],[-110.97783,32.2395]]}},{"type":"Feature","properties":{"name":"West Congress Street","highway":"primary","osm":"way/333527138"},"geometry":{"type":"LineString","coordinates":[[-110.97611,32.22127],[-110.97595,32.22129]]}},{"type":"Feature","properties":{"name":"East Ohio Street","highway":"residential","osm":"way/339051886"},"geometry":{"type":"LineString","coordinates":[[-110.95627,32.16765],[-110.94933,32.16766],[-110.94776,32.16847]]}},{"type":"Feature","properties":{"name":"South Santa Cruz Lane","highway":"unclassified","osm":"way/339062493"},"geometry":{"type":"LineString","coordinates":[[-110.98224,32.19226],[-110.98225,32.19408]]}},{"type":"Feature","properties":{"name":"South Santa Cruz Lane","highway":"unclassified","osm":"way/339063395"},"geometry":{"type":"LineString","coordinates":[[-110.98632,32.1949],[-110.98641,32.19246]]}},{"type":"Feature","properties":{"name":"West 43rd Street","highway":"residential","osm":"way/339092229"},"geometry":{"type":"LineString","coordinates":[[-110.98191,32.18597],[-110.97561,32.18592]]}},{"type":"Feature","properties":{"name":"South 12th Avenue","highway":"secondary","osm":"way/339093624"},"geometry":{"type":"LineString","coordinates":[[-110.97756,32.18888],[-110.97751,32.18901]]}},{"type":"Feature","properties":{"name":"South 12th Avenue","highway":"secondary","osm":"way/339095517"},"geometry":{"type":"LineString","coordinates":[[-110.97756,32.18888],[-110.97756,32.18597]]}},{"type":"Feature","properties":{"name":"South 12th Avenue","highway":"secondary","osm":"way/339095518"},"geometry":{"type":"LineString","coordinates":[[-110.97751,32.18917],[-110.97755,32.18938]]}},{"type":"Feature","properties":{"name":"South 12th Avenue","highway":"secondary","osm":"way/339095519"},"geometry":{"type":"LineString","coordinates":[[-110.97755,32.18938],[-110.97759,32.18917]]}},{"type":"Feature","properties":{"name":"South 12th Avenue","highway":"secondary","osm":"way/339095520"},"geometry":{"type":"LineString","coordinates":[[-110.97759,32.18902],[-110.97756,32.18888]]}},{"type":"Feature","properties":{"name":"South 12th Avenue","highway":"secondary","osm":"way/339095521"},"geometry":{"type":"LineString","coordinates":[[-110.97759,32.18917],[-110.97759,32.18902]]}},{"type":"Feature","properties":{"name":"West 40th Street","highway":"residential","osm":"way/339095603"},"geometry":{"type":"LineString","coordinates":[[-110.97476,32.18828],[-110.97527,32.18853],[-110.98083,32.1885]]}},{"type":"Feature","properties":{"name":"South 12th Avenue","highway":"secondary","osm":"way/339096812"},"geometry":{"type":"LineString","coordinates":[[-110.97757,32.19255],[-110.97757,32.19223]]}},{"type":"Feature","properties":{"name":"South 10th Avenue","highway":"tertiary","osm":"way/339119287"},"geometry":{"type":"LineString","coordinates":[[-110.97451,32.18939],[-110.97446,32.19039]]}},{"type":"Feature","properties":{"name":"South 10th Avenue","highway":"tertiary","osm":"way/339119288"},"geometry":{"type":"LineString","coordinates":[[-110.97448,32.18854],[-110.97451,32.18886]]}},{"type":"Feature","properties":{"name":"South 10th Avenue","highway":"tertiary","osm":"way/339119289"},"geometry":{"type":"LineString","coordinates":[[-110.97453,32.18684],[-110.97492,32.18615],[-110.97651,32.18508]]}},{"type":"Feature","properties":{"name":"South 10th Avenue","highway":"tertiary","osm":"way/339119809"},"geometry":{"type":"LineString","coordinates":[[-110.97455,32.18835],[-110.9745,32.18797]]}},{"type":"Feature","properties":{"name":"West 37th Street","highway":"residential","osm":"way/339120089"},"geometry":{"type":"LineString","coordinates":[[-110.96839,32.19142],[-110.97453,32.1914]]}},{"type":"Feature","properties":{"name":"South 10th Avenue","highway":"tertiary","osm":"way/339120658"},"geometry":{"type":"LineString","coordinates":[[-110.97451,32.18939],[-110.97451,32.18886]]}},{"type":"Feature","properties":{"name":"South 10th Avenue","highway":"tertiary","osm":"way/339120661"},"geometry":{"type":"LineString","coordinates":[[-110.97457,32.19055],[-110.97451,32.18939]]}},{"type":"Feature","properties":{"name":"East Silverlake Road","highway":"tertiary","osm":"way/339187744"},"geometry":{"type":"LineString","coordinates":[[-110.94434,32.20087],[-110.94639,32.19968],[-110.94945,32.19963]]}},{"type":"Feature","properties":{"name":"South 10th Avenue","highway":"tertiary","osm":"way/339253070"},"geometry":{"type":"LineString","coordinates":[[-110.9745,32.18797],[-110.97448,32.18831]]}},{"type":"Feature","properties":{"name":"South 10th Avenue","highway":"tertiary","osm":"way/339253071"},"geometry":{"type":"LineString","coordinates":[[-110.97451,32.18886],[-110.97456,32.18869]]}},{"type":"Feature","properties":{"name":"South 10th Avenue","highway":"tertiary","osm":"way/339253072"},"geometry":{"type":"LineString","coordinates":[[-110.97455,32.18848],[-110.97455,32.18835]]}},{"type":"Feature","properties":{"name":"South 10th Avenue","highway":"tertiary","osm":"way/339253073"},"geometry":{"type":"LineString","coordinates":[[-110.97448,32.18831],[-110.97448,32.18844]]}},{"type":"Feature","properties":{"name":null,"highway":"unclassified","osm":"way/339253753"},"geometry":{"type":"LineString","coordinates":[[-110.9652,32.18252],[-110.96509,32.18317]]}},{"type":"Feature","properties":{"name":null,"highway":"unclassified","osm":"way/339253754"},"geometry":{"type":"LineString","coordinates":[[-110.96524,32.1824],[-110.9652,32.18252]]}},{"type":"Feature","properties":{"name":"South Fair Avenue","highway":"residential","osm":"way/339254724"},"geometry":{"type":"LineString","coordinates":[[-110.96174,32.17789],[-110.96167,32.17085]]}},{"type":"Feature","properties":{"name":"East Fairground Drive","highway":"residential","osm":"way/339254840"},"geometry":{"type":"LineString","coordinates":[[-110.96712,32.16873],[-110.9643,32.16873]]}},{"type":"Feature","properties":{"name":"South Evans Boulevard","highway":"unclassified","osm":"way/339257465"},"geometry":{"type":"LineString","coordinates":[[-110.95439,32.17788],[-110.95427,32.17727],[-110.95313,32.17655]]}},{"type":"Feature","properties":{"name":"East Benson Highway","highway":"secondary","osm":"way/339468930"},"geometry":{"type":"LineString","coordinates":[[-110.94798,32.17352],[-110.94812,32.17366]]}},{"type":"Feature","properties":{"name":"East Benson Highway","highway":"secondary","osm":"way/339468932"},"geometry":{"type":"LineString","coordinates":[[-110.94818,32.17353],[-110.94379,32.16917]]}},{"type":"Feature","properties":{"name":"East Benson Highway","highway":"secondary","osm":"way/339468933"},"geometry":{"type":"LineString","coordinates":[[-110.94832,32.17367],[-110.94818,32.17353]]}},{"type":"Feature","properties":{"name":"West 26th Street","highway":"residential","osm":"way/339541233"},"geometry":{"type":"LineString","coordinates":[[-110.98196,32.20278],[-110.98621,32.20277]]}},{"type":"Feature","properties":{"name":null,"highway":"motorway_link","osm":"way/339567889"},"geometry":{"type":"LineString","coordinates":[[-110.94692,32.17763],[-110.94526,32.17519]]}},{"type":"Feature","properties":{"name":null,"highway":"motorway_link","osm":"way/339568907"},"geometry":{"type":"LineString","coordinates":[[-110.94426,32.17367],[-110.94397,32.17309]]}},{"type":"Feature","properties":{"name":"North Church Avenue","highway":"tertiary","osm":"way/340385822"},"geometry":{"type":"LineString","coordinates":[[-110.97354,32.22625],[-110.97398,32.2268]]}},{"type":"Feature","properties":{"name":"West Saint Mary's Road","highway":"primary","osm":"way/340385825"},"geometry":{"type":"LineString","coordinates":[[-110.98094,32.22911],[-110.98188,32.22943]]}},{"type":"Feature","properties":{"name":"West Saint Mary's Road","highway":"primary","osm":"way/340385826"},"geometry":{"type":"LineString","coordinates":[[-110.98058,32.22878],[-110.97934,32.22812]]}},{"type":"Feature","properties":{"name":null,"highway":"tertiary","osm":"way/340385827"},"geometry":{"type":"LineString","coordinates":[[-110.97225,32.2264],[-110.97324,32.22646],[-110.97381,32.22673]]}},{"type":"Feature","properties":{"name":"North Church Avenue","highway":"tertiary","osm":"way/340385828"},"geometry":{"type":"LineString","coordinates":[[-110.97529,32.22762],[-110.97453,32.22718]]}},{"type":"Feature","properties":{"name":"West Franklin Street","highway":"residential","osm":"way/340385829"},"geometry":{"type":"LineString","coordinates":[[-110.97404,32.22611],[-110.9784,32.22507]]}},{"type":"Feature","properties":{"name":"North Church Avenue","highway":"tertiary","osm":"way/340385830"},"geometry":{"type":"LineString","coordinates":[[-110.97398,32.2268],[-110.97354,32.22625]]}},{"type":"Feature","properties":{"name":"North Church Avenue","highway":"tertiary","osm":"way/340385831"},"geometry":{"type":"LineString","coordinates":[[-110.97398,32.2268],[-110.97453,32.22718]]}},{"type":"Feature","properties":{"name":"North Main Avenue","highway":"residential","osm":"way/340385832"},"geometry":{"type":"LineString","coordinates":[[-110.97721,32.22868],[-110.97751,32.22965]]}},{"type":"Feature","properties":{"name":"East Toole Avenue","highway":"tertiary","osm":"way/340387519"},"geometry":{"type":"LineString","coordinates":[[-110.96619,32.22213],[-110.96656,32.22256]]}},{"type":"Feature","properties":{"name":"East Apache Park Place","highway":"unclassified","osm":"way/340570925"},"geometry":{"type":"LineString","coordinates":[[-110.94694,32.17248],[-110.94873,32.17117],[-110.95124,32.17126]]}},{"type":"Feature","properties":{"name":null,"highway":"motorway_link","osm":"way/340572752"},"geometry":{"type":"LineString","coordinates":[[-110.94213,32.17555],[-110.94106,32.17528]]}},{"type":"Feature","properties":{"name":null,"highway":"motorway_link","osm":"way/340572754"},"geometry":{"type":"LineString","coordinates":[[-110.94234,32.17553],[-110.94213,32.17555]]}},{"type":"Feature","properties":{"name":"Tucson–Benson Highway","highway":"motorway","osm":"way/340572755"},"geometry":{"type":"LineString","coordinates":[[-110.94079,32.17513],[-110.94044,32.17492]]}},{"type":"Feature","properties":{"name":"Tucson–Benson Highway","highway":"motorway","osm":"way/340572756"},"geometry":{"type":"LineString","coordinates":[[-110.94044,32.17492],[-110.92654,32.16712]]}},{"type":"Feature","properties":{"name":"East Ajo Way","highway":"primary","osm":"way/340573911"},"geometry":{"type":"LineString","coordinates":[[-110.93833,32.17799],[-110.94128,32.17797]]}},{"type":"Feature","properties":{"name":null,"highway":"motorway_link","osm":"way/340573998"},"geometry":{"type":"LineString","coordinates":[[-110.94064,32.17537],[-110.94131,32.17615],[-110.94139,32.17734]]}},{"type":"Feature","properties":{"name":"Tucson–Benson Highway","highway":"motorway","osm":"way/340573999"},"geometry":{"type":"LineString","coordinates":[[-110.94038,32.17501],[-110.94068,32.17519]]}},{"type":"Feature","properties":{"name":null,"highway":"motorway_link","osm":"way/340574000"},"geometry":{"type":"LineString","coordinates":[[-110.94023,32.17512],[-110.94064,32.17537]]}},{"type":"Feature","properties":{"name":"Tucson–Benson Highway","highway":"motorway","osm":"way/340574001"},"geometry":{"type":"LineString","coordinates":[[-110.94068,32.17519],[-110.94512,32.17769]]}},{"type":"Feature","properties":{"name":null,"highway":"residential","osm":"way/346966705"},"geometry":{"type":"LineString","coordinates":[[-110.95045,32.20069],[-110.95046,32.20026]]}},{"type":"Feature","properties":{"name":"West 28th Street","highway":"residential","osm":"way/350982443"},"geometry":{"type":"LineString","coordinates":[[-110.98688,32.20052],[-110.98621,32.20051]]}},{"type":"Feature","properties":{"name":null,"highway":"residential","osm":"way/350993605"},"geometry":{"type":"LineString","coordinates":[[-110.94784,32.17383],[-110.94852,32.17449],[-110.94752,32.17519],[-110.94687,32.17451],[-110.94784,32.17383]]}},{"type":"Feature","properties":{"name":null,"highway":"residential","osm":"way/350993606"},"geometry":{"type":"LineString","coordinates":[[-110.9484,32.17394],[-110.94817,32.17408]]}},{"type":"Feature","properties":{"name":null,"highway":"residential","osm":"way/350993607"},"geometry":{"type":"LineString","coordinates":[[-110.94831,32.17425],[-110.9473,32.17497]]}},{"type":"Feature","properties":{"name":null,"highway":"residential","osm":"way/350993608"},"geometry":{"type":"LineString","coordinates":[[-110.9471,32.17477],[-110.94811,32.17403]]}},{"type":"Feature","properties":{"name":null,"highway":"residential","osm":"way/350993609"},"geometry":{"type":"LineString","coordinates":[[-110.94826,32.17421],[-110.94848,32.17402]]}},{"type":"Feature","properties":{"name":"South Martin Avenue","highway":"unclassified","osm":"way/352622036"},"geometry":{"type":"LineString","coordinates":[[-110.94515,32.21347],[-110.94509,32.21298]]}},{"type":"Feature","properties":{"name":"South Short Street","highway":"residential","osm":"way/353256254"},"geometry":{"type":"LineString","coordinates":[[-110.98031,32.21287],[-110.98031,32.21197]]}},{"type":"Feature","properties":{"name":"North 14th Avenue","highway":"residential","osm":"way/357517896"},"geometry":{"type":"LineString","coordinates":[[-110.98067,32.2395],[-110.98076,32.23962]]}},{"type":"Feature","properties":{"name":"North Bailey Lane","highway":"residential","osm":"way/357517897"},"geometry":{"type":"LineString","coordinates":[[-110.98,32.23848],[-110.98001,32.2393]]}},{"type":"Feature","properties":{"name":"North Sierra Vista Drive","highway":"residential","osm":"way/357527441"},"geometry":{"type":"LineString","coordinates":[[-110.94263,32.24414],[-110.94269,32.24386],[-110.94231,32.24387]]}},{"type":"Feature","properties":{"name":"North Sierra Vista Drive","highway":"residential","osm":"way/357527442"},"geometry":{"type":"LineString","coordinates":[[-110.94021,32.24413],[-110.94019,32.24384],[-110.94052,32.24386]]}},{"type":"Feature","properties":{"name":"East Saint Ferdinand Place","highway":"residential","osm":"way/358925584"},"geometry":{"type":"LineString","coordinates":[[-110.94825,32.19834],[-110.94756,32.19841]]}},{"type":"Feature","properties":{"name":"East Badcock Drive","highway":"residential","osm":"way/358960044"},"geometry":{"type":"LineString","coordinates":[[-110.96256,32.23255],[-110.96181,32.23255]]}},{"type":"Feature","properties":{"name":"East Harvill","highway":"residential","osm":"way/358960045"},"geometry":{"type":"LineString","coordinates":[[-110.96256,32.23211],[-110.96182,32.23211]]}},{"type":"Feature","properties":{"name":"East Mabel Street","highway":"residential","osm":"way/364712218"},"geometry":{"type":"LineString","coordinates":[[-110.94254,32.23865],[-110.92679,32.23859]]}},{"type":"Feature","properties":{"name":"North Vine Avenue","highway":"residential","osm":"way/364712219"},"geometry":{"type":"LineString","coordinates":[[-110.94979,32.24423],[-110.94983,32.24884]]}},{"type":"Feature","properties":{"name":"Calle Granillo","highway":"residential","osm":"way/367317576"},"geometry":{"type":"LineString","coordinates":[[-110.98063,32.23638],[-110.97932,32.23639]]}},{"type":"Feature","properties":{"name":"South Santa Cruz Lane","highway":"unclassified","osm":"way/372174239"},"geometry":{"type":"LineString","coordinates":[[-110.98628,32.19844],[-110.98632,32.19499]]}},{"type":"Feature","properties":{"name":"West Mission Lane","highway":"residential","osm":"way/372174308"},"geometry":{"type":"LineString","coordinates":[[-110.98117,32.21413],[-110.98208,32.21375]]}},{"type":"Feature","properties":{"name":null,"highway":"residential","osm":"way/374360300"},"geometry":{"type":"LineString","coordinates":[[-110.97024,32.23288],[-110.97024,32.23288]]}},{"type":"Feature","properties":{"name":"North 7th Avenue","highway":"residential","osm":"way/374360304"},"geometry":{"type":"LineString","coordinates":[[-110.97039,32.25015],[-110.97033,32.24499]]}},{"type":"Feature","properties":{"name":"East 2nd Street","highway":"residential","osm":"way/374360306"},"geometry":{"type":"LineString","coordinates":[[-110.97018,32.23294],[-110.96416,32.23297]]}},{"type":"Feature","properties":{"name":null,"highway":"residential","osm":"way/375062483"},"geometry":{"type":"LineString","coordinates":[[-110.94642,32.19468],[-110.94633,32.19478]]}},{"type":"Feature","properties":{"name":"South Tyndall Avenue","highway":"residential","osm":"way/375062489"},"geometry":{"type":"LineString","coordinates":[[-110.95766,32.1986],[-110.95765,32.19758]]}},{"type":"Feature","properties":{"name":"West 35th Street","highway":"residential","osm":"way/375064775"},"geometry":{"type":"LineString","coordinates":[[-110.97509,32.19342],[-110.97195,32.19344]]}},{"type":"Feature","properties":{"name":"North Grossetta Avenue","highway":"unclassified","osm":"way/378058543"},"geometry":{"type":"LineString","coordinates":[[-110.97055,32.22436],[-110.97056,32.22524],[-110.97028,32.22555]]}},{"type":"Feature","properties":{"name":"South Santa Cruz Lane","highway":"unclassified","osm":"way/378673580"},"geometry":{"type":"LineString","coordinates":[[-110.98632,32.19499],[-110.98632,32.19492]]}},{"type":"Feature","properties":{"name":"North Main Avenue","highway":"secondary","osm":"way/378819774"},"geometry":{"type":"LineString","coordinates":[[-110.97793,32.23592],[-110.97793,32.23576]]}},{"type":"Feature","properties":{"name":"North Oracle Road","highway":"secondary","osm":"way/378819775"},"geometry":{"type":"LineString","coordinates":[[-110.97783,32.2395],[-110.97779,32.23972]]}},{"type":"Feature","properties":{"name":"North Oracle Road","highway":"secondary","osm":"way/378819776"},"geometry":{"type":"LineString","coordinates":[[-110.97811,32.24269],[-110.9781,32.24161]]}},{"type":"Feature","properties":{"name":"North Oracle Road","highway":"secondary","osm":"way/378819777"},"geometry":{"type":"LineString","coordinates":[[-110.97814,32.24594],[-110.97811,32.24269]]}},{"type":"Feature","properties":{"name":"North Oracle Road","highway":"secondary","osm":"way/378819778"},"geometry":{"type":"LineString","coordinates":[[-110.97791,32.2427],[-110.97794,32.24594]]}},{"type":"Feature","properties":{"name":"West Speedway Boulevard","highway":"primary","osm":"way/378819779"},"geometry":{"type":"LineString","coordinates":[[-110.97793,32.23576],[-110.97268,32.23586]]}},{"type":"Feature","properties":{"name":"West Speedway Boulevard","highway":"primary","osm":"way/378819780"},"geometry":{"type":"LineString","coordinates":[[-110.97793,32.23592],[-110.98353,32.23582]]}},{"type":"Feature","properties":{"name":null,"highway":"secondary_link","osm":"way/378819781"},"geometry":{"type":"LineString","coordinates":[[-110.97752,32.23948],[-110.97779,32.23972]]}},{"type":"Feature","properties":{"name":"West Congress Street","highway":"primary","osm":"way/379693405"},"geometry":{"type":"LineString","coordinates":[[-110.97507,32.22152],[-110.97602,32.22146]]}},{"type":"Feature","properties":{"name":"South 6th Avenue","highway":"primary","osm":"way/385782940"},"geometry":{"type":"LineString","coordinates":[[-110.96821,32.16849],[-110.96821,32.1683]]}},{"type":"Feature","properties":{"name":"South 6th Avenue","highway":"primary","osm":"way/385782941"},"geometry":{"type":"LineString","coordinates":[[-110.96817,32.16501],[-110.96821,32.1683]]}},{"type":"Feature","properties":{"name":"Nogales–Tucson Highway","highway":"motorway","osm":"way/385890176"},"geometry":{"type":"LineString","coordinates":[[-110.98544,32.17805],[-110.98538,32.18129],[-110.98479,32.18361]]}},{"type":"Feature","properties":{"name":"North Kramer Avenue","highway":"residential","osm":"way/400568703"},"geometry":{"type":"LineString","coordinates":[[-110.94149,32.2452],[-110.94171,32.2427]]}},{"type":"Feature","properties":{"name":"South 12th Avenue","highway":"secondary","osm":"way/403160190"},"geometry":{"type":"LineString","coordinates":[[-110.97904,32.19693],[-110.97783,32.19473],[-110.97757,32.19255]]}},{"type":"Feature","properties":{"name":"West Congress Street","highway":"primary","osm":"way/406707690"},"geometry":{"type":"LineString","coordinates":[[-110.97965,32.22101],[-110.98058,32.22088]]}},{"type":"Feature","properties":{"name":null,"highway":"primary_link","osm":"way/406707691"},"geometry":{"type":"LineString","coordinates":[[-110.98091,32.2207],[-110.98051,32.22042]]}},{"type":"Feature","properties":{"name":"West Congress Street","highway":"primary","osm":"way/406707692"},"geometry":{"type":"LineString","coordinates":[[-110.98056,32.22073],[-110.97962,32.22085]]}},{"type":"Feature","properties":{"name":"South Freeway Road","highway":"primary","osm":"way/406707693"},"geometry":{"type":"LineString","coordinates":[[-110.98056,32.22073],[-110.98044,32.22]]}},{"type":"Feature","properties":{"name":null,"highway":"primary_link","osm":"way/406707694"},"geometry":{"type":"LineString","coordinates":[[-110.98067,32.22131],[-110.98086,32.22083]]}},{"type":"Feature","properties":{"name":"West Congress Street","highway":"secondary","osm":"way/406707695"},"geometry":{"type":"LineString","coordinates":[[-110.98058,32.22088],[-110.9814,32.22075]]}},{"type":"Feature","properties":{"name":"East Benson Highway","highway":"secondary","osm":"way/406710712"},"geometry":{"type":"LineString","coordinates":[[-110.94352,32.16888],[-110.94335,32.16872]]}},{"type":"Feature","properties":{"name":"East Benson Highway","highway":"secondary","osm":"way/406710714"},"geometry":{"type":"LineString","coordinates":[[-110.94334,32.16889],[-110.94344,32.16899]]}},{"type":"Feature","properties":{"name":"East 6th Street","highway":"secondary","osm":"way/409903516"},"geometry":{"type":"LineString","coordinates":[[-110.97027,32.2279],[-110.9704,32.22801]]}},{"type":"Feature","properties":{"name":"Maclovio Barraza Parkway","highway":"primary","osm":"way/409903517"},"geometry":{"type":"LineString","coordinates":[[-110.96788,32.22511],[-110.96851,32.22562]]}},{"type":"Feature","properties":{"name":"Maclovio Barraza Parkway","highway":"primary","osm":"way/409903518"},"geometry":{"type":"LineString","coordinates":[[-110.96881,32.22571],[-110.96852,32.22552]]}},{"type":"Feature","properties":{"name":"Maclovio Barraza Parkway","highway":"primary","osm":"way/409903519"},"geometry":{"type":"LineString","coordinates":[[-110.96852,32.22552],[-110.96759,32.22482]]}},{"type":"Feature","properties":{"name":"East 6th Street","highway":"primary","osm":"way/409903523"},"geometry":{"type":"LineString","coordinates":[[-110.97175,32.2282],[-110.97112,32.22815]]}},{"type":"Feature","properties":{"name":"West Saint Mary's Road","highway":"primary","osm":"way/409903524"},"geometry":{"type":"LineString","coordinates":[[-110.98283,32.22933],[-110.98184,32.22927]]}},{"type":"Feature","properties":{"name":null,"highway":"unclassified","osm":"way/409903525"},"geometry":{"type":"LineString","coordinates":[[-110.97247,32.22809],[-110.97324,32.2281]]}},{"type":"Feature","properties":{"name":"Maclovio Barraza Parkway","highway":"primary","osm":"way/409903528"},"geometry":{"type":"LineString","coordinates":[[-110.96851,32.22562],[-110.9688,32.22584]]}},{"type":"Feature","properties":{"name":"Maclovio Barraza Parkway","highway":"primary","osm":"way/409903529"},"geometry":{"type":"LineString","coordinates":[[-110.9688,32.22584],[-110.97039,32.22684]]}},{"type":"Feature","properties":{"name":"West 6th Street","highway":"primary","osm":"way/409903533"},"geometry":{"type":"LineString","coordinates":[[-110.97676,32.22773],[-110.97813,32.22777]]}},{"type":"Feature","properties":{"name":"East 6th Street","highway":"primary","osm":"way/409903534"},"geometry":{"type":"LineString","coordinates":[[-110.9704,32.22801],[-110.97052,32.22807]]}},{"type":"Feature","properties":{"name":null,"highway":"unclassified","osm":"way/409903538"},"geometry":{"type":"LineString","coordinates":[[-110.96788,32.22511],[-110.96726,32.22553]]}},{"type":"Feature","properties":{"name":"East 6th Street","highway":"primary","osm":"way/409903545"},"geometry":{"type":"LineString","coordinates":[[-110.97112,32.22815],[-110.97058,32.22799]]}},{"type":"Feature","properties":{"name":"West Saint Mary's Road","highway":"secondary","osm":"way/409903548"},"geometry":{"type":"LineString","coordinates":[[-110.98288,32.2295],[-110.98365,32.22952]]}},{"type":"Feature","properties":{"name":"East 6th Street","highway":"secondary","osm":"way/409903550"},"geometry":{"type":"LineString","coordinates":[[-110.96944,32.22772],[-110.97027,32.2279]]}},{"type":"Feature","properties":{"name":null,"highway":"primary_link","osm":"way/409903552"},"geometry":{"type":"LineString","coordinates":[[-110.97112,32.22815],[-110.97074,32.22778]]}},{"type":"Feature","properties":{"name":null,"highway":"primary_link","osm":"way/409951236"},"geometry":{"type":"LineString","coordinates":[[-110.94912,32.20608],[-110.94871,32.20684]]}},{"type":"Feature","properties":{"name":null,"highway":"primary_link","osm":"way/409951237"},"geometry":{"type":"LineString","coordinates":[[-110.94884,32.20701],[-110.94919,32.20745]]}},{"type":"Feature","properties":{"name":null,"highway":"primary_link","osm":"way/409951238"},"geometry":{"type":"LineString","coordinates":[[-110.94998,32.20683],[-110.94973,32.20693]]}},{"type":"Feature","properties":{"name":null,"highway":"primary_link","osm":"way/409951239"},"geometry":{"type":"LineString","coordinates":[[-110.95005,32.20634],[-110.94967,32.20282]]}},{"type":"Feature","properties":{"name":null,"highway":"primary_link","osm":"way/409951240"},"geometry":{"type":"LineString","coordinates":[[-110.95046,32.20683],[-110.95005,32.20634]]}},{"type":"Feature","properties":{"name":null,"highway":"primary_link","osm":"way/409951241"},"geometry":{"type":"LineString","coordinates":[[-110.94912,32.20608],[-110.94923,32.20658],[-110.94962,32.20688]]}},{"type":"Feature","properties":{"name":null,"highway":"primary_link","osm":"way/409951242"},"geometry":{"type":"LineString","coordinates":[[-110.95016,32.20769],[-110.94973,32.20701]]}},{"type":"Feature","properties":{"name":"East 22nd Street","highway":"primary","osm":"way/409951243"},"geometry":{"type":"LineString","coordinates":[[-110.94912,32.20701],[-110.94973,32.20701]]}},{"type":"Feature","properties":{"name":null,"highway":"primary_link","osm":"way/409951244"},"geometry":{"type":"LineString","coordinates":[[-110.94933,32.20701],[-110.94962,32.20688]]}},{"type":"Feature","properties":{"name":null,"highway":"primary_link","osm":"way/409951245"},"geometry":{"type":"LineString","coordinates":[[-110.94919,32.20745],[-110.94934,32.21014]]}},{"type":"Feature","properties":{"name":null,"highway":"primary_link","osm":"way/409951246"},"geometry":{"type":"LineString","coordinates":[[-110.95016,32.20769],[-110.95049,32.20701]]}},{"type":"Feature","properties":{"name":"North 6th Avenue","highway":"tertiary","osm":"way/410135605"},"geometry":{"type":"LineString","coordinates":[[-110.96879,32.24384],[-110.96883,32.24798],[-110.96822,32.24932]]}},{"type":"Feature","properties":{"name":"North 6th Avenue","highway":"tertiary","osm":"way/410135607"},"geometry":{"type":"LineString","coordinates":[[-110.96878,32.24361],[-110.96879,32.24384]]}},{"type":"Feature","properties":{"name":"East Lester Street","highway":"residential","osm":"way/410135608"},"geometry":{"type":"LineString","coordinates":[[-110.95123,32.24371],[-110.94453,32.24374]]}},{"type":"Feature","properties":{"name":"East 2nd Street","highway":"tertiary","osm":"way/410140346"},"geometry":{"type":"LineString","coordinates":[[-110.95466,32.23379],[-110.95404,32.23379]]}},{"type":"Feature","properties":{"name":"East James E. Rogers Way","highway":"residential","osm":"way/410140351"},"geometry":{"type":"LineString","coordinates":[[-110.95392,32.23315],[-110.955,32.23293],[-110.95676,32.233]]}},{"type":"Feature","properties":{"name":"East 2nd Street","highway":"tertiary","osm":"way/410140357"},"geometry":{"type":"LineString","coordinates":[[-110.95404,32.23379],[-110.95138,32.23381]]}},{"type":"Feature","properties":{"name":"East 9th Street","highway":"residential","osm":"way/411261708"},"geometry":{"type":"LineString","coordinates":[[-110.96554,32.22385],[-110.96403,32.22385]]}},{"type":"Feature","properties":{"name":"East 9th Street","highway":"residential","osm":"way/411261723"},"geometry":{"type":"LineString","coordinates":[[-110.96327,32.22384],[-110.96007,32.22384]]}},{"type":"Feature","properties":{"name":"South Kino Parkway","highway":"primary","osm":"way/411530171"},"geometry":{"type":"LineString","coordinates":[[-110.94603,32.19006],[-110.94485,32.18755],[-110.94456,32.18569]]}},{"type":"Feature","properties":{"name":"South Kino Parkway","highway":"primary","osm":"way/411530173"},"geometry":{"type":"LineString","coordinates":[[-110.94945,32.19963],[-110.94951,32.20308]]}},{"type":"Feature","properties":{"name":"South Kino Parkway","highway":"primary","osm":"way/411530175"},"geometry":{"type":"LineString","coordinates":[[-110.94787,32.1941],[-110.9492,32.19703],[-110.94945,32.19963]]}},{"type":"Feature","properties":{"name":null,"highway":"primary_link","osm":"way/412248446"},"geometry":{"type":"LineString","coordinates":[[-110.95038,32.20821],[-110.9501,32.20799]]}},{"type":"Feature","properties":{"name":"North Oracle Road","highway":"secondary","osm":"way/412308087"},"geometry":{"type":"LineString","coordinates":[[-110.9779,32.24162],[-110.9779,32.24186]]}},{"type":"Feature","properties":{"name":"South Tucson Boulevard","highway":"tertiary","osm":"way/429427333"},"geometry":{"type":"LineString","coordinates":[[-110.93517,32.21723],[-110.93517,32.21709]]}},{"type":"Feature","properties":{"name":"South Tucson Boulevard","highway":"tertiary","osm":"way/429427334"},"geometry":{"type":"LineString","coordinates":[[-110.93518,32.22161],[-110.93517,32.21723]]}},{"type":"Feature","properties":{"name":"East Mabel Street","highway":"unclassified","osm":"way/432712248"},"geometry":{"type":"LineString","coordinates":[[-110.94526,32.23865],[-110.94452,32.23865]]}},{"type":"Feature","properties":{"name":null,"highway":"unclassified","osm":"way/432712249"},"geometry":{"type":"LineString","coordinates":[[-110.94423,32.23866],[-110.94442,32.23895]]}},{"type":"Feature","properties":{"name":"South Herbert Avenue","highway":"residential","osm":"way/434703666"},"geometry":{"type":"LineString","coordinates":[[-110.9663,32.21861],[-110.96631,32.21989]]}},{"type":"Feature","properties":{"name":"East 15th Street","highway":"residential","osm":"way/434706802"},"geometry":{"type":"LineString","coordinates":[[-110.96396,32.21598],[-110.96349,32.21599]]}},{"type":"Feature","properties":{"name":"East 14th Street","highway":"residential","osm":"way/434706804"},"geometry":{"type":"LineString","coordinates":[[-110.96393,32.21729],[-110.96351,32.21729]]}},{"type":"Feature","properties":{"name":null,"highway":"primary_link","osm":"way/434706805"},"geometry":{"type":"LineString","coordinates":[[-110.98302,32.22992],[-110.98327,32.22951]]}},{"type":"Feature","properties":{"name":null,"highway":"primary_link","osm":"way/434706807"},"geometry":{"type":"LineString","coordinates":[[-110.98171,32.22883],[-110.98165,32.22912],[-110.98137,32.22918]]}},{"type":"Feature","properties":{"name":null,"highway":"primary_link","osm":"way/434836765"},"geometry":{"type":"LineString","coordinates":[[-110.97859,32.2068],[-110.97901,32.20713]]}},{"type":"Feature","properties":{"name":"West 22nd Street","highway":"primary","osm":"way/434836766"},"geometry":{"type":"LineString","coordinates":[[-110.97819,32.20676],[-110.97859,32.2068]]}},{"type":"Feature","properties":{"name":null,"highway":"primary_link","osm":"way/434836767"},"geometry":{"type":"LineString","coordinates":[[-110.9801,32.20726],[-110.98038,32.20683]]}},{"type":"Feature","properties":{"name":null,"highway":"secondary_link","osm":"way/434836768"},"geometry":{"type":"LineString","coordinates":[[-110.98036,32.2067],[-110.9801,32.20641]]}},{"type":"Feature","properties":{"name":"West Starr Pass Boulevard","highway":"secondary","osm":"way/434836769"},"geometry":{"type":"LineString","coordinates":[[-110.98038,32.20683],[-110.98055,32.20677]]}},{"type":"Feature","properties":{"name":null,"highway":"primary_link","osm":"way/434836770"},"geometry":{"type":"LineString","coordinates":[[-110.97903,32.20625],[-110.97865,32.20671]]}},{"type":"Feature","properties":{"name":"West 22nd Street","highway":"primary","osm":"way/434836771"},"geometry":{"type":"LineString","coordinates":[[-110.97902,32.20669],[-110.97819,32.20676]]}},{"type":"Feature","properties":{"name":"South Kino Parkway","highway":"primary","osm":"way/434837049"},"geometry":{"type":"LineString","coordinates":[[-110.94459,32.17783],[-110.94458,32.17692]]}},{"type":"Feature","properties":{"name":"South Kino Parkway","highway":"primary","osm":"way/434837050"},"geometry":{"type":"LineString","coordinates":[[-110.94871,32.21165],[-110.94864,32.21176]]}},{"type":"Feature","properties":{"name":"North Martin Avenue","highway":"residential","osm":"way/435572960"},"geometry":{"type":"LineString","coordinates":[[-110.94526,32.23488],[-110.94526,32.23383]]}},{"type":"Feature","properties":{"name":"East Speedway Boulevard","highway":"primary","osm":"way/435863318"},"geometry":{"type":"LineString","coordinates":[[-110.96874,32.23591],[-110.96566,32.23593]]}},{"type":"Feature","properties":{"name":"East Broadway Boulevard","highway":"primary","osm":"way/435865907"},"geometry":{"type":"LineString","coordinates":[[-110.96194,32.22075],[-110.96121,32.22116]]}},{"type":"Feature","properties":{"name":"East Broadway Boulevard","highway":"primary","osm":"way/435865921"},"geometry":{"type":"LineString","coordinates":[[-110.96228,32.22053],[-110.96194,32.22075]]}},{"type":"Feature","properties":{"name":"West Drachman Street","highway":"residential","osm":"way/441546761"},"geometry":{"type":"LineString","coordinates":[[-110.97933,32.23921],[-110.97988,32.23939]]}},{"type":"Feature","properties":{"name":null,"highway":"residential","osm":"way/442480204"},"geometry":{"type":"LineString","coordinates":[[-110.9733,32.22908],[-110.97329,32.22892],[-110.9733,32.22908]]}},{"type":"Feature","properties":{"name":"West 5th Street","highway":"residential","osm":"way/442480225"},"geometry":{"type":"LineString","coordinates":[[-110.97339,32.229],[-110.97556,32.22904]]}},{"type":"Feature","properties":{"name":"North 9th Avenue","highway":"residential","osm":"way/442480226"},"geometry":{"type":"LineString","coordinates":[[-110.97331,32.23036],[-110.97331,32.23156]]}},{"type":"Feature","properties":{"name":"North Stone Avenue","highway":"tertiary","osm":"way/442484140"},"geometry":{"type":"LineString","coordinates":[[-110.97178,32.22706],[-110.97173,32.2264]]}},{"type":"Feature","properties":{"name":"North Stone Avenue","highway":"tertiary","osm":"way/442484143"},"geometry":{"type":"LineString","coordinates":[[-110.9717,32.22702],[-110.9717,32.22723]]}},{"type":"Feature","properties":{"name":"North Stone Avenue","highway":"tertiary","osm":"way/442484155"},"geometry":{"type":"LineString","coordinates":[[-110.97175,32.2277],[-110.97179,32.22727]]}},{"type":"Feature","properties":{"name":"North Stone Avenue","highway":"tertiary","osm":"way/442484156"},"geometry":{"type":"LineString","coordinates":[[-110.9717,32.22723],[-110.97175,32.2277]]}},{"type":"Feature","properties":{"name":"East Adams Street","highway":"residential","osm":"way/442531255"},"geometry":{"type":"LineString","coordinates":[[-110.96878,32.24053],[-110.96109,32.24057]]}},{"type":"Feature","properties":{"name":"North 1st Avenue","highway":"residential","osm":"way/443319647"},"geometry":{"type":"LineString","coordinates":[[-110.96109,32.24365],[-110.96102,32.24805]]}},{"type":"Feature","properties":{"name":"East Lester Street","highway":"residential","osm":"way/443319648"},"geometry":{"type":"LineString","coordinates":[[-110.96109,32.24362],[-110.95391,32.24369]]}},{"type":"Feature","properties":{"name":"North 1st Avenue","highway":"residential","osm":"way/443319649"},"geometry":{"type":"LineString","coordinates":[[-110.96105,32.23596],[-110.96109,32.24211]]}},{"type":"Feature","properties":{"name":"North 1st Avenue","highway":"residential","osm":"way/443319650"},"geometry":{"type":"LineString","coordinates":[[-110.96109,32.24362],[-110.96109,32.24365]]}},{"type":"Feature","properties":{"name":null,"highway":"residential","osm":"way/443859089"},"geometry":{"type":"LineString","coordinates":[[-110.96572,32.24366],[-110.96572,32.24366]]}},{"type":"Feature","properties":{"name":"East Drachman Street","highway":"residential","osm":"way/443859090"},"geometry":{"type":"LineString","coordinates":[[-110.96031,32.23957],[-110.95381,32.2396]]}},{"type":"Feature","properties":{"name":null,"highway":"residential","osm":"way/443859091"},"geometry":{"type":"LineString","coordinates":[[-110.96568,32.23731],[-110.96568,32.23731]]}},{"type":"Feature","properties":{"name":"East Helen Street","highway":"residential","osm":"way/443859092"},"geometry":{"type":"LineString","coordinates":[[-110.9603,32.23727],[-110.95874,32.23728]]}},{"type":"Feature","properties":{"name":"North 4th Avenue","highway":"residential","osm":"way/443859093"},"geometry":{"type":"LineString","coordinates":[[-110.9657,32.24005],[-110.96571,32.2421]]}},{"type":"Feature","properties":{"name":"North 4th Avenue","highway":"residential","osm":"way/443859095"},"geometry":{"type":"LineString","coordinates":[[-110.96567,32.23642],[-110.96568,32.23718]]}},{"type":"Feature","properties":{"name":"East Lester Street","highway":"residential","osm":"way/443859096"},"geometry":{"type":"LineString","coordinates":[[-110.96567,32.24361],[-110.96109,32.24365]]}},{"type":"Feature","properties":{"name":"North 4th Avenue","highway":"residential","osm":"way/443859097"},"geometry":{"type":"LineString","coordinates":[[-110.96568,32.23731],[-110.96569,32.23948]]}},{"type":"Feature","properties":{"name":"East Helen Street","highway":"residential","osm":"way/443859098"},"geometry":{"type":"LineString","coordinates":[[-110.96644,32.23724],[-110.968,32.23725]]}},{"type":"Feature","properties":{"name":null,"highway":"residential","osm":"way/443859099"},"geometry":{"type":"LineString","coordinates":[[-110.96576,32.23953],[-110.96576,32.23953]]}},{"type":"Feature","properties":{"name":"East Drachman Street","highway":"residential","osm":"way/443859100"},"geometry":{"type":"LineString","coordinates":[[-110.96876,32.23952],[-110.96576,32.23953]]}},{"type":"Feature","properties":{"name":null,"highway":"secondary_link","osm":"way/443875766"},"geometry":{"type":"LineString","coordinates":[[-110.9779,32.24052],[-110.9781,32.24114]]}},{"type":"Feature","properties":{"name":"East Anatole Street","highway":"living_street","osm":"way/445397144"},"geometry":{"type":"LineString","coordinates":[[-110.96227,32.21508],[-110.96243,32.21507]]}},{"type":"Feature","properties":{"name":"East Codd Street","highway":"residential","osm":"way/445397145"},"geometry":{"type":"LineString","coordinates":[[-110.96303,32.21763],[-110.96351,32.21763]]}},{"type":"Feature","properties":{"name":"South Ott Avenue","highway":"residential","osm":"way/445397146"},"geometry":{"type":"LineString","coordinates":[[-110.96398,32.2186],[-110.96352,32.21829]]}},{"type":"Feature","properties":{"name":"North Olsen Avenue","highway":"residential","osm":"way/446200275"},"geometry":{"type":"LineString","coordinates":[[-110.94095,32.22218],[-110.94111,32.2427]]}},{"type":"Feature","properties":{"name":"East 2nd Street","highway":"residential","osm":"way/447125657"},"geometry":{"type":"LineString","coordinates":[[-110.95948,32.23299],[-110.95676,32.233]]}},{"type":"Feature","properties":{"name":"West Drachman Street","highway":"tertiary","osm":"way/447597219"},"geometry":{"type":"LineString","coordinates":[[-110.97185,32.23948],[-110.97292,32.23947]]}},{"type":"Feature","properties":{"name":"North Stone Avenue","highway":"secondary","osm":"way/447627865"},"geometry":{"type":"LineString","coordinates":[[-110.97182,32.236],[-110.97183,32.2368]]}},{"type":"Feature","properties":{"name":"East 1st Street","highway":"residential","osm":"way/448722240"},"geometry":{"type":"LineString","coordinates":[[-110.95799,32.23431],[-110.95677,32.23433]]}},{"type":"Feature","properties":{"name":"South Arizona Avenue","highway":"residential","osm":"way/448735140"},"geometry":{"type":"LineString","coordinates":[[-110.96783,32.21728],[-110.96773,32.20685]]}},{"type":"Feature","properties":{"name":"East 2nd Street","highway":"tertiary","osm":"way/448780540"},"geometry":{"type":"LineString","coordinates":[[-110.95645,32.23383],[-110.95507,32.23376]]}},{"type":"Feature","properties":{"name":"East 2nd Street","highway":"tertiary","osm":"way/448780547"},"geometry":{"type":"LineString","coordinates":[[-110.95466,32.23379],[-110.95507,32.23382]]}},{"type":"Feature","properties":{"name":"East 2nd Street","highway":"tertiary","osm":"way/448781478"},"geometry":{"type":"LineString","coordinates":[[-110.94678,32.23383],[-110.94736,32.23387]]}},{"type":"Feature","properties":{"name":"East 2nd Street","highway":"tertiary","osm":"way/448781482"},"geometry":{"type":"LineString","coordinates":[[-110.95138,32.23381],[-110.95132,32.23378]]}},{"type":"Feature","properties":{"name":"East 2nd Street","highway":"tertiary","osm":"way/448781486"},"geometry":{"type":"LineString","coordinates":[[-110.94678,32.23383],[-110.94676,32.23383]]}},{"type":"Feature","properties":{"name":"East 2nd Street","highway":"tertiary","osm":"way/448781505"},"geometry":{"type":"LineString","coordinates":[[-110.94942,32.23382],[-110.94813,32.23383]]}},{"type":"Feature","properties":{"name":"East 2nd Street","highway":"tertiary","osm":"way/448781510"},"geometry":{"type":"LineString","coordinates":[[-110.94813,32.23383],[-110.94678,32.23383]]}},{"type":"Feature","properties":{"name":"East 2nd Street","highway":"tertiary","osm":"way/448783935"},"geometry":{"type":"LineString","coordinates":[[-110.9503,32.23378],[-110.95015,32.23382]]}},{"type":"Feature","properties":{"name":"East 2nd Street","highway":"tertiary","osm":"way/448783937"},"geometry":{"type":"LineString","coordinates":[[-110.95507,32.23382],[-110.95645,32.23383]]}},{"type":"Feature","properties":{"name":"East University Boulevard","highway":"tertiary","osm":"way/448783940"},"geometry":{"type":"LineString","coordinates":[[-110.95847,32.23169],[-110.95794,32.2317]]}},{"type":"Feature","properties":{"name":"East 2nd Street","highway":"tertiary","osm":"way/448783942"},"geometry":{"type":"LineString","coordinates":[[-110.95133,32.23384],[-110.95138,32.23381]]}},{"type":"Feature","properties":{"name":"East University Boulevard","highway":"tertiary","osm":"way/448783944"},"geometry":{"type":"LineString","coordinates":[[-110.95794,32.2317],[-110.95847,32.23169]]}},{"type":"Feature","properties":{"name":"East 2nd Street","highway":"tertiary","osm":"way/448783948"},"geometry":{"type":"LineString","coordinates":[[-110.94799,32.23386],[-110.94813,32.23383]]}},{"type":"Feature","properties":{"name":"Olive Road","highway":"unclassified","osm":"way/448783950"},"geometry":{"type":"LineString","coordinates":[[-110.95507,32.23382],[-110.95507,32.23376]]}},{"type":"Feature","properties":{"name":"East University Boulevard","highway":"tertiary","osm":"way/448785787"},"geometry":{"type":"LineString","coordinates":[[-110.96461,32.23166],[-110.96453,32.23163]]}},{"type":"Feature","properties":{"name":"East University Boulevard","highway":"tertiary","osm":"way/448785794"},"geometry":{"type":"LineString","coordinates":[[-110.96417,32.23166],[-110.95948,32.23169]]}},{"type":"Feature","properties":{"name":"East University Boulevard","highway":"tertiary","osm":"way/448785796"},"geometry":{"type":"LineString","coordinates":[[-110.96423,32.23163],[-110.96417,32.23166]]}},{"type":"Feature","properties":{"name":"East University Boulevard","highway":"tertiary","osm":"way/448785798"},"geometry":{"type":"LineString","coordinates":[[-110.96417,32.23166],[-110.96461,32.23166]]}},{"type":"Feature","properties":{"name":"North 4th Avenue","highway":"tertiary","osm":"way/448789588"},"geometry":{"type":"LineString","coordinates":[[-110.9656,32.22774],[-110.96562,32.22953]]}},{"type":"Feature","properties":{"name":"North 4th Avenue","highway":"tertiary","osm":"way/448789591"},"geometry":{"type":"LineString","coordinates":[[-110.96558,32.22513],[-110.96558,32.22452]]}},{"type":"Feature","properties":{"name":"North 4th Avenue","highway":"tertiary","osm":"way/448789595"},"geometry":{"type":"LineString","coordinates":[[-110.96562,32.23002],[-110.96562,32.22953]]}},{"type":"Feature","properties":{"name":"North 4th Avenue","highway":"tertiary","osm":"way/448789607"},"geometry":{"type":"LineString","coordinates":[[-110.9656,32.22727],[-110.9656,32.22687]]}},{"type":"Feature","properties":{"name":"North 4th Avenue","highway":"tertiary","osm":"way/448789611"},"geometry":{"type":"LineString","coordinates":[[-110.96553,32.22418],[-110.96557,32.22427]]}},{"type":"Feature","properties":{"name":"East 6th Street","highway":"secondary","osm":"way/452135766"},"geometry":{"type":"LineString","coordinates":[[-110.94521,32.22786],[-110.93502,32.22791]]}},{"type":"Feature","properties":{"name":"East 8th Street","highway":"unclassified","osm":"way/452135770"},"geometry":{"type":"LineString","coordinates":[[-110.96558,32.22513],[-110.96693,32.22512]]}},{"type":"Feature","properties":{"name":"East Ajo Way","highway":"primary","osm":"way/453465513"},"geometry":{"type":"LineString","coordinates":[[-110.94325,32.17783],[-110.94154,32.17784]]}},{"type":"Feature","properties":{"name":null,"highway":"unclassified","osm":"way/462248484"},"geometry":{"type":"LineString","coordinates":[[-110.95859,32.17217],[-110.95627,32.17219]]}},{"type":"Feature","properties":{"name":null,"highway":"motorway_link","osm":"way/463599555"},"geometry":{"type":"LineString","coordinates":[[-110.95582,32.18371],[-110.95657,32.18396]]}},{"type":"Feature","properties":{"name":"West Drachman Street","highway":"tertiary","osm":"way/473673069"},"geometry":{"type":"LineString","coordinates":[[-110.97292,32.23947],[-110.9749,32.23946]]}},{"type":"Feature","properties":{"name":"North Stone Avenue","highway":"secondary","osm":"way/478375371"},"geometry":{"type":"LineString","coordinates":[[-110.97182,32.23584],[-110.97175,32.22833]]}},{"type":"Feature","properties":{"name":"North Freeway Road","highway":"primary","osm":"way/479617653"},"geometry":{"type":"LineString","coordinates":[[-110.98288,32.2295],[-110.98283,32.22933]]}},{"type":"Feature","properties":{"name":"North 7th Avenue","highway":"residential","osm":"way/482781979"},"geometry":{"type":"LineString","coordinates":[[-110.97022,32.22804],[-110.97024,32.23024]]}},{"type":"Feature","properties":{"name":"South Toole Avenue","highway":"tertiary","osm":"way/482781986"},"geometry":{"type":"LineString","coordinates":[[-110.96318,32.22013],[-110.96107,32.21809],[-110.96064,32.21569]]}},{"type":"Feature","properties":{"name":null,"highway":"primary_link","osm":"way/487896024"},"geometry":{"type":"LineString","coordinates":[[-110.94708,32.207],[-110.94788,32.20685]]}},{"type":"Feature","properties":{"name":"North 6th Avenue","highway":"tertiary","osm":"way/488111295"},"geometry":{"type":"LineString","coordinates":[[-110.96874,32.23652],[-110.96876,32.23952]]}},{"type":"Feature","properties":{"name":"South 4th Avenue","highway":"tertiary","osm":"way/489648672"},"geometry":{"type":"LineString","coordinates":[[-110.96529,32.18876],[-110.96532,32.19243]]}},{"type":"Feature","properties":{"name":"South Stone Avenue","highway":"tertiary","osm":"way/489653244"},"geometry":{"type":"LineString","coordinates":[[-110.97104,32.22044],[-110.97095,32.21996]]}},{"type":"Feature","properties":{"name":"South Stone Avenue","highway":"tertiary","osm":"way/489653247"},"geometry":{"type":"LineString","coordinates":[[-110.97095,32.21996],[-110.97078,32.21909]]}},{"type":"Feature","properties":{"name":"South Stone Avenue","highway":"tertiary","osm":"way/489653248"},"geometry":{"type":"LineString","coordinates":[[-110.96996,32.21464],[-110.96969,32.21334]]}},{"type":"Feature","properties":{"name":"South 10th Avenue","highway":"tertiary","osm":"way/489656348"},"geometry":{"type":"LineString","coordinates":[[-110.9744,32.21202],[-110.97466,32.2116],[-110.97468,32.2107]]}},{"type":"Feature","properties":{"name":"South Main Avenue","highway":"tertiary","osm":"way/489656349"},"geometry":{"type":"LineString","coordinates":[[-110.97435,32.21583],[-110.97433,32.21491]]}},{"type":"Feature","properties":{"name":"South Main Avenue","highway":"tertiary","osm":"way/489656350"},"geometry":{"type":"LineString","coordinates":[[-110.97433,32.21491],[-110.97429,32.2133]]}},{"type":"Feature","properties":{"name":"West 44th Street","highway":"residential","osm":"way/489656351"},"geometry":{"type":"LineString","coordinates":[[-110.97757,32.18504],[-110.98349,32.18508]]}},{"type":"Feature","properties":{"name":"South 12th Avenue","highway":"secondary","osm":"way/489656352"},"geometry":{"type":"LineString","coordinates":[[-110.97752,32.16322],[-110.97755,32.17007]]}},{"type":"Feature","properties":{"name":"South Park Avenue","highway":"secondary","osm":"way/489659328"},"geometry":{"type":"LineString","coordinates":[[-110.95635,32.18035],[-110.95631,32.17921]]}},{"type":"Feature","properties":{"name":"South Park Avenue","highway":"secondary","osm":"way/489659329"},"geometry":{"type":"LineString","coordinates":[[-110.95634,32.18169],[-110.95635,32.1809]]}},{"type":"Feature","properties":{"name":"South Park Avenue","highway":"secondary","osm":"way/489659330"},"geometry":{"type":"LineString","coordinates":[[-110.95624,32.17973],[-110.95621,32.17996]]}},{"type":"Feature","properties":{"name":"South Kino Parkway","highway":"primary","osm":"way/489662153"},"geometry":{"type":"LineString","coordinates":[[-110.94439,32.18025],[-110.94434,32.18338]]}},{"type":"Feature","properties":{"name":"South Kino Parkway","highway":"primary","osm":"way/489662154"},"geometry":{"type":"LineString","coordinates":[[-110.94455,32.18506],[-110.94455,32.18172]]}},{"type":"Feature","properties":{"name":"East 36th Street","highway":"secondary","osm":"way/489956018"},"geometry":{"type":"LineString","coordinates":[[-110.95133,32.19239],[-110.9621,32.19243]]}},{"type":"Feature","properties":{"name":"East 36th Street","highway":"secondary","osm":"way/489956021"},"geometry":{"type":"LineString","coordinates":[[-110.94356,32.19242],[-110.93583,32.19245]]}},{"type":"Feature","properties":{"name":"West Silverlake Road","highway":"secondary","osm":"way/489956954"},"geometry":{"type":"LineString","coordinates":[[-110.98033,32.19945],[-110.97975,32.19944]]}},{"type":"Feature","properties":{"name":"West 29th Street","highway":"tertiary","osm":"way/489956959"},"geometry":{"type":"LineString","coordinates":[[-110.97848,32.19942],[-110.97798,32.19943]]}},{"type":"Feature","properties":{"name":"East Silverlake Road","highway":"tertiary","osm":"way/489956960"},"geometry":{"type":"LineString","coordinates":[[-110.9556,32.19963],[-110.95051,32.19965]]}},{"type":"Feature","properties":{"name":"West 22nd Street","highway":"primary","osm":"way/489959180"},"geometry":{"type":"LineString","coordinates":[[-110.98009,32.20669],[-110.97902,32.20669]]}},{"type":"Feature","properties":{"name":"West 22nd Street","highway":"primary","osm":"way/489959181"},"geometry":{"type":"LineString","coordinates":[[-110.97763,32.20676],[-110.97796,32.20676]]}},{"type":"Feature","properties":{"name":"West 22nd Street","highway":"primary","osm":"way/489959182"},"geometry":{"type":"LineString","coordinates":[[-110.9708,32.20681],[-110.97158,32.2068]]}},{"type":"Feature","properties":{"name":"West 22nd Street","highway":"primary","osm":"way/489959185"},"geometry":{"type":"LineString","coordinates":[[-110.97004,32.20681],[-110.9708,32.20681]]}},{"type":"Feature","properties":{"name":"East 22nd Street","highway":"primary","osm":"way/489959190"},"geometry":{"type":"LineString","coordinates":[[-110.96696,32.20683],[-110.96107,32.20686]]}},{"type":"Feature","properties":{"name":"East Pennington Street","highway":"tertiary","osm":"way/525065882"},"geometry":{"type":"LineString","coordinates":[[-110.96817,32.22357],[-110.96797,32.22376]]}},{"type":"Feature","properties":{"name":"East Pennington Street","highway":"tertiary","osm":"way/525065883"},"geometry":{"type":"LineString","coordinates":[[-110.96998,32.22312],[-110.96864,32.22341]]}},{"type":"Feature","properties":{"name":null,"highway":"tertiary","osm":"way/525065884"},"geometry":{"type":"LineString","coordinates":[[-110.96807,32.2235],[-110.96777,32.22359]]}},{"type":"Feature","properties":{"name":"North Oracle Road","highway":"secondary","osm":"way/525599787"},"geometry":{"type":"LineString","coordinates":[[-110.97809,32.24045],[-110.97807,32.24028]]}},{"type":"Feature","properties":{"name":"North Main Avenue","highway":"unclassified","osm":"way/529121707"},"geometry":{"type":"LineString","coordinates":[[-110.97605,32.2251],[-110.97674,32.22736]]}},{"type":"Feature","properties":{"name":"North Main Avenue","highway":"unclassified","osm":"way/529121719"},"geometry":{"type":"LineString","coordinates":[[-110.97674,32.22736],[-110.97682,32.22763]]}},{"type":"Feature","properties":{"name":"North Main Avenue","highway":"unclassified","osm":"way/529121720"},"geometry":{"type":"LineString","coordinates":[[-110.97674,32.22736],[-110.97605,32.2251]]}},{"type":"Feature","properties":{"name":"West Drachman Street","highway":"tertiary","osm":"way/539540231"},"geometry":{"type":"LineString","coordinates":[[-110.97683,32.23945],[-110.97752,32.23948]]}},{"type":"Feature","properties":{"name":"East 21st Street","highway":"unclassified","osm":"way/540538423"},"geometry":{"type":"LineString","coordinates":[[-110.95778,32.20818],[-110.95622,32.2082]]}},{"type":"Feature","properties":{"name":"East 20th Street","highway":"residential","osm":"way/540538426"},"geometry":{"type":"LineString","coordinates":[[-110.96545,32.20943],[-110.96397,32.20944]]}},{"type":"Feature","properties":{"name":null,"highway":"primary_link","osm":"way/543645211"},"geometry":{"type":"LineString","coordinates":[[-110.94947,32.21024],[-110.9501,32.20799]]}},{"type":"Feature","properties":{"name":"East 22nd Street","highway":"primary","osm":"way/547347614"},"geometry":{"type":"LineString","coordinates":[[-110.93517,32.20698],[-110.93807,32.20694]]}},{"type":"Feature","properties":{"name":"East 22nd Street","highway":"primary","osm":"way/547347615"},"geometry":{"type":"LineString","coordinates":[[-110.94788,32.20685],[-110.94742,32.20685]]}},{"type":"Feature","properties":{"name":"East 22nd Street","highway":"primary","osm":"way/547347616"},"geometry":{"type":"LineString","coordinates":[[-110.94646,32.20696],[-110.94801,32.20701]]}},{"type":"Feature","properties":{"name":"South Freeway Road","highway":"secondary","osm":"way/547347617"},"geometry":{"type":"LineString","coordinates":[[-110.97975,32.19944],[-110.97969,32.19893]]}},{"type":"Feature","properties":{"name":"South Freeway Road","highway":"secondary","osm":"way/547347618"},"geometry":{"type":"LineString","coordinates":[[-110.97879,32.20062],[-110.97903,32.20625]]}},{"type":"Feature","properties":{"name":"East Speedway Boulevard","highway":"primary","osm":"way/547347621"},"geometry":{"type":"LineString","coordinates":[[-110.96874,32.23591],[-110.97028,32.2359]]}},{"type":"Feature","properties":{"name":"East 29th Street","highway":"tertiary","osm":"way/547771832"},"geometry":{"type":"LineString","coordinates":[[-110.96787,32.19957],[-110.96591,32.19958]]}},{"type":"Feature","properties":{"name":"East 35th Street","highway":"residential","osm":"way/547771837"},"geometry":{"type":"LineString","coordinates":[[-110.96533,32.19347],[-110.96201,32.19348]]}},{"type":"Feature","properties":{"name":"South 4th Avenue","highway":"tertiary","osm":"way/547771840"},"geometry":{"type":"LineString","coordinates":[[-110.96529,32.18876],[-110.96527,32.18713]]}},{"type":"Feature","properties":{"name":"North Euclid Avenue","highway":"secondary","osm":"way/547771845"},"geometry":{"type":"LineString","coordinates":[[-110.95945,32.22138],[-110.95945,32.22149]]}},{"type":"Feature","properties":{"name":"North Highland Avenue","highway":"unclassified","osm":"way/548278021"},"geometry":{"type":"LineString","coordinates":[[-110.951,32.2304],[-110.95102,32.22778]]}},{"type":"Feature","properties":{"name":"South 12th Avenue","highway":"secondary","osm":"way/548278025"},"geometry":{"type":"LineString","coordinates":[[-110.97757,32.18504],[-110.97758,32.18454]]}},{"type":"Feature","properties":{"name":"West Ajo Way","highway":"primary","osm":"way/548278035"},"geometry":{"type":"LineString","coordinates":[[-110.97774,32.17781],[-110.98116,32.17784]]}},{"type":"Feature","properties":{"name":"North Davila Circle","highway":"residential","osm":"way/550657163"},"geometry":{"type":"LineString","coordinates":[[-110.98506,32.22196],[-110.98511,32.2218],[-110.98506,32.22196]]}},{"type":"Feature","properties":{"name":null,"highway":"motorway_link","osm":"way/553299927"},"geometry":{"type":"LineString","coordinates":[[-110.98371,32.16327],[-110.98386,32.16439],[-110.98525,32.16649],[-110.98544,32.16941]]}},{"type":"Feature","properties":{"name":"East Tucson Marketplace Boulevard","highway":"unclassified","osm":"way/559345514"},"geometry":{"type":"LineString","coordinates":[[-110.9539,32.18714],[-110.95609,32.18717]]}},{"type":"Feature","properties":{"name":"East Tucson Marketplace Boulevard","highway":"unclassified","osm":"way/559345515"},"geometry":{"type":"LineString","coordinates":[[-110.95609,32.18708],[-110.9539,32.18714]]}},{"type":"Feature","properties":{"name":null,"highway":"motorway_link","osm":"way/561638074"},"geometry":{"type":"LineString","coordinates":[[-110.98516,32.1806],[-110.98479,32.18361]]}},{"type":"Feature","properties":{"name":null,"highway":"primary_link","osm":"way/561639672"},"geometry":{"type":"LineString","coordinates":[[-110.98623,32.17708],[-110.98607,32.17558]]}},{"type":"Feature","properties":{"name":"West 22nd Street","highway":"primary","osm":"way/573880874"},"geometry":{"type":"LineString","coordinates":[[-110.97311,32.2068],[-110.97465,32.20678]]}},{"type":"Feature","properties":{"name":"South Meyer Avenue","highway":"residential","osm":"way/573880882"},"geometry":{"type":"LineString","coordinates":[[-110.97237,32.20809],[-110.97237,32.2068]]}},{"type":"Feature","properties":{"name":"West 22nd Street","highway":"primary","osm":"way/573880888"},"geometry":{"type":"LineString","coordinates":[[-110.97158,32.2068],[-110.97237,32.2068]]}},{"type":"Feature","properties":{"name":"West 22nd Street","highway":"primary","osm":"way/573880895"},"geometry":{"type":"LineString","coordinates":[[-110.97237,32.2068],[-110.97311,32.2068]]}},{"type":"Feature","properties":{"name":"East 22nd Street","highway":"primary","osm":"way/573883488"},"geometry":{"type":"LineString","coordinates":[[-110.95621,32.20689],[-110.95313,32.2069]]}},{"type":"Feature","properties":{"name":"East 22nd Street","highway":"primary","osm":"way/573883497"},"geometry":{"type":"LineString","coordinates":[[-110.95699,32.20689],[-110.95621,32.20689]]}},{"type":"Feature","properties":{"name":"East Potter Park Court","highway":"residential","osm":"way/593542886"},"geometry":{"type":"LineString","coordinates":[[-110.93769,32.24469],[-110.93747,32.24468]]}},{"type":"Feature","properties":{"name":"North Leighton Place","highway":"residential","osm":"way/593542892"},"geometry":{"type":"LineString","coordinates":[[-110.93819,32.24318],[-110.93847,32.24335],[-110.93847,32.2439]]}},{"type":"Feature","properties":{"name":"North Leighton Place","highway":"residential","osm":"way/593542893"},"geometry":{"type":"LineString","coordinates":[[-110.93865,32.2439],[-110.93829,32.2439]]}},{"type":"Feature","properties":{"name":"East Ambassador Court","highway":"residential","osm":"way/593542894"},"geometry":{"type":"LineString","coordinates":[[-110.9385,32.24351],[-110.93921,32.24351]]}},{"type":"Feature","properties":{"name":"East Ambassador Court","highway":"residential","osm":"way/593542895"},"geometry":{"type":"LineString","coordinates":[[-110.93921,32.24367],[-110.93921,32.24336]]}},{"type":"Feature","properties":{"name":"South Star Avenue","highway":"residential","osm":"way/595494051"},"geometry":{"type":"LineString","coordinates":[[-110.95401,32.2178],[-110.95397,32.21505],[-110.95369,32.2148]]}},{"type":"Feature","properties":{"name":"South Highland Avenue","highway":"tertiary","osm":"way/595494603"},"geometry":{"type":"LineString","coordinates":[[-110.95168,32.21673],[-110.95162,32.21381]]}},{"type":"Feature","properties":{"name":"East Tucson Marketplace Boulevard","highway":"unclassified","osm":"way/598754875"},"geometry":{"type":"LineString","coordinates":[[-110.94862,32.18254],[-110.94772,32.18235]]}},{"type":"Feature","properties":{"name":"East Tucson Marketplace Boulevard","highway":"unclassified","osm":"way/598754878"},"geometry":{"type":"LineString","coordinates":[[-110.94772,32.18235],[-110.94725,32.18215]]}},{"type":"Feature","properties":{"name":"East Tucson Marketplace Boulevard","highway":"unclassified","osm":"way/598754881"},"geometry":{"type":"LineString","coordinates":[[-110.94842,32.18281],[-110.94771,32.18434],[-110.9472,32.18487]]}},{"type":"Feature","properties":{"name":"East Tucson Marketplace Boulevard","highway":"unclassified","osm":"way/598754884"},"geometry":{"type":"LineString","coordinates":[[-110.9496,32.18317],[-110.94899,32.18283]]}},{"type":"Feature","properties":{"name":"East Tucson Marketplace Boulevard","highway":"unclassified","osm":"way/598754885"},"geometry":{"type":"LineString","coordinates":[[-110.94874,32.18299],[-110.9496,32.18317]]}},{"type":"Feature","properties":{"name":"South Scott Avenue","highway":"residential","osm":"way/604238816"},"geometry":{"type":"LineString","coordinates":[[-110.96961,32.21848],[-110.96951,32.21726]]}},{"type":"Feature","properties":{"name":"West Washington Street","highway":"residential","osm":"way/604238820"},"geometry":{"type":"LineString","coordinates":[[-110.97581,32.22421],[-110.97468,32.22441]]}},{"type":"Feature","properties":{"name":"Nogales–Tucson Highway","highway":"motorway","osm":"way/604384537"},"geometry":{"type":"LineString","coordinates":[[-110.98231,32.18875],[-110.98318,32.18732]]}},{"type":"Feature","properties":{"name":null,"highway":"motorway_link","osm":"way/604389525"},"geometry":{"type":"LineString","coordinates":[[-110.98503,32.17711],[-110.98473,32.17772]]}},{"type":"Feature","properties":{"name":null,"highway":"primary_link","osm":"way/604389527"},"geometry":{"type":"LineString","coordinates":[[-110.98596,32.17756],[-110.98623,32.17708]]}},{"type":"Feature","properties":{"name":null,"highway":"motorway_link","osm":"way/604389530"},"geometry":{"type":"LineString","coordinates":[[-110.98503,32.17711],[-110.98528,32.17754]]}},{"type":"Feature","properties":{"name":null,"highway":"motorway_link","osm":"way/604389531"},"geometry":{"type":"LineString","coordinates":[[-110.98624,32.1785],[-110.98596,32.17803]]}},{"type":"Feature","properties":{"name":null,"highway":"motorway_link","osm":"way/604389532"},"geometry":{"type":"LineString","coordinates":[[-110.98463,32.17791],[-110.98502,32.17841]]}},{"type":"Feature","properties":{"name":null,"highway":"motorway_link","osm":"way/604389534"},"geometry":{"type":"LineString","coordinates":[[-110.98528,32.17754],[-110.98547,32.1777]]}},{"type":"Feature","properties":{"name":null,"highway":"motorway_link","osm":"way/604389536"},"geometry":{"type":"LineString","coordinates":[[-110.98624,32.1785],[-110.9863,32.17809],[-110.98665,32.17787]]}},{"type":"Feature","properties":{"name":null,"highway":"residential","osm":"way/612063787"},"geometry":{"type":"LineString","coordinates":[[-110.98476,32.24308],[-110.98448,32.24237]]}},{"type":"Feature","properties":{"name":"North 2nd Avenue","highway":"residential","osm":"way/623295394"},"geometry":{"type":"LineString","coordinates":[[-110.9626,32.23656],[-110.96266,32.24467]]}},{"type":"Feature","properties":{"name":"North 2nd Avenue","highway":"residential","osm":"way/623295395"},"geometry":{"type":"LineString","coordinates":[[-110.96259,32.23595],[-110.9626,32.23656]]}},{"type":"Feature","properties":{"name":"East Speedway Boulevard","highway":"primary","osm":"way/623295396"},"geometry":{"type":"LineString","coordinates":[[-110.96259,32.23595],[-110.96105,32.23596]]}},{"type":"Feature","properties":{"name":"East Speedway Boulevard","highway":"primary","osm":"way/623295740"},"geometry":{"type":"LineString","coordinates":[[-110.93961,32.23598],[-110.9368,32.236]]}},{"type":"Feature","properties":{"name":null,"highway":"motorway_link","osm":"way/624543411"},"geometry":{"type":"LineString","coordinates":[[-110.97423,32.18995],[-110.9748,32.19073]]}},{"type":"Feature","properties":{"name":null,"highway":"motorway_link","osm":"way/624543413"},"geometry":{"type":"LineString","coordinates":[[-110.9748,32.19073],[-110.97607,32.19413]]}},{"type":"Feature","properties":{"name":null,"highway":"motorway_link","osm":"way/624544915"},"geometry":{"type":"LineString","coordinates":[[-110.97424,32.18955],[-110.97352,32.18895]]}},{"type":"Feature","properties":{"name":"North Mountain Avenue","highway":"tertiary","osm":"way/625018917"},"geometry":{"type":"LineString","coordinates":[[-110.95233,32.23381],[-110.95236,32.23325]]}},{"type":"Feature","properties":{"name":"North Mountain Avenue","highway":"tertiary","osm":"way/625018918"},"geometry":{"type":"LineString","coordinates":[[-110.9523,32.23325],[-110.95233,32.23381]]}},{"type":"Feature","properties":{"name":"South Highland Avenue","highway":"residential","osm":"way/626113711"},"geometry":{"type":"LineString","coordinates":[[-110.95138,32.20683],[-110.95136,32.20563]]}},{"type":"Feature","properties":{"name":"Maclovio Barraza Parkway","highway":"primary","osm":"way/633130432"},"geometry":{"type":"LineString","coordinates":[[-110.96214,32.22084],[-110.96359,32.22167]]}},{"type":"Feature","properties":{"name":"North Tucson Boulevard","highway":"tertiary","osm":"way/635175550"},"geometry":{"type":"LineString","coordinates":[[-110.93532,32.2318],[-110.93532,32.2319]]}},{"type":"Feature","properties":{"name":"North Tucson Boulevard","highway":"tertiary","osm":"way/635175553"},"geometry":{"type":"LineString","coordinates":[[-110.93532,32.2317],[-110.93532,32.2318]]}},{"type":"Feature","properties":{"name":"North Tucson Boulevard","highway":"secondary","osm":"way/635175555"},"geometry":{"type":"LineString","coordinates":[[-110.93536,32.23131],[-110.93532,32.2317]]}},{"type":"Feature","properties":{"name":"North Tucson Boulevard","highway":"secondary","osm":"way/635175558"},"geometry":{"type":"LineString","coordinates":[[-110.93532,32.2319],[-110.93536,32.23229]]}},{"type":"Feature","properties":{"name":"North Tucson Boulevard","highway":"tertiary","osm":"way/635175561"},"geometry":{"type":"LineString","coordinates":[[-110.93518,32.22198],[-110.93521,32.2228]]}},{"type":"Feature","properties":{"name":"North Tucson Boulevard","highway":"secondary","osm":"way/635175563"},"geometry":{"type":"LineString","coordinates":[[-110.93536,32.23229],[-110.93538,32.23179]]}},{"type":"Feature","properties":{"name":"West 4th Street","highway":"residential","osm":"way/635191758"},"geometry":{"type":"LineString","coordinates":[[-110.97792,32.23046],[-110.9775,32.23032]]}},{"type":"Feature","properties":{"name":"West 4th Street","highway":"residential","osm":"way/635191765"},"geometry":{"type":"LineString","coordinates":[[-110.9775,32.23032],[-110.97759,32.2304]]}},{"type":"Feature","properties":{"name":"West 4th Street","highway":"residential","osm":"way/635191774"},"geometry":{"type":"LineString","coordinates":[[-110.97759,32.2304],[-110.97791,32.23069]]}},{"type":"Feature","properties":{"name":"North Granada Avenue","highway":"secondary","osm":"way/635191783"},"geometry":{"type":"LineString","coordinates":[[-110.97791,32.23056],[-110.97791,32.23069]]}},{"type":"Feature","properties":{"name":"West Alameda Street","highway":"tertiary","osm":"way/635897357"},"geometry":{"type":"LineString","coordinates":[[-110.97371,32.2235],[-110.97322,32.22369]]}},{"type":"Feature","properties":{"name":"West Alameda Street","highway":"tertiary","osm":"way/635897358"},"geometry":{"type":"LineString","coordinates":[[-110.97456,32.22338],[-110.97527,32.223]]}},{"type":"Feature","properties":{"name":"North Tyndall Avenue","highway":"residential","osm":"way/635921447"},"geometry":{"type":"LineString","coordinates":[[-110.95791,32.2215],[-110.95792,32.22656]]}},{"type":"Feature","properties":{"name":"East 6th Street","highway":"secondary","osm":"way/635921458"},"geometry":{"type":"LineString","coordinates":[[-110.9579,32.22777],[-110.9578,32.22777]]}},{"type":"Feature","properties":{"name":"East 6th Street","highway":"secondary","osm":"way/635921465"},"geometry":{"type":"LineString","coordinates":[[-110.96201,32.22776],[-110.9596,32.22777]]}},{"type":"Feature","properties":{"name":"North Oracle Road","highway":"secondary","osm":"way/635954707"},"geometry":{"type":"LineString","coordinates":[[-110.9781,32.24125],[-110.9781,32.24114]]}},{"type":"Feature","properties":{"name":"North Oracle Road","highway":"secondary","osm":"way/635954708"},"geometry":{"type":"LineString","coordinates":[[-110.9781,32.24161],[-110.9781,32.24125]]}},{"type":"Feature","properties":{"name":"West Lee Street","highway":"residential","osm":"way/635954710"},"geometry":{"type":"LineString","coordinates":[[-110.9779,32.24162],[-110.97793,32.24162]]}},{"type":"Feature","properties":{"name":"North Oracle Road","highway":"secondary","osm":"way/635954711"},"geometry":{"type":"LineString","coordinates":[[-110.97791,32.24117],[-110.9779,32.24162]]}},{"type":"Feature","properties":{"name":"North Oracle Road","highway":"secondary","osm":"way/635954712"},"geometry":{"type":"LineString","coordinates":[[-110.97792,32.24073],[-110.97791,32.24117]]}},{"type":"Feature","properties":{"name":"North Main Avenue","highway":"secondary","osm":"way/635962506"},"geometry":{"type":"LineString","coordinates":[[-110.97786,32.23941],[-110.97783,32.2395]]}},{"type":"Feature","properties":{"name":"West Drachman Street","highway":"tertiary","osm":"way/635962507"},"geometry":{"type":"LineString","coordinates":[[-110.97783,32.2395],[-110.97752,32.23948]]}},{"type":"Feature","properties":{"name":"West Saint Mary's Road","highway":"primary","osm":"way/635964237"},"geometry":{"type":"LineString","coordinates":[[-110.98101,32.22902],[-110.98058,32.22878]]}},{"type":"Feature","properties":{"name":"West Saint Mary's Road","highway":"primary","osm":"way/635964238"},"geometry":{"type":"LineString","coordinates":[[-110.98051,32.22888],[-110.98094,32.22911]]}},{"type":"Feature","properties":{"name":"West Saint Mary's Road","highway":"primary","osm":"way/635964239"},"geometry":{"type":"LineString","coordinates":[[-110.97889,32.22802],[-110.97923,32.22821]]}},{"type":"Feature","properties":{"name":"West Saint Mary's Road","highway":"secondary","osm":"way/636010956"},"geometry":{"type":"LineString","coordinates":[[-110.98365,32.22952],[-110.98413,32.22952]]}},{"type":"Feature","properties":{"name":"North Hoff Avenue","highway":"residential","osm":"way/636025930"},"geometry":{"type":"LineString","coordinates":[[-110.96482,32.22643],[-110.96483,32.22774]]}},{"type":"Feature","properties":{"name":"North Hoff Avenue","highway":"residential","osm":"way/636025931"},"geometry":{"type":"LineString","coordinates":[[-110.96483,32.22774],[-110.96485,32.23035]]}},{"type":"Feature","properties":{"name":"North 4th Avenue","highway":"tertiary","osm":"way/646124013"},"geometry":{"type":"LineString","coordinates":[[-110.96563,32.23165],[-110.96566,32.23593]]}},{"type":"Feature","properties":{"name":"North Cherry Avenue","highway":"unclassified","osm":"way/646124025"},"geometry":{"type":"LineString","coordinates":[[-110.9481,32.23593],[-110.94826,32.23734]]}},{"type":"Feature","properties":{"name":"East 9th Street","highway":"residential","osm":"way/646124030"},"geometry":{"type":"LineString","coordinates":[[-110.93787,32.22426],[-110.93632,32.22399]]}},{"type":"Feature","properties":{"name":"North Norton Avenue","highway":"residential","osm":"way/646124034"},"geometry":{"type":"LineString","coordinates":[[-110.9362,32.22408],[-110.93625,32.22472],[-110.93661,32.2251],[-110.9367,32.236]]}},{"type":"Feature","properties":{"name":"East 9th Street","highway":"residential","osm":"way/646124036"},"geometry":{"type":"LineString","coordinates":[[-110.9361,32.224],[-110.93383,32.22401]]}},{"type":"Feature","properties":{"name":null,"highway":"residential","osm":"way/646124037"},"geometry":{"type":"LineString","coordinates":[[-110.93631,32.22402],[-110.9361,32.22397],[-110.93631,32.22402]]}},{"type":"Feature","properties":{"name":"North Mountain Avenue","highway":"tertiary","osm":"way/647467651"},"geometry":{"type":"LineString","coordinates":[[-110.9524,32.23598],[-110.95242,32.23606]]}},{"type":"Feature","properties":{"name":"North Euclid Avenue","highway":"secondary","osm":"way/654085233"},"geometry":{"type":"LineString","coordinates":[[-110.95958,32.24518],[-110.95954,32.24007]]}},{"type":"Feature","properties":{"name":"Tucson–Benson Highway","highway":"motorway","osm":"way/656614407"},"geometry":{"type":"LineString","coordinates":[[-110.96604,32.18646],[-110.96567,32.18637]]}},{"type":"Feature","properties":{"name":"North Euclid Avenue","highway":"secondary","osm":"way/658036002"},"geometry":{"type":"LineString","coordinates":[[-110.95949,32.22928],[-110.95948,32.22973]]}},{"type":"Feature","properties":{"name":"East Barleycorn Lane","highway":"residential","osm":"way/662276121"},"geometry":{"type":"LineString","coordinates":[[-110.94488,32.19962],[-110.94121,32.19969]]}},{"type":"Feature","properties":{"name":"North Arizona Avenue","highway":"unclassified","osm":"way/663655358"},"geometry":{"type":"LineString","coordinates":[[-110.96788,32.22211],[-110.96787,32.22305],[-110.96729,32.22317]]}},{"type":"Feature","properties":{"name":"North Freeway Road","highway":"secondary","osm":"way/664024499"},"geometry":{"type":"LineString","coordinates":[[-110.98379,32.23694],[-110.98429,32.23884],[-110.9858,32.24196],[-110.9872,32.24407],[-110.99066,32.2483]]}},{"type":"Feature","properties":{"name":"South Freeway Road","highway":"primary","osm":"way/664024500"},"geometry":{"type":"LineString","coordinates":[[-110.97954,32.22049],[-110.97962,32.22085]]}},{"type":"Feature","properties":{"name":"South Freeway Road","highway":"secondary","osm":"way/664024501"},"geometry":{"type":"LineString","coordinates":[[-110.98044,32.22],[-110.9801,32.21585],[-110.98011,32.20787]]}},{"type":"Feature","properties":{"name":"North Freeway Road","highway":"primary","osm":"way/664024502"},"geometry":{"type":"LineString","coordinates":[[-110.98283,32.22933],[-110.98161,32.22581],[-110.98067,32.22131]]}},{"type":"Feature","properties":{"name":"North Freeway Road","highway":"primary","osm":"way/664024503"},"geometry":{"type":"LineString","coordinates":[[-110.98184,32.22927],[-110.98188,32.22943]]}},{"type":"Feature","properties":{"name":"West Saint Mary's Road","highway":"primary","osm":"way/664024504"},"geometry":{"type":"LineString","coordinates":[[-110.98184,32.22927],[-110.98101,32.22902]]}},{"type":"Feature","properties":{"name":"North Freeway Road","highway":"primary","osm":"way/664024505"},"geometry":{"type":"LineString","coordinates":[[-110.98067,32.22131],[-110.98058,32.22088]]}},{"type":"Feature","properties":{"name":"North Freeway Road","highway":"primary","osm":"way/664024506"},"geometry":{"type":"LineString","coordinates":[[-110.97979,32.22169],[-110.98184,32.22927]]}},{"type":"Feature","properties":{"name":"North Freeway Road","highway":"primary","osm":"way/664024507"},"geometry":{"type":"LineString","coordinates":[[-110.98461,32.2362],[-110.98449,32.23577]]}},{"type":"Feature","properties":{"name":null,"highway":"unclassified","osm":"way/664045592"},"geometry":{"type":"LineString","coordinates":[[-110.97824,32.22333],[-110.97791,32.22331],[-110.97806,32.22347],[-110.97824,32.22333]]}},{"type":"Feature","properties":{"name":null,"highway":"unclassified","osm":"way/664045593"},"geometry":{"type":"LineString","coordinates":[[-110.97763,32.22342],[-110.97801,32.22345]]}},{"type":"Feature","properties":{"name":null,"highway":"unclassified","osm":"way/664045594"},"geometry":{"type":"LineString","coordinates":[[-110.97796,32.22322],[-110.97763,32.22342]]}},{"type":"Feature","properties":{"name":null,"highway":"unclassified","osm":"way/664048919"},"geometry":{"type":"LineString","coordinates":[[-110.97753,32.22344],[-110.9771,32.22335]]}},{"type":"Feature","properties":{"name":null,"highway":"unclassified","osm":"way/664048920"},"geometry":{"type":"LineString","coordinates":[[-110.9771,32.22335],[-110.97683,32.22313]]}},{"type":"Feature","properties":{"name":"West Saint Mary's Road","highway":"primary","osm":"way/664251042"},"geometry":{"type":"LineString","coordinates":[[-110.98188,32.22943],[-110.98288,32.2295]]}},{"type":"Feature","properties":{"name":"West Saint Mary's Road","highway":"primary","osm":"way/664251043"},"geometry":{"type":"LineString","coordinates":[[-110.97997,32.22859],[-110.98051,32.22888]]}},{"type":"Feature","properties":{"name":"South Scott Avenue","highway":"unclassified","osm":"way/665232877"},"geometry":{"type":"LineString","coordinates":[[-110.96975,32.22118],[-110.96967,32.21986]]}},{"type":"Feature","properties":{"name":"West Council Street","highway":"residential","osm":"way/665247649"},"geometry":{"type":"LineString","coordinates":[[-110.9732,32.22504],[-110.97483,32.22489]]}},{"type":"Feature","properties":{"name":"South Railroad Avenue","highway":"residential","osm":"way/665465666"},"geometry":{"type":"LineString","coordinates":[[-110.96477,32.2199],[-110.9647,32.20827]]}},{"type":"Feature","properties":{"name":"East 12th Street","highway":"unclassified","osm":"way/665465667"},"geometry":{"type":"LineString","coordinates":[[-110.96861,32.21988],[-110.96967,32.21986]]}},{"type":"Feature","properties":{"name":"East Broadway Boulevard","highway":"primary","osm":"way/665468592"},"geometry":{"type":"LineString","coordinates":[[-110.96374,32.22053],[-110.96489,32.22122]]}},{"type":"Feature","properties":{"name":"East Broadway Boulevard","highway":"primary","osm":"way/665468593"},"geometry":{"type":"LineString","coordinates":[[-110.96353,32.22031],[-110.96316,32.22028]]}},{"type":"Feature","properties":{"name":"East Broadway Boulevard","highway":"primary","osm":"way/665468594"},"geometry":{"type":"LineString","coordinates":[[-110.96306,32.22028],[-110.96282,32.22032]]}},{"type":"Feature","properties":{"name":"East Broadway Boulevard","highway":"primary","osm":"way/665468595"},"geometry":{"type":"LineString","coordinates":[[-110.96316,32.22028],[-110.96306,32.22028]]}},{"type":"Feature","properties":{"name":"East Broadway Boulevard","highway":"primary","osm":"way/665468596"},"geometry":{"type":"LineString","coordinates":[[-110.96331,32.22044],[-110.96374,32.22053]]}},{"type":"Feature","properties":{"name":"East Broadway Boulevard","highway":"primary","osm":"way/665468609"},"geometry":{"type":"LineString","coordinates":[[-110.96298,32.22046],[-110.96324,32.22044]]}},{"type":"Feature","properties":{"name":null,"highway":"primary_link","osm":"way/665468610"},"geometry":{"type":"LineString","coordinates":[[-110.96272,32.22034],[-110.96191,32.22016]]}},{"type":"Feature","properties":{"name":"East Broadway Boulevard","highway":"primary","osm":"way/665468611"},"geometry":{"type":"LineString","coordinates":[[-110.96272,32.22034],[-110.96228,32.22053]]}},{"type":"Feature","properties":{"name":"East Broadway Boulevard","highway":"primary","osm":"way/665468612"},"geometry":{"type":"LineString","coordinates":[[-110.96324,32.22044],[-110.96331,32.22044]]}},{"type":"Feature","properties":{"name":"West 29th Street","highway":"tertiary","osm":"way/666221626"},"geometry":{"type":"LineString","coordinates":[[-110.97459,32.19951],[-110.97524,32.19951]]}},{"type":"Feature","properties":{"name":"West 29th Street","highway":"tertiary","osm":"way/666221627"},"geometry":{"type":"LineString","coordinates":[[-110.97403,32.19952],[-110.97459,32.19951]]}},{"type":"Feature","properties":{"name":"West 29th Street","highway":"tertiary","osm":"way/666221628"},"geometry":{"type":"LineString","coordinates":[[-110.97524,32.19951],[-110.97741,32.1995]]}},{"type":"Feature","properties":{"name":"West 29th Street","highway":"tertiary","osm":"way/666221629"},"geometry":{"type":"LineString","coordinates":[[-110.96845,32.19957],[-110.96903,32.19956]]}},{"type":"Feature","properties":{"name":"East 29th Street","highway":"tertiary","osm":"way/666221630"},"geometry":{"type":"LineString","coordinates":[[-110.96845,32.19957],[-110.96787,32.19957]]}},{"type":"Feature","properties":{"name":"East 29th Street","highway":"tertiary","osm":"way/666221631"},"geometry":{"type":"LineString","coordinates":[[-110.96591,32.19958],[-110.96536,32.19958]]}},{"type":"Feature","properties":{"name":"East Silverlake Road","highway":"tertiary","osm":"way/666221632"},"geometry":{"type":"LineString","coordinates":[[-110.94963,32.19964],[-110.94945,32.19963]]}},{"type":"Feature","properties":{"name":"East Silverlake Road","highway":"tertiary","osm":"way/666221633"},"geometry":{"type":"LineString","coordinates":[[-110.95051,32.19965],[-110.94963,32.19964]]}},{"type":"Feature","properties":{"name":"East Silverlake Road","highway":"tertiary","osm":"way/666221634"},"geometry":{"type":"LineString","coordinates":[[-110.95616,32.19962],[-110.9556,32.19963]]}},{"type":"Feature","properties":{"name":"East Silverlake Road","highway":"tertiary","osm":"way/666221635"},"geometry":{"type":"LineString","coordinates":[[-110.95658,32.19962],[-110.95616,32.19962]]}},{"type":"Feature","properties":{"name":"East 29th Street","highway":"tertiary","osm":"way/666221636"},"geometry":{"type":"LineString","coordinates":[[-110.96482,32.19958],[-110.96536,32.19958]]}},{"type":"Feature","properties":{"name":"East Silverlake Road","highway":"tertiary","osm":"way/666221637"},"geometry":{"type":"LineString","coordinates":[[-110.96078,32.1996],[-110.95658,32.19962]]}},{"type":"Feature","properties":{"name":"West 29th Street","highway":"tertiary","osm":"way/666221639"},"geometry":{"type":"LineString","coordinates":[[-110.97791,32.19956],[-110.97853,32.19958]]}},{"type":"Feature","properties":{"name":"West Silverlake Road","highway":"secondary","osm":"way/666221641"},"geometry":{"type":"LineString","coordinates":[[-110.97975,32.1996],[-110.98098,32.19952]]}},{"type":"Feature","properties":{"name":null,"highway":"secondary_link","osm":"way/666221642"},"geometry":{"type":"LineString","coordinates":[[-110.97832,32.19906],[-110.9781,32.19943]]}},{"type":"Feature","properties":{"name":"West 29th Street","highway":"tertiary","osm":"way/666221643"},"geometry":{"type":"LineString","coordinates":[[-110.97798,32.19943],[-110.97741,32.1995]]}},{"type":"Feature","properties":{"name":"West Silverlake Road","highway":"secondary","osm":"way/666221644"},"geometry":{"type":"LineString","coordinates":[[-110.97975,32.19944],[-110.97848,32.19942]]}},{"type":"Feature","properties":{"name":"West Silverlake Road","highway":"secondary","osm":"way/666221645"},"geometry":{"type":"LineString","coordinates":[[-110.98098,32.19952],[-110.98033,32.19945]]}},{"type":"Feature","properties":{"name":"West Silverlake Road","highway":"secondary","osm":"way/666221649"},"geometry":{"type":"LineString","coordinates":[[-110.9899,32.19959],[-110.99041,32.19959]]}},{"type":"Feature","properties":{"name":"West Silverlake Road","highway":"secondary","osm":"way/666221654"},"geometry":{"type":"LineString","coordinates":[[-110.99041,32.19945],[-110.9882,32.19947]]}},{"type":"Feature","properties":{"name":"South Freeway Road","highway":"secondary","osm":"way/666221659"},"geometry":{"type":"LineString","coordinates":[[-110.97853,32.19958],[-110.97879,32.20062]]}},{"type":"Feature","properties":{"name":"South Park Avenue","highway":"secondary","osm":"way/666834102"},"geometry":{"type":"LineString","coordinates":[[-110.95618,32.20422],[-110.95616,32.19962]]}},{"type":"Feature","properties":{"name":"South Park Avenue","highway":"secondary","osm":"way/666834107"},"geometry":{"type":"LineString","coordinates":[[-110.95625,32.21103],[-110.95643,32.21549],[-110.95719,32.21686],[-110.95842,32.21797]]}},{"type":"Feature","properties":{"name":"North Main Avenue","highway":"secondary","osm":"way/667079713"},"geometry":{"type":"LineString","coordinates":[[-110.97798,32.23849],[-110.97793,32.23592]]}},{"type":"Feature","properties":{"name":null,"highway":"unclassified","osm":"way/667827164"},"geometry":{"type":"LineString","coordinates":[[-110.96895,32.22467],[-110.96895,32.22437]]}},{"type":"Feature","properties":{"name":"West University Boulevard","highway":"residential","osm":"way/668806815"},"geometry":{"type":"LineString","coordinates":[[-110.97644,32.2316],[-110.97793,32.23159]]}},{"type":"Feature","properties":{"name":"East University Boulevard","highway":"tertiary","osm":"way/668806816"},"geometry":{"type":"LineString","coordinates":[[-110.97119,32.23162],[-110.96563,32.23165]]}},{"type":"Feature","properties":{"name":"West University Boulevard","highway":"residential","osm":"way/668806817"},"geometry":{"type":"LineString","coordinates":[[-110.97243,32.23162],[-110.97178,32.23138]]}},{"type":"Feature","properties":{"name":"East University Boulevard","highway":"tertiary","osm":"way/668806819"},"geometry":{"type":"LineString","coordinates":[[-110.97178,32.23158],[-110.97119,32.23162]]}},{"type":"Feature","properties":{"name":"East University Boulevard","highway":"tertiary","osm":"way/668806820"},"geometry":{"type":"LineString","coordinates":[[-110.97119,32.23162],[-110.97167,32.23169],[-110.97178,32.23191]]}},{"type":"Feature","properties":{"name":"East 6th Street","highway":"secondary","osm":"way/670919121"},"geometry":{"type":"LineString","coordinates":[[-110.95709,32.22776],[-110.95666,32.22776]]}},{"type":"Feature","properties":{"name":"West Speedway Boulevard","highway":"secondary","osm":"way/670919125"},"geometry":{"type":"LineString","coordinates":[[-110.98491,32.23575],[-110.9851,32.23573]]}},{"type":"Feature","properties":{"name":"North Freeway Road","highway":"primary","osm":"way/670919129"},"geometry":{"type":"LineString","coordinates":[[-110.98502,32.23771],[-110.98473,32.23666]]}},{"type":"Feature","properties":{"name":"North Freeway","highway":"motorway","osm":"way/670919130"},"geometry":{"type":"LineString","coordinates":[[-110.98641,32.2418],[-110.98527,32.23955],[-110.98418,32.23602]]}},{"type":"Feature","properties":{"name":null,"highway":"residential","osm":"way/671704298"},"geometry":{"type":"LineString","coordinates":[[-110.94768,32.16759],[-110.9475,32.16759]]}},{"type":"Feature","properties":{"name":null,"highway":"unclassified","osm":"way/672421359"},"geometry":{"type":"LineString","coordinates":[[-110.95846,32.1779],[-110.95846,32.17747]]}},{"type":"Feature","properties":{"name":null,"highway":"unclassified","osm":"way/672421360"},"geometry":{"type":"LineString","coordinates":[[-110.95846,32.17717],[-110.95842,32.1734],[-110.9572,32.17329]]}},{"type":"Feature","properties":{"name":null,"highway":"unclassified","osm":"way/672421361"},"geometry":{"type":"LineString","coordinates":[[-110.95685,32.17329],[-110.95627,32.17329]]}},{"type":"Feature","properties":{"name":null,"highway":"unclassified","osm":"way/672421362"},"geometry":{"type":"LineString","coordinates":[[-110.95685,32.17329],[-110.9572,32.17329],[-110.95685,32.17329]]}},{"type":"Feature","properties":{"name":null,"highway":"unclassified","osm":"way/672421363"},"geometry":{"type":"LineString","coordinates":[[-110.95846,32.17717],[-110.95846,32.17747]]}},{"type":"Feature","properties":{"name":null,"highway":"unclassified","osm":"way/672421365"},"geometry":{"type":"LineString","coordinates":[[-110.95845,32.17559],[-110.96057,32.17562]]}},{"type":"Feature","properties":{"name":null,"highway":"unclassified","osm":"way/672421367"},"geometry":{"type":"LineString","coordinates":[[-110.95844,32.17448],[-110.95956,32.17448]]}},{"type":"Feature","properties":{"name":"South Norris Avenue","highway":"unclassified","osm":"way/672679278"},"geometry":{"type":"LineString","coordinates":[[-110.94237,32.21653],[-110.94237,32.21614]]}},{"type":"Feature","properties":{"name":"South Norris Avenue","highway":"unclassified","osm":"way/672679279"},"geometry":{"type":"LineString","coordinates":[[-110.94237,32.21666],[-110.94237,32.21653]]}},{"type":"Feature","properties":{"name":"South Olsen Avenue","highway":"unclassified","osm":"way/672679280"},"geometry":{"type":"LineString","coordinates":[[-110.94091,32.21666],[-110.94091,32.21654]]}},{"type":"Feature","properties":{"name":"South Olsen Avenue","highway":"unclassified","osm":"way/672679281"},"geometry":{"type":"LineString","coordinates":[[-110.94091,32.21654],[-110.94092,32.21615]]}},{"type":"Feature","properties":{"name":"East Parkway Terrace","highway":"residential","osm":"way/672758608"},"geometry":{"type":"LineString","coordinates":[[-110.93804,32.21659],[-110.93805,32.21669]]}},{"type":"Feature","properties":{"name":"East Parkway Terrace","highway":"residential","osm":"way/672758611"},"geometry":{"type":"LineString","coordinates":[[-110.93805,32.21669],[-110.93783,32.21727],[-110.93661,32.21751],[-110.93613,32.21726],[-110.93517,32.21732]]}},{"type":"Feature","properties":{"name":"South Plumer Avenue","highway":"residential","osm":"way/672758615"},"geometry":{"type":"LineString","coordinates":[[-110.93946,32.21239],[-110.93946,32.21148]]}},{"type":"Feature","properties":{"name":"South Plumer Avenue","highway":"unclassified","osm":"way/672758616"},"geometry":{"type":"LineString","coordinates":[[-110.93946,32.21666],[-110.93946,32.21656]]}},{"type":"Feature","properties":{"name":null,"highway":"motorway_link","osm":"way/682689353"},"geometry":{"type":"LineString","coordinates":[[-110.95657,32.1837],[-110.95637,32.18363]]}},{"type":"Feature","properties":{"name":null,"highway":"motorway_link","osm":"way/682689354"},"geometry":{"type":"LineString","coordinates":[[-110.96172,32.18578],[-110.96202,32.18589]]}},{"type":"Feature","properties":{"name":"East 8th Street","highway":"residential","osm":"way/683792913"},"geometry":{"type":"LineString","coordinates":[[-110.961,32.22499],[-110.96108,32.22516],[-110.96405,32.22514]]}},{"type":"Feature","properties":{"name":"North Euclid Avenue","highway":"secondary","osm":"way/683792914"},"geometry":{"type":"LineString","coordinates":[[-110.95947,32.225],[-110.95948,32.22607]]}},{"type":"Feature","properties":{"name":"North Euclid Avenue","highway":"secondary","osm":"way/683792915"},"geometry":{"type":"LineString","coordinates":[[-110.95946,32.2229],[-110.95946,32.22376]]}},{"type":"Feature","properties":{"name":"East 10th Street","highway":"residential","osm":"way/683792917"},"geometry":{"type":"LineString","coordinates":[[-110.95885,32.22252],[-110.95678,32.22253]]}},{"type":"Feature","properties":{"name":"East 10th Street","highway":"residential","osm":"way/683792919"},"geometry":{"type":"LineString","coordinates":[[-110.95678,32.22253],[-110.94446,32.22251]]}},{"type":"Feature","properties":{"name":"North Park Avenue","highway":"residential","osm":"way/683792923"},"geometry":{"type":"LineString","coordinates":[[-110.95635,32.22222],[-110.95636,32.22441]]}},{"type":"Feature","properties":{"name":"North Park Avenue","highway":"residential","osm":"way/683792929"},"geometry":{"type":"LineString","coordinates":[[-110.95636,32.22441],[-110.95637,32.22646]]}},{"type":"Feature","properties":{"name":"East Caddie Street","highway":"residential","osm":"way/683792935"},"geometry":{"type":"LineString","coordinates":[[-110.95682,32.22441],[-110.95636,32.22441]]}},{"type":"Feature","properties":{"name":"East 8th Street","highway":"residential","osm":"way/683792940"},"geometry":{"type":"LineString","coordinates":[[-110.94379,32.22519],[-110.95557,32.22499]]}},{"type":"Feature","properties":{"name":"East 7th Street","highway":"residential","osm":"way/683792953"},"geometry":{"type":"LineString","coordinates":[[-110.95437,32.22647],[-110.95637,32.22646]]}},{"type":"Feature","properties":{"name":"North Park Avenue","highway":"residential","osm":"way/683792958"},"geometry":{"type":"LineString","coordinates":[[-110.95637,32.22646],[-110.95638,32.22692]]}},{"type":"Feature","properties":{"name":"East 7th Street","highway":"residential","osm":"way/683792962"},"geometry":{"type":"LineString","coordinates":[[-110.95637,32.22646],[-110.95943,32.22646]]}},{"type":"Feature","properties":{"name":"North Park Avenue","highway":"residential","osm":"way/683792974"},"geometry":{"type":"LineString","coordinates":[[-110.95638,32.22692],[-110.95638,32.22713]]}},{"type":"Feature","properties":{"name":"East 6th Street","highway":"secondary","osm":"way/683792992"},"geometry":{"type":"LineString","coordinates":[[-110.95632,32.22777],[-110.95622,32.22777]]}},{"type":"Feature","properties":{"name":"East 6th Street","highway":"secondary","osm":"way/683792997"},"geometry":{"type":"LineString","coordinates":[[-110.95947,32.22777],[-110.95804,32.22777]]}},{"type":"Feature","properties":{"name":"East 6th Street","highway":"secondary","osm":"way/684264161"},"geometry":{"type":"LineString","coordinates":[[-110.9573,32.22776],[-110.95709,32.22776]]}},{"type":"Feature","properties":{"name":"West Ajo Way","highway":"primary","osm":"way/691292208"},"geometry":{"type":"LineString","coordinates":[[-110.98463,32.17791],[-110.98527,32.17789]]}},{"type":"Feature","properties":{"name":"West Ajo Way","highway":"primary","osm":"way/691292210"},"geometry":{"type":"LineString","coordinates":[[-110.98665,32.17787],[-110.98972,32.17783]]}},{"type":"Feature","properties":{"name":null,"highway":"residential","osm":"way/691292212"},"geometry":{"type":"LineString","coordinates":[[-110.97481,32.17693],[-110.97481,32.17693]]}},{"type":"Feature","properties":{"name":"South Lundy Avenue","highway":"residential","osm":"way/691292213"},"geometry":{"type":"LineString","coordinates":[[-110.97484,32.1768],[-110.97483,32.17508]]}},{"type":"Feature","properties":{"name":"West President Street","highway":"residential","osm":"way/691292214"},"geometry":{"type":"LineString","coordinates":[[-110.97476,32.17687],[-110.97176,32.17687]]}},{"type":"Feature","properties":{"name":null,"highway":"unclassified","osm":"way/691292226"},"geometry":{"type":"LineString","coordinates":[[-110.95846,32.17747],[-110.95846,32.17717]]}},{"type":"Feature","properties":{"name":null,"highway":"primary_link","osm":"way/691292232"},"geometry":{"type":"LineString","coordinates":[[-110.95294,32.17829],[-110.95285,32.17805],[-110.95307,32.1779]]}},{"type":"Feature","properties":{"name":null,"highway":"primary_link","osm":"way/691292238"},"geometry":{"type":"LineString","coordinates":[[-110.95202,32.17755],[-110.9521,32.1778],[-110.95187,32.17792]]}},{"type":"Feature","properties":{"name":"East Bernard Drive","highway":"residential","osm":"way/691292243"},"geometry":{"type":"LineString","coordinates":[[-110.94761,32.17541],[-110.94997,32.17792]]}},{"type":"Feature","properties":{"name":"East Ajo Way","highway":"primary","osm":"way/691292245"},"geometry":{"type":"LineString","coordinates":[[-110.94698,32.17794],[-110.94854,32.17789]]}},{"type":"Feature","properties":{"name":"East Ajo Way","highway":"primary","osm":"way/691292246"},"geometry":{"type":"LineString","coordinates":[[-110.94698,32.17785],[-110.94488,32.17785]]}},{"type":"Feature","properties":{"name":"East Ajo Way","highway":"primary","osm":"way/691292247"},"geometry":{"type":"LineString","coordinates":[[-110.94488,32.17794],[-110.94698,32.17794]]}},{"type":"Feature","properties":{"name":"East Ajo Way","highway":"primary","osm":"way/691292248"},"geometry":{"type":"LineString","coordinates":[[-110.94488,32.17785],[-110.94325,32.17783]]}},{"type":"Feature","properties":{"name":"South Kino Parkway","highway":"primary","osm":"way/691580581"},"geometry":{"type":"LineString","coordinates":[[-110.94457,32.17572],[-110.94418,32.17368]]}},{"type":"Feature","properties":{"name":"South Kino Parkway","highway":"primary","osm":"way/691580583"},"geometry":{"type":"LineString","coordinates":[[-110.94451,32.17577],[-110.94436,32.17676]]}},{"type":"Feature","properties":{"name":"North Euclid Avenue","highway":"secondary","osm":"way/691796176"},"geometry":{"type":"LineString","coordinates":[[-110.95947,32.22777],[-110.95947,32.22865]]}},{"type":"Feature","properties":{"name":"North Stone Avenue","highway":"secondary","osm":"way/692077356"},"geometry":{"type":"LineString","coordinates":[[-110.97182,32.236],[-110.97182,32.23584]]}},{"type":"Feature","properties":{"name":"East Speedway Boulevard","highway":"primary","osm":"way/692077358"},"geometry":{"type":"LineString","coordinates":[[-110.97182,32.23584],[-110.97067,32.23592]]}},{"type":"Feature","properties":{"name":"West Speedway Boulevard","highway":"primary","osm":"way/692077362"},"geometry":{"type":"LineString","coordinates":[[-110.97067,32.23592],[-110.97095,32.23596]]}},{"type":"Feature","properties":{"name":null,"highway":"tertiary","osm":"way/692077370"},"geometry":{"type":"LineString","coordinates":[[-110.96822,32.22352],[-110.96807,32.2235]]}},{"type":"Feature","properties":{"name":"East Pennington Street","highway":"tertiary","osm":"way/692077372"},"geometry":{"type":"LineString","coordinates":[[-110.96822,32.22352],[-110.96817,32.22357]]}},{"type":"Feature","properties":{"name":"North Granada Avenue","highway":"secondary","osm":"way/692077374"},"geometry":{"type":"LineString","coordinates":[[-110.97814,32.22765],[-110.97813,32.22777]]}},{"type":"Feature","properties":{"name":"South Kino Parkway","highway":"primary","osm":"way/692077394"},"geometry":{"type":"LineString","coordinates":[[-110.94963,32.19964],[-110.94941,32.19713],[-110.94806,32.19403]]}},{"type":"Feature","properties":{"name":"South Park Avenue","highway":"secondary","osm":"way/692077407"},"geometry":{"type":"LineString","coordinates":[[-110.95624,32.21081],[-110.95624,32.20948]]}},{"type":"Feature","properties":{"name":"South Campbell Avenue","highway":"tertiary","osm":"way/692077408"},"geometry":{"type":"LineString","coordinates":[[-110.94356,32.19274],[-110.94356,32.19263]]}},{"type":"Feature","properties":{"name":"East 36th Street","highway":"secondary","osm":"way/692077409"},"geometry":{"type":"LineString","coordinates":[[-110.94614,32.19242],[-110.94356,32.19242]]}},{"type":"Feature","properties":{"name":"East 31st Street","highway":"residential","osm":"way/692077414"},"geometry":{"type":"LineString","coordinates":[[-110.94382,32.1975],[-110.94337,32.1975]]}},{"type":"Feature","properties":{"name":"East 31st Street","highway":"residential","osm":"way/692077415"},"geometry":{"type":"LineString","coordinates":[[-110.94486,32.1975],[-110.94382,32.1975]]}},{"type":"Feature","properties":{"name":"South Campbell Avenue","highway":"tertiary","osm":"way/692077416"},"geometry":{"type":"LineString","coordinates":[[-110.94382,32.1975],[-110.94356,32.19274]]}},{"type":"Feature","properties":{"name":"South Campbell Avenue","highway":"tertiary","osm":"way/692077417"},"geometry":{"type":"LineString","coordinates":[[-110.94356,32.19274],[-110.94352,32.19284]]}},{"type":"Feature","properties":{"name":"South Kino Parkway","highway":"primary","osm":"way/692077418"},"geometry":{"type":"LineString","coordinates":[[-110.94951,32.20308],[-110.94954,32.20646]]}},{"type":"Feature","properties":{"name":null,"highway":"primary_link","osm":"way/692077419"},"geometry":{"type":"LineString","coordinates":[[-110.94951,32.20308],[-110.94912,32.20608]]}},{"type":"Feature","properties":{"name":"East Silverlake Road","highway":"tertiary","osm":"way/692077420"},"geometry":{"type":"LineString","coordinates":[[-110.94221,32.20226],[-110.9439,32.20116]]}},{"type":"Feature","properties":{"name":"East 21st Street","highway":"tertiary","osm":"way/692077421"},"geometry":{"type":"LineString","coordinates":[[-110.94798,32.20824],[-110.94648,32.20824]]}},{"type":"Feature","properties":{"name":"South Campbell Avenue","highway":"residential","osm":"way/692077422"},"geometry":{"type":"LineString","coordinates":[[-110.94352,32.18204],[-110.94353,32.18071]]}},{"type":"Feature","properties":{"name":"West Alameda Street","highway":"tertiary","osm":"way/692077432"},"geometry":{"type":"LineString","coordinates":[[-110.97322,32.22369],[-110.97289,32.22384]]}},{"type":"Feature","properties":{"name":"East Toole Avenue","highway":"tertiary","osm":"way/692077433"},"geometry":{"type":"LineString","coordinates":[[-110.96827,32.22402],[-110.96865,32.22435]]}},{"type":"Feature","properties":{"name":"North 6th Avenue","highway":"secondary","osm":"way/692094065"},"geometry":{"type":"LineString","coordinates":[[-110.96864,32.2233],[-110.96864,32.22341]]}},{"type":"Feature","properties":{"name":"South Nobel Way","highway":"unclassified","osm":"way/692094067"},"geometry":{"type":"LineString","coordinates":[[-110.9472,32.18487],[-110.94723,32.18499]]}},{"type":"Feature","properties":{"name":"East 36th Street","highway":"secondary","osm":"way/692094068"},"geometry":{"type":"LineString","coordinates":[[-110.94614,32.19242],[-110.94686,32.19242]]}},{"type":"Feature","properties":{"name":"South Campbell Avenue","highway":"tertiary","osm":"way/692094083"},"geometry":{"type":"LineString","coordinates":[[-110.94375,32.21742],[-110.94374,32.21675]]}},{"type":"Feature","properties":{"name":"East 3rd Street","highway":"residential","osm":"way/692094085"},"geometry":{"type":"LineString","coordinates":[[-110.93532,32.2318],[-110.92709,32.23186]]}},{"type":"Feature","properties":{"name":"South 12th Avenue","highway":"secondary","osm":"way/692094086"},"geometry":{"type":"LineString","coordinates":[[-110.97758,32.18454],[-110.97761,32.18272]]}},{"type":"Feature","properties":{"name":null,"highway":"secondary_link","osm":"way/692094087"},"geometry":{"type":"LineString","coordinates":[[-110.97758,32.18454],[-110.97704,32.18502]]}},{"type":"Feature","properties":{"name":"West 44th Street","highway":"tertiary","osm":"way/692094088"},"geometry":{"type":"LineString","coordinates":[[-110.97704,32.18502],[-110.97757,32.18504]]}},{"type":"Feature","properties":{"name":"South 12th Avenue","highway":"secondary","osm":"way/692094089"},"geometry":{"type":"LineString","coordinates":[[-110.97756,32.18597],[-110.97757,32.18504]]}},{"type":"Feature","properties":{"name":"South Kino Parkway","highway":"primary","osm":"way/692094117"},"geometry":{"type":"LineString","coordinates":[[-110.94936,32.21059],[-110.94947,32.21024]]}},{"type":"Feature","properties":{"name":"South Kino Parkway","highway":"primary","osm":"way/692094118"},"geometry":{"type":"LineString","coordinates":[[-110.94919,32.21058],[-110.94906,32.21092]]}},{"type":"Feature","properties":{"name":"South Church Avenue","highway":"tertiary","osm":"way/692094120"},"geometry":{"type":"LineString","coordinates":[[-110.97216,32.21717],[-110.97222,32.21747]]}},{"type":"Feature","properties":{"name":"West Cushing Street","highway":"tertiary","osm":"way/692094121"},"geometry":{"type":"LineString","coordinates":[[-110.97442,32.2168],[-110.97237,32.21703]]}},{"type":"Feature","properties":{"name":"South 3rd Avenue","highway":"residential","osm":"way/692102101"},"geometry":{"type":"LineString","coordinates":[[-110.96386,32.20061],[-110.96384,32.19959]]}},{"type":"Feature","properties":{"name":"East 28th Street","highway":"residential","osm":"way/692102119"},"geometry":{"type":"LineString","coordinates":[[-110.96498,32.2006],[-110.96386,32.20061]]}},{"type":"Feature","properties":{"name":"East 28th Street","highway":"residential","osm":"way/692102125"},"geometry":{"type":"LineString","coordinates":[[-110.96791,32.20059],[-110.96537,32.2006]]}},{"type":"Feature","properties":{"name":"South 3rd Avenue","highway":"residential","osm":"way/692102130"},"geometry":{"type":"LineString","coordinates":[[-110.96384,32.19959],[-110.96379,32.19243]]}},{"type":"Feature","properties":{"name":"East 29th Street","highway":"tertiary","osm":"way/692102135"},"geometry":{"type":"LineString","coordinates":[[-110.96384,32.19959],[-110.96482,32.19958]]}},{"type":"Feature","properties":{"name":"South 4th Avenue","highway":"tertiary","osm":"way/692102141"},"geometry":{"type":"LineString","coordinates":[[-110.96537,32.2006],[-110.9654,32.20319]]}},{"type":"Feature","properties":{"name":"East 12th Street","highway":"residential","osm":"way/692102147"},"geometry":{"type":"LineString","coordinates":[[-110.96559,32.2199],[-110.96705,32.21988]]}},{"type":"Feature","properties":{"name":"East 12th Street","highway":"residential","osm":"way/692102151"},"geometry":{"type":"LineString","coordinates":[[-110.96477,32.2199],[-110.96543,32.2199]]}},{"type":"Feature","properties":{"name":"South 4th Avenue","highway":"tertiary","osm":"way/692102156"},"geometry":{"type":"LineString","coordinates":[[-110.96554,32.22121],[-110.96553,32.21994]]}},{"type":"Feature","properties":{"name":"North Bonita Avenue","highway":"tertiary","osm":"way/692102216"},"geometry":{"type":"LineString","coordinates":[[-110.98282,32.22056],[-110.98293,32.22303],[-110.98256,32.2238],[-110.98266,32.22483]]}},{"type":"Feature","properties":{"name":"West Alameda Street","highway":"residential","osm":"way/692102220"},"geometry":{"type":"LineString","coordinates":[[-110.98294,32.22268],[-110.98721,32.22234]]}},{"type":"Feature","properties":{"name":"West Congress Street","highway":"secondary","osm":"way/692102223"},"geometry":{"type":"LineString","coordinates":[[-110.98257,32.22059],[-110.98282,32.22056]]}},{"type":"Feature","properties":{"name":"North Granada Avenue","highway":"tertiary","osm":"way/692102231"},"geometry":{"type":"LineString","coordinates":[[-110.97611,32.22127],[-110.97608,32.22121]]}},{"type":"Feature","properties":{"name":"North Granada Avenue","highway":"secondary","osm":"way/692102232"},"geometry":{"type":"LineString","coordinates":[[-110.97618,32.22143],[-110.97611,32.22127]]}},{"type":"Feature","properties":{"name":"West Ajo Way","highway":"primary","osm":"way/692315352"},"geometry":{"type":"LineString","coordinates":[[-110.98527,32.17789],[-110.98547,32.17789]]}},{"type":"Feature","properties":{"name":"South Campbell Avenue","highway":"primary","osm":"way/692315480"},"geometry":{"type":"LineString","coordinates":[[-110.94344,32.16774],[-110.94338,32.1633]]}},{"type":"Feature","properties":{"name":"North Freeway","highway":"motorway","osm":"way/692341922"},"geometry":{"type":"LineString","coordinates":[[-110.98242,32.22912],[-110.98185,32.22748]]}},{"type":"Feature","properties":{"name":"North Freeway","highway":"motorway","osm":"way/692341937"},"geometry":{"type":"LineString","coordinates":[[-110.98161,32.22752],[-110.98216,32.2291]]}},{"type":"Feature","properties":{"name":"North Freeway Road","highway":"primary","osm":"way/692341938"},"geometry":{"type":"LineString","coordinates":[[-110.9797,32.22124],[-110.97979,32.22169]]}},{"type":"Feature","properties":{"name":"West Congress Street","highway":"primary","osm":"way/692341939"},"geometry":{"type":"LineString","coordinates":[[-110.97918,32.22106],[-110.97965,32.22101]]}},{"type":"Feature","properties":{"name":"East Speedway Boulevard","highway":"primary","osm":"way/692341940"},"geometry":{"type":"LineString","coordinates":[[-110.93531,32.23618],[-110.94387,32.23617]]}},{"type":"Feature","properties":{"name":"North Campbell Avenue","highway":"primary","osm":"way/692341941"},"geometry":{"type":"LineString","coordinates":[[-110.94387,32.23617],[-110.94392,32.24094]]}},{"type":"Feature","properties":{"name":"North Campbell Avenue","highway":"primary","osm":"way/692341942"},"geometry":{"type":"LineString","coordinates":[[-110.94409,32.23489],[-110.94405,32.23227]]}},{"type":"Feature","properties":{"name":"North Campbell Avenue","highway":"primary","osm":"way/692341943"},"geometry":{"type":"LineString","coordinates":[[-110.94392,32.24094],[-110.944,32.24473]]}},{"type":"Feature","properties":{"name":"East Speedway Boulevard","highway":"primary","osm":"way/692341944"},"geometry":{"type":"LineString","coordinates":[[-110.95497,32.23592],[-110.95071,32.2359]]}},{"type":"Feature","properties":{"name":"North 6th Avenue","highway":"tertiary","osm":"way/692341945"},"geometry":{"type":"LineString","coordinates":[[-110.96873,32.23424],[-110.96874,32.23511]]}},{"type":"Feature","properties":{"name":"West Speedway Boulevard","highway":"secondary","osm":"way/692341946"},"geometry":{"type":"LineString","coordinates":[[-110.98508,32.23561],[-110.98446,32.23564]]}},{"type":"Feature","properties":{"name":"West Congress Street","highway":"primary","osm":"way/692341971"},"geometry":{"type":"LineString","coordinates":[[-110.97618,32.22143],[-110.97665,32.22137]]}},{"type":"Feature","properties":{"name":"East Broadway Boulevard","highway":"primary","osm":"way/692341972"},"geometry":{"type":"LineString","coordinates":[[-110.96629,32.22121],[-110.96589,32.22121]]}},{"type":"Feature","properties":{"name":"East Broadway Boulevard","highway":"primary","osm":"way/692341973"},"geometry":{"type":"LineString","coordinates":[[-110.9658,32.22121],[-110.96566,32.22121]]}},{"type":"Feature","properties":{"name":"East Congress Street","highway":"primary","osm":"way/692341975"},"geometry":{"type":"LineString","coordinates":[[-110.96615,32.22212],[-110.96629,32.22212]]}},{"type":"Feature","properties":{"name":"East Broadway Boulevard","highway":"primary","osm":"way/692341979"},"geometry":{"type":"LineString","coordinates":[[-110.96282,32.22032],[-110.96272,32.22034]]}},{"type":"Feature","properties":{"name":"East Broadway Boulevard","highway":"primary","osm":"way/692341980"},"geometry":{"type":"LineString","coordinates":[[-110.96196,32.22098],[-110.96214,32.22084]]}},{"type":"Feature","properties":{"name":"Nogales–Tucson Highway","highway":"motorway","osm":"way/692350043"},"geometry":{"type":"LineString","coordinates":[[-110.98578,32.16818],[-110.98587,32.16229],[-110.98632,32.15748]]}},{"type":"Feature","properties":{"name":"Nogales–Tucson Highway","highway":"motorway","osm":"way/692350045"},"geometry":{"type":"LineString","coordinates":[[-110.98544,32.16941],[-110.98542,32.17189]]}},{"type":"Feature","properties":{"name":"South Freeway","highway":"motorway","osm":"way/692350089"},"geometry":{"type":"LineString","coordinates":[[-110.97971,32.21182],[-110.97968,32.20702]]}},{"type":"Feature","properties":{"name":"South Freeway","highway":"motorway","osm":"way/692350091"},"geometry":{"type":"LineString","coordinates":[[-110.97944,32.20702],[-110.97947,32.21182]]}},{"type":"Feature","properties":{"name":"West Congress Street","highway":"primary","osm":"way/692350093"},"geometry":{"type":"LineString","coordinates":[[-110.97962,32.22085],[-110.97925,32.2209]]}},{"type":"Feature","properties":{"name":"South Freeway Road","highway":"primary","osm":"way/692350095"},"geometry":{"type":"LineString","coordinates":[[-110.97944,32.21992],[-110.97954,32.22049]]}},{"type":"Feature","properties":{"name":"South Olsen Avenue","highway":"unclassified","osm":"way/700190141"},"geometry":{"type":"LineString","coordinates":[[-110.94095,32.22148],[-110.94091,32.21666]]}},{"type":"Feature","properties":{"name":"North Mountain Avenue","highway":"tertiary","osm":"way/700336550"},"geometry":{"type":"LineString","coordinates":[[-110.95245,32.23653],[-110.95245,32.23732]]}},{"type":"Feature","properties":{"name":"West 22nd Street","highway":"primary","osm":"way/740127471"},"geometry":{"type":"LineString","coordinates":[[-110.97796,32.20676],[-110.97819,32.20676]]}},{"type":"Feature","properties":{"name":"West Starr Pass Boulevard","highway":"secondary","osm":"way/740127484"},"geometry":{"type":"LineString","coordinates":[[-110.98055,32.20677],[-110.9808,32.20676]]}},{"type":"Feature","properties":{"name":"West Starr Pass Boulevard","highway":"secondary","osm":"way/740127485"},"geometry":{"type":"LineString","coordinates":[[-110.98161,32.20676],[-110.98625,32.20688]]}},{"type":"Feature","properties":{"name":"North Campbell Avenue","highway":"primary","osm":"way/742185127"},"geometry":{"type":"LineString","coordinates":[[-110.94414,32.24508],[-110.94415,32.24319]]}},{"type":"Feature","properties":{"name":"East Linden Street","highway":"primary_link","osm":"way/742185128"},"geometry":{"type":"LineString","coordinates":[[-110.944,32.24473],[-110.94414,32.24508]]}},{"type":"Feature","properties":{"name":"North Campbell Avenue","highway":"primary","osm":"way/742185129"},"geometry":{"type":"LineString","coordinates":[[-110.944,32.24473],[-110.94398,32.24713]]}},{"type":"Feature","properties":{"name":"South Calle Santa Cruz","highway":"unclassified","osm":"way/742452147"},"geometry":{"type":"LineString","coordinates":[[-110.99142,32.16319],[-110.99138,32.16354],[-110.98973,32.16556],[-110.98887,32.16742]]}},{"type":"Feature","properties":{"name":"South Landing Way","highway":"unclassified","osm":"way/742452149"},"geometry":{"type":"LineString","coordinates":[[-110.9906,32.16447],[-110.98792,32.16431],[-110.98727,32.1646],[-110.98682,32.16756],[-110.98681,32.16962]]}},{"type":"Feature","properties":{"name":null,"highway":"unclassified","osm":"way/742453413"},"geometry":{"type":"LineString","coordinates":[[-110.96289,32.17839],[-110.96277,32.17871]]}},{"type":"Feature","properties":{"name":null,"highway":"unclassified","osm":"way/742453414"},"geometry":{"type":"LineString","coordinates":[[-110.96285,32.17915],[-110.96286,32.17871]]}},{"type":"Feature","properties":{"name":null,"highway":"unclassified","osm":"way/742453415"},"geometry":{"type":"LineString","coordinates":[[-110.96277,32.17871],[-110.96276,32.17915]]}},{"type":"Feature","properties":{"name":null,"highway":"unclassified","osm":"way/742644040"},"geometry":{"type":"LineString","coordinates":[[-110.9632,32.18177],[-110.96318,32.18155],[-110.96209,32.18127],[-110.96204,32.17928],[-110.96362,32.17916],[-110.96418,32.17934]]}},{"type":"Feature","properties":{"name":null,"highway":"unclassified","osm":"way/742644041"},"geometry":{"type":"LineString","coordinates":[[-110.9631,32.18187],[-110.9632,32.18177]]}},{"type":"Feature","properties":{"name":null,"highway":"unclassified","osm":"way/742644043"},"geometry":{"type":"LineString","coordinates":[[-110.96358,32.18422],[-110.96337,32.18346]]}},{"type":"Feature","properties":{"name":"South Campbell Avenue","highway":"tertiary","osm":"way/744568957"},"geometry":{"type":"LineString","coordinates":[[-110.9437,32.20921],[-110.94368,32.20859]]}},{"type":"Feature","properties":{"name":"South Lamar Avenue","highway":"residential","osm":"way/745307063"},"geometry":{"type":"LineString","coordinates":[[-110.9863,32.17212],[-110.98616,32.1711],[-110.98639,32.17103]]}},{"type":"Feature","properties":{"name":"North Vine Avenue","highway":"residential","osm":"way/745669331"},"geometry":{"type":"LineString","coordinates":[[-110.94953,32.22591],[-110.94954,32.22648]]}},{"type":"Feature","properties":{"name":"East Elm Street","highway":"tertiary","osm":"way/745674090"},"geometry":{"type":"LineString","coordinates":[[-110.93468,32.24275],[-110.93539,32.24275]]}},{"type":"Feature","properties":{"name":"East 23rd Street","highway":"residential","osm":"way/746654941"},"geometry":{"type":"LineString","coordinates":[[-110.95259,32.20562],[-110.95136,32.20563]]}},{"type":"Feature","properties":{"name":null,"highway":"unclassified","osm":"way/750731821"},"geometry":{"type":"LineString","coordinates":[[-110.94973,32.23666],[-110.949,32.23666]]}},{"type":"Feature","properties":{"name":"Mordasini Place","highway":"residential","osm":"way/751474546"},"geometry":{"type":"LineString","coordinates":[[-110.97066,32.21459],[-110.97032,32.21334]]}},{"type":"Feature","properties":{"name":null,"highway":"residential","osm":"way/751497285"},"geometry":{"type":"LineString","coordinates":[[-110.94637,32.20145],[-110.9465,32.20188],[-110.947,32.20199]]}},{"type":"Feature","properties":{"name":"South Avenida del Convento","highway":"unclassified","osm":"way/751538794"},"geometry":{"type":"LineString","coordinates":[[-110.9848,32.21761],[-110.9847,32.21594]]}},{"type":"Feature","properties":{"name":"South Kino Parkway","highway":"primary","osm":"way/754154727"},"geometry":{"type":"LineString","coordinates":[[-110.94843,32.21243],[-110.94873,32.21196]]}},{"type":"Feature","properties":{"name":"South Kino Parkway","highway":"primary","osm":"way/754154728"},"geometry":{"type":"LineString","coordinates":[[-110.94833,32.21228],[-110.94825,32.2124]]}},{"type":"Feature","properties":{"name":"South Park Avenue","highway":"secondary","osm":"way/755255426"},"geometry":{"type":"LineString","coordinates":[[-110.95632,32.17837],[-110.95632,32.17787]]}},{"type":"Feature","properties":{"name":"South Park Avenue","highway":"secondary","osm":"way/755255427"},"geometry":{"type":"LineString","coordinates":[[-110.95633,32.17853],[-110.95632,32.17837]]}},{"type":"Feature","properties":{"name":"East Ajo Way","highway":"primary","osm":"way/757248685"},"geometry":{"type":"LineString","coordinates":[[-110.9585,32.1779],[-110.95852,32.1779]]}},{"type":"Feature","properties":{"name":"East Ajo Way","highway":"primary","osm":"way/757248686"},"geometry":{"type":"LineString","coordinates":[[-110.95846,32.1779],[-110.9585,32.1779]]}},{"type":"Feature","properties":{"name":"East 22nd Street","highway":"primary","osm":"way/765594657"},"geometry":{"type":"LineString","coordinates":[[-110.96765,32.20685],[-110.96696,32.20683]]}},{"type":"Feature","properties":{"name":"East 22nd Street","highway":"primary","osm":"way/765594658"},"geometry":{"type":"LineString","coordinates":[[-110.96773,32.20685],[-110.96765,32.20685]]}},{"type":"Feature","properties":{"name":"South Campbell Avenue","highway":"unclassified","osm":"way/767813756"},"geometry":{"type":"LineString","coordinates":[[-110.94356,32.19204],[-110.94355,32.19134]]}},{"type":"Feature","properties":{"name":"South Campbell Avenue","highway":"unclassified","osm":"way/767813757"},"geometry":{"type":"LineString","coordinates":[[-110.94355,32.19134],[-110.94355,32.19107]]}},{"type":"Feature","properties":{"name":"South Campbell Avenue","highway":"unclassified","osm":"way/767813758"},"geometry":{"type":"LineString","coordinates":[[-110.94355,32.19107],[-110.94354,32.18758]]}},{"type":"Feature","properties":{"name":"South Toole Avenue","highway":"tertiary","osm":"way/768038222"},"geometry":{"type":"LineString","coordinates":[[-110.96041,32.2154],[-110.96032,32.21532]]}},{"type":"Feature","properties":{"name":"South Toole Avenue","highway":"tertiary","osm":"way/768038223"},"geometry":{"type":"LineString","coordinates":[[-110.96032,32.21532],[-110.96021,32.21521]]}},{"type":"Feature","properties":{"name":"South Toole Avenue","highway":"tertiary","osm":"way/768038224"},"geometry":{"type":"LineString","coordinates":[[-110.96064,32.21569],[-110.96041,32.2154]]}},{"type":"Feature","properties":{"name":"East Benson Highway","highway":"secondary","osm":"way/769134059"},"geometry":{"type":"LineString","coordinates":[[-110.95239,32.17791],[-110.95425,32.17978]]}},{"type":"Feature","properties":{"name":"East Duvall Vista","highway":"residential","osm":"way/769141710"},"geometry":{"type":"LineString","coordinates":[[-110.94354,32.18514],[-110.94418,32.18513]]}},{"type":"Feature","properties":{"name":null,"highway":"primary_link","osm":"way/769148236"},"geometry":{"type":"LineString","coordinates":[[-110.94744,32.1928],[-110.94745,32.19253],[-110.94776,32.19242]]}},{"type":"Feature","properties":{"name":"East 36th Street","highway":"secondary","osm":"way/769148237"},"geometry":{"type":"LineString","coordinates":[[-110.94723,32.19242],[-110.94776,32.19242]]}},{"type":"Feature","properties":{"name":"East 36th Street","highway":"secondary","osm":"way/769148238"},"geometry":{"type":"LineString","coordinates":[[-110.94686,32.19242],[-110.94701,32.19242]]}},{"type":"Feature","properties":{"name":null,"highway":"primary_link","osm":"way/769148900"},"geometry":{"type":"LineString","coordinates":[[-110.94685,32.19208],[-110.94647,32.19242]]}},{"type":"Feature","properties":{"name":"South 4th Avenue","highway":"tertiary","osm":"way/769204436"},"geometry":{"type":"LineString","coordinates":[[-110.96552,32.21725],[-110.96546,32.21207]]}},{"type":"Feature","properties":{"name":"South 4th Avenue","highway":"tertiary","osm":"way/769204437"},"geometry":{"type":"LineString","coordinates":[[-110.96553,32.21841],[-110.96552,32.21788]]}},{"type":"Feature","properties":{"name":"Ring Road","highway":"unclassified","osm":"way/769740939"},"geometry":{"type":"LineString","coordinates":[[-110.9491,32.23963],[-110.94904,32.24289],[-110.94855,32.24316],[-110.94608,32.24318]]}},{"type":"Feature","properties":{"name":"Ring Road","highway":"unclassified","osm":"way/769740940"},"geometry":{"type":"LineString","coordinates":[[-110.94503,32.2429],[-110.94608,32.24318]]}},{"type":"Feature","properties":{"name":"Ring Road","highway":"unclassified","osm":"way/769740941"},"geometry":{"type":"LineString","coordinates":[[-110.94608,32.24318],[-110.94511,32.2428]]}},{"type":"Feature","properties":{"name":"East Elm Street","highway":"unclassified","osm":"way/769746008"},"geometry":{"type":"LineString","coordinates":[[-110.94412,32.24277],[-110.94503,32.2429]]}},{"type":"Feature","properties":{"name":"South 16th Avenue","highway":"residential","osm":"way/769906122"},"geometry":{"type":"LineString","coordinates":[[-110.98117,32.17799],[-110.98124,32.1773]]}},{"type":"Feature","properties":{"name":"West Ajo Way","highway":"primary","osm":"way/769906123"},"geometry":{"type":"LineString","coordinates":[[-110.98116,32.17784],[-110.98352,32.17792]]}},{"type":"Feature","properties":{"name":"North Park Avenue","highway":"residential","osm":"way/770525251"},"geometry":{"type":"LineString","coordinates":[[-110.95642,32.22777],[-110.95641,32.22759]]}},{"type":"Feature","properties":{"name":null,"highway":"residential","osm":"way/770525252"},"geometry":{"type":"LineString","coordinates":[[-110.95637,32.22749],[-110.95618,32.22777]]}},{"type":"Feature","properties":{"name":"North Fremont Avenue","highway":"residential","osm":"way/770525258"},"geometry":{"type":"LineString","coordinates":[[-110.95483,32.22746],[-110.95462,32.22777]]}},{"type":"Feature","properties":{"name":null,"highway":"secondary_link","osm":"way/770525260"},"geometry":{"type":"LineString","coordinates":[[-110.95103,32.22807],[-110.95135,32.22779]]}},{"type":"Feature","properties":{"name":"North Martin Avenue","highway":"residential","osm":"way/770525262"},"geometry":{"type":"LineString","coordinates":[[-110.94522,32.22736],[-110.94521,32.22786]]}},{"type":"Feature","properties":{"name":"South Warren Avenue","highway":"residential","osm":"way/770525263"},"geometry":{"type":"LineString","coordinates":[[-110.9467,32.227],[-110.94714,32.22784]]}},{"type":"Feature","properties":{"name":"North 7th Avenue","highway":"residential","osm":"way/770566858"},"geometry":{"type":"LineString","coordinates":[[-110.97033,32.24335],[-110.97029,32.24001]]}},{"type":"Feature","properties":{"name":"West University Boulevard","highway":"residential","osm":"way/771522884"},"geometry":{"type":"LineString","coordinates":[[-110.97178,32.23178],[-110.97243,32.23162]]}},{"type":"Feature","properties":{"name":"East 24th Street","highway":"residential","osm":"way/772042822"},"geometry":{"type":"LineString","coordinates":[[-110.95924,32.20426],[-110.95773,32.20427]]}},{"type":"Feature","properties":{"name":"East 24th Street","highway":"residential","osm":"way/772042823"},"geometry":{"type":"LineString","coordinates":[[-110.95544,32.20428],[-110.95696,32.20428]]}},{"type":"Feature","properties":{"name":"East 24th Street","highway":"residential","osm":"way/772042824"},"geometry":{"type":"LineString","coordinates":[[-110.95696,32.20428],[-110.95544,32.20428]]}},{"type":"Feature","properties":{"name":"East 24th Street","highway":"residential","osm":"way/772042825"},"geometry":{"type":"LineString","coordinates":[[-110.95544,32.20428],[-110.95033,32.20428]]}},{"type":"Feature","properties":{"name":"East 5th Street","highway":"residential","osm":"way/772045353"},"geometry":{"type":"LineString","coordinates":[[-110.95953,32.22918],[-110.95991,32.22907]]}},{"type":"Feature","properties":{"name":"East 5th Street","highway":"residential","osm":"way/772045357"},"geometry":{"type":"LineString","coordinates":[[-110.95991,32.22907],[-110.95953,32.2289]]}},{"type":"Feature","properties":{"name":"South 4th Avenue","highway":"tertiary","osm":"way/772232467"},"geometry":{"type":"LineString","coordinates":[[-110.96506,32.18657],[-110.96527,32.18713]]}},{"type":"Feature","properties":{"name":"South 4th Avenue","highway":"tertiary","osm":"way/772232468"},"geometry":{"type":"LineString","coordinates":[[-110.96527,32.18712],[-110.96551,32.18669]]}},{"type":"Feature","properties":{"name":"South 6th Avenue","highway":"secondary","osm":"way/772247871"},"geometry":{"type":"LineString","coordinates":[[-110.96846,32.20226],[-110.96846,32.20222]]}},{"type":"Feature","properties":{"name":"South 6th Avenue","highway":"secondary","osm":"way/772247872"},"geometry":{"type":"LineString","coordinates":[[-110.96846,32.20226],[-110.96848,32.20286]]}},{"type":"Feature","properties":{"name":"South 6th Avenue","highway":"secondary","osm":"way/772247873"},"geometry":{"type":"LineString","coordinates":[[-110.96848,32.20286],[-110.96852,32.20266]]}},{"type":"Feature","properties":{"name":"South 6th Avenue","highway":"secondary","osm":"way/772249452"},"geometry":{"type":"LineString","coordinates":[[-110.96853,32.20913],[-110.96854,32.20975]]}},{"type":"Feature","properties":{"name":"South 6th Avenue","highway":"secondary","osm":"way/772249453"},"geometry":{"type":"LineString","coordinates":[[-110.96854,32.20975],[-110.96853,32.20913]]}},{"type":"Feature","properties":{"name":null,"highway":"primary_link","osm":"way/772266127"},"geometry":{"type":"LineString","coordinates":[[-110.94353,32.16965],[-110.94388,32.16943]]}},{"type":"Feature","properties":{"name":"South 12th Avenue","highway":"secondary","osm":"way/772558473"},"geometry":{"type":"LineString","coordinates":[[-110.97758,32.18185],[-110.97761,32.18272]]}},{"type":"Feature","properties":{"name":"South 12th Avenue","highway":"secondary","osm":"way/772558474"},"geometry":{"type":"LineString","coordinates":[[-110.97761,32.18272],[-110.97764,32.18205]]}},{"type":"Feature","properties":{"name":"North Euclid Avenue","highway":"secondary","osm":"way/772733659"},"geometry":{"type":"LineString","coordinates":[[-110.95947,32.22704],[-110.95948,32.22607]]}},{"type":"Feature","properties":{"name":"East 6th Street","highway":"secondary","osm":"way/772733660"},"geometry":{"type":"LineString","coordinates":[[-110.9596,32.22777],[-110.95947,32.22777]]}},{"type":"Feature","properties":{"name":null,"highway":"secondary","osm":"way/772753286"},"geometry":{"type":"LineString","coordinates":[[-110.94916,32.17452],[-110.94905,32.1746]]}},{"type":"Feature","properties":{"name":null,"highway":"motorway_link","osm":"way/775393974"},"geometry":{"type":"LineString","coordinates":[[-110.97922,32.19701],[-110.97925,32.19528],[-110.97958,32.19378]]}},{"type":"Feature","properties":{"name":null,"highway":"motorway_link","osm":"way/775393975"},"geometry":{"type":"LineString","coordinates":[[-110.97928,32.19755],[-110.97922,32.19701]]}},{"type":"Feature","properties":{"name":null,"highway":"motorway_link","osm":"way/775393976"},"geometry":{"type":"LineString","coordinates":[[-110.98577,32.17806],[-110.9863,32.17436],[-110.98604,32.17258]]}},{"type":"Feature","properties":{"name":null,"highway":"motorway_link","osm":"way/775396151"},"geometry":{"type":"LineString","coordinates":[[-110.98606,32.17542],[-110.98575,32.17188]]}},{"type":"Feature","properties":{"name":"East 6th Street","highway":"secondary","osm":"way/776826847"},"geometry":{"type":"LineString","coordinates":[[-110.95385,32.22777],[-110.95374,32.22777]]}},{"type":"Feature","properties":{"name":null,"highway":"primary","osm":"way/777146244"},"geometry":{"type":"LineString","coordinates":[[-110.98598,32.1777],[-110.98589,32.17771]]}},{"type":"Feature","properties":{"name":"West Ajo Way","highway":"primary","osm":"way/777146245"},"geometry":{"type":"LineString","coordinates":[[-110.98473,32.17772],[-110.98116,32.17784]]}},{"type":"Feature","properties":{"name":"East 22nd Street","highway":"primary","osm":"way/777386260"},"geometry":{"type":"LineString","coordinates":[[-110.95138,32.20683],[-110.95046,32.20683]]}},{"type":"Feature","properties":{"name":null,"highway":"primary_link","osm":"way/777386261"},"geometry":{"type":"LineString","coordinates":[[-110.94962,32.20688],[-110.94973,32.20693]]}},{"type":"Feature","properties":{"name":null,"highway":"primary_link","osm":"way/777386263"},"geometry":{"type":"LineString","coordinates":[[-110.94435,32.18266],[-110.94455,32.18266]]}},{"type":"Feature","properties":{"name":"West 18th Street","highway":"tertiary","osm":"way/780756814"},"geometry":{"type":"LineString","coordinates":[[-110.9724,32.21203],[-110.97913,32.21199]]}},{"type":"Feature","properties":{"name":"South Meyer Avenue","highway":"residential","osm":"way/780756815"},"geometry":{"type":"LineString","coordinates":[[-110.9724,32.21203],[-110.97239,32.21072]]}},{"type":"Feature","properties":{"name":"West 19th Street","highway":"residential","osm":"way/780756816"},"geometry":{"type":"LineString","coordinates":[[-110.97609,32.21069],[-110.97239,32.21072]]}},{"type":"Feature","properties":{"name":"South Meyer Avenue","highway":"residential","osm":"way/780756817"},"geometry":{"type":"LineString","coordinates":[[-110.97239,32.21072],[-110.97237,32.20809]]}},{"type":"Feature","properties":{"name":"East 22nd Street","highway":"primary","osm":"way/783798432"},"geometry":{"type":"LineString","coordinates":[[-110.95006,32.207],[-110.95049,32.20701]]}},{"type":"Feature","properties":{"name":"East 22nd Street","highway":"primary","osm":"way/783798433"},"geometry":{"type":"LineString","coordinates":[[-110.95049,32.20701],[-110.95313,32.2069]]}},{"type":"Feature","properties":{"name":"North Campbell Avenue","highway":"primary","osm":"way/786936666"},"geometry":{"type":"LineString","coordinates":[[-110.94386,32.23108],[-110.94387,32.23176]]}},{"type":"Feature","properties":{"name":"South Kino Parkway","highway":"primary","osm":"way/787010723"},"geometry":{"type":"LineString","coordinates":[[-110.94578,32.21571],[-110.94632,32.21506]]}},{"type":"Feature","properties":{"name":"North Oracle Road","highway":"secondary","osm":"way/787351839"},"geometry":{"type":"LineString","coordinates":[[-110.97807,32.24028],[-110.97806,32.24022]]}},{"type":"Feature","properties":{"name":"South Kino Parkway","highway":"primary","osm":"way/788074716"},"geometry":{"type":"LineString","coordinates":[[-110.94434,32.1852],[-110.94478,32.18788],[-110.94685,32.19208]]}},{"type":"Feature","properties":{"name":"South Kino Parkway","highway":"primary","osm":"way/788074717"},"geometry":{"type":"LineString","coordinates":[[-110.94701,32.19242],[-110.94749,32.19333]]}},{"type":"Feature","properties":{"name":"East 36th Street","highway":"secondary","osm":"way/788074719"},"geometry":{"type":"LineString","coordinates":[[-110.94776,32.19242],[-110.95118,32.19239]]}},{"type":"Feature","properties":{"name":"South Kino Parkway","highway":"primary","osm":"way/788074720"},"geometry":{"type":"LineString","coordinates":[[-110.94723,32.19242],[-110.94603,32.19006]]}},{"type":"Feature","properties":{"name":null,"highway":"residential","osm":"way/788074722"},"geometry":{"type":"LineString","coordinates":[[-110.94806,32.19403],[-110.94787,32.1941]]}},{"type":"Feature","properties":{"name":"South Kino Parkway","highway":"primary","osm":"way/788074724"},"geometry":{"type":"LineString","coordinates":[[-110.94749,32.19333],[-110.94787,32.1941]]}},{"type":"Feature","properties":{"name":"East Speedway Boulevard","highway":"primary","osm":"way/788641466"},"geometry":{"type":"LineString","coordinates":[[-110.94437,32.23616],[-110.95097,32.23607]]}},{"type":"Feature","properties":{"name":"East Speedway Boulevard","highway":"primary","osm":"way/789026890"},"geometry":{"type":"LineString","coordinates":[[-110.9368,32.236],[-110.9353,32.23601]]}},{"type":"Feature","properties":{"name":"South Kino Parkway","highway":"primary","osm":"way/789624451"},"geometry":{"type":"LineString","coordinates":[[-110.94806,32.19403],[-110.94772,32.19336]]}},{"type":"Feature","properties":{"name":"South Kino Parkway","highway":"primary","osm":"way/789624452"},"geometry":{"type":"LineString","coordinates":[[-110.94772,32.19336],[-110.94744,32.1928]]}},{"type":"Feature","properties":{"name":"North Oracle Road","highway":"secondary","osm":"way/791522087"},"geometry":{"type":"LineString","coordinates":[[-110.97806,32.24022],[-110.978,32.23953]]}},{"type":"Feature","properties":{"name":"South Euclid Avenue","highway":"secondary","osm":"way/791522088"},"geometry":{"type":"LineString","coordinates":[[-110.95944,32.22082],[-110.95946,32.21992]]}},{"type":"Feature","properties":{"name":"East Broadway Boulevard","highway":"primary","osm":"way/791522089"},"geometry":{"type":"LineString","coordinates":[[-110.95945,32.22129],[-110.95896,32.2213]]}},{"type":"Feature","properties":{"name":"North Euclid Avenue","highway":"secondary","osm":"way/791522090"},"geometry":{"type":"LineString","coordinates":[[-110.95945,32.22149],[-110.95945,32.22252]]}},{"type":"Feature","properties":{"name":"East Broadway Boulevard","highway":"primary","osm":"way/791522091"},"geometry":{"type":"LineString","coordinates":[[-110.95945,32.22149],[-110.96089,32.22145],[-110.96196,32.22098]]}},{"type":"Feature","properties":{"name":"East Broadway Boulevard","highway":"primary","osm":"way/791522092"},"geometry":{"type":"LineString","coordinates":[[-110.96021,32.22129],[-110.95945,32.22129]]}},{"type":"Feature","properties":{"name":"East Speedway Boulevard","highway":"primary","osm":"way/791522093"},"geometry":{"type":"LineString","coordinates":[[-110.95823,32.23595],[-110.95678,32.23595]]}},{"type":"Feature","properties":{"name":"East Speedway Boulevard","highway":"primary","osm":"way/791522094"},"geometry":{"type":"LineString","coordinates":[[-110.95813,32.2361],[-110.9595,32.23611]]}},{"type":"Feature","properties":{"name":"North Wilson Avenue","highway":"residential","osm":"way/792728837"},"geometry":{"type":"LineString","coordinates":[[-110.93809,32.22838],[-110.93816,32.24019]]}},{"type":"Feature","properties":{"name":"North Wilson Avenue","highway":"residential","osm":"way/792729308"},"geometry":{"type":"LineString","coordinates":[[-110.93809,32.22739],[-110.93789,32.22369]]}},{"type":"Feature","properties":{"name":"East Speedway Boulevard","highway":"primary","osm":"way/795726382"},"geometry":{"type":"LineString","coordinates":[[-110.97095,32.23596],[-110.97182,32.236]]}},{"type":"Feature","properties":{"name":"North Euclid Avenue","highway":"secondary","osm":"way/797094852"},"geometry":{"type":"LineString","coordinates":[[-110.95947,32.22865],[-110.95949,32.22928]]}},{"type":"Feature","properties":{"name":"North Euclid Avenue","highway":"secondary","osm":"way/797094853"},"geometry":{"type":"LineString","coordinates":[[-110.95949,32.22928],[-110.95953,32.22918]]}},{"type":"Feature","properties":{"name":"East Speedway Boulevard","highway":"primary","osm":"way/799235638"},"geometry":{"type":"LineString","coordinates":[[-110.97067,32.23592],[-110.97056,32.23591]]}},{"type":"Feature","properties":{"name":"North 7th Avenue","highway":"residential","osm":"way/799235639"},"geometry":{"type":"LineString","coordinates":[[-110.97028,32.2359],[-110.97026,32.23299]]}},{"type":"Feature","properties":{"name":"East Speedway Boulevard","highway":"primary","osm":"way/799235640"},"geometry":{"type":"LineString","coordinates":[[-110.97028,32.2359],[-110.97056,32.23591]]}},{"type":"Feature","properties":{"name":"North Ferro Avenue","highway":"residential","osm":"way/799235641"},"geometry":{"type":"LineString","coordinates":[[-110.96944,32.22772],[-110.9695,32.23571]]}},{"type":"Feature","properties":{"name":"East Speedway Boulevard","highway":"primary","osm":"way/799235644"},"geometry":{"type":"LineString","coordinates":[[-110.96335,32.23594],[-110.96293,32.23594]]}},{"type":"Feature","properties":{"name":"East Speedway Boulevard","highway":"primary","osm":"way/799235645"},"geometry":{"type":"LineString","coordinates":[[-110.96259,32.23595],[-110.96293,32.23594]]}},{"type":"Feature","properties":{"name":"East Speedway Boulevard","highway":"primary","osm":"way/799235646"},"geometry":{"type":"LineString","coordinates":[[-110.96293,32.23594],[-110.96259,32.23595]]}},{"type":"Feature","properties":{"name":"East Speedway Boulevard","highway":"primary","osm":"way/799237851"},"geometry":{"type":"LineString","coordinates":[[-110.96028,32.23595],[-110.95965,32.23594]]}},{"type":"Feature","properties":{"name":"East Speedway Boulevard","highway":"primary","osm":"way/799237852"},"geometry":{"type":"LineString","coordinates":[[-110.9604,32.23595],[-110.96028,32.23595]]}},{"type":"Feature","properties":{"name":"East Speedway Boulevard","highway":"primary","osm":"way/799237855"},"geometry":{"type":"LineString","coordinates":[[-110.95965,32.23594],[-110.95949,32.23594]]}},{"type":"Feature","properties":{"name":"North Euclid Avenue","highway":"secondary","osm":"way/799499485"},"geometry":{"type":"LineString","coordinates":[[-110.95947,32.22704],[-110.95947,32.22711]]}},{"type":"Feature","properties":{"name":"North Euclid Avenue","highway":"secondary","osm":"way/799499486"},"geometry":{"type":"LineString","coordinates":[[-110.95948,32.22607],[-110.95943,32.22646]]}},{"type":"Feature","properties":{"name":"East 22nd Street","highway":"primary","osm":"way/800947536"},"geometry":{"type":"LineString","coordinates":[[-110.93092,32.20696],[-110.93517,32.20698]]}},{"type":"Feature","properties":{"name":"North Tucson Boulevard","highway":"secondary","osm":"way/801527145"},"geometry":{"type":"LineString","coordinates":[[-110.93538,32.23179],[-110.93536,32.23131]]}},{"type":"Feature","properties":{"name":"East 3rd Street","highway":"residential","osm":"way/801527146"},"geometry":{"type":"LineString","coordinates":[[-110.93538,32.23179],[-110.93532,32.2318]]}},{"type":"Feature","properties":{"name":"West La Paz Street","highway":"residential","osm":"way/802779138"},"geometry":{"type":"LineString","coordinates":[[-110.97552,32.20877],[-110.97677,32.20877]]}},{"type":"Feature","properties":{"name":null,"highway":"residential","osm":"way/812716626"},"geometry":{"type":"LineString","coordinates":[[-110.96912,32.16516],[-110.96912,32.16516]]}},{"type":"Feature","properties":{"name":"West Oklahoma Street","highway":"residential","osm":"way/812716627"},"geometry":{"type":"LineString","coordinates":[[-110.96927,32.16514],[-110.97364,32.16512]]}},{"type":"Feature","properties":{"name":"South 7th Avenue","highway":"residential","osm":"way/812716628"},"geometry":{"type":"LineString","coordinates":[[-110.9692,32.16508],[-110.96918,32.16327]]}},{"type":"Feature","properties":{"name":null,"highway":"residential","osm":"way/812716629"},"geometry":{"type":"LineString","coordinates":[[-110.96914,32.16781],[-110.96914,32.16781]]}},{"type":"Feature","properties":{"name":"West Ohio Street","highway":"residential","osm":"way/812716630"},"geometry":{"type":"LineString","coordinates":[[-110.96929,32.16779],[-110.97366,32.16777]]}},{"type":"Feature","properties":{"name":"South 7th Avenue","highway":"residential","osm":"way/812716631"},"geometry":{"type":"LineString","coordinates":[[-110.96922,32.16773],[-110.9692,32.1652]]}},{"type":"Feature","properties":{"name":null,"highway":"residential","osm":"way/812716636"},"geometry":{"type":"LineString","coordinates":[[-110.97364,32.16515],[-110.97364,32.16515]]}},{"type":"Feature","properties":{"name":"West Oklahoma Street","highway":"residential","osm":"way/812716637"},"geometry":{"type":"LineString","coordinates":[[-110.97379,32.16512],[-110.98069,32.16505]]}},{"type":"Feature","properties":{"name":"South Liberty Avenue","highway":"residential","osm":"way/812716638"},"geometry":{"type":"LineString","coordinates":[[-110.97371,32.16506],[-110.97371,32.16324]]}},{"type":"Feature","properties":{"name":null,"highway":"residential","osm":"way/812716639"},"geometry":{"type":"LineString","coordinates":[[-110.97366,32.16779],[-110.97366,32.16779]]}},{"type":"Feature","properties":{"name":"South Liberty Avenue","highway":"residential","osm":"way/812716640"},"geometry":{"type":"LineString","coordinates":[[-110.97373,32.1677],[-110.97371,32.16519]]}},{"type":"Feature","properties":{"name":"West Ohio Street","highway":"residential","osm":"way/812716641"},"geometry":{"type":"LineString","coordinates":[[-110.97381,32.16776],[-110.98223,32.16781],[-110.98458,32.16805]]}},{"type":"Feature","properties":{"name":null,"highway":"residential","osm":"way/812716642"},"geometry":{"type":"LineString","coordinates":[[-110.96954,32.17046],[-110.96954,32.17046]]}},{"type":"Feature","properties":{"name":"West Michigan Drive","highway":"residential","osm":"way/812716643"},"geometry":{"type":"LineString","coordinates":[[-110.96969,32.17043],[-110.97371,32.17042]]}},{"type":"Feature","properties":{"name":"South 7th Avenue","highway":"residential","osm":"way/812716644"},"geometry":{"type":"LineString","coordinates":[[-110.9696,32.17037],[-110.96922,32.16785]]}},{"type":"Feature","properties":{"name":null,"highway":"residential","osm":"way/812716645"},"geometry":{"type":"LineString","coordinates":[[-110.96955,32.17226],[-110.96955,32.17226]]}},{"type":"Feature","properties":{"name":"West Aviation Drive","highway":"residential","osm":"way/812716646"},"geometry":{"type":"LineString","coordinates":[[-110.96969,32.17223],[-110.97264,32.17222]]}},{"type":"Feature","properties":{"name":"South 7th Avenue","highway":"residential","osm":"way/812716647"},"geometry":{"type":"LineString","coordinates":[[-110.96961,32.17127],[-110.96961,32.1705]]}},{"type":"Feature","properties":{"name":null,"highway":"residential","osm":"way/812716648"},"geometry":{"type":"LineString","coordinates":[[-110.97158,32.17136],[-110.97158,32.17136]]}},{"type":"Feature","properties":{"name":"South 9th Avenue","highway":"residential","osm":"way/812716649"},"geometry":{"type":"LineString","coordinates":[[-110.97165,32.17127],[-110.97164,32.17042]]}},{"type":"Feature","properties":{"name":"West Pennsylvania Drive","highway":"residential","osm":"way/812716650"},"geometry":{"type":"LineString","coordinates":[[-110.97173,32.17133],[-110.97757,32.17131]]}},{"type":"Feature","properties":{"name":null,"highway":"residential","osm":"way/812716651"},"geometry":{"type":"LineString","coordinates":[[-110.97158,32.17318],[-110.97158,32.17318]]}},{"type":"Feature","properties":{"name":"West Columbia Street","highway":"residential","osm":"way/812716652"},"geometry":{"type":"LineString","coordinates":[[-110.97173,32.17316],[-110.97475,32.17315]]}},{"type":"Feature","properties":{"name":"South 9th Avenue","highway":"residential","osm":"way/812716653"},"geometry":{"type":"LineString","coordinates":[[-110.97166,32.1731],[-110.97165,32.1714]]}},{"type":"Feature","properties":{"name":null,"highway":"residential","osm":"way/812716654"},"geometry":{"type":"LineString","coordinates":[[-110.97264,32.17225],[-110.97264,32.17225]]}},{"type":"Feature","properties":{"name":"West Aviation Drive","highway":"residential","osm":"way/812716655"},"geometry":{"type":"LineString","coordinates":[[-110.97279,32.17223],[-110.97369,32.17222]]}},{"type":"Feature","properties":{"name":"South Belmar Avenue","highway":"residential","osm":"way/812716656"},"geometry":{"type":"LineString","coordinates":[[-110.97271,32.17217],[-110.9727,32.17042]]}},{"type":"Feature","properties":{"name":null,"highway":"residential","osm":"way/812716657"},"geometry":{"type":"LineString","coordinates":[[-110.97369,32.17224],[-110.97369,32.17224]]}},{"type":"Feature","properties":{"name":"West Aviation Drive","highway":"residential","osm":"way/812716658"},"geometry":{"type":"LineString","coordinates":[[-110.97384,32.17222],[-110.97558,32.17224]]}},{"type":"Feature","properties":{"name":"South Liberty Avenue","highway":"residential","osm":"way/812716659"},"geometry":{"type":"LineString","coordinates":[[-110.97376,32.17039],[-110.97373,32.16783]]}},{"type":"Feature","properties":{"name":null,"highway":"residential","osm":"way/812716660"},"geometry":{"type":"LineString","coordinates":[[-110.9737,32.1741],[-110.9737,32.1741]]}},{"type":"Feature","properties":{"name":"West District Street","highway":"residential","osm":"way/812716661"},"geometry":{"type":"LineString","coordinates":[[-110.97385,32.17408],[-110.97758,32.17408]]}},{"type":"Feature","properties":{"name":"South Liberty Avenue","highway":"residential","osm":"way/812716662"},"geometry":{"type":"LineString","coordinates":[[-110.97377,32.17402],[-110.97377,32.17229]]}},{"type":"Feature","properties":{"name":null,"highway":"residential","osm":"way/812716663"},"geometry":{"type":"LineString","coordinates":[[-110.97476,32.17317],[-110.97476,32.17317]]}},{"type":"Feature","properties":{"name":"West Columbia Street","highway":"residential","osm":"way/812716664"},"geometry":{"type":"LineString","coordinates":[[-110.9749,32.17315],[-110.97757,32.17314]]}},{"type":"Feature","properties":{"name":"South Lundy Avenue","highway":"residential","osm":"way/812716665"},"geometry":{"type":"LineString","coordinates":[[-110.97483,32.17309],[-110.9748,32.17041]]}},{"type":"Feature","properties":{"name":null,"highway":"residential","osm":"way/812716666"},"geometry":{"type":"LineString","coordinates":[[-110.97476,32.17503],[-110.97476,32.17503]]}},{"type":"Feature","properties":{"name":"West Palmdale Street","highway":"residential","osm":"way/812716667"},"geometry":{"type":"LineString","coordinates":[[-110.97476,32.175],[-110.97174,32.17501]]}},{"type":"Feature","properties":{"name":"South Lundy Avenue","highway":"residential","osm":"way/812716668"},"geometry":{"type":"LineString","coordinates":[[-110.97483,32.17495],[-110.97483,32.17321]]}},{"type":"Feature","properties":{"name":null,"highway":"residential","osm":"way/812716669"},"geometry":{"type":"LineString","coordinates":[[-110.9716,32.17504],[-110.9716,32.17504]]}},{"type":"Feature","properties":{"name":"South 9th Avenue","highway":"residential","osm":"way/812716670"},"geometry":{"type":"LineString","coordinates":[[-110.97167,32.17496],[-110.97166,32.17323]]}},{"type":"Feature","properties":{"name":"West Palmdale Street","highway":"residential","osm":"way/812716671"},"geometry":{"type":"LineString","coordinates":[[-110.97159,32.17501],[-110.96826,32.17503]]}},{"type":"Feature","properties":{"name":null,"highway":"residential","osm":"way/812716672"},"geometry":{"type":"LineString","coordinates":[[-110.97371,32.17597],[-110.97371,32.17597]]}},{"type":"Feature","properties":{"name":"South Liberty Avenue","highway":"residential","osm":"way/812716673"},"geometry":{"type":"LineString","coordinates":[[-110.97378,32.17588],[-110.97377,32.17415]]}},{"type":"Feature","properties":{"name":"West Lincoln Street","highway":"residential","osm":"way/812716674"},"geometry":{"type":"LineString","coordinates":[[-110.97386,32.17594],[-110.97759,32.1759]]}},{"type":"Feature","properties":{"name":null,"highway":"residential","osm":"way/812716675"},"geometry":{"type":"LineString","coordinates":[[-110.97265,32.17596],[-110.97265,32.17596]]}},{"type":"Feature","properties":{"name":"South Belmar Avenue","highway":"residential","osm":"way/812716676"},"geometry":{"type":"LineString","coordinates":[[-110.97272,32.17588],[-110.97272,32.17415]]}},{"type":"Feature","properties":{"name":"West Lincoln Street","highway":"residential","osm":"way/812716677"},"geometry":{"type":"LineString","coordinates":[[-110.9728,32.17594],[-110.97371,32.17594]]}},{"type":"Feature","properties":{"name":null,"highway":"residential","osm":"way/812716678"},"geometry":{"type":"LineString","coordinates":[[-110.96956,32.17598],[-110.96956,32.17598]]}},{"type":"Feature","properties":{"name":"West Lincoln Street","highway":"residential","osm":"way/812716679"},"geometry":{"type":"LineString","coordinates":[[-110.96971,32.17595],[-110.97265,32.17595]]}},{"type":"Feature","properties":{"name":"South 7th Avenue","highway":"residential","osm":"way/812716680"},"geometry":{"type":"LineString","coordinates":[[-110.96963,32.17589],[-110.96963,32.17416]]}},{"type":"Feature","properties":{"name":null,"highway":"residential","osm":"way/812716681"},"geometry":{"type":"LineString","coordinates":[[-110.97161,32.17689],[-110.97161,32.17689]]}},{"type":"Feature","properties":{"name":"South 9th Avenue","highway":"residential","osm":"way/812716682"},"geometry":{"type":"LineString","coordinates":[[-110.97168,32.17681],[-110.97166,32.17508]]}},{"type":"Feature","properties":{"name":"West President Street","highway":"residential","osm":"way/812716683"},"geometry":{"type":"LineString","coordinates":[[-110.9716,32.17688],[-110.96827,32.17689]]}},{"type":"Feature","properties":{"name":"South Park Avenue","highway":"secondary","osm":"way/812760840"},"geometry":{"type":"LineString","coordinates":[[-110.95842,32.21797],[-110.95849,32.21804]]}},{"type":"Feature","properties":{"name":"South Park Avenue","highway":"secondary","osm":"way/812760842"},"geometry":{"type":"LineString","coordinates":[[-110.95852,32.21789],[-110.95725,32.21672],[-110.95662,32.2156],[-110.95641,32.2121]]}},{"type":"Feature","properties":{"name":"South Park Avenue","highway":"secondary","osm":"way/812760843"},"geometry":{"type":"LineString","coordinates":[[-110.95859,32.21795],[-110.95852,32.21789]]}},{"type":"Feature","properties":{"name":"South Park Avenue","highway":"secondary","osm":"way/812760845"},"geometry":{"type":"LineString","coordinates":[[-110.95849,32.21804],[-110.95946,32.21949]]}},{"type":"Feature","properties":{"name":null,"highway":"residential","osm":"way/813023186"},"geometry":{"type":"LineString","coordinates":[[-110.97265,32.1741],[-110.97265,32.1741]]}},{"type":"Feature","properties":{"name":"South Belmar Avenue","highway":"residential","osm":"way/813023187"},"geometry":{"type":"LineString","coordinates":[[-110.97272,32.17402],[-110.97271,32.17229]]}},{"type":"Feature","properties":{"name":"West District Street","highway":"residential","osm":"way/813023188"},"geometry":{"type":"LineString","coordinates":[[-110.9728,32.17408],[-110.97369,32.17408]]}},{"type":"Feature","properties":{"name":null,"highway":"residential","osm":"way/813023189"},"geometry":{"type":"LineString","coordinates":[[-110.96955,32.17412],[-110.96955,32.17412]]}},{"type":"Feature","properties":{"name":"South 7th Avenue","highway":"residential","osm":"way/813023190"},"geometry":{"type":"LineString","coordinates":[[-110.96962,32.17403],[-110.96961,32.1723]]}},{"type":"Feature","properties":{"name":"West District Street","highway":"residential","osm":"way/813023191"},"geometry":{"type":"LineString","coordinates":[[-110.9697,32.1741],[-110.97265,32.17409]]}},{"type":"Feature","properties":{"name":"North Euclid Avenue","highway":"secondary","osm":"way/821717760"},"geometry":{"type":"LineString","coordinates":[[-110.95953,32.2289],[-110.95947,32.22865]]}},{"type":"Feature","properties":{"name":"North Euclid Avenue","highway":"secondary","osm":"way/821717761"},"geometry":{"type":"LineString","coordinates":[[-110.95953,32.22918],[-110.95953,32.2289]]}},{"type":"Feature","properties":{"name":"South 16th Avenue","highway":"residential","osm":"way/824444225"},"geometry":{"type":"LineString","coordinates":[[-110.98182,32.17759],[-110.98183,32.17779]]}},{"type":"Feature","properties":{"name":"South Martin Luther King Jr. Way","highway":"unclassified","osm":"way/824707888"},"geometry":{"type":"LineString","coordinates":[[-110.95133,32.19239],[-110.951,32.1907],[-110.9491,32.1886],[-110.94828,32.1862],[-110.94734,32.18493]]}},{"type":"Feature","properties":{"name":"South Elizabeth Drive","highway":"residential","osm":"way/824827246"},"geometry":{"type":"LineString","coordinates":[[-110.98477,32.17558],[-110.98509,32.17489],[-110.98511,32.17106]]}},{"type":"Feature","properties":{"name":"South Elizabeth Drive","highway":"residential","osm":"way/824827247"},"geometry":{"type":"LineString","coordinates":[[-110.98464,32.17568],[-110.98477,32.17558]]}},{"type":"Feature","properties":{"name":"South Park Avenue","highway":"secondary","osm":"way/824837434"},"geometry":{"type":"LineString","coordinates":[[-110.95633,32.18241],[-110.95634,32.18169]]}},{"type":"Feature","properties":{"name":"South Park Avenue","highway":"secondary","osm":"way/824837435"},"geometry":{"type":"LineString","coordinates":[[-110.95609,32.18169],[-110.95608,32.18313]]}},{"type":"Feature","properties":{"name":"South Park Avenue","highway":"secondary","osm":"way/824837436"},"geometry":{"type":"LineString","coordinates":[[-110.9561,32.18086],[-110.95609,32.18143]]}},{"type":"Feature","properties":{"name":"South Park Avenue","highway":"secondary","osm":"way/824837437"},"geometry":{"type":"LineString","coordinates":[[-110.95633,32.18278],[-110.95633,32.18241]]}},{"type":"Feature","properties":{"name":"East Benson Highway","highway":"secondary","osm":"way/824837444"},"geometry":{"type":"LineString","coordinates":[[-110.95633,32.18185],[-110.9575,32.18308],[-110.95769,32.18301]]}},{"type":"Feature","properties":{"name":"East Benson Highway","highway":"secondary","osm":"way/824837445"},"geometry":{"type":"LineString","coordinates":[[-110.95576,32.18129],[-110.95584,32.18137]]}},{"type":"Feature","properties":{"name":"East Benson Highway","highway":"secondary","osm":"way/824837446"},"geometry":{"type":"LineString","coordinates":[[-110.95694,32.18226],[-110.95634,32.18169]]}},{"type":"Feature","properties":{"name":"East Benson Highway","highway":"secondary","osm":"way/824837447"},"geometry":{"type":"LineString","coordinates":[[-110.95715,32.18247],[-110.95694,32.18226]]}},{"type":"Feature","properties":{"name":"South Park Avenue","highway":"secondary","osm":"way/824837450"},"geometry":{"type":"LineString","coordinates":[[-110.95635,32.1809],[-110.95635,32.18061]]}},{"type":"Feature","properties":{"name":"South Park Avenue","highway":"secondary","osm":"way/824837451"},"geometry":{"type":"LineString","coordinates":[[-110.95615,32.18035],[-110.9561,32.18086]]}},{"type":"Feature","properties":{"name":"South Park Avenue","highway":"secondary","osm":"way/824837452"},"geometry":{"type":"LineString","coordinates":[[-110.95621,32.17996],[-110.95615,32.18035]]}},{"type":"Feature","properties":{"name":"Tucson–Benson Highway","highway":"motorway","osm":"way/825063985"},"geometry":{"type":"LineString","coordinates":[[-110.94668,32.17846],[-110.94609,32.17811]]}},{"type":"Feature","properties":{"name":"Tucson–Benson Highway","highway":"motorway","osm":"way/825063986"},"geometry":{"type":"LineString","coordinates":[[-110.94663,32.17853],[-110.94799,32.1793]]}},{"type":"Feature","properties":{"name":null,"highway":"motorway_link","osm":"way/825063987"},"geometry":{"type":"LineString","coordinates":[[-110.94139,32.17734],[-110.94139,32.17783]]}},{"type":"Feature","properties":{"name":"South Kino Parkway","highway":"primary","osm":"way/825063991"},"geometry":{"type":"LineString","coordinates":[[-110.94459,32.17921],[-110.94459,32.1782]]}},{"type":"Feature","properties":{"name":null,"highway":"primary_link","osm":"way/825294775"},"geometry":{"type":"LineString","coordinates":[[-110.98607,32.17558],[-110.98606,32.17542]]}},{"type":"Feature","properties":{"name":null,"highway":"primary_link","osm":"way/825294776"},"geometry":{"type":"LineString","coordinates":[[-110.98604,32.17258],[-110.98604,32.16566]]}},{"type":"Feature","properties":{"name":null,"highway":"primary_link","osm":"way/825294778"},"geometry":{"type":"LineString","coordinates":[[-110.98606,32.17542],[-110.98604,32.17258]]}},{"type":"Feature","properties":{"name":"Nogales–Tucson Highway","highway":"motorway","osm":"way/826053072"},"geometry":{"type":"LineString","coordinates":[[-110.98577,32.17806],[-110.98575,32.17188]]}},{"type":"Feature","properties":{"name":"South Euclid Avenue","highway":"unclassified","osm":"way/828382651"},"geometry":{"type":"LineString","coordinates":[[-110.95924,32.20426],[-110.9592,32.19757]]}},{"type":"Feature","properties":{"name":"East 24th Street","highway":"residential","osm":"way/829927406"},"geometry":{"type":"LineString","coordinates":[[-110.93654,32.20515],[-110.93514,32.20516]]}},{"type":"Feature","properties":{"name":"East 23rd Street","highway":"residential","osm":"way/829927411"},"geometry":{"type":"LineString","coordinates":[[-110.93143,32.2057],[-110.9337,32.2057],[-110.93462,32.20601],[-110.93799,32.20602]]}},{"type":"Feature","properties":{"name":"East Winchester Vista","highway":"residential","osm":"way/829927484"},"geometry":{"type":"LineString","coordinates":[[-110.93514,32.20516],[-110.93446,32.20509],[-110.9326,32.20401],[-110.93142,32.20388]]}},{"type":"Feature","properties":{"name":"East Tucson Marketplace Boulevard","highway":"unclassified","osm":"way/832110851"},"geometry":{"type":"LineString","coordinates":[[-110.94841,32.18336],[-110.94874,32.18299]]}},{"type":"Feature","properties":{"name":"South 6th Avenue","highway":"primary","osm":"way/835720974"},"geometry":{"type":"LineString","coordinates":[[-110.96815,32.16327],[-110.96817,32.16501]]}},{"type":"Feature","properties":{"name":"East 31st Street","highway":"residential","osm":"way/858756976"},"geometry":{"type":"LineString","coordinates":[[-110.94217,32.19751],[-110.94059,32.19743],[-110.9396,32.19679]]}},{"type":"Feature","properties":{"name":"East 7th Street","highway":"residential","osm":"way/862900711"},"geometry":{"type":"LineString","coordinates":[[-110.94811,32.2265],[-110.95437,32.22647]]}},{"type":"Feature","properties":{"name":"North Norton Avenue","highway":"residential","osm":"way/863181877"},"geometry":{"type":"LineString","coordinates":[[-110.9366,32.22159],[-110.9366,32.22175]]}},{"type":"Feature","properties":{"name":"North Smith Avenue","highway":"residential","osm":"way/863181878"},"geometry":{"type":"LineString","coordinates":[[-110.93659,32.22186],[-110.93688,32.22218],[-110.9369,32.22398]]}},{"type":"Feature","properties":{"name":"North Norton Avenue","highway":"residential","osm":"way/863181879"},"geometry":{"type":"LineString","coordinates":[[-110.9366,32.22175],[-110.93591,32.22267],[-110.9362,32.2239]]}},{"type":"Feature","properties":{"name":"East 10th Street","highway":"residential","osm":"way/863181887"},"geometry":{"type":"LineString","coordinates":[[-110.93521,32.2228],[-110.93318,32.22283]]}},{"type":"Feature","properties":{"name":"North Tucson Boulevard","highway":"tertiary","osm":"way/863181888"},"geometry":{"type":"LineString","coordinates":[[-110.93521,32.2228],[-110.93532,32.22791]]}},{"type":"Feature","properties":{"name":null,"highway":"residential","osm":"way/863181913"},"geometry":{"type":"LineString","coordinates":[[-110.93668,32.22198],[-110.93656,32.22199]]}},{"type":"Feature","properties":{"name":"North Norris Avenue","highway":"residential","osm":"way/863191237"},"geometry":{"type":"LineString","coordinates":[[-110.94246,32.22868],[-110.9425,32.23599]]}},{"type":"Feature","properties":{"name":"South 3rd Avenue","highway":"residential","osm":"way/863880537"},"geometry":{"type":"LineString","coordinates":[[-110.96392,32.2094],[-110.96386,32.20061]]}},{"type":"Feature","properties":{"name":null,"highway":"unclassified","osm":"way/865732368"},"geometry":{"type":"LineString","coordinates":[[-110.94172,32.17932],[-110.94154,32.17797]]}},{"type":"Feature","properties":{"name":"South Kino Parkway","highway":"primary","osm":"way/865732369"},"geometry":{"type":"LineString","coordinates":[[-110.94455,32.18158],[-110.94457,32.18025]]}},{"type":"Feature","properties":{"name":"South Kino Parkway","highway":"primary","osm":"way/865732370"},"geometry":{"type":"LineString","coordinates":[[-110.94434,32.18338],[-110.94434,32.18463]]}},{"type":"Feature","properties":{"name":"East 39th Street","highway":"residential","osm":"way/866852373"},"geometry":{"type":"LineString","coordinates":[[-110.9564,32.18932],[-110.95623,32.18931]]}},{"type":"Feature","properties":{"name":"South Park Avenue","highway":"secondary","osm":"way/866852375"},"geometry":{"type":"LineString","coordinates":[[-110.95623,32.18931],[-110.95626,32.19138]]}},{"type":"Feature","properties":{"name":null,"highway":"unclassified","osm":"way/867139262"},"geometry":{"type":"LineString","coordinates":[[-110.95925,32.18715],[-110.9562,32.18708]]}},{"type":"Feature","properties":{"name":null,"highway":"unclassified","osm":"way/867139265"},"geometry":{"type":"LineString","coordinates":[[-110.9562,32.18718],[-110.9564,32.18721]]}},{"type":"Feature","properties":{"name":"South Park Avenue","highway":"secondary","osm":"way/867139268"},"geometry":{"type":"LineString","coordinates":[[-110.9564,32.18932],[-110.95635,32.18506]]}},{"type":"Feature","properties":{"name":"South Park Avenue","highway":"secondary","osm":"way/867139269"},"geometry":{"type":"LineString","coordinates":[[-110.95612,32.18506],[-110.9562,32.18708]]}},{"type":"Feature","properties":{"name":null,"highway":"unclassified","osm":"way/867139270"},"geometry":{"type":"LineString","coordinates":[[-110.95609,32.18717],[-110.9562,32.18718]]}},{"type":"Feature","properties":{"name":null,"highway":"unclassified","osm":"way/867785510"},"geometry":{"type":"LineString","coordinates":[[-110.9562,32.18708],[-110.95609,32.18708]]}},{"type":"Feature","properties":{"name":"South Park Avenue","highway":"secondary","osm":"way/867785511"},"geometry":{"type":"LineString","coordinates":[[-110.9562,32.18708],[-110.9562,32.18718]]}},{"type":"Feature","properties":{"name":"East Broadway Boulevard","highway":"primary","osm":"way/867813605"},"geometry":{"type":"LineString","coordinates":[[-110.96861,32.22121],[-110.96786,32.22122]]}},{"type":"Feature","properties":{"name":"South Kino Parkway","highway":"primary","osm":"way/867931432"},"geometry":{"type":"LineString","coordinates":[[-110.94456,32.18569],[-110.94455,32.1852]]}},{"type":"Feature","properties":{"name":"East Tucson Marketplace Boulevard","highway":"unclassified","osm":"way/867931433"},"geometry":{"type":"LineString","coordinates":[[-110.94455,32.18506],[-110.94434,32.18505]]}},{"type":"Feature","properties":{"name":"South Kino Parkway","highway":"primary","osm":"way/867931434"},"geometry":{"type":"LineString","coordinates":[[-110.94453,32.17929],[-110.94439,32.18014]]}},{"type":"Feature","properties":{"name":null,"highway":"primary_link","osm":"way/867931435"},"geometry":{"type":"LineString","coordinates":[[-110.94458,32.18014],[-110.94439,32.18014]]}},{"type":"Feature","properties":{"name":"East Ajo Way","highway":"primary","osm":"way/867931436"},"geometry":{"type":"LineString","coordinates":[[-110.94139,32.17783],[-110.94129,32.17783]]}},{"type":"Feature","properties":{"name":"East 36th Street","highway":"secondary","osm":"way/867931438"},"geometry":{"type":"LineString","coordinates":[[-110.95118,32.19239],[-110.95133,32.19239]]}},{"type":"Feature","properties":{"name":"East Tucson Marketplace Boulevard","highway":"unclassified","osm":"way/867931439"},"geometry":{"type":"LineString","coordinates":[[-110.94723,32.18499],[-110.94734,32.18493]]}},{"type":"Feature","properties":{"name":"South Martin Luther King Jr. Way","highway":"unclassified","osm":"way/867931440"},"geometry":{"type":"LineString","coordinates":[[-110.94734,32.18493],[-110.9472,32.18487]]}},{"type":"Feature","properties":{"name":"South Kino Parkway","highway":"primary","osm":"way/867931441"},"geometry":{"type":"LineString","coordinates":[[-110.94439,32.18014],[-110.94439,32.18025]]}},{"type":"Feature","properties":{"name":null,"highway":"primary_link","osm":"way/867931442"},"geometry":{"type":"LineString","coordinates":[[-110.94439,32.18025],[-110.94457,32.18025]]}},{"type":"Feature","properties":{"name":"East Ajo Way","highway":"primary","osm":"way/867931443"},"geometry":{"type":"LineString","coordinates":[[-110.94128,32.17797],[-110.94139,32.17797]]}},{"type":"Feature","properties":{"name":null,"highway":"motorway_link","osm":"way/867931444"},"geometry":{"type":"LineString","coordinates":[[-110.94139,32.17783],[-110.94139,32.17797]]}},{"type":"Feature","properties":{"name":"West Alameda Street","highway":"tertiary","osm":"way/868176742"},"geometry":{"type":"LineString","coordinates":[[-110.97437,32.2233],[-110.9738,32.22347]]}},{"type":"Feature","properties":{"name":"West Alameda Street","highway":"tertiary","osm":"way/868176743"},"geometry":{"type":"LineString","coordinates":[[-110.9738,32.22347],[-110.97371,32.2235]]}},{"type":"Feature","properties":{"name":"East Broadway Boulevard","highway":"primary","osm":"way/868392294"},"geometry":{"type":"LineString","coordinates":[[-110.96566,32.22121],[-110.96554,32.22121]]}},{"type":"Feature","properties":{"name":"East Alameda Street","highway":"tertiary","osm":"way/868392297"},"geometry":{"type":"LineString","coordinates":[[-110.96865,32.22435],[-110.97164,32.22431]]}},{"type":"Feature","properties":{"name":"West 22nd Street","highway":"primary","osm":"way/868392301"},"geometry":{"type":"LineString","coordinates":[[-110.96835,32.20685],[-110.96849,32.20685]]}},{"type":"Feature","properties":{"name":"South 6th Avenue","highway":"secondary","osm":"way/868392302"},"geometry":{"type":"LineString","coordinates":[[-110.96853,32.20913],[-110.96849,32.20685]]}},{"type":"Feature","properties":{"name":"South Scott Avenue","highway":"unclassified","osm":"way/868399400"},"geometry":{"type":"LineString","coordinates":[[-110.96982,32.22194],[-110.96975,32.22118]]}},{"type":"Feature","properties":{"name":"South Kino Parkway","highway":"primary","osm":"way/868422324"},"geometry":{"type":"LineString","coordinates":[[-110.94685,32.19208],[-110.94701,32.19242]]}},{"type":"Feature","properties":{"name":"East Duvall Vista","highway":"residential","osm":"way/868422326"},"geometry":{"type":"LineString","coordinates":[[-110.94434,32.18505],[-110.94418,32.18513]]}},{"type":"Feature","properties":{"name":"South Kino Parkway","highway":"primary","osm":"way/868422328"},"geometry":{"type":"LineString","coordinates":[[-110.94455,32.1852],[-110.94455,32.18506]]}},{"type":"Feature","properties":{"name":null,"highway":"residential","osm":"way/868422329"},"geometry":{"type":"LineString","coordinates":[[-110.94418,32.18513],[-110.94434,32.1852]]}},{"type":"Feature","properties":{"name":null,"highway":"unclassified","osm":"way/868422330"},"geometry":{"type":"LineString","coordinates":[[-110.94434,32.1852],[-110.94455,32.1852]]}},{"type":"Feature","properties":{"name":"East Tucson Marketplace Boulevard","highway":"unclassified","osm":"way/868422332"},"geometry":{"type":"LineString","coordinates":[[-110.94472,32.18506],[-110.94455,32.18506]]}},{"type":"Feature","properties":{"name":"South Campbell Avenue","highway":"unclassified","osm":"way/868422333"},"geometry":{"type":"LineString","coordinates":[[-110.94354,32.18514],[-110.94352,32.18204]]}},{"type":"Feature","properties":{"name":"East 36th Street","highway":"secondary","osm":"way/868422334"},"geometry":{"type":"LineString","coordinates":[[-110.94701,32.19242],[-110.94723,32.19242]]}},{"type":"Feature","properties":{"name":"South Kino Parkway","highway":"primary","osm":"way/868422335"},"geometry":{"type":"LineString","coordinates":[[-110.94744,32.1928],[-110.94723,32.19242]]}},{"type":"Feature","properties":{"name":"East Silverlake Road","highway":"tertiary","osm":"way/868422336"},"geometry":{"type":"LineString","coordinates":[[-110.9439,32.20116],[-110.94434,32.20087]]}},{"type":"Feature","properties":{"name":null,"highway":"primary_link","osm":"way/868542551"},"geometry":{"type":"LineString","coordinates":[[-110.9658,32.22121],[-110.96536,32.22132],[-110.9654,32.22158]]}},{"type":"Feature","properties":{"name":"Barraza Aviation Highway","highway":"primary","osm":"way/868542553"},"geometry":{"type":"LineString","coordinates":[[-110.94366,32.20796],[-110.94088,32.20626]]}},{"type":"Feature","properties":{"name":"East 4th Street","highway":"residential","osm":"way/868815264"},"geometry":{"type":"LineString","coordinates":[[-110.97177,32.23032],[-110.97101,32.23033]]}},{"type":"Feature","properties":{"name":"North 6th Avenue","highway":"tertiary","osm":"way/868815265"},"geometry":{"type":"LineString","coordinates":[[-110.96868,32.22772],[-110.96869,32.22979]]}},{"type":"Feature","properties":{"name":"North 6th Avenue","highway":"tertiary","osm":"way/868815267"},"geometry":{"type":"LineString","coordinates":[[-110.96869,32.22979],[-110.96869,32.23034]]}},{"type":"Feature","properties":{"name":"North 6th Avenue","highway":"tertiary","osm":"way/868815269"},"geometry":{"type":"LineString","coordinates":[[-110.96872,32.23343],[-110.96873,32.23424]]}},{"type":"Feature","properties":{"name":"North 6th Avenue","highway":"tertiary","osm":"way/868815272"},"geometry":{"type":"LineString","coordinates":[[-110.96874,32.23516],[-110.96874,32.23591]]}},{"type":"Feature","properties":{"name":"North 6th Avenue","highway":"tertiary","osm":"way/868815274"},"geometry":{"type":"LineString","coordinates":[[-110.96874,32.23511],[-110.96874,32.23516]]}},{"type":"Feature","properties":{"name":"East 6th Street","highway":"secondary","osm":"way/869767611"},"geometry":{"type":"LineString","coordinates":[[-110.9656,32.22774],[-110.96408,32.22774]]}},{"type":"Feature","properties":{"name":"North 4th Avenue","highway":"tertiary","osm":"way/869767612"},"geometry":{"type":"LineString","coordinates":[[-110.9656,32.22727],[-110.9656,32.22774]]}},{"type":"Feature","properties":{"name":"North 4th Avenue","highway":"tertiary","osm":"way/869767613"},"geometry":{"type":"LineString","coordinates":[[-110.96557,32.22427],[-110.96558,32.22452]]}},{"type":"Feature","properties":{"name":"East Congress Street","highway":"primary","osm":"way/869767617"},"geometry":{"type":"LineString","coordinates":[[-110.96534,32.22153],[-110.9654,32.22158]]}},{"type":"Feature","properties":{"name":"East Congress Street","highway":"primary","osm":"way/869767619"},"geometry":{"type":"LineString","coordinates":[[-110.9654,32.22158],[-110.96554,32.22171]]}},{"type":"Feature","properties":{"name":"East Broadway Boulevard","highway":"primary","osm":"way/869767621"},"geometry":{"type":"LineString","coordinates":[[-110.96589,32.22121],[-110.9658,32.22121]]}},{"type":"Feature","properties":{"name":"South Granada Avenue","highway":"tertiary","osm":"way/872013373"},"geometry":{"type":"LineString","coordinates":[[-110.97737,32.2179],[-110.97784,32.21754]]}},{"type":"Feature","properties":{"name":"West Cushing Street","highway":"tertiary","osm":"way/872013374"},"geometry":{"type":"LineString","coordinates":[[-110.97774,32.21743],[-110.97776,32.21745]]}},{"type":"Feature","properties":{"name":"South 7th Avenue","highway":"residential","osm":"way/872061959"},"geometry":{"type":"LineString","coordinates":[[-110.97001,32.20265],[-110.97,32.20111]]}},{"type":"Feature","properties":{"name":"South 4th Avenue","highway":"tertiary","osm":"way/873270744"},"geometry":{"type":"LineString","coordinates":[[-110.96532,32.19243],[-110.96536,32.19958]]}},{"type":"Feature","properties":{"name":"East 34th Street","highway":"residential","osm":"way/873270745"},"geometry":{"type":"LineString","coordinates":[[-110.9684,32.19448],[-110.96778,32.19448]]}},{"type":"Feature","properties":{"name":"East 36th Street","highway":"secondary","osm":"way/873270746"},"geometry":{"type":"LineString","coordinates":[[-110.96839,32.19244],[-110.96532,32.19243]]}},{"type":"Feature","properties":{"name":"South 10th Avenue","highway":"tertiary","osm":"way/873348226"},"geometry":{"type":"LineString","coordinates":[[-110.97465,32.20678],[-110.97459,32.20003]]}},{"type":"Feature","properties":{"name":"South 8th Avenue","highway":"residential","osm":"way/874274404"},"geometry":{"type":"LineString","coordinates":[[-110.97147,32.19396],[-110.97147,32.19141]]}},{"type":"Feature","properties":{"name":"North Norris Avenue","highway":"residential","osm":"way/878045976"},"geometry":{"type":"LineString","coordinates":[[-110.94241,32.22187],[-110.94244,32.22606]]}},{"type":"Feature","properties":{"name":"North Norris Avenue","highway":"residential","osm":"way/878411939"},"geometry":{"type":"LineString","coordinates":[[-110.94246,32.22868],[-110.94244,32.22606]]}},{"type":"Feature","properties":{"name":"East Forgeus Place","highway":"residential","osm":"way/878802282"},"geometry":{"type":"LineString","coordinates":[[-110.93495,32.22437],[-110.93491,32.22452],[-110.93495,32.22437]]}},{"type":"Feature","properties":{"name":"North Tyndall Avenue","highway":"residential","osm":"way/878977698"},"geometry":{"type":"LineString","coordinates":[[-110.95793,32.22744],[-110.9578,32.22777]]}},{"type":"Feature","properties":{"name":"North Tyndall Avenue","highway":"residential","osm":"way/878977699"},"geometry":{"type":"LineString","coordinates":[[-110.95804,32.22777],[-110.95793,32.22744]]}},{"type":"Feature","properties":{"name":"North Vine Avenue","highway":"residential","osm":"way/879117160"},"geometry":{"type":"LineString","coordinates":[[-110.94953,32.22502],[-110.94953,32.22591]]}},{"type":"Feature","properties":{"name":"North Campbell Avenue","highway":"primary","osm":"way/879117161"},"geometry":{"type":"LineString","coordinates":[[-110.94398,32.22384],[-110.94406,32.22238]]}},{"type":"Feature","properties":{"name":"North Martin Avenue","highway":"residential","osm":"way/879117163"},"geometry":{"type":"LineString","coordinates":[[-110.94519,32.22545],[-110.94522,32.22736]]}},{"type":"Feature","properties":{"name":"South Warren Avenue","highway":"residential","osm":"way/879117164"},"geometry":{"type":"LineString","coordinates":[[-110.94666,32.2215],[-110.9467,32.227]]}},{"type":"Feature","properties":{"name":"North Cherry Avenue","highway":"residential","osm":"way/879117166"},"geometry":{"type":"LineString","coordinates":[[-110.9481,32.22425],[-110.94811,32.2265]]}},{"type":"Feature","properties":{"name":"North Martin Avenue","highway":"residential","osm":"way/879502386"},"geometry":{"type":"LineString","coordinates":[[-110.94518,32.2238],[-110.94519,32.22545]]}},{"type":"Feature","properties":{"name":"North Campbell Avenue","highway":"primary","osm":"way/879502387"},"geometry":{"type":"LineString","coordinates":[[-110.94398,32.22557],[-110.94398,32.22384]]}},{"type":"Feature","properties":{"name":"East 9th Street","highway":"residential","osm":"way/879502388"},"geometry":{"type":"LineString","coordinates":[[-110.94398,32.22384],[-110.94379,32.22391]]}},{"type":"Feature","properties":{"name":"East 9th Street","highway":"residential","osm":"way/879502389"},"geometry":{"type":"LineString","coordinates":[[-110.94518,32.2238],[-110.94447,32.2238]]}},{"type":"Feature","properties":{"name":"East 9th Street","highway":"residential","osm":"way/879502390"},"geometry":{"type":"LineString","coordinates":[[-110.94398,32.22384],[-110.94447,32.2238],[-110.94398,32.22384]]}},{"type":"Feature","properties":{"name":"North Herbert Avenue","highway":"residential","osm":"way/879925877"},"geometry":{"type":"LineString","coordinates":[[-110.96638,32.22903],[-110.96641,32.23296]]}},{"type":"Feature","properties":{"name":"North Plumer Avenue","highway":"residential","osm":"way/883462373"},"geometry":{"type":"LineString","coordinates":[[-110.93964,32.24019],[-110.93964,32.24118]]}},{"type":"Feature","properties":{"name":"North Wilson Avenue","highway":"residential","osm":"way/883462375"},"geometry":{"type":"LineString","coordinates":[[-110.93816,32.24019],[-110.93821,32.24272]]}},{"type":"Feature","properties":{"name":"South 6th Avenue","highway":"secondary","osm":"way/883950721"},"geometry":{"type":"LineString","coordinates":[[-110.96836,32.18817],[-110.96846,32.18767]]}},{"type":"Feature","properties":{"name":"South 6th Avenue","highway":"secondary","osm":"way/883950722"},"geometry":{"type":"LineString","coordinates":[[-110.96826,32.18768],[-110.96836,32.18817]]}},{"type":"Feature","properties":{"name":"South 6th Avenue","highway":"primary","osm":"way/883950723"},"geometry":{"type":"LineString","coordinates":[[-110.96825,32.18758],[-110.96826,32.18768]]}},{"type":"Feature","properties":{"name":"South 6th Avenue","highway":"secondary","osm":"way/883950724"},"geometry":{"type":"LineString","coordinates":[[-110.96846,32.18759],[-110.96845,32.18681]]}},{"type":"Feature","properties":{"name":"South 6th Avenue","highway":"secondary","osm":"way/883950725"},"geometry":{"type":"LineString","coordinates":[[-110.96846,32.18767],[-110.96846,32.18759]]}},{"type":"Feature","properties":{"name":"East Benson Highway","highway":"primary","osm":"way/883950726"},"geometry":{"type":"LineString","coordinates":[[-110.96826,32.18768],[-110.96846,32.18767]]}},{"type":"Feature","properties":{"name":"South 6th Avenue","highway":"primary","osm":"way/883950728"},"geometry":{"type":"LineString","coordinates":[[-110.96825,32.18681],[-110.96825,32.18758]]}},{"type":"Feature","properties":{"name":"South 6th Avenue","highway":"secondary","osm":"way/883950729"},"geometry":{"type":"LineString","coordinates":[[-110.96845,32.18681],[-110.96845,32.18659]]}},{"type":"Feature","properties":{"name":"South 6th Avenue","highway":"primary","osm":"way/883950731"},"geometry":{"type":"LineString","coordinates":[[-110.96845,32.18659],[-110.96834,32.18549]]}},{"type":"Feature","properties":{"name":"South 6th Avenue","highway":"primary","osm":"way/883950732"},"geometry":{"type":"LineString","coordinates":[[-110.96834,32.18549],[-110.96825,32.18681]]}},{"type":"Feature","properties":{"name":"West 42nd Street","highway":"residential","osm":"way/884555551"},"geometry":{"type":"LineString","coordinates":[[-110.97277,32.18648],[-110.97332,32.18686],[-110.97453,32.18684]]}},{"type":"Feature","properties":{"name":"South 11th Avenue","highway":"residential","osm":"way/884555552"},"geometry":{"type":"LineString","coordinates":[[-110.97603,32.18679],[-110.97604,32.18598]]}},{"type":"Feature","properties":{"name":null,"highway":"residential","osm":"way/884555553"},"geometry":{"type":"LineString","coordinates":[[-110.97601,32.18679],[-110.97601,32.18679]]}},{"type":"Feature","properties":{"name":"North Norton Avenue","highway":"residential","osm":"way/884947568"},"geometry":{"type":"LineString","coordinates":[[-110.93662,32.24402],[-110.93661,32.2437]]}},{"type":"Feature","properties":{"name":"East Lester Street","highway":"residential","osm":"way/884947575"},"geometry":{"type":"LineString","coordinates":[[-110.93661,32.2437],[-110.93623,32.24369]]}},{"type":"Feature","properties":{"name":"East Elm Street","highway":"tertiary","osm":"way/884947584"},"geometry":{"type":"LineString","coordinates":[[-110.9416,32.2427],[-110.94111,32.2427],[-110.9416,32.2427]]}},{"type":"Feature","properties":{"name":"East Elm Street","highway":"tertiary","osm":"way/884947585"},"geometry":{"type":"LineString","coordinates":[[-110.93821,32.24272],[-110.93767,32.24272]]}},{"type":"Feature","properties":{"name":"East Elm Street","highway":"tertiary","osm":"way/884947586"},"geometry":{"type":"LineString","coordinates":[[-110.93709,32.24272],[-110.93767,32.24272]]}},{"type":"Feature","properties":{"name":"East Elm Street","highway":"tertiary","osm":"way/884947588"},"geometry":{"type":"LineString","coordinates":[[-110.93552,32.24274],[-110.93539,32.24275]]}},{"type":"Feature","properties":{"name":"East Elm Street","highway":"tertiary","osm":"way/884947589"},"geometry":{"type":"LineString","coordinates":[[-110.93614,32.24273],[-110.93552,32.24274],[-110.93614,32.24273]]}},{"type":"Feature","properties":{"name":"East Elm Street","highway":"tertiary","osm":"way/884947590"},"geometry":{"type":"LineString","coordinates":[[-110.93673,32.24273],[-110.93614,32.24273]]}},{"type":"Feature","properties":{"name":"North Campbell Avenue","highway":"primary","osm":"way/884947592"},"geometry":{"type":"LineString","coordinates":[[-110.94412,32.24264],[-110.94411,32.24091]]}},{"type":"Feature","properties":{"name":"East Elm Street","highway":"unclassified","osm":"way/884947593"},"geometry":{"type":"LineString","coordinates":[[-110.94511,32.2428],[-110.94412,32.24264]]}},{"type":"Feature","properties":{"name":"North Campbell Avenue","highway":"primary","osm":"way/884947594"},"geometry":{"type":"LineString","coordinates":[[-110.94412,32.24277],[-110.94412,32.24264]]}},{"type":"Feature","properties":{"name":"East Elm Street","highway":"tertiary","osm":"way/884947595"},"geometry":{"type":"LineString","coordinates":[[-110.94412,32.24264],[-110.94313,32.24269]]}},{"type":"Feature","properties":{"name":"East Elm Street","highway":"tertiary","osm":"way/884947596"},"geometry":{"type":"LineString","coordinates":[[-110.94171,32.2427],[-110.9416,32.2427]]}},{"type":"Feature","properties":{"name":"East Elm Street","highway":"tertiary","osm":"way/884947597"},"geometry":{"type":"LineString","coordinates":[[-110.94313,32.24269],[-110.9425,32.24269]]}},{"type":"Feature","properties":{"name":"East Elm Street","highway":"tertiary","osm":"way/884947598"},"geometry":{"type":"LineString","coordinates":[[-110.9425,32.24269],[-110.942,32.2427],[-110.9425,32.24269]]}},{"type":"Feature","properties":{"name":"East Elm Street","highway":"tertiary","osm":"way/884947599"},"geometry":{"type":"LineString","coordinates":[[-110.942,32.2427],[-110.94171,32.2427]]}},{"type":"Feature","properties":{"name":"East 25th Street","highway":"residential","osm":"way/884996379"},"geometry":{"type":"LineString","coordinates":[[-110.94891,32.20328],[-110.94797,32.20329]]}},{"type":"Feature","properties":{"name":null,"highway":"residential","osm":"way/884996380"},"geometry":{"type":"LineString","coordinates":[[-110.94643,32.20066],[-110.94637,32.20145]]}},{"type":"Feature","properties":{"name":null,"highway":"residential","osm":"way/885222300"},"geometry":{"type":"LineString","coordinates":[[-110.94693,32.19724],[-110.9469,32.19714]]}},{"type":"Feature","properties":{"name":"South Tyndall Avenue","highway":"residential","osm":"way/885331148"},"geometry":{"type":"LineString","coordinates":[[-110.95773,32.20427],[-110.9577,32.20317]]}},{"type":"Feature","properties":{"name":"East 24th Street","highway":"residential","osm":"way/885331149"},"geometry":{"type":"LineString","coordinates":[[-110.95773,32.20427],[-110.95696,32.20428]]}},{"type":"Feature","properties":{"name":"South Euclid Avenue","highway":"residential","osm":"way/885331150"},"geometry":{"type":"LineString","coordinates":[[-110.9592,32.19652],[-110.95915,32.18869]]}},{"type":"Feature","properties":{"name":"South Euclid Avenue","highway":"unclassified","osm":"way/885331151"},"geometry":{"type":"LineString","coordinates":[[-110.95926,32.20732],[-110.95926,32.20687]]}},{"type":"Feature","properties":{"name":"East 22nd Street","highway":"primary","osm":"way/885331152"},"geometry":{"type":"LineString","coordinates":[[-110.95926,32.20687],[-110.95699,32.20689]]}},{"type":"Feature","properties":{"name":"South Euclid Avenue","highway":"unclassified","osm":"way/885331153"},"geometry":{"type":"LineString","coordinates":[[-110.95926,32.20687],[-110.95924,32.20426]]}},{"type":"Feature","properties":{"name":"East 24th Street","highway":"unclassified","osm":"way/885331154"},"geometry":{"type":"LineString","coordinates":[[-110.96064,32.20425],[-110.95924,32.20426]]}},{"type":"Feature","properties":{"name":"East 32nd Street","highway":"residential","osm":"way/885331155"},"geometry":{"type":"LineString","coordinates":[[-110.96041,32.19659],[-110.9592,32.19652]]}},{"type":"Feature","properties":{"name":"South Euclid Avenue","highway":"unclassified","osm":"way/885331156"},"geometry":{"type":"LineString","coordinates":[[-110.9592,32.19757],[-110.9592,32.19652]]}},{"type":"Feature","properties":{"name":"South Paseo Luna Blanca","highway":"residential","osm":"way/885363208"},"geometry":{"type":"LineString","coordinates":[[-110.98429,32.20699],[-110.98428,32.20724]]}},{"type":"Feature","properties":{"name":"South Paseo Luna Blanca","highway":"residential","osm":"way/885363209"},"geometry":{"type":"LineString","coordinates":[[-110.98425,32.20747],[-110.98444,32.20724]]}},{"type":"Feature","properties":{"name":null,"highway":"residential","osm":"way/885363210"},"geometry":{"type":"LineString","coordinates":[[-110.98428,32.20712],[-110.98442,32.20713]]}},{"type":"Feature","properties":{"name":"West Calle Carasol","highway":"residential","osm":"way/885363212"},"geometry":{"type":"LineString","coordinates":[[-110.98446,32.20631],[-110.98348,32.20623]]}},{"type":"Feature","properties":{"name":"South Paseo Luna Blanca","highway":"residential","osm":"way/885363213"},"geometry":{"type":"LineString","coordinates":[[-110.98446,32.20631],[-110.9843,32.20681]]}},{"type":"Feature","properties":{"name":"South Paseo Luna Blanca","highway":"residential","osm":"way/885363214"},"geometry":{"type":"LineString","coordinates":[[-110.98444,32.2067],[-110.98446,32.20631]]}},{"type":"Feature","properties":{"name":null,"highway":"residential","osm":"way/885363215"},"geometry":{"type":"LineString","coordinates":[[-110.98446,32.20653],[-110.98432,32.20652]]}},{"type":"Feature","properties":{"name":"North 10th Avenue","highway":"residential","osm":"way/885466348"},"geometry":{"type":"LineString","coordinates":[[-110.97489,32.23558],[-110.97489,32.23602]]}},{"type":"Feature","properties":{"name":"East 27th Street","highway":"residential","osm":"way/885642045"},"geometry":{"type":"LineString","coordinates":[[-110.95306,32.20171],[-110.95212,32.20172]]}},{"type":"Feature","properties":{"name":"West Silverlake Road","highway":"secondary","osm":"way/885679669"},"geometry":{"type":"LineString","coordinates":[[-110.98694,32.19954],[-110.98741,32.1996]]}},{"type":"Feature","properties":{"name":"West Silverlake Road","highway":"secondary","osm":"way/885679671"},"geometry":{"type":"LineString","coordinates":[[-110.98621,32.19954],[-110.98098,32.19952]]}},{"type":"Feature","properties":{"name":"West Silverlake Road","highway":"secondary","osm":"way/885679762"},"geometry":{"type":"LineString","coordinates":[[-110.98694,32.19954],[-110.98621,32.19954]]}},{"type":"Feature","properties":{"name":"North Fremont Avenue","highway":"residential","osm":"way/885747315"},"geometry":{"type":"LineString","coordinates":[[-110.95487,32.22777],[-110.95483,32.22746]]}},{"type":"Feature","properties":{"name":null,"highway":"residential","osm":"way/886048662"},"geometry":{"type":"LineString","coordinates":[[-110.93801,32.21718],[-110.93805,32.2174],[-110.93781,32.21728]]}},{"type":"Feature","properties":{"name":"East 16th Street","highway":"unclassified","osm":"way/886065873"},"geometry":{"type":"LineString","coordinates":[[-110.95041,32.21473],[-110.94802,32.21479]]}},{"type":"Feature","properties":{"name":"South Curtis Avenue","highway":"residential","osm":"way/886065874"},"geometry":{"type":"LineString","coordinates":[[-110.95041,32.21473],[-110.9504,32.21345]]}},{"type":"Feature","properties":{"name":"East 17th Street","highway":"tertiary","osm":"way/886065877"},"geometry":{"type":"LineString","coordinates":[[-110.95162,32.21381],[-110.95102,32.21348],[-110.9504,32.21345]]}},{"type":"Feature","properties":{"name":"South Plumer Avenue","highway":"unclassified","osm":"way/886067231"},"geometry":{"type":"LineString","coordinates":[[-110.93946,32.21656],[-110.93946,32.21616]]}},{"type":"Feature","properties":{"name":"East 17th Street","highway":"residential","osm":"way/886067232"},"geometry":{"type":"LineString","coordinates":[[-110.93945,32.21328],[-110.93511,32.21329]]}},{"type":"Feature","properties":{"name":"South Plumer Avenue","highway":"unclassified","osm":"way/886067233"},"geometry":{"type":"LineString","coordinates":[[-110.93946,32.21616],[-110.93945,32.21328]]}},{"type":"Feature","properties":{"name":"South Plumer Avenue","highway":"tertiary","osm":"way/886067234"},"geometry":{"type":"LineString","coordinates":[[-110.93946,32.20877],[-110.93945,32.20717]]}},{"type":"Feature","properties":{"name":"East Beverly Drive","highway":"tertiary","osm":"way/886067235"},"geometry":{"type":"LineString","coordinates":[[-110.94368,32.20859],[-110.94208,32.20764],[-110.94191,32.20874],[-110.93946,32.20877]]}},{"type":"Feature","properties":{"name":"South Plumer Avenue","highway":"residential","osm":"way/886067236"},"geometry":{"type":"LineString","coordinates":[[-110.93946,32.21056],[-110.93946,32.20877]]}},{"type":"Feature","properties":{"name":"East 19th Street","highway":"unclassified","osm":"way/886067237"},"geometry":{"type":"LineString","coordinates":[[-110.94373,32.21057],[-110.93946,32.21056]]}},{"type":"Feature","properties":{"name":"East Eastland Street","highway":"unclassified","osm":"way/886067238"},"geometry":{"type":"LineString","coordinates":[[-110.94374,32.21115],[-110.94241,32.21148]]}},{"type":"Feature","properties":{"name":"East 18th Street","highway":"unclassified","osm":"way/886067239"},"geometry":{"type":"LineString","coordinates":[[-110.94844,32.21224],[-110.94356,32.21218],[-110.94242,32.21238]]}},{"type":"Feature","properties":{"name":"East 21st Street","highway":"residential","osm":"way/886070239"},"geometry":{"type":"LineString","coordinates":[[-110.95311,32.20822],[-110.95038,32.20821]]}},{"type":"Feature","properties":{"name":"South Santa Rita Avenue","highway":"unclassified","osm":"way/886070240"},"geometry":{"type":"LineString","coordinates":[[-110.95311,32.20822],[-110.95313,32.2069]]}},{"type":"Feature","properties":{"name":"East 20th Street","highway":"residential","osm":"way/886070242"},"geometry":{"type":"LineString","coordinates":[[-110.95545,32.20948],[-110.95159,32.20952]]}},{"type":"Feature","properties":{"name":"East 18th Street","highway":"tertiary","osm":"way/886070244"},"geometry":{"type":"LineString","coordinates":[[-110.95395,32.21213],[-110.95235,32.21214]]}},{"type":"Feature","properties":{"name":"East 19th Street","highway":"residential","osm":"way/886070245"},"geometry":{"type":"LineString","coordinates":[[-110.95624,32.21081],[-110.95157,32.21082]]}},{"type":"Feature","properties":{"name":"South Park Avenue","highway":"secondary","osm":"way/886070246"},"geometry":{"type":"LineString","coordinates":[[-110.95625,32.21103],[-110.95624,32.21081]]}},{"type":"Feature","properties":{"name":"South 6th Avenue","highway":"secondary","osm":"way/887037397"},"geometry":{"type":"LineString","coordinates":[[-110.96856,32.21466],[-110.96854,32.20975]]}},{"type":"Feature","properties":{"name":"South 6th Avenue","highway":"secondary","osm":"way/887037398"},"geometry":{"type":"LineString","coordinates":[[-110.96861,32.22038],[-110.96861,32.22032]]}},{"type":"Feature","properties":{"name":null,"highway":"residential","osm":"way/887374741"},"geometry":{"type":"LineString","coordinates":[[-110.94444,32.24501],[-110.94414,32.24496]]}},{"type":"Feature","properties":{"name":"North Vine Avenue","highway":"residential","osm":"way/887374777"},"geometry":{"type":"LineString","coordinates":[[-110.94976,32.23864],[-110.94976,32.23962]]}},{"type":"Feature","properties":{"name":"East Drachman Street","highway":"residential","osm":"way/887374778"},"geometry":{"type":"LineString","coordinates":[[-110.94976,32.23962],[-110.94828,32.23964]]}},{"type":"Feature","properties":{"name":"North Campbell Avenue","highway":"primary","osm":"way/887374781"},"geometry":{"type":"LineString","coordinates":[[-110.94411,32.24091],[-110.9441,32.24065]]}},{"type":"Feature","properties":{"name":"East Adams Street","highway":"unclassified","osm":"way/887374782"},"geometry":{"type":"LineString","coordinates":[[-110.94452,32.24064],[-110.9441,32.24065]]}},{"type":"Feature","properties":{"name":"North Campbell Avenue","highway":"primary","osm":"way/887374795"},"geometry":{"type":"LineString","coordinates":[[-110.9441,32.24065],[-110.94409,32.23866]]}},{"type":"Feature","properties":{"name":"East Mabel Street","highway":"unclassified","osm":"way/887374796"},"geometry":{"type":"LineString","coordinates":[[-110.94452,32.23865],[-110.94409,32.23866]]}},{"type":"Feature","properties":{"name":"North Cherry Avenue","highway":"unclassified","osm":"way/887374798"},"geometry":{"type":"LineString","coordinates":[[-110.94828,32.23964],[-110.94828,32.2407]]}},{"type":"Feature","properties":{"name":"East Mabel Street","highway":"unclassified","osm":"way/887374799"},"geometry":{"type":"LineString","coordinates":[[-110.94827,32.23865],[-110.94764,32.23866]]}},{"type":"Feature","properties":{"name":"East Drachman Street","highway":"unclassified","osm":"way/887374804"},"geometry":{"type":"LineString","coordinates":[[-110.94828,32.23964],[-110.94738,32.23965]]}},{"type":"Feature","properties":{"name":"North Cherry Avenue","highway":"unclassified","osm":"way/887374805"},"geometry":{"type":"LineString","coordinates":[[-110.94827,32.23865],[-110.94828,32.23964]]}},{"type":"Feature","properties":{"name":"East Adams Street","highway":"residential","osm":"way/887681321"},"geometry":{"type":"LineString","coordinates":[[-110.95531,32.24059],[-110.94977,32.24064]]}},{"type":"Feature","properties":{"name":"North Fremont Avenue","highway":"unclassified","osm":"way/887681322"},"geometry":{"type":"LineString","coordinates":[[-110.95528,32.2373],[-110.95529,32.23861]]}},{"type":"Feature","properties":{"name":"East Helen Street","highway":"unclassified","osm":"way/887681340"},"geometry":{"type":"LineString","coordinates":[[-110.95678,32.2373],[-110.95245,32.23732]]}},{"type":"Feature","properties":{"name":"North Park Avenue","highway":"tertiary","osm":"way/887681341"},"geometry":{"type":"LineString","coordinates":[[-110.95678,32.23612],[-110.95678,32.2373]]}},{"type":"Feature","properties":{"name":"East Mabel Street","highway":"residential","osm":"way/887681342"},"geometry":{"type":"LineString","coordinates":[[-110.9538,32.23861],[-110.94827,32.23865]]}},{"type":"Feature","properties":{"name":"North Park Avenue","highway":"tertiary","osm":"way/887681343"},"geometry":{"type":"LineString","coordinates":[[-110.95678,32.2373],[-110.95679,32.2386]]}},{"type":"Feature","properties":{"name":"North Santa Rita Avenue","highway":"residential","osm":"way/887681344"},"geometry":{"type":"LineString","coordinates":[[-110.9538,32.23861],[-110.95381,32.2396]]}},{"type":"Feature","properties":{"name":"East Mabel Street","highway":"unclassified","osm":"way/887681345"},"geometry":{"type":"LineString","coordinates":[[-110.95679,32.2386],[-110.9538,32.23861]]}},{"type":"Feature","properties":{"name":"East Mabel Street","highway":"residential","osm":"way/887706516"},"geometry":{"type":"LineString","coordinates":[[-110.95875,32.23859],[-110.95679,32.2386]]}},{"type":"Feature","properties":{"name":"North Martin Avenue","highway":"residential","osm":"way/887719122"},"geometry":{"type":"LineString","coordinates":[[-110.94533,32.24375],[-110.94537,32.24839]]}},{"type":"Feature","properties":{"name":"East Linden Street","highway":"residential","osm":"way/887719130"},"geometry":{"type":"LineString","coordinates":[[-110.96107,32.24465],[-110.95744,32.2447]]}},{"type":"Feature","properties":{"name":"North Park Avenue","highway":"tertiary","osm":"way/887719131"},"geometry":{"type":"LineString","coordinates":[[-110.95679,32.2386],[-110.95683,32.24419]]}},{"type":"Feature","properties":{"name":"North Warren Avenue","highway":"residential","osm":"way/887719133"},"geometry":{"type":"LineString","coordinates":[[-110.94681,32.24332],[-110.94683,32.24528]]}},{"type":"Feature","properties":{"name":"North Vine Avenue","highway":"residential","osm":"way/887719135"},"geometry":{"type":"LineString","coordinates":[[-110.94976,32.23962],[-110.94979,32.24423]]}},{"type":"Feature","properties":{"name":"North Euclid Avenue","highway":"secondary","osm":"way/887719139"},"geometry":{"type":"LineString","coordinates":[[-110.95954,32.24007],[-110.9595,32.23611]]}},{"type":"Feature","properties":{"name":"North Santa Rita Avenue","highway":"residential","osm":"way/887719141"},"geometry":{"type":"LineString","coordinates":[[-110.95379,32.23798],[-110.9538,32.23861]]}},{"type":"Feature","properties":{"name":"North 5th Avenue","highway":"residential","osm":"way/889024145"},"geometry":{"type":"LineString","coordinates":[[-110.96724,32.24307],[-110.96726,32.24464]]}},{"type":"Feature","properties":{"name":"North 1st Avenue","highway":"residential","osm":"way/889024148"},"geometry":{"type":"LineString","coordinates":[[-110.96109,32.24211],[-110.96109,32.24362]]}},{"type":"Feature","properties":{"name":"North 4th Avenue","highway":"residential","osm":"way/889024150"},"geometry":{"type":"LineString","coordinates":[[-110.96571,32.2421],[-110.96572,32.24357]]}},{"type":"Feature","properties":{"name":"East Lee Street","highway":"residential","osm":"way/889024152"},"geometry":{"type":"LineString","coordinates":[[-110.97186,32.24164],[-110.97121,32.24165]]}},{"type":"Feature","properties":{"name":"East Mabel Street","highway":"residential","osm":"way/889024155"},"geometry":{"type":"LineString","coordinates":[[-110.96875,32.23854],[-110.97106,32.23852]]}},{"type":"Feature","properties":{"name":"North 4th Avenue","highway":"residential","osm":"way/890016766"},"geometry":{"type":"LineString","coordinates":[[-110.96572,32.24366],[-110.96574,32.24571]]}},{"type":"Feature","properties":{"name":"East Speedway Boulevard","highway":"primary","osm":"way/890371514"},"geometry":{"type":"LineString","coordinates":[[-110.96566,32.23593],[-110.96335,32.23594]]}},{"type":"Feature","properties":{"name":"East Helen Street","highway":"residential","osm":"way/890371517"},"geometry":{"type":"LineString","coordinates":[[-110.96644,32.23724],[-110.96576,32.23724]]}},{"type":"Feature","properties":{"name":"North 5th Avenue","highway":"residential","osm":"way/890371519"},"geometry":{"type":"LineString","coordinates":[[-110.96722,32.23776],[-110.96723,32.23952]]}},{"type":"Feature","properties":{"name":"North 6th Avenue","highway":"tertiary","osm":"way/890371533"},"geometry":{"type":"LineString","coordinates":[[-110.96874,32.23591],[-110.96874,32.23652]]}},{"type":"Feature","properties":{"name":"North 5th Avenue","highway":"residential","osm":"way/890371534"},"geometry":{"type":"LineString","coordinates":[[-110.96716,32.23034],[-110.96722,32.23776]]}},{"type":"Feature","properties":{"name":"North 7th Avenue","highway":"residential","osm":"way/890371569"},"geometry":{"type":"LineString","coordinates":[[-110.97028,32.23908],[-110.97028,32.2359]]}},{"type":"Feature","properties":{"name":"North Queen Avenue","highway":"residential","osm":"way/890527039"},"geometry":{"type":"LineString","coordinates":[[-110.97565,32.23659],[-110.97566,32.23716]]}},{"type":"Feature","properties":{"name":"North Queen Avenue","highway":"residential","osm":"way/890527040"},"geometry":{"type":"LineString","coordinates":[[-110.97556,32.23601],[-110.97565,32.23659],[-110.97569,32.236]]}},{"type":"Feature","properties":{"name":"North 10th Avenue","highway":"residential","osm":"way/890527054"},"geometry":{"type":"LineString","coordinates":[[-110.9749,32.23946],[-110.97484,32.24158]]}},{"type":"Feature","properties":{"name":"West Drachman Street","highway":"tertiary","osm":"way/890527055"},"geometry":{"type":"LineString","coordinates":[[-110.9749,32.23946],[-110.97644,32.23945]]}},{"type":"Feature","properties":{"name":"North 11th Avenue","highway":"unclassified","osm":"way/890527059"},"geometry":{"type":"LineString","coordinates":[[-110.97643,32.23715],[-110.97644,32.23945]]}},{"type":"Feature","properties":{"name":"West Drachman Street","highway":"tertiary","osm":"way/890527060"},"geometry":{"type":"LineString","coordinates":[[-110.97644,32.23945],[-110.97683,32.23945]]}},{"type":"Feature","properties":{"name":"West Helen Street","highway":"residential","osm":"way/890527061"},"geometry":{"type":"LineString","coordinates":[[-110.97492,32.2372],[-110.97643,32.23715]]}},{"type":"Feature","properties":{"name":"North 11th Avenue","highway":"residential","osm":"way/890527062"},"geometry":{"type":"LineString","coordinates":[[-110.97641,32.23596],[-110.97643,32.23715]]}},{"type":"Feature","properties":{"name":"West Mabel Street","highway":"unclassified","osm":"way/890527063"},"geometry":{"type":"LineString","coordinates":[[-110.97397,32.2385],[-110.97758,32.23849]]}},{"type":"Feature","properties":{"name":"North Main Avenue","highway":"secondary","osm":"way/890527065"},"geometry":{"type":"LineString","coordinates":[[-110.97799,32.23899],[-110.97798,32.23849]]}},{"type":"Feature","properties":{"name":"North 7th Avenue","highway":"residential","osm":"way/890894337"},"geometry":{"type":"LineString","coordinates":[[-110.97033,32.24408],[-110.97033,32.24335]]}},{"type":"Feature","properties":{"name":"North 4th Avenue","highway":"residential","osm":"way/891079925"},"geometry":{"type":"LineString","coordinates":[[-110.96566,32.23593],[-110.96566,32.23603]]}},{"type":"Feature","properties":{"name":"North 4th Avenue","highway":"residential","osm":"way/891079927"},"geometry":{"type":"LineString","coordinates":[[-110.96566,32.23603],[-110.96567,32.23642]]}},{"type":"Feature","properties":{"name":"North 7th Avenue","highway":"residential","osm":"way/891117982"},"geometry":{"type":"LineString","coordinates":[[-110.97033,32.24499],[-110.97033,32.24408]]}},{"type":"Feature","properties":{"name":"North Stone Avenue","highway":"secondary","osm":"way/891117984"},"geometry":{"type":"LineString","coordinates":[[-110.97191,32.245],[-110.97197,32.24969]]}},{"type":"Feature","properties":{"name":"West Lester Street","highway":"residential","osm":"way/891355818"},"geometry":{"type":"LineString","coordinates":[[-110.97189,32.24379],[-110.97252,32.2438]]}},{"type":"Feature","properties":{"name":"West Plata Street","highway":"residential","osm":"way/891355820"},"geometry":{"type":"LineString","coordinates":[[-110.97253,32.24488],[-110.97191,32.24488]]}},{"type":"Feature","properties":{"name":"West Ajo Way","highway":"primary","osm":"way/891423316"},"geometry":{"type":"LineString","coordinates":[[-110.98922,32.17767],[-110.98669,32.17768]]}},{"type":"Feature","properties":{"name":"West Ajo Way","highway":"primary","osm":"way/891423319"},"geometry":{"type":"LineString","coordinates":[[-110.98999,32.17782],[-110.99076,32.17782]]}},{"type":"Feature","properties":{"name":null,"highway":"residential","osm":"way/891423323"},"geometry":{"type":"LineString","coordinates":[[-110.98922,32.17767],[-110.98921,32.17746]]}},{"type":"Feature","properties":{"name":null,"highway":"primary_link","osm":"way/891423325"},"geometry":{"type":"LineString","coordinates":[[-110.98669,32.17768],[-110.98622,32.17717]]}},{"type":"Feature","properties":{"name":"West Ajo Way","highway":"primary","osm":"way/891423326"},"geometry":{"type":"LineString","coordinates":[[-110.98972,32.17783],[-110.98999,32.17782]]}},{"type":"Feature","properties":{"name":"West Ajo Way","highway":"primary","osm":"way/891423328"},"geometry":{"type":"LineString","coordinates":[[-110.99008,32.17768],[-110.98972,32.17768]]}},{"type":"Feature","properties":{"name":"West Lester Street","highway":"residential","osm":"way/891694236"},"geometry":{"type":"LineString","coordinates":[[-110.97252,32.2438],[-110.97729,32.24378]]}},{"type":"Feature","properties":{"name":null,"highway":"unclassified","osm":"way/892773641"},"geometry":{"type":"LineString","coordinates":[[-110.95842,32.1706],[-110.95859,32.17288]]}},{"type":"Feature","properties":{"name":"South Park Avenue","highway":"secondary","osm":"way/892773643"},"geometry":{"type":"LineString","coordinates":[[-110.95632,32.17771],[-110.95627,32.1706]]}},{"type":"Feature","properties":{"name":"East Fair Street","highway":"unclassified","osm":"way/892773644"},"geometry":{"type":"LineString","coordinates":[[-110.96123,32.17059],[-110.95714,32.1706]]}},{"type":"Feature","properties":{"name":"East Benson Highway","highway":"secondary","osm":"way/892853840"},"geometry":{"type":"LineString","coordinates":[[-110.94812,32.17366],[-110.95068,32.17621]]}},{"type":"Feature","properties":{"name":null,"highway":"secondary_link","osm":"way/892853841"},"geometry":{"type":"LineString","coordinates":[[-110.95079,32.17614],[-110.95068,32.17621]]}},{"type":"Feature","properties":{"name":"Barraza Aviation Highway","highway":"primary","osm":"way/893199804"},"geometry":{"type":"LineString","coordinates":[[-110.94088,32.20626],[-110.94077,32.20619]]}},{"type":"Feature","properties":{"name":null,"highway":"primary_link","osm":"way/893199805"},"geometry":{"type":"LineString","coordinates":[[-110.94886,32.21173],[-110.94878,32.21175]]}},{"type":"Feature","properties":{"name":"South Kino Parkway","highway":"primary","osm":"way/893199806"},"geometry":{"type":"LineString","coordinates":[[-110.94886,32.21173],[-110.94894,32.21159]]}},{"type":"Feature","properties":{"name":"South Camino de la Plaza","highway":"residential","osm":"way/893808927"},"geometry":{"type":"LineString","coordinates":[[-110.95103,32.16682],[-110.95154,32.16629],[-110.9514,32.16593]]}},{"type":"Feature","properties":{"name":null,"highway":"residential","osm":"way/893808945"},"geometry":{"type":"LineString","coordinates":[[-110.95148,32.16596],[-110.95153,32.16593]]}},{"type":"Feature","properties":{"name":null,"highway":"unclassified","osm":"way/893837313"},"geometry":{"type":"LineString","coordinates":[[-110.9564,32.18721],[-110.95924,32.18723]]}},{"type":"Feature","properties":{"name":"East Vera Cruz Vista","highway":"residential","osm":"way/893992324"},"geometry":{"type":"LineString","coordinates":[[-110.9381,32.18904],[-110.94091,32.18993]]}},{"type":"Feature","properties":{"name":"East Vera Cruz Vista","highway":"residential","osm":"way/893992325"},"geometry":{"type":"LineString","coordinates":[[-110.94091,32.18993],[-110.94133,32.18995],[-110.94091,32.18993]]}},{"type":"Feature","properties":{"name":"East Vera Cruz Vista","highway":"residential","osm":"way/893992326"},"geometry":{"type":"LineString","coordinates":[[-110.94133,32.18995],[-110.94355,32.18999]]}},{"type":"Feature","properties":{"name":"East Irene Vista","highway":"residential","osm":"way/893992337"},"geometry":{"type":"LineString","coordinates":[[-110.94042,32.18552],[-110.93792,32.18668]]}},{"type":"Feature","properties":{"name":"East Granito Vista","highway":"residential","osm":"way/893992340"},"geometry":{"type":"LineString","coordinates":[[-110.94029,32.18419],[-110.93942,32.18496],[-110.93817,32.18559]]}},{"type":"Feature","properties":{"name":"South Naco Vista","highway":"residential","osm":"way/893992341"},"geometry":{"type":"LineString","coordinates":[[-110.94029,32.18419],[-110.93842,32.18293]]}},{"type":"Feature","properties":{"name":"East Hidalgo Vista","highway":"residential","osm":"way/893992388"},"geometry":{"type":"LineString","coordinates":[[-110.94352,32.18206],[-110.94202,32.18208],[-110.94111,32.18233],[-110.93927,32.18397]]}},{"type":"Feature","properties":{"name":"East Hancock Vista","highway":"residential","osm":"way/893992394"},"geometry":{"type":"LineString","coordinates":[[-110.94009,32.18124],[-110.93997,32.18188],[-110.93879,32.18319]]}},{"type":"Feature","properties":{"name":null,"highway":"residential","osm":"way/893992396"},"geometry":{"type":"LineString","coordinates":[[-110.94009,32.18124],[-110.94007,32.18122]]}},{"type":"Feature","properties":{"name":"East Sunland Vista","highway":"residential","osm":"way/893992435"},"geometry":{"type":"LineString","coordinates":[[-110.94355,32.19107],[-110.93954,32.19088],[-110.93683,32.18979]]}},{"type":"Feature","properties":{"name":null,"highway":"unclassified","osm":"way/894057699"},"geometry":{"type":"LineString","coordinates":[[-110.96358,32.18422],[-110.96434,32.18417]]}},{"type":"Feature","properties":{"name":null,"highway":"unclassified","osm":"way/894057704"},"geometry":{"type":"LineString","coordinates":[[-110.96418,32.17934],[-110.96377,32.18045]]}},{"type":"Feature","properties":{"name":null,"highway":"unclassified","osm":"way/894057705"},"geometry":{"type":"LineString","coordinates":[[-110.9647,32.17974],[-110.96512,32.18043]]}},{"type":"Feature","properties":{"name":"South 6th Avenue","highway":"secondary","osm":"way/894159041"},"geometry":{"type":"LineString","coordinates":[[-110.96852,32.20266],[-110.96846,32.20226]]}},{"type":"Feature","properties":{"name":"South 6th Avenue","highway":"secondary","osm":"way/894159042"},"geometry":{"type":"LineString","coordinates":[[-110.96846,32.20212],[-110.96836,32.18817]]}},{"type":"Feature","properties":{"name":"South 6th Avenue","highway":"secondary","osm":"way/894159043"},"geometry":{"type":"LineString","coordinates":[[-110.96846,32.20222],[-110.96846,32.20212]]}},{"type":"Feature","properties":{"name":null,"highway":"unclassified","osm":"way/894419603"},"geometry":{"type":"LineString","coordinates":[[-110.98951,32.20025],[-110.98951,32.20019]]}},{"type":"Feature","properties":{"name":null,"highway":"residential","osm":"way/895063003"},"geometry":{"type":"LineString","coordinates":[[-110.94764,32.19912],[-110.9476,32.19915]]}},{"type":"Feature","properties":{"name":null,"highway":"residential","osm":"way/895063060"},"geometry":{"type":"LineString","coordinates":[[-110.94737,32.1947],[-110.94743,32.19472]]}},{"type":"Feature","properties":{"name":null,"highway":"residential","osm":"way/895063070"},"geometry":{"type":"LineString","coordinates":[[-110.94626,32.1938],[-110.94623,32.19377]]}},{"type":"Feature","properties":{"name":null,"highway":"residential","osm":"way/895063077"},"geometry":{"type":"LineString","coordinates":[[-110.9462,32.19301],[-110.94616,32.19304]]}},{"type":"Feature","properties":{"name":null,"highway":"residential","osm":"way/895063104"},"geometry":{"type":"LineString","coordinates":[[-110.9488,32.19911],[-110.94883,32.19914]]}},{"type":"Feature","properties":{"name":"East Saint Jerome Street","highway":"residential","osm":"way/895063126"},"geometry":{"type":"LineString","coordinates":[[-110.94955,32.1978],[-110.94756,32.19798]]}},{"type":"Feature","properties":{"name":null,"highway":"residential","osm":"way/895063127"},"geometry":{"type":"LineString","coordinates":[[-110.94864,32.19786],[-110.94865,32.19778]]}},{"type":"Feature","properties":{"name":null,"highway":"residential","osm":"way/895063128"},"geometry":{"type":"LineString","coordinates":[[-110.94837,32.19682],[-110.94841,32.19684]]}},{"type":"Feature","properties":{"name":"East 17th Street","highway":"unclassified","osm":"way/895137129"},"geometry":{"type":"LineString","coordinates":[[-110.96097,32.21338],[-110.95667,32.21341]]}},{"type":"Feature","properties":{"name":"East 16th Street","highway":"unclassified","osm":"way/895137132"},"geometry":{"type":"LineString","coordinates":[[-110.96211,32.21468],[-110.96088,32.21474],[-110.96021,32.21521]]}},{"type":"Feature","properties":{"name":null,"highway":"residential","osm":"way/895137135"},"geometry":{"type":"LineString","coordinates":[[-110.96211,32.21468],[-110.96236,32.21468]]}},{"type":"Feature","properties":{"name":null,"highway":"residential","osm":"way/895137136"},"geometry":{"type":"LineString","coordinates":[[-110.96243,32.21507],[-110.96242,32.21474]]}},{"type":"Feature","properties":{"name":"East 16th Street","highway":"residential","osm":"way/895137137"},"geometry":{"type":"LineString","coordinates":[[-110.9632,32.21468],[-110.96248,32.21468]]}},{"type":"Feature","properties":{"name":null,"highway":"residential","osm":"way/895137138"},"geometry":{"type":"LineString","coordinates":[[-110.96246,32.21464],[-110.96246,32.21464]]}},{"type":"Feature","properties":{"name":"South 2nd Avenue","highway":"residential","osm":"way/895137139"},"geometry":{"type":"LineString","coordinates":[[-110.96242,32.21463],[-110.96241,32.21337]]}},{"type":"Feature","properties":{"name":"East 18th Street","highway":"tertiary","osm":"way/895137149"},"geometry":{"type":"LineString","coordinates":[[-110.9688,32.21204],[-110.967,32.21207]]}},{"type":"Feature","properties":{"name":"East 17th Street","highway":"residential","osm":"way/895137150"},"geometry":{"type":"LineString","coordinates":[[-110.96181,32.21338],[-110.96097,32.21338]]}},{"type":"Feature","properties":{"name":"South Jacobus Avenue","highway":"residential","osm":"way/895137151"},"geometry":{"type":"LineString","coordinates":[[-110.96163,32.21208],[-110.96163,32.21338]]}},{"type":"Feature","properties":{"name":"East 19th Street","highway":"unclassified","osm":"way/895137191"},"geometry":{"type":"LineString","coordinates":[[-110.96162,32.21075],[-110.95624,32.21081]]}},{"type":"Feature","properties":{"name":"South Jacobus Avenue","highway":"residential","osm":"way/895137192"},"geometry":{"type":"LineString","coordinates":[[-110.96162,32.21075],[-110.96163,32.20945]]}},{"type":"Feature","properties":{"name":"East 20th Street","highway":"unclassified","osm":"way/895137196"},"geometry":{"type":"LineString","coordinates":[[-110.96163,32.20945],[-110.95624,32.20948]]}},{"type":"Feature","properties":{"name":"East 21st Street","highway":"residential","osm":"way/895137250"},"geometry":{"type":"LineString","coordinates":[[-110.95545,32.20821],[-110.95311,32.20822]]}},{"type":"Feature","properties":{"name":"South Tyndall Avenue","highway":"unclassified","osm":"way/895137293"},"geometry":{"type":"LineString","coordinates":[[-110.95776,32.2108],[-110.95778,32.20818]]}},{"type":"Feature","properties":{"name":"East 21st Street","highway":"unclassified","osm":"way/895137294"},"geometry":{"type":"LineString","coordinates":[[-110.95853,32.20817],[-110.95778,32.20818]]}},{"type":"Feature","properties":{"name":"East 21st Street","highway":"residential","osm":"way/895137306"},"geometry":{"type":"LineString","coordinates":[[-110.95622,32.2082],[-110.95545,32.20821]]}},{"type":"Feature","properties":{"name":"South Park Avenue","highway":"secondary","osm":"way/895137307"},"geometry":{"type":"LineString","coordinates":[[-110.95622,32.2082],[-110.95621,32.20689]]}},{"type":"Feature","properties":{"name":"South Park Avenue","highway":"secondary","osm":"way/895137308"},"geometry":{"type":"LineString","coordinates":[[-110.95624,32.20948],[-110.95622,32.2082]]}},{"type":"Feature","properties":{"name":"East 20th Street","highway":"residential","osm":"way/895137309"},"geometry":{"type":"LineString","coordinates":[[-110.95624,32.20948],[-110.95545,32.20948]]}},{"type":"Feature","properties":{"name":"South 2nd Avenue","highway":"residential","osm":"way/896017651"},"geometry":{"type":"LineString","coordinates":[[-110.96241,32.21337],[-110.9624,32.21211]]}},{"type":"Feature","properties":{"name":"East 18th Street","highway":"tertiary","osm":"way/896017652"},"geometry":{"type":"LineString","coordinates":[[-110.96237,32.21208],[-110.96163,32.21208]]}},{"type":"Feature","properties":{"name":null,"highway":"tertiary","osm":"way/896017653"},"geometry":{"type":"LineString","coordinates":[[-110.96242,32.21204],[-110.96242,32.21204]]}},{"type":"Feature","properties":{"name":"East 19th Street","highway":"residential","osm":"way/896017673"},"geometry":{"type":"LineString","coordinates":[[-110.96233,32.21078],[-110.96162,32.21075]]}},{"type":"Feature","properties":{"name":"South 2nd Avenue","highway":"residential","osm":"way/896017674"},"geometry":{"type":"LineString","coordinates":[[-110.96241,32.21204],[-110.9624,32.21083]]}},{"type":"Feature","properties":{"name":null,"highway":"residential","osm":"way/896017675"},"geometry":{"type":"LineString","coordinates":[[-110.96236,32.21072],[-110.96236,32.21072]]}},{"type":"Feature","properties":{"name":"East 18th Street","highway":"tertiary","osm":"way/896017676"},"geometry":{"type":"LineString","coordinates":[[-110.96163,32.21208],[-110.95977,32.21209]]}},{"type":"Feature","properties":{"name":"South Euclid Avenue","highway":"unclassified","osm":"way/896017677"},"geometry":{"type":"LineString","coordinates":[[-110.95977,32.21209],[-110.95976,32.21076]]}},{"type":"Feature","properties":{"name":"East 20th Street","highway":"residential","osm":"way/896017771"},"geometry":{"type":"LineString","coordinates":[[-110.96386,32.20944],[-110.96163,32.20945]]}},{"type":"Feature","properties":{"name":null,"highway":"residential","osm":"way/896017772"},"geometry":{"type":"LineString","coordinates":[[-110.96392,32.2094],[-110.96392,32.2094]]}},{"type":"Feature","properties":{"name":"South 5th Avenue","highway":"residential","osm":"way/896017812"},"geometry":{"type":"LineString","coordinates":[[-110.96698,32.20788],[-110.96696,32.20694]]}},{"type":"Feature","properties":{"name":"East 19th Street","highway":"residential","osm":"way/896017813"},"geometry":{"type":"LineString","coordinates":[[-110.96928,32.21073],[-110.96778,32.21074]]}},{"type":"Feature","properties":{"name":null,"highway":"residential","osm":"way/896017814"},"geometry":{"type":"LineString","coordinates":[[-110.96705,32.21075],[-110.96705,32.21075]]}},{"type":"Feature","properties":{"name":"North 14th Avenue","highway":"residential","osm":"way/897786711"},"geometry":{"type":"LineString","coordinates":[[-110.98067,32.2385],[-110.98067,32.2395]]}},{"type":"Feature","properties":{"name":"West Mabel Street","highway":"residential","osm":"way/897786712"},"geometry":{"type":"LineString","coordinates":[[-110.98072,32.23847],[-110.98225,32.23847]]}},{"type":"Feature","properties":{"name":null,"highway":"residential","osm":"way/897786713"},"geometry":{"type":"LineString","coordinates":[[-110.98072,32.23846],[-110.98072,32.23846]]}},{"type":"Feature","properties":{"name":"North Hoff Avenue","highway":"residential","osm":"way/900475093"},"geometry":{"type":"LineString","coordinates":[[-110.96482,32.22578],[-110.96482,32.22643]]}},{"type":"Feature","properties":{"name":"North Hoff Avenue","highway":"residential","osm":"way/900475094"},"geometry":{"type":"LineString","coordinates":[[-110.96482,32.22572],[-110.96482,32.22578]]}},{"type":"Feature","properties":{"name":"South 5th Avenue","highway":"residential","osm":"way/905242619"},"geometry":{"type":"LineString","coordinates":[[-110.9672,32.17364],[-110.96719,32.17271]]}},{"type":"Feature","properties":{"name":"South 5th Avenue","highway":"residential","osm":"way/905242630"},"geometry":{"type":"LineString","coordinates":[[-110.96719,32.17271],[-110.96719,32.17224]]}},{"type":"Feature","properties":{"name":null,"highway":"residential","osm":"way/906427749"},"geometry":{"type":"LineString","coordinates":[[-110.95196,32.16703],[-110.95189,32.16702]]}},{"type":"Feature","properties":{"name":"South 3rd Avenue","highway":"residential","osm":"way/906712782"},"geometry":{"type":"LineString","coordinates":[[-110.96437,32.17788],[-110.96433,32.17365]]}},{"type":"Feature","properties":{"name":"South 2nd Avenue","highway":"residential","osm":"way/906712810"},"geometry":{"type":"LineString","coordinates":[[-110.96284,32.17226],[-110.96281,32.16874]]}},{"type":"Feature","properties":{"name":"East Fayette Vista","highway":"residential","osm":"way/907111469"},"geometry":{"type":"LineString","coordinates":[[-110.94353,32.18367],[-110.94168,32.18384],[-110.94088,32.18356]]}},{"type":"Feature","properties":{"name":"South Naco Vista","highway":"residential","osm":"way/907111473"},"geometry":{"type":"LineString","coordinates":[[-110.94235,32.18757],[-110.94153,32.18554],[-110.94029,32.18419]]}},{"type":"Feature","properties":{"name":"South Naco Vista","highway":"residential","osm":"way/907111474"},"geometry":{"type":"LineString","coordinates":[[-110.94232,32.18842],[-110.94235,32.18757]]}},{"type":"Feature","properties":{"name":"East Cochise Vista","highway":"residential","osm":"way/907111475"},"geometry":{"type":"LineString","coordinates":[[-110.94235,32.18757],[-110.94354,32.18758]]}},{"type":"Feature","properties":{"name":"South Pinal Vista","highway":"residential","osm":"way/907111495"},"geometry":{"type":"LineString","coordinates":[[-110.94355,32.18933],[-110.94121,32.18932],[-110.93788,32.18778]]}},{"type":"Feature","properties":{"name":null,"highway":"residential","osm":"way/907111496"},"geometry":{"type":"LineString","coordinates":[[-110.94232,32.18842],[-110.94238,32.18847]]}},{"type":"Feature","properties":{"name":"East Irene Vista","highway":"residential","osm":"way/907111531"},"geometry":{"type":"LineString","coordinates":[[-110.94354,32.18446],[-110.94221,32.18456],[-110.94042,32.18552]]}},{"type":"Feature","properties":{"name":"East Hancock Vista","highway":"residential","osm":"way/907111544"},"geometry":{"type":"LineString","coordinates":[[-110.94163,32.18215],[-110.94134,32.18167],[-110.94013,32.18126]]}},{"type":"Feature","properties":{"name":"North Main Avenue","highway":"residential","osm":"way/907206352"},"geometry":{"type":"LineString","coordinates":[[-110.9769,32.22774],[-110.97715,32.22849]]}},{"type":"Feature","properties":{"name":"North Main Avenue","highway":"residential","osm":"way/907206354"},"geometry":{"type":"LineString","coordinates":[[-110.97715,32.22849],[-110.97721,32.22868]]}},{"type":"Feature","properties":{"name":"South 12th Avenue","highway":"secondary","osm":"way/907513827"},"geometry":{"type":"LineString","coordinates":[[-110.97757,32.17314],[-110.97758,32.18185]]}},{"type":"Feature","properties":{"name":"East Benson Highway","highway":"secondary","osm":"way/907513828"},"geometry":{"type":"LineString","coordinates":[[-110.95068,32.17621],[-110.95239,32.17791]]}},{"type":"Feature","properties":{"name":"East Benson Highway","highway":"secondary","osm":"way/907513829"},"geometry":{"type":"LineString","coordinates":[[-110.95436,32.1797],[-110.95256,32.17791]]}},{"type":"Feature","properties":{"name":"South Freeway Road","highway":"primary","osm":"way/907513830"},"geometry":{"type":"LineString","coordinates":[[-110.97901,32.20713],[-110.979,32.20762]]}},{"type":"Feature","properties":{"name":"West Starr Pass Boulevard","highway":"secondary","osm":"way/907513831"},"geometry":{"type":"LineString","coordinates":[[-110.98009,32.20683],[-110.98038,32.20683]]}},{"type":"Feature","properties":{"name":"South Freeway Road","highway":"secondary","osm":"way/907513832"},"geometry":{"type":"LineString","coordinates":[[-110.9801,32.20641],[-110.97975,32.19944]]}},{"type":"Feature","properties":{"name":"West Speedway Boulevard","highway":"secondary","osm":"way/907912088"},"geometry":{"type":"LineString","coordinates":[[-110.98449,32.23577],[-110.98491,32.23575]]}},{"type":"Feature","properties":{"name":"North Freeway Road","highway":"primary","osm":"way/907912089"},"geometry":{"type":"LineString","coordinates":[[-110.98449,32.23577],[-110.98446,32.23564]]}},{"type":"Feature","properties":{"name":"North Tucson Boulevard","highway":"secondary","osm":"way/908251158"},"geometry":{"type":"LineString","coordinates":[[-110.93532,32.22791],[-110.93536,32.23131]]}},{"type":"Feature","properties":{"name":null,"highway":"residential","osm":"way/908269608"},"geometry":{"type":"LineString","coordinates":[[-110.94779,32.19548],[-110.9478,32.19545]]}},{"type":"Feature","properties":{"name":"North Calle Central","highway":"residential","osm":"way/910597646"},"geometry":{"type":"LineString","coordinates":[[-110.98424,32.24307],[-110.98426,32.24357]]}},{"type":"Feature","properties":{"name":"West Calle Adelanto","highway":"residential","osm":"way/910597648"},"geometry":{"type":"LineString","coordinates":[[-110.98426,32.24357],[-110.98586,32.24345]]}},{"type":"Feature","properties":{"name":"South Highland Avenue","highway":"unclassified","osm":"way/914655654"},"geometry":{"type":"LineString","coordinates":[[-110.95157,32.21082],[-110.95159,32.20952]]}},{"type":"Feature","properties":{"name":"East 20th Street","highway":"residential","osm":"way/914655655"},"geometry":{"type":"LineString","coordinates":[[-110.95159,32.20952],[-110.95039,32.20954]]}},{"type":"Feature","properties":{"name":"South Highland Avenue","highway":"unclassified","osm":"way/914655656"},"geometry":{"type":"LineString","coordinates":[[-110.95159,32.20952],[-110.95155,32.20701]]}},{"type":"Feature","properties":{"name":"North 4th Avenue","highway":"tertiary","osm":"way/915223288"},"geometry":{"type":"LineString","coordinates":[[-110.9656,32.22687],[-110.9656,32.22727]]}},{"type":"Feature","properties":{"name":"North 4th Avenue","highway":"tertiary","osm":"way/915223289"},"geometry":{"type":"LineString","coordinates":[[-110.96562,32.22953],[-110.96562,32.23002]]}},{"type":"Feature","properties":{"name":"East University Boulevard","highway":"tertiary","osm":"way/915223291"},"geometry":{"type":"LineString","coordinates":[[-110.96453,32.23163],[-110.96423,32.23163]]}},{"type":"Feature","properties":{"name":"East 2nd Street","highway":"tertiary","osm":"way/915223299"},"geometry":{"type":"LineString","coordinates":[[-110.95507,32.23376],[-110.95466,32.23379]]}},{"type":"Feature","properties":{"name":"East 2nd Street","highway":"tertiary","osm":"way/915223301"},"geometry":{"type":"LineString","coordinates":[[-110.95132,32.23378],[-110.95084,32.23378]]}},{"type":"Feature","properties":{"name":"East 2nd Street","highway":"tertiary","osm":"way/915223302"},"geometry":{"type":"LineString","coordinates":[[-110.95084,32.23378],[-110.9503,32.23378]]}},{"type":"Feature","properties":{"name":"East 2nd Street","highway":"tertiary","osm":"way/915223303"},"geometry":{"type":"LineString","coordinates":[[-110.95084,32.23384],[-110.95133,32.23384]]}},{"type":"Feature","properties":{"name":"East 2nd Street","highway":"tertiary","osm":"way/915223304"},"geometry":{"type":"LineString","coordinates":[[-110.9503,32.23384],[-110.95084,32.23384]]}},{"type":"Feature","properties":{"name":"East 2nd Street","highway":"tertiary","osm":"way/915223305"},"geometry":{"type":"LineString","coordinates":[[-110.94736,32.23387],[-110.94799,32.23386]]}},{"type":"Feature","properties":{"name":"West Broadway Boulevard","highway":"primary","osm":"way/915231438"},"geometry":{"type":"LineString","coordinates":[[-110.97331,32.2213],[-110.97242,32.22107]]}},{"type":"Feature","properties":{"name":"North 4th Avenue","highway":"tertiary","osm":"way/915231439"},"geometry":{"type":"LineString","coordinates":[[-110.96566,32.22337],[-110.96553,32.22418]]}},{"type":"Feature","properties":{"name":"North 4th Avenue","highway":"tertiary","osm":"way/915231440"},"geometry":{"type":"LineString","coordinates":[[-110.96584,32.22271],[-110.96566,32.22337]]}},{"type":"Feature","properties":{"name":"North 4th Avenue","highway":"tertiary","osm":"way/915231441"},"geometry":{"type":"LineString","coordinates":[[-110.96591,32.22201],[-110.96584,32.22271]]}},{"type":"Feature","properties":{"name":"North 4th Avenue","highway":"tertiary","osm":"way/915231446"},"geometry":{"type":"LineString","coordinates":[[-110.96573,32.22344],[-110.96592,32.22277]]}},{"type":"Feature","properties":{"name":"North 4th Avenue","highway":"tertiary","osm":"way/915231447"},"geometry":{"type":"LineString","coordinates":[[-110.96592,32.22277],[-110.96615,32.22219]]}},{"type":"Feature","properties":{"name":"East Congress Street","highway":"tertiary","osm":"way/915231448"},"geometry":{"type":"LineString","coordinates":[[-110.96615,32.22219],[-110.96629,32.22212]]}},{"type":"Feature","properties":{"name":"East Congress Street","highway":"primary","osm":"way/915231449"},"geometry":{"type":"LineString","coordinates":[[-110.96629,32.22212],[-110.9671,32.22209]]}},{"type":"Feature","properties":{"name":"East Congress Street","highway":"primary","osm":"way/915231450"},"geometry":{"type":"LineString","coordinates":[[-110.9671,32.22209],[-110.96788,32.22205]]}},{"type":"Feature","properties":{"name":"East Congress Street","highway":"primary","osm":"way/915231451"},"geometry":{"type":"LineString","coordinates":[[-110.96788,32.22205],[-110.96863,32.22202]]}},{"type":"Feature","properties":{"name":"East Congress Street","highway":"primary","osm":"way/915231452"},"geometry":{"type":"LineString","coordinates":[[-110.96863,32.22202],[-110.96982,32.22194]]}},{"type":"Feature","properties":{"name":"East Congress Street","highway":"primary","osm":"way/915231453"},"geometry":{"type":"LineString","coordinates":[[-110.96982,32.22194],[-110.97126,32.22186]]}},{"type":"Feature","properties":{"name":"West Congress Street","highway":"primary","osm":"way/915231454"},"geometry":{"type":"LineString","coordinates":[[-110.97126,32.22186],[-110.97238,32.22175]]}},{"type":"Feature","properties":{"name":"West Congress Street","highway":"primary","osm":"way/915231455"},"geometry":{"type":"LineString","coordinates":[[-110.97238,32.22175],[-110.97507,32.22152]]}},{"type":"Feature","properties":{"name":"South Linda Avenue","highway":"residential","osm":"way/915242780"},"geometry":{"type":"LineString","coordinates":[[-110.98388,32.22009],[-110.98389,32.22047]]}},{"type":"Feature","properties":{"name":"South Avenida del Convento","highway":"tertiary","osm":"way/915242781"},"geometry":{"type":"LineString","coordinates":[[-110.98526,32.21967],[-110.9848,32.21761]]}},{"type":"Feature","properties":{"name":"West Congress Street","highway":"secondary","osm":"way/915242783"},"geometry":{"type":"LineString","coordinates":[[-110.98389,32.22047],[-110.98282,32.22056]]}},{"type":"Feature","properties":{"name":"North Linda Avenue","highway":"residential","osm":"way/915242784"},"geometry":{"type":"LineString","coordinates":[[-110.98389,32.22047],[-110.98409,32.2226]]}},{"type":"Feature","properties":{"name":"West Cushing Street","highway":"tertiary","osm":"way/915242788"},"geometry":{"type":"LineString","coordinates":[[-110.97903,32.21714],[-110.97776,32.21745]]}},{"type":"Feature","properties":{"name":"South Granada Avenue","highway":"tertiary","osm":"way/915242789"},"geometry":{"type":"LineString","coordinates":[[-110.97776,32.21745],[-110.97602,32.21914],[-110.97583,32.22101]]}},{"type":"Feature","properties":{"name":"North Main Avenue","highway":"secondary","osm":"way/928167753"},"geometry":{"type":"LineString","coordinates":[[-110.978,32.23951],[-110.97799,32.23899]]}},{"type":"Feature","properties":{"name":"North Euclid Avenue","highway":"secondary","osm":"way/928317629"},"geometry":{"type":"LineString","coordinates":[[-110.95943,32.22646],[-110.95947,32.22704]]}},{"type":"Feature","properties":{"name":"South Toole Avenue","highway":"tertiary","osm":"way/928321415"},"geometry":{"type":"LineString","coordinates":[[-110.96021,32.21521],[-110.9598,32.2147]]}},{"type":"Feature","properties":{"name":"South 12th Avenue","highway":"secondary","osm":"way/928375389"},"geometry":{"type":"LineString","coordinates":[[-110.97764,32.18205],[-110.97758,32.18185]]}},{"type":"Feature","properties":{"name":"East Ajo Way","highway":"primary","osm":"way/928439104"},"geometry":{"type":"LineString","coordinates":[[-110.96163,32.17789],[-110.96736,32.17785]]}},{"type":"Feature","properties":{"name":"South Campbell Avenue","highway":"primary","osm":"way/929617474"},"geometry":{"type":"LineString","coordinates":[[-110.94335,32.16872],[-110.94335,32.16876]]}},{"type":"Feature","properties":{"name":"East Benson Highway","highway":"secondary","osm":"way/929617475"},"geometry":{"type":"LineString","coordinates":[[-110.94335,32.16872],[-110.94325,32.16862]]}},{"type":"Feature","properties":{"name":"East Benson Highway","highway":"secondary","osm":"way/929617476"},"geometry":{"type":"LineString","coordinates":[[-110.94325,32.16862],[-110.94131,32.16683],[-110.93723,32.16425]]}},{"type":"Feature","properties":{"name":"South Campbell Avenue","highway":"primary","osm":"way/929617479"},"geometry":{"type":"LineString","coordinates":[[-110.94335,32.16876],[-110.94334,32.16889]]}},{"type":"Feature","properties":{"name":"South Campbell Avenue","highway":"primary","osm":"way/929620718"},"geometry":{"type":"LineString","coordinates":[[-110.94352,32.16907],[-110.94352,32.16888]]}},{"type":"Feature","properties":{"name":"East Benson Highway","highway":"secondary","osm":"way/929620719"},"geometry":{"type":"LineString","coordinates":[[-110.94388,32.16943],[-110.94798,32.17352]]}},{"type":"Feature","properties":{"name":"East Benson Highway","highway":"secondary","osm":"way/929620720"},"geometry":{"type":"LineString","coordinates":[[-110.94344,32.16899],[-110.94352,32.16907]]}},{"type":"Feature","properties":{"name":"East Benson Highway","highway":"secondary","osm":"way/929620722"},"geometry":{"type":"LineString","coordinates":[[-110.94379,32.16917],[-110.94352,32.16888]]}},{"type":"Feature","properties":{"name":null,"highway":"primary_link","osm":"way/929629222"},"geometry":{"type":"LineString","coordinates":[[-110.94871,32.21165],[-110.94826,32.21101]]}},{"type":"Feature","properties":{"name":"South Kino Parkway","highway":"primary","osm":"way/929629223"},"geometry":{"type":"LineString","coordinates":[[-110.94857,32.2119],[-110.94833,32.21228]]}},{"type":"Feature","properties":{"name":null,"highway":"primary_link","osm":"way/929629224"},"geometry":{"type":"LineString","coordinates":[[-110.94881,32.21183],[-110.94943,32.21248]]}},{"type":"Feature","properties":{"name":"South Kino Parkway","highway":"primary","osm":"way/929629225"},"geometry":{"type":"LineString","coordinates":[[-110.94881,32.21183],[-110.94886,32.21173]]}},{"type":"Feature","properties":{"name":null,"highway":"primary_link","osm":"way/929629226"},"geometry":{"type":"LineString","coordinates":[[-110.94864,32.21176],[-110.94872,32.21174]]}},{"type":"Feature","properties":{"name":"South Kino Parkway","highway":"primary","osm":"way/929629227"},"geometry":{"type":"LineString","coordinates":[[-110.94864,32.21176],[-110.94857,32.2119]]}},{"type":"Feature","properties":{"name":"West Starr Pass Boulevard","highway":"secondary","osm":"way/945518004"},"geometry":{"type":"LineString","coordinates":[[-110.98055,32.20677],[-110.98036,32.2067]]}},{"type":"Feature","properties":{"name":"West 40th Street","highway":"residential","osm":"way/951151076"},"geometry":{"type":"LineString","coordinates":[[-110.97042,32.18874],[-110.97145,32.18874]]}},{"type":"Feature","properties":{"name":"East Stevens Avenue","highway":"unclassified","osm":"way/951996199"},"geometry":{"type":"LineString","coordinates":[[-110.96601,32.22386],[-110.96629,32.22406]]}},{"type":"Feature","properties":{"name":"North 5th Avenue","highway":"unclassified","osm":"way/951996200"},"geometry":{"type":"LineString","coordinates":[[-110.967,32.22466],[-110.96693,32.22512]]}},{"type":"Feature","properties":{"name":null,"highway":"unclassified","osm":"way/952017364"},"geometry":{"type":"LineString","coordinates":[[-110.96394,32.17982],[-110.9647,32.17974]]}},{"type":"Feature","properties":{"name":null,"highway":"unclassified","osm":"way/952017365"},"geometry":{"type":"LineString","coordinates":[[-110.96418,32.17934],[-110.9647,32.17974]]}},{"type":"Feature","properties":{"name":"West 18th Street","highway":"tertiary","osm":"way/957062721"},"geometry":{"type":"LineString","coordinates":[[-110.97162,32.21203],[-110.9724,32.21203]]}},{"type":"Feature","properties":{"name":"West Lee Street","highway":"residential","osm":"way/962575447"},"geometry":{"type":"LineString","coordinates":[[-110.97793,32.24162],[-110.9781,32.24161]]}},{"type":"Feature","properties":{"name":"North Oracle Road","highway":"secondary","osm":"way/962575448"},"geometry":{"type":"LineString","coordinates":[[-110.9779,32.24186],[-110.97791,32.2427]]}},{"type":"Feature","properties":{"name":"South 4th Avenue","highway":"tertiary","osm":"way/970197102"},"geometry":{"type":"LineString","coordinates":[[-110.96552,32.21788],[-110.96551,32.21734]]}},{"type":"Feature","properties":{"name":"South Church Avenue","highway":"tertiary","osm":"way/970197113"},"geometry":{"type":"LineString","coordinates":[[-110.97215,32.21711],[-110.97216,32.21717]]}},{"type":"Feature","properties":{"name":"South Church Avenue","highway":"tertiary","osm":"way/970197114"},"geometry":{"type":"LineString","coordinates":[[-110.97214,32.21705],[-110.97215,32.21711]]}},{"type":"Feature","properties":{"name":"West Simpson Street","highway":"residential","osm":"way/970197119"},"geometry":{"type":"LineString","coordinates":[[-110.97909,32.21473],[-110.97915,32.21472]]}},{"type":"Feature","properties":{"name":"West Simpson Street","highway":"residential","osm":"way/970197120"},"geometry":{"type":"LineString","coordinates":[[-110.97902,32.21475],[-110.97909,32.21473]]}},{"type":"Feature","properties":{"name":"South Freeway Road","highway":"secondary","osm":"way/970519970"},"geometry":{"type":"LineString","coordinates":[[-110.97732,32.19686],[-110.97793,32.19819]]}},{"type":"Feature","properties":{"name":null,"highway":"motorway_link","osm":"way/970519975"},"geometry":{"type":"LineString","coordinates":[[-110.97973,32.21331],[-110.97986,32.21215]]}},{"type":"Feature","properties":{"name":null,"highway":"motorway_link","osm":"way/970519976"},"geometry":{"type":"LineString","coordinates":[[-110.97986,32.21215],[-110.97989,32.21182]]}},{"type":"Feature","properties":{"name":"South Freeway","highway":"motorway","osm":"way/970519977"},"geometry":{"type":"LineString","coordinates":[[-110.97973,32.21331],[-110.97971,32.21215]]}},{"type":"Feature","properties":{"name":"South Freeway","highway":"motorway","osm":"way/970519978"},"geometry":{"type":"LineString","coordinates":[[-110.97971,32.21215],[-110.97971,32.21182]]}},{"type":"Feature","properties":{"name":"South Freeway","highway":"motorway","osm":"way/970519979"},"geometry":{"type":"LineString","coordinates":[[-110.97948,32.21252],[-110.97949,32.21349]]}},{"type":"Feature","properties":{"name":"South Freeway","highway":"motorway","osm":"way/970519980"},"geometry":{"type":"LineString","coordinates":[[-110.97947,32.21215],[-110.97948,32.21252]]}},{"type":"Feature","properties":{"name":"South Freeway","highway":"motorway","osm":"way/970519981"},"geometry":{"type":"LineString","coordinates":[[-110.97947,32.21182],[-110.97947,32.21215]]}},{"type":"Feature","properties":{"name":null,"highway":"motorway_link","osm":"way/970519982"},"geometry":{"type":"LineString","coordinates":[[-110.97944,32.21215],[-110.97948,32.21252]]}},{"type":"Feature","properties":{"name":null,"highway":"motorway_link","osm":"way/970519983"},"geometry":{"type":"LineString","coordinates":[[-110.97939,32.21182],[-110.97944,32.21215]]}},{"type":"Feature","properties":{"name":"South Freeway Road","highway":"secondary","osm":"way/970752876"},"geometry":{"type":"LineString","coordinates":[[-110.97902,32.20669],[-110.97902,32.20682]]}},{"type":"Feature","properties":{"name":null,"highway":"residential","osm":"way/970797244"},"geometry":{"type":"LineString","coordinates":[[-110.96102,32.22915],[-110.96102,32.22899],[-110.96102,32.22915]]}},{"type":"Feature","properties":{"name":"East 5th Street","highway":"residential","osm":"way/970797245"},"geometry":{"type":"LineString","coordinates":[[-110.96093,32.22907],[-110.95991,32.22907]]}},{"type":"Feature","properties":{"name":"North 1st Avenue","highway":"residential","osm":"way/970797246"},"geometry":{"type":"LineString","coordinates":[[-110.96103,32.22777],[-110.96102,32.22899]]}},{"type":"Feature","properties":{"name":"South Freeway Road","highway":"primary","osm":"way/971018512"},"geometry":{"type":"LineString","coordinates":[[-110.98011,32.20787],[-110.9801,32.20726]]}},{"type":"Feature","properties":{"name":"West Ajo Way","highway":"primary","osm":"way/972728444"},"geometry":{"type":"LineString","coordinates":[[-110.98669,32.17768],[-110.98598,32.1777]]}},{"type":"Feature","properties":{"name":"West Ajo Way","highway":"primary","osm":"way/972728445"},"geometry":{"type":"LineString","coordinates":[[-110.98597,32.17788],[-110.98665,32.17787]]}},{"type":"Feature","properties":{"name":"South 12th Avenue","highway":"secondary","osm":"way/973554610"},"geometry":{"type":"LineString","coordinates":[[-110.97757,32.17293],[-110.97757,32.17314]]}},{"type":"Feature","properties":{"name":"East Speedway Boulevard","highway":"primary","osm":"way/975788870"},"geometry":{"type":"LineString","coordinates":[[-110.95678,32.23595],[-110.95497,32.23592]]}},{"type":"Feature","properties":{"name":"East Speedway Boulevard","highway":"primary","osm":"way/975788872"},"geometry":{"type":"LineString","coordinates":[[-110.95518,32.23612],[-110.95678,32.23612]]}},{"type":"Feature","properties":{"name":"East Speedway Boulevard","highway":"primary","osm":"way/975788895"},"geometry":{"type":"LineString","coordinates":[[-110.95097,32.23607],[-110.95518,32.23612]]}},{"type":"Feature","properties":{"name":"East Speedway Boulevard","highway":"primary","osm":"way/975788900"},"geometry":{"type":"LineString","coordinates":[[-110.95071,32.2359],[-110.9481,32.23593]]}},{"type":"Feature","properties":{"name":"East Speedway Boulevard","highway":"primary","osm":"way/975788922"},"geometry":{"type":"LineString","coordinates":[[-110.9481,32.23593],[-110.94669,32.23596]]}},{"type":"Feature","properties":{"name":null,"highway":"secondary_link","osm":"way/976508645"},"geometry":{"type":"LineString","coordinates":[[-110.95659,32.18037],[-110.95635,32.18006]]}},{"type":"Feature","properties":{"name":null,"highway":"secondary_link","osm":"way/976508646"},"geometry":{"type":"LineString","coordinates":[[-110.95635,32.1806],[-110.9566,32.18037]]}},{"type":"Feature","properties":{"name":"East Ajo Way","highway":"primary","osm":"way/979717935"},"geometry":{"type":"LineString","coordinates":[[-110.95852,32.1779],[-110.96145,32.17789]]}},{"type":"Feature","properties":{"name":"East Ajo Way","highway":"primary","osm":"way/979717936"},"geometry":{"type":"LineString","coordinates":[[-110.96145,32.17789],[-110.96163,32.17789]]}},{"type":"Feature","properties":{"name":null,"highway":"secondary_link","osm":"way/979717949"},"geometry":{"type":"LineString","coordinates":[[-110.95425,32.17978],[-110.95436,32.1797]]}},{"type":"Feature","properties":{"name":"South Capri Circle","highway":"residential","osm":"way/980413913"},"geometry":{"type":"LineString","coordinates":[[-110.94353,32.18681],[-110.94304,32.18679],[-110.94278,32.18616],[-110.94354,32.18601]]}},{"type":"Feature","properties":{"name":null,"highway":"residential","osm":"way/980413914"},"geometry":{"type":"LineString","coordinates":[[-110.94281,32.18608],[-110.94275,32.18603]]}},{"type":"Feature","properties":{"name":"South Park Avenue","highway":"secondary","osm":"way/983736639"},"geometry":{"type":"LineString","coordinates":[[-110.95641,32.2121],[-110.95625,32.21103]]}},{"type":"Feature","properties":{"name":"East 18th Street","highway":"tertiary","osm":"way/983736640"},"geometry":{"type":"LineString","coordinates":[[-110.95641,32.2121],[-110.95395,32.21213]]}},{"type":"Feature","properties":{"name":"East Warehouse Avenue","highway":"tertiary","osm":"way/983736641"},"geometry":{"type":"LineString","coordinates":[[-110.95235,32.21214],[-110.95215,32.21213]]}},{"type":"Feature","properties":{"name":null,"highway":"unclassified","osm":"way/983752784"},"geometry":{"type":"LineString","coordinates":[[-110.96286,32.17871],[-110.96289,32.17839]]}},{"type":"Feature","properties":{"name":null,"highway":"unclassified","osm":"way/983752785"},"geometry":{"type":"LineString","coordinates":[[-110.96286,32.17827],[-110.96288,32.17788]]}},{"type":"Feature","properties":{"name":null,"highway":"primary_link","osm":"way/984993238"},"geometry":{"type":"LineString","coordinates":[[-110.98341,32.23531],[-110.98317,32.23572]]}},{"type":"Feature","properties":{"name":"East 1st Street","highway":"residential","osm":"way/985197144"},"geometry":{"type":"LineString","coordinates":[[-110.95937,32.2343],[-110.95799,32.23431]]}},{"type":"Feature","properties":{"name":"North 1st Avenue","highway":"residential","osm":"way/985197145"},"geometry":{"type":"LineString","coordinates":[[-110.96106,32.23433],[-110.96105,32.23596]]}},{"type":"Feature","properties":{"name":"East 1st Street","highway":"residential","osm":"way/985197146"},"geometry":{"type":"LineString","coordinates":[[-110.96107,32.23426],[-110.96107,32.23426]]}},{"type":"Feature","properties":{"name":"North 1st Avenue","highway":"residential","osm":"way/985197205"},"geometry":{"type":"LineString","coordinates":[[-110.96104,32.23303],[-110.96105,32.23425]]}},{"type":"Feature","properties":{"name":null,"highway":"residential","osm":"way/985197206"},"geometry":{"type":"LineString","coordinates":[[-110.96101,32.23293],[-110.96101,32.23293]]}},{"type":"Feature","properties":{"name":"West 1st Street","highway":"residential","osm":"way/985357359"},"geometry":{"type":"LineString","coordinates":[[-110.9718,32.23423],[-110.97328,32.23422]]}},{"type":"Feature","properties":{"name":"North 9th Avenue","highway":"residential","osm":"way/985357360"},"geometry":{"type":"LineString","coordinates":[[-110.97334,32.23427],[-110.97337,32.23587]]}},{"type":"Feature","properties":{"name":"West 2nd Street","highway":"residential","osm":"way/985357364"},"geometry":{"type":"LineString","coordinates":[[-110.97179,32.23293],[-110.97256,32.23292]]}},{"type":"Feature","properties":{"name":"North 9th Avenue","highway":"residential","osm":"way/985357365"},"geometry":{"type":"LineString","coordinates":[[-110.97334,32.23417],[-110.97332,32.23296]]}},{"type":"Feature","properties":{"name":"West 1st Street","highway":"residential","osm":"way/985357420"},"geometry":{"type":"LineString","coordinates":[[-110.97715,32.23419],[-110.97794,32.23418]]}},{"type":"Feature","properties":{"name":"North 11th Avenue","highway":"residential","osm":"way/985357421"},"geometry":{"type":"LineString","coordinates":[[-110.97642,32.23426],[-110.9764,32.2358]]}},{"type":"Feature","properties":{"name":null,"highway":"residential","osm":"way/985357423"},"geometry":{"type":"LineString","coordinates":[[-110.97642,32.23415],[-110.97642,32.23415]]}},{"type":"Feature","properties":{"name":"North Alder Avenue","highway":"residential","osm":"way/985357455"},"geometry":{"type":"LineString","coordinates":[[-110.97717,32.2329],[-110.97715,32.23419]]}},{"type":"Feature","properties":{"name":"West 1st Street","highway":"residential","osm":"way/985357456"},"geometry":{"type":"LineString","coordinates":[[-110.97649,32.2342],[-110.97715,32.23419]]}},{"type":"Feature","properties":{"name":"North 10th Avenue","highway":"residential","osm":"way/985357484"},"geometry":{"type":"LineString","coordinates":[[-110.97487,32.23294],[-110.97489,32.23558]]}},{"type":"Feature","properties":{"name":"West 2nd Street","highway":"residential","osm":"way/985357485"},"geometry":{"type":"LineString","coordinates":[[-110.97338,32.23291],[-110.97482,32.2329]]}},{"type":"Feature","properties":{"name":"West Saint Mary's Road","highway":"primary","osm":"way/986967019"},"geometry":{"type":"LineString","coordinates":[[-110.97813,32.22777],[-110.97889,32.22802]]}},{"type":"Feature","properties":{"name":"West Saint Mary's Road","highway":"primary","osm":"way/986967023"},"geometry":{"type":"LineString","coordinates":[[-110.9788,32.22784],[-110.97814,32.22765]]}},{"type":"Feature","properties":{"name":"North Highland Avenue","highway":"residential","osm":"way/987024244"},"geometry":{"type":"LineString","coordinates":[[-110.95125,32.23863],[-110.95129,32.24367]]}},{"type":"Feature","properties":{"name":"East Lester Street","highway":"residential","osm":"way/987024245"},"geometry":{"type":"LineString","coordinates":[[-110.9525,32.2437],[-110.95133,32.24371]]}},{"type":"Feature","properties":{"name":null,"highway":"residential","osm":"way/987024246"},"geometry":{"type":"LineString","coordinates":[[-110.95126,32.24367],[-110.95126,32.24367]]}},{"type":"Feature","properties":{"name":"South Park Avenue","highway":"secondary","osm":"way/987047591"},"geometry":{"type":"LineString","coordinates":[[-110.95619,32.16501],[-110.95617,32.16335]]}},{"type":"Feature","properties":{"name":"South Park Avenue","highway":"secondary","osm":"way/987047592"},"geometry":{"type":"LineString","coordinates":[[-110.95619,32.1651],[-110.95619,32.16501]]}},{"type":"Feature","properties":{"name":"East Palmdale Street","highway":"unclassified","osm":"way/987047610"},"geometry":{"type":"LineString","coordinates":[[-110.95628,32.17519],[-110.95617,32.17519]]}},{"type":"Feature","properties":{"name":"East Palmdale Street","highway":"unclassified","osm":"way/987047611"},"geometry":{"type":"LineString","coordinates":[[-110.95617,32.17519],[-110.95611,32.17519]]}},{"type":"Feature","properties":{"name":"South Kino Parkway","highway":"primary","osm":"way/991993309"},"geometry":{"type":"LineString","coordinates":[[-110.94873,32.21196],[-110.94881,32.21183]]}},{"type":"Feature","properties":{"name":null,"highway":"primary_link","osm":"way/991993310"},"geometry":{"type":"LineString","coordinates":[[-110.94872,32.21178],[-110.94872,32.21174]]}},{"type":"Feature","properties":{"name":null,"highway":"primary_link","osm":"way/991993311"},"geometry":{"type":"LineString","coordinates":[[-110.94878,32.21171],[-110.94878,32.21175]]}},{"type":"Feature","properties":{"name":"South Kino Parkway","highway":"primary","osm":"way/991993312"},"geometry":{"type":"LineString","coordinates":[[-110.94876,32.21156],[-110.94871,32.21165]]}},{"type":"Feature","properties":{"name":"East Ajo Way","highway":"primary","osm":"way/992368371"},"geometry":{"type":"LineString","coordinates":[[-110.94154,32.17784],[-110.94139,32.17783]]}},{"type":"Feature","properties":{"name":"South Kino Parkway","highway":"primary","osm":"way/992368374"},"geometry":{"type":"LineString","coordinates":[[-110.94458,32.18014],[-110.94459,32.17921]]}},{"type":"Feature","properties":{"name":null,"highway":"residential","osm":"way/998914218"},"geometry":{"type":"LineString","coordinates":[[-110.9548,32.16696],[-110.95485,32.16691]]}},{"type":"Feature","properties":{"name":"East 2nd Street","highway":"residential","osm":"way/1001582354"},"geometry":{"type":"LineString","coordinates":[[-110.96404,32.23297],[-110.96111,32.23298]]}},{"type":"Feature","properties":{"name":"North 3rd Avenue","highway":"residential","osm":"way/1001582355"},"geometry":{"type":"LineString","coordinates":[[-110.9641,32.23302],[-110.96413,32.23594]]}},{"type":"Feature","properties":{"name":null,"highway":"residential","osm":"way/1001582356"},"geometry":{"type":"LineString","coordinates":[[-110.96407,32.23293],[-110.96407,32.23293]]}},{"type":"Feature","properties":{"name":"East 4th Street","highway":"residential","osm":"way/1001582357"},"geometry":{"type":"LineString","coordinates":[[-110.96716,32.23034],[-110.96409,32.23035]]}},{"type":"Feature","properties":{"name":"North 3rd Avenue","highway":"residential","osm":"way/1001582358"},"geometry":{"type":"LineString","coordinates":[[-110.96409,32.23035],[-110.9641,32.23292]]}},{"type":"Feature","properties":{"name":"West University Boulevard","highway":"residential","osm":"way/1001810721"},"geometry":{"type":"LineString","coordinates":[[-110.97254,32.23162],[-110.97326,32.23161]]}},{"type":"Feature","properties":{"name":"North 9th Avenue","highway":"residential","osm":"way/1001810722"},"geometry":{"type":"LineString","coordinates":[[-110.97332,32.23167],[-110.97333,32.23287]]}},{"type":"Feature","properties":{"name":"West University Boulevard","highway":"residential","osm":"way/1001810723"},"geometry":{"type":"LineString","coordinates":[[-110.97327,32.23158],[-110.97327,32.23158]]}},{"type":"Feature","properties":{"name":"North 10th Avenue","highway":"residential","osm":"way/1001810761"},"geometry":{"type":"LineString","coordinates":[[-110.97485,32.23165],[-110.97487,32.23286]]}},{"type":"Feature","properties":{"name":"West University Boulevard","highway":"residential","osm":"way/1001810762"},"geometry":{"type":"LineString","coordinates":[[-110.97338,32.23161],[-110.9748,32.2316]]}},{"type":"Feature","properties":{"name":null,"highway":"residential","osm":"way/1001810763"},"geometry":{"type":"LineString","coordinates":[[-110.97485,32.23155],[-110.97485,32.23155]]}},{"type":"Feature","properties":{"name":"North 11th Avenue","highway":"residential","osm":"way/1001822884"},"geometry":{"type":"LineString","coordinates":[[-110.97635,32.2303],[-110.97639,32.23155]]}},{"type":"Feature","properties":{"name":"West University Boulevard","highway":"residential","osm":"way/1001822885"},"geometry":{"type":"LineString","coordinates":[[-110.97491,32.2316],[-110.97634,32.2316]]}},{"type":"Feature","properties":{"name":null,"highway":"residential","osm":"way/1001822886"},"geometry":{"type":"LineString","coordinates":[[-110.97637,32.23155],[-110.97637,32.23155]]}},{"type":"Feature","properties":{"name":"North 9th Avenue","highway":"residential","osm":"way/1001822910"},"geometry":{"type":"LineString","coordinates":[[-110.9733,32.22908],[-110.97331,32.23025]]}},{"type":"Feature","properties":{"name":"West 4th Street","highway":"residential","osm":"way/1001822911"},"geometry":{"type":"LineString","coordinates":[[-110.97324,32.23031],[-110.97177,32.23032]]}},{"type":"Feature","properties":{"name":"West 4th Street","highway":"residential","osm":"way/1001822912"},"geometry":{"type":"LineString","coordinates":[[-110.97327,32.23026],[-110.97327,32.23026]]}},{"type":"Feature","properties":{"name":"North 10th Avenue","highway":"residential","osm":"way/1001822919"},"geometry":{"type":"LineString","coordinates":[[-110.97484,32.23036],[-110.97485,32.23155]]}},{"type":"Feature","properties":{"name":"West 4th Street","highway":"residential","osm":"way/1001822920"},"geometry":{"type":"LineString","coordinates":[[-110.97337,32.23031],[-110.97477,32.2303]]}},{"type":"Feature","properties":{"name":null,"highway":"residential","osm":"way/1001822921"},"geometry":{"type":"LineString","coordinates":[[-110.97488,32.23035],[-110.97488,32.23035]]}},{"type":"Feature","properties":{"name":"East Lester Street","highway":"residential","osm":"way/1002829502"},"geometry":{"type":"LineString","coordinates":[[-110.95378,32.24368],[-110.95258,32.2437]]}},{"type":"Feature","properties":{"name":"East Lester Street","highway":"residential","osm":"way/1002829504"},"geometry":{"type":"LineString","coordinates":[[-110.95258,32.2437],[-110.9525,32.2437]]}},{"type":"Feature","properties":{"name":"North Fremont Avenue","highway":"residential","osm":"way/1002829505"},"geometry":{"type":"LineString","coordinates":[[-110.95531,32.24059],[-110.95533,32.24315]]}},{"type":"Feature","properties":{"name":"North Santa Rita Avenue","highway":"residential","osm":"way/1002829506"},"geometry":{"type":"LineString","coordinates":[[-110.95382,32.2406],[-110.95386,32.24362]]}},{"type":"Feature","properties":{"name":null,"highway":"residential","osm":"way/1002829507"},"geometry":{"type":"LineString","coordinates":[[-110.95383,32.24363],[-110.95383,32.24363]]}},{"type":"Feature","properties":{"name":"East Linden Street","highway":"residential","osm":"way/1005028302"},"geometry":{"type":"LineString","coordinates":[[-110.95744,32.2447],[-110.95238,32.24473]]}},{"type":"Feature","properties":{"name":"East Fairground Drive","highway":"residential","osm":"way/1011951497"},"geometry":{"type":"LineString","coordinates":[[-110.9643,32.16873],[-110.96166,32.16875]]}},{"type":"Feature","properties":{"name":null,"highway":"residential","osm":"way/1012231199"},"geometry":{"type":"LineString","coordinates":[[-110.98274,32.16737],[-110.98269,32.16732]]}},{"type":"Feature","properties":{"name":"East 27th Street","highway":"residential","osm":"way/1013386111"},"geometry":{"type":"LineString","coordinates":[[-110.96586,32.20163],[-110.96384,32.20164]]}},{"type":"Feature","properties":{"name":"East 26th Street","highway":"residential","osm":"way/1013386112"},"geometry":{"type":"LineString","coordinates":[[-110.9663,32.20266],[-110.96456,32.20267]]}},{"type":"Feature","properties":{"name":"East 28th Street","highway":"residential","osm":"way/1013386113"},"geometry":{"type":"LineString","coordinates":[[-110.96537,32.2006],[-110.96498,32.2006]]}},{"type":"Feature","properties":{"name":"South 4th Avenue","highway":"tertiary","osm":"way/1013386114"},"geometry":{"type":"LineString","coordinates":[[-110.96536,32.19958],[-110.96537,32.2006]]}},{"type":"Feature","properties":{"name":"East 21st Street","highway":"residential","osm":"way/1013386146"},"geometry":{"type":"LineString","coordinates":[[-110.9639,32.20816],[-110.9654,32.20813]]}},{"type":"Feature","properties":{"name":"South 4th Avenue","highway":"tertiary","osm":"way/1013386147"},"geometry":{"type":"LineString","coordinates":[[-110.96545,32.20811],[-110.96542,32.20683]]}},{"type":"Feature","properties":{"name":"South 4th Avenue","highway":"tertiary","osm":"way/1013386151"},"geometry":{"type":"LineString","coordinates":[[-110.9654,32.20815],[-110.9654,32.20815]]}},{"type":"Feature","properties":{"name":null,"highway":"tertiary","osm":"way/1013583978"},"geometry":{"type":"LineString","coordinates":[[-110.96551,32.21992],[-110.96551,32.21992]]}},{"type":"Feature","properties":{"name":"East 12th Street","highway":"residential","osm":"way/1013583979"},"geometry":{"type":"LineString","coordinates":[[-110.96543,32.2199],[-110.9655,32.2199]]}},{"type":"Feature","properties":{"name":"East 14th Street","highway":"residential","osm":"way/1013583983"},"geometry":{"type":"LineString","coordinates":[[-110.96546,32.21729],[-110.96474,32.21729]]}},{"type":"Feature","properties":{"name":null,"highway":"tertiary","osm":"way/1013583984"},"geometry":{"type":"LineString","coordinates":[[-110.96552,32.21725],[-110.96552,32.21725]]}},{"type":"Feature","properties":{"name":"North 11th Avenue","highway":"residential","osm":"way/1014170952"},"geometry":{"type":"LineString","coordinates":[[-110.97644,32.23945],[-110.97644,32.23955]]}},{"type":"Feature","properties":{"name":"East Benson Highway","highway":"secondary","osm":"way/1014540902"},"geometry":{"type":"LineString","coordinates":[[-110.95609,32.18161],[-110.95633,32.18185]]}},{"type":"Feature","properties":{"name":"North Park Avenue","highway":"tertiary","osm":"way/1018541751"},"geometry":{"type":"LineString","coordinates":[[-110.95678,32.2317],[-110.95676,32.23005]]}},{"type":"Feature","properties":{"name":"4th Street","highway":"residential","osm":"way/1018541753"},"geometry":{"type":"LineString","coordinates":[[-110.95676,32.23005],[-110.95667,32.23005]]}},{"type":"Feature","properties":{"name":"South 10th Avenue","highway":"tertiary","osm":"way/1021777645"},"geometry":{"type":"LineString","coordinates":[[-110.97448,32.18844],[-110.97448,32.18854]]}},{"type":"Feature","properties":{"name":"West 40th Street","highway":"residential","osm":"way/1021777647"},"geometry":{"type":"LineString","coordinates":[[-110.97442,32.18854],[-110.97455,32.18854]]}},{"type":"Feature","properties":{"name":"South 10th Avenue","highway":"tertiary","osm":"way/1021777680"},"geometry":{"type":"LineString","coordinates":[[-110.97456,32.18865],[-110.97455,32.18848]]}},{"type":"Feature","properties":{"name":"South 10th Avenue","highway":"tertiary","osm":"way/1021777681"},"geometry":{"type":"LineString","coordinates":[[-110.97456,32.18869],[-110.97456,32.18865]]}},{"type":"Feature","properties":{"name":"West Illinois Street","highway":"residential","osm":"way/1023637526"},"geometry":{"type":"LineString","coordinates":[[-110.98073,32.16852],[-110.98459,32.16879]]}},{"type":"Feature","properties":{"name":"South 3rd Avenue","highway":"residential","osm":"way/1024684425"},"geometry":{"type":"LineString","coordinates":[[-110.96394,32.21463],[-110.96392,32.20949]]}},{"type":"Feature","properties":{"name":"East 16th Street","highway":"residential","osm":"way/1024684426"},"geometry":{"type":"LineString","coordinates":[[-110.96386,32.21467],[-110.9632,32.21468]]}},{"type":"Feature","properties":{"name":null,"highway":"residential","osm":"way/1024684427"},"geometry":{"type":"LineString","coordinates":[[-110.96388,32.21475],[-110.96401,32.21466],[-110.96388,32.21475]]}},{"type":"Feature","properties":{"name":"North Euclid Avenue","highway":"secondary","osm":"way/1026111361"},"geometry":{"type":"LineString","coordinates":[[-110.95948,32.23299],[-110.95948,32.23306]]}},{"type":"Feature","properties":{"name":"East 2nd Street","highway":"residential","osm":"way/1026111364"},"geometry":{"type":"LineString","coordinates":[[-110.96098,32.23298],[-110.95964,32.233]]}},{"type":"Feature","properties":{"name":null,"highway":"residential","osm":"way/1026111365"},"geometry":{"type":"LineString","coordinates":[[-110.95948,32.23306],[-110.95964,32.233]]}},{"type":"Feature","properties":{"name":"North Ferro Avenue","highway":"residential","osm":"way/1032754823"},"geometry":{"type":"LineString","coordinates":[[-110.9695,32.23571],[-110.96951,32.23591]]}},{"type":"Feature","properties":{"name":"North Stone Avenue","highway":"secondary","osm":"way/1032966695"},"geometry":{"type":"LineString","coordinates":[[-110.97188,32.24318],[-110.97191,32.245]]}},{"type":"Feature","properties":{"name":"North Stone Avenue","highway":"secondary","osm":"way/1032966696"},"geometry":{"type":"LineString","coordinates":[[-110.97188,32.24306],[-110.97188,32.24318]]}},{"type":"Feature","properties":{"name":"South Farmington Road","highway":"unclassified","osm":"way/1034357758"},"geometry":{"type":"LineString","coordinates":[[-110.98055,32.20677],[-110.98083,32.20494]]}},{"type":"Feature","properties":{"name":"South 12th Avenue","highway":"secondary","osm":"way/1034548081"},"geometry":{"type":"LineString","coordinates":[[-110.97757,32.17258],[-110.97757,32.17293]]}},{"type":"Feature","properties":{"name":"South 12th Avenue","highway":"secondary","osm":"way/1034548082"},"geometry":{"type":"LineString","coordinates":[[-110.97757,32.17237],[-110.97757,32.17258]]}},{"type":"Feature","properties":{"name":null,"highway":"motorway_link","osm":"way/1034714601"},"geometry":{"type":"LineString","coordinates":[[-110.95608,32.18313],[-110.95218,32.18144]]}},{"type":"Feature","properties":{"name":"South Park Avenue","highway":"secondary","osm":"way/1034714602"},"geometry":{"type":"LineString","coordinates":[[-110.95608,32.18313],[-110.95608,32.1834]]}},{"type":"Feature","properties":{"name":"South Park Avenue","highway":"secondary","osm":"way/1034714603"},"geometry":{"type":"LineString","coordinates":[[-110.95608,32.1834],[-110.95611,32.18366]]}},{"type":"Feature","properties":{"name":"East 8th Street","highway":"residential","osm":"way/1041565558"},"geometry":{"type":"LineString","coordinates":[[-110.95557,32.22499],[-110.95682,32.22499]]}},{"type":"Feature","properties":{"name":"East 8th Street","highway":"residential","osm":"way/1041565559"},"geometry":{"type":"LineString","coordinates":[[-110.95682,32.22499],[-110.95947,32.225]]}},{"type":"Feature","properties":{"name":"East 6th Street","highway":"secondary","osm":"way/1041565560"},"geometry":{"type":"LineString","coordinates":[[-110.95666,32.22776],[-110.9566,32.22776]]}},{"type":"Feature","properties":{"name":"East 6th Street","highway":"secondary","osm":"way/1042671325"},"geometry":{"type":"LineString","coordinates":[[-110.95374,32.22777],[-110.95267,32.22778]]}},{"type":"Feature","properties":{"name":"East 6th Street","highway":"secondary","osm":"way/1042671328"},"geometry":{"type":"LineString","coordinates":[[-110.94725,32.22784],[-110.94521,32.22786]]}},{"type":"Feature","properties":{"name":"East 12th Street","highway":"residential","osm":"way/1042771201"},"geometry":{"type":"LineString","coordinates":[[-110.94806,32.22046],[-110.94565,32.22047]]}},{"type":"Feature","properties":{"name":"East 12th Street","highway":"residential","osm":"way/1042771202"},"geometry":{"type":"LineString","coordinates":[[-110.94854,32.22045],[-110.94806,32.22046]]}},{"type":"Feature","properties":{"name":"East 12th Street","highway":"residential","osm":"way/1042771203"},"geometry":{"type":"LineString","coordinates":[[-110.9495,32.22044],[-110.94854,32.22045]]}},{"type":"Feature","properties":{"name":"South Warren Avenue","highway":"residential","osm":"way/1042771204"},"geometry":{"type":"LineString","coordinates":[[-110.94666,32.22137],[-110.94666,32.22081]]}},{"type":"Feature","properties":{"name":"East Miles Street","highway":"residential","osm":"way/1042771205"},"geometry":{"type":"LineString","coordinates":[[-110.94525,32.21948],[-110.94473,32.21947]]}},{"type":"Feature","properties":{"name":"East Miles Street","highway":"residential","osm":"way/1042771206"},"geometry":{"type":"LineString","coordinates":[[-110.94807,32.21945],[-110.94525,32.21948]]}},{"type":"Feature","properties":{"name":"South Martin Avenue","highway":"residential","osm":"way/1042771208"},"geometry":{"type":"LineString","coordinates":[[-110.94525,32.21899],[-110.94524,32.21849]]}},{"type":"Feature","properties":{"name":"South Martin Avenue","highway":"residential","osm":"way/1042771209"},"geometry":{"type":"LineString","coordinates":[[-110.94525,32.21948],[-110.94525,32.21899]]}},{"type":"Feature","properties":{"name":"East Miles Street","highway":"residential","osm":"way/1042771547"},"geometry":{"type":"LineString","coordinates":[[-110.95323,32.2195],[-110.95099,32.21951]]}},{"type":"Feature","properties":{"name":"East 13th Street","highway":"residential","osm":"way/1042771548"},"geometry":{"type":"LineString","coordinates":[[-110.94805,32.21846],[-110.94748,32.21847]]}},{"type":"Feature","properties":{"name":"East 13th Street","highway":"residential","osm":"way/1042771549"},"geometry":{"type":"LineString","coordinates":[[-110.94606,32.21848],[-110.94554,32.21849]]}},{"type":"Feature","properties":{"name":"East 13th Street","highway":"residential","osm":"way/1042771550"},"geometry":{"type":"LineString","coordinates":[[-110.94748,32.21847],[-110.94606,32.21848]]}},{"type":"Feature","properties":{"name":"North Freeway Road","highway":"primary","osm":"way/1042828928"},"geometry":{"type":"LineString","coordinates":[[-110.98353,32.23582],[-110.98379,32.23694]]}},{"type":"Feature","properties":{"name":"North Freeway Road","highway":"primary","osm":"way/1042828929"},"geometry":{"type":"LineString","coordinates":[[-110.9833,32.23474],[-110.98335,32.23498]]}},{"type":"Feature","properties":{"name":"North Freeway Road","highway":"primary","osm":"way/1042828930"},"geometry":{"type":"LineString","coordinates":[[-110.98335,32.23498],[-110.98341,32.23531]]}},{"type":"Feature","properties":{"name":"West Speedway Boulevard","highway":"primary","osm":"way/1042828931"},"geometry":{"type":"LineString","coordinates":[[-110.98446,32.23564],[-110.9835,32.23569]]}},{"type":"Feature","properties":{"name":"North Freeway Road","highway":"primary","osm":"way/1042828932"},"geometry":{"type":"LineString","coordinates":[[-110.98341,32.23531],[-110.9835,32.23569]]}},{"type":"Feature","properties":{"name":"West Speedway Boulevard","highway":"primary","osm":"way/1042828933"},"geometry":{"type":"LineString","coordinates":[[-110.98353,32.23582],[-110.98449,32.23577]]}},{"type":"Feature","properties":{"name":"North Freeway Road","highway":"primary","osm":"way/1042828934"},"geometry":{"type":"LineString","coordinates":[[-110.9835,32.23569],[-110.98353,32.23582]]}},{"type":"Feature","properties":{"name":"South Park Avenue","highway":"secondary","osm":"way/1044387909"},"geometry":{"type":"LineString","coordinates":[[-110.95616,32.19962],[-110.9561,32.19294]]}},{"type":"Feature","properties":{"name":"South Park Avenue","highway":"secondary","osm":"way/1044387911"},"geometry":{"type":"LineString","coordinates":[[-110.9561,32.19294],[-110.95624,32.19241]]}},{"type":"Feature","properties":{"name":"South 3rd Avenue","highway":"residential","osm":"way/1044402258"},"geometry":{"type":"LineString","coordinates":[[-110.96396,32.21726],[-110.96393,32.21477]]}},{"type":"Feature","properties":{"name":null,"highway":"residential","osm":"way/1044402259"},"geometry":{"type":"LineString","coordinates":[[-110.964,32.21729],[-110.964,32.21729]]}},{"type":"Feature","properties":{"name":"South Park Avenue","highway":"secondary","osm":"way/1044518625"},"geometry":{"type":"LineString","coordinates":[[-110.95621,32.20689],[-110.95618,32.20432]]}},{"type":"Feature","properties":{"name":"South Park Avenue","highway":"secondary","osm":"way/1044518626"},"geometry":{"type":"LineString","coordinates":[[-110.95618,32.20432],[-110.95618,32.20422]]}},{"type":"Feature","properties":{"name":"East 16th Street","highway":"unclassified","osm":"way/1044628893"},"geometry":{"type":"LineString","coordinates":[[-110.95627,32.21462],[-110.9561,32.21453]]}},{"type":"Feature","properties":{"name":"East 16th Street","highway":"unclassified","osm":"way/1044628894"},"geometry":{"type":"LineString","coordinates":[[-110.95635,32.21465],[-110.95627,32.21462]]}},{"type":"Feature","properties":{"name":"East 16th Street","highway":"unclassified","osm":"way/1044628903"},"geometry":{"type":"LineString","coordinates":[[-110.95656,32.21468],[-110.95635,32.21465]]}},{"type":"Feature","properties":{"name":"East 4th Street","highway":"residential","osm":"way/1045523367"},"geometry":{"type":"LineString","coordinates":[[-110.97014,32.23032],[-110.96869,32.23034]]}},{"type":"Feature","properties":{"name":"North 7th Avenue","highway":"residential","osm":"way/1045523368"},"geometry":{"type":"LineString","coordinates":[[-110.97024,32.23039],[-110.97024,32.23288]]}},{"type":"Feature","properties":{"name":"North 7th Avenue","highway":"residential","osm":"way/1045523369"},"geometry":{"type":"LineString","coordinates":[[-110.97027,32.23025],[-110.97019,32.23038],[-110.97027,32.23025]]}},{"type":"Feature","properties":{"name":"South 5th Avenue","highway":"residential","osm":"way/1047534610"},"geometry":{"type":"LineString","coordinates":[[-110.96702,32.21946],[-110.96705,32.21988]]}},{"type":"Feature","properties":{"name":"East 13th Street","highway":"residential","osm":"way/1047534612"},"geometry":{"type":"LineString","coordinates":[[-110.9686,32.21858],[-110.96707,32.21859]]}},{"type":"Feature","properties":{"name":"South 5th Avenue","highway":"residential","osm":"way/1047534613"},"geometry":{"type":"LineString","coordinates":[[-110.96707,32.21859],[-110.96702,32.21946]]}},{"type":"Feature","properties":{"name":"South Convent Avenue","highway":"residential","osm":"way/1049960161"},"geometry":{"type":"LineString","coordinates":[[-110.97163,32.21332],[-110.97162,32.21203]]}},{"type":"Feature","properties":{"name":"West 18th Street","highway":"tertiary","osm":"way/1049960163"},"geometry":{"type":"LineString","coordinates":[[-110.97085,32.21203],[-110.97162,32.21203]]}},{"type":"Feature","properties":{"name":"West Silverlake Roa","highway":"secondary","osm":"way/1052553846"},"geometry":{"type":"LineString","coordinates":[[-110.98736,32.19947],[-110.98694,32.19954]]}},{"type":"Feature","properties":{"name":"East Calle Muleta","highway":"residential","osm":"way/1054576178"},"geometry":{"type":"LineString","coordinates":[[-110.9436,32.16739],[-110.94343,32.16739]]}},{"type":"Feature","properties":{"name":"South Kino Parkway","highway":"primary","osm":"way/1054825039"},"geometry":{"type":"LineString","coordinates":[[-110.94434,32.18505],[-110.94434,32.1852]]}},{"type":"Feature","properties":{"name":null,"highway":"primary_link","osm":"way/1054825058"},"geometry":{"type":"LineString","coordinates":[[-110.94515,32.18824],[-110.94471,32.18769]]}},{"type":"Feature","properties":{"name":"South Campbell Avenue","highway":"primary","osm":"way/1054989959"},"geometry":{"type":"LineString","coordinates":[[-110.94387,32.21958],[-110.94384,32.22064]]}},{"type":"Feature","properties":{"name":"East 9th Street","highway":"unclassified","osm":"way/1055082683"},"geometry":{"type":"LineString","coordinates":[[-110.96554,32.22385],[-110.96564,32.22385]]}},{"type":"Feature","properties":{"name":"North 4th Avenue","highway":"tertiary","osm":"way/1055082684"},"geometry":{"type":"LineString","coordinates":[[-110.96557,32.22427],[-110.96564,32.22385]]}},{"type":"Feature","properties":{"name":"East 10th Street","highway":"residential","osm":"way/1055164996"},"geometry":{"type":"LineString","coordinates":[[-110.94405,32.22264],[-110.94446,32.22251],[-110.94406,32.22238]]}},{"type":"Feature","properties":{"name":"Nogales–Tucson Highway","highway":"motorway","osm":"way/1056289394"},"geometry":{"type":"LineString","coordinates":[[-110.98542,32.17189],[-110.98544,32.17753]]}},{"type":"Feature","properties":{"name":"Nogales–Tucson Highway","highway":"motorway","osm":"way/1056289395"},"geometry":{"type":"LineString","coordinates":[[-110.98577,32.17916],[-110.98577,32.17806]]}},{"type":"Feature","properties":{"name":"Nogales–Tucson Highway","highway":"motorway","osm":"way/1056289397"},"geometry":{"type":"LineString","coordinates":[[-110.98544,32.17753],[-110.98544,32.17805]]}},{"type":"Feature","properties":{"name":null,"highway":"motorway_link","osm":"way/1056289413"},"geometry":{"type":"LineString","coordinates":[[-110.98527,32.17801],[-110.98502,32.17841]]}},{"type":"Feature","properties":{"name":null,"highway":"primary","osm":"way/1056289420"},"geometry":{"type":"LineString","coordinates":[[-110.98589,32.17771],[-110.9858,32.17771]]}},{"type":"Feature","properties":{"name":"West Ajo Way","highway":"primary","osm":"way/1056289422"},"geometry":{"type":"LineString","coordinates":[[-110.98573,32.17788],[-110.98597,32.17788]]}},{"type":"Feature","properties":{"name":"South Coleta Avenue","highway":"residential","osm":"way/1056953221"},"geometry":{"type":"LineString","coordinates":[[-110.9751,32.21201],[-110.9751,32.2116]]}},{"type":"Feature","properties":{"name":"South Kino Parkway","highway":"unclassified","osm":"way/1057030393"},"geometry":{"type":"LineString","coordinates":[[-110.9472,32.18487],[-110.94499,32.18365]]}},{"type":"Feature","properties":{"name":"West 44th Street","highway":"tertiary","osm":"way/1057245460"},"geometry":{"type":"LineString","coordinates":[[-110.96833,32.18506],[-110.97038,32.18506]]}},{"type":"Feature","properties":{"name":"West 44th Street","highway":"tertiary","osm":"way/1057245461"},"geometry":{"type":"LineString","coordinates":[[-110.97038,32.18506],[-110.97067,32.18507]]}},{"type":"Feature","properties":{"name":"North Bonita Avenue","highway":"residential","osm":"way/1057272649"},"geometry":{"type":"LineString","coordinates":[[-110.98281,32.22113],[-110.98304,32.22267]]}},{"type":"Feature","properties":{"name":"North Ash Avenue","highway":"unclassified","osm":"way/1057694532"},"geometry":{"type":"LineString","coordinates":[[-110.97175,32.2277],[-110.97241,32.2277],[-110.97247,32.22809]]}},{"type":"Feature","properties":{"name":null,"highway":"secondary_link","osm":"way/1058018065"},"geometry":{"type":"LineString","coordinates":[[-110.98435,32.22043],[-110.98388,32.22009]]}},{"type":"Feature","properties":{"name":"East 23rd Street","highway":"residential","osm":"way/1059105712"},"geometry":{"type":"LineString","coordinates":[[-110.96704,32.20576],[-110.97004,32.20573]]}},{"type":"Feature","properties":{"name":"South 5th Avenue","highway":"residential","osm":"way/1059105713"},"geometry":{"type":"LineString","coordinates":[[-110.96696,32.20673],[-110.96697,32.20582]]}},{"type":"Feature","properties":{"name":null,"highway":"residential","osm":"way/1059105714"},"geometry":{"type":"LineString","coordinates":[[-110.96694,32.20569],[-110.96694,32.20569]]}},{"type":"Feature","properties":{"name":"North 5th Avenue","highway":"residential","osm":"way/1059432962"},"geometry":{"type":"LineString","coordinates":[[-110.96715,32.22904],[-110.96716,32.23034]]}},{"type":"Feature","properties":{"name":"East 4th Street","highway":"residential","osm":"way/1059432963"},"geometry":{"type":"LineString","coordinates":[[-110.96869,32.23034],[-110.96716,32.23034]]}},{"type":"Feature","properties":{"name":"East 40th Street","highway":"residential","osm":"way/1059715472"},"geometry":{"type":"LineString","coordinates":[[-110.96837,32.18875],[-110.96822,32.18875]]}},{"type":"Feature","properties":{"name":"East Benson Highway","highway":"secondary","osm":"way/1059715473"},"geometry":{"type":"LineString","coordinates":[[-110.96845,32.18659],[-110.96825,32.18659]]}},{"type":"Feature","properties":{"name":null,"highway":"motorway_link","osm":"way/1059715475"},"geometry":{"type":"LineString","coordinates":[[-110.96965,32.18665],[-110.96921,32.1866]]}},{"type":"Feature","properties":{"name":null,"highway":"motorway_link","osm":"way/1063064084"},"geometry":{"type":"LineString","coordinates":[[-110.98562,32.1778],[-110.98547,32.17789]]}},{"type":"Feature","properties":{"name":null,"highway":"motorway_link","osm":"way/1063064087"},"geometry":{"type":"LineString","coordinates":[[-110.98596,32.17803],[-110.9859,32.17799]]}},{"type":"Feature","properties":{"name":null,"highway":"motorway_link","osm":"way/1063064088"},"geometry":{"type":"LineString","coordinates":[[-110.9859,32.17799],[-110.98573,32.17788]]}},{"type":"Feature","properties":{"name":null,"highway":"motorway_link","osm":"way/1063064090"},"geometry":{"type":"LineString","coordinates":[[-110.98562,32.1778],[-110.9858,32.17771]]}},{"type":"Feature","properties":{"name":"West Saint Mary's Road","highway":"secondary","osm":"way/1064723826"},"geometry":{"type":"LineString","coordinates":[[-110.98427,32.22953],[-110.98413,32.22952]]}},{"type":"Feature","properties":{"name":"North Ferro Avenue","highway":"residential","osm":"way/1067095789"},"geometry":{"type":"LineString","coordinates":[[-110.96941,32.2264],[-110.96944,32.22772]]}},{"type":"Feature","properties":{"name":"East 6th Street","highway":"secondary","osm":"way/1067095790"},"geometry":{"type":"LineString","coordinates":[[-110.96868,32.22772],[-110.96944,32.22772]]}},{"type":"Feature","properties":{"name":"West Franklin Street","highway":"residential","osm":"way/1069462485"},"geometry":{"type":"LineString","coordinates":[[-110.97354,32.22625],[-110.97404,32.22611]]}},{"type":"Feature","properties":{"name":"Ring Road","highway":"unclassified","osm":"way/1071841648"},"geometry":{"type":"LineString","coordinates":[[-110.94452,32.24064],[-110.94438,32.24149],[-110.94516,32.24233],[-110.94511,32.2428]]}},{"type":"Feature","properties":{"name":"East Adams Street","highway":"unclassified","osm":"way/1071841649"},"geometry":{"type":"LineString","coordinates":[[-110.94483,32.24061],[-110.94452,32.24064]]}},{"type":"Feature","properties":{"name":"East Adams Street","highway":"unclassified","osm":"way/1071841650"},"geometry":{"type":"LineString","coordinates":[[-110.94452,32.24064],[-110.94483,32.24066]]}},{"type":"Feature","properties":{"name":"West Mabel Street","highway":"residential","osm":"way/1074057741"},"geometry":{"type":"LineString","coordinates":[[-110.97933,32.23848],[-110.98063,32.23847]]}},{"type":"Feature","properties":{"name":"North 13th Avenue","highway":"residential","osm":"way/1074057742"},"geometry":{"type":"LineString","coordinates":[[-110.97933,32.23848],[-110.97933,32.23921]]}},{"type":"Feature","properties":{"name":"West Mabel Street","highway":"unclassified","osm":"way/1074057743"},"geometry":{"type":"LineString","coordinates":[[-110.97758,32.23849],[-110.97798,32.23849]]}},{"type":"Feature","properties":{"name":"South 12th Avenue","highway":"secondary","osm":"way/1075729096"},"geometry":{"type":"LineString","coordinates":[[-110.97756,32.1704],[-110.97756,32.17058]]}},{"type":"Feature","properties":{"name":"West Michigan Drive","highway":"residential","osm":"way/1075729097"},"geometry":{"type":"LineString","coordinates":[[-110.97715,32.1704],[-110.97756,32.1704]]}},{"type":"Feature","properties":{"name":"West Michigan Drive","highway":"residential","osm":"way/1075729098"},"geometry":{"type":"LineString","coordinates":[[-110.97714,32.1704],[-110.97715,32.1704]]}},{"type":"Feature","properties":{"name":"South 12th Avenue","highway":"secondary","osm":"way/1075729099"},"geometry":{"type":"LineString","coordinates":[[-110.97756,32.17058],[-110.97757,32.17237]]}},{"type":"Feature","properties":{"name":"South 12th Avenue","highway":"secondary","osm":"way/1075729100"},"geometry":{"type":"LineString","coordinates":[[-110.97755,32.17007],[-110.97756,32.1704]]}},{"type":"Feature","properties":{"name":"East Metric Place","highway":"unclassified","osm":"way/1078290856"},"geometry":{"type":"LineString","coordinates":[[-110.95084,32.17916],[-110.95073,32.17916]]}},{"type":"Feature","properties":{"name":"East Metric Place","highway":"unclassified","osm":"way/1078290857"},"geometry":{"type":"LineString","coordinates":[[-110.95073,32.17916],[-110.95066,32.17917]]}},{"type":"Feature","properties":{"name":null,"highway":"primary_link","osm":"way/1079360956"},"geometry":{"type":"LineString","coordinates":[[-110.98805,32.17783],[-110.98922,32.17767]]}},{"type":"Feature","properties":{"name":null,"highway":"primary_link","osm":"way/1079360957"},"geometry":{"type":"LineString","coordinates":[[-110.98972,32.17777],[-110.98994,32.17782]]}},{"type":"Feature","properties":{"name":"North 7th Avenue","highway":"unclassified","osm":"way/1085676163"},"geometry":{"type":"LineString","coordinates":[[-110.97049,32.22678],[-110.97039,32.22684]]}},{"type":"Feature","properties":{"name":"East Broadway Boulevard","highway":"primary","osm":"way/1085716255"},"geometry":{"type":"LineString","coordinates":[[-110.93518,32.22166],[-110.9424,32.22164]]}},{"type":"Feature","properties":{"name":"East Broadway Boulevard","highway":"primary","osm":"way/1085716256"},"geometry":{"type":"LineString","coordinates":[[-110.94806,32.22139],[-110.94499,32.22132]]}},{"type":"Feature","properties":{"name":"South Freeway Road","highway":"primary","osm":"way/1085928398"},"geometry":{"type":"LineString","coordinates":[[-110.9801,32.20726],[-110.98009,32.20669]]}},{"type":"Feature","properties":{"name":"North Freeway Road","highway":"primary","osm":"way/1085928399"},"geometry":{"type":"LineString","coordinates":[[-110.98446,32.23564],[-110.98432,32.23501]]}},{"type":"Feature","properties":{"name":null,"highway":"residential","osm":"way/1086339244"},"geometry":{"type":"LineString","coordinates":[[-110.98183,32.23595],[-110.98193,32.23598]]}},{"type":"Feature","properties":{"name":null,"highway":"residential","osm":"way/1086339245"},"geometry":{"type":"LineString","coordinates":[[-110.98178,32.23569],[-110.98178,32.23572]]}},{"type":"Feature","properties":{"name":"West Pennington Street","highway":"unclassified","osm":"way/1086788161"},"geometry":{"type":"LineString","coordinates":[[-110.97323,32.22247],[-110.97257,32.22262]]}},{"type":"Feature","properties":{"name":"North Church Avenue","highway":"tertiary","osm":"way/1086788172"},"geometry":{"type":"LineString","coordinates":[[-110.97236,32.22139],[-110.97237,32.22131]]}},{"type":"Feature","properties":{"name":"North Church Avenue","highway":"tertiary","osm":"way/1086788173"},"geometry":{"type":"LineString","coordinates":[[-110.97236,32.22145],[-110.97236,32.22139]]}},{"type":"Feature","properties":{"name":"North Church Avenue","highway":"tertiary","osm":"way/1086788180"},"geometry":{"type":"LineString","coordinates":[[-110.97237,32.22131],[-110.97242,32.22107]]}},{"type":"Feature","properties":{"name":"North Arizona Avenue","highway":"unclassified","osm":"way/1090004482"},"geometry":{"type":"LineString","coordinates":[[-110.96788,32.22205],[-110.96788,32.22211]]}},{"type":"Feature","properties":{"name":"West Cushing Street","highway":"tertiary","osm":"way/1090004580"},"geometry":{"type":"LineString","coordinates":[[-110.98266,32.21771],[-110.98176,32.21739]]}},{"type":"Feature","properties":{"name":"South Scott Avenue","highway":"residential","osm":"way/1090004585"},"geometry":{"type":"LineString","coordinates":[[-110.96965,32.21924],[-110.96961,32.21848]]}},{"type":"Feature","properties":{"name":"West Ajo Way","highway":"primary","osm":"way/1090317370"},"geometry":{"type":"LineString","coordinates":[[-110.98528,32.17771],[-110.98473,32.17772]]}},{"type":"Feature","properties":{"name":"West Ajo Way","highway":"primary","osm":"way/1090317371"},"geometry":{"type":"LineString","coordinates":[[-110.9776,32.17781],[-110.97774,32.17781]]}},{"type":"Feature","properties":{"name":"South Railroad Avenue","highway":"residential","osm":"way/1090738432"},"geometry":{"type":"LineString","coordinates":[[-110.9647,32.20827],[-110.9647,32.20815]]}},{"type":"Feature","properties":{"name":null,"highway":"primary_link","osm":"way/1091731923"},"geometry":{"type":"LineString","coordinates":[[-110.94388,32.23366],[-110.94406,32.23384]]}},{"type":"Feature","properties":{"name":"East 12th Street","highway":"residential","osm":"way/1091989324"},"geometry":{"type":"LineString","coordinates":[[-110.96705,32.21988],[-110.96861,32.21988]]}},{"type":"Feature","properties":{"name":"Tucson–Benson Highway","highway":"motorway","osm":"way/1094493719"},"geometry":{"type":"LineString","coordinates":[[-110.95866,32.1847],[-110.96014,32.18512]]}},{"type":"Feature","properties":{"name":null,"highway":"primary_link","osm":"way/1094724655"},"geometry":{"type":"LineString","coordinates":[[-110.98604,32.16566],[-110.98619,32.16445]]}},{"type":"Feature","properties":{"name":"Tucson–Benson Highway","highway":"motorway","osm":"way/1094775312"},"geometry":{"type":"LineString","coordinates":[[-110.97481,32.1906],[-110.97596,32.19248]]}},{"type":"Feature","properties":{"name":"North Freeway","highway":"motorway","osm":"way/1095104948"},"geometry":{"type":"LineString","coordinates":[[-110.98235,32.22966],[-110.98248,32.23005]]}},{"type":"Feature","properties":{"name":"South Freeway","highway":"motorway","osm":"way/1095110708"},"geometry":{"type":"LineString","coordinates":[[-110.97974,32.21409],[-110.97973,32.21331]]}},{"type":"Feature","properties":{"name":"Tucson–Benson Highway","highway":"motorway","osm":"way/1095119496"},"geometry":{"type":"LineString","coordinates":[[-110.97296,32.18876],[-110.97357,32.18922]]}},{"type":"Feature","properties":{"name":null,"highway":"motorway_link","osm":"way/1096683874"},"geometry":{"type":"LineString","coordinates":[[-110.98493,32.23973],[-110.98618,32.24185]]}},{"type":"Feature","properties":{"name":null,"highway":"motorway_link","osm":"way/1096683875"},"geometry":{"type":"LineString","coordinates":[[-110.98443,32.23864],[-110.98493,32.23973]]}},{"type":"Feature","properties":{"name":"Nogales–Tucson Highway","highway":"motorway","osm":"way/1096932970"},"geometry":{"type":"LineString","coordinates":[[-110.98579,32.17067],[-110.98578,32.16818]]}},{"type":"Feature","properties":{"name":"Nogales–Tucson Highway","highway":"motorway","osm":"way/1096932971"},"geometry":{"type":"LineString","coordinates":[[-110.98576,32.17161],[-110.98579,32.17067]]}},{"type":"Feature","properties":{"name":"Tucson–Benson Highway","highway":"motorway","osm":"way/1098282468"},"geometry":{"type":"LineString","coordinates":[[-110.94799,32.1793],[-110.95092,32.18105]]}},{"type":"Feature","properties":{"name":"Tucson–Benson Highway","highway":"motorway","osm":"way/1098282469"},"geometry":{"type":"LineString","coordinates":[[-110.95092,32.18105],[-110.95209,32.1817]]}},{"type":"Feature","properties":{"name":"Tucson–Benson Highway","highway":"motorway","osm":"way/1098471131"},"geometry":{"type":"LineString","coordinates":[[-110.97284,32.18869],[-110.97296,32.18876]]}},{"type":"Feature","properties":{"name":"Tucson–Benson Highway","highway":"motorway","osm":"way/1098574973"},"geometry":{"type":"LineString","coordinates":[[-110.95135,32.18097],[-110.94922,32.17988]]}},{"type":"Feature","properties":{"name":"Tucson–Benson Highway","highway":"motorway","osm":"way/1098574974"},"geometry":{"type":"LineString","coordinates":[[-110.95218,32.18144],[-110.95135,32.18097]]}},{"type":"Feature","properties":{"name":"Nogales–Tucson Highway","highway":"motorway","osm":"way/1098798450"},"geometry":{"type":"LineString","coordinates":[[-110.98153,32.18944],[-110.98074,32.19069]]}},{"type":"Feature","properties":{"name":"Tucson–Benson Highway","highway":"motorway","osm":"way/1101012379"},"geometry":{"type":"LineString","coordinates":[[-110.94537,32.1777],[-110.94448,32.17721]]}},{"type":"Feature","properties":{"name":"Tucson–Benson Highway","highway":"motorway","osm":"way/1101012380"},"geometry":{"type":"LineString","coordinates":[[-110.94448,32.17721],[-110.94398,32.17693]]}},{"type":"Feature","properties":{"name":"East 8th Street","highway":"residential","osm":"way/1103761780"},"geometry":{"type":"LineString","coordinates":[[-110.95947,32.225],[-110.961,32.22499]]}},{"type":"Feature","properties":{"name":"North 3rd Avenue","highway":"residential","osm":"way/1103761781"},"geometry":{"type":"LineString","coordinates":[[-110.96403,32.22385],[-110.96405,32.22514]]}},{"type":"Feature","properties":{"name":"East 8th Street","highway":"residential","osm":"way/1103761782"},"geometry":{"type":"LineString","coordinates":[[-110.96405,32.22514],[-110.96558,32.22513]]}},{"type":"Feature","properties":{"name":"North Euclid Avenue","highway":"secondary","osm":"way/1106819566"},"geometry":{"type":"LineString","coordinates":[[-110.95947,32.22711],[-110.95947,32.22777]]}},{"type":"Feature","properties":{"name":"North Euclid Avenue","highway":"secondary","osm":"way/1109019277"},"geometry":{"type":"LineString","coordinates":[[-110.95948,32.22973],[-110.95948,32.23263]]}},{"type":"Feature","properties":{"name":"South Kino Parkway","highway":"primary","osm":"way/1109150424"},"geometry":{"type":"LineString","coordinates":[[-110.94455,32.18172],[-110.94455,32.18158]]}},{"type":"Feature","properties":{"name":null,"highway":"motorway_link","osm":"way/1109150425"},"geometry":{"type":"LineString","coordinates":[[-110.94454,32.18205],[-110.94461,32.18158]]}},{"type":"Feature","properties":{"name":null,"highway":"motorway_link","osm":"way/1109239044"},"geometry":{"type":"LineString","coordinates":[[-110.98614,32.18053],[-110.9862,32.1799]]}},{"type":"Feature","properties":{"name":null,"highway":"motorway_link","osm":"way/1109241619"},"geometry":{"type":"LineString","coordinates":[[-110.98519,32.1755],[-110.98511,32.17623]]}},{"type":"Feature","properties":{"name":"South Paseo Luna Blanca","highway":"residential","osm":"way/1110459082"},"geometry":{"type":"LineString","coordinates":[[-110.98442,32.20693],[-110.98443,32.20682]]}},{"type":"Feature","properties":{"name":"South Paseo Luna Blanca","highway":"residential","osm":"way/1110459084"},"geometry":{"type":"LineString","coordinates":[[-110.98443,32.20682],[-110.98444,32.2067]]}},{"type":"Feature","properties":{"name":"South Paseo Luna Blanca","highway":"residential","osm":"way/1110459088"},"geometry":{"type":"LineString","coordinates":[[-110.9843,32.20681],[-110.98429,32.20699]]}},{"type":"Feature","properties":{"name":"West 22nd Street","highway":"primary","osm":"way/1110459094"},"geometry":{"type":"LineString","coordinates":[[-110.97753,32.20676],[-110.97763,32.20676]]}},{"type":"Feature","properties":{"name":"South 10th Avenue","highway":"tertiary","osm":"way/1111979191"},"geometry":{"type":"LineString","coordinates":[[-110.97453,32.1914],[-110.97454,32.19128]]}},{"type":"Feature","properties":{"name":"West 37th Street","highway":"residential","osm":"way/1111979192"},"geometry":{"type":"LineString","coordinates":[[-110.97453,32.1914],[-110.975,32.1914]]}},{"type":"Feature","properties":{"name":"East 6th Street","highway":"secondary","osm":"way/1112902450"},"geometry":{"type":"LineString","coordinates":[[-110.96408,32.22774],[-110.96331,32.22775]]}},{"type":"Feature","properties":{"name":"East 6th Street","highway":"secondary","osm":"way/1112902451"},"geometry":{"type":"LineString","coordinates":[[-110.96201,32.22776],[-110.96331,32.22775]]}},{"type":"Feature","properties":{"name":"East 6th Street","highway":"secondary","osm":"way/1112902452"},"geometry":{"type":"LineString","coordinates":[[-110.96331,32.22775],[-110.96201,32.22776]]}},{"type":"Feature","properties":{"name":null,"highway":"unclassified","osm":"way/1113049564"},"geometry":{"type":"LineString","coordinates":[[-110.94499,32.18365],[-110.94455,32.1834]]}},{"type":"Feature","properties":{"name":null,"highway":"motorway_link","osm":"way/1113554710"},"geometry":{"type":"LineString","coordinates":[[-110.98432,32.23501],[-110.98374,32.233]]}},{"type":"Feature","properties":{"name":null,"highway":"motorway_link","osm":"way/1115226538"},"geometry":{"type":"LineString","coordinates":[[-110.97998,32.21686],[-110.97997,32.21672]]}},{"type":"Feature","properties":{"name":"West Carrillo Street","highway":"residential","osm":"way/1122010663"},"geometry":{"type":"LineString","coordinates":[[-110.97543,32.21411],[-110.97563,32.21409]]}},{"type":"Feature","properties":{"name":"East Ajo Way","highway":"primary","osm":"way/1125768638"},"geometry":{"type":"LineString","coordinates":[[-110.95632,32.17787],[-110.95846,32.1779]]}},{"type":"Feature","properties":{"name":"East Ajo Way","highway":"primary","osm":"way/1125768639"},"geometry":{"type":"LineString","coordinates":[[-110.95239,32.17791],[-110.95256,32.17791]]}},{"type":"Feature","properties":{"name":"South Park Avenue","highway":"secondary","osm":"way/1125768640"},"geometry":{"type":"LineString","coordinates":[[-110.95609,32.18143],[-110.95609,32.18161]]}},{"type":"Feature","properties":{"name":"East Benson Highway","highway":"secondary","osm":"way/1125768641"},"geometry":{"type":"LineString","coordinates":[[-110.95584,32.18137],[-110.95609,32.18161]]}},{"type":"Feature","properties":{"name":"East Evans Boulevard","highway":"unclassified","osm":"way/1125768642"},"geometry":{"type":"LineString","coordinates":[[-110.95635,32.18035],[-110.95615,32.18035]]}},{"type":"Feature","properties":{"name":"South Park Avenue","highway":"secondary","osm":"way/1125768643"},"geometry":{"type":"LineString","coordinates":[[-110.95635,32.1806],[-110.95635,32.18035]]}},{"type":"Feature","properties":{"name":"South Park Avenue","highway":"secondary","osm":"way/1125768644"},"geometry":{"type":"LineString","coordinates":[[-110.95635,32.18061],[-110.95635,32.1806]]}},{"type":"Feature","properties":{"name":"East Evans Boulevard","highway":"unclassified","osm":"way/1125768645"},"geometry":{"type":"LineString","coordinates":[[-110.95659,32.18037],[-110.95635,32.18035]]}},{"type":"Feature","properties":{"name":"East Evans Boulevard","highway":"unclassified","osm":"way/1125768646"},"geometry":{"type":"LineString","coordinates":[[-110.9566,32.18037],[-110.95659,32.18037]]}},{"type":"Feature","properties":{"name":null,"highway":"motorway_link","osm":"way/1135348553"},"geometry":{"type":"LineString","coordinates":[[-110.97926,32.21066],[-110.97939,32.21182]]}},{"type":"Feature","properties":{"name":"Tucson–Benson Highway","highway":"motorway","osm":"way/1137678805"},"geometry":{"type":"LineString","coordinates":[[-110.97352,32.18895],[-110.97304,32.1886]]}},{"type":"Feature","properties":{"name":"South Main Avenue","highway":"tertiary","osm":"way/1149755474"},"geometry":{"type":"LineString","coordinates":[[-110.97429,32.2133],[-110.9744,32.21202]]}},{"type":"Feature","properties":{"name":"West 17th Street","highway":"residential","osm":"way/1149755475"},"geometry":{"type":"LineString","coordinates":[[-110.97762,32.21329],[-110.97429,32.2133]]}},{"type":"Feature","properties":{"name":"South Stone Avenue","highway":"tertiary","osm":"way/1149755477"},"geometry":{"type":"LineString","coordinates":[[-110.97078,32.21909],[-110.97044,32.2172]]}},{"type":"Feature","properties":{"name":"South Stone Avenue","highway":"tertiary","osm":"way/1149755479"},"geometry":{"type":"LineString","coordinates":[[-110.96969,32.21334],[-110.96855,32.21204]]}},{"type":"Feature","properties":{"name":"Maclovio Barraza Parkway","highway":"primary","osm":"way/1152231104"},"geometry":{"type":"LineString","coordinates":[[-110.96228,32.22053],[-110.96191,32.22016]]}},{"type":"Feature","properties":{"name":"East Tucson Marketplace Boulevard","highway":"unclassified","osm":"way/1156184541"},"geometry":{"type":"LineString","coordinates":[[-110.9472,32.18487],[-110.94649,32.18507],[-110.94472,32.18506]]}},{"type":"Feature","properties":{"name":"North Freeway Road","highway":"primary","osm":"way/1160431791"},"geometry":{"type":"LineString","coordinates":[[-110.98473,32.23666],[-110.98461,32.2362]]}},{"type":"Feature","properties":{"name":"Maclovio Barraza Parkway","highway":"primary","osm":"way/1161468840"},"geometry":{"type":"LineString","coordinates":[[-110.96241,32.22065],[-110.96228,32.22053]]}},{"type":"Feature","properties":{"name":"North Campbell Avenue","highway":"primary","osm":"way/1163608779"},"geometry":{"type":"LineString","coordinates":[[-110.94409,32.23866],[-110.9441,32.23717]]}},{"type":"Feature","properties":{"name":"North Campbell Avenue","highway":"primary","osm":"way/1163608780"},"geometry":{"type":"LineString","coordinates":[[-110.9441,32.23698],[-110.94412,32.23651]]}},{"type":"Feature","properties":{"name":"North Campbell Avenue","highway":"primary","osm":"way/1163608781"},"geometry":{"type":"LineString","coordinates":[[-110.9441,32.23717],[-110.9441,32.23698]]}},{"type":"Feature","properties":{"name":"East Speedway Boulevard","highway":"primary","osm":"way/1163608782"},"geometry":{"type":"LineString","coordinates":[[-110.94413,32.23617],[-110.94437,32.23616]]}},{"type":"Feature","properties":{"name":"North Campbell Avenue","highway":"primary","osm":"way/1163608783"},"geometry":{"type":"LineString","coordinates":[[-110.94412,32.23651],[-110.94413,32.23617]]}},{"type":"Feature","properties":{"name":"North Campbell Avenue","highway":"primary","osm":"way/1163608784"},"geometry":{"type":"LineString","coordinates":[[-110.94413,32.23617],[-110.94413,32.236]]}},{"type":"Feature","properties":{"name":"East Speedway Boulevard","highway":"primary","osm":"way/1163608785"},"geometry":{"type":"LineString","coordinates":[[-110.94669,32.23596],[-110.94413,32.236]]}},{"type":"Feature","properties":{"name":"North Campbell Avenue","highway":"primary","osm":"way/1163608786"},"geometry":{"type":"LineString","coordinates":[[-110.94413,32.236],[-110.94409,32.23489]]}},{"type":"Feature","properties":{"name":null,"highway":"motorway_link","osm":"way/1163865792"},"geometry":{"type":"LineString","coordinates":[[-110.97979,32.22169],[-110.98042,32.22404]]}},{"type":"Feature","properties":{"name":"West Simpson Street","highway":"residential","osm":"way/1166150891"},"geometry":{"type":"LineString","coordinates":[[-110.97023,32.21609],[-110.97201,32.21599]]}},{"type":"Feature","properties":{"name":"South Convent Avenue","highway":"residential","osm":"way/1166150892"},"geometry":{"type":"LineString","coordinates":[[-110.97201,32.21599],[-110.97187,32.21501]]}},{"type":"Feature","properties":{"name":"South Meyer Avenue","highway":"residential","osm":"way/1166150893"},"geometry":{"type":"LineString","coordinates":[[-110.97334,32.21693],[-110.97315,32.21592]]}},{"type":"Feature","properties":{"name":"West Simpson Street","highway":"residential","osm":"way/1166150894"},"geometry":{"type":"LineString","coordinates":[[-110.97201,32.21599],[-110.97315,32.21592]]}},{"type":"Feature","properties":{"name":"East Broadway Boulevard","highway":"primary","osm":"way/1167102941"},"geometry":{"type":"LineString","coordinates":[[-110.96096,32.22123],[-110.96046,32.22128]]}},{"type":"Feature","properties":{"name":"East Broadway Boulevard","highway":"primary","osm":"way/1167102942"},"geometry":{"type":"LineString","coordinates":[[-110.96046,32.22128],[-110.96021,32.22129]]}},{"type":"Feature","properties":{"name":"North 9th Avenue","highway":"residential","osm":"way/1169747966"},"geometry":{"type":"LineString","coordinates":[[-110.97329,32.22892],[-110.97322,32.22846]]}},{"type":"Feature","properties":{"name":"East Benson Highway","highway":"secondary","osm":"way/1175245501"},"geometry":{"type":"LineString","coordinates":[[-110.95744,32.18276],[-110.95726,32.18259]]}},{"type":"Feature","properties":{"name":"Maclovio Barraza Parkway","highway":"primary","osm":"way/1177585046"},"geometry":{"type":"LineString","coordinates":[[-110.96194,32.22075],[-110.96214,32.22084]]}},{"type":"Feature","properties":{"name":"East Broadway Boulevard","highway":"primary","osm":"way/1177585871"},"geometry":{"type":"LineString","coordinates":[[-110.96214,32.22084],[-110.96241,32.22065]]}},{"type":"Feature","properties":{"name":"Maclovio Barraza Parkway","highway":"primary","osm":"way/1182966014"},"geometry":{"type":"LineString","coordinates":[[-110.96759,32.22482],[-110.96788,32.22511]]}},{"type":"Feature","properties":{"name":"Maclovio Barraza Parkway","highway":"primary","osm":"way/1182966015"},"geometry":{"type":"LineString","coordinates":[[-110.96359,32.22167],[-110.96241,32.22065]]}},{"type":"Feature","properties":{"name":"Maclovio Barraza Parkway","highway":"primary","osm":"way/1182966016"},"geometry":{"type":"LineString","coordinates":[[-110.96759,32.22482],[-110.96359,32.22167]]}},{"type":"Feature","properties":{"name":null,"highway":"unclassified","osm":"way/1182966021"},"geometry":{"type":"LineString","coordinates":[[-110.96722,32.22563],[-110.96709,32.22549],[-110.96722,32.22563]]}},{"type":"Feature","properties":{"name":"North 5th Avenue","highway":"residential","osm":"way/1182966022"},"geometry":{"type":"LineString","coordinates":[[-110.96713,32.22641],[-110.96717,32.22773]]}},{"type":"Feature","properties":{"name":"Maclovio Barraza Parkway","highway":"primary","osm":"way/1182966899"},"geometry":{"type":"LineString","coordinates":[[-110.97058,32.22799],[-110.97074,32.22778]]}},{"type":"Feature","properties":{"name":"Maclovio Barraza Parkway","highway":"primary","osm":"way/1182966901"},"geometry":{"type":"LineString","coordinates":[[-110.97044,32.22794],[-110.9704,32.22801]]}},{"type":"Feature","properties":{"name":"Maclovio Barraza Parkway","highway":"primary","osm":"way/1182966902"},"geometry":{"type":"LineString","coordinates":[[-110.97074,32.22778],[-110.97081,32.2273],[-110.97049,32.22678]]}},{"type":"Feature","properties":{"name":"East 6th Street","highway":"primary","osm":"way/1182966903"},"geometry":{"type":"LineString","coordinates":[[-110.97052,32.22807],[-110.97175,32.22833]]}},{"type":"Feature","properties":{"name":"West Davis Street","highway":"residential","osm":"way/1183872250"},"geometry":{"type":"LineString","coordinates":[[-110.97751,32.22965],[-110.97797,32.22989]]}},{"type":"Feature","properties":{"name":"North Anita Avenue","highway":"residential","osm":"way/1183872251"},"geometry":{"type":"LineString","coordinates":[[-110.97803,32.22917],[-110.97858,32.22907]]}},{"type":"Feature","properties":{"name":"South 10th Avenue","highway":"tertiary","osm":"way/1185648417"},"geometry":{"type":"LineString","coordinates":[[-110.97446,32.19039],[-110.97454,32.19128]]}},{"type":"Feature","properties":{"name":"South 10th Avenue","highway":"tertiary","osm":"way/1185648418"},"geometry":{"type":"LineString","coordinates":[[-110.97454,32.19128],[-110.97457,32.19055]]}},{"type":"Feature","properties":{"name":"West Cushing Street","highway":"tertiary","osm":"way/1185679178"},"geometry":{"type":"LineString","coordinates":[[-110.97776,32.21745],[-110.97784,32.21754]]}},{"type":"Feature","properties":{"name":"Tucson–Benson Highway","highway":"motorway","osm":"way/1188587198"},"geometry":{"type":"LineString","coordinates":[[-110.93877,32.17413],[-110.94038,32.17501]]}},{"type":"Feature","properties":{"name":"North Park Avenue","highway":"tertiary","osm":"way/1196692062"},"geometry":{"type":"LineString","coordinates":[[-110.95622,32.22777],[-110.95639,32.22806]]}},{"type":"Feature","properties":{"name":"East Benson Highway","highway":"secondary","osm":"way/1207112701"},"geometry":{"type":"LineString","coordinates":[[-110.93715,32.16435],[-110.94128,32.16697],[-110.94334,32.16889]]}},{"type":"Feature","properties":{"name":"Tucson–Benson Highway","highway":"motorway","osm":"way/1210661324"},"geometry":{"type":"LineString","coordinates":[[-110.97597,32.19213],[-110.97479,32.19025]]}},{"type":"Feature","properties":{"name":"North 5th Avenue","highway":"unclassified","osm":"way/1212718971"},"geometry":{"type":"LineString","coordinates":[[-110.96693,32.22512],[-110.96707,32.22538]]}},{"type":"Feature","properties":{"name":"North 5th Avenue","highway":"unclassified","osm":"way/1212718973"},"geometry":{"type":"LineString","coordinates":[[-110.96707,32.22538],[-110.96712,32.22547]]}},{"type":"Feature","properties":{"name":"North Fremont Avenue","highway":"unclassified","osm":"way/1213776013"},"geometry":{"type":"LineString","coordinates":[[-110.9553,32.23959],[-110.95531,32.24059]]}},{"type":"Feature","properties":{"name":null,"highway":"primary_link","osm":"way/1218607389"},"geometry":{"type":"LineString","coordinates":[[-110.9501,32.20799],[-110.95016,32.20769]]}},{"type":"Feature","properties":{"name":"East 22nd Street","highway":"primary_link","osm":"way/1218615189"},"geometry":{"type":"LineString","coordinates":[[-110.94565,32.20676],[-110.94375,32.20674]]}},{"type":"Feature","properties":{"name":null,"highway":"primary_link","osm":"way/1218615192"},"geometry":{"type":"LineString","coordinates":[[-110.93931,32.20702],[-110.93945,32.20717]]}},{"type":"Feature","properties":{"name":"South Santa Cruz Lane","highway":"unclassified","osm":"way/1222955935"},"geometry":{"type":"LineString","coordinates":[[-110.98632,32.19492],[-110.98632,32.1949]]}},{"type":"Feature","properties":{"name":"North Main Avenue","highway":"unclassified","osm":"way/1224393690"},"geometry":{"type":"LineString","coordinates":[[-110.97545,32.22294],[-110.97571,32.22381]]}},{"type":"Feature","properties":{"name":null,"highway":"primary_link","osm":"way/1224668181"},"geometry":{"type":"LineString","coordinates":[[-110.9858,32.17771],[-110.98596,32.17756]]}},{"type":"Feature","properties":{"name":"West Ajo Way","highway":"primary","osm":"way/1224668182"},"geometry":{"type":"LineString","coordinates":[[-110.9858,32.17771],[-110.98547,32.1777]]}},{"type":"Feature","properties":{"name":null,"highway":"motorway_link","osm":"way/1224668183"},"geometry":{"type":"LineString","coordinates":[[-110.98547,32.1777],[-110.98562,32.1778]]}},{"type":"Feature","properties":{"name":null,"highway":"primary","osm":"way/1224668184"},"geometry":{"type":"LineString","coordinates":[[-110.98547,32.1777],[-110.98528,32.17771]]}},{"type":"Feature","properties":{"name":null,"highway":"motorway_link","osm":"way/1224668185"},"geometry":{"type":"LineString","coordinates":[[-110.98573,32.17788],[-110.98562,32.1778]]}},{"type":"Feature","properties":{"name":null,"highway":"motorway_link","osm":"way/1224668186"},"geometry":{"type":"LineString","coordinates":[[-110.98547,32.17789],[-110.98527,32.17801]]}},{"type":"Feature","properties":{"name":"East Broadway Boulevard","highway":"primary","osm":"way/1225601160"},"geometry":{"type":"LineString","coordinates":[[-110.95768,32.22134],[-110.95393,32.22131]]}},{"type":"Feature","properties":{"name":"East Broadway Boulevard","highway":"primary","osm":"way/1225601161"},"geometry":{"type":"LineString","coordinates":[[-110.95393,32.22131],[-110.95324,32.22132]]}},{"type":"Feature","properties":{"name":"East Broadway Boulevard","highway":"primary","osm":"way/1225601162"},"geometry":{"type":"LineString","coordinates":[[-110.95325,32.22146],[-110.95768,32.2215]]}},{"type":"Feature","properties":{"name":"East Broadway Boulevard","highway":"primary","osm":"way/1225601163"},"geometry":{"type":"LineString","coordinates":[[-110.9525,32.22146],[-110.95325,32.22146]]}},{"type":"Feature","properties":{"name":"East Broadway Boulevard","highway":"primary","osm":"way/1225601164"},"geometry":{"type":"LineString","coordinates":[[-110.95324,32.22132],[-110.95175,32.22134]]}},{"type":"Feature","properties":{"name":"East Broadway Boulevard","highway":"primary","osm":"way/1225601165"},"geometry":{"type":"LineString","coordinates":[[-110.95175,32.22134],[-110.951,32.22135]]}},{"type":"Feature","properties":{"name":"East Broadway Boulevard","highway":"primary","osm":"way/1225601166"},"geometry":{"type":"LineString","coordinates":[[-110.951,32.22149],[-110.9525,32.22146]]}},{"type":"Feature","properties":{"name":"East Broadway Boulevard","highway":"primary","osm":"way/1225601167"},"geometry":{"type":"LineString","coordinates":[[-110.95031,32.22151],[-110.951,32.22149]]}},{"type":"Feature","properties":{"name":"East Broadway Boulevard","highway":"primary","osm":"way/1225601168"},"geometry":{"type":"LineString","coordinates":[[-110.94951,32.22152],[-110.95031,32.22151]]}},{"type":"Feature","properties":{"name":"East Broadway Boulevard","highway":"primary","osm":"way/1225601169"},"geometry":{"type":"LineString","coordinates":[[-110.94881,32.22152],[-110.94951,32.22152]]}},{"type":"Feature","properties":{"name":"East Broadway Boulevard","highway":"primary","osm":"way/1225601170"},"geometry":{"type":"LineString","coordinates":[[-110.951,32.22135],[-110.94951,32.22138]]}},{"type":"Feature","properties":{"name":"East Broadway Boulevard","highway":"primary","osm":"way/1225601171"},"geometry":{"type":"LineString","coordinates":[[-110.94891,32.22138],[-110.94806,32.22139]]}},{"type":"Feature","properties":{"name":"East Broadway Boulevard","highway":"primary","osm":"way/1225601172"},"geometry":{"type":"LineString","coordinates":[[-110.94807,32.22152],[-110.94881,32.22152]]}},{"type":"Feature","properties":{"name":"East Broadway Boulevard","highway":"primary","osm":"way/1225601173"},"geometry":{"type":"LineString","coordinates":[[-110.94734,32.22153],[-110.94807,32.22152]]}},{"type":"Feature","properties":{"name":"North Stone Avenue","highway":"tertiary","osm":"way/1230958993"},"geometry":{"type":"LineString","coordinates":[[-110.97175,32.2282],[-110.97175,32.2277]]}},{"type":"Feature","properties":{"name":"East Congress Street","highway":"primary","osm":"way/1233788964"},"geometry":{"type":"LineString","coordinates":[[-110.96578,32.22191],[-110.96591,32.22201]]}},{"type":"Feature","properties":{"name":"South 6th Avenue","highway":"secondary","osm":"way/1233788965"},"geometry":{"type":"LineString","coordinates":[[-110.96861,32.22032],[-110.96861,32.21988]]}},{"type":"Feature","properties":{"name":"South Scott Avenue","highway":"unclassified","osm":"way/1233788966"},"geometry":{"type":"LineString","coordinates":[[-110.96967,32.21986],[-110.96965,32.21924]]}},{"type":"Feature","properties":{"name":"South Linda Avenue","highway":"residential","osm":"way/1239501240"},"geometry":{"type":"LineString","coordinates":[[-110.98394,32.21957],[-110.98388,32.22009]]}},{"type":"Feature","properties":{"name":"East Broadway Boulevard","highway":"primary","osm":"way/1246960086"},"geometry":{"type":"LineString","coordinates":[[-110.94517,32.22147],[-110.94734,32.22153]]}},{"type":"Feature","properties":{"name":"South Cherry Avenue","highway":"residential","osm":"way/1252090869"},"geometry":{"type":"LineString","coordinates":[[-110.9477,32.16981],[-110.94767,32.16854]]}},{"type":"Feature","properties":{"name":"East Ohio Street","highway":"residential","osm":"way/1252090870"},"geometry":{"type":"LineString","coordinates":[[-110.94761,32.16847],[-110.94712,32.16834],[-110.94595,32.16719]]}},{"type":"Feature","properties":{"name":null,"highway":"residential","osm":"way/1252090871"},"geometry":{"type":"LineString","coordinates":[[-110.94776,32.16849],[-110.94776,32.16849]]}},{"type":"Feature","properties":{"name":"South Cherry Avenue","highway":"residential","osm":"way/1252090872"},"geometry":{"type":"LineString","coordinates":[[-110.94771,32.17058],[-110.94769,32.16995]]}},{"type":"Feature","properties":{"name":null,"highway":"residential","osm":"way/1252090873"},"geometry":{"type":"LineString","coordinates":[[-110.94776,32.16985],[-110.94761,32.16991],[-110.94776,32.16985]]}},{"type":"Feature","properties":{"name":null,"highway":"unclassified","osm":"way/1252107880"},"geometry":{"type":"LineString","coordinates":[[-110.9595,32.18725],[-110.95924,32.18716],[-110.9595,32.18725]]}},{"type":"Feature","properties":{"name":"North Stone Avenue","highway":"secondary","osm":"way/1254669001"},"geometry":{"type":"LineString","coordinates":[[-110.97175,32.22833],[-110.97175,32.2282]]}},{"type":"Feature","properties":{"name":"North Stone Avenue","highway":"tertiary","osm":"way/1255062030"},"geometry":{"type":"LineString","coordinates":[[-110.97173,32.2264],[-110.97176,32.22629]]}},{"type":"Feature","properties":{"name":"West 44th Street","highway":"tertiary","osm":"way/1257264092"},"geometry":{"type":"LineString","coordinates":[[-110.97378,32.18506],[-110.97588,32.18506],[-110.97619,32.18525]]}},{"type":"Feature","properties":{"name":"South Belmar Avenue","highway":"residential","osm":"way/1257264093"},"geometry":{"type":"LineString","coordinates":[[-110.97274,32.18599],[-110.97273,32.18506]]}},{"type":"Feature","properties":{"name":"West 44th Street","highway":"tertiary","osm":"way/1257264094"},"geometry":{"type":"LineString","coordinates":[[-110.97273,32.18506],[-110.97378,32.18506]]}},{"type":"Feature","properties":{"name":"West 42nd Street","highway":"residential","osm":"way/1257264095"},"geometry":{"type":"LineString","coordinates":[[-110.97453,32.18684],[-110.97598,32.18683]]}},{"type":"Feature","properties":{"name":"South 10th Avenue","highway":"tertiary","osm":"way/1257264096"},"geometry":{"type":"LineString","coordinates":[[-110.9745,32.18797],[-110.97453,32.18684]]}},{"type":"Feature","properties":{"name":"West 43rd Street","highway":"residential","osm":"way/1257264097"},"geometry":{"type":"LineString","coordinates":[[-110.97225,32.18599],[-110.97274,32.18599]]}},{"type":"Feature","properties":{"name":"South Belmar Avenue","highway":"residential","osm":"way/1257264098"},"geometry":{"type":"LineString","coordinates":[[-110.97277,32.18648],[-110.97274,32.18599]]}},{"type":"Feature","properties":{"name":"West Veterans Boulevard","highway":"residential","osm":"way/1257264099"},"geometry":{"type":"LineString","coordinates":[[-110.97382,32.18144],[-110.97758,32.18144]]}},{"type":"Feature","properties":{"name":"South Liberty Avenue","highway":"residential","osm":"way/1257264100"},"geometry":{"type":"LineString","coordinates":[[-110.97378,32.18506],[-110.97377,32.18147]]}},{"type":"Feature","properties":{"name":null,"highway":"residential","osm":"way/1257264101"},"geometry":{"type":"LineString","coordinates":[[-110.97382,32.18142],[-110.97382,32.18142]]}},{"type":"Feature","properties":{"name":"South Liberty Avenue","highway":"residential","osm":"way/1257264134"},"geometry":{"type":"LineString","coordinates":[[-110.97376,32.17216],[-110.97375,32.17046]]}},{"type":"Feature","properties":{"name":"West Michigan Drive","highway":"residential","osm":"way/1257264135"},"geometry":{"type":"LineString","coordinates":[[-110.9738,32.17042],[-110.97714,32.1704]]}},{"type":"Feature","properties":{"name":null,"highway":"residential","osm":"way/1257264136"},"geometry":{"type":"LineString","coordinates":[[-110.97379,32.17044],[-110.97379,32.17044]]}},{"type":"Feature","properties":{"name":null,"highway":"primary_link","osm":"way/1259551894"},"geometry":{"type":"LineString","coordinates":[[-110.98922,32.17767],[-110.98972,32.17777]]}},{"type":"Feature","properties":{"name":"East Elm Street","highway":"tertiary","osm":"way/1259552727"},"geometry":{"type":"LineString","coordinates":[[-110.94313,32.24269],[-110.94412,32.24277]]}},{"type":"Feature","properties":{"name":null,"highway":"motorway_link","osm":"way/1262012819"},"geometry":{"type":"LineString","coordinates":[[-110.98502,32.17841],[-110.98516,32.1806]]}},{"type":"Feature","properties":{"name":null,"highway":"motorway_link","osm":"way/1262013002"},"geometry":{"type":"LineString","coordinates":[[-110.9862,32.1799],[-110.98624,32.1785]]}},{"type":"Feature","properties":{"name":null,"highway":"motorway_link","osm":"way/1262013617"},"geometry":{"type":"LineString","coordinates":[[-110.98511,32.17623],[-110.98503,32.17711]]}},{"type":"Feature","properties":{"name":"North Euclid Avenue","highway":"secondary","osm":"way/1280135101"},"geometry":{"type":"LineString","coordinates":[[-110.95948,32.23294],[-110.95948,32.23299]]}},{"type":"Feature","properties":{"name":"North Euclid Avenue","highway":"secondary","osm":"way/1280135102"},"geometry":{"type":"LineString","coordinates":[[-110.95948,32.23263],[-110.95948,32.23294]]}},{"type":"Feature","properties":{"name":null,"highway":"residential","osm":"way/1280135104"},"geometry":{"type":"LineString","coordinates":[[-110.95964,32.233],[-110.95948,32.23294]]}},{"type":"Feature","properties":{"name":"North Euclid Avenue","highway":"secondary","osm":"way/1280135105"},"geometry":{"type":"LineString","coordinates":[[-110.95948,32.23306],[-110.95949,32.23594]]}},{"type":"Feature","properties":{"name":"South Norris Avenue","highway":"residential","osm":"way/1297345397"},"geometry":{"type":"LineString","coordinates":[[-110.9424,32.22156],[-110.9424,32.22147]]}},{"type":"Feature","properties":{"name":"East Broadway Boulevard","highway":"primary","osm":"way/1297345398"},"geometry":{"type":"LineString","coordinates":[[-110.9424,32.22147],[-110.93427,32.22153]]}},{"type":"Feature","properties":{"name":"North Norris Avenue","highway":"residential","osm":"way/1297345399"},"geometry":{"type":"LineString","coordinates":[[-110.9424,32.22164],[-110.94241,32.22187]]}},{"type":"Feature","properties":{"name":"East Broadway Boulevard","highway":"primary","osm":"way/1297345400"},"geometry":{"type":"LineString","coordinates":[[-110.94282,32.22163],[-110.94384,32.22158]]}},{"type":"Feature","properties":{"name":"South Norris Avenue","highway":"unclassified","osm":"way/1297345401"},"geometry":{"type":"LineString","coordinates":[[-110.9424,32.22132],[-110.94237,32.21666]]}},{"type":"Feature","properties":{"name":"East 6th Street","highway":"secondary","osm":"way/1297373316"},"geometry":{"type":"LineString","coordinates":[[-110.95642,32.22777],[-110.95632,32.22777]]}},{"type":"Feature","properties":{"name":"East 13th Street","highway":"residential","osm":"way/1298212884"},"geometry":{"type":"LineString","coordinates":[[-110.96961,32.21857],[-110.9686,32.21858]]}},{"type":"Feature","properties":{"name":"East Tucson Marketplace Boulevard","highway":"unclassified","osm":"way/1313539299"},"geometry":{"type":"LineString","coordinates":[[-110.94899,32.18283],[-110.94895,32.18278]]}},{"type":"Feature","properties":{"name":null,"highway":"unclassified","osm":"way/1313539300"},"geometry":{"type":"LineString","coordinates":[[-110.94874,32.18299],[-110.94895,32.18273],[-110.94862,32.18254],[-110.94842,32.18281],[-110.94874,32.18299]]}},{"type":"Feature","properties":{"name":"West 6th Street","highway":"primary","osm":"way/1340407803"},"geometry":{"type":"LineString","coordinates":[[-110.97195,32.22833],[-110.97341,32.2283],[-110.97537,32.22776],[-110.97676,32.22773]]}},{"type":"Feature","properties":{"name":"West 6th Street","highway":"primary","osm":"way/1340407804"},"geometry":{"type":"LineString","coordinates":[[-110.97583,32.22765],[-110.97339,32.22821],[-110.97194,32.2282]]}},{"type":"Feature","properties":{"name":"West 6th Street","highway":"primary","osm":"way/1340407806"},"geometry":{"type":"LineString","coordinates":[[-110.9779,32.22763],[-110.97583,32.22765]]}},{"type":"Feature","properties":{"name":"West 6th Street","highway":"primary","osm":"way/1340407807"},"geometry":{"type":"LineString","coordinates":[[-110.97814,32.22765],[-110.9779,32.22763]]}},{"type":"Feature","properties":{"name":"West 6th Street","highway":"tertiary","osm":"way/1340407808"},"geometry":{"type":"LineString","coordinates":[[-110.97583,32.22765],[-110.97529,32.22762]]}},{"type":"Feature","properties":{"name":"East 7th Street","highway":"residential","osm":"way/1340859570"},"geometry":{"type":"LineString","coordinates":[[-110.96867,32.2264],[-110.96941,32.2264]]}},{"type":"Feature","properties":{"name":"Nogales–Tucson Highway","highway":"motorway","osm":"way/1341770951"},"geometry":{"type":"LineString","coordinates":[[-110.98575,32.17188],[-110.98576,32.17161]]}},{"type":"Feature","properties":{"name":"East University Boulevard","highway":"unclassified","osm":"way/1354063486"},"geometry":{"type":"LineString","coordinates":[[-110.94476,32.23174],[-110.94405,32.23176]]}},{"type":"Feature","properties":{"name":"South Campus Drive","highway":"unclassified","osm":"way/1361378946"},"geometry":{"type":"LineString","coordinates":[[-110.9539,32.23079],[-110.95405,32.23071]]}},{"type":"Feature","properties":{"name":"East 6th Street","highway":"secondary","osm":"way/1366225367"},"geometry":{"type":"LineString","coordinates":[[-110.9523,32.22778],[-110.94725,32.22784]]}},{"type":"Feature","properties":{"name":"East 6th Street","highway":"secondary","osm":"way/1366225368"},"geometry":{"type":"LineString","coordinates":[[-110.95267,32.22778],[-110.9523,32.22778]]}},{"type":"Feature","properties":{"name":"East Broadway Boulevard","highway":"primary","osm":"way/1367647196"},"geometry":{"type":"LineString","coordinates":[[-110.94951,32.22138],[-110.94891,32.22138]]}},{"type":"Feature","properties":{"name":"North Vine Avenue","highway":"residential","osm":"way/1367647197"},"geometry":{"type":"LineString","coordinates":[[-110.94951,32.22152],[-110.94953,32.22502]]}},{"type":"Feature","properties":{"name":"South Vine Avenue","highway":"residential","osm":"way/1367647198"},"geometry":{"type":"LineString","coordinates":[[-110.94951,32.2212],[-110.94949,32.21779]]}},{"type":"Feature","properties":{"name":"West Speedway Boulevard","highway":"primary","osm":"way/1368044974"},"geometry":{"type":"LineString","coordinates":[[-110.97182,32.236],[-110.97389,32.23602]]}},{"type":"Feature","properties":{"name":"West Speedway Boulevard","highway":"primary","osm":"way/1368044975"},"geometry":{"type":"LineString","coordinates":[[-110.97389,32.23602],[-110.97409,32.23602]]}},{"type":"Feature","properties":{"name":"Ring Road","highway":"unclassified","osm":"way/1368280734"},"geometry":{"type":"LineString","coordinates":[[-110.94511,32.2428],[-110.94503,32.2429]]}},{"type":"Feature","properties":{"name":"East Benson Highway","highway":"secondary","osm":"way/1368284006"},"geometry":{"type":"LineString","coordinates":[[-110.95635,32.18506],[-110.95872,32.18508],[-110.9612,32.18568]]}},{"type":"Feature","properties":{"name":"Maclovio Barraza Parkway","highway":"primary","osm":"way/1368286988"},"geometry":{"type":"LineString","coordinates":[[-110.97039,32.22684],[-110.97069,32.2274],[-110.97044,32.22794]]}},{"type":"Feature","properties":{"name":"North 7th Avenue","highway":"unclassified","osm":"way/1368286989"},"geometry":{"type":"LineString","coordinates":[[-110.97039,32.22684],[-110.97021,32.22703]]}},{"type":"Feature","properties":{"name":"North 7th Avenue","highway":"unclassified","osm":"way/1368286990"},"geometry":{"type":"LineString","coordinates":[[-110.97021,32.22713],[-110.97021,32.22789]]}},{"type":"Feature","properties":{"name":"North 7th Avenue","highway":"unclassified","osm":"way/1368286991"},"geometry":{"type":"LineString","coordinates":[[-110.97021,32.22703],[-110.97021,32.22713]]}},{"type":"Feature","properties":{"name":"Maclovio Barraza Parkway","highway":"primary","osm":"way/1368286992"},"geometry":{"type":"LineString","coordinates":[[-110.97049,32.22678],[-110.96881,32.22571]]}},{"type":"Feature","properties":{"name":"North Mountain Avenue","highway":"tertiary","osm":"way/1368613566"},"geometry":{"type":"LineString","coordinates":[[-110.95245,32.23732],[-110.95253,32.24988]]}},{"type":"Feature","properties":{"name":"East Helen Street","highway":"unclassified","osm":"way/1368613567"},"geometry":{"type":"LineString","coordinates":[[-110.95245,32.23732],[-110.95103,32.23733]]}},{"type":"Feature","properties":{"name":"South Park Avenue","highway":"secondary","osm":"way/1369035487"},"geometry":{"type":"LineString","coordinates":[[-110.95624,32.19241],[-110.95642,32.19139]]}},{"type":"Feature","properties":{"name":"South Park Avenue","highway":"secondary","osm":"way/1369035488"},"geometry":{"type":"LineString","coordinates":[[-110.95626,32.19138],[-110.95624,32.19241]]}},{"type":"Feature","properties":{"name":"East 37th Street","highway":"residential","osm":"way/1369035489"},"geometry":{"type":"LineString","coordinates":[[-110.95642,32.19139],[-110.95626,32.19138]]}},{"type":"Feature","properties":{"name":"North Campbell Avenue","highway":"primary","osm":"way/1369494962"},"geometry":{"type":"LineString","coordinates":[[-110.94406,32.22238],[-110.94408,32.22157]]}},{"type":"Feature","properties":{"name":"South Campbell Avenue","highway":"primary","osm":"way/1369494963"},"geometry":{"type":"LineString","coordinates":[[-110.94408,32.22157],[-110.94408,32.2214]]}},{"type":"Feature","properties":{"name":"South Campbell Avenue","highway":"primary","osm":"way/1369494964"},"geometry":{"type":"LineString","coordinates":[[-110.94384,32.22064],[-110.94384,32.22141]]}},{"type":"Feature","properties":{"name":"South Campbell Avenue","highway":"primary","osm":"way/1369494965"},"geometry":{"type":"LineString","coordinates":[[-110.94384,32.22141],[-110.94384,32.22158]]}},{"type":"Feature","properties":{"name":"East Broadway Boulevard","highway":"primary","osm":"way/1369494966"},"geometry":{"type":"LineString","coordinates":[[-110.94384,32.22158],[-110.94408,32.22157]]}},{"type":"Feature","properties":{"name":"East Broadway Boulevard","highway":"primary","osm":"way/1369494967"},"geometry":{"type":"LineString","coordinates":[[-110.9424,32.22164],[-110.94282,32.22163]]}},{"type":"Feature","properties":{"name":"East Broadway Boulevard","highway":"primary","osm":"way/1369494968"},"geometry":{"type":"LineString","coordinates":[[-110.94408,32.22157],[-110.94517,32.22147]]}},{"type":"Feature","properties":{"name":"East Broadway Boulevard","highway":"primary","osm":"way/1369494969"},"geometry":{"type":"LineString","coordinates":[[-110.94499,32.22132],[-110.94408,32.2214]]}},{"type":"Feature","properties":{"name":"East Broadway Boulevard","highway":"primary","osm":"way/1369494970"},"geometry":{"type":"LineString","coordinates":[[-110.94408,32.2214],[-110.94384,32.22141]]}},{"type":"Feature","properties":{"name":"East Broadway Boulevard","highway":"primary","osm":"way/1369494971"},"geometry":{"type":"LineString","coordinates":[[-110.94384,32.22141],[-110.9424,32.22147]]}},{"type":"Feature","properties":{"name":"West Saint Mary's Road","highway":"primary","osm":"way/1369554214"},"geometry":{"type":"LineString","coordinates":[[-110.97927,32.22822],[-110.97997,32.22859]]}},{"type":"Feature","properties":{"name":"West Saint Mary's Road","highway":"primary","osm":"way/1369554215"},"geometry":{"type":"LineString","coordinates":[[-110.97923,32.22821],[-110.97927,32.22822]]}},{"type":"Feature","properties":{"name":"West Saint Mary's Road","highway":"primary","osm":"way/1369554216"},"geometry":{"type":"LineString","coordinates":[[-110.97934,32.22812],[-110.97891,32.22789]]}},{"type":"Feature","properties":{"name":"North Hughes Street","highway":"residential","osm":"way/1369625168"},"geometry":{"type":"LineString","coordinates":[[-110.98094,32.22911],[-110.98032,32.2304]]}},{"type":"Feature","properties":{"name":"West Ajo Way","highway":"primary","osm":"way/1369635703"},"geometry":{"type":"LineString","coordinates":[[-110.98972,32.17768],[-110.98922,32.17767]]}},{"type":"Feature","properties":{"name":"East University Boulevard","highway":"tertiary","osm":"way/1371330427"},"geometry":{"type":"LineString","coordinates":[[-110.95948,32.23169],[-110.95847,32.23169]]}},{"type":"Feature","properties":{"name":"South Cherry Avenue","highway":"tertiary","osm":"way/1371332521"},"geometry":{"type":"LineString","coordinates":[[-110.94798,32.20824],[-110.94801,32.20701]]}},{"type":"Feature","properties":{"name":"West Cushing Street","highway":"tertiary","osm":"way/1371332522"},"geometry":{"type":"LineString","coordinates":[[-110.97903,32.21725],[-110.98018,32.21722]]}},{"type":"Feature","properties":{"name":"West Cushing Street","highway":"tertiary","osm":"way/1371332523"},"geometry":{"type":"LineString","coordinates":[[-110.98017,32.21714],[-110.97903,32.21714]]}},{"type":"Feature","properties":{"name":"North Court Avenue","highway":"residential","osm":"way/1375845896"},"geometry":{"type":"LineString","coordinates":[[-110.97371,32.22359],[-110.97401,32.22454]]}},{"type":"Feature","properties":{"name":"West Washington Street","highway":"residential","osm":"way/1375845897"},"geometry":{"type":"LineString","coordinates":[[-110.97468,32.22441],[-110.97401,32.22454]]}},{"type":"Feature","properties":{"name":"South Euclid Avenue","highway":"secondary","osm":"way/1386981971"},"geometry":{"type":"LineString","coordinates":[[-110.95945,32.22129],[-110.95944,32.22082]]}},{"type":"Feature","properties":{"name":"West Speedway Boulevard","highway":"primary","osm":"way/1387052010"},"geometry":{"type":"LineString","coordinates":[[-110.97268,32.23586],[-110.97182,32.23584]]}},{"type":"Feature","properties":{"name":"East 12th Street","highway":"unclassified","osm":"way/1387107942"},"geometry":{"type":"LineString","coordinates":[[-110.96006,32.21985],[-110.95946,32.21992]]}},{"type":"Feature","properties":{"name":"South Euclid Avenue","highway":"secondary","osm":"way/1387107943"},"geometry":{"type":"LineString","coordinates":[[-110.95946,32.21992],[-110.95946,32.21949]]}},{"type":"Feature","properties":{"name":"East Speedway Boulevard","highway":"primary","osm":"way/1387150238"},"geometry":{"type":"LineString","coordinates":[[-110.9346,32.23618],[-110.93531,32.23618]]}},{"type":"Feature","properties":{"name":"South Campbell Avenue","highway":"primary","osm":"way/1387151453"},"geometry":{"type":"LineString","coordinates":[[-110.94352,32.17074],[-110.94353,32.16991]]}},{"type":"Feature","properties":{"name":"East Speedway Boulevard","highway":"primary","osm":"way/1387152685"},"geometry":{"type":"LineString","coordinates":[[-110.9353,32.23601],[-110.9339,32.23601]]}},{"type":"Feature","properties":{"name":"West Speedway Boulevard","highway":"primary","osm":"way/1387162220"},"geometry":{"type":"LineString","coordinates":[[-110.97732,32.23592],[-110.97793,32.23592]]}},{"type":"Feature","properties":{"name":"West Speedway Boulevard","highway":"primary","osm":"way/1387162221"},"geometry":{"type":"LineString","coordinates":[[-110.97698,32.23593],[-110.97732,32.23592]]}},{"type":"Feature","properties":{"name":"North Campbell Avenue","highway":"primary","osm":"way/1387276864"},"geometry":{"type":"LineString","coordinates":[[-110.94386,32.23564],[-110.94386,32.23599]]}},{"type":"Feature","properties":{"name":"North Campbell Avenue","highway":"primary","osm":"way/1387276865"},"geometry":{"type":"LineString","coordinates":[[-110.94388,32.2351],[-110.94388,32.23521]]}},{"type":"Feature","properties":{"name":"North Campbell Avenue","highway":"primary","osm":"way/1387276866"},"geometry":{"type":"LineString","coordinates":[[-110.94388,32.23521],[-110.94386,32.23564]]}},{"type":"Feature","properties":{"name":"North Campbell Avenue","highway":"primary","osm":"way/1387276867"},"geometry":{"type":"LineString","coordinates":[[-110.94386,32.23599],[-110.94387,32.23617]]}},{"type":"Feature","properties":{"name":"East Aviation Parkway","highway":"primary","osm":"way/1387278112"},"geometry":{"type":"LineString","coordinates":[[-110.96092,32.22014],[-110.96123,32.22041]]}},{"type":"Feature","properties":{"name":"East Aviation Parkway","highway":"primary","osm":"way/1387278113"},"geometry":{"type":"LineString","coordinates":[[-110.96029,32.21953],[-110.96092,32.22014]]}},{"type":"Feature","properties":{"name":"West Speedway Boulevard","highway":"primary","osm":"way/1387401756"},"geometry":{"type":"LineString","coordinates":[[-110.97892,32.23577],[-110.97793,32.23576]]}},{"type":"Feature","properties":{"name":"South Kino Parkway","highway":"primary","osm":"way/1387764096"},"geometry":{"type":"LineString","coordinates":[[-110.94397,32.17309],[-110.94374,32.17243]]}},{"type":"Feature","properties":{"name":"South Kino Parkway","highway":"primary","osm":"way/1387955066"},"geometry":{"type":"LineString","coordinates":[[-110.94434,32.18463],[-110.94434,32.18505]]}},{"type":"Feature","properties":{"name":"North Stone Avenue","highway":"secondary","osm":"way/1388187933"},"geometry":{"type":"LineString","coordinates":[[-110.97185,32.23948],[-110.97185,32.23993]]}},{"type":"Feature","properties":{"name":"North Stone Avenue","highway":"secondary","osm":"way/1388206809"},"geometry":{"type":"LineString","coordinates":[[-110.97184,32.23825],[-110.97185,32.239]]}},{"type":"Feature","properties":{"name":"North Stone Avenue","highway":"secondary","osm":"way/1388206810"},"geometry":{"type":"LineString","coordinates":[[-110.97184,32.2378],[-110.97184,32.23825]]}},{"type":"Feature","properties":{"name":"North Stone Avenue","highway":"secondary","osm":"way/1388209417"},"geometry":{"type":"LineString","coordinates":[[-110.97185,32.239],[-110.97185,32.23948]]}},{"type":"Feature","properties":{"name":"North Stone Avenue","highway":"secondary","osm":"way/1388213897"},"geometry":{"type":"LineString","coordinates":[[-110.97183,32.23719],[-110.97184,32.2378]]}},{"type":"Feature","properties":{"name":"North Stone Avenue","highway":"secondary","osm":"way/1388213898"},"geometry":{"type":"LineString","coordinates":[[-110.97183,32.2368],[-110.97183,32.23719]]}},{"type":"Feature","properties":{"name":"East Ajo Way","highway":"primary","osm":"way/1388707565"},"geometry":{"type":"LineString","coordinates":[[-110.95256,32.17791],[-110.95345,32.17789]]}},{"type":"Feature","properties":{"name":"East Ajo Way","highway":"primary","osm":"way/1388767477"},"geometry":{"type":"LineString","coordinates":[[-110.95195,32.17792],[-110.95239,32.17791]]}},{"type":"Feature","properties":{"name":"North Granada Avenue","highway":"secondary","osm":"way/1389459266"},"geometry":{"type":"LineString","coordinates":[[-110.97813,32.22777],[-110.97809,32.22828]]}},{"type":"Feature","properties":{"name":"East Ajo Way","highway":"primary","osm":"way/1389718689"},"geometry":{"type":"LineString","coordinates":[[-110.95345,32.17789],[-110.95574,32.17788]]}},{"type":"Feature","properties":{"name":"East Ajo Way","highway":"primary","osm":"way/1389718690"},"geometry":{"type":"LineString","coordinates":[[-110.95574,32.17788],[-110.95632,32.17787]]}},{"type":"Feature","properties":{"name":"South Park Avenue","highway":"secondary","osm":"way/1389718691"},"geometry":{"type":"LineString","coordinates":[[-110.95632,32.17787],[-110.95632,32.17771]]}},{"type":"Feature","properties":{"name":"West Saint Mary's Road","highway":"primary","osm":"way/1390700256"},"geometry":{"type":"LineString","coordinates":[[-110.97891,32.22789],[-110.9788,32.22784]]}},{"type":"Feature","properties":{"name":"North Granada Avenue","highway":"secondary","osm":"way/1391439902"},"geometry":{"type":"LineString","coordinates":[[-110.97814,32.22765],[-110.9779,32.22656]]}},{"type":"Feature","properties":{"name":"West Ajo Way","highway":"primary","osm":"way/1396481634"},"geometry":{"type":"LineString","coordinates":[[-110.9838,32.17792],[-110.98463,32.17791]]}},{"type":"Feature","properties":{"name":"West Ajo Way","highway":"primary","osm":"way/1396481635"},"geometry":{"type":"LineString","coordinates":[[-110.98352,32.17792],[-110.9838,32.17792]]}},{"type":"Feature","properties":{"name":"East Ajo Way","highway":"primary","osm":"way/1411114011"},"geometry":{"type":"LineString","coordinates":[[-110.96736,32.17785],[-110.96828,32.17784]]}},{"type":"Feature","properties":{"name":"East Benson Highway","highway":"secondary","osm":"way/1414607981"},"geometry":{"type":"LineString","coordinates":[[-110.95726,32.18259],[-110.95715,32.18247]]}},{"type":"Feature","properties":{"name":"East Benson Highway","highway":"secondary","osm":"way/1414607982"},"geometry":{"type":"LineString","coordinates":[[-110.95634,32.18169],[-110.95609,32.18143]]}},{"type":"Feature","properties":{"name":"North Tucson Boulevard","highway":"secondary","osm":"way/1433081684"},"geometry":{"type":"LineString","coordinates":[[-110.9353,32.2357],[-110.9353,32.23601]]}},{"type":"Feature","properties":{"name":"North Tucson Boulevard","highway":"secondary","osm":"way/1433081685"},"geometry":{"type":"LineString","coordinates":[[-110.9353,32.23541],[-110.9353,32.2357]]}},{"type":"Feature","properties":{"name":null,"highway":"motorway_link","osm":"way/1433245025"},"geometry":{"type":"LineString","coordinates":[[-110.94526,32.17519],[-110.94426,32.17367]]}},{"type":"Feature","properties":{"name":null,"highway":"motorway_link","osm":"way/1433245026"},"geometry":{"type":"LineString","coordinates":[[-110.94444,32.17496],[-110.94334,32.17514]]}},{"type":"Feature","properties":{"name":null,"highway":"motorway_link","osm":"way/1433245027"},"geometry":{"type":"LineString","coordinates":[[-110.94454,32.17495],[-110.94444,32.17496]]}},{"type":"Feature","properties":{"name":"South Kino Parkway","highway":"primary","osm":"way/1433245028"},"geometry":{"type":"LineString","coordinates":[[-110.94444,32.17496],[-110.94451,32.17577]]}},{"type":"Feature","properties":{"name":null,"highway":"motorway_link","osm":"way/1433245029"},"geometry":{"type":"LineString","coordinates":[[-110.94526,32.17519],[-110.94454,32.17495]]}},{"type":"Feature","properties":{"name":"East 9th Street","highway":"residential","osm":"way/1435059518"},"geometry":{"type":"LineString","coordinates":[[-110.95892,32.22383],[-110.94518,32.2238]]}},{"type":"Feature","properties":{"name":"North Euclid Avenue","highway":"secondary","osm":"way/1435059519"},"geometry":{"type":"LineString","coordinates":[[-110.95946,32.22389],[-110.95947,32.225]]}},{"type":"Feature","properties":{"name":"East 9th Street","highway":"residential","osm":"way/1435059520"},"geometry":{"type":"LineString","coordinates":[[-110.95989,32.22379],[-110.95946,32.22376]]}},{"type":"Feature","properties":{"name":"North Tucson Boulevard","highway":"tertiary","osm":"way/1442321869"},"geometry":{"type":"LineString","coordinates":[[-110.93518,32.22166],[-110.93518,32.22198]]}},{"type":"Feature","properties":{"name":"East Broadway Boulevard","highway":"primary","osm":"way/1442321870"},"geometry":{"type":"LineString","coordinates":[[-110.93427,32.22167],[-110.93518,32.22166]]}},{"type":"Feature","properties":{"name":"North Tucson Boulevard","highway":"tertiary","osm":"way/1442321871"},"geometry":{"type":"LineString","coordinates":[[-110.93518,32.22161],[-110.93518,32.22166]]}},{"type":"Feature","properties":{"name":"North Mountain Avenue","highway":"tertiary","osm":"way/1442570519"},"geometry":{"type":"LineString","coordinates":[[-110.95233,32.23381],[-110.95233,32.23446]]}},{"type":"Feature","properties":{"name":"North 6th Avenue","highway":"secondary","osm":"way/1442577709"},"geometry":{"type":"LineString","coordinates":[[-110.96868,32.22679],[-110.96868,32.2273]]}},{"type":"Feature","properties":{"name":"North 6th Avenue","highway":"secondary","osm":"way/1442577710"},"geometry":{"type":"LineString","coordinates":[[-110.96867,32.2264],[-110.96868,32.22679]]}},{"type":"Feature","properties":{"name":"East Toole Avenue","highway":"tertiary","osm":"way/1442579572"},"geometry":{"type":"LineString","coordinates":[[-110.96797,32.22376],[-110.96827,32.22402]]}},{"type":"Feature","properties":{"name":null,"highway":"unclassified","osm":"way/1443675975"},"geometry":{"type":"LineString","coordinates":[[-110.9471,32.23963],[-110.94738,32.23965],[-110.94727,32.2395],[-110.9471,32.23963]]}},{"type":"Feature","properties":{"name":"West Franklin Street","highway":"tertiary","osm":"way/1444505517"},"geometry":{"type":"LineString","coordinates":[[-110.97173,32.2264],[-110.97225,32.2264]]}},{"type":"Feature","properties":{"name":"West Franklin Street","highway":"tertiary","osm":"way/1444505518"},"geometry":{"type":"LineString","coordinates":[[-110.97225,32.2264],[-110.97244,32.22639]]}},{"type":"Feature","properties":{"name":"East Toole Avenue","highway":"tertiary","osm":"way/1447700887"},"geometry":{"type":"LineString","coordinates":[[-110.96865,32.22435],[-110.96904,32.22476]]}},{"type":"Feature","properties":{"name":"East Fair Street","highway":"unclassified","osm":"way/1451024004"},"geometry":{"type":"LineString","coordinates":[[-110.95714,32.1706],[-110.95627,32.1706]]}},{"type":"Feature","properties":{"name":"East Fair Street","highway":"unclassified","osm":"way/1451024005"},"geometry":{"type":"LineString","coordinates":[[-110.96165,32.17052],[-110.96123,32.17059]]}},{"type":"Feature","properties":{"name":null,"highway":"residential","osm":"way/1451024763"},"geometry":{"type":"LineString","coordinates":[[-110.96954,32.17134],[-110.96954,32.17134]]}},{"type":"Feature","properties":{"name":"South 7th Avenue","highway":"residential","osm":"way/1451024764"},"geometry":{"type":"LineString","coordinates":[[-110.96962,32.17217],[-110.96961,32.1714]]}},{"type":"Feature","properties":{"name":"West Pennsylvania Drive","highway":"residential","osm":"way/1451024765"},"geometry":{"type":"LineString","coordinates":[[-110.96822,32.17132],[-110.96954,32.17134]]}},{"type":"Feature","properties":{"name":"East 6th Street","highway":"secondary","osm":"way/1452644999"},"geometry":{"type":"LineString","coordinates":[[-110.95622,32.22777],[-110.95618,32.22777]]}},{"type":"Feature","properties":{"name":"East 6th Street","highway":"secondary","osm":"way/1452645000"},"geometry":{"type":"LineString","coordinates":[[-110.95618,32.22777],[-110.95385,32.22777]]}},{"type":"Feature","properties":{"name":"East 6th Street","highway":"secondary","osm":"way/1456340276"},"geometry":{"type":"LineString","coordinates":[[-110.9566,32.22776],[-110.95642,32.22777]]}},{"type":"Feature","properties":{"name":"North Park Avenue","highway":"residential","osm":"way/1456340277"},"geometry":{"type":"LineString","coordinates":[[-110.95637,32.22749],[-110.95638,32.22713]]}},{"type":"Feature","properties":{"name":"North Mountain Avenue","highway":"tertiary","osm":"way/1459562287"},"geometry":{"type":"LineString","coordinates":[[-110.95242,32.23606],[-110.95245,32.23631]]}},{"type":"Feature","properties":{"name":"North Mountain Avenue","highway":"tertiary","osm":"way/1459562288"},"geometry":{"type":"LineString","coordinates":[[-110.95245,32.23631],[-110.95245,32.23653]]}},{"type":"Feature","properties":{"name":"East 22nd Street","highway":"primary_link","osm":"way/1460379286"},"geometry":{"type":"LineString","coordinates":[[-110.94632,32.20677],[-110.94565,32.20676]]}},{"type":"Feature","properties":{"name":null,"highway":"primary_link","osm":"way/1460379287"},"geometry":{"type":"LineString","coordinates":[[-110.93909,32.20701],[-110.93931,32.20702]]}},{"type":"Feature","properties":{"name":"East 22nd Street","highway":"primary","osm":"way/1460379288"},"geometry":{"type":"LineString","coordinates":[[-110.94742,32.20685],[-110.94432,32.20685]]}},{"type":"Feature","properties":{"name":"East 22nd Street","highway":"primary","osm":"way/1460379289"},"geometry":{"type":"LineString","coordinates":[[-110.94444,32.20694],[-110.94582,32.20696]]}},{"type":"Feature","properties":{"name":"North Granada Avenue","highway":"secondary","osm":"way/1461808719"},"geometry":{"type":"LineString","coordinates":[[-110.97675,32.22293],[-110.97656,32.22252]]}},{"type":"Feature","properties":{"name":"South Kino Parkway","highway":"primary","osm":"way/1463792044"},"geometry":{"type":"LineString","coordinates":[[-110.94436,32.17676],[-110.94435,32.17714]]}},{"type":"Feature","properties":{"name":null,"highway":"motorway_link","osm":"way/1463799231"},"geometry":{"type":"LineString","coordinates":[[-110.94154,32.17797],[-110.94154,32.17784]]}},{"type":"Feature","properties":{"name":null,"highway":"primary_link","osm":"way/1464062941"},"geometry":{"type":"LineString","coordinates":[[-110.94806,32.21165],[-110.94864,32.21176]]}},{"type":"Feature","properties":{"name":null,"highway":"primary_link","osm":"way/1464062942"},"geometry":{"type":"LineString","coordinates":[[-110.94943,32.21176],[-110.94911,32.21121]]}},{"type":"Feature","properties":{"name":null,"highway":"unclassified","osm":"way/1464062943"},"geometry":{"type":"LineString","coordinates":[[-110.94455,32.18374],[-110.94499,32.18365]]}},{"type":"Feature","properties":{"name":"East 6th Street","highway":"secondary","osm":"way/1472101212"},"geometry":{"type":"LineString","coordinates":[[-110.93502,32.22791],[-110.93077,32.22793]]}},{"type":"Feature","properties":{"name":"North 11th Avenue","highway":"residential","osm":"way/1472436806"},"geometry":{"type":"LineString","coordinates":[[-110.97649,32.24486],[-110.97653,32.24812]]}},{"type":"Feature","properties":{"name":"East Drachman Street","highway":"residential","osm":"way/1472488553"},"geometry":{"type":"LineString","coordinates":[[-110.96492,32.23953],[-110.96031,32.23957]]}},{"type":"Feature","properties":{"name":"East Drachman Street","highway":"residential","osm":"way/1472488557"},"geometry":{"type":"LineString","coordinates":[[-110.95381,32.2396],[-110.94976,32.23962]]}},{"type":"Feature","properties":{"name":"South Calle Santa Cruz","highway":"unclassified","osm":"way/1472522178"},"geometry":{"type":"LineString","coordinates":[[-110.98887,32.16742],[-110.98854,32.1677],[-110.98682,32.16756]]}},{"type":"Feature","properties":{"name":"East Mabel Street","highway":"residential","osm":"way/1472728710"},"geometry":{"type":"LineString","coordinates":[[-110.94391,32.23866],[-110.94254,32.23865]]}},{"type":"Feature","properties":{"name":"East Helen Street","highway":"residential","osm":"way/1472728711"},"geometry":{"type":"LineString","coordinates":[[-110.94387,32.23736],[-110.94252,32.23734]]}},{"type":"Feature","properties":{"name":"East Mabel Street","highway":"residential","osm":"way/1472728712"},"geometry":{"type":"LineString","coordinates":[[-110.94409,32.23866],[-110.94391,32.23866]]}},{"type":"Feature","properties":{"name":"East Adams Street","highway":"residential","osm":"way/1472730092"},"geometry":{"type":"LineString","coordinates":[[-110.94393,32.24065],[-110.94255,32.24066]]}},{"type":"Feature","properties":{"name":"East Adams Street","highway":"residential","osm":"way/1472730093"},"geometry":{"type":"LineString","coordinates":[[-110.9441,32.24065],[-110.94393,32.24065]]}},{"type":"Feature","properties":{"name":"East 2nd Street","highway":"tertiary","osm":"way/1472738597"},"geometry":{"type":"LineString","coordinates":[[-110.94676,32.23383],[-110.94526,32.23383]]}},{"type":"Feature","properties":{"name":"North Highland Avenue","highway":"tertiary","osm":"way/1472757027"},"geometry":{"type":"LineString","coordinates":[[-110.95102,32.22778],[-110.95101,32.22649]]}},{"type":"Feature","properties":{"name":"North Fremont Avenue","highway":"residential","osm":"way/1472772052"},"geometry":{"type":"LineString","coordinates":[[-110.95482,32.22647],[-110.95482,32.22713]]}},{"type":"Feature","properties":{"name":"North Fremont Avenue","highway":"residential","osm":"way/1472772053"},"geometry":{"type":"LineString","coordinates":[[-110.95482,32.22713],[-110.95483,32.22746]]}},{"type":"Feature","properties":{"name":"North Tyndall Avenue","highway":"residential","osm":"way/1472772054"},"geometry":{"type":"LineString","coordinates":[[-110.9579,32.22777],[-110.95791,32.22915]]}},{"type":"Feature","properties":{"name":"North Tyndall Avenue","highway":"residential","osm":"way/1472772055"},"geometry":{"type":"LineString","coordinates":[[-110.95792,32.22656],[-110.95793,32.22744]]}},{"type":"Feature","properties":{"name":"North Park Avenue","highway":"residential","osm":"way/1472772056"},"geometry":{"type":"LineString","coordinates":[[-110.95641,32.22759],[-110.95637,32.22749]]}},{"type":"Feature","properties":{"name":"East 2nd Street","highway":"tertiary","osm":"way/1472774110"},"geometry":{"type":"LineString","coordinates":[[-110.95015,32.23382],[-110.94942,32.23382]]}},{"type":"Feature","properties":{"name":"East 4th Street","highway":"residential","osm":"way/1472823894"},"geometry":{"type":"LineString","coordinates":[[-110.96104,32.23038],[-110.95949,32.23037]]}},{"type":"Feature","properties":{"name":"East Mabel Street","highway":"residential","osm":"way/1473315683"},"geometry":{"type":"LineString","coordinates":[[-110.9603,32.23858],[-110.95875,32.23859]]}},{"type":"Feature","properties":{"name":"East Adams Street","highway":"residential","osm":"way/1473315695"},"geometry":{"type":"LineString","coordinates":[[-110.95954,32.24057],[-110.95531,32.24059]]}},{"type":"Feature","properties":{"name":"East Adams Street","highway":"residential","osm":"way/1473315696"},"geometry":{"type":"LineString","coordinates":[[-110.96109,32.24057],[-110.95954,32.24057]]}},{"type":"Feature","properties":{"name":"East Helen Street","highway":"residential","osm":"way/1473315697"},"geometry":{"type":"LineString","coordinates":[[-110.9656,32.23724],[-110.9603,32.23727]]}},{"type":"Feature","properties":{"name":"East Helen Street","highway":"residential","osm":"way/1473315698"},"geometry":{"type":"LineString","coordinates":[[-110.95874,32.23728],[-110.95678,32.2373]]}},{"type":"Feature","properties":{"name":"North Cherry Avenue","highway":"unclassified","osm":"way/1473315699"},"geometry":{"type":"LineString","coordinates":[[-110.94826,32.23734],[-110.94827,32.23865]]}},{"type":"Feature","properties":{"name":"North Cherry Avenue","highway":"unclassified","osm":"way/1473315700"},"geometry":{"type":"LineString","coordinates":[[-110.9481,32.23593],[-110.9481,32.23487]]}},{"type":"Feature","properties":{"name":"North Park Avenue","highway":"tertiary","osm":"way/1473315745"},"geometry":{"type":"LineString","coordinates":[[-110.95683,32.24419],[-110.95686,32.24883]]}},{"type":"Feature","properties":{"name":"West Elm Street","highway":"residential","osm":"way/1473315747"},"geometry":{"type":"LineString","coordinates":[[-110.97187,32.24274],[-110.97251,32.24274]]}},{"type":"Feature","properties":{"name":"East Elm Street","highway":"residential","osm":"way/1473315748"},"geometry":{"type":"LineString","coordinates":[[-110.97121,32.24275],[-110.9688,32.24274]]}},{"type":"Feature","properties":{"name":"East Drachman Street","highway":"tertiary","osm":"way/1473315749"},"geometry":{"type":"LineString","coordinates":[[-110.96953,32.23951],[-110.96876,32.23952]]}},{"type":"Feature","properties":{"name":"North 7th Avenue","highway":"residential","osm":"way/1473315750"},"geometry":{"type":"LineString","coordinates":[[-110.97029,32.24001],[-110.97028,32.23908]]}},{"type":"Feature","properties":{"name":"East Mabel Street","highway":"residential","osm":"way/1473315751"},"geometry":{"type":"LineString","coordinates":[[-110.97106,32.23852],[-110.97184,32.23852]]}},{"type":"Feature","properties":{"name":"East Helen Street","highway":"residential","osm":"way/1473315752"},"geometry":{"type":"LineString","coordinates":[[-110.968,32.23725],[-110.96875,32.23724]]}},{"type":"Feature","properties":{"name":"East Helen Street","highway":"residential","osm":"way/1473315753"},"geometry":{"type":"LineString","coordinates":[[-110.96951,32.2372],[-110.96875,32.23721]]}},{"type":"Feature","properties":{"name":"East Mabel Street","highway":"residential","osm":"way/1473315754"},"geometry":{"type":"LineString","coordinates":[[-110.96798,32.23855],[-110.96875,32.23854]]}},{"type":"Feature","properties":{"name":"East Mabel Street","highway":"residential","osm":"way/1473315759"},"geometry":{"type":"LineString","coordinates":[[-110.96798,32.23855],[-110.96646,32.23855]]}},{"type":"Feature","properties":{"name":"East Mabel Street","highway":"residential","osm":"way/1473315760"},"geometry":{"type":"LineString","coordinates":[[-110.9649,32.23855],[-110.9603,32.23858]]}},{"type":"Feature","properties":{"name":"East Drachman Street","highway":"residential","osm":"way/1473315765"},"geometry":{"type":"LineString","coordinates":[[-110.96563,32.23953],[-110.96492,32.23953]]}},{"type":"Feature","properties":{"name":"North 4th Avenue","highway":"residential","osm":"way/1473315766"},"geometry":{"type":"LineString","coordinates":[[-110.9657,32.23959],[-110.9657,32.24005]]}},{"type":"Feature","properties":{"name":"North 5th Avenue","highway":"residential","osm":"way/1473315809"},"geometry":{"type":"LineString","coordinates":[[-110.96723,32.24005],[-110.96724,32.24307]]}},{"type":"Feature","properties":{"name":"North 5th Avenue","highway":"residential","osm":"way/1473315810"},"geometry":{"type":"LineString","coordinates":[[-110.96723,32.23952],[-110.96723,32.24005]]}},{"type":"Feature","properties":{"name":"West Simpson Street","highway":"residential","osm":"way/1473315853"},"geometry":{"type":"LineString","coordinates":[[-110.97315,32.21592],[-110.97435,32.21583]]}},{"type":"Feature","properties":{"name":"West Cushing Street","highway":"tertiary","osm":"way/1473315854"},"geometry":{"type":"LineString","coordinates":[[-110.97237,32.21703],[-110.97214,32.21705]]}},{"type":"Feature","properties":{"name":"South 6th Avenue","highway":"secondary","osm":"way/1473315866"},"geometry":{"type":"LineString","coordinates":[[-110.96861,32.21988],[-110.96858,32.21727]]}},{"type":"Feature","properties":{"name":"East 17th Street","highway":"residential","osm":"way/1473315867"},"geometry":{"type":"LineString","coordinates":[[-110.96969,32.21334],[-110.9678,32.21335]]}},{"type":"Feature","properties":{"name":"East 19th Street","highway":"residential","osm":"way/1473315868"},"geometry":{"type":"LineString","coordinates":[[-110.96778,32.21074],[-110.96705,32.21075]]}},{"type":"Feature","properties":{"name":"West 21st Street","highway":"residential","osm":"way/1473315884"},"geometry":{"type":"LineString","coordinates":[[-110.96851,32.20812],[-110.96927,32.20812]]}},{"type":"Feature","properties":{"name":"North Granada Avenue","highway":"secondary","osm":"way/1473315896"},"geometry":{"type":"LineString","coordinates":[[-110.97797,32.22989],[-110.97791,32.23056]]}},{"type":"Feature","properties":{"name":"North Meyer Avenue","highway":"residential","osm":"way/1473315897"},"geometry":{"type":"LineString","coordinates":[[-110.97454,32.22394],[-110.97513,32.22586]]}},{"type":"Feature","properties":{"name":"South Herbert Avenue","highway":"residential","osm":"way/1473315899"},"geometry":{"type":"LineString","coordinates":[[-110.96631,32.21989],[-110.96629,32.22121]]}},{"type":"Feature","properties":{"name":"East 14th Street","highway":"residential","osm":"way/1473315916"},"geometry":{"type":"LineString","coordinates":[[-110.96628,32.21729],[-110.96557,32.21729]]}},{"type":"Feature","properties":{"name":"East 14th Street","highway":"residential","osm":"way/1473315917"},"geometry":{"type":"LineString","coordinates":[[-110.96474,32.21729],[-110.964,32.21729]]}},{"type":"Feature","properties":{"name":"South 3rd Avenue","highway":"residential","osm":"way/1473315918"},"geometry":{"type":"LineString","coordinates":[[-110.96397,32.22017],[-110.96399,32.2199]]}},{"type":"Feature","properties":{"name":"East 15th Street","highway":"residential","osm":"way/1473315920"},"geometry":{"type":"LineString","coordinates":[[-110.96475,32.21598],[-110.96396,32.21598]]}},{"type":"Feature","properties":{"name":"East 16th Street","highway":"residential","osm":"way/1473315921"},"geometry":{"type":"LineString","coordinates":[[-110.96475,32.21467],[-110.96403,32.21469]]}},{"type":"Feature","properties":{"name":"East 16th Street","highway":"residential","osm":"way/1473315922"},"geometry":{"type":"LineString","coordinates":[[-110.96996,32.21464],[-110.96627,32.21467]]}},{"type":"Feature","properties":{"name":"East 17th Street","highway":"residential","osm":"way/1473315923"},"geometry":{"type":"LineString","coordinates":[[-110.9678,32.21335],[-110.96626,32.21336]]}},{"type":"Feature","properties":{"name":"East 17th Street","highway":"residential","osm":"way/1473315924"},"geometry":{"type":"LineString","coordinates":[[-110.96473,32.21335],[-110.96181,32.21338]]}},{"type":"Feature","properties":{"name":"East 18th Street","highway":"tertiary","osm":"way/1473315925"},"geometry":{"type":"LineString","coordinates":[[-110.96471,32.21208],[-110.96246,32.21208]]}},{"type":"Feature","properties":{"name":"East 22nd Street","highway":"primary","osm":"way/1473316038"},"geometry":{"type":"LineString","coordinates":[[-110.96107,32.20686],[-110.95926,32.20687]]}},{"type":"Feature","properties":{"name":"North Tyndall Avenue","highway":"residential","osm":"way/1473639992"},"geometry":{"type":"LineString","coordinates":[[-110.95792,32.23103],[-110.95794,32.2317]]}},{"type":"Feature","properties":{"name":"Olive Road","highway":"unclassified","osm":"way/1473650151"},"geometry":{"type":"LineString","coordinates":[[-110.95506,32.23455],[-110.95505,32.23439]]}},{"type":"Feature","properties":{"name":"East 1st Street","highway":"residential","osm":"way/1473695651"},"geometry":{"type":"LineString","coordinates":[[-110.9596,32.2343],[-110.95937,32.2343]]}},{"type":"Feature","properties":{"name":"East 1st Street","highway":"residential","osm":"way/1473695652"},"geometry":{"type":"LineString","coordinates":[[-110.96027,32.2343],[-110.9596,32.2343]]}},{"type":"Feature","properties":{"name":"East 1st Street","highway":"residential","osm":"way/1473695653"},"geometry":{"type":"LineString","coordinates":[[-110.961,32.23429],[-110.96027,32.2343]]}},{"type":"Feature","properties":{"name":"West Helen Street","highway":"residential","osm":"way/1473716232"},"geometry":{"type":"LineString","coordinates":[[-110.97999,32.23714],[-110.98177,32.23713]]}},{"type":"Feature","properties":{"name":"West Helen Street","highway":"residential","osm":"way/1473716233"},"geometry":{"type":"LineString","coordinates":[[-110.98177,32.23713],[-110.98195,32.23713]]}},{"type":"Feature","properties":{"name":"North 13th Avenue","highway":"residential","osm":"way/1473716234"},"geometry":{"type":"LineString","coordinates":[[-110.97932,32.23639],[-110.97933,32.23848]]}},{"type":"Feature","properties":{"name":"West Speedway Boulevard","highway":"residential","osm":"way/1473716235"},"geometry":{"type":"LineString","coordinates":[[-110.97932,32.23599],[-110.98063,32.23598]]}},{"type":"Feature","properties":{"name":"North Contzen Avenue","highway":"residential","osm":"way/1473716236"},"geometry":{"type":"LineString","coordinates":[[-110.98032,32.2304],[-110.98073,32.23061]]}},{"type":"Feature","properties":{"name":"North Contzen Avenue","highway":"residential","osm":"way/1473716237"},"geometry":{"type":"LineString","coordinates":[[-110.983,32.23463],[-110.98312,32.23495]]}},{"type":"Feature","properties":{"name":"North Anita Avenue","highway":"residential","osm":"way/1473716238"},"geometry":{"type":"LineString","coordinates":[[-110.97895,32.22968],[-110.97972,32.23111]]}},{"type":"Feature","properties":{"name":"West Speedway Boulevard","highway":"primary","osm":"way/1473716239"},"geometry":{"type":"LineString","coordinates":[[-110.98317,32.23572],[-110.98272,32.23574]]}},{"type":"Feature","properties":{"name":"West Speedway Boulevard","highway":"primary","osm":"way/1473716240"},"geometry":{"type":"LineString","coordinates":[[-110.98272,32.23574],[-110.97892,32.23577]]}},{"type":"Feature","properties":{"name":"West Davis Street","highway":"residential","osm":"way/1473733052"},"geometry":{"type":"LineString","coordinates":[[-110.97797,32.22989],[-110.97895,32.22968]]}},{"type":"Feature","properties":{"name":"North Anita Avenue","highway":"residential","osm":"way/1473733053"},"geometry":{"type":"LineString","coordinates":[[-110.97858,32.22907],[-110.97895,32.22968]]}},{"type":"Feature","properties":{"name":"North Anita Avenue","highway":"residential","osm":"way/1473733054"},"geometry":{"type":"LineString","coordinates":[[-110.97972,32.23111],[-110.97985,32.23133]]}},{"type":"Feature","properties":{"name":"West Saint Mary's Road","highway":"secondary","osm":"way/1473733055"},"geometry":{"type":"LineString","coordinates":[[-110.98413,32.22952],[-110.98381,32.22945]]}},{"type":"Feature","properties":{"name":null,"highway":"primary_link","osm":"way/1473853380"},"geometry":{"type":"LineString","coordinates":[[-110.94935,32.22152],[-110.94951,32.22138]]}},{"type":"Feature","properties":{"name":"East Benson Highway","highway":"secondary","osm":"way/1473918556"},"geometry":{"type":"LineString","coordinates":[[-110.94352,32.16907],[-110.94388,32.16943]]}},{"type":"Feature","properties":{"name":"East Benson Highway","highway":"secondary","osm":"way/1473926346"},"geometry":{"type":"LineString","coordinates":[[-110.95609,32.18143],[-110.95436,32.1797]]}},{"type":"Feature","properties":{"name":"East Benson Highway","highway":"secondary","osm":"way/1473926347"},"geometry":{"type":"LineString","coordinates":[[-110.95425,32.17978],[-110.95576,32.18129]]}},{"type":"Feature","properties":{"name":"East 20th Street","highway":"residential","osm":"way/1473930944"},"geometry":{"type":"LineString","coordinates":[[-110.96697,32.20943],[-110.96623,32.20943]]}},{"type":"Feature","properties":{"name":"South 5th Avenue","highway":"residential","osm":"way/1473930945"},"geometry":{"type":"LineString","coordinates":[[-110.96699,32.20991],[-110.96697,32.20943]]}},{"type":"Feature","properties":{"name":"South 5th Avenue","highway":"residential","osm":"way/1473930946"},"geometry":{"type":"LineString","coordinates":[[-110.96698,32.20813],[-110.96698,32.20788]]}},{"type":"Feature","properties":{"name":"South 5th Avenue","highway":"residential","osm":"way/1473930947"},"geometry":{"type":"LineString","coordinates":[[-110.96697,32.20943],[-110.96698,32.20813]]}},{"type":"Feature","properties":{"name":"South 5th Avenue","highway":"residential","osm":"way/1473930948"},"geometry":{"type":"LineString","coordinates":[[-110.967,32.21072],[-110.96699,32.20991]]}},{"type":"Feature","properties":{"name":"South 5th Avenue","highway":"residential","osm":"way/1473930951"},"geometry":{"type":"LineString","coordinates":[[-110.96696,32.20694],[-110.96696,32.20683]]}},{"type":"Feature","properties":{"name":"South 5th Avenue","highway":"residential","osm":"way/1473930952"},"geometry":{"type":"LineString","coordinates":[[-110.96696,32.20683],[-110.96696,32.20673]]}},{"type":"Feature","properties":{"name":"East 20th Street","highway":"residential","osm":"way/1473930953"},"geometry":{"type":"LineString","coordinates":[[-110.96623,32.20943],[-110.96545,32.20943]]}},{"type":"Feature","properties":{"name":"East 20th Street","highway":"residential","osm":"way/1473930954"},"geometry":{"type":"LineString","coordinates":[[-110.96847,32.20942],[-110.96697,32.20943]]}},{"type":"Feature","properties":{"name":"East 21st Street","highway":"residential","osm":"way/1473930955"},"geometry":{"type":"LineString","coordinates":[[-110.96698,32.20813],[-110.96549,32.20813]]}},{"type":"Feature","properties":{"name":"South Campbell Avenue","highway":"unclassified","osm":"way/1473940074"},"geometry":{"type":"LineString","coordinates":[[-110.94354,32.18758],[-110.94354,32.18514]]}},{"type":"Feature","properties":{"name":"East 15th Street","highway":"residential","osm":"way/1473941362"},"geometry":{"type":"LineString","coordinates":[[-110.97021,32.21595],[-110.96858,32.21596]]}},{"type":"Feature","properties":{"name":"South 5th Avenue","highway":"residential","osm":"way/1473945981"},"geometry":{"type":"LineString","coordinates":[[-110.96706,32.21728],[-110.96703,32.21466]]}},{"type":"Feature","properties":{"name":null,"highway":"unclassified","osm":"way/1473960137"},"geometry":{"type":"LineString","coordinates":[[-110.96697,32.17884],[-110.9647,32.17974]]}},{"type":"Feature","properties":{"name":null,"highway":"unclassified","osm":"way/1473960138"},"geometry":{"type":"LineString","coordinates":[[-110.96794,32.18083],[-110.96761,32.18125]]}},{"type":"Feature","properties":{"name":null,"highway":"unclassified","osm":"way/1473976135"},"geometry":{"type":"LineString","coordinates":[[-110.96434,32.18417],[-110.96745,32.18407],[-110.96751,32.18353],[-110.96697,32.18319]]}},{"type":"Feature","properties":{"name":null,"highway":"unclassified","osm":"way/1473976136"},"geometry":{"type":"LineString","coordinates":[[-110.96697,32.18319],[-110.96609,32.18331],[-110.96552,32.18313]]}},{"type":"Feature","properties":{"name":null,"highway":"unclassified","osm":"way/1473976137"},"geometry":{"type":"LineString","coordinates":[[-110.96552,32.18313],[-110.96375,32.18343]]}},{"type":"Feature","properties":{"name":"South Freeway Road","highway":"secondary","osm":"way/1473994188"},"geometry":{"type":"LineString","coordinates":[[-110.98009,32.20669],[-110.9801,32.20641]]}},{"type":"Feature","properties":{"name":"South Freeway Road","highway":"secondary","osm":"way/1473994189"},"geometry":{"type":"LineString","coordinates":[[-110.97903,32.20625],[-110.97902,32.20669]]}},{"type":"Feature","properties":{"name":"East 9th Street","highway":"residential","osm":"way/1473995965"},"geometry":{"type":"LineString","coordinates":[[-110.96403,32.22385],[-110.96327,32.22384]]}},{"type":"Feature","properties":{"name":null,"highway":"primary_link","osm":"way/1475540795"},"geometry":{"type":"LineString","coordinates":[[-110.94973,32.20693],[-110.95006,32.207]]}},{"type":"Feature","properties":{"name":null,"highway":"primary_link","osm":"way/1475540796"},"geometry":{"type":"LineString","coordinates":[[-110.94973,32.20693],[-110.94964,32.20696]]}},{"type":"Feature","properties":{"name":null,"highway":"primary_link","osm":"way/1475540797"},"geometry":{"type":"LineString","coordinates":[[-110.94962,32.20688],[-110.94973,32.20683]]}},{"type":"Feature","properties":{"name":"East 22nd Street","highway":"primary","osm":"way/1475540798"},"geometry":{"type":"LineString","coordinates":[[-110.94973,32.20683],[-110.94788,32.20685]]}},{"type":"Feature","properties":{"name":null,"highway":"primary_link","osm":"way/1475540799"},"geometry":{"type":"LineString","coordinates":[[-110.94973,32.20683],[-110.95005,32.20634]]}},{"type":"Feature","properties":{"name":"East 22nd Street","highway":"primary","osm":"way/1475540800"},"geometry":{"type":"LineString","coordinates":[[-110.95046,32.20683],[-110.94998,32.20683]]}},{"type":"Feature","properties":{"name":null,"highway":"primary_link","osm":"way/1475540801"},"geometry":{"type":"LineString","coordinates":[[-110.94964,32.20696],[-110.94931,32.20684]]}},{"type":"Feature","properties":{"name":null,"highway":"primary_link","osm":"way/1475540802"},"geometry":{"type":"LineString","coordinates":[[-110.94964,32.20696],[-110.94919,32.20745]]}},{"type":"Feature","properties":{"name":"East 22nd Street","highway":"primary","osm":"way/1475540803"},"geometry":{"type":"LineString","coordinates":[[-110.94998,32.20683],[-110.94973,32.20683]]}},{"type":"Feature","properties":{"name":"East 22nd Street","highway":"primary","osm":"way/1475540804"},"geometry":{"type":"LineString","coordinates":[[-110.94973,32.20701],[-110.95006,32.207]]}},{"type":"Feature","properties":{"name":null,"highway":"primary_link","osm":"way/1475540805"},"geometry":{"type":"LineString","coordinates":[[-110.94973,32.20701],[-110.94964,32.20696]]}},{"type":"Feature","properties":{"name":"South Santa Cruz Lane","highway":"unclassified","osm":"way/1476005065"},"geometry":{"type":"LineString","coordinates":[[-110.98225,32.19408],[-110.98162,32.19461],[-110.98192,32.19482]]}},{"type":"Feature","properties":{"name":"Maclovio Barraza Parkway","highway":"secondary","osm":"way/1476710775"},"geometry":{"type":"LineString","coordinates":[[-110.97052,32.22807],[-110.97058,32.22799]]}},{"type":"Feature","properties":{"name":"East 6th Street","highway":"secondary","osm":"way/1476710776"},"geometry":{"type":"LineString","coordinates":[[-110.97058,32.22799],[-110.97027,32.2279]]}},{"type":"Feature","properties":{"name":"South Paseo Luna Blanca","highway":"residential","osm":"way/1477879085"},"geometry":{"type":"LineString","coordinates":[[-110.98428,32.20724],[-110.98425,32.20747]]}},{"type":"Feature","properties":{"name":"South Paseo Luna Blanca","highway":"residential","osm":"way/1477879086"},"geometry":{"type":"LineString","coordinates":[[-110.98444,32.20724],[-110.98442,32.20693]]}},{"type":"Feature","properties":{"name":"West Starr Pass Boulevard","highway":"secondary","osm":"way/1479239174"},"geometry":{"type":"LineString","coordinates":[[-110.98036,32.2067],[-110.98009,32.20669]]}},{"type":"Feature","properties":{"name":"West Starr Pass Boulevard","highway":"secondary","osm":"way/1479239175"},"geometry":{"type":"LineString","coordinates":[[-110.9808,32.20676],[-110.98161,32.20676]]}},{"type":"Feature","properties":{"name":"South Kino Parkway","highway":"primary","osm":"way/1479459034"},"geometry":{"type":"LineString","coordinates":[[-110.94457,32.18025],[-110.94458,32.18014]]}},{"type":"Feature","properties":{"name":"North Plumer Avenue","highway":"residential","osm":"way/1482327646"},"geometry":{"type":"LineString","coordinates":[[-110.93949,32.22153],[-110.9395,32.224]]}},{"type":"Feature","properties":{"name":"North Plumer Avenue","highway":"residential","osm":"way/1482327647"},"geometry":{"type":"LineString","coordinates":[[-110.9395,32.224],[-110.93954,32.22656]]}},{"type":"Feature","properties":{"name":"East 7th Street","highway":"residential","osm":"way/1482327648"},"geometry":{"type":"LineString","coordinates":[[-110.93954,32.22656],[-110.94243,32.22655]]}},{"type":"Feature","properties":{"name":"South Stone Avenue","highway":"tertiary","osm":"way/1483973593"},"geometry":{"type":"LineString","coordinates":[[-110.97044,32.2172],[-110.97021,32.21595]]}},{"type":"Feature","properties":{"name":"South 6th Avenue","highway":"secondary","osm":"way/1483973594"},"geometry":{"type":"LineString","coordinates":[[-110.96858,32.21727],[-110.96856,32.21466]]}},{"type":"Feature","properties":{"name":"West 32nd Street","highway":"residential","osm":"way/1483973595"},"geometry":{"type":"LineString","coordinates":[[-110.96842,32.19655],[-110.96905,32.19654]]}},{"type":"Feature","properties":{"name":"East 32nd Street","highway":"residential","osm":"way/1483973596"},"geometry":{"type":"LineString","coordinates":[[-110.96842,32.19655],[-110.96792,32.19655]]}},{"type":"Feature","properties":{"name":"East 33rd Street","highway":"residential","osm":"way/1483973597"},"geometry":{"type":"LineString","coordinates":[[-110.96841,32.19552],[-110.96779,32.19552]]}},{"type":"Feature","properties":{"name":"East 34th Street","highway":"residential","osm":"way/1483973599"},"geometry":{"type":"LineString","coordinates":[[-110.96778,32.19448],[-110.9653,32.19452]]}},{"type":"Feature","properties":{"name":"West 31st Street","highway":"residential","osm":"way/1483973600"},"geometry":{"type":"LineString","coordinates":[[-110.96843,32.19758],[-110.96906,32.19757]]}},{"type":"Feature","properties":{"name":"East 31st Street","highway":"residential","osm":"way/1483973601"},"geometry":{"type":"LineString","coordinates":[[-110.9678,32.19757],[-110.96843,32.19758]]}},{"type":"Feature","properties":{"name":"South 2nd Avenue","highway":"residential","osm":"way/1483973602"},"geometry":{"type":"LineString","coordinates":[[-110.96205,32.19299],[-110.9621,32.19243]]}},{"type":"Feature","properties":{"name":"East 38th Street","highway":"residential","osm":"way/1483973603"},"geometry":{"type":"LineString","coordinates":[[-110.9679,32.1904],[-110.96683,32.19041]]}},{"type":"Feature","properties":{"name":"East 26th Street","highway":"residential","osm":"way/1483973608"},"geometry":{"type":"LineString","coordinates":[[-110.96819,32.20265],[-110.9663,32.20266]]}},{"type":"Feature","properties":{"name":"South Stone Avenue","highway":"tertiary","osm":"way/1483973613"},"geometry":{"type":"LineString","coordinates":[[-110.97021,32.21595],[-110.96996,32.21464]]}},{"type":"Feature","properties":{"name":"West 20th Street","highway":"residential","osm":"way/1483973617"},"geometry":{"type":"LineString","coordinates":[[-110.96929,32.20942],[-110.97238,32.20939]]}},{"type":"Feature","properties":{"name":"East 21st Street","highway":"residential","osm":"way/1483973618"},"geometry":{"type":"LineString","coordinates":[[-110.96774,32.20812],[-110.96698,32.20813]]}},{"type":"Feature","properties":{"name":"West 5th Street","highway":"residential","osm":"way/1483973623"},"geometry":{"type":"LineString","coordinates":[[-110.97252,32.229],[-110.9732,32.229]]}},{"type":"Feature","properties":{"name":"East 5th Street","highway":"residential","osm":"way/1483973624"},"geometry":{"type":"LineString","coordinates":[[-110.97175,32.229],[-110.97099,32.229]]}},{"type":"Feature","properties":{"name":"East 4th Street","highway":"residential","osm":"way/1483973625"},"geometry":{"type":"LineString","coordinates":[[-110.97101,32.23033],[-110.97032,32.23032]]}},{"type":"Feature","properties":{"name":"East 2nd Street","highway":"residential","osm":"way/1483973626"},"geometry":{"type":"LineString","coordinates":[[-110.97102,32.23293],[-110.97032,32.23294]]}},{"type":"Feature","properties":{"name":"East 1st Street","highway":"residential","osm":"way/1483973627"},"geometry":{"type":"LineString","coordinates":[[-110.9718,32.23423],[-110.97102,32.23424]]}},{"type":"Feature","properties":{"name":"West 2nd Street","highway":"residential","osm":"way/1483973628"},"geometry":{"type":"LineString","coordinates":[[-110.97492,32.2329],[-110.97794,32.2329]]}},{"type":"Feature","properties":{"name":"West 2nd Street","highway":"residential","osm":"way/1483973629"},"geometry":{"type":"LineString","coordinates":[[-110.97256,32.23292],[-110.97328,32.23291]]}},{"type":"Feature","properties":{"name":"North Park Avenue","highway":"tertiary","osm":"way/1495554848"},"geometry":{"type":"LineString","coordinates":[[-110.95678,32.23558],[-110.95678,32.23595]]}},{"type":"Feature","properties":{"name":"North Park Avenue","highway":"tertiary","osm":"way/1495554849"},"geometry":{"type":"LineString","coordinates":[[-110.95678,32.23544],[-110.95678,32.23558]]}},{"type":"Feature","properties":{"name":"North Santa Rita Avenue","highway":"unclassified","osm":"way/1502367594"},"geometry":{"type":"LineString","coordinates":[[-110.9529,32.22927],[-110.95282,32.22872]]}},{"type":"Feature","properties":{"name":"North Santa Rita Avenue","highway":"unclassified","osm":"way/1502367595"},"geometry":{"type":"LineString","coordinates":[[-110.95325,32.23006],[-110.95315,32.22963]]}},{"type":"Feature","properties":{"name":"South Campbell Avenue","highway":"tertiary","osm":"way/1509795357"},"geometry":{"type":"LineString","coordinates":[[-110.94356,32.19263],[-110.94356,32.19242]]}},{"type":"Feature","properties":{"name":"South Campbell Avenue","highway":"tertiary","osm":"way/1509795360"},"geometry":{"type":"LineString","coordinates":[[-110.94352,32.19284],[-110.94337,32.1975]]}},{"type":"Feature","properties":{"name":"East 6th Street","highway":"secondary","osm":"way/1510255364"},"geometry":{"type":"LineString","coordinates":[[-110.95804,32.22777],[-110.9579,32.22777]]}},{"type":"Feature","properties":{"name":"East 6th Street","highway":"secondary","osm":"way/1510255365"},"geometry":{"type":"LineString","coordinates":[[-110.9578,32.22777],[-110.9573,32.22776]]}},{"type":"Feature","properties":{"name":"East Elm Street","highway":"tertiary","osm":"way/1525037487"},"geometry":{"type":"LineString","coordinates":[[-110.93928,32.24271],[-110.93821,32.24272]]}},{"type":"Feature","properties":{"name":"East Elm Street","highway":"tertiary","osm":"way/1525037488"},"geometry":{"type":"LineString","coordinates":[[-110.93767,32.24272],[-110.93709,32.24272]]}},{"type":"Feature","properties":{"name":"East Elm Street","highway":"tertiary","osm":"way/1525037489"},"geometry":{"type":"LineString","coordinates":[[-110.93709,32.24272],[-110.93673,32.24273]]}},{"type":"Feature","properties":{"name":"West 6th Street","highway":"primary","osm":"way/1528338811"},"geometry":{"type":"LineString","coordinates":[[-110.97175,32.22833],[-110.97188,32.22833]]}},{"type":"Feature","properties":{"name":"West 6th Street","highway":"primary","osm":"way/1528338812"},"geometry":{"type":"LineString","coordinates":[[-110.97188,32.22833],[-110.97195,32.22833]]}},{"type":"Feature","properties":{"name":"West 6th Street","highway":"primary","osm":"way/1528338832"},"geometry":{"type":"LineString","coordinates":[[-110.97187,32.2282],[-110.97175,32.2282]]}},{"type":"Feature","properties":{"name":"West 6th Street","highway":"primary","osm":"way/1528338833"},"geometry":{"type":"LineString","coordinates":[[-110.97194,32.2282],[-110.97187,32.2282]]}},{"type":"Feature","properties":{"name":"North 6th Avenue","highway":"secondary","osm":"way/1532341214"},"geometry":{"type":"LineString","coordinates":[[-110.96868,32.2273],[-110.96868,32.22772]]}},{"type":"Feature","properties":{"name":null,"highway":"residential","osm":"way/1534648586"},"geometry":{"type":"LineString","coordinates":[[-110.97485,32.23286],[-110.97485,32.23286]]}},{"type":"Feature","properties":{"name":"West University Boulevard","highway":"residential","osm":"way/1534648599"},"geometry":{"type":"LineString","coordinates":[[-110.97243,32.23162],[-110.97254,32.23162]]}},{"type":"Feature","properties":{"name":null,"highway":"residential","osm":"way/1534648600"},"geometry":{"type":"LineString","coordinates":[[-110.97338,32.23289],[-110.97338,32.23289]]}},{"type":"Feature","properties":{"name":null,"highway":"residential","osm":"way/1534648602"},"geometry":{"type":"LineString","coordinates":[[-110.97332,32.23418],[-110.97332,32.23418]]}},{"type":"Feature","properties":{"name":"North Perry Avenue","highway":"residential","osm":"way/1534648615"},"geometry":{"type":"LineString","coordinates":[[-110.9741,32.23291],[-110.97412,32.23587]]}},{"type":"Feature","properties":{"name":"West 5th Street","highway":"residential","osm":"way/1534648626"},"geometry":{"type":"LineString","coordinates":[[-110.97619,32.22895],[-110.97748,32.22896],[-110.97806,32.22874]]}},{"type":"Feature","properties":{"name":"North Queen Avenue","highway":"residential","osm":"way/1534648627"},"geometry":{"type":"LineString","coordinates":[[-110.97561,32.22914],[-110.97556,32.22904]]}},{"type":"Feature","properties":{"name":"South Freeway Road","highway":"secondary","osm":"way/1534681688"},"geometry":{"type":"LineString","coordinates":[[-110.97902,32.20682],[-110.97901,32.20713]]}},{"type":"Feature","properties":{"name":"West Starr Pass Boulevard","highway":"secondary","osm":"way/1534681689"},"geometry":{"type":"LineString","coordinates":[[-110.97859,32.2068],[-110.97902,32.20682]]}},{"type":"Feature","properties":{"name":null,"highway":"motorway_link","osm":"way/1536654064"},"geometry":{"type":"LineString","coordinates":[[-110.94457,32.18025],[-110.94479,32.18008]]}},{"type":"Feature","properties":{"name":"East Aviation Parkway","highway":"primary","osm":"way/1537266349"},"geometry":{"type":"LineString","coordinates":[[-110.95491,32.21512],[-110.95655,32.21615]]}},{"type":"Feature","properties":{"name":null,"highway":"primary_link","osm":"way/1537266350"},"geometry":{"type":"LineString","coordinates":[[-110.94943,32.21248],[-110.94999,32.21274]]}},{"type":"Feature","properties":{"name":"East 22nd Street","highway":"primary","osm":"way/1537269191"},"geometry":{"type":"LineString","coordinates":[[-110.94582,32.20696],[-110.94646,32.20696]]}},{"type":"Feature","properties":{"name":"North Campbell Avenue","highway":"primary","osm":"way/1547712226"},"geometry":{"type":"LineString","coordinates":[[-110.94415,32.24319],[-110.94412,32.24277]]}},{"type":"Feature","properties":{"name":"East Eastland Street","highway":"residential","osm":"way/1548907048"},"geometry":{"type":"LineString","coordinates":[[-110.94241,32.21148],[-110.93946,32.21148]]}},{"type":"Feature","properties":{"name":"South Plumer Avenue","highway":"residential","osm":"way/1548907049"},"geometry":{"type":"LineString","coordinates":[[-110.93946,32.21148],[-110.93946,32.21056]]}},{"type":"Feature","properties":{"name":"East 18th Street","highway":"residential","osm":"way/1548907050"},"geometry":{"type":"LineString","coordinates":[[-110.94242,32.21238],[-110.93946,32.21239]]}},{"type":"Feature","properties":{"name":"South Plumer Avenue","highway":"residential","osm":"way/1548907051"},"geometry":{"type":"LineString","coordinates":[[-110.93945,32.21328],[-110.93946,32.21239]]}},{"type":"Feature","properties":{"name":"South 4th Avenue","highway":"tertiary","osm":"way/1549647165"},"geometry":{"type":"LineString","coordinates":[[-110.96546,32.21207],[-110.96544,32.20819]]}},{"type":"Feature","properties":{"name":"East 18th Street","highway":"tertiary","osm":"way/1549647166"},"geometry":{"type":"LineString","coordinates":[[-110.96546,32.21207],[-110.96471,32.21208]]}},{"type":"Feature","properties":{"name":"South 5th Avenue","highway":"residential","osm":"way/1549647167"},"geometry":{"type":"LineString","coordinates":[[-110.967,32.21207],[-110.967,32.21079]]}},{"type":"Feature","properties":{"name":"East 18th Street","highway":"tertiary","osm":"way/1549647168"},"geometry":{"type":"LineString","coordinates":[[-110.967,32.21207],[-110.96546,32.21207]]}},{"type":"Feature","properties":{"name":"East 9th Street","highway":"residential","osm":"way/1550820045"},"geometry":{"type":"LineString","coordinates":[[-110.95892,32.22383],[-110.95946,32.22389]]}},{"type":"Feature","properties":{"name":"East 9th Street","highway":"residential","osm":"way/1550820046"},"geometry":{"type":"LineString","coordinates":[[-110.95994,32.22384],[-110.95989,32.22379]]}},{"type":"Feature","properties":{"name":"East 9th Street","highway":"residential","osm":"way/1550820047"},"geometry":{"type":"LineString","coordinates":[[-110.95946,32.22389],[-110.95988,32.22389]]}},{"type":"Feature","properties":{"name":"North Euclid Avenue","highway":"secondary","osm":"way/1550820048"},"geometry":{"type":"LineString","coordinates":[[-110.95946,32.22376],[-110.95946,32.22389]]}},{"type":"Feature","properties":{"name":"East 9th Street","highway":"residential","osm":"way/1550820049"},"geometry":{"type":"LineString","coordinates":[[-110.95988,32.22389],[-110.95994,32.22384]]}},{"type":"Feature","properties":{"name":"East 9th Street","highway":"residential","osm":"way/1550820050"},"geometry":{"type":"LineString","coordinates":[[-110.96007,32.22384],[-110.95994,32.22384]]}},{"type":"Feature","properties":{"name":"East 9th Street","highway":"residential","osm":"way/1550820051"},"geometry":{"type":"LineString","coordinates":[[-110.95946,32.22376],[-110.95892,32.22383]]}},{"type":"Feature","properties":{"name":"North Herbert Avenue","highway":"unclassified","osm":"way/1551830362"},"geometry":{"type":"LineString","coordinates":[[-110.96638,32.22903],[-110.96637,32.22774]]}},{"type":"Feature","properties":{"name":"West 28th Street","highway":"residential","osm":"way/1552028638"},"geometry":{"type":"LineString","coordinates":[[-110.97459,32.20055],[-110.97536,32.20056]]}},{"type":"Feature","properties":{"name":"West 36th Street","highway":"residential","osm":"way/1552028639"},"geometry":{"type":"LineString","coordinates":[[-110.96997,32.1924],[-110.97146,32.19242]]}},{"type":"Feature","properties":{"name":"West 32nd Street","highway":"residential","osm":"way/1552028654"},"geometry":{"type":"LineString","coordinates":[[-110.97457,32.19651],[-110.97556,32.1965]]}},{"type":"Feature","properties":{"name":"North 1st Avenue","highway":"residential","osm":"way/1552028660"},"geometry":{"type":"LineString","coordinates":[[-110.96093,32.22188],[-110.96098,32.22253]]}},{"type":"Feature","properties":{"name":"East 10th Street","highway":"residential","osm":"way/1552028661"},"geometry":{"type":"LineString","coordinates":[[-110.95945,32.22252],[-110.95885,32.22252]]}},{"type":"Feature","properties":{"name":"North 3rd Avenue","highway":"residential","osm":"way/1552028663"},"geometry":{"type":"LineString","coordinates":[[-110.96406,32.22259],[-110.96403,32.22385]]}}]}