{"type":"FeatureCollection","metadata":{"regionId":"las-vegas","source":"osm","attribution":"Data (c) OpenStreetMap contributors, ODbL, via Overpass API.","fetchedAt":"2026-08-24T14:16:23.668Z"},"features":[{"type":"Feature","properties":{"kind":"water","name":"Fountains of Bellagio","osm":"way/22971030"},"geometry":{"type":"Polygon","coordinates":[[[-115.173332,36.111476],[-115.173323,36.111683],[-115.173341,36.111688],[-115.173358,36.111699],[-115.173365,36.111715],[-115.173366,36.111729],[-115.173356,36.111745],[-115.173339,36.111755],[-115.173319,36.111759],[-115.173316,36.111878],[-115.173335,36.111883],[-115.173351,36.111894],[-115.173359,36.11191],[-115.173359,36.111924],[-115.17335,36.11194],[-115.173333,36.11195],[-115.173313,36.111954],[-115.173307,36.11207],[-115.173326,36.112074],[-115.173342,36.112086],[-115.17335,36.112101],[-115.173351,36.112116],[-115.173341,36.112132],[-115.173324,36.112142],[-115.173303,36.112145],[-115.173297,36.112263],[-115.173321,36.112268],[-115.173338,36.11228],[-115.173345,36.112295],[-115.173346,36.112309],[-115.173336,36.112326],[-115.173319,36.112336],[-115.173295,36.112339],[-115.173286,36.112453],[-115.173305,36.112457],[-115.173322,36.112469],[-115.173329,36.112484],[-115.17333,36.112499],[-115.17332,36.112515],[-115.173303,36.112525],[-115.173283,36.112528],[-115.173283,36.112648],[-115.173301,36.112653],[-115.173318,36.112664],[-115.173325,36.112679],[-115.173326,36.112694],[-115.173316,36.11271],[-115.173299,36.11272],[-115.173283,36.112724],[-115.173278,36.112846],[-115.1733,36.112846],[-115.173312,36.112848],[-115.173323,36.112854],[-115.173333,36.112865],[-115.173337,36.112878],[-115.173332,36.112967],[-115.173325,36.11298],[-115.173313,36.11299],[-115.173296,36.112994],[-115.173271,36.112994],[-115.173261,36.113115],[-115.17328,36.113119],[-115.173296,36.113131],[-115.173304,36.113146],[-115.173304,36.11316],[-115.173294,36.113177],[-115.173278,36.113187],[-115.173257,36.11319],[-115.173252,36.113311],[-115.17327,36.113316],[-115.173287,36.113327],[-115.173294,36.113342],[-115.173295,36.113357],[-115.173285,36.113373],[-115.173268,36.113383],[-115.173248,36.113387],[-115.173245,36.1135],[-115.173264,36.113505],[-115.17328,36.113516],[-115.173288,36.113532],[-115.173288,36.113546],[-115.173278,36.113562],[-115.173262,36.113572],[-115.173241,36.113576],[-115.173233,36.11369],[-115.173252,36.113694],[-115.173268,36.113706],[-115.173276,36.113721],[-115.173276,36.113729],[-115.173276,36.113736],[-115.173267,36.113752],[-115.17325,36.113762],[-115.173229,36.113765],[-115.173222,36.113882],[-115.173241,36.113886],[-115.173257,36.113898],[-115.173265,36.113913],[-115.173265,36.113928],[-115.173256,36.113944],[-115.173239,36.113954],[-115.173218,36.113957],[-115.173223,36.114177],[-115.173239,36.114174],[-115.173259,36.114178],[-115.173275,36.114186],[-115.173285,36.114203],[-115.173389,36.114177],[-115.173388,36.11417],[-115.173499,36.114142],[-115.173507,36.114134],[-115.173518,36.114129],[-115.173532,36.114128],[-115.173543,36.114131],[-115.173563,36.114126],[-115.173568,36.114118],[-115.173579,36.114114],[-115.173591,36.114113],[-115.173602,36.114115],[-115.173625,36.114109],[-115.173633,36.114101],[-115.173642,36.114098],[-115.173654,36.114097],[-115.173661,36.1141],[-115.173666,36.114098],[-115.173669,36.114087],[-115.173672,36.114078],[-115.173704,36.114069],[-115.173683,36.114034],[-115.17368,36.114022],[-115.173683,36.114005],[-115.173694,36.113998],[-115.173728,36.113988],[-115.173725,36.113966],[-115.173736,36.113955],[-115.173735,36.113939],[-115.173748,36.113935],[-115.173761,36.113867],[-115.173786,36.113867],[-115.173774,36.113872],[-115.173793,36.113868],[-115.173798,36.113861],[-115.173807,36.113864],[-115.17382,36.113861],[-115.173837,36.113862],[-115.1739,36.113858],[-115.173916,36.113863],[-115.173924,36.113902],[-115.173967,36.113895],[-115.173964,36.113836],[-115.173987,36.113821],[-115.174014,36.113822],[-115.174038,36.113841],[-115.174049,36.113826],[-115.174068,36.113815],[-115.174097,36.113811],[-115.174124,36.113815],[-115.17415,36.113806],[-115.174166,36.11379],[-115.174204,36.113781],[-115.174242,36.113777],[-115.174274,36.113787],[-115.174297,36.113781],[-115.174315,36.113761],[-115.174331,36.113741],[-115.174359,36.113726],[-115.174399,36.113719],[-115.174419,36.113723],[-115.17445,36.113708],[-115.174462,36.113724],[-115.174475,36.113718],[-115.174483,36.113727],[-115.174494,36.113716],[-115.174503,36.113707],[-115.174518,36.113701],[-115.174535,36.113701],[-115.174552,36.113706],[-115.174574,36.113644],[-115.174632,36.113639],[-115.17466,36.113613],[-115.174657,36.113604],[-115.17466,36.113598],[-115.174669,36.113597],[-115.174683,36.113603],[-115.174727,36.113614],[-115.174748,36.113591],[-115.174775,36.113578],[-115.174764,36.113571],[-115.174789,36.113549],[-115.174797,36.113524],[-115.174824,36.113502],[-115.174852,36.113497],[-115.174877,36.113476],[-115.174894,36.113491],[-115.174908,36.11348],[-115.174908,36.113392],[-115.174884,36.113391],[-115.174873,36.113388],[-115.174863,36.113381],[-115.174858,36.113373],[-115.174856,36.113363],[-115.174859,36.113355],[-115.174866,36.11335],[-115.174883,36.113346],[-115.174884,36.11328],[-115.174859,36.113261],[-115.174823,36.113252],[-115.174817,36.113225],[-115.174823,36.113199],[-115.174856,36.113179],[-115.17486,36.113158],[-115.174885,36.113156],[-115.174955,36.113166],[-115.175,36.113114],[-115.17498,36.1131],[-115.174966,36.113087],[-115.17496,36.11307],[-115.17496,36.113049],[-115.174965,36.113028],[-115.174951,36.113018],[-115.17494,36.113002],[-115.174936,36.112988],[-115.174941,36.112963],[-115.174954,36.112946],[-115.174978,36.112927],[-115.174978,36.112819],[-115.174978,36.112762],[-115.174771,36.112762],[-115.174751,36.112727],[-115.174746,36.112681],[-115.174757,36.112644],[-115.174742,36.112598],[-115.174759,36.112552],[-115.174811,36.112538],[-115.174957,36.11254],[-115.174959,36.112491],[-115.174867,36.112485],[-115.174831,36.112463],[-115.174838,36.112439],[-115.174846,36.112413],[-115.174757,36.112386],[-115.174675,36.112325],[-115.174634,36.112276],[-115.174572,36.112109],[-115.174519,36.111994],[-115.174449,36.111888],[-115.174364,36.111783],[-115.174263,36.11168],[-115.174123,36.111573],[-115.174017,36.111503],[-115.173921,36.111455],[-115.173829,36.111422],[-115.173758,36.111412],[-115.173683,36.111409],[-115.173443,36.111408],[-115.173437,36.111424],[-115.173425,36.111438],[-115.173404,36.111454],[-115.173384,36.111465],[-115.173364,36.111472],[-115.173332,36.111476]]]}},{"type":"Feature","properties":{"kind":"vegetation","name":"Lorenzi Park","osm":"way/27550460"},"geometry":{"type":"Polygon","coordinates":[[[-115.187949,36.177412],[-115.18131,36.177324],[-115.181258,36.181039],[-115.187926,36.181152],[-115.187927,36.181021],[-115.187949,36.177412]]]}},{"type":"Feature","properties":{"kind":"vegetation","name":"Wynn Golf Course","osm":"way/27910587"},"geometry":{"type":"Polygon","coordinates":[[[-115.161979,36.1293],[-115.161283,36.129308],[-115.16093,36.129315],[-115.160761,36.129318],[-115.160698,36.129297],[-115.160501,36.129274],[-115.160158,36.129234],[-115.160141,36.129385],[-115.159504,36.129391],[-115.158454,36.129385],[-115.157918,36.129383],[-115.157765,36.129366],[-115.156336,36.129369],[-115.155501,36.129243],[-115.155355,36.128158],[-115.155231,36.12814],[-115.155232,36.127906],[-115.155533,36.127891],[-115.15556,36.12742],[-115.155536,36.127347],[-115.155548,36.126115],[-115.155555,36.125924],[-115.155572,36.125437],[-115.155405,36.125353],[-115.155418,36.124494],[-115.15565,36.124498],[-115.155645,36.12409],[-115.15557,36.12409],[-115.155568,36.123939],[-115.155197,36.12394],[-115.155203,36.12287],[-115.155815,36.122574],[-115.156085,36.12237],[-115.156816,36.122383],[-115.156814,36.122521],[-115.159569,36.122546],[-115.16102,36.122558],[-115.161333,36.122599],[-115.163634,36.122698],[-115.163694,36.122698],[-115.163824,36.122869],[-115.163863,36.12319],[-115.164027,36.123297],[-115.164025,36.123573],[-115.164091,36.123576],[-115.164379,36.123586],[-115.164174,36.124114],[-115.164117,36.1241],[-115.164093,36.124171],[-115.164108,36.124176],[-115.164073,36.124266],[-115.164131,36.124281],[-115.164098,36.124365],[-115.164,36.124638],[-115.16387,36.124929],[-115.163779,36.125128],[-115.163473,36.126047],[-115.163326,36.126389],[-115.163285,36.126484],[-115.163361,36.126677],[-115.16339,36.126711],[-115.163334,36.126958],[-115.16302,36.127748],[-115.162777,36.127679],[-115.162628,36.127722],[-115.162492,36.127921],[-115.16235,36.128271],[-115.162203,36.128282],[-115.162127,36.128332],[-115.16204,36.12858],[-115.161971,36.128778],[-115.162029,36.128885],[-115.162009,36.128991],[-115.161979,36.1293]]]}},{"type":"Feature","properties":{"kind":"vegetation","name":"Paradise Park","osm":"way/27925857"},"geometry":{"type":"Polygon","coordinates":[[[-115.110063,36.105579],[-115.111062,36.105579],[-115.111103,36.104652],[-115.112118,36.10463],[-115.112138,36.100971],[-115.110089,36.100955],[-115.110063,36.105579]]]}},{"type":"Feature","properties":{"kind":"vegetation","name":"Las Vegas Springs Preserve","osm":"way/99462683"},"geometry":{"type":"Polygon","coordinates":[[[-115.190784,36.168782],[-115.190575,36.168833],[-115.190374,36.168899],[-115.190254,36.169006],[-115.190163,36.169145],[-115.190145,36.16923],[-115.190186,36.169412],[-115.190277,36.169564],[-115.190471,36.169668],[-115.190728,36.169734],[-115.190725,36.169695],[-115.190849,36.169705],[-115.191182,36.169599],[-115.191428,36.169781],[-115.191572,36.169841],[-115.191559,36.169915],[-115.191685,36.169955],[-115.191785,36.170053],[-115.191926,36.17009],[-115.192119,36.170096],[-115.192355,36.170033],[-115.192276,36.174817],[-115.192073,36.175719],[-115.189889,36.176017],[-115.188167,36.175879],[-115.187188,36.175677],[-115.185463,36.175263],[-115.183411,36.174767],[-115.178947,36.17495],[-115.178948,36.173498],[-115.178938,36.172665],[-115.181231,36.172693],[-115.18301,36.172696],[-115.183714,36.172687],[-115.186072,36.169986],[-115.186618,36.169198],[-115.187965,36.167603],[-115.188264,36.167755],[-115.188984,36.166916],[-115.189155,36.166866],[-115.189936,36.166848],[-115.189928,36.167174],[-115.190305,36.16759],[-115.192313,36.167562],[-115.192301,36.168972],[-115.190784,36.168782]]]}},{"type":"Feature","properties":{"kind":"water","name":null,"osm":"way/111322080"},"geometry":{"type":"Polygon","coordinates":[[[-115.16728,36.125993],[-115.16732,36.125971],[-115.167336,36.125934],[-115.167328,36.125893],[-115.167299,36.125828],[-115.167095,36.125899],[-115.167108,36.125919],[-115.16714,36.125969],[-115.167194,36.126001],[-115.16728,36.125993]]]}},{"type":"Feature","properties":{"kind":"water","name":null,"osm":"way/111322084"},"geometry":{"type":"Polygon","coordinates":[[[-115.168538,36.125795],[-115.168597,36.125765],[-115.168624,36.125735],[-115.168624,36.1257],[-115.168648,36.12567],[-115.168688,36.125663],[-115.168731,36.125683],[-115.16875,36.12572],[-115.168723,36.125759],[-115.168677,36.125787],[-115.168672,36.125873],[-115.168626,36.125947],[-115.168532,36.126001],[-115.168511,36.126014],[-115.168508,36.126057],[-115.168484,36.126103],[-115.16842,36.126099],[-115.168353,36.126068],[-115.16833,36.126074],[-115.16824,36.126099],[-115.168181,36.126129],[-115.168122,36.12609],[-115.168052,36.126088],[-115.167835,36.126105],[-115.167776,36.126077],[-115.1678,36.126042],[-115.167781,36.126001],[-115.167731,36.125971],[-115.167623,36.125928],[-115.1675,36.12583],[-115.16758,36.125817],[-115.167677,36.125843],[-115.167728,36.125886],[-115.167773,36.125852],[-115.167814,36.125843],[-115.167822,36.125884],[-115.167827,36.125923],[-115.167854,36.125964],[-115.167897,36.125969],[-115.167945,36.12598],[-115.168026,36.126008],[-115.168127,36.126003],[-115.168216,36.126012],[-115.168299,36.126001],[-115.168369,36.125954],[-115.168396,36.125915],[-115.168414,36.12586],[-115.168417,36.125828],[-115.168395,36.125808],[-115.168416,36.12578],[-115.168455,36.125774],[-115.168484,36.125752],[-115.168522,36.12575],[-115.168538,36.125795]]]}},{"type":"Feature","properties":{"kind":"water","name":"Lake of Dreams","osm":"way/111322088"},"geometry":{"type":"Polygon","coordinates":[[[-115.167414,36.126203],[-115.167452,36.126313],[-115.167452,36.126413],[-115.167419,36.126454],[-115.167379,36.126454],[-115.167328,36.126445],[-115.167296,36.126454],[-115.167266,36.126486],[-115.167207,36.126545],[-115.167162,36.126551],[-115.167148,36.126588],[-115.167148,36.126627],[-115.167103,36.126645],[-115.167055,36.126651],[-115.16702,36.126645],[-115.166997,36.126653],[-115.166974,36.126662],[-115.166831,36.126474],[-115.166819,36.126458],[-115.166823,36.126443],[-115.166832,36.126408],[-115.166872,36.126424],[-115.166918,36.126404],[-115.16692,36.126367],[-115.166904,36.12632],[-115.166864,36.126317],[-115.166835,36.126311],[-115.166848,36.126265],[-115.166902,36.126281],[-115.166931,36.126274],[-115.166996,36.126116],[-115.167095,36.126125],[-115.167159,36.126146],[-115.167202,36.126177],[-115.167261,36.126177],[-115.167304,36.126168],[-115.167363,36.126144],[-115.167406,36.126172],[-115.167414,36.126203]]]}},{"type":"Feature","properties":{"kind":"vegetation","name":null,"osm":"way/111339106"},"geometry":{"type":"Polygon","coordinates":[[[-115.167586,36.127357],[-115.167422,36.12726],[-115.167393,36.127199],[-115.167503,36.127119],[-115.167685,36.126941],[-115.167636,36.126907],[-115.167556,36.126909],[-115.16751,36.126902],[-115.167527,36.126881],[-115.167607,36.126846],[-115.167572,36.126796],[-115.167596,36.126764],[-115.167618,36.126738],[-115.167615,36.126694],[-115.167572,36.126703],[-115.167545,36.126679],[-115.167513,36.126651],[-115.167406,36.126658],[-115.167323,36.126597],[-115.167199,36.126703],[-115.167151,36.126736],[-115.167089,36.126716],[-115.167081,36.126684],[-115.167055,36.126651],[-115.167103,36.126645],[-115.167148,36.126627],[-115.167148,36.126588],[-115.167162,36.126551],[-115.167207,36.126545],[-115.167266,36.126486],[-115.167296,36.126454],[-115.167328,36.126445],[-115.167379,36.126454],[-115.167419,36.126454],[-115.167452,36.126413],[-115.167591,36.126415],[-115.167599,36.126339],[-115.167583,36.126233],[-115.167561,36.126179],[-115.167709,36.126103],[-115.167776,36.126077],[-115.167835,36.126105],[-115.168052,36.126088],[-115.168122,36.12609],[-115.168181,36.126129],[-115.16824,36.126099],[-115.168299,36.126155],[-115.168307,36.126246],[-115.168221,36.126328],[-115.168119,36.12638],[-115.168058,36.126456],[-115.168031,36.126593],[-115.168074,36.126686],[-115.168082,36.126796],[-115.16805,36.126924],[-115.167746,36.127366],[-115.167687,36.127379],[-115.167586,36.127357]]]}},{"type":"Feature","properties":{"kind":"water","name":null,"osm":"way/111339154"},"geometry":{"type":"Polygon","coordinates":[[[-115.167376,36.126742],[-115.167379,36.126707],[-115.167406,36.126658],[-115.167513,36.126651],[-115.167545,36.126679],[-115.167572,36.126703],[-115.167615,36.126694],[-115.167618,36.126738],[-115.167596,36.126764],[-115.167572,36.126796],[-115.167561,36.12682],[-115.167492,36.126829],[-115.167454,36.12682],[-115.167376,36.126777],[-115.167376,36.126742]]]}},{"type":"Feature","properties":{"kind":"vegetation","name":null,"osm":"way/111348712"},"geometry":{"type":"Polygon","coordinates":[[[-115.166308,36.125299],[-115.166273,36.125279],[-115.166236,36.125272],[-115.166199,36.125275],[-115.166167,36.125289],[-115.166151,36.125301],[-115.166132,36.125326],[-115.166124,36.125355],[-115.166134,36.125388],[-115.166227,36.125526],[-115.166248,36.125548],[-115.166286,36.125559],[-115.166324,36.125559],[-115.166358,36.125548],[-115.166386,36.125529],[-115.166404,36.125502],[-115.16641,36.12547],[-115.166401,36.125441],[-115.166308,36.125299]]]}},{"type":"Feature","properties":{"kind":"water","name":null,"osm":"way/111348715"},"geometry":{"type":"Polygon","coordinates":[[[-115.167455,36.1269],[-115.16751,36.126902],[-115.167556,36.126909],[-115.167636,36.126907],[-115.167685,36.126941],[-115.167503,36.127119],[-115.167379,36.12703],[-115.167382,36.126928],[-115.167455,36.1269]]]}},{"type":"Feature","properties":{"kind":"vegetation","name":null,"osm":"way/111348716"},"geometry":{"type":"Polygon","coordinates":[[[-115.167624,36.127589],[-115.167648,36.127583],[-115.16764,36.127556],[-115.167379,36.127442],[-115.167364,36.127445],[-115.167334,36.12749],[-115.167341,36.127499],[-115.167357,36.127501],[-115.167398,36.127503],[-115.167432,36.127509],[-115.167624,36.127589]]]}},{"type":"Feature","properties":{"kind":"vegetation","name":null,"osm":"way/111348720"},"geometry":{"type":"Polygon","coordinates":[[[-115.166435,36.125158],[-115.166419,36.125153],[-115.1664,36.125148],[-115.166379,36.125138],[-115.166365,36.125135],[-115.166349,36.12514],[-115.166337,36.125151],[-115.166284,36.125199],[-115.166268,36.125207],[-115.166256,36.125216],[-115.166253,36.125222],[-115.166257,36.12523],[-115.166264,36.125234],[-115.166275,36.125236],[-115.166293,36.125239],[-115.166311,36.125247],[-115.166332,36.125261],[-115.166355,36.125283],[-115.166362,36.125291],[-115.166371,36.125295],[-115.166383,36.125295],[-115.166398,36.125293],[-115.166409,36.125286],[-115.166413,36.125276],[-115.16642,36.12523],[-115.166442,36.125175],[-115.166442,36.125164],[-115.166435,36.125158]]]}},{"type":"Feature","properties":{"kind":"vegetation","name":null,"osm":"way/111348723"},"geometry":{"type":"Polygon","coordinates":[[[-115.166492,36.12492],[-115.166414,36.124871],[-115.166391,36.12484],[-115.166376,36.12481],[-115.166369,36.124775],[-115.166369,36.124704],[-115.166367,36.12467],[-115.166354,36.124644],[-115.166332,36.124624],[-115.166302,36.124612],[-115.166259,36.124608],[-115.166227,36.124617],[-115.166201,36.124633],[-115.166183,36.124656],[-115.166175,36.124691],[-115.166182,36.124731],[-115.1662,36.124775],[-115.166301,36.124947],[-115.166356,36.125038],[-115.166492,36.12492]]]}},{"type":"Feature","properties":{"kind":"vegetation","name":null,"osm":"way/111367837"},"geometry":{"type":"Polygon","coordinates":[[[-115.166781,36.124813],[-115.166655,36.124916],[-115.166651,36.124923],[-115.166651,36.12493],[-115.166655,36.124937],[-115.166664,36.124945],[-115.166676,36.124952],[-115.166691,36.124951],[-115.166821,36.124849],[-115.166781,36.124813]]]}},{"type":"Feature","properties":{"kind":"water","name":null,"osm":"way/111367850"},"geometry":{"type":"Polygon","coordinates":[[[-115.173614,36.116193],[-115.173623,36.116189],[-115.173633,36.116187],[-115.173644,36.116188],[-115.173654,36.116189],[-115.173663,36.116194],[-115.173669,36.1162],[-115.173671,36.116207],[-115.17369,36.116207],[-115.173704,36.116218],[-115.173727,36.116224],[-115.173746,36.116226],[-115.173764,36.116224],[-115.173781,36.116217],[-115.173795,36.116208],[-115.17382,36.116209],[-115.173821,36.116197],[-115.17385,36.116197],[-115.173851,36.116186],[-115.173869,36.116174],[-115.173882,36.11616],[-115.173887,36.116143],[-115.173887,36.116127],[-115.17388,36.116113],[-115.173869,36.116101],[-115.173851,36.11609],[-115.173852,36.116078],[-115.173824,36.116077],[-115.173824,36.116064],[-115.173794,36.116063],[-115.173776,36.116053],[-115.173754,36.11605],[-115.173725,36.11605],[-115.173707,36.116054],[-115.173694,36.116062],[-115.173676,36.116061],[-115.173672,36.116067],[-115.173667,36.116072],[-115.17366,36.116075],[-115.173651,36.116078],[-115.173637,36.116079],[-115.173625,36.116077],[-115.173617,36.116074],[-115.173611,36.116068],[-115.173609,36.116062],[-115.173587,36.116062],[-115.173567,36.116049],[-115.173542,36.116043],[-115.173521,36.116043],[-115.173502,36.116048],[-115.173488,36.116055],[-115.17348,36.116061],[-115.173461,36.116061],[-115.173456,36.116066],[-115.173453,36.116071],[-115.173447,36.116074],[-115.173439,36.116076],[-115.173432,36.116077],[-115.173426,36.116077],[-115.17342,36.116076],[-115.173413,36.116075],[-115.173403,36.116069],[-115.173399,36.116061],[-115.173398,36.116056],[-115.173376,36.116056],[-115.173368,36.116051],[-115.173356,36.116045],[-115.173343,36.116039],[-115.173329,36.116036],[-115.173313,36.116034],[-115.173296,36.116037],[-115.173281,36.116042],[-115.173272,36.116048],[-115.173263,36.116053],[-115.173237,36.116051],[-115.173236,36.116065],[-115.173219,36.116066],[-115.173205,36.116079],[-115.173193,36.116093],[-115.173183,36.116111],[-115.173181,36.116131],[-115.173188,36.11615],[-115.173201,36.116169],[-115.173214,36.116181],[-115.17323,36.116182],[-115.173231,36.116196],[-115.173257,36.116196],[-115.173268,36.116204],[-115.173289,36.11621],[-115.173314,36.116214],[-115.173335,36.116212],[-115.173349,36.116208],[-115.173367,36.1162],[-115.173389,36.116201],[-115.173396,36.116194],[-115.173403,36.116188],[-115.173409,36.116185],[-115.173424,36.116183],[-115.173437,36.116184],[-115.173448,36.116189],[-115.173455,36.116193],[-115.17346,36.116202],[-115.173481,36.116202],[-115.17349,36.116208],[-115.173502,36.116213],[-115.173511,36.116215],[-115.173523,36.116217],[-115.173535,36.116217],[-115.173548,36.116216],[-115.173566,36.116211],[-115.173582,36.116204],[-115.173604,36.116205],[-115.173605,36.1162],[-115.173609,36.116196],[-115.173614,36.116193]]]}},{"type":"Feature","properties":{"kind":"vegetation","name":null,"osm":"way/111367858"},"geometry":{"type":"Polygon","coordinates":[[[-115.166612,36.124959],[-115.166638,36.124991],[-115.16664,36.124999],[-115.166638,36.125005],[-115.166631,36.125013],[-115.16649,36.125091],[-115.166471,36.125094],[-115.166457,36.125094],[-115.166446,36.125092],[-115.166443,36.125084],[-115.166445,36.125077],[-115.16645,36.12507],[-115.166593,36.124963],[-115.1666,36.124959],[-115.166606,36.124958],[-115.166612,36.124959]]]}},{"type":"Feature","properties":{"kind":"water","name":null,"osm":"way/111367860"},"geometry":{"type":"Polygon","coordinates":[[[-115.173388,36.114885],[-115.173312,36.114884],[-115.17324,36.114899],[-115.1732,36.114922],[-115.173164,36.114951],[-115.173144,36.114987],[-115.173133,36.115019],[-115.173132,36.115061],[-115.173132,36.115087],[-115.173206,36.11509],[-115.173216,36.115027],[-115.173213,36.115022],[-115.173225,36.115001],[-115.173226,36.114982],[-115.173226,36.114967],[-115.173236,36.114958],[-115.17325,36.114953],[-115.17328,36.114952],[-115.173316,36.114952],[-115.173328,36.114952],[-115.173388,36.114951],[-115.173388,36.114885]]]}},{"type":"Feature","properties":{"kind":"vegetation","name":null,"osm":"way/111413429"},"geometry":{"type":"Polygon","coordinates":[[[-115.168524,36.126159],[-115.168476,36.126142],[-115.168446,36.126187],[-115.168411,36.126174],[-115.168329,36.1262],[-115.16833,36.126074],[-115.168353,36.126068],[-115.16842,36.126099],[-115.168484,36.126103],[-115.168508,36.126057],[-115.168511,36.126014],[-115.168532,36.126001],[-115.168626,36.125947],[-115.168672,36.125873],[-115.168677,36.125787],[-115.168723,36.125759],[-115.16875,36.12572],[-115.168731,36.125683],[-115.168688,36.125663],[-115.168648,36.12567],[-115.168624,36.1257],[-115.168624,36.125735],[-115.168589,36.12576],[-115.168538,36.125795],[-115.168522,36.12575],[-115.168484,36.125752],[-115.168455,36.125774],[-115.168416,36.12578],[-115.168337,36.125772],[-115.168342,36.125683],[-115.168127,36.125626],[-115.168154,36.12557],[-115.167668,36.125401],[-115.167521,36.12536],[-115.167036,36.125421],[-115.167178,36.125267],[-115.167151,36.125249],[-115.167205,36.125189],[-115.167049,36.125083],[-115.166963,36.125135],[-115.166899,36.125206],[-115.166878,36.125189],[-115.166727,36.12534],[-115.166711,36.125323],[-115.166631,36.12536],[-115.166583,36.125301],[-115.166574,36.125283],[-115.166562,36.125253],[-115.166558,36.125227],[-115.166563,36.125199],[-115.166577,36.125176],[-115.166621,36.125123],[-115.166648,36.125102],[-115.166726,36.125072],[-115.166823,36.125031],[-115.166914,36.124992],[-115.166968,36.124974],[-115.166996,36.124971],[-115.167021,36.124973],[-115.167041,36.124982],[-115.167092,36.125027],[-115.167157,36.125083],[-115.167329,36.125194],[-115.167486,36.125282],[-115.167677,36.12536],[-115.16784,36.125435],[-115.168076,36.125514],[-115.168208,36.125555],[-115.168213,36.125614],[-115.168487,36.125659],[-115.168524,36.125703],[-115.168589,36.125631],[-115.168685,36.12564],[-115.168768,36.125655],[-115.168835,36.125681],[-115.168806,36.125742],[-115.168674,36.12593],[-115.168607,36.126034],[-115.168524,36.126159]]]}},{"type":"Feature","properties":{"kind":"vegetation","name":null,"osm":"way/111413430"},"geometry":{"type":"Polygon","coordinates":[[[-115.168358,36.126423],[-115.168299,36.126382],[-115.168307,36.126246],[-115.168221,36.126328],[-115.168119,36.12638],[-115.168058,36.126456],[-115.168031,36.126593],[-115.168074,36.126686],[-115.168082,36.126796],[-115.16805,36.126924],[-115.168358,36.126423]]]}},{"type":"Feature","properties":{"kind":"vegetation","name":null,"osm":"way/111413434"},"geometry":{"type":"Polygon","coordinates":[[[-115.166155,36.12566],[-115.166166,36.125654],[-115.166172,36.125645],[-115.166173,36.125636],[-115.166081,36.125518],[-115.166039,36.12545],[-115.166034,36.125431],[-115.166038,36.125405],[-115.166042,36.125379],[-115.166043,36.125363],[-115.166031,36.125353],[-115.166016,36.125355],[-115.165998,36.125364],[-115.165985,36.125379],[-115.165976,36.125406],[-115.16598,36.125445],[-115.165994,36.125487],[-115.16605,36.125571],[-115.166129,36.125654],[-115.166141,36.12566],[-115.166155,36.12566]]]}},{"type":"Feature","properties":{"kind":"vegetation","name":"Bellagio Conservatory & Botanical Gardens","osm":"way/114718351"},"geometry":{"type":"Polygon","coordinates":[[[-115.176741,36.112152],[-115.176795,36.112109],[-115.176796,36.111904],[-115.17674,36.111857],[-115.176386,36.111858],[-115.176331,36.111903],[-115.17633,36.112106],[-115.176384,36.112151],[-115.176741,36.112152]]]}},{"type":"Feature","properties":{"kind":"vegetation","name":null,"osm":"way/114724330"},"geometry":{"type":"Polygon","coordinates":[[[-115.167306,36.111747],[-115.167304,36.111416],[-115.166491,36.11142],[-115.166493,36.111751],[-115.167306,36.111747]]]}},{"type":"Feature","properties":{"kind":"vegetation","name":null,"osm":"way/114724336"},"geometry":{"type":"Polygon","coordinates":[[[-115.167291,36.112206],[-115.167288,36.111876],[-115.16648,36.11188],[-115.166483,36.11221],[-115.167291,36.112206]]]}},{"type":"Feature","properties":{"kind":"water","name":null,"osm":"way/114977814"},"geometry":{"type":"Polygon","coordinates":[[[-115.174568,36.09989],[-115.174576,36.099884],[-115.174713,36.099996],[-115.174632,36.100077],[-115.174525,36.100134],[-115.174401,36.100162],[-115.174272,36.100158],[-115.17421,36.100144],[-115.174149,36.100123],[-115.174151,36.100119],[-115.174153,36.100108],[-115.174151,36.100097],[-115.174144,36.100088],[-115.174132,36.100078],[-115.174044,36.100008],[-115.174033,36.099999],[-115.174023,36.099994],[-115.174012,36.099991],[-115.174,36.099991],[-115.173991,36.099993],[-115.173945,36.099895],[-115.173937,36.099792],[-115.17397,36.099692],[-115.174039,36.099604],[-115.174138,36.099539],[-115.174255,36.09963],[-115.174236,36.09965],[-115.174217,36.099651],[-115.1742,36.099656],[-115.174185,36.099665],[-115.174174,36.099675],[-115.174166,36.099692],[-115.174164,36.099709],[-115.17417,36.099725],[-115.174181,36.09974],[-115.174197,36.09975],[-115.174217,36.099757],[-115.174249,36.099756],[-115.174268,36.099749],[-115.174333,36.099796],[-115.174358,36.099815],[-115.174396,36.099845],[-115.174445,36.099883],[-115.174434,36.099901],[-115.174431,36.09992],[-115.174437,36.09994],[-115.174451,36.099957],[-115.174471,36.099969],[-115.174495,36.099975],[-115.174521,36.099974],[-115.174544,36.099966],[-115.174562,36.099951],[-115.174573,36.099933],[-115.174576,36.099913],[-115.174568,36.09989]]]}},{"type":"Feature","properties":{"kind":"water","name":null,"osm":"way/115544403"},"geometry":{"type":"Polygon","coordinates":[[[-115.173545,36.101073],[-115.173465,36.101092],[-115.173396,36.101132],[-115.173348,36.101188],[-115.173325,36.101254],[-115.17333,36.101322],[-115.173366,36.101426],[-115.173405,36.101445],[-115.173457,36.101444],[-115.173546,36.101373],[-115.173451,36.101297],[-115.173551,36.101216],[-115.173645,36.101292],[-115.173728,36.101224],[-115.173728,36.101072],[-115.173545,36.101073]]]}},{"type":"Feature","properties":{"kind":"vegetation","name":null,"osm":"way/115667042"},"geometry":{"type":"Polygon","coordinates":[[[-115.176443,36.106207],[-115.176446,36.106078],[-115.176464,36.105895],[-115.176209,36.105782],[-115.176195,36.105803],[-115.176169,36.10579],[-115.176188,36.105766],[-115.176113,36.105731],[-115.176425,36.105303],[-115.176209,36.105206],[-115.176331,36.10504],[-115.176283,36.105017],[-115.176281,36.104996],[-115.176319,36.104945],[-115.176733,36.104946],[-115.176838,36.105032],[-115.176878,36.105068],[-115.177102,36.105401],[-115.176911,36.105459],[-115.17686,36.105492],[-115.176826,36.105536],[-115.176834,36.106094],[-115.176833,36.106171],[-115.176821,36.106194],[-115.176809,36.106211],[-115.176443,36.106207]]]}},{"type":"Feature","properties":{"kind":"water","name":null,"osm":"way/115776193"},"geometry":{"type":"Polygon","coordinates":[[[-115.170777,36.122712],[-115.170577,36.122691],[-115.170545,36.122734],[-115.1705,36.122713],[-115.170456,36.122543],[-115.170388,36.122535],[-115.170263,36.122542],[-115.170265,36.122497],[-115.170489,36.1225],[-115.170684,36.122501],[-115.170688,36.122299],[-115.170689,36.122211],[-115.170691,36.122138],[-115.170694,36.121947],[-115.170667,36.12192],[-115.170656,36.121921],[-115.170608,36.12192],[-115.170551,36.121919],[-115.170504,36.121909],[-115.170304,36.121905],[-115.170306,36.121845],[-115.170508,36.121849],[-115.170554,36.121853],[-115.170609,36.121855],[-115.170659,36.121856],[-115.170975,36.122101],[-115.170973,36.122139],[-115.170971,36.122213],[-115.170968,36.122299],[-115.170966,36.122333],[-115.171015,36.122351],[-115.170868,36.122569],[-115.170819,36.122551],[-115.170772,36.122622],[-115.17082,36.122644],[-115.170777,36.122712]]]}},{"type":"Feature","properties":{"kind":"vegetation","name":null,"osm":"way/115879533"},"geometry":{"type":"Polygon","coordinates":[[[-115.166341,36.124335],[-115.166451,36.124303],[-115.166609,36.12457],[-115.166717,36.124719],[-115.166722,36.124733],[-115.16672,36.124748],[-115.16671,36.124764],[-115.166689,36.124785],[-115.16666,36.124809],[-115.166626,36.124834],[-115.166597,36.124849],[-115.166558,36.124855],[-115.166525,36.124847],[-115.1665,36.124838],[-115.166481,36.124821],[-115.166471,36.124808],[-115.166463,36.124791],[-115.166459,36.124769],[-115.166458,36.124703],[-115.166456,36.124654],[-115.166431,36.124605],[-115.166387,36.124566],[-115.166328,36.124541],[-115.16625,36.124535],[-115.166185,36.124552],[-115.166134,36.124584],[-115.166097,36.12463],[-115.166084,36.124692],[-115.16609,36.124723],[-115.166027,36.124816],[-115.165955,36.124803],[-115.165958,36.124775],[-115.165834,36.124738],[-115.165852,36.124689],[-115.166,36.12473],[-115.166081,36.124526],[-115.166153,36.124541],[-115.166172,36.124485],[-115.166231,36.124504],[-115.166255,36.12445],[-115.166317,36.124463],[-115.166344,36.124381],[-115.166341,36.124335]]]}},{"type":"Feature","properties":{"kind":"vegetation","name":null,"osm":"way/115895864"},"geometry":{"type":"Polygon","coordinates":[[[-115.167272,36.127405],[-115.166908,36.127253],[-115.166848,36.127247],[-115.166799,36.127256],[-115.166752,36.12728],[-115.166731,36.1273],[-115.166708,36.127342],[-115.166704,36.127366],[-115.166713,36.127411],[-115.166728,36.127437],[-115.166767,36.127469],[-115.166796,36.127483],[-115.166849,36.127493],[-115.166903,36.127488],[-115.166942,36.127474],[-115.167009,36.127448],[-115.16708,36.127436],[-115.167169,36.127453],[-115.167206,36.127466],[-115.167238,36.127466],[-115.167265,36.127454],[-115.167284,36.127427],[-115.167279,36.127412],[-115.167272,36.127405]]]}},{"type":"Feature","properties":{"kind":"vegetation","name":"Las Vegas Festival Grounds","osm":"way/117684178"},"geometry":{"type":"Polygon","coordinates":[[[-115.159507,36.140898],[-115.159863,36.140355],[-115.159929,36.140383],[-115.162534,36.14152],[-115.162554,36.1419],[-115.163692,36.141951],[-115.163839,36.141937],[-115.163947,36.141899],[-115.164072,36.141842],[-115.164174,36.141759],[-115.164317,36.141574],[-115.164432,36.141302],[-115.165877,36.141947],[-115.165909,36.141982],[-115.16592,36.142023],[-115.165912,36.142064],[-115.165107,36.143309],[-115.165016,36.143381],[-115.164894,36.143402],[-115.162336,36.143277],[-115.162184,36.143279],[-115.16209,36.143304],[-115.162011,36.143348],[-115.16194,36.143429],[-115.161894,36.14356],[-115.161874,36.143592],[-115.16184,36.14362],[-115.161779,36.143634],[-115.158102,36.143507],[-115.157929,36.143493],[-115.157861,36.14342],[-115.157848,36.143338],[-115.158376,36.14264],[-115.159507,36.140898]]]}},{"type":"Feature","properties":{"kind":"vegetation","name":"Old Las Vegas Mormon Fort State Historic Park","osm":"way/129478115"},"geometry":{"type":"Polygon","coordinates":[[[-115.134259,36.180325],[-115.134255,36.180323],[-115.134212,36.180301],[-115.134199,36.180293],[-115.134184,36.180284],[-115.134184,36.180284],[-115.134141,36.180251],[-115.134114,36.180245],[-115.133679,36.180159],[-115.133549,36.180137],[-115.133497,36.180225],[-115.133481,36.180233],[-115.133287,36.180208],[-115.132696,36.180076],[-115.132687,36.180117],[-115.132684,36.180602],[-115.132684,36.180664],[-115.132687,36.181059],[-115.133919,36.181056],[-115.13396,36.181045],[-115.133998,36.18103],[-115.134033,36.18101],[-115.134064,36.180986],[-115.134097,36.18089],[-115.134145,36.180701],[-115.134198,36.180512],[-115.134259,36.180325]]]}},{"type":"Feature","properties":{"kind":"vegetation","name":"Orr School Park","osm":"way/129860665"},"geometry":{"type":"Polygon","coordinates":[[[-115.128399,36.120474],[-115.128763,36.120418],[-115.130341,36.12039],[-115.130341,36.122104],[-115.128258,36.12209],[-115.128399,36.120474]]]}},{"type":"Feature","properties":{"kind":"vegetation","name":"Woodlawn Cemetery","osm":"way/130208310"},"geometry":{"type":"Polygon","coordinates":[[[-115.133899,36.186353],[-115.133899,36.188371],[-115.12523,36.188371],[-115.12523,36.186353],[-115.133899,36.186353]]]}},{"type":"Feature","properties":{"kind":"vegetation","name":"Bob Baskin Park","osm":"way/130208318"},"geometry":{"type":"Polygon","coordinates":[[[-115.181181,36.149647],[-115.181145,36.151551],[-115.18113,36.151551],[-115.18083,36.151549],[-115.179744,36.15154],[-115.179449,36.151537],[-115.179481,36.151085],[-115.179932,36.150649],[-115.180352,36.150169],[-115.180411,36.14984],[-115.180379,36.149475],[-115.180765,36.149536],[-115.181181,36.149647]]]}},{"type":"Feature","properties":{"kind":"vegetation","name":"Downtown Las Vegas Events Center","osm":"way/130585558"},"geometry":{"type":"Polygon","coordinates":[[[-115.145452,36.168416],[-115.144469,36.168009],[-115.14383,36.169017],[-115.144813,36.169423],[-115.145452,36.168416]]]}},{"type":"Feature","properties":{"kind":"vegetation","name":"Huntridge Circle Park","osm":"way/130590858"},"geometry":{"type":"Polygon","coordinates":[[[-115.136912,36.15536],[-115.136719,36.155652],[-115.136605,36.155841],[-115.13653,36.155998],[-115.136492,36.156151],[-115.136471,36.156415],[-115.136483,36.156574],[-115.136536,36.156791],[-115.136637,36.157007],[-115.136712,36.157143],[-115.136782,36.157242],[-115.136843,36.15729],[-115.136915,36.157305],[-115.136974,36.157304],[-115.137027,36.157289],[-115.137069,36.157262],[-115.137163,36.15716],[-115.137283,36.156975],[-115.137342,36.156851],[-115.137424,36.156661],[-115.13745,36.156482],[-115.137451,36.156278],[-115.137417,36.15607],[-115.137348,36.155885],[-115.137259,36.155695],[-115.137008,36.155357],[-115.136912,36.15536]]]}},{"type":"Feature","properties":{"kind":"vegetation","name":"Molasky Family Park","osm":"way/130591875"},"geometry":{"type":"Polygon","coordinates":[[[-115.141678,36.122069],[-115.139492,36.122065],[-115.139583,36.120353],[-115.141767,36.120349],[-115.141678,36.122069]]]}},{"type":"Feature","properties":{"kind":"vegetation","name":"Jaycee Park","osm":"way/130591901"},"geometry":{"type":"Polygon","coordinates":[[[-115.118633,36.147983],[-115.118598,36.148043],[-115.118554,36.148087],[-115.118475,36.148104],[-115.118405,36.148105],[-115.118296,36.148075],[-115.118051,36.148016],[-115.117814,36.14797],[-115.117565,36.147954],[-115.117118,36.147949],[-115.114467,36.147951],[-115.114503,36.146628],[-115.116075,36.146628],[-115.116075,36.14606],[-115.116075,36.145843],[-115.118629,36.145884],[-115.118642,36.147899],[-115.118633,36.147983]]]}},{"type":"Feature","properties":{"kind":"vegetation","name":"Symphony Park","osm":"way/130776871"},"geometry":{"type":"Polygon","coordinates":[[[-115.152154,36.170001],[-115.152415,36.1696],[-115.151153,36.169034],[-115.150876,36.16946],[-115.152154,36.170001]]]}},{"type":"Feature","properties":{"kind":"vegetation","name":null,"osm":"way/132157001"},"geometry":{"type":"Polygon","coordinates":[[[-115.140673,36.163397],[-115.140467,36.163714],[-115.141068,36.163969],[-115.141274,36.163652],[-115.140673,36.163397]]]}},{"type":"Feature","properties":{"kind":"vegetation","name":null,"osm":"way/133758462"},"geometry":{"type":"Polygon","coordinates":[[[-115.15539,36.110654],[-115.154353,36.11058],[-115.154309,36.110552],[-115.153961,36.11052],[-115.154056,36.10985],[-115.154078,36.109759],[-115.154116,36.109674],[-115.154173,36.109591],[-115.154238,36.109524],[-115.154308,36.10947],[-115.154397,36.109417],[-115.154476,36.109384],[-115.154576,36.109354],[-115.154672,36.109341],[-115.154746,36.109342],[-115.154738,36.109431],[-115.15479,36.109432],[-115.154793,36.109494],[-115.15541,36.109492],[-115.155411,36.109457],[-115.156145,36.109456],[-115.156175,36.109663],[-115.155414,36.110277],[-115.155383,36.110628],[-115.15539,36.110654]]]}},{"type":"Feature","properties":{"kind":"vegetation","name":null,"osm":"way/133763576"},"geometry":{"type":"Polygon","coordinates":[[[-115.160703,36.107499],[-115.161273,36.107497],[-115.161488,36.107334],[-115.161494,36.106795],[-115.160903,36.106785],[-115.160707,36.106927],[-115.160703,36.107414],[-115.160703,36.107499]]]}},{"type":"Feature","properties":{"kind":"vegetation","name":null,"osm":"way/133778347"},"geometry":{"type":"Polygon","coordinates":[[[-115.122054,36.186679],[-115.122053,36.186344],[-115.120717,36.186347],[-115.120718,36.186681],[-115.122054,36.186679]]]}},{"type":"Feature","properties":{"kind":"water","name":null,"osm":"way/134124146"},"geometry":{"type":"Polygon","coordinates":[[[-115.14557,36.136698],[-115.145642,36.13673],[-115.145704,36.136771],[-115.14576,36.136784],[-115.145827,36.136784],[-115.145891,36.136767],[-115.145921,36.136728],[-115.14594,36.136678],[-115.145953,36.136609],[-115.14598,36.136533],[-115.145993,36.136455],[-115.14598,36.136394],[-115.14594,36.136358],[-115.145873,36.136332],[-115.145798,36.136336],[-115.145722,36.136375],[-115.145663,36.136438],[-115.145615,36.136475],[-115.145559,36.13649],[-115.145492,36.136485],[-115.145435,36.136468],[-115.145376,36.136464],[-115.14532,36.136477],[-115.145277,36.136507],[-115.14524,36.136557],[-115.14523,36.136589],[-115.145224,36.136613],[-115.145245,36.136674],[-115.14528,36.136708],[-115.145331,36.136721],[-115.145401,36.136706],[-115.145457,36.136693],[-115.145519,36.136685],[-115.14557,36.136698]]]}},{"type":"Feature","properties":{"kind":"water","name":null,"osm":"way/134124150"},"geometry":{"type":"Polygon","coordinates":[[[-115.140334,36.139681],[-115.140371,36.139646],[-115.140414,36.139587],[-115.140441,36.139505],[-115.140425,36.139414],[-115.14039,36.139301],[-115.140371,36.139236],[-115.140377,36.1392],[-115.140425,36.139156],[-115.1405,36.139113],[-115.140527,36.13908],[-115.14054,36.139011],[-115.140527,36.138929],[-115.140508,36.138866],[-115.140455,36.13882],[-115.140377,36.138799],[-115.14033,36.138797],[-115.140253,36.13881],[-115.140189,36.138849],[-115.140101,36.138922],[-115.140012,36.138994],[-115.139958,36.139015],[-115.139929,36.139031],[-115.139913,36.139057],[-115.139934,36.139083],[-115.140015,36.139111],[-115.140106,36.13918],[-115.140165,36.139282],[-115.140184,36.139377],[-115.140162,36.139477],[-115.14016,36.139563],[-115.140186,36.139628],[-115.140235,36.139676],[-115.140285,36.139687],[-115.140334,36.139681]]]}},{"type":"Feature","properties":{"kind":"water","name":null,"osm":"way/134124151"},"geometry":{"type":"Polygon","coordinates":[[[-115.146458,36.134436],[-115.14649,36.134423],[-115.146508,36.134397],[-115.146511,36.134371],[-115.146481,36.134349],[-115.14641,36.134317],[-115.146358,36.134293],[-115.146276,36.134238],[-115.146243,36.134215],[-115.146232,36.134185],[-115.146232,36.134135],[-115.146251,36.13409],[-115.146275,36.134057],[-115.146315,36.134044],[-115.146449,36.13404],[-115.146565,36.134027],[-115.14668,36.133975],[-115.146771,36.133806],[-115.146798,36.133721],[-115.146779,36.133658],[-115.146723,36.133613],[-115.146632,36.133531],[-115.146586,36.133509],[-115.146457,36.133466],[-115.146337,36.133385],[-115.146216,36.133314],[-115.146119,36.133258],[-115.146082,36.133236],[-115.146009,36.133165],[-115.146003,36.133154],[-115.145998,36.133141],[-115.145972,36.133097],[-115.14595,36.133022],[-115.145942,36.132961],[-115.145972,36.132889],[-115.146023,36.132814],[-115.146087,36.132746],[-115.146109,36.132694],[-115.146093,36.132651],[-115.146047,36.132623],[-115.145956,36.132616],[-115.145897,36.132629],[-115.145832,36.132668],[-115.145781,36.132714],[-115.145763,36.132805],[-115.145688,36.133037],[-115.14565,36.133117],[-115.145639,36.133167],[-115.145663,36.133225],[-115.145717,36.133279],[-115.145859,36.133351],[-115.145999,36.133437],[-115.146133,36.133507],[-115.146264,36.133552],[-115.146388,36.133593],[-115.146549,36.133643],[-115.146613,36.133676],[-115.14664,36.133732],[-115.146624,36.133823],[-115.1466,36.133888],[-115.146581,36.133927],[-115.146546,36.133936],[-115.146288,36.133921],[-115.146221,36.13394],[-115.146186,36.13399],[-115.146125,36.134014],[-115.146055,36.134005],[-115.145991,36.134007],[-115.145926,36.134035],[-115.145886,36.134085],[-115.145897,36.134159],[-115.145878,36.13422],[-115.145878,36.13428],[-115.145918,36.1343],[-115.145983,36.134313],[-115.146047,36.13431],[-115.146114,36.134282],[-115.14617,36.134267],[-115.146224,36.134269],[-115.146251,36.134317],[-115.146272,36.134369],[-115.146313,36.134407],[-115.146371,36.134432],[-115.14641,36.134436],[-115.146458,36.134436]]]}},{"type":"Feature","properties":{"kind":"water","name":null,"osm":"way/134124152"},"geometry":{"type":"Polygon","coordinates":[[[-115.146514,36.135285],[-115.146669,36.13527],[-115.146768,36.135298],[-115.146887,36.135342],[-115.146964,36.135355],[-115.147029,36.135342],[-115.147069,36.135303],[-115.14708,36.135238],[-115.14708,36.135144],[-115.147093,36.13508],[-115.147149,36.13501],[-115.147184,36.134939],[-115.147184,36.134876],[-115.14716,36.134833],[-115.147074,36.134774],[-115.146948,36.134677],[-115.146838,36.134599],[-115.146785,36.134536],[-115.146768,36.134482],[-115.146742,36.134445],[-115.146683,36.134419],[-115.146594,36.134386],[-115.146549,36.134401],[-115.14653,36.134423],[-115.146543,36.134453],[-115.1466,36.134479],[-115.146661,36.134523],[-115.146785,36.134666],[-115.146857,36.134757],[-115.146865,36.134839],[-115.146819,36.134926],[-115.146699,36.135045],[-115.146589,36.135123],[-115.146487,36.135164],[-115.146406,36.135196],[-115.146374,36.135244],[-115.14639,36.135279],[-115.146428,36.135298],[-115.146514,36.135285]]]}},{"type":"Feature","properties":{"kind":"water","name":null,"osm":"way/134124154"},"geometry":{"type":"Polygon","coordinates":[[[-115.147997,36.135214],[-115.147852,36.135173],[-115.147753,36.135134],[-115.147732,36.135115],[-115.147716,36.13509],[-115.147707,36.135068],[-115.147708,36.135041],[-115.147723,36.135012],[-115.147741,36.134999],[-115.14777,36.135003],[-115.147857,36.135012],[-115.147916,36.13501],[-115.147994,36.134993],[-115.148069,36.134993],[-115.148139,36.134997],[-115.148198,36.134963],[-115.148262,36.134934],[-115.148343,36.134932],[-115.148469,36.134965],[-115.148598,36.135032],[-115.148678,36.135114],[-115.148692,36.135235],[-115.148692,36.135417],[-115.148724,36.135504],[-115.148777,36.135593],[-115.148783,36.135658],[-115.148748,36.135716],[-115.148684,36.135745],[-115.14859,36.13576],[-115.148528,36.135742],[-115.148461,36.135716],[-115.148431,36.135671],[-115.148399,36.135587],[-115.148391,36.135567],[-115.148354,36.135446],[-115.148305,36.13537],[-115.148254,36.135311],[-115.148168,36.13527],[-115.147997,36.135214]]]}},{"type":"Feature","properties":{"kind":"water","name":null,"osm":"way/134124158"},"geometry":{"type":"Polygon","coordinates":[[[-115.151229,36.138836],[-115.151307,36.138823],[-115.151377,36.138797],[-115.151417,36.138753],[-115.151436,36.138712],[-115.15143,36.138649],[-115.151398,36.138561],[-115.151355,36.138467],[-115.151344,36.138409],[-115.151366,36.138337],[-115.151419,36.138216],[-115.151438,36.138123],[-115.15143,36.138015],[-115.151395,36.137928],[-115.151358,36.137865],[-115.151312,36.137831],[-115.151256,36.137813],[-115.151197,36.137811],[-115.151167,36.137835],[-115.151154,36.13788],[-115.151162,36.137945],[-115.151159,36.138015],[-115.151122,36.138114],[-115.151094,36.138151],[-115.151057,36.138199],[-115.151034,36.138229],[-115.150985,36.13829],[-115.150939,36.138394],[-115.150918,36.138524],[-115.150929,36.138649],[-115.150977,36.138734],[-115.151047,36.138799],[-115.151127,36.138831],[-115.151229,36.138836]]]}},{"type":"Feature","properties":{"kind":"water","name":null,"osm":"way/134124159"},"geometry":{"type":"Polygon","coordinates":[[[-115.13917,36.139462],[-115.139312,36.139488],[-115.139374,36.139488],[-115.139427,36.139479],[-115.139457,36.139451],[-115.139459,36.139403],[-115.139438,36.139334],[-115.139379,36.139204],[-115.139374,36.139139],[-115.13939,36.139083],[-115.139422,36.139046],[-115.139478,36.139022],[-115.139607,36.139018],[-115.139671,36.139022],[-115.139709,36.139018],[-115.13972,36.138992],[-115.139653,36.138959],[-115.139596,36.138914],[-115.13954,36.13882],[-115.139484,36.138714],[-115.139419,36.138641],[-115.139347,36.138597],[-115.139277,36.13858],[-115.139229,36.138589],[-115.139189,36.138639],[-115.139156,36.138714],[-115.139146,36.138877],[-115.139143,36.138989],[-115.139084,36.139143],[-115.139041,36.139271],[-115.139038,36.139358],[-115.139063,36.139414],[-115.139119,36.139447],[-115.13917,36.139462]]]}},{"type":"Feature","properties":{"kind":"water","name":null,"osm":"way/134124162"},"geometry":{"type":"Polygon","coordinates":[[[-115.143094,36.13751],[-115.143174,36.137443],[-115.14326,36.137378],[-115.143359,36.137354],[-115.143459,36.137358],[-115.143542,36.137363],[-115.143585,36.137348],[-115.143612,36.1373],[-115.143614,36.137254],[-115.143579,36.137161],[-115.143531,36.13707],[-115.143477,36.137012],[-115.143429,36.136973],[-115.143394,36.136958],[-115.143357,36.136953],[-115.143314,36.136971],[-115.143271,36.137029],[-115.143209,36.137142],[-115.143164,36.137185],[-115.143016,36.137289],[-115.142906,36.137358],[-115.142869,36.137395],[-115.142847,36.137436],[-115.142863,36.137487],[-115.142866,36.137497],[-115.142903,36.13754],[-115.142952,36.137562],[-115.143005,36.137566],[-115.143046,36.137549],[-115.143094,36.13751]]]}},{"type":"Feature","properties":{"kind":"vegetation","name":null,"osm":"way/134673375"},"geometry":{"type":"Polygon","coordinates":[[[-115.146589,36.13281],[-115.146976,36.132758],[-115.146962,36.132544],[-115.147061,36.132522],[-115.146927,36.131987],[-115.146866,36.131623],[-115.147088,36.131593],[-115.147037,36.131313],[-115.147099,36.131142],[-115.146501,36.130915],[-115.146292,36.130914],[-115.146072,36.131085],[-115.145919,36.131302],[-115.146509,36.132327],[-115.146493,36.132598],[-115.146589,36.13281]]]}},{"type":"Feature","properties":{"kind":"water","name":null,"osm":"way/134678847"},"geometry":{"type":"Polygon","coordinates":[[[-115.156527,36.137006],[-115.156516,36.137001],[-115.156505,36.136994],[-115.156498,36.136986],[-115.156492,36.136974],[-115.156492,36.136952],[-115.156499,36.136938],[-115.156513,36.136925],[-115.15652,36.136922],[-115.156526,36.136919],[-115.156534,36.136917],[-115.15655,36.136916],[-115.156571,36.13692],[-115.156586,36.136927],[-115.15659,36.136931],[-115.156596,36.136937],[-115.156601,36.136944],[-115.156606,36.136966],[-115.156602,36.136979],[-115.156591,36.136994],[-115.156582,36.137],[-115.156567,36.137007],[-115.156559,36.137008],[-115.156544,36.137009],[-115.156527,36.137006]]]}},{"type":"Feature","properties":{"kind":"water","name":null,"osm":"way/134678849"},"geometry":{"type":"Polygon","coordinates":[[[-115.155754,36.138094],[-115.155744,36.13809],[-115.155733,36.138082],[-115.155726,36.138075],[-115.15572,36.138062],[-115.15572,36.13804],[-115.155727,36.138026],[-115.155741,36.138014],[-115.155747,36.13801],[-115.155754,36.138008],[-115.155762,36.138006],[-115.155777,36.138005],[-115.155799,36.138008],[-115.155813,36.138016],[-115.155817,36.138019],[-115.155824,36.138026],[-115.155828,36.138032],[-115.155833,36.138054],[-115.15583,36.138067],[-115.155818,36.138082],[-115.155809,36.138089],[-115.155794,36.138095],[-115.155786,36.138097],[-115.155772,36.138098],[-115.155754,36.138094]]]}},{"type":"Feature","properties":{"kind":"water","name":null,"osm":"way/134678850"},"geometry":{"type":"Polygon","coordinates":[[[-115.156528,36.138556],[-115.156517,36.138551],[-115.156507,36.138544],[-115.1565,36.138536],[-115.156493,36.138523],[-115.156493,36.138501],[-115.1565,36.138488],[-115.156514,36.138475],[-115.156521,36.138472],[-115.156528,36.138469],[-115.156536,36.138467],[-115.156551,36.138466],[-115.156572,36.13847],[-115.156587,36.138477],[-115.156591,36.13848],[-115.156598,36.138487],[-115.156602,36.138494],[-115.156607,36.138516],[-115.156604,36.138528],[-115.156592,36.138544],[-115.156583,36.13855],[-115.156568,36.138557],[-115.15656,36.138558],[-115.156546,36.138559],[-115.156528,36.138556]]]}},{"type":"Feature","properties":{"kind":"water","name":null,"osm":"way/134678852"},"geometry":{"type":"Polygon","coordinates":[[[-115.15527,36.136986],[-115.155259,36.136981],[-115.155248,36.136974],[-115.155241,36.136966],[-115.155234,36.136953],[-115.155234,36.136931],[-115.155242,36.136917],[-115.155256,36.136904],[-115.155263,36.136901],[-115.155269,36.136898],[-115.155278,36.136896],[-115.155293,36.136895],[-115.155315,36.136899],[-115.155329,36.136906],[-115.155334,36.136909],[-115.155341,36.136916],[-115.155345,36.136923],[-115.15535,36.136945],[-115.155346,36.136958],[-115.155335,36.136974],[-115.155326,36.13698],[-115.155311,36.136987],[-115.155302,36.136989],[-115.155288,36.136989],[-115.15527,36.136986]]]}},{"type":"Feature","properties":{"kind":"vegetation","name":null,"osm":"way/135459989"},"geometry":{"type":"Polygon","coordinates":[[[-115.12555,36.127933],[-115.126011,36.125424],[-115.125008,36.125325],[-115.124992,36.125706],[-115.124686,36.127842],[-115.12555,36.127933]]]}},{"type":"Feature","properties":{"kind":"water","name":null,"osm":"way/135460324"},"geometry":{"type":"Polygon","coordinates":[[[-115.123046,36.126395],[-115.123117,36.126404],[-115.12317,36.126397],[-115.123241,36.126376],[-115.123278,36.12636],[-115.123311,36.126342],[-115.123317,36.126328],[-115.12332,36.126313],[-115.123316,36.126298],[-115.123305,36.126283],[-115.12326,36.126258],[-115.123214,36.126214],[-115.123135,36.12612],[-115.123082,36.126044],[-115.123059,36.126015],[-115.123029,36.125987],[-115.122988,36.125958],[-115.122943,36.125935],[-115.122912,36.125913],[-115.122889,36.125888],[-115.122867,36.125858],[-115.122858,36.125821],[-115.122844,36.125789],[-115.122828,36.125758],[-115.122806,36.125735],[-115.122771,36.125718],[-115.12267,36.125711],[-115.122616,36.125705],[-115.122562,36.125701],[-115.122528,36.125706],[-115.122492,36.125714],[-115.122419,36.12576],[-115.122405,36.125778],[-115.122394,36.125798],[-115.12239,36.125827],[-115.122392,36.125841],[-115.122402,36.125856],[-115.122437,36.125878],[-115.122461,36.1259],[-115.122484,36.125928],[-115.122513,36.125979],[-115.12254,36.126036],[-115.122563,36.126067],[-115.1226,36.126096],[-115.12269,36.126138],[-115.122773,36.126174],[-115.12282,36.126218],[-115.122847,36.126285],[-115.122862,36.12631],[-115.122884,36.126334],[-115.122945,36.126366],[-115.122993,36.126383],[-115.123046,36.126395]]]}},{"type":"Feature","properties":{"kind":"water","name":null,"osm":"way/135460330"},"geometry":{"type":"Polygon","coordinates":[[[-115.123181,36.127214],[-115.12327,36.127183],[-115.123306,36.127169],[-115.123328,36.127148],[-115.123366,36.127119],[-115.12341,36.127097],[-115.123474,36.127082],[-115.123516,36.127066],[-115.123549,36.127062],[-115.123598,36.12706],[-115.123622,36.127062],[-115.123647,36.127066],[-115.12369,36.127071],[-115.123734,36.127074],[-115.12379,36.127069],[-115.123821,36.127054],[-115.123839,36.127036],[-115.123851,36.127017],[-115.123858,36.126998],[-115.123857,36.126973],[-115.123849,36.126949],[-115.123834,36.126927],[-115.123812,36.12691],[-115.123759,36.126866],[-115.123713,36.126838],[-115.123582,36.126772],[-115.123479,36.126694],[-115.12341,36.126559],[-115.123395,36.12654],[-115.12338,36.126527],[-115.123351,36.126516],[-115.123321,36.12651],[-115.12329,36.126512],[-115.123257,36.126523],[-115.123022,36.126608],[-115.122997,36.126625],[-115.12298,36.126646],[-115.122973,36.126657],[-115.122971,36.126669],[-115.12297,36.126698],[-115.122979,36.126725],[-115.122996,36.12675],[-115.12305,36.126802],[-115.123077,36.126871],[-115.123072,36.126971],[-115.123042,36.127069],[-115.123036,36.127134],[-115.123037,36.127164],[-115.123048,36.127192],[-115.123066,36.127213],[-115.123086,36.127226],[-115.123107,36.127232],[-115.123128,36.127234],[-115.123157,36.127227],[-115.123181,36.127214]]]}},{"type":"Feature","properties":{"kind":"water","name":null,"osm":"way/135460334"},"geometry":{"type":"Polygon","coordinates":[[[-115.125453,36.124597],[-115.125518,36.124568],[-115.125569,36.124499],[-115.125609,36.124458],[-115.125668,36.124428],[-115.125743,36.124408],[-115.125899,36.124384],[-115.125958,36.124371],[-115.12599,36.12435],[-115.126009,36.124306],[-115.125995,36.124235],[-115.12596,36.124172],[-115.125925,36.12409],[-115.125907,36.124033],[-115.125861,36.123966],[-115.125834,36.123923],[-115.125824,36.123882],[-115.125805,36.123849],[-115.125781,36.123834],[-115.125751,36.12383],[-115.125706,36.123832],[-115.125671,36.123851],[-115.125633,36.123921],[-115.125587,36.123992],[-115.12555,36.124029],[-115.125502,36.124053],[-115.125435,36.124059],[-115.125362,36.124074],[-115.125311,36.124096],[-115.125268,36.124131],[-115.125247,36.12417],[-115.125233,36.124228],[-115.125241,36.124289],[-115.12529,36.124352],[-115.12533,36.124395],[-115.125343,36.124438],[-115.125341,36.124506],[-115.125349,36.124549],[-115.125373,36.124579],[-115.12541,36.124599],[-115.125453,36.124597]]]}},{"type":"Feature","properties":{"kind":"water","name":null,"osm":"way/135460339"},"geometry":{"type":"Polygon","coordinates":[[[-115.119735,36.128466],[-115.119772,36.128392],[-115.119815,36.128327],[-115.119885,36.128301],[-115.119944,36.128293],[-115.120009,36.128271],[-115.120068,36.128249],[-115.12011,36.128219],[-115.120137,36.128171],[-115.120132,36.128119],[-115.120116,36.128059],[-115.120109,36.128051],[-115.120094,36.128033],[-115.120019,36.12802],[-115.119955,36.128033],[-115.119885,36.128063],[-115.119826,36.128089],[-115.11974,36.128089],[-115.119697,36.128089],[-115.119654,36.128102],[-115.119638,36.12815],[-115.119633,36.128323],[-115.119612,36.128371],[-115.119585,36.128423],[-115.119595,36.128483],[-115.119628,36.128522],[-115.119676,36.128527],[-115.119714,36.128502],[-115.119735,36.128466]]]}},{"type":"Feature","properties":{"kind":"water","name":null,"osm":"way/135460343"},"geometry":{"type":"Polygon","coordinates":[[[-115.119789,36.127981],[-115.119848,36.127937],[-115.119933,36.12792],[-115.120046,36.127916],[-115.12011,36.12792],[-115.120169,36.127907],[-115.120202,36.127859],[-115.120207,36.127807],[-115.120239,36.12776],[-115.120266,36.127725],[-115.120282,36.127686],[-115.120277,36.127634],[-115.120234,36.127504],[-115.120212,36.127456],[-115.120164,36.127409],[-115.119998,36.127318],[-115.119944,36.127296],[-115.11989,36.127313],[-115.11981,36.127391],[-115.119805,36.127443],[-115.119837,36.127508],[-115.119837,36.127556],[-115.119789,36.127634],[-115.119767,36.127716],[-115.119746,36.12779],[-115.119697,36.127877],[-115.119671,36.127937],[-115.119681,36.127989],[-115.11973,36.128002],[-115.119789,36.127981]]]}},{"type":"Feature","properties":{"kind":"vegetation","name":null,"osm":"way/135463968"},"geometry":{"type":"Polygon","coordinates":[[[-115.124456,36.128029],[-115.124493,36.128016],[-115.124517,36.127992],[-115.124547,36.127916],[-115.124584,36.127587],[-115.124598,36.127414],[-115.124622,36.127178],[-115.124676,36.126528],[-115.124721,36.126172],[-115.124708,36.126008],[-115.124665,36.125817],[-115.124646,36.1257],[-115.124654,36.125596],[-115.124735,36.125436],[-115.124796,36.12528],[-115.124845,36.124989],[-115.124882,36.124699],[-115.124933,36.124437],[-115.124987,36.124285],[-115.125134,36.124121],[-115.125258,36.123949],[-115.125354,36.123917],[-115.125454,36.123869],[-115.125614,36.123774],[-115.125663,36.123685],[-115.125641,36.123631],[-115.125577,36.123631],[-115.12551,36.123655],[-115.125419,36.123728],[-115.125322,36.123769],[-115.12525,36.123776],[-115.125185,36.123793],[-115.125134,36.123832],[-115.125016,36.123986],[-115.124858,36.124173],[-115.124684,36.124391],[-115.124566,36.124607],[-115.124507,36.124844],[-115.124488,36.125143],[-115.124437,36.125654],[-115.124397,36.126083],[-115.124324,36.126486],[-115.124306,36.126651],[-115.124359,36.126759],[-115.124453,36.127008],[-115.124448,36.127333],[-115.124351,36.127652],[-115.124346,36.127881],[-115.12437,36.127985],[-115.124389,36.128012],[-115.124421,36.128026],[-115.124456,36.128029]]]}},{"type":"Feature","properties":{"kind":"vegetation","name":null,"osm":"way/135464332"},"geometry":{"type":"Polygon","coordinates":[[[-115.120564,36.12138],[-115.120682,36.121395],[-115.120789,36.121356],[-115.120829,36.121274],[-115.120813,36.121196],[-115.120736,36.121116],[-115.120593,36.12109],[-115.120483,36.121033],[-115.120347,36.120936],[-115.120266,36.120918],[-115.120169,36.120939],[-115.120121,36.120973],[-115.120127,36.121022],[-115.120151,36.121074],[-115.120148,36.121121],[-115.120175,36.121171],[-115.120234,36.121191],[-115.120304,36.121183],[-115.120371,36.121144],[-115.120427,36.121154],[-115.120454,36.121211],[-115.120462,36.121269],[-115.120489,36.121329],[-115.120564,36.12138]]]}},{"type":"Feature","properties":{"kind":"vegetation","name":null,"osm":"way/135464333"},"geometry":{"type":"Polygon","coordinates":[[[-115.121967,36.122138],[-115.121999,36.122095],[-115.121978,36.122047],[-115.121661,36.121854],[-115.121414,36.121662],[-115.121216,36.12151],[-115.121097,36.121464],[-115.121001,36.121493],[-115.120958,36.121601],[-115.121071,36.121679],[-115.121189,36.121701],[-115.121271,36.121695],[-115.121352,36.121726],[-115.121543,36.121891],[-115.121715,36.121987],[-115.121854,36.122078],[-115.121929,36.122134],[-115.121967,36.122138]]]}},{"type":"Feature","properties":{"kind":"vegetation","name":null,"osm":"way/135464612"},"geometry":{"type":"Polygon","coordinates":[[[-115.119928,36.120691],[-115.120266,36.1207],[-115.120459,36.120635],[-115.120803,36.1205],[-115.121301,36.120515],[-115.121795,36.120505],[-115.122305,36.120457],[-115.122922,36.120461],[-115.123351,36.120474],[-115.123581,36.120474],[-115.123877,36.12044],[-115.124483,36.120288],[-115.12481,36.120142],[-115.124933,36.12005],[-115.125046,36.119993],[-115.125132,36.119964],[-115.125175,36.119907],[-115.125191,36.119834],[-115.125191,36.119781],[-115.125175,36.119733],[-115.12514,36.119714],[-115.125075,36.119704],[-115.125024,36.119724],[-115.124997,36.119763],[-115.125003,36.119822],[-115.124976,36.119885],[-115.124914,36.119921],[-115.124831,36.119913],[-115.124657,36.119934],[-115.124429,36.120043],[-115.124002,36.120166],[-115.123611,36.120268],[-115.123241,36.120261],[-115.122849,36.120263],[-115.122677,36.120296],[-115.122457,36.120286],[-115.122179,36.120253],[-115.121841,36.120268],[-115.121481,36.120284],[-115.121261,36.120337],[-115.120792,36.120385],[-115.120475,36.12045],[-115.120124,36.12052],[-115.119893,36.120583],[-115.11985,36.120623],[-115.119869,36.120666],[-115.119928,36.120691]]]}},{"type":"Feature","properties":{"kind":"vegetation","name":null,"osm":"way/135465945"},"geometry":{"type":"Polygon","coordinates":[[[-115.125893,36.124727],[-115.125977,36.124712],[-115.12603,36.124654],[-115.126095,36.124584],[-115.126146,36.124515],[-115.126205,36.124394],[-115.126242,36.124209],[-115.126239,36.123895],[-115.126247,36.123653],[-115.126213,36.123388],[-115.126215,36.123206],[-115.126175,36.123104],[-115.126135,36.123084],[-115.126068,36.123115],[-115.126033,36.12319],[-115.126052,36.123536],[-115.126068,36.123917],[-115.126052,36.124161],[-115.126049,36.124307],[-115.125987,36.124415],[-115.125923,36.124519],[-115.125869,36.124566],[-115.125808,36.124599],[-115.125786,36.124638],[-115.125815,36.12469],[-115.125859,36.124725],[-115.125893,36.124727]]]}},{"type":"Feature","properties":{"kind":"vegetation","name":null,"osm":"way/135466065"},"geometry":{"type":"Polygon","coordinates":[[[-115.124547,36.128477],[-115.124676,36.128473],[-115.124772,36.128456],[-115.124788,36.128395],[-115.124751,36.128371],[-115.124408,36.128365],[-115.123463,36.128352],[-115.123083,36.128378],[-115.122637,36.128391],[-115.12217,36.128462],[-115.121725,36.128525],[-115.1215,36.128625],[-115.121269,36.128659],[-115.121097,36.128691],[-115.120862,36.128763],[-115.120797,36.128782],[-115.120706,36.128778],[-115.120609,36.128787],[-115.120566,36.128834],[-115.120599,36.128886],[-115.120674,36.128911],[-115.120792,36.128889],[-115.120931,36.128885],[-115.121339,36.128833],[-115.121607,36.128763],[-115.121956,36.128659],[-115.122444,36.128616],[-115.122959,36.128629],[-115.123453,36.12859],[-115.124102,36.128503],[-115.124547,36.128477]]]}},{"type":"Feature","properties":{"kind":"vegetation","name":null,"osm":"way/135466109"},"geometry":{"type":"Polygon","coordinates":[[[-115.121318,36.129327],[-115.121409,36.129322],[-115.121441,36.129272],[-115.121398,36.129236],[-115.121135,36.129202],[-115.120717,36.129153],[-115.120207,36.129106],[-115.120057,36.129101],[-115.119966,36.12912],[-115.119907,36.12915],[-115.119826,36.129158],[-115.119772,36.129116],[-115.119724,36.129046],[-115.119714,36.12898],[-115.119638,36.128947],[-115.119574,36.128958],[-115.119521,36.129015],[-115.119547,36.129106],[-115.11958,36.129162],[-115.119655,36.129223],[-115.119773,36.12927],[-115.119966,36.129279],[-115.120239,36.129275],[-115.120642,36.129288],[-115.120964,36.129305],[-115.121318,36.129327]]]}},{"type":"Feature","properties":{"kind":"vegetation","name":null,"osm":"way/135466237"},"geometry":{"type":"Polygon","coordinates":[[[-115.119252,36.129301],[-115.119284,36.129272],[-115.119327,36.129059],[-115.119397,36.128696],[-115.119478,36.128486],[-115.119606,36.127983],[-115.11966,36.127541],[-115.119756,36.12701],[-115.119746,36.126649],[-115.119767,36.126376],[-115.119735,36.126187],[-115.119692,36.126038],[-115.119687,36.125969],[-115.119724,36.125896],[-115.119724,36.125834],[-115.119703,36.125752],[-115.119671,36.125697],[-115.119601,36.125688],[-115.119505,36.125722],[-115.119467,36.125795],[-115.119483,36.125843],[-115.119526,36.125882],[-115.119553,36.125943],[-115.119574,36.125983],[-115.11952,36.126208],[-115.119461,36.126676],[-115.119499,36.126874],[-115.119526,36.127009],[-115.119451,36.127221],[-115.119381,36.127611],[-115.119381,36.127996],[-115.11936,36.128443],[-115.119258,36.128846],[-115.119199,36.12914],[-115.119199,36.129257],[-115.119252,36.129301]]]}},{"type":"Feature","properties":{"kind":"vegetation","name":null,"osm":"way/135467032"},"geometry":{"type":"Polygon","coordinates":[[[-115.120062,36.125934],[-115.120049,36.125888],[-115.120065,36.125845],[-115.120127,36.125845],[-115.120178,36.125919],[-115.120204,36.126053],[-115.12036,36.126103],[-115.120411,36.126192],[-115.120411,36.126469],[-115.120457,36.126692],[-115.120604,36.126928],[-115.120609,36.127093],[-115.120609,36.127325],[-115.120633,36.127471],[-115.120644,36.127554],[-115.120612,36.127726],[-115.120518,36.127913],[-115.120438,36.128035],[-115.120403,36.128124],[-115.1204,36.12823],[-115.120357,36.128345],[-115.120271,36.128419],[-115.120183,36.128472],[-115.120116,36.12854],[-115.120065,36.128557],[-115.119958,36.128533],[-115.119907,36.128484],[-115.119907,36.128443],[-115.119923,36.128402],[-115.120057,36.128356],[-115.120186,36.128324],[-115.120261,36.128274],[-115.120271,36.128187],[-115.120237,36.128048],[-115.12028,36.127903],[-115.120312,36.127726],[-115.120271,36.127453],[-115.120293,36.127362],[-115.120298,36.127236],[-115.120255,36.1271],[-115.120255,36.126983],[-115.120261,36.126807],[-115.120293,36.126629],[-115.12029,36.126361],[-115.120271,36.126226],[-115.120137,36.126172],[-115.1201,36.126126],[-115.120062,36.125934]]]}},{"type":"Feature","properties":{"kind":"vegetation","name":null,"osm":"way/135467047"},"geometry":{"type":"Polygon","coordinates":[[[-115.120854,36.128421],[-115.121041,36.128369],[-115.12121,36.128295],[-115.121417,36.128195],[-115.121704,36.128072],[-115.122077,36.127968],[-115.122243,36.127942],[-115.122364,36.12791],[-115.122487,36.127879],[-115.122589,36.127836],[-115.122696,36.127762],[-115.12279,36.127665],[-115.12286,36.127634],[-115.122916,36.127639],[-115.122972,36.127674],[-115.123029,36.127688],[-115.123064,36.127678],[-115.123099,36.127648],[-115.123107,36.127583],[-115.123074,36.127528],[-115.123029,36.1275],[-115.122967,36.127489],[-115.122903,36.127487],[-115.122809,36.127517],[-115.12261,36.127586],[-115.122297,36.127693],[-115.122017,36.127812],[-115.121666,36.127963],[-115.121368,36.128126],[-115.121186,36.128198],[-115.121038,36.128256],[-115.120883,36.128311],[-115.120819,36.128341],[-115.120805,36.128389],[-115.120821,36.128416],[-115.120854,36.128421]]]}},{"type":"Feature","properties":{"kind":"vegetation","name":null,"osm":"way/135467113"},"geometry":{"type":"Polygon","coordinates":[[[-115.123386,36.127723],[-115.123436,36.127713],[-115.123469,36.127667],[-115.123423,36.12757],[-115.123313,36.127424],[-115.123034,36.127218],[-115.122981,36.127054],[-115.122978,36.126907],[-115.122951,36.126777],[-115.122868,36.126606],[-115.122795,36.126406],[-115.122659,36.126211],[-115.122533,36.126109],[-115.122423,36.125945],[-115.122331,36.125803],[-115.122243,36.125699],[-115.122098,36.125598],[-115.121975,36.125511],[-115.121744,36.125416],[-115.121438,36.125241],[-115.121178,36.125083],[-115.120875,36.124918],[-115.120553,36.124737],[-115.120363,36.124597],[-115.120309,36.124515],[-115.120269,36.124433],[-115.120229,36.124409],[-115.120194,36.124408],[-115.120118,36.124423],[-115.120035,36.12443],[-115.119968,36.124411],[-115.119896,36.12435],[-115.119818,36.124303],[-115.119743,36.124307],[-115.119705,36.124345],[-115.119676,36.124412],[-115.119646,36.12446],[-115.119663,36.124517],[-115.119735,36.124534],[-115.119799,36.124514],[-115.119875,36.124515],[-115.120019,36.124607],[-115.120263,36.124768],[-115.120626,36.124981],[-115.121092,36.125267],[-115.121398,36.125433],[-115.12172,36.125608],[-115.121932,36.125728],[-115.122082,36.125813],[-115.122168,36.12591],[-115.12228,36.126148],[-115.122374,36.126317],[-115.122543,36.126573],[-115.122661,36.126768],[-115.122736,36.126924],[-115.122913,36.12721],[-115.123058,36.127366],[-115.1232,36.127487],[-115.123278,36.127609],[-115.123335,36.127695],[-115.123386,36.127723]]]}},{"type":"Feature","properties":{"kind":"vegetation","name":null,"osm":"way/135467169"},"geometry":{"type":"Polygon","coordinates":[[[-115.119582,36.124071],[-115.119641,36.124042],[-115.11966,36.123891],[-115.119665,36.123683],[-115.11966,36.123364],[-115.11963,36.123141],[-115.119593,36.122877],[-115.119561,36.122634],[-115.119529,36.122385],[-115.119496,36.122296],[-115.119421,36.122229],[-115.119416,36.122184],[-115.11948,36.122146],[-115.119539,36.122138],[-115.119617,36.12213],[-115.119649,36.122084],[-115.119628,36.122006],[-115.11955,36.121954],[-115.119418,36.121934],[-115.119316,36.121962],[-115.119295,36.122034],[-115.1193,36.122151],[-115.119271,36.122192],[-115.119207,36.122263],[-115.119217,36.122361],[-115.11929,36.122522],[-115.119437,36.122788],[-115.119499,36.123143],[-115.11952,36.123299],[-115.119542,36.123564],[-115.11952,36.123865],[-115.11951,36.124005],[-115.119528,36.124059],[-115.119582,36.124071]]]}},{"type":"Feature","properties":{"kind":"vegetation","name":null,"osm":"way/135467371"},"geometry":{"type":"Polygon","coordinates":[[[-115.121114,36.124331],[-115.121071,36.124294],[-115.121057,36.124253],[-115.121065,36.124227],[-115.121095,36.124216],[-115.121135,36.124225],[-115.121245,36.124282],[-115.121468,36.124391],[-115.121693,36.124506],[-115.121991,36.124636],[-115.122221,36.124786],[-115.122455,36.124979],[-115.122755,36.125232],[-115.12297,36.125464],[-115.123192,36.125652],[-115.123367,36.125862],[-115.123474,36.126053],[-115.123597,36.126194],[-115.12371,36.1263],[-115.123817,36.126441],[-115.123914,36.126603],[-115.123978,36.126763],[-115.124051,36.127084],[-115.124059,36.127307],[-115.124032,36.127427],[-115.123975,36.127534],[-115.123935,36.12763],[-115.123927,36.127721],[-115.123976,36.127799],[-115.124045,36.127877],[-115.12411,36.127927],[-115.124112,36.127988],[-115.124069,36.12802],[-115.123992,36.128022],[-115.123916,36.128002],[-115.123868,36.127955],[-115.123855,36.12789],[-115.123839,36.127801],[-115.123801,36.127732],[-115.123756,36.127682],[-115.123748,36.127635],[-115.123772,36.127531],[-115.123796,36.127479],[-115.123807,36.127418],[-115.123799,36.127364],[-115.123758,36.127281],[-115.12374,36.127245],[-115.123734,36.127212],[-115.123756,36.12718],[-115.123833,36.127126],[-115.123871,36.12705],[-115.123863,36.126957],[-115.123842,36.126902],[-115.123707,36.126803],[-115.123568,36.126688],[-115.123482,36.12661],[-115.123426,36.126517],[-115.123361,36.126346],[-115.123313,36.126257],[-115.123133,36.126044],[-115.122956,36.125886],[-115.122849,36.125739],[-115.122656,36.125531],[-115.122473,36.125355],[-115.122297,36.12518],[-115.121996,36.124868],[-115.121709,36.124641],[-115.121527,36.12456],[-115.121315,36.124456],[-115.121114,36.124331]]]}},{"type":"Feature","properties":{"kind":"vegetation","name":null,"osm":"way/142899196"},"geometry":{"type":"Polygon","coordinates":[[[-115.167478,36.126175],[-115.167561,36.126179],[-115.167709,36.126103],[-115.167776,36.126077],[-115.1678,36.126042],[-115.167781,36.126001],[-115.167731,36.125971],[-115.167623,36.125928],[-115.1675,36.12583],[-115.16758,36.125817],[-115.167677,36.125843],[-115.167728,36.125886],[-115.167773,36.125852],[-115.167814,36.125843],[-115.167843,36.125843],[-115.167926,36.125837],[-115.167953,36.125785],[-115.167899,36.125769],[-115.167859,36.125733],[-115.167822,36.125772],[-115.167787,36.12578],[-115.167784,36.125798],[-115.16769,36.125806],[-115.16768,36.12578],[-115.167559,36.125737],[-115.167553,36.125813],[-115.167457,36.125808],[-115.167454,36.125787],[-115.16743,36.125787],[-115.167419,36.12575],[-115.16735,36.125761],[-115.167358,36.125821],[-115.167391,36.12594],[-115.167337,36.126014],[-115.167239,36.126052],[-115.167132,36.12602],[-115.167069,36.125944],[-115.166982,36.126001],[-115.166926,36.125958],[-115.166875,36.126066],[-115.166921,36.126084],[-115.166989,36.126105],[-115.166996,36.126116],[-115.167095,36.126125],[-115.167159,36.126146],[-115.167202,36.126177],[-115.167261,36.126177],[-115.167304,36.126168],[-115.167363,36.126144],[-115.167406,36.126172],[-115.167414,36.126203],[-115.167478,36.126175]]]}},{"type":"Feature","properties":{"kind":"vegetation","name":"Hadland Park","osm":"way/150564985"},"geometry":{"type":"Polygon","coordinates":[[[-115.113814,36.165205],[-115.113756,36.166378],[-115.111775,36.16634],[-115.111775,36.165205],[-115.113814,36.165205]]]}},{"type":"Feature","properties":{"kind":"vegetation","name":null,"osm":"way/156626857"},"geometry":{"type":"Polygon","coordinates":[[[-115.166813,36.12872],[-115.166792,36.128761],[-115.166828,36.128794],[-115.166778,36.128837],[-115.166684,36.128841],[-115.16662,36.128831],[-115.16657,36.12885],[-115.166529,36.128837],[-115.166497,36.1288],[-115.166476,36.128785],[-115.166498,36.128733],[-115.16653,36.128671],[-115.166632,36.128696],[-115.166638,36.128681],[-115.166813,36.12872]]]}},{"type":"Feature","properties":{"kind":"vegetation","name":null,"osm":"way/156626859"},"geometry":{"type":"Polygon","coordinates":[[[-115.166362,36.128809],[-115.166408,36.128776],[-115.166476,36.128785],[-115.166498,36.128733],[-115.16653,36.128671],[-115.165419,36.128393],[-115.165375,36.128456],[-115.165906,36.12864],[-115.165947,36.128597],[-115.166022,36.128627],[-115.166022,36.128646],[-115.166118,36.128681],[-115.166132,36.128662],[-115.166276,36.128735],[-115.166251,36.12878],[-115.166362,36.128809]]]}},{"type":"Feature","properties":{"kind":"vegetation","name":null,"osm":"way/156988437"},"geometry":{"type":"Polygon","coordinates":[[[-115.161625,36.128713],[-115.161864,36.12875],[-115.161746,36.129088],[-115.161746,36.129226],[-115.16151,36.129183],[-115.161625,36.128713]]]}},{"type":"Feature","properties":{"kind":"vegetation","name":null,"osm":"way/180766585"},"geometry":{"type":"Polygon","coordinates":[[[-115.173319,36.123473],[-115.173186,36.123469],[-115.173126,36.12268],[-115.17315,36.122567],[-115.173144,36.12251],[-115.17336,36.12242],[-115.173426,36.122395],[-115.17375,36.122399],[-115.173748,36.122475],[-115.17335,36.122469],[-115.173345,36.122635],[-115.173319,36.123473]]]}},{"type":"Feature","properties":{"kind":"vegetation","name":null,"osm":"way/180766586"},"geometry":{"type":"Polygon","coordinates":[[[-115.173465,36.122252],[-115.173268,36.122373],[-115.173069,36.122488],[-115.173023,36.122488],[-115.172981,36.122458],[-115.172926,36.122387],[-115.172911,36.122281],[-115.172933,36.122184],[-115.173065,36.122061],[-115.173224,36.121912],[-115.173304,36.121954],[-115.173287,36.122048],[-115.173282,36.122212],[-115.173464,36.122222],[-115.173465,36.122252]]]}},{"type":"Feature","properties":{"kind":"vegetation","name":null,"osm":"way/180766592"},"geometry":{"type":"Polygon","coordinates":[[[-115.172759,36.122674],[-115.172799,36.122674],[-115.172932,36.122814],[-115.172943,36.122826],[-115.173069,36.123006],[-115.173054,36.123229],[-115.173038,36.123398],[-115.172833,36.12353],[-115.172548,36.123567],[-115.172473,36.123558],[-115.172448,36.123541],[-115.172449,36.12351],[-115.172742,36.123513],[-115.172897,36.12334],[-115.172914,36.122841],[-115.172759,36.122674]]]}},{"type":"Feature","properties":{"kind":"water","name":null,"osm":"way/180831029"},"geometry":{"type":"Polygon","coordinates":[[[-115.171247,36.121706],[-115.171076,36.121574],[-115.171099,36.121551],[-115.171153,36.121536],[-115.171248,36.121526],[-115.171261,36.121595],[-115.171363,36.121583],[-115.171441,36.121573],[-115.171421,36.121677],[-115.171334,36.121665],[-115.171269,36.121677],[-115.171247,36.121706]]]}},{"type":"Feature","properties":{"kind":"vegetation","name":null,"osm":"way/181480259"},"geometry":{"type":"Polygon","coordinates":[[[-115.188049,36.175184],[-115.187955,36.175165],[-115.18757,36.174988],[-115.186702,36.174814],[-115.1865,36.174706],[-115.186247,36.174718],[-115.185954,36.17477],[-115.185456,36.174761],[-115.184936,36.174821],[-115.184529,36.174756],[-115.184383,36.174662],[-115.184236,36.174668],[-115.184073,36.174625],[-115.183896,36.174647],[-115.183628,36.174573],[-115.183501,36.174616],[-115.183134,36.174526],[-115.183071,36.174646],[-115.18211,36.17469],[-115.182064,36.174602],[-115.18229,36.17445],[-115.182714,36.174364],[-115.183352,36.17448],[-115.18413,36.174506],[-115.185047,36.174515],[-115.18546,36.174437],[-115.186048,36.174177],[-115.186415,36.174102],[-115.1867,36.174142],[-115.186734,36.17432],[-115.186533,36.174458],[-115.186765,36.174667],[-115.187995,36.174911],[-115.188222,36.174847],[-115.188516,36.174941],[-115.18884,36.175157],[-115.189092,36.175229],[-115.189369,36.175209],[-115.189717,36.175094],[-115.190473,36.174421],[-115.190606,36.174473],[-115.190648,36.174948],[-115.190814,36.175256],[-115.190767,36.175467],[-115.190605,36.175521],[-115.190337,36.175398],[-115.190031,36.175297],[-115.189655,36.175407],[-115.189387,36.175459],[-115.189019,36.175334],[-115.188599,36.17519],[-115.188257,36.175095],[-115.188049,36.175184]]]}},{"type":"Feature","properties":{"kind":"water","name":null,"osm":"way/181480261"},"geometry":{"type":"Polygon","coordinates":[[[-115.185281,36.172768],[-115.185106,36.17277],[-115.184919,36.172742],[-115.184774,36.172714],[-115.184597,36.172738],[-115.184551,36.172826],[-115.184463,36.172941],[-115.184445,36.172993],[-115.184492,36.173051],[-115.184699,36.173019],[-115.185015,36.173004],[-115.185259,36.173034],[-115.185444,36.173032],[-115.185707,36.172961],[-115.185745,36.172911],[-115.18552,36.172796],[-115.185281,36.172768]]]}},{"type":"Feature","properties":{"kind":"vegetation","name":null,"osm":"way/182367894"},"geometry":{"type":"Polygon","coordinates":[[[-115.164614,36.129888],[-115.164608,36.129758],[-115.164501,36.129641],[-115.164409,36.129625],[-115.164389,36.129617],[-115.164101,36.129497],[-115.164016,36.129433],[-115.163893,36.129433],[-115.163823,36.129485],[-115.16386,36.129522],[-115.164048,36.129587],[-115.164241,36.129662],[-115.164359,36.129749],[-115.164576,36.12989],[-115.164614,36.129888]]]}},{"type":"Feature","properties":{"kind":"vegetation","name":null,"osm":"way/182367897"},"geometry":{"type":"Polygon","coordinates":[[[-115.165233,36.130265],[-115.165204,36.130193],[-115.165086,36.130074],[-115.165,36.130005],[-115.16489,36.12989],[-115.16485,36.129831],[-115.164804,36.12981],[-115.164804,36.129888],[-115.164858,36.129981],[-115.164928,36.130039],[-115.165059,36.130113],[-115.165142,36.130167],[-115.165188,36.130219],[-115.165233,36.130265]]]}},{"type":"Feature","properties":{"kind":"vegetation","name":null,"osm":"way/182524937"},"geometry":{"type":"Polygon","coordinates":[[[-115.165552,36.130525],[-115.165629,36.130523],[-115.1657,36.130462],[-115.165794,36.130308],[-115.165984,36.129998],[-115.166137,36.129834],[-115.166067,36.129868],[-115.166016,36.129881],[-115.165944,36.129886],[-115.165893,36.129877],[-115.165845,36.129946],[-115.165681,36.129899],[-115.165601,36.129933],[-115.165579,36.129942],[-115.165611,36.129979],[-115.165365,36.130089],[-115.165301,36.130001],[-115.165197,36.129892],[-115.165097,36.129783],[-115.165039,36.129823],[-115.165075,36.129866],[-115.165095,36.129938],[-115.165116,36.130007],[-115.165202,36.130087],[-115.165291,36.130198],[-115.165328,36.130271],[-115.165351,36.130364],[-115.165401,36.130453],[-115.165444,36.130484],[-115.165493,36.130514],[-115.165552,36.130525]]]}},{"type":"Feature","properties":{"kind":"vegetation","name":null,"osm":"way/182527018"},"geometry":{"type":"Polygon","coordinates":[[[-115.16364,36.129565],[-115.163632,36.12953],[-115.163442,36.129461],[-115.163082,36.129372],[-115.162653,36.129294],[-115.162237,36.129255],[-115.162211,36.129279],[-115.162229,36.129312],[-115.16261,36.129353],[-115.163037,36.129422],[-115.163375,36.129502],[-115.163597,36.129572],[-115.16364,36.129565]]]}},{"type":"Feature","properties":{"kind":"vegetation","name":null,"osm":"way/182527019"},"geometry":{"type":"Polygon","coordinates":[[[-115.166668,36.128995],[-115.166722,36.1289],[-115.166572,36.128889],[-115.166668,36.128995]]]}},{"type":"Feature","properties":{"kind":"vegetation","name":"Heritage Park","osm":"way/218624178"},"geometry":{"type":"Polygon","coordinates":[[[-115.132908,36.17945],[-115.133062,36.179478],[-115.133236,36.179387],[-115.133408,36.179352],[-115.133494,36.179362],[-115.133569,36.179388],[-115.133724,36.179459],[-115.133856,36.17953],[-115.134015,36.179563],[-115.134206,36.178986],[-115.133104,36.178851],[-115.133069,36.178857],[-115.132908,36.17945]]]}},{"type":"Feature","properties":{"kind":"vegetation","name":"James Gay Park","osm":"way/247753024"},"geometry":{"type":"Polygon","coordinates":[[[-115.144126,36.185988],[-115.144133,36.184361],[-115.1442,36.183771],[-115.144417,36.183771],[-115.144614,36.187984],[-115.143886,36.188268],[-115.144126,36.185988]]]}},{"type":"Feature","properties":{"kind":"vegetation","name":null,"osm":"way/251708968"},"geometry":{"type":"Polygon","coordinates":[[[-115.141767,36.10637],[-115.141772,36.106452],[-115.141873,36.106447],[-115.141867,36.106366],[-115.141767,36.10637]]]}},{"type":"Feature","properties":{"kind":"vegetation","name":null,"osm":"way/263131420"},"geometry":{"type":"Polygon","coordinates":[[[-115.134906,36.186579],[-115.134752,36.186825],[-115.134461,36.186827],[-115.134474,36.186577],[-115.134906,36.186579]]]}},{"type":"Feature","properties":{"kind":"vegetation","name":null,"osm":"way/263131421"},"geometry":{"type":"Polygon","coordinates":[[[-115.134848,36.187198],[-115.134764,36.187328],[-115.134931,36.187401],[-115.135016,36.187273],[-115.134848,36.187198]]]}},{"type":"Feature","properties":{"kind":"vegetation","name":null,"osm":"way/263131422"},"geometry":{"type":"Polygon","coordinates":[[[-115.1348,36.187181],[-115.134692,36.187333],[-115.134482,36.187263],[-115.134471,36.186936],[-115.134534,36.186936],[-115.134565,36.18713],[-115.134704,36.187134],[-115.1348,36.187181]]]}},{"type":"Feature","properties":{"kind":"vegetation","name":null,"osm":"way/263131423"},"geometry":{"type":"Polygon","coordinates":[[[-115.134792,36.187536],[-115.134802,36.187528],[-115.134807,36.187517],[-115.134808,36.187505],[-115.134805,36.187494],[-115.134796,36.187485],[-115.134785,36.187478],[-115.134771,36.187475],[-115.134757,36.187475],[-115.134744,36.187479],[-115.134734,36.187486],[-115.134726,36.187496],[-115.134723,36.187506],[-115.134725,36.187517],[-115.13473,36.187528],[-115.134739,36.187536],[-115.134751,36.187541],[-115.134765,36.187543],[-115.134779,36.187542],[-115.134792,36.187536]]]}},{"type":"Feature","properties":{"kind":"vegetation","name":null,"osm":"way/266824890"},"geometry":{"type":"Polygon","coordinates":[[[-115.135391,36.177373],[-115.135346,36.177481],[-115.135257,36.177544],[-115.134455,36.177557],[-115.134447,36.17728],[-115.13444,36.177238],[-115.134573,36.177181],[-115.134656,36.177096],[-115.134688,36.17707],[-115.134729,36.177068],[-115.134774,36.177079],[-115.135027,36.177186],[-115.135011,36.177201],[-115.135391,36.177373]]]}},{"type":"Feature","properties":{"kind":"vegetation","name":null,"osm":"way/269620284"},"geometry":{"type":"Polygon","coordinates":[[[-115.155406,36.121452],[-115.155404,36.121389],[-115.155315,36.121384],[-115.155255,36.121387],[-115.155209,36.121406],[-115.155175,36.121442],[-115.155164,36.121494],[-115.155169,36.121593],[-115.155221,36.121596],[-115.155241,36.121553],[-115.155264,36.121508],[-115.155321,36.121474],[-115.155358,36.121459],[-115.155406,36.121452]]]}},{"type":"Feature","properties":{"kind":"vegetation","name":null,"osm":"way/269620286"},"geometry":{"type":"Polygon","coordinates":[[[-115.155137,36.120907],[-115.155166,36.12091],[-115.155171,36.120976],[-115.155193,36.121024],[-115.155237,36.121061],[-115.15529,36.121074],[-115.15537,36.121077],[-115.155378,36.121103],[-115.155278,36.121104],[-115.155209,36.121091],[-115.155162,36.121064],[-115.155139,36.121037],[-115.155134,36.120962],[-115.155137,36.120907]]]}},{"type":"Feature","properties":{"kind":"vegetation","name":null,"osm":"way/272701838"},"geometry":{"type":"Polygon","coordinates":[[[-115.131622,36.183157],[-115.131613,36.184595],[-115.133865,36.184578],[-115.133852,36.183129],[-115.131622,36.183157]]]}},{"type":"Feature","properties":{"kind":"vegetation","name":null,"osm":"way/272972237"},"geometry":{"type":"Polygon","coordinates":[[[-115.141849,36.106559],[-115.14185,36.106588],[-115.141817,36.106588],[-115.14182,36.106627],[-115.141967,36.106751],[-115.142058,36.106657],[-115.142161,36.106584],[-115.142155,36.106545],[-115.141849,36.106559]]]}},{"type":"Feature","properties":{"kind":"vegetation","name":null,"osm":"way/272972238"},"geometry":{"type":"Polygon","coordinates":[[[-115.141754,36.106647],[-115.141758,36.106729],[-115.141801,36.106789],[-115.141827,36.106843],[-115.141836,36.106876],[-115.141839,36.106911],[-115.141833,36.106958],[-115.141878,36.106988],[-115.141921,36.107012],[-115.141968,36.107029],[-115.141975,36.106999],[-115.141981,36.10697],[-115.141985,36.106942],[-115.141987,36.106913],[-115.141986,36.10687],[-115.141978,36.10683],[-115.141965,36.1068],[-115.14195,36.106775],[-115.141796,36.106645],[-115.141754,36.106647]]]}},{"type":"Feature","properties":{"kind":"vegetation","name":null,"osm":"way/272972239"},"geometry":{"type":"Polygon","coordinates":[[[-115.141293,36.106651],[-115.141287,36.106558],[-115.141496,36.106548],[-115.141596,36.106545],[-115.141613,36.106557],[-115.141617,36.106653],[-115.141559,36.106656],[-115.141517,36.106639],[-115.141293,36.106651]]]}},{"type":"Feature","properties":{"kind":"vegetation","name":"Donald H. Baepler Xeric Garden","osm":"way/272972240"},"geometry":{"type":"Polygon","coordinates":[[[-115.140681,36.106585],[-115.141246,36.10656],[-115.141254,36.106671],[-115.141257,36.106746],[-115.140728,36.106771],[-115.140702,36.106772],[-115.140703,36.106789],[-115.14071,36.106884],[-115.140747,36.106883],[-115.14079,36.106881],[-115.140805,36.107139],[-115.140762,36.10714],[-115.140763,36.107152],[-115.140737,36.107153],[-115.140702,36.107162],[-115.140676,36.10718],[-115.140666,36.107193],[-115.140659,36.107207],[-115.140655,36.107221],[-115.140657,36.107237],[-115.140661,36.107252],[-115.140668,36.107267],[-115.140679,36.107277],[-115.14069,36.107285],[-115.140704,36.107292],[-115.140717,36.107297],[-115.140745,36.107302],[-115.140779,36.107297],[-115.140776,36.107422],[-115.14072,36.107479],[-115.140435,36.107493],[-115.140406,36.107483],[-115.140382,36.107462],[-115.140375,36.107446],[-115.140373,36.107426],[-115.14038,36.107353],[-115.140389,36.10724],[-115.140317,36.107208],[-115.140319,36.107122],[-115.140357,36.106986],[-115.140337,36.10682],[-115.140428,36.106808],[-115.140425,36.106713],[-115.140591,36.106708],[-115.140587,36.106623],[-115.140682,36.106618],[-115.140681,36.106585]]]}},{"type":"Feature","properties":{"kind":"vegetation","name":null,"osm":"way/276427201"},"geometry":{"type":"Polygon","coordinates":[[[-115.172935,36.106753],[-115.172893,36.106837],[-115.17288,36.106898],[-115.17289,36.106984],[-115.172917,36.107054],[-115.172949,36.107106],[-115.172974,36.107161],[-115.172984,36.107228],[-115.172991,36.107344],[-115.173097,36.107345],[-115.173091,36.107246],[-115.173072,36.107181],[-115.173062,36.107119],[-115.173063,36.106701],[-115.173043,36.106679],[-115.173018,36.106679],[-115.172993,36.106687],[-115.172969,36.106711],[-115.172935,36.106753]]]}},{"type":"Feature","properties":{"kind":"vegetation","name":null,"osm":"way/308289421"},"geometry":{"type":"Polygon","coordinates":[[[-115.145082,36.104107],[-115.145073,36.104122],[-115.14507,36.104139],[-115.145075,36.104156],[-115.145087,36.104171],[-115.145104,36.104181],[-115.145124,36.104187],[-115.145146,36.104186],[-115.145166,36.10418],[-115.145182,36.104169],[-115.145193,36.104154],[-115.145197,36.104137],[-115.145194,36.10412],[-115.145186,36.104106],[-115.145172,36.104095],[-115.145155,36.104087],[-115.145135,36.104085],[-115.145116,36.104087],[-115.145097,36.104094],[-115.145082,36.104107]]]}},{"type":"Feature","properties":{"kind":"vegetation","name":null,"osm":"way/325840022"},"geometry":{"type":"Polygon","coordinates":[[[-115.138053,36.11075],[-115.138084,36.110853],[-115.138439,36.110819],[-115.13846,36.111138],[-115.138434,36.111151],[-115.138438,36.111202],[-115.138453,36.111418],[-115.13837,36.111324],[-115.138285,36.111249],[-115.138204,36.111201],[-115.138082,36.111148],[-115.137908,36.111094],[-115.137859,36.110671],[-115.137819,36.109864],[-115.138136,36.109847],[-115.138137,36.109862],[-115.138138,36.109874],[-115.138101,36.109875],[-115.138101,36.109904],[-115.138095,36.109904],[-115.138095,36.10994],[-115.13797,36.109942],[-115.137889,36.110214],[-115.137907,36.110456],[-115.138011,36.110692],[-115.138053,36.11075]]]}},{"type":"Feature","properties":{"kind":"vegetation","name":null,"osm":"way/325840023"},"geometry":{"type":"Polygon","coordinates":[[[-115.139244,36.110564],[-115.139242,36.110581],[-115.139248,36.110597],[-115.13926,36.11061],[-115.139277,36.11062],[-115.139296,36.110625],[-115.139317,36.110624],[-115.139336,36.110618],[-115.139351,36.110608],[-115.139362,36.110593],[-115.139366,36.110577],[-115.139364,36.110561],[-115.139355,36.110546],[-115.13934,36.110534],[-115.139322,36.110527],[-115.139302,36.110525],[-115.139282,36.110528],[-115.139265,36.110536],[-115.139251,36.110549],[-115.139244,36.110564]]]}},{"type":"Feature","properties":{"kind":"vegetation","name":null,"osm":"way/325840024"},"geometry":{"type":"Polygon","coordinates":[[[-115.138641,36.110631],[-115.138624,36.110626],[-115.138611,36.110611],[-115.138613,36.110588],[-115.138622,36.110576],[-115.138647,36.110565],[-115.139099,36.110543],[-115.139118,36.110555],[-115.139124,36.110576],[-115.139118,36.110594],[-115.139105,36.110606],[-115.138641,36.110631]]]}},{"type":"Feature","properties":{"kind":"vegetation","name":null,"osm":"way/325840025"},"geometry":{"type":"Polygon","coordinates":[[[-115.13941,36.110853],[-115.139245,36.11086],[-115.139242,36.110728],[-115.139262,36.110711],[-115.139308,36.110695],[-115.139351,36.110698],[-115.139388,36.110707],[-115.139408,36.110727],[-115.13941,36.110853]]]}},{"type":"Feature","properties":{"kind":"vegetation","name":null,"osm":"way/325840027"},"geometry":{"type":"Polygon","coordinates":[[[-115.139253,36.111105],[-115.139253,36.110988],[-115.139266,36.110969],[-115.139291,36.110963],[-115.139417,36.110958],[-115.139428,36.111103],[-115.139253,36.111105]]]}},{"type":"Feature","properties":{"kind":"vegetation","name":null,"osm":"way/325840029"},"geometry":{"type":"Polygon","coordinates":[[[-115.140116,36.110336],[-115.140499,36.110326],[-115.140544,36.110339],[-115.140587,36.110361],[-115.140618,36.110399],[-115.140626,36.110424],[-115.139878,36.110468],[-115.13987,36.110304],[-115.139943,36.110301],[-115.139948,36.110378],[-115.140118,36.110372],[-115.140116,36.110336]]]}},{"type":"Feature","properties":{"kind":"vegetation","name":null,"osm":"way/328023920"},"geometry":{"type":"Polygon","coordinates":[[[-115.143781,36.10894],[-115.143764,36.10871],[-115.143222,36.108734],[-115.143227,36.108792],[-115.143362,36.108785],[-115.143366,36.108843],[-115.143501,36.108836],[-115.143505,36.108894],[-115.143643,36.108889],[-115.143648,36.108945],[-115.143781,36.10894]]]}},{"type":"Feature","properties":{"kind":"vegetation","name":null,"osm":"way/328023921"},"geometry":{"type":"Polygon","coordinates":[[[-115.142929,36.108812],[-115.142837,36.108764],[-115.14294,36.108762],[-115.142929,36.108812]]]}},{"type":"Feature","properties":{"kind":"vegetation","name":null,"osm":"way/328023922"},"geometry":{"type":"Polygon","coordinates":[[[-115.142925,36.108869],[-115.142851,36.108867],[-115.142845,36.108832],[-115.142926,36.10886],[-115.142925,36.108869]]]}},{"type":"Feature","properties":{"kind":"vegetation","name":null,"osm":"way/328023923"},"geometry":{"type":"Polygon","coordinates":[[[-115.142902,36.109117],[-115.142914,36.109112],[-115.142924,36.109105],[-115.14293,36.109095],[-115.142932,36.109085],[-115.142929,36.109074],[-115.142923,36.109065],[-115.142913,36.109058],[-115.142901,36.109054],[-115.142888,36.109053],[-115.142875,36.109056],[-115.142865,36.109062],[-115.142857,36.10907],[-115.142853,36.10908],[-115.142853,36.109091],[-115.142857,36.109101],[-115.142865,36.109109],[-115.142876,36.109115],[-115.142889,36.109117],[-115.142902,36.109117]]]}},{"type":"Feature","properties":{"kind":"vegetation","name":null,"osm":"way/328023924"},"geometry":{"type":"Polygon","coordinates":[[[-115.142919,36.108964],[-115.142967,36.10898],[-115.142939,36.109021],[-115.142916,36.109014],[-115.142906,36.109002],[-115.142919,36.108964]]]}},{"type":"Feature","properties":{"kind":"vegetation","name":null,"osm":"way/328023925"},"geometry":{"type":"Polygon","coordinates":[[[-115.14292,36.109352],[-115.142868,36.109354],[-115.142885,36.109218],[-115.142909,36.109218],[-115.14292,36.109352]]]}},{"type":"Feature","properties":{"kind":"vegetation","name":null,"osm":"way/328023933"},"geometry":{"type":"Polygon","coordinates":[[[-115.141667,36.109858],[-115.141641,36.109859],[-115.14164,36.109836],[-115.141666,36.109835],[-115.141667,36.109858]]]}},{"type":"Feature","properties":{"kind":"vegetation","name":null,"osm":"way/328023934"},"geometry":{"type":"Polygon","coordinates":[[[-115.141523,36.109811],[-115.141497,36.109812],[-115.141496,36.109789],[-115.141522,36.109788],[-115.141523,36.109811]]]}},{"type":"Feature","properties":{"kind":"vegetation","name":null,"osm":"way/328023935"},"geometry":{"type":"Polygon","coordinates":[[[-115.141588,36.109807],[-115.141562,36.109808],[-115.14156,36.109786],[-115.141586,36.109785],[-115.141588,36.109807]]]}},{"type":"Feature","properties":{"kind":"vegetation","name":null,"osm":"way/328023936"},"geometry":{"type":"Polygon","coordinates":[[[-115.14159,36.109863],[-115.141565,36.109864],[-115.141563,36.109842],[-115.141589,36.109841],[-115.14159,36.109863]]]}},{"type":"Feature","properties":{"kind":"vegetation","name":null,"osm":"way/328023937"},"geometry":{"type":"Polygon","coordinates":[[[-115.141597,36.109917],[-115.141571,36.109918],[-115.14157,36.109895],[-115.141596,36.109894],[-115.141597,36.109917]]]}},{"type":"Feature","properties":{"kind":"vegetation","name":null,"osm":"way/328023938"},"geometry":{"type":"Polygon","coordinates":[[[-115.141529,36.109919],[-115.141503,36.10992],[-115.141502,36.109897],[-115.141528,36.109896],[-115.141529,36.109919]]]}},{"type":"Feature","properties":{"kind":"vegetation","name":null,"osm":"way/328023939"},"geometry":{"type":"Polygon","coordinates":[[[-115.141517,36.109757],[-115.141491,36.109758],[-115.14149,36.109736],[-115.141516,36.109735],[-115.141517,36.109757]]]}},{"type":"Feature","properties":{"kind":"vegetation","name":null,"osm":"way/328023940"},"geometry":{"type":"Polygon","coordinates":[[[-115.141582,36.109749],[-115.141557,36.10975],[-115.141555,36.109728],[-115.141581,36.109727],[-115.141582,36.109749]]]}},{"type":"Feature","properties":{"kind":"vegetation","name":null,"osm":"way/331241967"},"geometry":{"type":"Polygon","coordinates":[[[-115.150881,36.125316],[-115.150477,36.12531],[-115.150484,36.124984],[-115.150888,36.124989],[-115.150881,36.125316]]]}},{"type":"Feature","properties":{"kind":"vegetation","name":null,"osm":"way/331347645"},"geometry":{"type":"Polygon","coordinates":[[[-115.142189,36.125856],[-115.142206,36.125448],[-115.141989,36.125442],[-115.141973,36.125813],[-115.141972,36.12585],[-115.142189,36.125856]]]}},{"type":"Feature","properties":{"kind":"vegetation","name":null,"osm":"way/370282962"},"geometry":{"type":"Polygon","coordinates":[[[-115.115646,36.128722],[-115.116045,36.128722],[-115.11604,36.129051],[-115.115646,36.129051],[-115.115646,36.128722]]]}},{"type":"Feature","properties":{"kind":"vegetation","name":null,"osm":"way/370282963"},"geometry":{"type":"Polygon","coordinates":[[[-115.115093,36.129265],[-115.115119,36.128295],[-115.116693,36.128297],[-115.116692,36.128357],[-115.116673,36.129274],[-115.115093,36.129265]]]}},{"type":"Feature","properties":{"kind":"vegetation","name":null,"osm":"way/374871338"},"geometry":{"type":"Polygon","coordinates":[[[-115.174242,36.111415],[-115.174276,36.111441],[-115.17431,36.111453],[-115.174376,36.111455],[-115.17464,36.11143],[-115.174532,36.111356],[-115.174411,36.11139],[-115.174304,36.111402],[-115.174246,36.111401],[-115.174242,36.111415]]]}},{"type":"Feature","properties":{"kind":"vegetation","name":null,"osm":"way/374989500"},"geometry":{"type":"Polygon","coordinates":[[[-115.173145,36.117371],[-115.173216,36.117386],[-115.173447,36.117385],[-115.173535,36.117362],[-115.173533,36.117352],[-115.173488,36.117351],[-115.173345,36.117362],[-115.173146,36.117359],[-115.173145,36.117371]]]}},{"type":"Feature","properties":{"kind":"vegetation","name":null,"osm":"way/374989501"},"geometry":{"type":"Polygon","coordinates":[[[-115.173212,36.117192],[-115.173254,36.117158],[-115.173531,36.11717],[-115.173611,36.117195],[-115.173569,36.117219],[-115.173473,36.117255],[-115.17339,36.117267],[-115.173341,36.117268],[-115.17326,36.117234],[-115.173212,36.117192]]]}},{"type":"Feature","properties":{"kind":"vegetation","name":"Downtown Container Park Event Stage","osm":"way/397861246"},"geometry":{"type":"Polygon","coordinates":[[[-115.138561,36.167173],[-115.138592,36.167067],[-115.138739,36.167095],[-115.138709,36.167203],[-115.138561,36.167173]]]}},{"type":"Feature","properties":{"kind":"vegetation","name":"Common Grounds at Downtown Container Park","osm":"way/397861248"},"geometry":{"type":"Polygon","coordinates":[[[-115.138502,36.167118],[-115.138473,36.167168],[-115.138488,36.167257],[-115.13871,36.167334],[-115.138722,36.167332],[-115.138737,36.167324],[-115.138746,36.167309],[-115.138758,36.167259],[-115.138743,36.167256],[-115.138767,36.167183],[-115.138781,36.167183],[-115.138786,36.167169],[-115.138783,36.16716],[-115.138769,36.167151],[-115.138502,36.167118]]]}},{"type":"Feature","properties":{"kind":"water","name":null,"osm":"way/399323163"},"geometry":{"type":"Polygon","coordinates":[[[-115.173346,36.102745],[-115.173321,36.102743],[-115.173333,36.102383],[-115.173392,36.102387],[-115.173346,36.102745]]]}},{"type":"Feature","properties":{"kind":"vegetation","name":null,"osm":"way/399352429"},"geometry":{"type":"Polygon","coordinates":[[[-115.177663,36.099002],[-115.177598,36.099003],[-115.177606,36.099538],[-115.177348,36.099544],[-115.177349,36.099586],[-115.177623,36.099586],[-115.177638,36.099582],[-115.177651,36.099574],[-115.17766,36.099563],[-115.177665,36.099551],[-115.177663,36.099002]]]}},{"type":"Feature","properties":{"kind":"vegetation","name":null,"osm":"way/399352430"},"geometry":{"type":"Polygon","coordinates":[[[-115.177286,36.098843],[-115.177289,36.098807],[-115.177286,36.098643],[-115.177272,36.098634],[-115.177236,36.098633],[-115.177199,36.09865],[-115.177184,36.098671],[-115.177178,36.098705],[-115.177182,36.098749],[-115.177202,36.098821],[-115.17723,36.09884],[-115.177265,36.098852],[-115.17728,36.098851],[-115.177286,36.098843]]]}},{"type":"Feature","properties":{"kind":"vegetation","name":null,"osm":"way/399352431"},"geometry":{"type":"Polygon","coordinates":[[[-115.176704,36.098551],[-115.176691,36.09855],[-115.176679,36.098553],[-115.176668,36.098558],[-115.17666,36.098566],[-115.176655,36.098576],[-115.176655,36.098738],[-115.176818,36.098736],[-115.176818,36.098715],[-115.176704,36.098715],[-115.17669,36.098726],[-115.17667,36.098725],[-115.17667,36.098699],[-115.176707,36.098675],[-115.176704,36.098551]]]}},{"type":"Feature","properties":{"kind":"vegetation","name":null,"osm":"way/399352434"},"geometry":{"type":"Polygon","coordinates":[[[-115.176406,36.098034],[-115.176379,36.098053],[-115.176362,36.098078],[-115.176358,36.098106],[-115.176368,36.098134],[-115.176391,36.098156],[-115.176422,36.09817],[-115.176457,36.098173],[-115.176492,36.098165],[-115.176519,36.098146],[-115.176536,36.098121],[-115.17654,36.098093],[-115.176529,36.098065],[-115.176507,36.098043],[-115.176476,36.098029],[-115.17644,36.098026],[-115.176406,36.098034]]]}},{"type":"Feature","properties":{"kind":"vegetation","name":null,"osm":"way/399352435"},"geometry":{"type":"Polygon","coordinates":[[[-115.177066,36.098937],[-115.177092,36.098956],[-115.177122,36.098958],[-115.177167,36.098951],[-115.177195,36.09895],[-115.177238,36.098956],[-115.177281,36.098957],[-115.17731,36.098952],[-115.177325,36.098938],[-115.177327,36.098918],[-115.177309,36.0989],[-115.177277,36.098897],[-115.177213,36.098902],[-115.177116,36.098898],[-115.177071,36.0989],[-115.177054,36.098911],[-115.177055,36.098928],[-115.177066,36.098937]]]}},{"type":"Feature","properties":{"kind":"vegetation","name":null,"osm":"way/399352437"},"geometry":{"type":"Polygon","coordinates":[[[-115.177626,36.098901],[-115.17755,36.098901],[-115.177551,36.09897],[-115.177531,36.098974],[-115.177517,36.098971],[-115.177499,36.098964],[-115.177467,36.098963],[-115.177439,36.098964],[-115.177423,36.09896],[-115.177406,36.098951],[-115.177396,36.098939],[-115.177395,36.098928],[-115.177396,36.098915],[-115.177406,36.0989],[-115.177428,36.098899],[-115.177453,36.098902],[-115.177478,36.098897],[-115.177514,36.098886],[-115.177554,36.098885],[-115.17758,36.098881],[-115.177601,36.098887],[-115.177626,36.098901]]]}},{"type":"Feature","properties":{"kind":"vegetation","name":null,"osm":"way/399352438"},"geometry":{"type":"Polygon","coordinates":[[[-115.172945,36.097991],[-115.172935,36.097877],[-115.172931,36.097701],[-115.172932,36.097537],[-115.17293,36.097522],[-115.172924,36.097519],[-115.17292,36.097522],[-115.172906,36.097544],[-115.172894,36.097588],[-115.172888,36.097644],[-115.172886,36.097742],[-115.172894,36.097856],[-115.172911,36.097956],[-115.17297,36.098164],[-115.172986,36.098241],[-115.172996,36.098327],[-115.172998,36.09848],[-115.17302,36.100521],[-115.173037,36.10052],[-115.173012,36.098326],[-115.173001,36.098235],[-115.172988,36.098135],[-115.172964,36.098059],[-115.172945,36.097991]]]}},{"type":"Feature","properties":{"kind":"vegetation","name":null,"osm":"way/399352439"},"geometry":{"type":"Polygon","coordinates":[[[-115.176985,36.099014],[-115.177031,36.099014],[-115.177031,36.099033],[-115.176985,36.099033],[-115.176985,36.099014]]]}},{"type":"Feature","properties":{"kind":"water","name":null,"osm":"way/399352440"},"geometry":{"type":"Polygon","coordinates":[[[-115.177507,36.098637],[-115.177467,36.098637],[-115.177467,36.098609],[-115.177506,36.098609],[-115.177507,36.098637]]]}},{"type":"Feature","properties":{"kind":"vegetation","name":null,"osm":"way/399352441"},"geometry":{"type":"Polygon","coordinates":[[[-115.177658,36.098591],[-115.177663,36.098877],[-115.177607,36.098878],[-115.177602,36.098605],[-115.177614,36.098592],[-115.177658,36.098591]]]}},{"type":"Feature","properties":{"kind":"water","name":null,"osm":"way/399352444"},"geometry":{"type":"Polygon","coordinates":[[[-115.177205,36.099183],[-115.177208,36.099262],[-115.177233,36.099248],[-115.177241,36.099233],[-115.177244,36.099219],[-115.177244,36.099204],[-115.177222,36.099186],[-115.177205,36.099183]]]}},{"type":"Feature","properties":{"kind":"vegetation","name":null,"osm":"way/399352445"},"geometry":{"type":"Polygon","coordinates":[[[-115.176567,36.099101],[-115.17659,36.099107],[-115.17661,36.099119],[-115.176623,36.099136],[-115.176622,36.099243],[-115.176578,36.099243],[-115.176564,36.099235],[-115.17656,36.099108],[-115.176567,36.099101]]]}},{"type":"Feature","properties":{"kind":"vegetation","name":null,"osm":"way/399352447"},"geometry":{"type":"Polygon","coordinates":[[[-115.177656,36.098568],[-115.177655,36.098552],[-115.177647,36.098537],[-115.177634,36.098525],[-115.177617,36.098517],[-115.177598,36.098514],[-115.176793,36.098518],[-115.176765,36.098558],[-115.177612,36.098562],[-115.177656,36.098568]]]}},{"type":"Feature","properties":{"kind":"vegetation","name":null,"osm":"way/399368717"},"geometry":{"type":"Polygon","coordinates":[[[-115.172916,36.095284],[-115.17293,36.095331],[-115.172937,36.095339],[-115.172948,36.095341],[-115.172956,36.095335],[-115.172964,36.095315],[-115.172976,36.095253],[-115.172978,36.095193],[-115.172973,36.094389],[-115.172952,36.094254],[-115.17293,36.09409],[-115.172924,36.093909],[-115.172918,36.093836],[-115.172902,36.093799],[-115.17288,36.0938],[-115.172862,36.093843],[-115.17286,36.093896],[-115.172863,36.094598],[-115.172877,36.09469],[-115.172902,36.094836],[-115.172906,36.094948],[-115.17291,36.095231],[-115.172916,36.095284]]]}},{"type":"Feature","properties":{"kind":"vegetation","name":null,"osm":"way/399368718"},"geometry":{"type":"Polygon","coordinates":[[[-115.172942,36.095604],[-115.172939,36.095562],[-115.172922,36.095494],[-115.172917,36.095486],[-115.172906,36.095483],[-115.172894,36.095488],[-115.172889,36.095495],[-115.172885,36.095511],[-115.172875,36.09556],[-115.172873,36.09564],[-115.172874,36.095738],[-115.172875,36.095939],[-115.172886,36.096018],[-115.172905,36.096129],[-115.17292,36.096281],[-115.172922,36.096415],[-115.172922,36.096662],[-115.172924,36.097091],[-115.172927,36.097138],[-115.172931,36.097157],[-115.172982,36.097157],[-115.172991,36.097114],[-115.172994,36.097063],[-115.172988,36.096425],[-115.172987,36.096347],[-115.172977,36.096261],[-115.172957,36.096168],[-115.172945,36.096083],[-115.172941,36.095961],[-115.172942,36.095604]]]}},{"type":"Feature","properties":{"kind":"vegetation","name":null,"osm":"way/401329558"},"geometry":{"type":"Polygon","coordinates":[[[-115.172882,36.102334],[-115.172872,36.102329],[-115.172864,36.102336],[-115.172868,36.102608],[-115.172884,36.102667],[-115.172938,36.102787],[-115.17295,36.103262],[-115.172967,36.103295],[-115.172977,36.103339],[-115.172979,36.103466],[-115.172985,36.10352],[-115.173044,36.103759],[-115.173052,36.103767],[-115.17306,36.103768],[-115.17307,36.103762],[-115.173078,36.103748],[-115.173084,36.103719],[-115.173087,36.103623],[-115.173085,36.103295],[-115.172997,36.103261],[-115.172983,36.103243],[-115.172973,36.103218],[-115.172967,36.103164],[-115.172967,36.102726],[-115.172959,36.1026],[-115.172941,36.102524],[-115.172882,36.102334]]]}},{"type":"Feature","properties":{"kind":"vegetation","name":null,"osm":"way/401329559"},"geometry":{"type":"Polygon","coordinates":[[[-115.173001,36.104387],[-115.172993,36.104315],[-115.172969,36.104206],[-115.172934,36.104116],[-115.17292,36.104108],[-115.172906,36.104112],[-115.172895,36.104134],[-115.172877,36.104188],[-115.172874,36.10431],[-115.172877,36.104926],[-115.172888,36.104984],[-115.172907,36.105036],[-115.172949,36.105109],[-115.172966,36.105153],[-115.172976,36.10521],[-115.172981,36.106182],[-115.172992,36.106253],[-115.173025,36.106318],[-115.173051,36.106332],[-115.173072,36.106328],[-115.173085,36.106313],[-115.173092,36.106297],[-115.173092,36.106274],[-115.173089,36.105382],[-115.173081,36.105269],[-115.17306,36.105148],[-115.17305,36.105003],[-115.173038,36.104834],[-115.173013,36.104693],[-115.172999,36.104555],[-115.173001,36.104387]]]}},{"type":"Feature","properties":{"kind":"vegetation","name":null,"osm":"way/401329561"},"geometry":{"type":"Polygon","coordinates":[[[-115.172885,36.103821],[-115.17288,36.103819],[-115.172877,36.103817],[-115.172874,36.103664],[-115.172879,36.103657],[-115.17289,36.103656],[-115.172896,36.103662],[-115.172939,36.103817],[-115.172937,36.10382],[-115.172933,36.103821],[-115.172885,36.103821]]]}},{"type":"Feature","properties":{"kind":"vegetation","name":null,"osm":"way/402543914"},"geometry":{"type":"Polygon","coordinates":[[[-115.171534,36.116967],[-115.17153,36.116598],[-115.171527,36.116405],[-115.171343,36.116259],[-115.171212,36.116257],[-115.171182,36.11628],[-115.171158,36.116275],[-115.171144,36.116268],[-115.171135,36.116258],[-115.171126,36.116231],[-115.171168,36.116196],[-115.171167,36.116096],[-115.170864,36.116097],[-115.170864,36.115959],[-115.171105,36.115959],[-115.171105,36.116052],[-115.171167,36.116052],[-115.171167,36.116011],[-115.171138,36.116011],[-115.171138,36.11592],[-115.170142,36.115925],[-115.170142,36.115901],[-115.170126,36.115902],[-115.170105,36.115962],[-115.170068,36.116021],[-115.170015,36.116072],[-115.169994,36.116083],[-115.169945,36.116112],[-115.169888,36.116132],[-115.169824,36.116143],[-115.169741,36.116144],[-115.16965,36.116125],[-115.169581,36.116094],[-115.169519,36.116048],[-115.169479,36.116001],[-115.169467,36.115982],[-115.168967,36.11598],[-115.168964,36.115993],[-115.168964,36.116109],[-115.169041,36.116108],[-115.169041,36.116497],[-115.169164,36.116495],[-115.169164,36.116616],[-115.169197,36.116616],[-115.169196,36.116649],[-115.169233,36.116649],[-115.169232,36.116695],[-115.169197,36.116695],[-115.169196,36.116735],[-115.169161,36.116735],[-115.16916,36.116849],[-115.16904,36.116848],[-115.16904,36.11724],[-115.169136,36.117239],[-115.169136,36.117215],[-115.169483,36.117213],[-115.169604,36.117212],[-115.169602,36.116981],[-115.1701,36.116977],[-115.170101,36.11687],[-115.170118,36.11687],[-115.17013,36.116826],[-115.17016,36.116789],[-115.170204,36.116762],[-115.170263,36.116749],[-115.170278,36.11675],[-115.170317,36.116753],[-115.170367,36.116772],[-115.170406,36.116803],[-115.170428,36.116843],[-115.170432,36.116865],[-115.170459,36.116865],[-115.170458,36.116975],[-115.170551,36.116975],[-115.170551,36.116998],[-115.170618,36.116997],[-115.170619,36.117108],[-115.170763,36.117107],[-115.170763,36.1171],[-115.170806,36.11701],[-115.17077,36.116992],[-115.170745,36.116966],[-115.170731,36.116934],[-115.170732,36.1169],[-115.170746,36.116869],[-115.170773,36.116843],[-115.170808,36.116826],[-115.170849,36.11682],[-115.170888,36.116824],[-115.170922,36.116838],[-115.170971,36.116837],[-115.170987,36.1168],[-115.171018,36.11677],[-115.17106,36.116751],[-115.171107,36.116743],[-115.171121,36.116745],[-115.171152,36.116749],[-115.171192,36.116765],[-115.171224,36.116791],[-115.171244,36.116823],[-115.17129,36.116837],[-115.171326,36.11682],[-115.171366,36.116814],[-115.171405,36.116818],[-115.17144,36.116832],[-115.171467,36.116854],[-115.171485,36.116882],[-115.171491,36.116913],[-115.171484,36.116944],[-115.171534,36.116967]]]}},{"type":"Feature","properties":{"kind":"water","name":null,"osm":"way/402543918"},"geometry":{"type":"Polygon","coordinates":[[[-115.171102,36.116741],[-115.171059,36.116749],[-115.171016,36.116768],[-115.170985,36.116799],[-115.170967,36.116832],[-115.170939,36.116834],[-115.170923,36.116822],[-115.170897,36.116813],[-115.170875,36.116808],[-115.170902,36.116769],[-115.170961,36.116755],[-115.171004,36.116742],[-115.171056,36.116723],[-115.1711,36.116719],[-115.171102,36.116741]]]}},{"type":"Feature","properties":{"kind":"water","name":null,"osm":"way/402543921"},"geometry":{"type":"Polygon","coordinates":[[[-115.171012,36.116358],[-115.170997,36.116361],[-115.170985,36.116367],[-115.170977,36.116377],[-115.170974,36.116388],[-115.170977,36.1164],[-115.170985,36.11641],[-115.170997,36.116416],[-115.171011,36.116419],[-115.171025,36.116416],[-115.171037,36.11641],[-115.171045,36.1164],[-115.171048,36.116389],[-115.171046,36.116377],[-115.171038,36.116368],[-115.171026,36.116361],[-115.171012,36.116358]]]}},{"type":"Feature","properties":{"kind":"water","name":null,"osm":"way/402543923"},"geometry":{"type":"Polygon","coordinates":[[[-115.170159,36.117522],[-115.17016,36.117539],[-115.170151,36.117555],[-115.170133,36.117569],[-115.170109,36.117582],[-115.170081,36.117592],[-115.170051,36.117599],[-115.170022,36.117602],[-115.169997,36.117601],[-115.169978,36.117594],[-115.169967,36.117582],[-115.169966,36.117567],[-115.169976,36.117551],[-115.169994,36.117537],[-115.170018,36.117523],[-115.170045,36.117512],[-115.170073,36.117505],[-115.170101,36.117501],[-115.170126,36.117502],[-115.170146,36.117509],[-115.170159,36.117522]]]}},{"type":"Feature","properties":{"kind":"water","name":null,"osm":"way/402799243"},"geometry":{"type":"Polygon","coordinates":[[[-115.172575,36.128684],[-115.172562,36.12868],[-115.172549,36.12868],[-115.172537,36.128683],[-115.172527,36.12869],[-115.172519,36.128698],[-115.172516,36.128708],[-115.172516,36.128718],[-115.17252,36.128728],[-115.172527,36.128736],[-115.172537,36.128742],[-115.17255,36.128745],[-115.172564,36.128745],[-115.172577,36.128741],[-115.172588,36.128733],[-115.172594,36.128723],[-115.172596,36.128712],[-115.172594,36.128701],[-115.172586,36.128691],[-115.172575,36.128684]]]}},{"type":"Feature","properties":{"kind":"water","name":null,"osm":"way/402799244"},"geometry":{"type":"Polygon","coordinates":[[[-115.17346,36.128718],[-115.173444,36.128719],[-115.17343,36.128724],[-115.173419,36.128734],[-115.173414,36.128746],[-115.173415,36.128758],[-115.173421,36.12877],[-115.173433,36.128779],[-115.173448,36.128783],[-115.173464,36.128783],[-115.173478,36.128777],[-115.173489,36.128768],[-115.173494,36.128756],[-115.173494,36.128743],[-115.173487,36.128731],[-115.173475,36.128723],[-115.17346,36.128718]]]}},{"type":"Feature","properties":{"kind":"vegetation","name":null,"osm":"way/431504518"},"geometry":{"type":"Polygon","coordinates":[[[-115.181911,36.101309],[-115.181828,36.101312],[-115.181783,36.101319],[-115.181782,36.101438],[-115.181766,36.101428],[-115.18176,36.101359],[-115.18176,36.101289],[-115.181778,36.10127],[-115.181835,36.10126],[-115.181895,36.101266],[-115.181913,36.101283],[-115.181911,36.101309]]]}},{"type":"Feature","properties":{"kind":"vegetation","name":null,"osm":"way/435339578"},"geometry":{"type":"Polygon","coordinates":[[[-115.165102,36.107781],[-115.165387,36.106778],[-115.165389,36.106225],[-115.165352,36.106224],[-115.165098,36.106163],[-115.164979,36.106142],[-115.16482,36.106125],[-115.164629,36.106127],[-115.164441,36.106141],[-115.164255,36.106177],[-115.16413,36.10621],[-115.164387,36.10778],[-115.164572,36.107819],[-115.164941,36.107814],[-115.165102,36.107781]]]}},{"type":"Feature","properties":{"kind":"vegetation","name":null,"osm":"way/468708827"},"geometry":{"type":"Polygon","coordinates":[[[-115.111905,36.102621],[-115.111906,36.102293],[-115.111457,36.102292],[-115.111456,36.10262],[-115.111905,36.102621]]]}},{"type":"Feature","properties":{"kind":"vegetation","name":null,"osm":"way/469798614"},"geometry":{"type":"Polygon","coordinates":[[[-115.137031,36.156873],[-115.136989,36.156876],[-115.13698,36.15689],[-115.13697,36.156892],[-115.136957,36.156895],[-115.136947,36.156888],[-115.136941,36.156882],[-115.136892,36.156883],[-115.136899,36.156891],[-115.136907,36.156902],[-115.136914,36.156916],[-115.136915,36.156933],[-115.136924,36.156948],[-115.136944,36.156958],[-115.13696,36.156961],[-115.136978,36.156961],[-115.136991,36.156954],[-115.137003,36.156945],[-115.137011,36.156926],[-115.137011,36.156913],[-115.137012,36.156903],[-115.137021,36.156887],[-115.137031,36.156873]]]}},{"type":"Feature","properties":{"kind":"vegetation","name":null,"osm":"way/469798615"},"geometry":{"type":"Polygon","coordinates":[[[-115.13717,36.156478],[-115.137125,36.156479],[-115.137063,36.156487],[-115.137007,36.156503],[-115.13696,36.15653],[-115.136963,36.156554],[-115.136954,36.156573],[-115.13695,36.156588],[-115.136967,36.15658],[-115.137019,36.156579],[-115.137044,36.156591],[-115.13709,36.156615],[-115.137123,36.156649],[-115.137121,36.156664],[-115.137133,36.156687],[-115.137125,36.156716],[-115.137133,36.156742],[-115.137122,36.156778],[-115.137083,36.156811],[-115.137051,36.156836],[-115.137022,36.156848],[-115.137007,36.156852],[-115.136975,36.156859],[-115.137003,36.15686],[-115.137046,36.156858],[-115.137073,36.156845],[-115.137096,36.156837],[-115.137135,36.156834],[-115.137152,36.156825],[-115.137192,36.156821],[-115.137216,36.156817],[-115.137197,36.156788],[-115.13719,36.156761],[-115.137175,36.156732],[-115.137169,36.156694],[-115.137172,36.156635],[-115.137169,36.156599],[-115.137175,36.156544],[-115.137176,36.156494],[-115.13717,36.156478]]]}},{"type":"Feature","properties":{"kind":"vegetation","name":null,"osm":"way/469798616"},"geometry":{"type":"Polygon","coordinates":[[[-115.136945,36.156855],[-115.136934,36.156865],[-115.1369,36.156874],[-115.136867,36.15687],[-115.136847,36.156854],[-115.136822,36.156851],[-115.136788,36.156842],[-115.136748,36.156844],[-115.136713,36.156849],[-115.136711,36.156806],[-115.136718,36.15677],[-115.136722,36.156737],[-115.136733,36.156714],[-115.136744,36.156684],[-115.13674,36.156652],[-115.136768,36.156631],[-115.136788,36.156602],[-115.136781,36.156584],[-115.136814,36.156586],[-115.136854,36.156579],[-115.136877,36.156571],[-115.136857,36.156586],[-115.136831,36.156605],[-115.13681,36.156625],[-115.136793,36.15665],[-115.13678,36.156671],[-115.136783,36.156707],[-115.136779,36.156732],[-115.136783,36.156757],[-115.136792,36.156782],[-115.136815,36.156804],[-115.13685,36.156831],[-115.136893,36.15685],[-115.136945,36.156855]]]}},{"type":"Feature","properties":{"kind":"vegetation","name":null,"osm":"way/469798617"},"geometry":{"type":"Polygon","coordinates":[[[-115.137169,36.156457],[-115.137117,36.156456],[-115.137073,36.156464],[-115.137021,36.156479],[-115.136961,36.156506],[-115.136911,36.156529],[-115.136852,36.156556],[-115.136807,36.156564],[-115.136772,36.156561],[-115.136785,36.15654],[-115.136789,36.156493],[-115.136786,36.156421],[-115.136787,36.156375],[-115.136789,36.156349],[-115.136788,36.156332],[-115.136789,36.156306],[-115.136792,36.156261],[-115.1368,36.156217],[-115.136794,36.156181],[-115.136826,36.156154],[-115.136928,36.156142],[-115.137042,36.156143],[-115.137088,36.156153],[-115.137133,36.156205],[-115.137147,36.156322],[-115.137169,36.156457]]]}},{"type":"Feature","properties":{"kind":"vegetation","name":null,"osm":"way/469798618"},"geometry":{"type":"Polygon","coordinates":[[[-115.137135,36.156174],[-115.137135,36.156051],[-115.137158,36.155955],[-115.137169,36.155872],[-115.137146,36.155796],[-115.137112,36.155709],[-115.137085,36.15565],[-115.137059,36.155625],[-115.137028,36.155608],[-115.13699,36.155603],[-115.136946,36.155603],[-115.1369,36.155623],[-115.136867,36.15567],[-115.136847,36.155752],[-115.136817,36.15584],[-115.136796,36.155898],[-115.136766,36.155984],[-115.136774,36.156077],[-115.13679,36.15616],[-115.136842,36.156128],[-115.136873,36.156129],[-115.136884,36.156075],[-115.136937,36.156053],[-115.136991,36.156053],[-115.137048,36.156093],[-115.137061,36.156119],[-115.13709,36.156131],[-115.137111,36.156143],[-115.137135,36.156174]]]}},{"type":"Feature","properties":{"kind":"vegetation","name":null,"osm":"way/469798619"},"geometry":{"type":"Polygon","coordinates":[[[-115.137121,36.155659],[-115.137157,36.155632],[-115.137254,36.155732],[-115.137318,36.155887],[-115.137349,36.155988],[-115.137301,36.156048],[-115.137274,36.156086],[-115.137244,36.156168],[-115.137281,36.156284],[-115.13732,36.156408],[-115.137297,36.156585],[-115.137351,36.156688],[-115.137281,36.156878],[-115.137235,36.156952],[-115.137219,36.156843],[-115.137206,36.156714],[-115.137198,36.156637],[-115.137204,36.156487],[-115.137178,36.156391],[-115.137163,36.156193],[-115.137177,36.156058],[-115.137194,36.155924],[-115.137197,36.15584],[-115.137121,36.155659]]]}},{"type":"Feature","properties":{"kind":"vegetation","name":null,"osm":"way/469798620"},"geometry":{"type":"Polygon","coordinates":[[[-115.13709,36.157082],[-115.137138,36.157153],[-115.137076,36.157197],[-115.137052,36.157244],[-115.136952,36.157269],[-115.136858,36.157258],[-115.136824,36.157219],[-115.136787,36.157161],[-115.136776,36.157105],[-115.136803,36.157081],[-115.136822,36.157121],[-115.136887,36.15714],[-115.136958,36.157143],[-115.137055,36.157123],[-115.13709,36.157082]]]}},{"type":"Feature","properties":{"kind":"vegetation","name":null,"osm":"way/469798621"},"geometry":{"type":"Polygon","coordinates":[[[-115.136718,36.15699],[-115.136681,36.156968],[-115.136624,36.156902],[-115.136594,36.156796],[-115.136661,36.156706],[-115.136701,36.156651],[-115.136673,36.156554],[-115.136647,36.15648],[-115.136659,36.15638],[-115.136671,36.156294],[-115.136673,36.156172],[-115.136622,36.156115],[-115.136628,36.155964],[-115.136665,36.155845],[-115.136727,36.155733],[-115.13679,36.155672],[-115.13685,36.155684],[-115.136784,36.155847],[-115.136741,36.155977],[-115.136761,36.156153],[-115.136775,36.156243],[-115.136756,36.156457],[-115.136753,36.1566],[-115.136707,36.156679],[-115.136687,36.156796],[-115.136687,36.1569],[-115.136718,36.15699]]]}},{"type":"Feature","properties":{"kind":"vegetation","name":null,"osm":"way/469798640"},"geometry":{"type":"Polygon","coordinates":[[[-115.1313,36.147404],[-115.1313,36.147329],[-115.131177,36.147331],[-115.131158,36.147345],[-115.131157,36.147394],[-115.13116,36.147451],[-115.131166,36.147497],[-115.131217,36.147489],[-115.131217,36.14741],[-115.131223,36.147405],[-115.1313,36.147404]]]}},{"type":"Feature","properties":{"kind":"vegetation","name":null,"osm":"way/469798641"},"geometry":{"type":"Polygon","coordinates":[[[-115.131157,36.147186],[-115.131043,36.147188],[-115.131048,36.147117],[-115.131159,36.147118],[-115.131157,36.147186]]]}},{"type":"Feature","properties":{"kind":"vegetation","name":null,"osm":"way/469798648"},"geometry":{"type":"Polygon","coordinates":[[[-115.137137,36.156994],[-115.137153,36.156982],[-115.137167,36.156975],[-115.137194,36.156963],[-115.137216,36.156932],[-115.137221,36.156915],[-115.13721,36.156851],[-115.137197,36.156838],[-115.137139,36.156849],[-115.137098,36.156856],[-115.137064,36.156871],[-115.137042,36.156892],[-115.137033,36.156924],[-115.137024,36.156947],[-115.137035,36.156955],[-115.13706,36.15696],[-115.13709,36.15698],[-115.137117,36.156995],[-115.137137,36.156994]]]}},{"type":"Feature","properties":{"kind":"vegetation","name":null,"osm":"way/469798651"},"geometry":{"type":"Polygon","coordinates":[[[-115.116216,36.147897],[-115.116089,36.147927],[-115.115824,36.147912],[-115.115512,36.147906],[-115.115518,36.147698],[-115.115646,36.147659],[-115.11579,36.147651],[-115.116106,36.147651],[-115.116188,36.147689],[-115.116223,36.147738],[-115.116216,36.147897]]]}},{"type":"Feature","properties":{"kind":"vegetation","name":null,"osm":"way/469798652"},"geometry":{"type":"Polygon","coordinates":[[[-115.118259,36.148],[-115.118539,36.147851],[-115.118509,36.146122],[-115.117193,36.146077],[-115.117171,36.146271],[-115.116715,36.146261],[-115.116715,36.14639],[-115.116102,36.14641],[-115.11609,36.146714],[-115.115064,36.146711],[-115.115156,36.147535],[-115.116192,36.147602],[-115.116531,36.147721],[-115.116916,36.147682],[-115.117094,36.147731],[-115.117082,36.147905],[-115.117615,36.14792],[-115.11817,36.147985],[-115.118259,36.148]]]}},{"type":"Feature","properties":{"kind":"vegetation","name":null,"osm":"way/509363699"},"geometry":{"type":"Polygon","coordinates":[[[-115.171533,36.145763],[-115.171355,36.145767],[-115.171353,36.145809],[-115.171364,36.145818],[-115.171364,36.145832],[-115.171361,36.145844],[-115.171353,36.145853],[-115.171339,36.145855],[-115.171329,36.145855],[-115.171314,36.145864],[-115.171421,36.145943],[-115.171505,36.145899],[-115.171526,36.145867],[-115.171534,36.145832],[-115.171533,36.145763]]]}},{"type":"Feature","properties":{"kind":"vegetation","name":null,"osm":"way/509363702"},"geometry":{"type":"Polygon","coordinates":[[[-115.172106,36.145945],[-115.172116,36.14595],[-115.172128,36.145952],[-115.17214,36.14595],[-115.172151,36.145946],[-115.17216,36.145939],[-115.172165,36.14593],[-115.172167,36.145921],[-115.172164,36.145911],[-115.172158,36.145902],[-115.172149,36.145896],[-115.172137,36.145892],[-115.172125,36.145892],[-115.172113,36.145895],[-115.172103,36.145901],[-115.172096,36.145909],[-115.172093,36.145918],[-115.172093,36.145928],[-115.172098,36.145937],[-115.172106,36.145945]]]}},{"type":"Feature","properties":{"kind":"water","name":null,"osm":"way/543638178"},"geometry":{"type":"Polygon","coordinates":[[[-115.170065,36.124886],[-115.170125,36.124851],[-115.170228,36.124824],[-115.170339,36.124831],[-115.170353,36.124819],[-115.170373,36.124801],[-115.170396,36.124787],[-115.170434,36.124768],[-115.170442,36.124706],[-115.170485,36.124643],[-115.170554,36.124616],[-115.170614,36.124595],[-115.170635,36.124582],[-115.170676,36.124558],[-115.170702,36.124516],[-115.170713,36.124499],[-115.170717,36.124425],[-115.170669,36.124332],[-115.170584,36.124242],[-115.170566,36.124229],[-115.170455,36.12427],[-115.170365,36.124297],[-115.170271,36.124428],[-115.170236,36.124498],[-115.170202,36.124553],[-115.170151,36.12463],[-115.170099,36.124706],[-115.170039,36.124768],[-115.169994,36.124846],[-115.170065,36.124886]]]}},{"type":"Feature","properties":{"kind":"vegetation","name":null,"osm":"way/543638197"},"geometry":{"type":"Polygon","coordinates":[[[-115.17151,36.123777],[-115.171216,36.123689],[-115.171111,36.123824],[-115.1711,36.123858],[-115.171387,36.123871],[-115.17151,36.123777]]]}},{"type":"Feature","properties":{"kind":"water","name":null,"osm":"way/568622610"},"geometry":{"type":"Polygon","coordinates":[[[-115.184308,36.121688],[-115.184286,36.121705],[-115.184274,36.121727],[-115.184274,36.121752],[-115.184285,36.121775],[-115.184306,36.121793],[-115.184334,36.121803],[-115.184364,36.121803],[-115.184393,36.121794],[-115.184415,36.121777],[-115.184427,36.121755],[-115.184428,36.12173],[-115.184417,36.121707],[-115.184396,36.121689],[-115.184368,36.121679],[-115.184337,36.121679],[-115.184308,36.121688]]]}},{"type":"Feature","properties":{"kind":"vegetation","name":null,"osm":"way/573661644"},"geometry":{"type":"Polygon","coordinates":[[[-115.176242,36.10372],[-115.176292,36.103624],[-115.176315,36.103513],[-115.176299,36.103437],[-115.176247,36.103354],[-115.176098,36.103242],[-115.175953,36.103124],[-115.175682,36.103353],[-115.175558,36.103244],[-115.175502,36.103287],[-115.175064,36.103275],[-115.174941,36.103352],[-115.174519,36.10335],[-115.174479,36.103317],[-115.17397,36.103305],[-115.17396,36.103208],[-115.173473,36.103208],[-115.173492,36.103032],[-115.173255,36.103038],[-115.173253,36.103333],[-115.173253,36.10338],[-115.173257,36.10348],[-115.173251,36.103495],[-115.173251,36.103619],[-115.173261,36.103626],[-115.173262,36.103672],[-115.173274,36.103699],[-115.173283,36.103715],[-115.173303,36.103731],[-115.173326,36.103742],[-115.173359,36.103748],[-115.173835,36.103745],[-115.173978,36.103727],[-115.174098,36.1037],[-115.174218,36.103661],[-115.174434,36.103574],[-115.174537,36.103542],[-115.174716,36.103487],[-115.175009,36.103435],[-115.175282,36.103452],[-115.175581,36.10353],[-115.175866,36.103639],[-115.176081,36.10374],[-115.176145,36.103767],[-115.176201,36.103771],[-115.176242,36.10372]]]}},{"type":"Feature","properties":{"kind":"vegetation","name":"Early Childhood Development Center Park","osm":"way/621570018"},"geometry":{"type":"Polygon","coordinates":[[[-115.170777,36.181891],[-115.170756,36.182821],[-115.170027,36.18281],[-115.170068,36.181039],[-115.170797,36.18105],[-115.170777,36.181891]]]}},{"type":"Feature","properties":{"kind":"vegetation","name":null,"osm":"way/640356005"},"geometry":{"type":"Polygon","coordinates":[[[-115.139465,36.111815],[-115.139313,36.111813],[-115.139271,36.111286],[-115.1393,36.111244],[-115.139338,36.111229],[-115.139397,36.111235],[-115.139444,36.111269],[-115.139465,36.111815]]]}},{"type":"Feature","properties":{"kind":"vegetation","name":"Cambridge Recreation Center Park","osm":"way/653774500"},"geometry":{"type":"Polygon","coordinates":[[[-115.140875,36.117844],[-115.140572,36.118064],[-115.14034,36.117893],[-115.14083,36.117776],[-115.140875,36.117844]]]}},{"type":"Feature","properties":{"kind":"vegetation","name":"Cambridge Recreation Center Field","osm":"way/653774502"},"geometry":{"type":"Polygon","coordinates":[[[-115.141313,36.118515],[-115.141074,36.11869],[-115.141063,36.118779],[-115.141559,36.11877],[-115.141476,36.118629],[-115.141313,36.118515]]]}},{"type":"Feature","properties":{"kind":"vegetation","name":"Grand Flamingo Plaza Recreation Area","osm":"way/653774503"},"geometry":{"type":"Polygon","coordinates":[[[-115.140807,36.116404],[-115.140479,36.116513],[-115.140499,36.11591],[-115.140807,36.116404]]]}},{"type":"Feature","properties":{"kind":"vegetation","name":null,"osm":"way/687836606"},"geometry":{"type":"Polygon","coordinates":[[[-115.164598,36.106554],[-115.16458,36.106571],[-115.164555,36.106584],[-115.164528,36.10659],[-115.164499,36.106586],[-115.164478,36.106575],[-115.164464,36.106556],[-115.164457,36.106533],[-115.164477,36.10649],[-115.164501,36.106476],[-115.164526,36.106471],[-115.164554,36.106473],[-115.164581,36.106487],[-115.164596,36.106506],[-115.164602,36.10653],[-115.164598,36.106554]]]}},{"type":"Feature","properties":{"kind":"vegetation","name":"Chester Stupak Park","osm":"way/746399710"},"geometry":{"type":"Polygon","coordinates":[[[-115.160821,36.147953],[-115.160594,36.14794],[-115.160427,36.147931],[-115.160257,36.147922],[-115.160246,36.147921],[-115.160279,36.147535],[-115.160854,36.147567],[-115.160821,36.147953]]]}},{"type":"Feature","properties":{"kind":"vegetation","name":"Parks Playground","osm":"way/764143544"},"geometry":{"type":"Polygon","coordinates":[[[-115.142142,36.154486],[-115.142039,36.154486],[-115.142039,36.154435],[-115.141268,36.154432],[-115.141267,36.154637],[-115.141266,36.15469],[-115.140957,36.154689],[-115.140959,36.154358],[-115.14096,36.154194],[-115.14177,36.154197],[-115.14177,36.154186],[-115.141863,36.154186],[-115.141893,36.154186],[-115.141893,36.154122],[-115.141864,36.154121],[-115.141865,36.154087],[-115.141918,36.154087],[-115.141919,36.154028],[-115.141943,36.154028],[-115.141942,36.15415],[-115.142034,36.15415],[-115.142035,36.15397],[-115.142135,36.15397],[-115.142134,36.154098],[-115.142237,36.154098],[-115.142238,36.153887],[-115.142362,36.153887],[-115.142359,36.154363],[-115.14218,36.154362],[-115.142179,36.154436],[-115.142179,36.154467],[-115.142142,36.154466],[-115.142142,36.154474],[-115.142142,36.154486]]]}},{"type":"Feature","properties":{"kind":"vegetation","name":null,"osm":"way/849645990"},"geometry":{"type":"Polygon","coordinates":[[[-115.137438,36.183667],[-115.13416,36.183693],[-115.134186,36.185436],[-115.134234,36.185437],[-115.134626,36.185442],[-115.134878,36.185443],[-115.134946,36.185443],[-115.134944,36.185743],[-115.135963,36.185746],[-115.135984,36.185758],[-115.136003,36.185783],[-115.135992,36.185811],[-115.135829,36.186059],[-115.135993,36.186125],[-115.136913,36.184689],[-115.137443,36.184697],[-115.137438,36.183667]]]}},{"type":"Feature","properties":{"kind":"vegetation","name":"Fantasy Park","osm":"way/851301274"},"geometry":{"type":"Polygon","coordinates":[[[-115.128851,36.183186],[-115.128854,36.181372],[-115.129262,36.181376],[-115.130063,36.183173],[-115.128851,36.183186]]]}},{"type":"Feature","properties":{"kind":"vegetation","name":null,"osm":"way/925732117"},"geometry":{"type":"Polygon","coordinates":[[[-115.131126,36.177673],[-115.131007,36.177672],[-115.130991,36.177676],[-115.130977,36.177686],[-115.130969,36.177699],[-115.130966,36.177719],[-115.130972,36.177734],[-115.130982,36.177743],[-115.130993,36.17775],[-115.131012,36.177754],[-115.131134,36.177753],[-115.131154,36.177748],[-115.131164,36.177736],[-115.131169,36.177726],[-115.13117,36.177713],[-115.131169,36.1777],[-115.131164,36.17769],[-115.131152,36.177679],[-115.131126,36.177673]]]}},{"type":"Feature","properties":{"kind":"vegetation","name":null,"osm":"way/925732120"},"geometry":{"type":"Polygon","coordinates":[[[-115.134084,36.1775],[-115.134085,36.177564],[-115.134084,36.177582],[-115.132717,36.177583],[-115.132689,36.177494],[-115.132698,36.177483],[-115.134016,36.17748],[-115.134017,36.177502],[-115.134084,36.1775]]]}},{"type":"Feature","properties":{"kind":"vegetation","name":null,"osm":"way/925732121"},"geometry":{"type":"Polygon","coordinates":[[[-115.132604,36.177485],[-115.132602,36.177581],[-115.130757,36.177581],[-115.13073,36.177573],[-115.130711,36.177555],[-115.130685,36.177529],[-115.13067,36.177507],[-115.130691,36.1773],[-115.130753,36.177304],[-115.130757,36.177485],[-115.132604,36.177485]]]}},{"type":"Feature","properties":{"kind":"vegetation","name":null,"osm":"way/925732124"},"geometry":{"type":"Polygon","coordinates":[[[-115.12856,36.178952],[-115.12891,36.178973],[-115.128965,36.178992],[-115.129021,36.179031],[-115.128764,36.179157],[-115.128592,36.179318],[-115.128567,36.179363],[-115.128551,36.179405],[-115.12849,36.179329],[-115.128469,36.17923],[-115.128457,36.179101],[-115.128454,36.179032],[-115.12856,36.178952]]]}},{"type":"Feature","properties":{"kind":"vegetation","name":null,"osm":"way/925732125"},"geometry":{"type":"Polygon","coordinates":[[[-115.129008,36.179048],[-115.129041,36.179092],[-115.128834,36.179192],[-115.128801,36.179148],[-115.129008,36.179048]]]}},{"type":"Feature","properties":{"kind":"vegetation","name":null,"osm":"way/925732128"},"geometry":{"type":"Polygon","coordinates":[[[-115.133659,36.177738],[-115.134641,36.17772],[-115.134642,36.177751],[-115.13366,36.177769],[-115.133659,36.177738]]]}},{"type":"Feature","properties":{"kind":"vegetation","name":null,"osm":"way/925732130"},"geometry":{"type":"Polygon","coordinates":[[[-115.130931,36.178518],[-115.130661,36.178731],[-115.130502,36.178735],[-115.130503,36.178523],[-115.130509,36.178508],[-115.130519,36.1785],[-115.130534,36.178495],[-115.130931,36.178518]]]}},{"type":"Feature","properties":{"kind":"vegetation","name":null,"osm":"way/925732131"},"geometry":{"type":"Polygon","coordinates":[[[-115.131619,36.178504],[-115.131565,36.178566],[-115.131662,36.178658],[-115.131681,36.178662],[-115.131702,36.178662],[-115.131738,36.178661],[-115.131754,36.178663],[-115.131781,36.178688],[-115.131819,36.178727],[-115.131879,36.178746],[-115.132078,36.178805],[-115.132131,36.178803],[-115.132153,36.178804],[-115.132186,36.178816],[-115.132225,36.178851],[-115.132491,36.178928],[-115.132559,36.178936],[-115.132579,36.178933],[-115.13265,36.178769],[-115.132465,36.17873],[-115.132426,36.178741],[-115.1324,36.178742],[-115.132373,36.178736],[-115.131982,36.178707],[-115.131906,36.178687],[-115.131818,36.178636],[-115.131713,36.178554],[-115.131619,36.178504]]]}},{"type":"Feature","properties":{"kind":"vegetation","name":null,"osm":"way/925732132"},"geometry":{"type":"Polygon","coordinates":[[[-115.13137,36.178059],[-115.131658,36.178467],[-115.131687,36.178487],[-115.13185,36.178557],[-115.132253,36.178641],[-115.132259,36.178628],[-115.132194,36.178593],[-115.132046,36.178519],[-115.131875,36.178413],[-115.131377,36.178057],[-115.13137,36.178059]]]}},{"type":"Feature","properties":{"kind":"vegetation","name":null,"osm":"way/925732133"},"geometry":{"type":"Polygon","coordinates":[[[-115.130707,36.178051],[-115.130897,36.178148],[-115.131074,36.17826],[-115.131247,36.178407],[-115.131499,36.17861],[-115.131505,36.178611],[-115.131515,36.178611],[-115.131521,36.178607],[-115.131521,36.178599],[-115.131347,36.178379],[-115.131304,36.178296],[-115.131261,36.178246],[-115.131272,36.178238],[-115.131605,36.178445],[-115.131614,36.178446],[-115.131616,36.17844],[-115.131265,36.177975],[-115.131229,36.177948],[-115.131188,36.17793],[-115.131135,36.177922],[-115.130898,36.177921],[-115.130839,36.177905],[-115.130795,36.177876],[-115.13076,36.177832],[-115.130754,36.177771],[-115.130762,36.177725],[-115.130764,36.177712],[-115.130758,36.177706],[-115.130745,36.177705],[-115.130722,36.177711],[-115.13067,36.177734],[-115.130625,36.177771],[-115.130597,36.177811],[-115.130578,36.177856],[-115.130577,36.177911],[-115.130593,36.177952],[-115.130609,36.177983],[-115.13064,36.178013],[-115.130707,36.178051]]]}},{"type":"Feature","properties":{"kind":"vegetation","name":null,"osm":"way/925732134"},"geometry":{"type":"Polygon","coordinates":[[[-115.131339,36.178324],[-115.131425,36.178445],[-115.131606,36.178669],[-115.131636,36.178691],[-115.131706,36.178717],[-115.132463,36.178944],[-115.13252,36.178952],[-115.132601,36.178953],[-115.132676,36.178935],[-115.132753,36.178909],[-115.132812,36.178875],[-115.132853,36.178845],[-115.132869,36.178822],[-115.132872,36.178803],[-115.13286,36.178783],[-115.132829,36.178772],[-115.132377,36.178678],[-115.131972,36.178608],[-115.131859,36.178581],[-115.131686,36.178507],[-115.131351,36.178314],[-115.131346,36.178312],[-115.131339,36.178311],[-115.131337,36.178317],[-115.131339,36.178324]]]}},{"type":"Feature","properties":{"kind":"vegetation","name":null,"osm":"way/925732135"},"geometry":{"type":"Polygon","coordinates":[[[-115.132017,36.178964],[-115.132029,36.178946],[-115.13236,36.179055],[-115.132466,36.179076],[-115.132575,36.179084],[-115.132673,36.179077],[-115.132795,36.179043],[-115.132921,36.178974],[-115.133026,36.178856],[-115.133069,36.178857],[-115.132908,36.17945],[-115.132753,36.179962],[-115.132674,36.179962],[-115.13268,36.179423],[-115.132616,36.179422],[-115.1326,36.17936],[-115.132568,36.179321],[-115.132017,36.178964]]]}},{"type":"Feature","properties":{"kind":"vegetation","name":null,"osm":"way/925732153"},"geometry":{"type":"Polygon","coordinates":[[[-115.131855,36.179024],[-115.131848,36.178979],[-115.131841,36.178965],[-115.131818,36.178952],[-115.13179,36.178951],[-115.131763,36.178955],[-115.131744,36.178966],[-115.131734,36.178982],[-115.131739,36.179363],[-115.131786,36.179363],[-115.131787,36.179094],[-115.131788,36.179044],[-115.131849,36.179042],[-115.131855,36.179024]]]}},{"type":"Feature","properties":{"kind":"vegetation","name":null,"osm":"way/925732154"},"geometry":{"type":"Polygon","coordinates":[[[-115.131785,36.179689],[-115.131739,36.179689],[-115.131742,36.179388],[-115.131786,36.179388],[-115.131785,36.179689]]]}},{"type":"Feature","properties":{"kind":"vegetation","name":null,"osm":"way/925732155"},"geometry":{"type":"Polygon","coordinates":[[[-115.131785,36.17978],[-115.131736,36.179779],[-115.131738,36.179894],[-115.131747,36.179908],[-115.131759,36.179918],[-115.131784,36.179919],[-115.131785,36.17978]]]}},{"type":"Feature","properties":{"kind":"vegetation","name":null,"osm":"way/925732156"},"geometry":{"type":"Polygon","coordinates":[[[-115.131783,36.180097],[-115.131734,36.180097],[-115.131735,36.180006],[-115.131742,36.179995],[-115.131757,36.179989],[-115.131784,36.179987],[-115.131783,36.180097]]]}},{"type":"Feature","properties":{"kind":"vegetation","name":null,"osm":"way/925732157"},"geometry":{"type":"Polygon","coordinates":[[[-115.131783,36.180192],[-115.131736,36.180191],[-115.131736,36.180546],[-115.131782,36.180543],[-115.131783,36.180192]]]}},{"type":"Feature","properties":{"kind":"vegetation","name":null,"osm":"way/925732158"},"geometry":{"type":"Polygon","coordinates":[[[-115.131782,36.180567],[-115.131734,36.180568],[-115.131736,36.180944],[-115.131744,36.180953],[-115.131758,36.180957],[-115.13178,36.180958],[-115.131782,36.180567]]]}},{"type":"Feature","properties":{"kind":"vegetation","name":null,"osm":"way/925732190"},"geometry":{"type":"Polygon","coordinates":[[[-115.137787,36.174742],[-115.137627,36.174981],[-115.137512,36.174932],[-115.137484,36.174883],[-115.137462,36.174835],[-115.137461,36.174796],[-115.137461,36.174739],[-115.137472,36.174699],[-115.13752,36.174624],[-115.137704,36.174381],[-115.137816,36.174472],[-115.137823,36.17451],[-115.137846,36.17455],[-115.137877,36.174597],[-115.137835,36.174617],[-115.137807,36.174645],[-115.137787,36.174673],[-115.137777,36.174701],[-115.137787,36.174742]]]}},{"type":"Feature","properties":{"kind":"vegetation","name":null,"osm":"way/948553392"},"geometry":{"type":"Polygon","coordinates":[[[-115.146976,36.128133],[-115.146598,36.128137],[-115.146584,36.128133],[-115.146572,36.128124],[-115.146568,36.128109],[-115.146572,36.128098],[-115.146584,36.128089],[-115.146601,36.128087],[-115.146975,36.128086],[-115.146997,36.128088],[-115.147006,36.128094],[-115.147009,36.128102],[-115.14701,36.128117],[-115.147004,36.128127],[-115.146991,36.128132],[-115.146976,36.128133]]]}},{"type":"Feature","properties":{"kind":"water","name":null,"osm":"way/977412924"},"geometry":{"type":"Polygon","coordinates":[[[-115.149521,36.111657],[-115.14952,36.11162],[-115.149482,36.111621],[-115.149483,36.111658],[-115.149521,36.111657]]]}},{"type":"Feature","properties":{"kind":"vegetation","name":null,"osm":"way/981476876"},"geometry":{"type":"Polygon","coordinates":[[[-115.112377,36.153899],[-115.112401,36.153918],[-115.112431,36.15393],[-115.112464,36.153934],[-115.112497,36.153928],[-115.112526,36.153914],[-115.112547,36.153894],[-115.112559,36.153869],[-115.112561,36.153842],[-115.112551,36.153816],[-115.112532,36.153794],[-115.112505,36.153778],[-115.112473,36.153771],[-115.11244,36.153772],[-115.112409,36.153781],[-115.112383,36.153799],[-115.112366,36.153822],[-115.112359,36.153848],[-115.112363,36.153875],[-115.112377,36.153899]]]}},{"type":"Feature","properties":{"kind":"vegetation","name":null,"osm":"way/1064917302"},"geometry":{"type":"Polygon","coordinates":[[[-115.127949,36.13989],[-115.128084,36.139887],[-115.128094,36.140103],[-115.128327,36.140103],[-115.128338,36.140251],[-115.12796,36.140257],[-115.127949,36.13989]]]}},{"type":"Feature","properties":{"kind":"vegetation","name":null,"osm":"way/1064917303"},"geometry":{"type":"Polygon","coordinates":[[[-115.129059,36.139596],[-115.129383,36.139595],[-115.129399,36.140269],[-115.129356,36.140304],[-115.128963,36.140309],[-115.128962,36.139865],[-115.129061,36.139863],[-115.129059,36.139596]]]}},{"type":"Feature","properties":{"kind":"vegetation","name":null,"osm":"way/1064917304"},"geometry":{"type":"Polygon","coordinates":[[[-115.129139,36.139205],[-115.129205,36.139205],[-115.12923,36.139235],[-115.129264,36.139259],[-115.129292,36.139272],[-115.129328,36.139283],[-115.129361,36.139285],[-115.129375,36.139285],[-115.129373,36.139304],[-115.12914,36.139308],[-115.129139,36.139205]]]}},{"type":"Feature","properties":{"kind":"vegetation","name":null,"osm":"way/1075897963"},"geometry":{"type":"Polygon","coordinates":[[[-115.155257,36.141904],[-115.15527,36.141706],[-115.155247,36.141676],[-115.155206,36.141674],[-115.155182,36.141699],[-115.155162,36.141896],[-115.155182,36.141926],[-115.155228,36.141929],[-115.155257,36.141904]]]}},{"type":"Feature","properties":{"kind":"vegetation","name":null,"osm":"way/1075897964"},"geometry":{"type":"Polygon","coordinates":[[[-115.15509,36.141715],[-115.155089,36.141659],[-115.155073,36.141652],[-115.154991,36.141653],[-115.154993,36.141707],[-115.15509,36.141715]]]}},{"type":"Feature","properties":{"kind":"water","name":null,"osm":"way/1085920798"},"geometry":{"type":"Polygon","coordinates":[[[-115.162829,36.126371],[-115.162826,36.12634],[-115.162825,36.126313],[-115.16278,36.126248],[-115.162735,36.126154],[-115.162727,36.126087],[-115.162752,36.125997],[-115.162802,36.125926],[-115.162872,36.125879],[-115.162939,36.125833],[-115.16298,36.125769],[-115.16302,36.12573],[-115.163023,36.125691],[-115.162988,36.125655],[-115.162993,36.125623],[-115.163067,36.125613],[-115.163085,36.125604],[-115.163098,36.125624],[-115.16313,36.125676],[-115.163104,36.12575],[-115.163101,36.1258],[-115.163096,36.125852],[-115.163077,36.125901],[-115.163041,36.125969],[-115.163038,36.12606],[-115.163034,36.126155],[-115.163037,36.126261],[-115.163023,36.12635],[-115.163016,36.126396],[-115.163001,36.126408],[-115.162992,36.126445],[-115.163002,36.126482],[-115.162995,36.126513],[-115.163004,36.126544],[-115.16301,36.126565],[-115.162961,36.126599],[-115.162936,36.126617],[-115.162877,36.126635],[-115.162795,36.126675],[-115.162733,36.12672],[-115.162681,36.126771],[-115.16266,36.126789],[-115.162636,36.126792],[-115.162613,36.1268],[-115.162583,36.126829],[-115.162585,36.126841],[-115.162576,36.126853],[-115.162574,36.126871],[-115.162556,36.126898],[-115.162546,36.126918],[-115.162511,36.126923],[-115.162478,36.126917],[-115.162434,36.12692],[-115.162368,36.126926],[-115.162286,36.12695],[-115.162201,36.126952],[-115.162156,36.126944],[-115.162133,36.126913],[-115.162128,36.126887],[-115.162133,36.126861],[-115.162159,36.126823],[-115.162194,36.126799],[-115.162235,36.126788],[-115.162342,36.126788],[-115.162393,36.126768],[-115.162411,36.126754],[-115.162424,36.126724],[-115.162455,36.126716],[-115.162486,36.126687],[-115.162481,36.126671],[-115.162481,36.126599],[-115.162499,36.126568],[-115.162554,36.12659],[-115.16265,36.126612],[-115.162733,36.126614],[-115.162755,36.126595],[-115.162795,36.126569],[-115.162825,36.126545],[-115.162849,36.126506],[-115.162833,36.126465],[-115.162862,36.126463],[-115.162889,36.126437],[-115.162915,36.126409],[-115.162878,36.126374],[-115.162853,36.126386],[-115.162838,36.126383],[-115.162829,36.126371]]]}},{"type":"Feature","properties":{"kind":"water","name":null,"osm":"way/1126151155"},"geometry":{"type":"Polygon","coordinates":[[[-115.159211,36.108146],[-115.158889,36.108143],[-115.158785,36.108192],[-115.158596,36.108227],[-115.158474,36.108245],[-115.158401,36.108267],[-115.158005,36.108269],[-115.157827,36.108284],[-115.15749,36.108373],[-115.157187,36.108538],[-115.15738,36.108724],[-115.157818,36.108547],[-115.158296,36.108408],[-115.158463,36.108402],[-115.158562,36.108406],[-115.158747,36.108385],[-115.158916,36.108332],[-115.159211,36.108146]]]}},{"type":"Feature","properties":{"kind":"water","name":null,"osm":"way/1126151156"},"geometry":{"type":"Polygon","coordinates":[[[-115.150657,36.113127],[-115.150347,36.11333],[-115.150136,36.113417],[-115.149867,36.113478],[-115.149571,36.113492],[-115.148852,36.113517],[-115.147474,36.113575],[-115.147019,36.113602],[-115.146775,36.113845],[-115.147121,36.113812],[-115.147965,36.113777],[-115.14944,36.113727],[-115.149948,36.113688],[-115.150236,36.11362],[-115.150378,36.11357],[-115.150564,36.113475],[-115.150661,36.113401],[-115.150657,36.113127]]]}},{"type":"Feature","properties":{"kind":"vegetation","name":null,"osm":"way/1126371758"},"geometry":{"type":"Polygon","coordinates":[[[-115.148549,36.118234],[-115.148549,36.118282],[-115.148599,36.118274],[-115.148627,36.11826],[-115.148636,36.118245],[-115.148637,36.118186],[-115.148604,36.118184],[-115.148601,36.118196],[-115.148552,36.118196],[-115.148549,36.118234]]]}},{"type":"Feature","properties":{"kind":"vegetation","name":null,"osm":"way/1177752176"},"geometry":{"type":"Polygon","coordinates":[[[-115.162857,36.130501],[-115.16278,36.130501],[-115.162771,36.130182],[-115.162821,36.130182],[-115.162822,36.130201],[-115.162853,36.130202],[-115.162857,36.130501]]]}},{"type":"Feature","properties":{"kind":"vegetation","name":null,"osm":"way/1177752177"},"geometry":{"type":"Polygon","coordinates":[[[-115.162854,36.129973],[-115.162855,36.130129],[-115.162823,36.130129],[-115.162823,36.130151],[-115.162772,36.130151],[-115.162771,36.130048],[-115.162588,36.130048],[-115.162586,36.13],[-115.162617,36.129999],[-115.162616,36.129973],[-115.162854,36.129973]]]}},{"type":"Feature","properties":{"kind":"vegetation","name":null,"osm":"way/1177752178"},"geometry":{"type":"Polygon","coordinates":[[[-115.162554,36.130001],[-115.162555,36.130048],[-115.162267,36.130049],[-115.162267,36.129972],[-115.162527,36.129971],[-115.162528,36.130001],[-115.162554,36.130001]]]}},{"type":"Feature","properties":{"kind":"vegetation","name":null,"osm":"way/1177754658"},"geometry":{"type":"Polygon","coordinates":[[[-115.165383,36.130914],[-115.165342,36.130938],[-115.165367,36.130971],[-115.165375,36.130982],[-115.165377,36.130987],[-115.16538,36.130997],[-115.165381,36.131005],[-115.165377,36.131018],[-115.16537,36.131031],[-115.165362,36.131042],[-115.165351,36.131052],[-115.165342,36.131059],[-115.165332,36.131066],[-115.165317,36.131073],[-115.165302,36.131078],[-115.165289,36.13108],[-115.165264,36.131082],[-115.165242,36.131082],[-115.16521,36.131078],[-115.165194,36.131074],[-115.165171,36.131077],[-115.165147,36.131081],[-115.165121,36.131075],[-115.165089,36.131064],[-115.165045,36.131039],[-115.164996,36.131013],[-115.164813,36.130917],[-115.164883,36.130848],[-115.165064,36.130966],[-115.165142,36.130876],[-115.16523,36.130923],[-115.165273,36.130877],[-115.165207,36.130841],[-115.165132,36.130799],[-115.165039,36.130739],[-115.165035,36.130727],[-115.165033,36.130716],[-115.165033,36.130702],[-115.165039,36.130691],[-115.165056,36.130666],[-115.165074,36.130656],[-115.165092,36.130649],[-115.165112,36.130647],[-115.165132,36.130647],[-115.165156,36.130655],[-115.165174,36.130666],[-115.165209,36.130706],[-115.165242,36.130746],[-115.165316,36.130831],[-115.165383,36.130914]]]}},{"type":"Feature","properties":{"kind":"vegetation","name":null,"osm":"way/1197488746"},"geometry":{"type":"Polygon","coordinates":[[[-115.153266,36.128958],[-115.153177,36.129029],[-115.153119,36.129094],[-115.153112,36.129114],[-115.153119,36.129132],[-115.153157,36.129147],[-115.153187,36.129149],[-115.153243,36.129135],[-115.153273,36.129108],[-115.15329,36.129072],[-115.153288,36.129009],[-115.153278,36.128985],[-115.153266,36.128958]]]}},{"type":"Feature","properties":{"kind":"vegetation","name":null,"osm":"way/1204568210"},"geometry":{"type":"Polygon","coordinates":[[[-115.152314,36.170049],[-115.152553,36.170138],[-115.15277,36.170153],[-115.15291,36.170155],[-115.153072,36.170176],[-115.153225,36.170209],[-115.153106,36.17012],[-115.152993,36.170021],[-115.152889,36.169895],[-115.152766,36.169797],[-115.152559,36.169682],[-115.152314,36.170049]]]}},{"type":"Feature","properties":{"kind":"vegetation","name":"Las Vegas Community Healing Garden","osm":"way/1213435847"},"geometry":{"type":"Polygon","coordinates":[[[-115.150933,36.159864],[-115.150595,36.159724],[-115.150707,36.159545],[-115.150758,36.159505],[-115.150904,36.159467],[-115.15095,36.159723],[-115.150933,36.159864]]]}},{"type":"Feature","properties":{"kind":"vegetation","name":null,"osm":"way/1230962142"},"geometry":{"type":"Polygon","coordinates":[[[-115.165707,36.112414],[-115.165696,36.111236],[-115.164158,36.111197],[-115.164174,36.112393],[-115.165707,36.112414]]]}},{"type":"Feature","properties":{"kind":"vegetation","name":null,"osm":"way/1264221436"},"geometry":{"type":"Polygon","coordinates":[[[-115.140694,36.171188],[-115.140459,36.171547],[-115.140036,36.171368],[-115.14027,36.171007],[-115.140694,36.171188]]]}},{"type":"Feature","properties":{"kind":"vegetation","name":null,"osm":"way/1314712784"},"geometry":{"type":"Polygon","coordinates":[[[-115.141851,36.105168],[-115.14185,36.105157],[-115.14168,36.105166],[-115.141724,36.105767],[-115.14182,36.105762],[-115.141822,36.105782],[-115.141859,36.10578],[-115.141818,36.10517],[-115.141851,36.105168]]]}},{"type":"Feature","properties":{"kind":"vegetation","name":null,"osm":"way/1314720700"},"geometry":{"type":"Polygon","coordinates":[[[-115.142309,36.105929],[-115.142322,36.105914],[-115.142317,36.105836],[-115.142092,36.105846],[-115.142096,36.105897],[-115.142096,36.105905],[-115.142121,36.105905],[-115.142143,36.105908],[-115.142181,36.105916],[-115.142197,36.105884],[-115.142233,36.105894],[-115.14227,36.105909],[-115.142309,36.105929]]]}},{"type":"Feature","properties":{"kind":"vegetation","name":null,"osm":"way/1314720701"},"geometry":{"type":"Polygon","coordinates":[[[-115.14203,36.105996],[-115.142026,36.105901],[-115.142026,36.10588],[-115.141995,36.105881],[-115.141999,36.105936],[-115.141959,36.105938],[-115.141964,36.106016],[-115.141994,36.106003],[-115.14203,36.105996]]]}},{"type":"Feature","properties":{"kind":"vegetation","name":null,"osm":"way/1314720702"},"geometry":{"type":"Polygon","coordinates":[[[-115.142403,36.106121],[-115.142413,36.106121],[-115.142466,36.10612],[-115.142457,36.105942],[-115.14237,36.105944],[-115.142349,36.105959],[-115.142393,36.106004],[-115.142408,36.106024],[-115.14242,36.106043],[-115.142379,36.106058],[-115.142403,36.106121]]]}},{"type":"Feature","properties":{"kind":"vegetation","name":null,"osm":"way/1314720703"},"geometry":{"type":"Polygon","coordinates":[[[-115.142388,36.106243],[-115.142282,36.106248],[-115.142289,36.106236],[-115.142297,36.106212],[-115.142302,36.10619],[-115.142417,36.106184],[-115.142416,36.106175],[-115.142427,36.106175],[-115.142429,36.106213],[-115.142386,36.106215],[-115.142388,36.106243]]]}},{"type":"Feature","properties":{"kind":"vegetation","name":null,"osm":"way/1314720726"},"geometry":{"type":"Polygon","coordinates":[[[-115.142458,36.105605],[-115.142471,36.105605],[-115.142556,36.105599],[-115.142552,36.105483],[-115.142519,36.105511],[-115.142542,36.105527],[-115.142458,36.105605]]]}},{"type":"Feature","properties":{"kind":"vegetation","name":null,"osm":"way/1314720727"},"geometry":{"type":"Polygon","coordinates":[[[-115.142552,36.105483],[-115.142552,36.105468],[-115.142471,36.105412],[-115.142463,36.105421],[-115.142552,36.105483]]]}},{"type":"Feature","properties":{"kind":"vegetation","name":null,"osm":"way/1314720728"},"geometry":{"type":"Polygon","coordinates":[[[-115.142508,36.105692],[-115.142471,36.105667],[-115.142473,36.105665],[-115.142473,36.105662],[-115.142523,36.105661],[-115.142522,36.105679],[-115.142508,36.105692]]]}},{"type":"Feature","properties":{"kind":"vegetation","name":null,"osm":"way/1314720729"},"geometry":{"type":"Polygon","coordinates":[[[-115.14244,36.105758],[-115.142427,36.105772],[-115.142403,36.105773],[-115.1424,36.105731],[-115.142402,36.105731],[-115.142405,36.105728],[-115.14244,36.105758]]]}},{"type":"Feature","properties":{"kind":"vegetation","name":null,"osm":"way/1314720730"},"geometry":{"type":"Polygon","coordinates":[[[-115.142331,36.105778],[-115.142268,36.10578],[-115.142322,36.105729],[-115.142329,36.105732],[-115.142331,36.105778]]]}},{"type":"Feature","properties":{"kind":"vegetation","name":null,"osm":"way/1314722448"},"geometry":{"type":"Polygon","coordinates":[[[-115.142167,36.105783],[-115.142161,36.105696],[-115.142045,36.10579],[-115.142167,36.105783]]]}},{"type":"Feature","properties":{"kind":"vegetation","name":null,"osm":"way/1314722449"},"geometry":{"type":"Polygon","coordinates":[[[-115.14177,36.10593],[-115.141766,36.105877],[-115.141826,36.105874],[-115.14183,36.105928],[-115.14177,36.10593]]]}},{"type":"Feature","properties":{"kind":"vegetation","name":null,"osm":"way/1314722450"},"geometry":{"type":"Polygon","coordinates":[[[-115.14182,36.106094],[-115.141781,36.106094],[-115.141749,36.106095],[-115.141756,36.106252],[-115.141839,36.10625],[-115.141814,36.106239],[-115.141804,36.106195],[-115.141802,36.106165],[-115.141807,36.106133],[-115.14182,36.106094]]]}},{"type":"Feature","properties":{"kind":"vegetation","name":null,"osm":"way/1314722451"},"geometry":{"type":"Polygon","coordinates":[[[-115.142009,36.106367],[-115.142011,36.10642],[-115.142214,36.106415],[-115.142213,36.106371],[-115.142185,36.10638],[-115.142154,36.106389],[-115.142118,36.106395],[-115.142076,36.106397],[-115.142031,36.106394],[-115.142009,36.106367]]]}},{"type":"Feature","properties":{"kind":"vegetation","name":null,"osm":"way/1314722452"},"geometry":{"type":"Polygon","coordinates":[[[-115.142347,36.106343],[-115.142277,36.106344],[-115.142278,36.1064],[-115.142348,36.106399],[-115.142347,36.106343]]]}},{"type":"Feature","properties":{"kind":"vegetation","name":null,"osm":"way/1314722453"},"geometry":{"type":"Polygon","coordinates":[[[-115.142482,36.106337],[-115.142483,36.106391],[-115.142418,36.106392],[-115.142417,36.106338],[-115.142482,36.106337]]]}},{"type":"Feature","properties":{"kind":"vegetation","name":null,"osm":"way/1314730825"},"geometry":{"type":"Polygon","coordinates":[[[-115.142548,36.106012],[-115.142584,36.105983],[-115.142577,36.105824],[-115.14254,36.105825],[-115.142548,36.106012]]]}},{"type":"Feature","properties":{"kind":"vegetation","name":null,"osm":"way/1314734204"},"geometry":{"type":"Polygon","coordinates":[[[-115.14256,36.105201],[-115.14263,36.105198],[-115.142628,36.105167],[-115.142666,36.105166],[-115.142661,36.105054],[-115.142625,36.105055],[-115.142625,36.10504],[-115.142609,36.10504],[-115.142608,36.105029],[-115.142555,36.10503],[-115.142555,36.105024],[-115.142476,36.105032],[-115.142377,36.10505],[-115.142289,36.105066],[-115.142237,36.105071],[-115.142169,36.105072],[-115.142112,36.105068],[-115.14206,36.105063],[-115.142004,36.105056],[-115.14195,36.105055],[-115.141896,36.105057],[-115.141844,36.105059],[-115.141845,36.10508],[-115.141846,36.105101],[-115.141981,36.105096],[-115.141983,36.105132],[-115.142346,36.105116],[-115.142348,36.105144],[-115.142556,36.105135],[-115.14256,36.105201]]]}},{"type":"Feature","properties":{"kind":"vegetation","name":null,"osm":"way/1314734205"},"geometry":{"type":"Polygon","coordinates":[[[-115.1427,36.105137],[-115.142693,36.105025],[-115.142828,36.10502],[-115.1427,36.105137]]]}},{"type":"Feature","properties":{"kind":"vegetation","name":null,"osm":"way/1314734206"},"geometry":{"type":"Polygon","coordinates":[[[-115.143093,36.10618],[-115.143047,36.106182],[-115.143055,36.106298],[-115.142685,36.106316],[-115.142689,36.10641],[-115.143098,36.10639],[-115.143093,36.10618]]]}},{"type":"Feature","properties":{"kind":"vegetation","name":null,"osm":"way/1314737124"},"geometry":{"type":"Polygon","coordinates":[[[-115.142925,36.106669],[-115.142923,36.10651],[-115.142614,36.106522],[-115.142619,36.106568],[-115.142643,36.106567],[-115.142693,36.106571],[-115.142753,36.106589],[-115.142808,36.106613],[-115.142876,36.106644],[-115.142925,36.106669]]]}},{"type":"Feature","properties":{"kind":"water","name":null,"osm":"way/1315723322"},"geometry":{"type":"Polygon","coordinates":[[[-115.156043,36.128585],[-115.15607,36.128585],[-115.156096,36.128582],[-115.156118,36.12857],[-115.156127,36.128536],[-115.156139,36.1285],[-115.156153,36.128467],[-115.156174,36.128442],[-115.156196,36.128411],[-115.156214,36.128388],[-115.156254,36.128383],[-115.156295,36.128404],[-115.15632,36.128443],[-115.156351,36.128465],[-115.156368,36.1285],[-115.156379,36.128523],[-115.156397,36.128541],[-115.156449,36.128545],[-115.156475,36.128531],[-115.156496,36.128495],[-115.156496,36.128449],[-115.156508,36.128428],[-115.15651,36.128404],[-115.156518,36.128384],[-115.156528,36.128343],[-115.156521,36.128293],[-115.156511,36.128251],[-115.156501,36.128209],[-115.156491,36.128194],[-115.156484,36.128185],[-115.156447,36.128157],[-115.156424,36.128125],[-115.156404,36.128102],[-115.156389,36.128076],[-115.156371,36.12806],[-115.156348,36.128056],[-115.156323,36.128036],[-115.156316,36.128009],[-115.156328,36.127984],[-115.156355,36.127975],[-115.156384,36.127966],[-115.1564,36.127945],[-115.156416,36.127916],[-115.156441,36.127888],[-115.156462,36.127857],[-115.156456,36.12783],[-115.156423,36.127795],[-115.156419,36.127753],[-115.156458,36.127735],[-115.156483,36.127732],[-115.156491,36.127726],[-115.156502,36.127726],[-115.15651,36.127726],[-115.156525,36.127719],[-115.156537,36.127718],[-115.156555,36.127702],[-115.156572,36.127678],[-115.156591,36.12767],[-115.156615,36.127671],[-115.156645,36.127684],[-115.156675,36.127691],[-115.156709,36.127696],[-115.156738,36.127699],[-115.156769,36.127716],[-115.156805,36.127721],[-115.156846,36.127728],[-115.15687,36.127737],[-115.156931,36.127734],[-115.157004,36.127732],[-115.157041,36.127738],[-115.157049,36.127759],[-115.15707,36.127774],[-115.15711,36.12779],[-115.15715,36.127806],[-115.157175,36.127813],[-115.157202,36.127814],[-115.157232,36.127794],[-115.157256,36.127768],[-115.157269,36.127737],[-115.157292,36.127697],[-115.157302,36.127659],[-115.157321,36.127631],[-115.157336,36.127614],[-115.157432,36.1276],[-115.157487,36.127597],[-115.157544,36.127614],[-115.157593,36.127624],[-115.157657,36.127622],[-115.157713,36.127607],[-115.157758,36.127597],[-115.157795,36.127597],[-115.157876,36.127612],[-115.157942,36.127616],[-115.158055,36.127617],[-115.158123,36.127605],[-115.158184,36.127577],[-115.158234,36.127532],[-115.158237,36.127492],[-115.158244,36.127454],[-115.158245,36.127418],[-115.158238,36.12739],[-115.158207,36.127363],[-115.158181,36.127326],[-115.15816,36.127309],[-115.158144,36.127299],[-115.158124,36.12729],[-115.158096,36.127241],[-115.158079,36.127209],[-115.158049,36.127198],[-115.158021,36.127184],[-115.158003,36.127172],[-115.158,36.127144],[-115.158003,36.127105],[-115.158019,36.127081],[-115.158071,36.12703],[-115.158112,36.126999],[-115.158143,36.126963],[-115.158159,36.126938],[-115.158184,36.126909],[-115.158201,36.126883],[-115.158208,36.126864],[-115.158258,36.126839],[-115.15829,36.126812],[-115.158308,36.126777],[-115.158316,36.126742],[-115.158322,36.1267],[-115.158347,36.126662],[-115.158352,36.126608],[-115.158362,36.126572],[-115.158379,36.126542],[-115.158399,36.126517],[-115.158412,36.126496],[-115.158422,36.126473],[-115.158435,36.126463],[-115.15844,36.126448],[-115.158446,36.126431],[-115.158456,36.126407],[-115.15845,36.126394],[-115.158453,36.126367],[-115.158466,36.126351],[-115.158483,36.126328],[-115.158499,36.126293],[-115.158509,36.126272],[-115.15851,36.126234],[-115.158502,36.126199],[-115.158511,36.126175],[-115.158526,36.126159],[-115.158543,36.126151],[-115.158558,36.126127],[-115.158563,36.126108],[-115.15858,36.126089],[-115.158594,36.12606],[-115.158592,36.126025],[-115.158598,36.125986],[-115.158601,36.125949],[-115.158604,36.125919],[-115.158601,36.125898],[-115.158589,36.125881],[-115.15859,36.125852],[-115.158586,36.125821],[-115.158582,36.125802],[-115.15857,36.125782],[-115.158577,36.125752],[-115.158565,36.125724],[-115.158559,36.125693],[-115.158549,36.125669],[-115.158538,36.125643],[-115.15852,36.125628],[-115.158507,36.125616],[-115.158508,36.125591],[-115.158503,36.12557],[-115.158494,36.12555],[-115.158506,36.125513],[-115.158523,36.125484],[-115.158529,36.125461],[-115.15854,36.125438],[-115.15855,36.125415],[-115.158549,36.125389],[-115.158536,36.125353],[-115.15853,36.125335],[-115.158515,36.125318],[-115.158505,36.1253],[-115.158506,36.125276],[-115.158496,36.125256],[-115.158462,36.125228],[-115.158455,36.125206],[-115.158452,36.125168],[-115.158453,36.125146],[-115.158458,36.125124],[-115.158449,36.125101],[-115.158451,36.125081],[-115.158444,36.12506],[-115.158445,36.125039],[-115.158455,36.125021],[-115.158495,36.124997],[-115.158527,36.124977],[-115.158571,36.124967],[-115.158598,36.12495],[-115.158649,36.124929],[-115.158669,36.124897],[-115.158686,36.124867],[-115.158687,36.124838],[-115.158687,36.12482],[-115.158679,36.124791],[-115.158682,36.124772],[-115.15868,36.124753],[-115.158664,36.124731],[-115.158658,36.124707],[-115.158661,36.124678],[-115.158656,36.124654],[-115.158654,36.124629],[-115.15866,36.124609],[-115.158673,36.124597],[-115.15867,36.124582],[-115.158668,36.124558],[-115.158673,36.124531],[-115.158665,36.124503],[-115.158671,36.124483],[-115.158685,36.124449],[-115.158686,36.124429],[-115.15868,36.124409],[-115.158667,36.1244],[-115.158666,36.124374],[-115.158673,36.12435],[-115.158694,36.124325],[-115.158715,36.124293],[-115.158752,36.124242],[-115.158772,36.12421],[-115.158814,36.124187],[-115.158843,36.124187],[-115.158871,36.124161],[-115.158881,36.124135],[-115.158869,36.124106],[-115.158841,36.124074],[-115.158835,36.124046],[-115.158833,36.124021],[-115.158834,36.123987],[-115.158838,36.123956],[-115.15885,36.123932],[-115.158849,36.12391],[-115.158865,36.123895],[-115.158874,36.123877],[-115.158897,36.123868],[-115.158928,36.123857],[-115.158952,36.12383],[-115.158978,36.123806],[-115.159006,36.123792],[-115.15902,36.123781],[-115.159035,36.123767],[-115.159051,36.12376],[-115.159077,36.123759],[-115.159102,36.123754],[-115.159126,36.123746],[-115.159151,36.123747],[-115.159177,36.123752],[-115.159203,36.123758],[-115.159236,36.123755],[-115.159262,36.123744],[-115.159267,36.123742],[-115.159294,36.123716],[-115.159302,36.123702],[-115.159309,36.123692],[-115.159322,36.123676],[-115.15933,36.123637],[-115.159332,36.123617],[-115.159319,36.123589],[-115.159276,36.123546],[-115.15924,36.123524],[-115.159217,36.123513],[-115.15917,36.123502],[-115.159136,36.123491],[-115.159072,36.123479],[-115.159022,36.123473],[-115.158967,36.123468],[-115.158915,36.12347],[-115.158876,36.123477],[-115.158838,36.123488],[-115.158801,36.123509],[-115.15878,36.123528],[-115.158759,36.123553],[-115.158735,36.123577],[-115.158703,36.123596],[-115.158672,36.123609],[-115.158645,36.123622],[-115.158613,36.123647],[-115.15859,36.123674],[-115.158566,36.123691],[-115.158531,36.123691],[-115.15851,36.12369],[-115.158478,36.12368],[-115.158459,36.123653],[-115.158449,36.123637],[-115.158434,36.12366],[-115.158434,36.123686],[-115.158442,36.123725],[-115.158487,36.123764],[-115.158542,36.123788],[-115.158592,36.123801],[-115.15865,36.123798],[-115.158691,36.123787],[-115.158726,36.123774],[-115.158749,36.123761],[-115.158778,36.123748],[-115.15882,36.123733],[-115.158854,36.123726],[-115.158886,36.123731],[-115.1589,36.123751],[-115.158905,36.123773],[-115.158879,36.1238],[-115.158852,36.123825],[-115.158832,36.123848],[-115.15881,36.123861],[-115.15879,36.12392],[-115.158777,36.123977],[-115.158783,36.124006],[-115.158787,36.124031],[-115.158784,36.12405],[-115.158779,36.124069],[-115.158787,36.124087],[-115.158799,36.124121],[-115.158778,36.124146],[-115.158735,36.124176],[-115.15871,36.124191],[-115.15868,36.124203],[-115.158638,36.124278],[-115.158622,36.124315],[-115.158606,36.124362],[-115.15861,36.124395],[-115.158613,36.124429],[-115.158623,36.124458],[-115.158631,36.124478],[-115.15863,36.124488],[-115.158619,36.124499],[-115.158607,36.124508],[-115.158598,36.12453],[-115.158586,36.124561],[-115.158586,36.124618],[-115.158589,36.124661],[-115.1586,36.124709],[-115.15861,36.12474],[-115.158618,36.124781],[-115.158627,36.124811],[-115.15863,36.124859],[-115.158608,36.124884],[-115.158562,36.124938],[-115.158539,36.124936],[-115.158515,36.124928],[-115.158506,36.124903],[-115.158515,36.124874],[-115.158509,36.124854],[-115.158489,36.124855],[-115.158457,36.12488],[-115.158428,36.124932],[-115.158407,36.124972],[-115.158381,36.124996],[-115.158362,36.125023],[-115.158364,36.125057],[-115.158381,36.125101],[-115.158388,36.125131],[-115.15839,36.125188],[-115.158401,36.125236],[-115.158412,36.125274],[-115.15842,36.125318],[-115.158425,36.125399],[-115.158422,36.125445],[-115.158415,36.12551],[-115.158406,36.125547],[-115.15842,36.125601],[-115.158444,36.125651],[-115.158467,36.125703],[-115.158492,36.125765],[-115.158507,36.125829],[-115.158507,36.125864],[-115.158516,36.125883],[-115.158533,36.125913],[-115.158541,36.125934],[-115.158535,36.125974],[-115.158535,36.126],[-115.158531,36.126032],[-115.158536,36.126052],[-115.158529,36.126078],[-115.158517,36.126087],[-115.158493,36.126122],[-115.158476,36.126153],[-115.158462,36.126183],[-115.15845,36.126209],[-115.15845,36.126259],[-115.158445,36.126296],[-115.158425,36.126331],[-115.158406,36.126377],[-115.158395,36.126427],[-115.158375,36.126473],[-115.158352,36.126508],[-115.158326,36.126547],[-115.158311,36.126577],[-115.158277,36.126616],[-115.15827,36.12665],[-115.158268,36.126683],[-115.158256,36.126713],[-115.158234,36.126744],[-115.158213,36.126771],[-115.158203,36.126793],[-115.158178,36.126819],[-115.158171,36.126834],[-115.158135,36.126857],[-115.158122,36.126891],[-115.158103,36.126925],[-115.15809,36.12695],[-115.15808,36.126969],[-115.158058,36.126995],[-115.158035,36.127009],[-115.158011,36.127027],[-115.157992,36.127036],[-115.157954,36.127063],[-115.157944,36.127092],[-115.157938,36.12711],[-115.157944,36.12713],[-115.157952,36.127151],[-115.157963,36.127171],[-115.157973,36.12719],[-115.157978,36.127219],[-115.157981,36.127235],[-115.158002,36.127249],[-115.158034,36.127263],[-115.158052,36.127281],[-115.158087,36.127307],[-115.158113,36.127332],[-115.158144,36.127354],[-115.158159,36.127373],[-115.158173,36.127396],[-115.158184,36.127418],[-115.158191,36.127442],[-115.158191,36.127456],[-115.158179,36.127495],[-115.158171,36.127512],[-115.158135,36.127547],[-115.158112,36.127556],[-115.158088,36.127559],[-115.158064,36.127563],[-115.158035,36.127572],[-115.158009,36.12758],[-115.15796,36.127583],[-115.157925,36.127585],[-115.157898,36.127584],[-115.157869,36.127582],[-115.157837,36.127577],[-115.157805,36.127573],[-115.157781,36.127573],[-115.157755,36.127573],[-115.157729,36.127573],[-115.157703,36.127573],[-115.157676,36.127578],[-115.157651,36.127582],[-115.157626,36.127585],[-115.157606,36.127583],[-115.157588,36.127579],[-115.15756,36.12757],[-115.157534,36.127561],[-115.157504,36.127552],[-115.157465,36.127548],[-115.157415,36.127547],[-115.157383,36.12755],[-115.157347,36.12756],[-115.157292,36.127592],[-115.157242,36.127616],[-115.157221,36.127654],[-115.15721,36.127695],[-115.157118,36.127717],[-115.157073,36.127705],[-115.157027,36.127698],[-115.156962,36.127681],[-115.156907,36.127665],[-115.156873,36.127651],[-115.156822,36.127644],[-115.156787,36.12764],[-115.156753,36.12763],[-115.156718,36.127618],[-115.156691,36.127602],[-115.15664,36.12759],[-115.156582,36.127587],[-115.156555,36.127595],[-115.156503,36.127614],[-115.156469,36.127627],[-115.156424,36.127641],[-115.156389,36.127644],[-115.156369,36.127637],[-115.156355,36.127619],[-115.156352,36.127598],[-115.156342,36.127574],[-115.156329,36.12756],[-115.156305,36.127547],[-115.15629,36.12754],[-115.156265,36.12754],[-115.156251,36.127548],[-115.156237,36.127557],[-115.156226,36.127577],[-115.156223,36.127596],[-115.156237,36.127622],[-115.156244,36.127647],[-115.156243,36.127678],[-115.156231,36.127729],[-115.156217,36.127758],[-115.156198,36.127777],[-115.156176,36.127798],[-115.15616,36.127816],[-115.156146,36.127836],[-115.156122,36.12786],[-115.156097,36.127871],[-115.15607,36.127886],[-115.156042,36.12789],[-115.155992,36.1279],[-115.155969,36.127914],[-115.155938,36.127931],[-115.155919,36.127951],[-115.155911,36.127975],[-115.155918,36.127998],[-115.15591,36.128035],[-115.155897,36.128073],[-115.155875,36.1281],[-115.15585,36.128122],[-115.155812,36.128137],[-115.155791,36.128151],[-115.155785,36.128175],[-115.155791,36.128194],[-115.155826,36.128258],[-115.155794,36.128292],[-115.155788,36.128315],[-115.15579,36.128349],[-115.155798,36.128376],[-115.155832,36.128414],[-115.155882,36.128455],[-115.155941,36.128498],[-115.155952,36.128532],[-115.15595,36.128547],[-115.155958,36.128566],[-115.155975,36.12858],[-115.156017,36.128586],[-115.156043,36.128585]]]}},{"type":"Feature","properties":{"kind":"water","name":null,"osm":"way/1315725519"},"geometry":{"type":"Polygon","coordinates":[[[-115.158307,36.128416],[-115.158333,36.128413],[-115.158361,36.128395],[-115.158379,36.128376],[-115.158409,36.128349],[-115.158446,36.128324],[-115.158481,36.128304],[-115.15853,36.12829],[-115.158616,36.128265],[-115.158676,36.128245],[-115.158732,36.128225],[-115.15877,36.128202],[-115.158804,36.128179],[-115.158827,36.128142],[-115.158833,36.128085],[-115.158831,36.128064],[-115.158815,36.128044],[-115.158796,36.128019],[-115.15877,36.128004],[-115.158732,36.127984],[-115.158701,36.127951],[-115.158686,36.127929],[-115.158677,36.127909],[-115.158657,36.127891],[-115.158635,36.12789],[-115.15861,36.127897],[-115.158586,36.127931],[-115.158579,36.127975],[-115.158563,36.128026],[-115.158547,36.128059],[-115.158519,36.128088],[-115.15849,36.128105],[-115.158446,36.128117],[-115.158419,36.128134],[-115.158386,36.12818],[-115.158368,36.128204],[-115.158347,36.128232],[-115.158331,36.128264],[-115.15831,36.12829],[-115.158287,36.12832],[-115.158272,36.12836],[-115.158272,36.128382],[-115.158281,36.128402],[-115.158307,36.128416]]]}},{"type":"Feature","properties":{"kind":"water","name":null,"osm":"way/1315744628"},"geometry":{"type":"Polygon","coordinates":[[[-115.163098,36.125624],[-115.163113,36.125615],[-115.163132,36.125609],[-115.163153,36.125602],[-115.163162,36.125593],[-115.163166,36.125577],[-115.163167,36.125566],[-115.163175,36.125544],[-115.163188,36.125527],[-115.16321,36.125513],[-115.16325,36.1255],[-115.163276,36.125477],[-115.163296,36.125432],[-115.163299,36.125407],[-115.163296,36.125383],[-115.163301,36.125359],[-115.163309,36.125336],[-115.163323,36.125295],[-115.163331,36.125253],[-115.163326,36.125221],[-115.163313,36.125187],[-115.163291,36.12515],[-115.163278,36.125126],[-115.163252,36.125069],[-115.163241,36.125046],[-115.16321,36.125],[-115.163183,36.124975],[-115.163148,36.124953],[-115.163121,36.124936],[-115.163066,36.124904],[-115.163046,36.124878],[-115.163057,36.124855],[-115.163093,36.12483],[-115.163131,36.124808],[-115.163158,36.124791],[-115.163185,36.124776],[-115.163206,36.124762],[-115.16322,36.124751],[-115.163227,36.124732],[-115.163235,36.124707],[-115.163245,36.124675],[-115.163252,36.124649],[-115.163249,36.124634],[-115.163233,36.124621],[-115.163211,36.124609],[-115.16319,36.124598],[-115.163169,36.124595],[-115.163147,36.124601],[-115.163108,36.124618],[-115.163072,36.124629],[-115.163041,36.124632],[-115.163001,36.124636],[-115.162964,36.124632],[-115.16293,36.124634],[-115.162885,36.124642],[-115.162839,36.124657],[-115.162806,36.124675],[-115.16277,36.124711],[-115.162753,36.124736],[-115.162734,36.124765],[-115.162718,36.124794],[-115.162702,36.124823],[-115.162691,36.124849],[-115.162694,36.124882],[-115.162718,36.12492],[-115.162749,36.12494],[-115.162796,36.124959],[-115.162826,36.124971],[-115.162859,36.124976],[-115.162901,36.124975],[-115.162947,36.12497],[-115.162981,36.124956],[-115.163004,36.124944],[-115.163029,36.124946],[-115.163075,36.124979],[-115.163119,36.124988],[-115.163161,36.125017],[-115.163188,36.125049],[-115.16321,36.125096],[-115.163215,36.125144],[-115.163237,36.125167],[-115.163251,36.125221],[-115.163262,36.125251],[-115.163267,36.12527],[-115.163261,36.1253],[-115.16325,36.125339],[-115.163244,36.125364],[-115.163245,36.125386],[-115.163246,36.12541],[-115.16324,36.125427],[-115.163223,36.125447],[-115.163183,36.125473],[-115.163151,36.125493],[-115.163114,36.125529],[-115.163108,36.125554],[-115.163089,36.125582],[-115.163068,36.125596],[-115.163022,36.125603],[-115.162997,36.125604],[-115.162976,36.125604],[-115.162953,36.125597],[-115.162929,36.125583],[-115.162914,36.125572],[-115.162882,36.125564],[-115.162861,36.125559],[-115.162844,36.125546],[-115.162822,36.125528],[-115.162766,36.125502],[-115.162741,36.125491],[-115.162699,36.125457],[-115.162658,36.125439],[-115.162592,36.125417],[-115.162564,36.125435],[-115.162503,36.125454],[-115.162473,36.125458],[-115.162436,36.125482],[-115.162389,36.125517],[-115.162347,36.125547],[-115.162299,36.125577],[-115.162254,36.125605],[-115.162188,36.125622],[-115.162139,36.125635],[-115.162103,36.125666],[-115.162082,36.125702],[-115.162061,36.125731],[-115.162037,36.125762],[-115.161985,36.125811],[-115.161929,36.125846],[-115.161886,36.125853],[-115.161863,36.125849],[-115.161832,36.125838],[-115.161814,36.125838],[-115.161789,36.125831],[-115.161775,36.125815],[-115.161759,36.125792],[-115.161746,36.125769],[-115.161737,36.12575],[-115.161721,36.125733],[-115.161714,36.12571],[-115.161722,36.125686],[-115.161741,36.125673],[-115.161764,36.125663],[-115.161774,36.125647],[-115.161775,36.125632],[-115.16176,36.125608],[-115.161744,36.125589],[-115.161726,36.125577],[-115.161722,36.125563],[-115.161717,36.12554],[-115.161708,36.125524],[-115.16169,36.125517],[-115.161667,36.125504],[-115.16166,36.125478],[-115.161666,36.125452],[-115.161668,36.125432],[-115.161669,36.12541],[-115.161661,36.125392],[-115.161657,36.125372],[-115.161662,36.125334],[-115.161654,36.12531],[-115.161628,36.125285],[-115.161589,36.125274],[-115.16155,36.125261],[-115.161518,36.125251],[-115.161498,36.125235],[-115.161498,36.125214],[-115.161507,36.125197],[-115.161509,36.125164],[-115.161514,36.125139],[-115.161512,36.125109],[-115.161506,36.125077],[-115.1615,36.125059],[-115.161491,36.125043],[-115.161487,36.125023],[-115.161489,36.124996],[-115.161484,36.124975],[-115.161477,36.124952],[-115.16148,36.124927],[-115.161491,36.124898],[-115.161504,36.124858],[-115.161504,36.124832],[-115.161493,36.124812],[-115.161477,36.124789],[-115.161437,36.12476],[-115.161397,36.124745],[-115.161351,36.124739],[-115.16132,36.124739],[-115.161284,36.124745],[-115.161256,36.124772],[-115.161231,36.124809],[-115.161204,36.124838],[-115.161174,36.124861],[-115.161139,36.124877],[-115.161113,36.124884],[-115.161078,36.124889],[-115.16105,36.124907],[-115.161036,36.12491],[-115.161019,36.124903],[-115.160995,36.124898],[-115.160953,36.124911],[-115.160914,36.124924],[-115.160874,36.12494],[-115.160834,36.124949],[-115.160798,36.124953],[-115.160773,36.124942],[-115.16076,36.124925],[-115.160736,36.124913],[-115.160717,36.124894],[-115.160711,36.124873],[-115.160692,36.12484],[-115.160683,36.124818],[-115.160683,36.124781],[-115.160691,36.124751],[-115.160707,36.124719],[-115.160745,36.12469],[-115.16076,36.124669],[-115.160764,36.12463],[-115.160778,36.124598],[-115.160788,36.124567],[-115.160796,36.124544],[-115.16082,36.124526],[-115.160844,36.124509],[-115.160863,36.124487],[-115.160921,36.124459],[-115.160954,36.124421],[-115.160965,36.124396],[-115.160982,36.124365],[-115.161008,36.124292],[-115.161027,36.12423],[-115.161024,36.124193],[-115.161039,36.124158],[-115.161054,36.124137],[-115.161066,36.124099],[-115.161061,36.124072],[-115.161037,36.124026],[-115.161009,36.123991],[-115.16097,36.123957],[-115.16093,36.123919],[-115.160878,36.123893],[-115.160866,36.123878],[-115.160842,36.123862],[-115.160806,36.12384],[-115.160793,36.123827],[-115.160768,36.123812],[-115.160747,36.123808],[-115.160706,36.123805],[-115.160683,36.123793],[-115.160672,36.12378],[-115.160648,36.12377],[-115.160615,36.123765],[-115.160587,36.123754],[-115.160537,36.123745],[-115.16046,36.123743],[-115.160427,36.123745],[-115.160386,36.123762],[-115.160357,36.123785],[-115.160334,36.123811],[-115.16033,36.123836],[-115.160308,36.123864],[-115.16029,36.123897],[-115.160266,36.123936],[-115.160239,36.123955],[-115.160222,36.123978],[-115.160206,36.124005],[-115.160186,36.124039],[-115.160178,36.124059],[-115.160166,36.124095],[-115.160144,36.124136],[-115.160111,36.124172],[-115.160077,36.124196],[-115.160028,36.124234],[-115.159984,36.124283],[-115.159951,36.124317],[-115.159905,36.124361],[-115.15987,36.124382],[-115.159842,36.124402],[-115.159791,36.124402],[-115.159774,36.124407],[-115.159743,36.124407],[-115.15972,36.124393],[-115.159707,36.124382],[-115.15968,36.124369],[-115.159667,36.124345],[-115.159667,36.124328],[-115.159641,36.12431],[-115.159631,36.124284],[-115.159638,36.124252],[-115.159643,36.12422],[-115.159632,36.124194],[-115.159635,36.124148],[-115.159632,36.12409],[-115.159628,36.124043],[-115.159621,36.124016],[-115.159609,36.124009],[-115.159588,36.123989],[-115.159556,36.123945],[-115.159546,36.123927],[-115.159522,36.123909],[-115.159495,36.123861],[-115.159465,36.123832],[-115.159398,36.123797],[-115.159356,36.123764],[-115.159323,36.123725],[-115.159302,36.123702],[-115.159262,36.123744],[-115.159329,36.123792],[-115.159357,36.123814],[-115.159404,36.123838],[-115.159445,36.123883],[-115.159455,36.123917],[-115.159473,36.12394],[-115.1595,36.12397],[-115.159532,36.124006],[-115.159556,36.124045],[-115.159564,36.124085],[-115.159573,36.124127],[-115.159579,36.124175],[-115.159581,36.124206],[-115.159578,36.124233],[-115.159586,36.12426],[-115.15959,36.124295],[-115.159604,36.124322],[-115.159624,36.124355],[-115.159647,36.124397],[-115.159666,36.12441],[-115.159688,36.12442],[-115.159703,36.124441],[-115.159714,36.124451],[-115.159741,36.124454],[-115.159759,36.124451],[-115.159795,36.124455],[-115.159817,36.124456],[-115.159837,36.124449],[-115.159867,36.124437],[-115.15989,36.124424],[-115.159927,36.124397],[-115.159956,36.124373],[-115.159995,36.124344],[-115.160029,36.124309],[-115.160055,36.12428],[-115.160077,36.124246],[-115.160097,36.124229],[-115.160123,36.124214],[-115.160137,36.124202],[-115.160151,36.124186],[-115.16017,36.124173],[-115.16019,36.124158],[-115.160204,36.124145],[-115.160218,36.124126],[-115.160225,36.124106],[-115.160225,36.124083],[-115.160221,36.124063],[-115.160223,36.124044],[-115.160238,36.124029],[-115.160258,36.124016],[-115.160277,36.123997],[-115.160288,36.123975],[-115.160292,36.123956],[-115.160309,36.123947],[-115.160327,36.123937],[-115.160337,36.123927],[-115.160345,36.123907],[-115.160348,36.123891],[-115.160356,36.123874],[-115.160371,36.123856],[-115.160388,36.123836],[-115.160404,36.123808],[-115.160426,36.123782],[-115.160444,36.123774],[-115.160466,36.123768],[-115.1605,36.123781],[-115.160522,36.123788],[-115.160552,36.12379],[-115.160577,36.1238],[-115.160605,36.123814],[-115.160628,36.123814],[-115.160651,36.123819],[-115.160668,36.123833],[-115.160699,36.123847],[-115.160722,36.123851],[-115.160754,36.123857],[-115.160782,36.123866],[-115.160814,36.123882],[-115.160851,36.12391],[-115.160884,36.123926],[-115.160921,36.123954],[-115.160959,36.123984],[-115.161,36.124023],[-115.161015,36.124042],[-115.161021,36.124065],[-115.161021,36.124102],[-115.161007,36.124141],[-115.160992,36.124175],[-115.160983,36.124208],[-115.160978,36.124242],[-115.160977,36.124259],[-115.160963,36.124302],[-115.160955,36.124333],[-115.160941,36.124359],[-115.160926,36.124387],[-115.1609,36.124415],[-115.160861,36.124444],[-115.160824,36.124473],[-115.16078,36.124495],[-115.16076,36.124504],[-115.160749,36.124531],[-115.160743,36.12455],[-115.160726,36.124574],[-115.16071,36.124582],[-115.160705,36.124615],[-115.160701,36.124635],[-115.160692,36.124652],[-115.160673,36.124674],[-115.160651,36.124704],[-115.160639,36.124741],[-115.160629,36.124758],[-115.160615,36.124803],[-115.160611,36.124828],[-115.16061,36.124859],[-115.160617,36.124894],[-115.160636,36.124928],[-115.160662,36.124942],[-115.160688,36.124955],[-115.160707,36.12497],[-115.160733,36.124988],[-115.160763,36.125001],[-115.160795,36.125009],[-115.160826,36.125014],[-115.16086,36.125012],[-115.160885,36.125006],[-115.160922,36.12499],[-115.160945,36.124976],[-115.160993,36.124954],[-115.160999,36.124944],[-115.161014,36.124942],[-115.161029,36.12495],[-115.16105,36.12495],[-115.161062,36.124944],[-115.161097,36.12493],[-115.161122,36.124922],[-115.161148,36.124918],[-115.161178,36.124915],[-115.161204,36.124908],[-115.16124,36.124885],[-115.161272,36.124856],[-115.161286,36.124846],[-115.161296,36.124834],[-115.16132,36.124816],[-115.161341,36.124807],[-115.161364,36.124804],[-115.161388,36.124807],[-115.161413,36.124815],[-115.161425,36.124826],[-115.161439,36.124832],[-115.161449,36.124831],[-115.161456,36.12484],[-115.161458,36.124853],[-115.161449,36.124862],[-115.161436,36.124864],[-115.161423,36.124871],[-115.16141,36.124909],[-115.161404,36.124934],[-115.161409,36.124968],[-115.161416,36.125001],[-115.161415,36.125022],[-115.161423,36.125061],[-115.161431,36.125082],[-115.161432,36.125115],[-115.161425,36.12515],[-115.161428,36.125169],[-115.161426,36.125194],[-115.161418,36.125207],[-115.161406,36.125219],[-115.161399,36.12524],[-115.161404,36.125264],[-115.161418,36.125281],[-115.161443,36.125295],[-115.161467,36.125306],[-115.161528,36.125311],[-115.161551,36.125316],[-115.161593,36.125332],[-115.161604,36.125343],[-115.161609,36.125352],[-115.161622,36.125364],[-115.161624,36.125385],[-115.161623,36.125404],[-115.161608,36.125425],[-115.161602,36.125458],[-115.161605,36.125487],[-115.161616,36.125513],[-115.161645,36.125528],[-115.161681,36.125543],[-115.161693,36.125562],[-115.161693,36.125584],[-115.161703,36.1256],[-115.161715,36.125609],[-115.16173,36.125636],[-115.161724,36.125654],[-115.161706,36.125673],[-115.161693,36.125674],[-115.161676,36.12568],[-115.161659,36.125702],[-115.161659,36.125725],[-115.161677,36.125743],[-115.161695,36.125766],[-115.1617,36.125786],[-115.161717,36.125811],[-115.161743,36.125833],[-115.161753,36.125853],[-115.16177,36.125864],[-115.16181,36.125874],[-115.161841,36.125874],[-115.161865,36.125888],[-115.161905,36.125895],[-115.161936,36.125893],[-115.16197,36.125886],[-115.16198,36.125877],[-115.162013,36.125857],[-115.162042,36.125832],[-115.162063,36.125805],[-115.162079,36.125794],[-115.162109,36.125778],[-115.162135,36.12574],[-115.162147,36.125719],[-115.162163,36.125692],[-115.162177,36.125675],[-115.162195,36.125662],[-115.162235,36.125651],[-115.162295,36.125632],[-115.162322,36.12562],[-115.16235,36.125605],[-115.162375,36.125585],[-115.162398,36.125573],[-115.162416,36.125564],[-115.162429,36.125554],[-115.162444,36.125536],[-115.162467,36.125515],[-115.162491,36.125496],[-115.162503,36.125486],[-115.162554,36.125473],[-115.162598,36.125471],[-115.162663,36.125489],[-115.162718,36.125504],[-115.162748,36.125517],[-115.16279,36.125546],[-115.162826,36.125571],[-115.162855,36.125593],[-115.162925,36.125616],[-115.162963,36.125639],[-115.162988,36.125655],[-115.16306,36.125635],[-115.163098,36.125624]]]}},{"type":"Feature","properties":{"kind":"water","name":null,"osm":"way/1345008120"},"geometry":{"type":"Polygon","coordinates":[[[-115.174188,36.116265],[-115.174198,36.116259],[-115.174206,36.116248],[-115.174213,36.116237],[-115.174221,36.116224],[-115.174228,36.116213],[-115.174233,36.116202],[-115.174237,36.116189],[-115.174241,36.116177],[-115.174244,36.116161],[-115.174244,36.116145],[-115.174243,36.116127],[-115.174241,36.116113],[-115.174237,36.116098],[-115.174233,36.116085],[-115.174227,36.116072],[-115.174221,36.116063],[-115.174218,36.116056],[-115.174214,36.116047],[-115.174209,36.116041],[-115.174204,36.116035],[-115.1742,36.11603],[-115.174192,36.116026],[-115.174183,36.116023],[-115.174164,36.116031],[-115.174153,36.11604],[-115.174135,36.116067],[-115.174124,36.116088],[-115.174114,36.116116],[-115.17411,36.11613],[-115.174109,36.116141],[-115.174109,36.116155],[-115.174111,36.116169],[-115.174115,36.116185],[-115.174121,36.116204],[-115.174129,36.116225],[-115.174143,36.116246],[-115.174153,36.116256],[-115.174164,36.116264],[-115.174176,36.116268],[-115.174188,36.116265]]]}},{"type":"Feature","properties":{"kind":"vegetation","name":null,"osm":"way/1362986737"},"geometry":{"type":"Polygon","coordinates":[[[-115.177442,36.186086],[-115.177923,36.186084],[-115.178036,36.186127],[-115.178101,36.186175],[-115.178156,36.186261],[-115.178625,36.186235],[-115.17866,36.186225],[-115.178753,36.186177],[-115.178766,36.186132],[-115.178764,36.185915],[-115.178764,36.185893],[-115.178658,36.185895],[-115.178655,36.185549],[-115.178607,36.185508],[-115.177857,36.185511],[-115.177854,36.18543],[-115.177853,36.185147],[-115.177856,36.184857],[-115.177753,36.184861],[-115.177612,36.184839],[-115.177602,36.18484],[-115.17742,36.184855],[-115.17725,36.184841],[-115.177103,36.184851],[-115.177091,36.184929],[-115.177098,36.184973],[-115.177105,36.185015],[-115.177113,36.185052],[-115.177112,36.185086],[-115.177093,36.185267],[-115.177095,36.185331],[-115.177091,36.185371],[-115.177096,36.1854],[-115.177103,36.185439],[-115.177111,36.185501],[-115.177107,36.185549],[-115.177098,36.185606],[-115.177085,36.185663],[-115.177084,36.185671],[-115.177081,36.185701],[-115.17708,36.18576],[-115.177081,36.185813],[-115.177079,36.18587],[-115.17736,36.186079],[-115.177442,36.186086]]]}},{"type":"Feature","properties":{"kind":"vegetation","name":"Ethel Pearson Park","osm":"way/1365203646"},"geometry":{"type":"Polygon","coordinates":[[[-115.148084,36.180788],[-115.147736,36.18075],[-115.147245,36.180766],[-115.147155,36.180747],[-115.14713,36.180716],[-115.147097,36.18068],[-115.147082,36.180612],[-115.147058,36.180186],[-115.147067,36.180149],[-115.147097,36.180079],[-115.147137,36.180042],[-115.148248,36.179332],[-115.148405,36.179264],[-115.148121,36.1797],[-115.148104,36.179742],[-115.148106,36.179782],[-115.14814,36.18073],[-115.14814,36.180756],[-115.148132,36.180775],[-115.14812,36.180786],[-115.148105,36.180787],[-115.148084,36.180788]]]}},{"type":"Feature","properties":{"kind":"vegetation","name":null,"osm":"way/1389967684"},"geometry":{"type":"Polygon","coordinates":[[[-115.140904,36.105014],[-115.140677,36.105024],[-115.140674,36.10497],[-115.1409,36.10496],[-115.140904,36.105014]]]}},{"type":"Feature","properties":{"kind":"vegetation","name":null,"osm":"way/1389967685"},"geometry":{"type":"Polygon","coordinates":[[[-115.141111,36.10513],[-115.140928,36.105141],[-115.140915,36.104954],[-115.141089,36.104946],[-115.141111,36.10513]]]}},{"type":"Feature","properties":{"kind":"vegetation","name":null,"osm":"way/1389967686"},"geometry":{"type":"Polygon","coordinates":[[[-115.140637,36.105138],[-115.140532,36.105142],[-115.14052,36.104971],[-115.140627,36.104966],[-115.140637,36.105138]]]}},{"type":"Feature","properties":{"kind":"vegetation","name":null,"osm":"way/1389967687"},"geometry":{"type":"Polygon","coordinates":[[[-115.141135,36.105569],[-115.14104,36.105574],[-115.14103,36.105459],[-115.141126,36.105454],[-115.141135,36.105569]]]}},{"type":"Feature","properties":{"kind":"vegetation","name":null,"osm":"way/1389967688"},"geometry":{"type":"Polygon","coordinates":[[[-115.141513,36.105729],[-115.141507,36.105648],[-115.141493,36.105649],[-115.141473,36.105388],[-115.141563,36.105384],[-115.14159,36.105725],[-115.141513,36.105729]]]}},{"type":"Feature","properties":{"kind":"vegetation","name":"Mark Dutton Park","osm":"way/1393699599"},"geometry":{"type":"Polygon","coordinates":[[[-115.143302,36.158634],[-115.143338,36.158694],[-115.143639,36.158688],[-115.143664,36.158193],[-115.144133,36.158204],[-115.144156,36.157693],[-115.143782,36.157693],[-115.143695,36.157864],[-115.143565,36.158071],[-115.143296,36.158602],[-115.143302,36.158634]]]}},{"type":"Feature","properties":{"kind":"vegetation","name":null,"osm":"way/1409940322"},"geometry":{"type":"Polygon","coordinates":[[[-115.154466,36.163169],[-115.154463,36.16317],[-115.15446,36.163173],[-115.154404,36.163259],[-115.154402,36.163263],[-115.154403,36.163266],[-115.154404,36.163269],[-115.154408,36.163272],[-115.154417,36.163276],[-115.154487,36.163174],[-115.154474,36.163168],[-115.15447,36.163168],[-115.154466,36.163169]]]}},{"type":"Feature","properties":{"kind":"vegetation","name":null,"osm":"way/1409940323"},"geometry":{"type":"Polygon","coordinates":[[[-115.154577,36.162998],[-115.154573,36.162999],[-115.154571,36.163002],[-115.154513,36.163091],[-115.154511,36.163094],[-115.154512,36.163097],[-115.154513,36.163101],[-115.154517,36.163103],[-115.154526,36.163107],[-115.154597,36.163004],[-115.154585,36.162997],[-115.154581,36.162997],[-115.154577,36.162998]]]}},{"type":"Feature","properties":{"kind":"vegetation","name":null,"osm":"way/1409940324"},"geometry":{"type":"Polygon","coordinates":[[[-115.154684,36.162828],[-115.154681,36.16283],[-115.154679,36.162832],[-115.154677,36.162834],[-115.154621,36.16292],[-115.154619,36.162924],[-115.15462,36.162928],[-115.154621,36.162931],[-115.154625,36.162934],[-115.154635,36.162937],[-115.154705,36.162834],[-115.154693,36.162827],[-115.154689,36.162827],[-115.154684,36.162828]]]}},{"type":"Feature","properties":{"kind":"vegetation","name":null,"osm":"way/1409940325"},"geometry":{"type":"Polygon","coordinates":[[[-115.154796,36.162659],[-115.154793,36.16266],[-115.15479,36.162663],[-115.154762,36.162706],[-115.154734,36.162749],[-115.154732,36.162752],[-115.154731,36.162755],[-115.154732,36.162758],[-115.154733,36.162762],[-115.154737,36.162764],[-115.154747,36.162769],[-115.154817,36.162663],[-115.154805,36.162657],[-115.154801,36.162657],[-115.154796,36.162659]]]}},{"type":"Feature","properties":{"kind":"vegetation","name":null,"osm":"way/1409940326"},"geometry":{"type":"Polygon","coordinates":[[[-115.154906,36.162493],[-115.154903,36.162495],[-115.154899,36.162497],[-115.154876,36.162532],[-115.154853,36.162568],[-115.154852,36.162571],[-115.154852,36.162575],[-115.154853,36.162578],[-115.154857,36.162581],[-115.154868,36.162585],[-115.154926,36.162497],[-115.154915,36.162492],[-115.154911,36.162492],[-115.154906,36.162493]]]}},{"type":"Feature","properties":{"kind":"vegetation","name":null,"osm":"way/1409940327"},"geometry":{"type":"Polygon","coordinates":[[[-115.155005,36.162341],[-115.155002,36.162342],[-115.154999,36.162344],[-115.154977,36.162377],[-115.154952,36.162416],[-115.154951,36.162419],[-115.154951,36.162422],[-115.154953,36.162425],[-115.154956,36.162428],[-115.154967,36.162432],[-115.155025,36.162344],[-115.155014,36.16234],[-115.15501,36.16234],[-115.155005,36.162341]]]}},{"type":"Feature","properties":{"kind":"vegetation","name":null,"osm":"way/1409940328"},"geometry":{"type":"Polygon","coordinates":[[[-115.155104,36.162188],[-115.155101,36.162189],[-115.155099,36.162192],[-115.155075,36.162228],[-115.155052,36.162263],[-115.15505,36.162267],[-115.15505,36.16227],[-115.155051,36.162272],[-115.155055,36.162275],[-115.155066,36.162279],[-115.155123,36.162191],[-115.155112,36.162187],[-115.155108,36.162187],[-115.155104,36.162188]]]}},{"type":"Feature","properties":{"kind":"vegetation","name":null,"osm":"way/1409940329"},"geometry":{"type":"Polygon","coordinates":[[[-115.155205,36.162034],[-115.155202,36.162036],[-115.155198,36.162038],[-115.155174,36.162074],[-115.155151,36.162109],[-115.155151,36.162112],[-115.155151,36.162116],[-115.155152,36.162119],[-115.155156,36.162122],[-115.155166,36.162126],[-115.155225,36.162039],[-115.155214,36.162033],[-115.15521,36.162033],[-115.155205,36.162034]]]}},{"type":"Feature","properties":{"kind":"vegetation","name":null,"osm":"way/1409940330"},"geometry":{"type":"Polygon","coordinates":[[[-115.155304,36.161882],[-115.155301,36.161883],[-115.155297,36.161885],[-115.155273,36.161921],[-115.15525,36.161956],[-115.15525,36.16196],[-115.15525,36.161963],[-115.155251,36.161966],[-115.155255,36.161969],[-115.155266,36.161973],[-115.155324,36.161885],[-115.155313,36.161881],[-115.155309,36.161881],[-115.155304,36.161882]]]}},{"type":"Feature","properties":{"kind":"vegetation","name":null,"osm":"way/1409940331"},"geometry":{"type":"Polygon","coordinates":[[[-115.155405,36.16173],[-115.155402,36.161732],[-115.155399,36.161734],[-115.155352,36.161805],[-115.155351,36.161808],[-115.155351,36.161811],[-115.155352,36.161815],[-115.155356,36.161817],[-115.155367,36.161822],[-115.155425,36.161734],[-115.155414,36.161729],[-115.15541,36.161729],[-115.155405,36.16173]]]}},{"type":"Feature","properties":{"kind":"vegetation","name":null,"osm":"way/1409940332"},"geometry":{"type":"Polygon","coordinates":[[[-115.154454,36.163287],[-115.154457,36.163286],[-115.154459,36.163283],[-115.154517,36.163199],[-115.154518,36.163195],[-115.154518,36.163192],[-115.154517,36.163189],[-115.154513,36.163186],[-115.154503,36.163181],[-115.154434,36.163283],[-115.154445,36.163288],[-115.154449,36.163288],[-115.154454,36.163287]]]}},{"type":"Feature","properties":{"kind":"vegetation","name":null,"osm":"way/1409940333"},"geometry":{"type":"Polygon","coordinates":[[[-115.154563,36.163118],[-115.154566,36.163117],[-115.154569,36.163115],[-115.154627,36.16303],[-115.154628,36.163027],[-115.154628,36.163024],[-115.154626,36.16302],[-115.154622,36.163018],[-115.154614,36.163012],[-115.154543,36.163114],[-115.154555,36.16312],[-115.154559,36.16312],[-115.154563,36.163118]]]}},{"type":"Feature","properties":{"kind":"vegetation","name":null,"osm":"way/1409940334"},"geometry":{"type":"Polygon","coordinates":[[[-115.154675,36.162949],[-115.154678,36.162948],[-115.15468,36.162945],[-115.154738,36.162861],[-115.154739,36.162858],[-115.154739,36.162854],[-115.154738,36.162851],[-115.154734,36.162848],[-115.154724,36.162842],[-115.154654,36.162946],[-115.154666,36.16295],[-115.15467,36.16295],[-115.154675,36.162949]]]}},{"type":"Feature","properties":{"kind":"vegetation","name":null,"osm":"way/1409940335"},"geometry":{"type":"Polygon","coordinates":[[[-115.154788,36.162781],[-115.154791,36.16278],[-115.154793,36.162778],[-115.154852,36.162689],[-115.154853,36.162686],[-115.154853,36.162682],[-115.154852,36.162679],[-115.154848,36.162676],[-115.154837,36.162672],[-115.154767,36.162777],[-115.154779,36.162783],[-115.154783,36.162783],[-115.154788,36.162781]]]}},{"type":"Feature","properties":{"kind":"vegetation","name":null,"osm":"way/1409940336"},"geometry":{"type":"Polygon","coordinates":[[[-115.154918,36.162585],[-115.154898,36.162576],[-115.154887,36.162593],[-115.154898,36.162598],[-115.154902,36.162598],[-115.154907,36.162597],[-115.15491,36.162595],[-115.154913,36.162593],[-115.154918,36.162585]]]}},{"type":"Feature","properties":{"kind":"vegetation","name":null,"osm":"way/1409940337"},"geometry":{"type":"Polygon","coordinates":[[[-115.154932,36.162563],[-115.15496,36.162522],[-115.154961,36.162518],[-115.154961,36.162515],[-115.154959,36.162512],[-115.154955,36.162509],[-115.154945,36.162505],[-115.154912,36.162554],[-115.154932,36.162563]]]}},{"type":"Feature","properties":{"kind":"vegetation","name":null,"osm":"way/1409940338"},"geometry":{"type":"Polygon","coordinates":[[[-115.155006,36.162444],[-115.155009,36.162442],[-115.155012,36.16244],[-115.155059,36.162369],[-115.15506,36.162366],[-115.15506,36.162363],[-115.155058,36.162359],[-115.155054,36.162357],[-115.155044,36.162352],[-115.154986,36.16244],[-115.154997,36.162445],[-115.155001,36.162445],[-115.155006,36.162444]]]}},{"type":"Feature","properties":{"kind":"vegetation","name":null,"osm":"way/1409940339"},"geometry":{"type":"Polygon","coordinates":[[[-115.155405,36.161833],[-115.155408,36.161831],[-115.155411,36.161829],[-115.155458,36.161758],[-115.155459,36.161755],[-115.155459,36.161752],[-115.155457,36.161748],[-115.155454,36.161746],[-115.155443,36.161741],[-115.155385,36.161829],[-115.155397,36.161834],[-115.1554,36.161834],[-115.155405,36.161833]]]}},{"type":"Feature","properties":{"kind":"vegetation","name":null,"osm":"way/1409940340"},"geometry":{"type":"Polygon","coordinates":[[[-115.155106,36.162291],[-115.155109,36.16229],[-115.155112,36.162287],[-115.155159,36.162216],[-115.15516,36.162213],[-115.15516,36.16221],[-115.155158,36.162206],[-115.155155,36.162204],[-115.155143,36.1622],[-115.155086,36.162288],[-115.155098,36.162292],[-115.155101,36.162292],[-115.155106,36.162291]]]}},{"type":"Feature","properties":{"kind":"vegetation","name":null,"osm":"way/1409940341"},"geometry":{"type":"Polygon","coordinates":[[[-115.155206,36.16214],[-115.155209,36.162138],[-115.155211,36.162136],[-115.155258,36.162065],[-115.15526,36.162062],[-115.155259,36.162058],[-115.155258,36.162055],[-115.155254,36.162052],[-115.155245,36.162048],[-115.155185,36.162135],[-115.155197,36.162141],[-115.155201,36.162141],[-115.155206,36.16214]]]}},{"type":"Feature","properties":{"kind":"vegetation","name":null,"osm":"way/1409940342"},"geometry":{"type":"Polygon","coordinates":[[[-115.155306,36.161986],[-115.155309,36.161984],[-115.155312,36.161982],[-115.155359,36.161911],[-115.15536,36.161908],[-115.15536,36.161904],[-115.155358,36.161901],[-115.155354,36.161898],[-115.155344,36.161894],[-115.155286,36.161982],[-115.155297,36.161987],[-115.155301,36.161987],[-115.155306,36.161986]]]}},{"type":"Feature","properties":{"kind":"vegetation","name":null,"osm":"way/1410032207"},"geometry":{"type":"Polygon","coordinates":[[[-115.154349,36.1652],[-115.154346,36.1652],[-115.154344,36.165201],[-115.154343,36.165202],[-115.154342,36.165204],[-115.154342,36.165206],[-115.154342,36.165208],[-115.154343,36.16521],[-115.154345,36.165211],[-115.154348,36.165211],[-115.15435,36.165211],[-115.154352,36.165211],[-115.154354,36.16521],[-115.154355,36.165208],[-115.154356,36.165206],[-115.154356,36.165204],[-115.154355,36.165202],[-115.154353,36.165201],[-115.154351,36.1652],[-115.154349,36.1652]]]}},{"type":"Feature","properties":{"kind":"vegetation","name":null,"osm":"way/1410032208"},"geometry":{"type":"Polygon","coordinates":[[[-115.154404,36.165223],[-115.154402,36.165224],[-115.1544,36.165225],[-115.154398,36.165226],[-115.154397,36.165229],[-115.154398,36.165232],[-115.154399,36.165233],[-115.154401,36.165234],[-115.154403,36.165235],[-115.154405,36.165235],[-115.154408,36.165234],[-115.15441,36.165233],[-115.154412,36.16523],[-115.154411,36.165228],[-115.154411,36.165226],[-115.154409,36.165224],[-115.154407,36.165224],[-115.154404,36.165223]]]}},{"type":"Feature","properties":{"kind":"vegetation","name":null,"osm":"way/1410032209"},"geometry":{"type":"Polygon","coordinates":[[[-115.154456,36.165254],[-115.154454,36.165254],[-115.154452,36.165255],[-115.15445,36.165257],[-115.154449,36.165259],[-115.154449,36.165261],[-115.15445,36.165262],[-115.154451,36.165264],[-115.154453,36.165265],[-115.154455,36.165266],[-115.154457,36.165266],[-115.15446,36.165265],[-115.154461,36.165264],[-115.154463,36.165262],[-115.154464,36.165261],[-115.154463,36.165259],[-115.154463,36.165257],[-115.154461,36.165255],[-115.154459,36.165254],[-115.154456,36.165254]]]}},{"type":"Feature","properties":{"kind":"vegetation","name":null,"osm":"way/1410032210"},"geometry":{"type":"Polygon","coordinates":[[[-115.154504,36.165292],[-115.154501,36.165292],[-115.154499,36.165294],[-115.154497,36.165295],[-115.154497,36.165298],[-115.154497,36.165301],[-115.154498,36.165302],[-115.1545,36.165303],[-115.154502,36.165304],[-115.154506,36.165303],[-115.154509,36.165302],[-115.15451,36.165301],[-115.154511,36.165299],[-115.154511,36.165297],[-115.15451,36.165295],[-115.154508,36.165293],[-115.154506,36.165292],[-115.154504,36.165292]]]}},{"type":"Feature","properties":{"kind":"vegetation","name":null,"osm":"way/1410032211"},"geometry":{"type":"Polygon","coordinates":[[[-115.154545,36.165328],[-115.154543,36.165327],[-115.15454,36.165327],[-115.154538,36.165328],[-115.154536,36.165329],[-115.154535,36.165331],[-115.154534,36.165333],[-115.154535,36.165335],[-115.154536,36.165336],[-115.154537,36.165338],[-115.154539,36.165339],[-115.154542,36.165339],[-115.154544,36.165339],[-115.154546,36.165338],[-115.154548,36.165336],[-115.154549,36.165335],[-115.154549,36.165333],[-115.154548,36.165331],[-115.154547,36.165329],[-115.154545,36.165328]]]}},{"type":"Feature","properties":{"kind":"vegetation","name":null,"osm":"way/1410032212"},"geometry":{"type":"Polygon","coordinates":[[[-115.154581,36.165369],[-115.154578,36.165369],[-115.154576,36.165369],[-115.154574,36.16537],[-115.154572,36.165371],[-115.154571,36.165373],[-115.15457,36.165374],[-115.154571,36.165376],[-115.154572,36.165378],[-115.154573,36.165379],[-115.154575,36.16538],[-115.154577,36.16538],[-115.15458,36.16538],[-115.154582,36.165379],[-115.154584,36.165378],[-115.154585,36.165376],[-115.154585,36.165374],[-115.154584,36.165372],[-115.154583,36.16537],[-115.154581,36.165369]]]}},{"type":"Feature","properties":{"kind":"vegetation","name":null,"osm":"way/1410032213"},"geometry":{"type":"Polygon","coordinates":[[[-115.15461,36.165416],[-115.154607,36.165415],[-115.154605,36.165415],[-115.154602,36.165416],[-115.154601,36.165417],[-115.154599,36.165419],[-115.154599,36.165421],[-115.154599,36.165423],[-115.1546,36.165424],[-115.154602,36.165426],[-115.154604,36.165427],[-115.154606,36.165427],[-115.154608,36.165427],[-115.154611,36.165426],[-115.154612,36.165424],[-115.154613,36.165423],[-115.154614,36.165421],[-115.154613,36.165419],[-115.154612,36.165417],[-115.15461,36.165416]]]}},{"type":"Feature","properties":{"kind":"vegetation","name":null,"osm":"way/1410032214"},"geometry":{"type":"Polygon","coordinates":[[[-115.15463,36.165467],[-115.154628,36.165467],[-115.154625,36.165467],[-115.154623,36.165468],[-115.154621,36.165469],[-115.15462,36.165471],[-115.154619,36.165472],[-115.15462,36.165474],[-115.154621,36.165476],[-115.154622,36.165477],[-115.154624,36.165478],[-115.154626,36.165478],[-115.154629,36.165478],[-115.154631,36.165477],[-115.154633,36.165476],[-115.154634,36.165474],[-115.154634,36.165472],[-115.154633,36.16547],[-115.154632,36.165469],[-115.15463,36.165467]]]}},{"type":"Feature","properties":{"kind":"vegetation","name":null,"osm":"way/1410032215"},"geometry":{"type":"Polygon","coordinates":[[[-115.154642,36.165512],[-115.15464,36.165512],[-115.154638,36.165512],[-115.154635,36.165513],[-115.154634,36.165514],[-115.154632,36.165516],[-115.154632,36.165517],[-115.154632,36.165519],[-115.154633,36.165521],[-115.154635,36.165522],[-115.154637,36.165523],[-115.154639,36.165523],[-115.154641,36.165523],[-115.154643,36.165522],[-115.154645,36.165521],[-115.154646,36.165519],[-115.154646,36.165517],[-115.154646,36.165515],[-115.154644,36.165514],[-115.154642,36.165512]]]}},{"type":"Feature","properties":{"kind":"vegetation","name":null,"osm":"way/1410032216"},"geometry":{"type":"Polygon","coordinates":[[[-115.154653,36.165565],[-115.154651,36.165563],[-115.154649,36.165563],[-115.154646,36.165562],[-115.154644,36.165563],[-115.154641,36.165565],[-115.15464,36.165568],[-115.15464,36.165571],[-115.154642,36.165572],[-115.154644,36.165573],[-115.154646,36.165574],[-115.154648,36.165574],[-115.15465,36.165574],[-115.154652,36.165572],[-115.154654,36.165571],[-115.154654,36.165569],[-115.154654,36.165567],[-115.154653,36.165565]]]}},{"type":"Feature","properties":{"kind":"vegetation","name":null,"osm":"way/1410032217"},"geometry":{"type":"Polygon","coordinates":[[[-115.154652,36.165617],[-115.15465,36.165616],[-115.154648,36.165615],[-115.154645,36.165614],[-115.154643,36.165615],[-115.154641,36.165616],[-115.154639,36.165617],[-115.154639,36.165619],[-115.154639,36.165621],[-115.154639,36.165623],[-115.15464,36.165624],[-115.154642,36.165626],[-115.154645,36.165626],[-115.154647,36.165626],[-115.154649,36.165626],[-115.154651,36.165624],[-115.154652,36.165623],[-115.154653,36.165621],[-115.154653,36.165619],[-115.154652,36.165617]]]}},{"type":"Feature","properties":{"kind":"vegetation","name":null,"osm":"way/1410032218"},"geometry":{"type":"Polygon","coordinates":[[[-115.15464,36.16567],[-115.154638,36.165669],[-115.154636,36.165668],[-115.154634,36.165668],[-115.154631,36.165668],[-115.154629,36.165669],[-115.154628,36.165671],[-115.154627,36.165672],[-115.154627,36.165675],[-115.154629,36.165678],[-115.154631,36.165679],[-115.154633,36.165679],[-115.154635,36.165679],[-115.154638,36.165679],[-115.15464,36.165678],[-115.154641,36.165676],[-115.154642,36.165674],[-115.154641,36.165672],[-115.15464,36.16567]]]}},{"type":"Feature","properties":{"kind":"vegetation","name":null,"osm":"way/1410032219"},"geometry":{"type":"Polygon","coordinates":[[[-115.154627,36.165718],[-115.154626,36.165716],[-115.154625,36.165714],[-115.154623,36.165713],[-115.15462,36.165713],[-115.154618,36.165713],[-115.154616,36.165714],[-115.154614,36.165715],[-115.154613,36.165716],[-115.154613,36.165718],[-115.154613,36.16572],[-115.154614,36.165722],[-115.154616,36.165723],[-115.154618,36.165724],[-115.15462,36.165724],[-115.154622,36.165724],[-115.154625,36.165723],[-115.154626,36.165721],[-115.154627,36.16572],[-115.154627,36.165718]]]}},{"type":"Feature","properties":{"kind":"vegetation","name":null,"osm":"way/1410032220"},"geometry":{"type":"Polygon","coordinates":[[[-115.154607,36.165765],[-115.154606,36.165763],[-115.154604,36.165762],[-115.154602,36.165761],[-115.1546,36.16576],[-115.154597,36.165761],[-115.154595,36.165761],[-115.154594,36.165763],[-115.154592,36.165764],[-115.154592,36.165766],[-115.154592,36.165768],[-115.154593,36.16577],[-115.154595,36.165771],[-115.154597,36.165772],[-115.154599,36.165772],[-115.154602,36.165772],[-115.154604,36.165771],[-115.154606,36.165769],[-115.154606,36.165767],[-115.154607,36.165765]]]}},{"type":"Feature","properties":{"kind":"vegetation","name":null,"osm":"way/1410032221"},"geometry":{"type":"Polygon","coordinates":[[[-115.154577,36.165811],[-115.154576,36.165809],[-115.154574,36.165808],[-115.154572,36.165807],[-115.15457,36.165806],[-115.154567,36.165807],[-115.154565,36.165807],[-115.154564,36.165809],[-115.154563,36.16581],[-115.154562,36.165812],[-115.154563,36.165815],[-115.154565,36.165817],[-115.154567,36.165818],[-115.15457,36.165818],[-115.154572,36.165818],[-115.154574,36.165817],[-115.154576,36.165815],[-115.154577,36.165813],[-115.154577,36.165811]]]}},{"type":"Feature","properties":{"kind":"vegetation","name":null,"osm":"way/1410032222"},"geometry":{"type":"Polygon","coordinates":[[[-115.154537,36.165855],[-115.154536,36.165853],[-115.154535,36.165851],[-115.154532,36.16585],[-115.15453,36.16585],[-115.154528,36.16585],[-115.154526,36.165851],[-115.154524,36.165852],[-115.154523,36.165854],[-115.154522,36.165856],[-115.154523,36.165858],[-115.154524,36.165859],[-115.154525,36.165861],[-115.154527,36.165861],[-115.15453,36.165862],[-115.154532,36.165861],[-115.154534,36.16586],[-115.154536,36.165859],[-115.154537,36.165857],[-115.154537,36.165855]]]}},{"type":"Feature","properties":{"kind":"vegetation","name":null,"osm":"way/1410032223"},"geometry":{"type":"Polygon","coordinates":[[[-115.154499,36.16589],[-115.154498,36.165888],[-115.154497,36.165886],[-115.154495,36.165885],[-115.154492,36.165885],[-115.15449,36.165885],[-115.154488,36.165886],[-115.154486,36.165887],[-115.154485,36.165888],[-115.154485,36.16589],[-115.154485,36.165892],[-115.154486,36.165894],[-115.154488,36.165895],[-115.15449,36.165896],[-115.154492,36.165896],[-115.154494,36.165896],[-115.154497,36.165895],[-115.154498,36.165893],[-115.154499,36.165892],[-115.154499,36.16589]]]}},{"type":"Feature","properties":{"kind":"vegetation","name":null,"osm":"way/1410032224"},"geometry":{"type":"Polygon","coordinates":[[[-115.153905,36.16598],[-115.153907,36.165979],[-115.153908,36.165977],[-115.153909,36.165976],[-115.153909,36.165974],[-115.153907,36.165972],[-115.153906,36.16597],[-115.153903,36.16597],[-115.153901,36.165969],[-115.153899,36.16597],[-115.153896,36.165971],[-115.153895,36.165973],[-115.153894,36.165975],[-115.153894,36.165977],[-115.153896,36.165979],[-115.153899,36.165981],[-115.153901,36.165981],[-115.153903,36.165981],[-115.153905,36.16598]]]}},{"type":"Feature","properties":{"kind":"vegetation","name":null,"osm":"way/1410032225"},"geometry":{"type":"Polygon","coordinates":[[[-115.153846,36.165956],[-115.153848,36.165956],[-115.15385,36.165954],[-115.153852,36.165953],[-115.153852,36.165951],[-115.153852,36.165948],[-115.153849,36.165946],[-115.153847,36.165945],[-115.153845,36.165945],[-115.153843,36.165945],[-115.153841,36.165946],[-115.153839,36.165947],[-115.153838,36.165948],[-115.153838,36.16595],[-115.153838,36.165952],[-115.153839,36.165954],[-115.153841,36.165955],[-115.153843,36.165956],[-115.153846,36.165956]]]}},{"type":"Feature","properties":{"kind":"vegetation","name":null,"osm":"way/1410032226"},"geometry":{"type":"Polygon","coordinates":[[[-115.153793,36.165923],[-115.153795,36.165923],[-115.153797,36.165922],[-115.153798,36.16592],[-115.153799,36.165918],[-115.153799,36.165916],[-115.153798,36.165915],[-115.153796,36.165913],[-115.153794,36.165912],[-115.153792,36.165912],[-115.15379,36.165912],[-115.153787,36.165913],[-115.153786,36.165914],[-115.153785,36.165916],[-115.153784,36.165918],[-115.153785,36.16592],[-115.153786,36.165921],[-115.153788,36.165923],[-115.15379,36.165923],[-115.153793,36.165923]]]}},{"type":"Feature","properties":{"kind":"vegetation","name":null,"osm":"way/1410032227"},"geometry":{"type":"Polygon","coordinates":[[[-115.154146,36.16602],[-115.154148,36.16602],[-115.154151,36.166019],[-115.154152,36.166018],[-115.154153,36.166016],[-115.154154,36.166014],[-115.154153,36.166012],[-115.154152,36.16601],[-115.15415,36.166009],[-115.154148,36.166008],[-115.154145,36.166008],[-115.154143,36.166009],[-115.154141,36.16601],[-115.15414,36.166012],[-115.154139,36.166013],[-115.154139,36.166015],[-115.15414,36.166017],[-115.154142,36.166019],[-115.154144,36.16602],[-115.154146,36.16602]]]}},{"type":"Feature","properties":{"kind":"vegetation","name":null,"osm":"way/1410032228"},"geometry":{"type":"Polygon","coordinates":[[[-115.154082,36.166019],[-115.154084,36.166019],[-115.154086,36.166018],[-115.154088,36.166017],[-115.154089,36.166015],[-115.154089,36.166013],[-115.154089,36.166011],[-115.154087,36.166009],[-115.154086,36.166008],[-115.154083,36.166007],[-115.154081,36.166007],[-115.154079,36.166008],[-115.154077,36.166009],[-115.154075,36.166011],[-115.154075,36.166012],[-115.154075,36.166014],[-115.154076,36.166016],[-115.154077,36.166018],[-115.154079,36.166019],[-115.154082,36.166019]]]}},{"type":"Feature","properties":{"kind":"vegetation","name":null,"osm":"way/1410032229"},"geometry":{"type":"Polygon","coordinates":[[[-115.154018,36.16601],[-115.15402,36.166009],[-115.154022,36.166007],[-115.154023,36.166006],[-115.154023,36.166004],[-115.154023,36.166002],[-115.154021,36.166],[-115.15402,36.165999],[-115.154017,36.165998],[-115.154015,36.165998],[-115.154013,36.165999],[-115.154011,36.166],[-115.154009,36.166001],[-115.154009,36.166003],[-115.154009,36.166005],[-115.15401,36.166007],[-115.154011,36.166008],[-115.154013,36.166009],[-115.154016,36.16601],[-115.154018,36.16601]]]}},{"type":"Feature","properties":{"kind":"vegetation","name":null,"osm":"way/1410032230"},"geometry":{"type":"Polygon","coordinates":[[[-115.153963,36.165998],[-115.153965,36.165997],[-115.153967,36.165996],[-115.153968,36.165994],[-115.153968,36.165992],[-115.153967,36.16599],[-115.153966,36.165988],[-115.153964,36.165987],[-115.153962,36.165986],[-115.15396,36.165986],[-115.153957,36.165987],[-115.153955,36.165988],[-115.153954,36.16599],[-115.153953,36.165991],[-115.153953,36.165993],[-115.153954,36.165995],[-115.153956,36.165997],[-115.153958,36.165998],[-115.15396,36.165998],[-115.153963,36.165998]]]}},{"type":"Feature","properties":{"kind":"vegetation","name":null,"osm":"way/1410032231"},"geometry":{"type":"Polygon","coordinates":[[[-115.154215,36.16601],[-115.154216,36.166008],[-115.154216,36.166006],[-115.154215,36.166004],[-115.154213,36.166003],[-115.154211,36.166002],[-115.154209,36.166001],[-115.154206,36.166002],[-115.154204,36.166003],[-115.154203,36.166004],[-115.154202,36.166005],[-115.154201,36.166007],[-115.154202,36.166009],[-115.154203,36.166011],[-115.154204,36.166012],[-115.154207,36.166013],[-115.154209,36.166013],[-115.154212,36.166013],[-115.154214,36.166012],[-115.154215,36.16601]]]}},{"type":"Feature","properties":{"kind":"vegetation","name":null,"osm":"way/1410032232"},"geometry":{"type":"Polygon","coordinates":[[[-115.154271,36.166],[-115.154272,36.165998],[-115.154271,36.165996],[-115.15427,36.165994],[-115.154269,36.165992],[-115.154267,36.165991],[-115.154264,36.165991],[-115.154262,36.165991],[-115.15426,36.165992],[-115.154258,36.165993],[-115.154257,36.165995],[-115.154257,36.165997],[-115.154257,36.165999],[-115.154258,36.166],[-115.15426,36.166002],[-115.154262,36.166003],[-115.154265,36.166003],[-115.154267,36.166002],[-115.154269,36.166001],[-115.154271,36.166]]]}},{"type":"Feature","properties":{"kind":"vegetation","name":null,"osm":"way/1410032233"},"geometry":{"type":"Polygon","coordinates":[[[-115.154392,36.16596],[-115.154393,36.165958],[-115.154393,36.165956],[-115.154392,36.165954],[-115.15439,36.165952],[-115.154388,36.165952],[-115.154386,36.165951],[-115.154383,36.165951],[-115.154381,36.165952],[-115.15438,36.165954],[-115.154379,36.165955],[-115.154378,36.165957],[-115.154379,36.165959],[-115.15438,36.165961],[-115.154381,36.165962],[-115.154384,36.165963],[-115.154386,36.165963],[-115.154389,36.165962],[-115.154391,36.165961],[-115.154392,36.16596]]]}},{"type":"Feature","properties":{"kind":"vegetation","name":null,"osm":"way/1410032234"},"geometry":{"type":"Polygon","coordinates":[[[-115.154443,36.165931],[-115.154444,36.165929],[-115.154444,36.165927],[-115.154443,36.165925],[-115.154441,36.165923],[-115.154439,36.165922],[-115.154437,36.165922],[-115.154435,36.165922],[-115.154433,36.165923],[-115.154431,36.165924],[-115.15443,36.165926],[-115.15443,36.165928],[-115.15443,36.16593],[-115.154431,36.165931],[-115.154433,36.165933],[-115.154435,36.165934],[-115.154437,36.165934],[-115.15444,36.165933],[-115.154442,36.165932],[-115.154443,36.165931]]]}},{"type":"Feature","properties":{"kind":"vegetation","name":null,"osm":"way/1410032235"},"geometry":{"type":"Polygon","coordinates":[[[-115.154335,36.165983],[-115.154335,36.165981],[-115.154335,36.165979],[-115.154334,36.165977],[-115.154333,36.165976],[-115.15433,36.165975],[-115.154328,36.165975],[-115.154326,36.165975],[-115.154324,36.165976],[-115.154322,36.165977],[-115.154321,36.165979],[-115.154321,36.16598],[-115.154321,36.165982],[-115.154322,36.165984],[-115.154324,36.165985],[-115.154326,36.165986],[-115.154329,36.165986],[-115.154331,36.165986],[-115.154333,36.165985],[-115.154335,36.165983]]]}},{"type":"Feature","properties":{"kind":"vegetation","name":null,"osm":"way/1410032893"},"geometry":{"type":"Polygon","coordinates":[[[-115.154428,36.16581],[-115.154428,36.165808],[-115.154428,36.165806],[-115.154427,36.165804],[-115.154426,36.165802],[-115.154424,36.165801],[-115.154421,36.165801],[-115.154419,36.165801],[-115.154417,36.165802],[-115.154415,36.165803],[-115.154414,36.165805],[-115.154414,36.165807],[-115.154414,36.165809],[-115.154415,36.16581],[-115.154417,36.165812],[-115.154419,36.165813],[-115.154422,36.165813],[-115.154424,36.165812],[-115.154426,36.165811],[-115.154428,36.16581]]]}},{"type":"Feature","properties":{"kind":"vegetation","name":null,"osm":"way/1410032916"},"geometry":{"type":"Polygon","coordinates":[[[-115.154361,36.166104],[-115.154323,36.166115],[-115.154275,36.166124],[-115.154237,36.166128],[-115.154252,36.166203],[-115.154315,36.166191],[-115.154371,36.166179],[-115.154428,36.166164],[-115.154361,36.166104]]]}},{"type":"Feature","properties":{"kind":"vegetation","name":null,"osm":"way/1410036238"},"geometry":{"type":"Polygon","coordinates":[[[-115.154145,36.165125],[-115.154175,36.165127],[-115.154181,36.165128],[-115.154152,36.165159],[-115.154129,36.165125],[-115.154145,36.165125]]]}},{"type":"Feature","properties":{"kind":"vegetation","name":null,"osm":"way/1410036239"},"geometry":{"type":"Polygon","coordinates":[[[-115.15414,36.165172],[-115.154112,36.165203],[-115.154057,36.165128],[-115.154085,36.165126],[-115.154108,36.165125],[-115.15414,36.165172]]]}},{"type":"Feature","properties":{"kind":"vegetation","name":null,"osm":"way/1410036240"},"geometry":{"type":"Polygon","coordinates":[[[-115.154103,36.165213],[-115.154076,36.165242],[-115.153992,36.165137],[-115.153996,36.165136],[-115.154026,36.165131],[-115.15403,36.165131],[-115.154042,36.165129],[-115.154103,36.165213]]]}},{"type":"Feature","properties":{"kind":"vegetation","name":null,"osm":"way/1410036241"},"geometry":{"type":"Polygon","coordinates":[[[-115.154066,36.165252],[-115.154039,36.165282],[-115.153931,36.165151],[-115.153938,36.165149],[-115.153967,36.165141],[-115.153976,36.16514],[-115.154066,36.165252]]]}},{"type":"Feature","properties":{"kind":"vegetation","name":null,"osm":"way/1410036242"},"geometry":{"type":"Polygon","coordinates":[[[-115.154028,36.165294],[-115.153996,36.165328],[-115.153876,36.165169],[-115.153883,36.165166],[-115.15391,36.165157],[-115.153917,36.165155],[-115.154028,36.165294]]]}},{"type":"Feature","properties":{"kind":"vegetation","name":null,"osm":"way/1410036243"},"geometry":{"type":"Polygon","coordinates":[[[-115.153943,36.16534],[-115.153916,36.165303],[-115.15391,36.165297],[-115.153907,36.165293],[-115.153901,36.165289],[-115.153895,36.165285],[-115.153885,36.165283],[-115.153876,36.165283],[-115.153809,36.165199],[-115.153829,36.165189],[-115.153856,36.165177],[-115.153859,36.165176],[-115.153986,36.16534],[-115.153963,36.165365],[-115.153943,36.16534]]]}},{"type":"Feature","properties":{"kind":"vegetation","name":null,"osm":"way/1410036359"},"geometry":{"type":"Polygon","coordinates":[[[-115.15421,36.165069],[-115.15421,36.165072],[-115.154213,36.165075],[-115.154216,36.165076],[-115.15422,36.165075],[-115.154223,36.165072],[-115.154224,36.165069],[-115.154222,36.165066],[-115.154219,36.165064],[-115.154215,36.165064],[-115.154211,36.165066],[-115.15421,36.165069]]]}},{"type":"Feature","properties":{"kind":"vegetation","name":null,"osm":"way/1410036360"},"geometry":{"type":"Polygon","coordinates":[[[-115.154149,36.165063],[-115.154149,36.165066],[-115.154152,36.165069],[-115.154156,36.16507],[-115.154159,36.165069],[-115.154162,36.165067],[-115.154163,36.165063],[-115.154162,36.16506],[-115.154158,36.165058],[-115.154154,36.165058],[-115.154151,36.16506],[-115.154149,36.165063]]]}},{"type":"Feature","properties":{"kind":"vegetation","name":null,"osm":"way/1410036361"},"geometry":{"type":"Polygon","coordinates":[[[-115.154085,36.165064],[-115.154085,36.165067],[-115.154088,36.16507],[-115.154091,36.165071],[-115.154095,36.16507],[-115.154098,36.165068],[-115.154099,36.165064],[-115.154097,36.165061],[-115.154094,36.165059],[-115.15409,36.165059],[-115.154086,36.165061],[-115.154085,36.165064]]]}},{"type":"Feature","properties":{"kind":"vegetation","name":null,"osm":"way/1410036362"},"geometry":{"type":"Polygon","coordinates":[[[-115.154049,36.165104],[-115.154048,36.165108],[-115.154049,36.165111],[-115.154053,36.165113],[-115.154057,36.165113],[-115.15406,36.165111],[-115.154062,36.165108],[-115.154062,36.165105],[-115.154059,36.165102],[-115.154056,36.165101],[-115.154052,36.165102],[-115.154049,36.165104]]]}},{"type":"Feature","properties":{"kind":"vegetation","name":null,"osm":"way/1410036363"},"geometry":{"type":"Polygon","coordinates":[[[-115.154113,36.165101],[-115.154114,36.165104],[-115.154116,36.165107],[-115.15412,36.165108],[-115.154124,36.165107],[-115.154127,36.165105],[-115.154128,36.165102],[-115.154126,36.165098],[-115.154123,36.165096],[-115.154119,36.165096],[-115.154115,36.165098],[-115.154113,36.165101]]]}},{"type":"Feature","properties":{"kind":"vegetation","name":null,"osm":"way/1410036364"},"geometry":{"type":"Polygon","coordinates":[[[-115.154176,36.165105],[-115.154177,36.165109],[-115.154179,36.165111],[-115.154183,36.165112],[-115.154187,36.165112],[-115.15419,36.165109],[-115.154191,36.165106],[-115.154189,36.165103],[-115.154186,36.165101],[-115.154182,36.165101],[-115.154178,36.165102],[-115.154176,36.165105]]]}},{"type":"Feature","properties":{"kind":"vegetation","name":null,"osm":"way/1410039467"},"geometry":{"type":"Polygon","coordinates":[[[-115.153971,36.165589],[-115.153859,36.165566],[-115.15381,36.165619],[-115.153821,36.165658],[-115.153833,36.165686],[-115.153853,36.165717],[-115.153879,36.165745],[-115.153909,36.165774],[-115.153935,36.16579],[-115.153968,36.165806],[-115.154001,36.165819],[-115.15403,36.165826],[-115.154074,36.165834],[-115.154107,36.165836],[-115.154138,36.165836],[-115.154164,36.165833],[-115.154192,36.165828],[-115.154221,36.165821],[-115.154244,36.165813],[-115.154273,36.1658],[-115.154296,36.165788],[-115.15432,36.165773],[-115.15434,36.165755],[-115.154362,36.165734],[-115.154374,36.165719],[-115.154385,36.165703],[-115.154395,36.165683],[-115.154406,36.165661],[-115.154415,36.165634],[-115.154419,36.165611],[-115.15442,36.165582],[-115.154419,36.165559],[-115.154414,36.165535],[-115.154402,36.165504],[-115.154389,36.165479],[-115.154376,36.165459],[-115.15436,36.165441],[-115.15434,36.165422],[-115.154309,36.165396],[-115.154271,36.165376],[-115.154251,36.165366],[-115.154224,36.165357],[-115.154185,36.165348],[-115.154141,36.165343],[-115.154122,36.165341],[-115.154087,36.165383],[-115.154079,36.165395],[-115.154075,36.165405],[-115.154075,36.165414],[-115.154075,36.165438],[-115.154077,36.165453],[-115.154082,36.165474],[-115.154097,36.165473],[-115.154116,36.165473],[-115.154138,36.165475],[-115.154159,36.16548],[-115.154185,36.165489],[-115.154202,36.1655],[-115.154226,36.165521],[-115.154243,36.165541],[-115.154254,36.165565],[-115.154257,36.165588],[-115.154253,36.165609],[-115.154246,36.165633],[-115.154232,36.165655],[-115.154211,36.165675],[-115.154185,36.165689],[-115.154157,36.165698],[-115.154132,36.165704],[-115.154105,36.165704],[-115.154067,36.165698],[-115.154041,36.165688],[-115.154017,36.165675],[-115.154001,36.16566],[-115.153986,36.165641],[-115.153977,36.165624],[-115.153972,36.165605],[-115.153971,36.165589]]]}},{"type":"Feature","properties":{"kind":"vegetation","name":null,"osm":"way/1410040042"},"geometry":{"type":"Polygon","coordinates":[[[-115.1545,36.1664],[-115.154528,36.166415],[-115.154564,36.166447],[-115.154596,36.166472],[-115.154616,36.166482],[-115.154628,36.166487],[-115.154643,36.16649],[-115.154655,36.16649],[-115.15467,36.16649],[-115.154684,36.166486],[-115.154704,36.16648],[-115.154725,36.166472],[-115.154735,36.166465],[-115.154744,36.166453],[-115.154749,36.166442],[-115.154752,36.166426],[-115.154756,36.166408],[-115.154762,36.166386],[-115.154772,36.166367],[-115.154794,36.166346],[-115.154818,36.166327],[-115.154849,36.166308],[-115.154889,36.16629],[-115.154912,36.166279],[-115.154934,36.166266],[-115.154954,36.166248],[-115.154974,36.166224],[-115.15499,36.166199],[-115.155003,36.166178],[-115.155013,36.166157],[-115.155016,36.166137],[-115.155016,36.166127],[-115.155016,36.1661],[-115.155012,36.166078],[-115.155006,36.166061],[-115.154995,36.166043],[-115.154979,36.166025],[-115.154945,36.165986],[-115.154928,36.165974],[-115.154907,36.165959],[-115.154889,36.165941],[-115.154876,36.165927],[-115.154871,36.165911],[-115.154866,36.165884],[-115.154865,36.165861],[-115.154867,36.165842],[-115.154864,36.165831],[-115.154857,36.165817],[-115.154846,36.165806],[-115.154838,36.165794],[-115.154832,36.16578],[-115.154829,36.165763],[-115.154834,36.165753],[-115.154848,36.16574],[-115.154868,36.165733],[-115.154895,36.165724],[-115.154917,36.165717],[-115.154931,36.165711],[-115.154941,36.165704],[-115.154945,36.165697],[-115.154946,36.165686],[-115.154939,36.165674],[-115.154929,36.16566],[-115.154923,36.165648],[-115.154921,36.165636],[-115.154921,36.165592],[-115.154791,36.165591],[-115.154792,36.165625],[-115.154791,36.165644],[-115.154788,36.165666],[-115.154782,36.165697],[-115.154777,36.165727],[-115.154765,36.16576],[-115.154748,36.165798],[-115.154732,36.16583],[-115.154717,36.165851],[-115.154711,36.165861],[-115.155013,36.166138],[-115.15474,36.166328],[-115.15475,36.166337],[-115.154676,36.166387],[-115.154667,36.166381],[-115.154649,36.166394],[-115.154584,36.166334],[-115.154603,36.16632],[-115.154541,36.166263],[-115.154526,36.166273],[-115.154517,36.166264],[-115.154483,36.166276],[-115.154425,36.166297],[-115.154364,36.166313],[-115.154303,36.166324],[-115.154279,36.166329],[-115.154292,36.166383],[-115.154297,36.166414],[-115.15432,36.166542],[-115.154195,36.166599],[-115.154184,36.166603],[-115.154181,36.166607],[-115.15418,36.166613],[-115.154185,36.166617],[-115.154236,36.166637],[-115.154245,36.166623],[-115.154271,36.166632],[-115.15428,36.166621],[-115.154289,36.166608],[-115.154303,36.166598],[-115.154316,36.166589],[-115.154331,36.166579],[-115.154341,36.166572],[-115.154358,36.166555],[-115.154364,36.166536],[-115.154373,36.16652],[-115.154375,36.166504],[-115.154377,36.166487],[-115.154378,36.166464],[-115.154383,36.166448],[-115.154396,36.166428],[-115.154413,36.166413],[-115.154432,36.166404],[-115.154452,36.166399],[-115.154475,36.166398],[-115.1545,36.1664]]]}},{"type":"Feature","properties":{"kind":"vegetation","name":null,"osm":"way/1410040252"},"geometry":{"type":"Polygon","coordinates":[[[-115.154388,36.165871],[-115.154432,36.165916],[-115.154382,36.165944],[-115.154348,36.165958],[-115.15429,36.165976],[-115.154229,36.165993],[-115.154185,36.166],[-115.154134,36.166005],[-115.154081,36.166002],[-115.154029,36.165997],[-115.153985,36.165989],[-115.153948,36.16598],[-115.153913,36.165969],[-115.153875,36.165954],[-115.153824,36.165928],[-115.153798,36.16591],[-115.153772,36.165893],[-115.153775,36.165875],[-115.153776,36.165854],[-115.153775,36.165835],[-115.153774,36.165819],[-115.153794,36.165833],[-115.153828,36.165861],[-115.153859,36.165881],[-115.153895,36.165902],[-115.153933,36.165917],[-115.153972,36.165929],[-115.154009,36.165937],[-115.154041,36.165943],[-115.154078,36.165945],[-115.154122,36.165946],[-115.154159,36.165944],[-115.154197,36.16594],[-115.154241,36.165932],[-115.154278,36.165922],[-115.154311,36.16591],[-115.154355,36.165889],[-115.154388,36.165871]]]}},{"type":"Feature","properties":{"kind":"vegetation","name":null,"osm":"way/1410040364"},"geometry":{"type":"Polygon","coordinates":[[[-115.154471,36.165885],[-115.15443,36.165844],[-115.154453,36.165826],[-115.154472,36.165808],[-115.154492,36.165785],[-115.15451,36.16576],[-115.154527,36.165729],[-115.154541,36.165693],[-115.154552,36.165657],[-115.154557,36.165621],[-115.154557,36.16559],[-115.154555,36.165559],[-115.15455,36.165525],[-115.154538,36.165486],[-115.154527,36.16546],[-115.154506,36.165425],[-115.154482,36.165393],[-115.154457,36.165364],[-115.154437,36.165347],[-115.1544,36.165318],[-115.154364,36.165296],[-115.154314,36.165273],[-115.15426,36.165252],[-115.154214,36.165243],[-115.154262,36.165188],[-115.154299,36.165198],[-115.154344,36.165215],[-115.154396,36.16524],[-115.154444,36.165269],[-115.154483,36.165299],[-115.15452,36.165334],[-115.154555,36.165373],[-115.154576,36.165403],[-115.1546,36.165448],[-115.154616,36.165496],[-115.154624,36.165537],[-115.154626,36.16558],[-115.154625,36.165626],[-115.154613,36.165679],[-115.154589,36.165738],[-115.154556,36.165797],[-115.15451,36.165849],[-115.154481,36.165876],[-115.154471,36.165885]]]}},{"type":"Feature","properties":{"kind":"vegetation","name":null,"osm":"way/1411417605"},"geometry":{"type":"Polygon","coordinates":[[[-115.152941,36.166116],[-115.152939,36.166115],[-115.152937,36.166115],[-115.152935,36.166115],[-115.152934,36.166116],[-115.152933,36.166118],[-115.152933,36.166119],[-115.152933,36.166121],[-115.152934,36.166122],[-115.152936,36.166123],[-115.152938,36.166123],[-115.152939,36.166123],[-115.152941,36.166122],[-115.152942,36.16612],[-115.152942,36.166119],[-115.152942,36.166117],[-115.152941,36.166116]]]}},{"type":"Feature","properties":{"kind":"vegetation","name":null,"osm":"way/1411417606"},"geometry":{"type":"Polygon","coordinates":[[[-115.152984,36.166175],[-115.152982,36.166175],[-115.15298,36.166174],[-115.152978,36.166175],[-115.152977,36.166176],[-115.152976,36.166177],[-115.152976,36.166179],[-115.152976,36.16618],[-115.152977,36.166181],[-115.152979,36.166182],[-115.152981,36.166182],[-115.152982,36.166182],[-115.152984,36.166181],[-115.152985,36.16618],[-115.152985,36.166178],[-115.152985,36.166177],[-115.152984,36.166175]]]}},{"type":"Feature","properties":{"kind":"vegetation","name":null,"osm":"way/1411421601"},"geometry":{"type":"Polygon","coordinates":[[[-115.154017,36.163852],[-115.154036,36.16386],[-115.15427,36.163501],[-115.154341,36.163393],[-115.15432,36.163383],[-115.154296,36.163424],[-115.154151,36.163646],[-115.154101,36.163723],[-115.154017,36.163852]]]}},{"type":"Feature","properties":{"kind":"vegetation","name":null,"osm":"way/1411421602"},"geometry":{"type":"Polygon","coordinates":[[[-115.154009,36.163864],[-115.154028,36.163872],[-115.153918,36.164039],[-115.1539,36.164032],[-115.154009,36.163864]]]}},{"type":"Feature","properties":{"kind":"vegetation","name":null,"osm":"way/1411421603"},"geometry":{"type":"Polygon","coordinates":[[[-115.153888,36.16405],[-115.153906,36.164058],[-115.153876,36.164105],[-115.15383,36.164086],[-115.153837,36.164074],[-115.153865,36.164086],[-115.153888,36.16405]]]}},{"type":"Feature","properties":{"kind":"vegetation","name":null,"osm":"way/1411421604"},"geometry":{"type":"Polygon","coordinates":[[[-115.153715,36.164022],[-115.153708,36.164033],[-115.153807,36.164075],[-115.153814,36.164064],[-115.153715,36.164022]]]}},{"type":"Feature","properties":{"kind":"vegetation","name":null,"osm":"way/1411421605"},"geometry":{"type":"Polygon","coordinates":[[[-115.153633,36.164001],[-115.153678,36.16402],[-115.153685,36.164009],[-115.15364,36.16399],[-115.153633,36.164001]]]}},{"type":"Feature","properties":{"kind":"vegetation","name":null,"osm":"way/1411422563"},"geometry":{"type":"Polygon","coordinates":[[[-115.154107,36.163975],[-115.154105,36.163979],[-115.154104,36.163988],[-115.154108,36.163995],[-115.154118,36.164],[-115.154137,36.163973],[-115.154107,36.163975]]]}},{"type":"Feature","properties":{"kind":"vegetation","name":null,"osm":"way/1411422564"},"geometry":{"type":"Polygon","coordinates":[[[-115.154133,36.163939],[-115.154145,36.163962],[-115.154164,36.163934],[-115.154157,36.163931],[-115.154145,36.163931],[-115.154137,36.163934],[-115.154133,36.163939]]]}},{"type":"Feature","properties":{"kind":"vegetation","name":null,"osm":"way/1411422658"},"geometry":{"type":"Polygon","coordinates":[[[-115.154273,36.163779],[-115.154242,36.163822],[-115.15423,36.163817],[-115.154223,36.163811],[-115.154222,36.163803],[-115.15424,36.163779],[-115.154249,36.163775],[-115.15426,36.163775],[-115.154273,36.163779]]]}},{"type":"Feature","properties":{"kind":"vegetation","name":null,"osm":"way/1411423244"},"geometry":{"type":"Polygon","coordinates":[[[-115.154732,36.163864],[-115.154744,36.163872],[-115.15475,36.163878],[-115.154753,36.163884],[-115.154753,36.163887],[-115.154752,36.163899],[-115.154722,36.163905],[-115.154702,36.163913],[-115.154684,36.163924],[-115.154687,36.163909],[-115.154694,36.163896],[-115.154706,36.163883],[-115.154724,36.163869],[-115.154732,36.163864]]]}},{"type":"Feature","properties":{"kind":"vegetation","name":null,"osm":"way/1411423245"},"geometry":{"type":"Polygon","coordinates":[[[-115.154759,36.163769],[-115.154789,36.163786],[-115.154806,36.163801],[-115.154816,36.163815],[-115.154818,36.163826],[-115.154816,36.163835],[-115.154765,36.163836],[-115.154773,36.16382],[-115.154773,36.163807],[-115.15477,36.163795],[-115.154765,36.163781],[-115.154759,36.163769]]]}},{"type":"Feature","properties":{"kind":"vegetation","name":null,"osm":"way/1411423246"},"geometry":{"type":"Polygon","coordinates":[[[-115.154708,36.163848],[-115.154653,36.163851],[-115.15462,36.163858],[-115.154596,36.163869],[-115.154571,36.163888],[-115.15456,36.163907],[-115.154554,36.163925],[-115.154552,36.16394],[-115.154549,36.163953],[-115.154545,36.163964],[-115.154542,36.163976],[-115.154525,36.164009],[-115.154517,36.16403],[-115.154514,36.164044],[-115.154512,36.164056],[-115.154515,36.164062],[-115.154527,36.164066],[-115.154539,36.164071],[-115.15455,36.164075],[-115.154556,36.16408],[-115.15456,36.164083],[-115.154564,36.164086],[-115.154572,36.164087],[-115.154585,36.164086],[-115.154594,36.164077],[-115.1546,36.164068],[-115.154605,36.164056],[-115.154609,36.164043],[-115.15461,36.164029],[-115.154606,36.164009],[-115.154607,36.163987],[-115.154608,36.163977],[-115.154614,36.163959],[-115.154626,36.163938],[-115.154638,36.163915],[-115.154656,36.163891],[-115.15467,36.163875],[-115.154686,36.163863],[-115.154708,36.163848]]]}},{"type":"Feature","properties":{"kind":"vegetation","name":null,"osm":"way/1411424170"},"geometry":{"type":"Polygon","coordinates":[[[-115.154892,36.163831],[-115.154912,36.163875],[-115.154925,36.163895],[-115.154939,36.163906],[-115.154956,36.163917],[-115.154972,36.163922],[-115.155001,36.163929],[-115.155031,36.163934],[-115.155057,36.163943],[-115.155086,36.163954],[-115.155102,36.163963],[-115.155115,36.163972],[-115.155125,36.163979],[-115.15512,36.163966],[-115.155102,36.163942],[-115.155073,36.163918],[-115.155044,36.163901],[-115.155008,36.163882],[-115.154975,36.163871],[-115.154944,36.163861],[-115.154919,36.163849],[-115.154904,36.163839],[-115.154892,36.163831]]]}},{"type":"Feature","properties":{"kind":"vegetation","name":null,"osm":"way/1411424171"},"geometry":{"type":"Polygon","coordinates":[[[-115.154864,36.163893],[-115.154872,36.163913],[-115.15488,36.16393],[-115.154886,36.163938],[-115.154949,36.163976],[-115.154974,36.16398],[-115.155007,36.163989],[-115.155037,36.163999],[-115.155058,36.164012],[-115.155091,36.164035],[-115.155116,36.164055],[-115.155126,36.164065],[-115.155127,36.164043],[-115.155123,36.164022],[-115.155119,36.164012],[-115.155113,36.164003],[-115.155079,36.163981],[-115.155033,36.163967],[-115.154989,36.163956],[-115.154946,36.163941],[-115.154914,36.163929],[-115.15489,36.163915],[-115.154864,36.163893]]]}},{"type":"Feature","properties":{"kind":"vegetation","name":null,"osm":"way/1411424172"},"geometry":{"type":"Polygon","coordinates":[[[-115.154741,36.163549],[-115.154738,36.163571],[-115.154731,36.163609],[-115.154731,36.163643],[-115.154731,36.163688],[-115.154735,36.163699],[-115.154745,36.163715],[-115.154765,36.16374],[-115.154779,36.16375],[-115.154793,36.163757],[-115.154808,36.163758],[-115.154823,36.163756],[-115.154799,36.16374],[-115.154783,36.163721],[-115.154772,36.1637],[-115.15477,36.163679],[-115.154771,36.163643],[-115.154772,36.163608],[-115.154769,36.163592],[-115.154762,36.163577],[-115.154755,36.163564],[-115.154741,36.163549]]]}},{"type":"Feature","properties":{"kind":"vegetation","name":null,"osm":"way/1411424173"},"geometry":{"type":"Polygon","coordinates":[[[-115.154561,36.163502],[-115.154545,36.163522],[-115.154584,36.163557],[-115.154598,36.163572],[-115.154615,36.163577],[-115.154626,36.163588],[-115.154634,36.163597],[-115.154641,36.16361],[-115.154649,36.163627],[-115.154655,36.163639],[-115.154657,36.163644],[-115.154659,36.163628],[-115.154659,36.163606],[-115.154657,36.163593],[-115.15465,36.163575],[-115.154639,36.163559],[-115.154624,36.163545],[-115.154603,36.163529],[-115.154583,36.163516],[-115.154561,36.163502]]]}},{"type":"Feature","properties":{"kind":"vegetation","name":null,"osm":"way/1411427681"},"geometry":{"type":"Polygon","coordinates":[[[-115.153742,36.165742],[-115.153723,36.165708],[-115.153794,36.165634],[-115.153799,36.165652],[-115.15381,36.16568],[-115.153824,36.165706],[-115.153842,36.165731],[-115.153864,36.165755],[-115.153888,36.165776],[-115.153915,36.165795],[-115.153945,36.165811],[-115.153976,36.165825],[-115.15401,36.165836],[-115.154044,36.165844],[-115.15408,36.165848],[-115.154116,36.16585],[-115.154151,36.165848],[-115.154187,36.165843],[-115.154221,36.165835],[-115.154254,36.165824],[-115.154286,36.16581],[-115.154315,36.165794],[-115.154342,36.165775],[-115.154367,36.165753],[-115.154388,36.16573],[-115.154406,36.165705],[-115.15442,36.165678],[-115.154431,36.16565],[-115.154437,36.165622],[-115.15444,36.165593],[-115.154439,36.165564],[-115.154434,36.165535],[-115.154425,36.165507],[-115.154412,36.16548],[-115.154396,36.165454],[-115.154376,36.16543],[-115.154353,36.165408],[-115.154328,36.165388],[-115.154299,36.16537],[-115.154268,36.165355],[-115.154236,36.165343],[-115.154202,36.165333],[-115.154167,36.165327],[-115.154136,36.165325],[-115.154196,36.165256],[-115.154228,36.165261],[-115.154272,36.165273],[-115.154314,36.165289],[-115.154353,36.165309],[-115.15439,36.165332],[-115.154423,36.165357],[-115.154453,36.165386],[-115.154478,36.165417],[-115.154499,36.165451],[-115.154516,36.165486],[-115.154527,36.165522],[-115.154534,36.165559],[-115.154535,36.165596],[-115.154531,36.165633],[-115.154523,36.16567],[-115.154509,36.165705],[-115.154491,36.16574],[-115.154468,36.165772],[-115.15444,36.165802],[-115.154409,36.16583],[-115.154374,36.165854],[-115.154336,36.165876],[-115.154296,36.165894],[-115.154253,36.165908],[-115.154209,36.165918],[-115.154163,36.165924],[-115.154117,36.165927],[-115.154071,36.165925],[-115.154025,36.165919],[-115.153981,36.165909],[-115.153938,36.165895],[-115.153897,36.165877],[-115.153859,36.165856],[-115.153824,36.165831],[-115.153792,36.165804],[-115.153765,36.165774],[-115.153742,36.165742]]]}},{"type":"Feature","properties":{"kind":"vegetation","name":null,"osm":"way/1411428676"},"geometry":{"type":"Polygon","coordinates":[[[-115.154477,36.16345],[-115.154475,36.16345],[-115.154473,36.163451],[-115.154471,36.163452],[-115.15447,36.163454],[-115.15447,36.163456],[-115.15447,36.163458],[-115.154472,36.16346],[-115.154474,36.163461],[-115.154476,36.163461],[-115.154478,36.163461],[-115.154481,36.163461],[-115.154482,36.16346],[-115.154484,36.163458],[-115.154484,36.163456],[-115.154484,36.163454],[-115.154483,36.163452],[-115.154482,36.163451],[-115.154479,36.16345],[-115.154477,36.16345]]]}},{"type":"Feature","properties":{"kind":"vegetation","name":null,"osm":"way/1411428677"},"geometry":{"type":"Polygon","coordinates":[[[-115.154524,36.163478],[-115.154521,36.163478],[-115.154519,36.163479],[-115.154517,36.163481],[-115.154516,36.163482],[-115.154516,36.163484],[-115.154517,36.163486],[-115.154518,36.163488],[-115.15452,36.163489],[-115.154522,36.163489],[-115.154525,36.163489],[-115.154527,36.163489],[-115.154529,36.163488],[-115.15453,36.163486],[-115.154531,36.163484],[-115.154531,36.163482],[-115.15453,36.16348],[-115.154528,36.163479],[-115.154526,36.163478],[-115.154524,36.163478]]]}},{"type":"Feature","properties":{"kind":"vegetation","name":null,"osm":"way/1411428678"},"geometry":{"type":"Polygon","coordinates":[[[-115.154605,36.163459],[-115.154602,36.16346],[-115.1546,36.163461],[-115.154599,36.163462],[-115.154598,36.163464],[-115.154598,36.163466],[-115.154598,36.163468],[-115.1546,36.163469],[-115.154601,36.16347],[-115.154604,36.163471],[-115.154606,36.163471],[-115.154608,36.16347],[-115.15461,36.163469],[-115.154611,36.163468],[-115.154612,36.163466],[-115.154612,36.163464],[-115.154611,36.163462],[-115.154609,36.163461],[-115.154607,36.16346],[-115.154605,36.163459]]]}},{"type":"Feature","properties":{"kind":"vegetation","name":null,"osm":"way/1411428679"},"geometry":{"type":"Polygon","coordinates":[[[-115.154632,36.163486],[-115.154629,36.163486],[-115.154627,36.163487],[-115.154625,36.163489],[-115.154624,36.163491],[-115.154624,36.163493],[-115.154625,36.163494],[-115.154626,36.163496],[-115.154628,36.163497],[-115.15463,36.163498],[-115.154633,36.163498],[-115.154635,36.163497],[-115.154637,36.163496],[-115.154638,36.163494],[-115.154639,36.163493],[-115.154639,36.163491],[-115.154638,36.163489],[-115.154636,36.163487],[-115.154634,36.163486],[-115.154632,36.163486]]]}},{"type":"Feature","properties":{"kind":"vegetation","name":null,"osm":"way/1411428680"},"geometry":{"type":"Polygon","coordinates":[[[-115.154662,36.163518],[-115.154659,36.163518],[-115.154657,36.163519],[-115.154656,36.163521],[-115.154655,36.163522],[-115.154655,36.163524],[-115.154655,36.163526],[-115.154657,36.163528],[-115.154658,36.163529],[-115.154661,36.163529],[-115.154663,36.163529],[-115.154665,36.163529],[-115.154667,36.163528],[-115.154668,36.163526],[-115.154669,36.163524],[-115.154669,36.163522],[-115.154668,36.16352],[-115.154666,36.163519],[-115.154664,36.163518],[-115.154662,36.163518]]]}},{"type":"Feature","properties":{"kind":"vegetation","name":null,"osm":"way/1411428681"},"geometry":{"type":"Polygon","coordinates":[[[-115.15469,36.163563],[-115.154687,36.163564],[-115.154685,36.163565],[-115.154683,36.163566],[-115.154683,36.163568],[-115.154682,36.16357],[-115.154683,36.163572],[-115.154684,36.163573],[-115.154686,36.163574],[-115.154688,36.163575],[-115.154691,36.163575],[-115.154693,36.163574],[-115.154695,36.163573],[-115.154696,36.163572],[-115.154697,36.16357],[-115.154697,36.163568],[-115.154696,36.163566],[-115.154694,36.163564],[-115.154692,36.163564],[-115.15469,36.163563]]]}},{"type":"Feature","properties":{"kind":"vegetation","name":null,"osm":"way/1411428682"},"geometry":{"type":"Polygon","coordinates":[[[-115.154704,36.1636],[-115.154702,36.1636],[-115.154699,36.163601],[-115.154698,36.163603],[-115.154697,36.163605],[-115.154697,36.163607],[-115.154698,36.163608],[-115.154699,36.16361],[-115.154701,36.163611],[-115.154703,36.163612],[-115.154705,36.163612],[-115.154707,36.163611],[-115.154709,36.16361],[-115.154711,36.163608],[-115.154711,36.163607],[-115.154711,36.163605],[-115.15471,36.163603],[-115.154709,36.163601],[-115.154706,36.1636],[-115.154704,36.1636]]]}},{"type":"Feature","properties":{"kind":"vegetation","name":null,"osm":"way/1411428683"},"geometry":{"type":"Polygon","coordinates":[[[-115.154001,36.164393],[-115.154,36.164395],[-115.154001,36.164397],[-115.154002,36.164399],[-115.154003,36.164401],[-115.154005,36.164402],[-115.154008,36.164403],[-115.154011,36.164403],[-115.154013,36.164402],[-115.154016,36.164401],[-115.154017,36.1644],[-115.154019,36.164398],[-115.154019,36.164395],[-115.154019,36.164393],[-115.154018,36.164391],[-115.154016,36.16439],[-115.154014,36.164388],[-115.154011,36.164388],[-115.154009,36.164387],[-115.154006,36.164388],[-115.154004,36.164389],[-115.154002,36.164391],[-115.154001,36.164393]]]}},{"type":"Feature","properties":{"kind":"vegetation","name":null,"osm":"way/1411428769"},"geometry":{"type":"Polygon","coordinates":[[[-115.15506,36.164066],[-115.155058,36.164067],[-115.155055,36.164068],[-115.155054,36.164069],[-115.155053,36.164071],[-115.155053,36.164073],[-115.155054,36.164075],[-115.155055,36.164076],[-115.155057,36.164078],[-115.155059,36.164078],[-115.155061,36.164078],[-115.155063,36.164078],[-115.155065,36.164077],[-115.155067,36.164075],[-115.155067,36.164073],[-115.155067,36.164071],[-115.155066,36.164069],[-115.155065,36.164068],[-115.155062,36.164067],[-115.15506,36.164066]]]}},{"type":"Feature","properties":{"kind":"vegetation","name":null,"osm":"way/1411428770"},"geometry":{"type":"Polygon","coordinates":[[[-115.155022,36.16404],[-115.15502,36.16404],[-115.155018,36.164041],[-115.155016,36.164043],[-115.155015,36.164045],[-115.155015,36.164047],[-115.155016,36.164048],[-115.155017,36.16405],[-115.155019,36.164051],[-115.155021,36.164052],[-115.155023,36.164052],[-115.155026,36.164051],[-115.155028,36.16405],[-115.155029,36.164048],[-115.15503,36.164047],[-115.15503,36.164045],[-115.155029,36.164043],[-115.155027,36.164041],[-115.155025,36.16404],[-115.155022,36.16404]]]}},{"type":"Feature","properties":{"kind":"vegetation","name":null,"osm":"way/1411430226"},"geometry":{"type":"Polygon","coordinates":[[[-115.157745,36.161628],[-115.157714,36.161611],[-115.157683,36.161621],[-115.15767,36.161636],[-115.157586,36.161582],[-115.157557,36.161563],[-115.157551,36.161559],[-115.157548,36.161554],[-115.157549,36.161548],[-115.157554,36.161541],[-115.157561,36.161538],[-115.157568,36.161537],[-115.157576,36.161538],[-115.15759,36.161544],[-115.157638,36.161569],[-115.157633,36.161576],[-115.157643,36.16158],[-115.157648,36.161574],[-115.157745,36.161619],[-115.157748,36.161623],[-115.157747,36.161625],[-115.157745,36.161628]]]}},{"type":"Feature","properties":{"kind":"vegetation","name":null,"osm":"way/1411432002"},"geometry":{"type":"Polygon","coordinates":[[[-115.1567,36.163147],[-115.156686,36.163141],[-115.156679,36.163152],[-115.156692,36.163158],[-115.1567,36.163147]]]}},{"type":"Feature","properties":{"kind":"vegetation","name":null,"osm":"way/1411432003"},"geometry":{"type":"Polygon","coordinates":[[[-115.15675,36.163067],[-115.156736,36.163061],[-115.156729,36.163072],[-115.156743,36.163078],[-115.15675,36.163067]]]}},{"type":"Feature","properties":{"kind":"vegetation","name":null,"osm":"way/1411432004"},"geometry":{"type":"Polygon","coordinates":[[[-115.156803,36.162989],[-115.156789,36.162983],[-115.156781,36.162994],[-115.156795,36.163],[-115.156803,36.162989]]]}},{"type":"Feature","properties":{"kind":"vegetation","name":null,"osm":"way/1411432005"},"geometry":{"type":"Polygon","coordinates":[[[-115.156855,36.162911],[-115.156841,36.162905],[-115.156834,36.162916],[-115.156848,36.162922],[-115.156855,36.162911]]]}},{"type":"Feature","properties":{"kind":"vegetation","name":null,"osm":"way/1411432006"},"geometry":{"type":"Polygon","coordinates":[[[-115.156908,36.162833],[-115.156894,36.162827],[-115.156887,36.162838],[-115.156901,36.162844],[-115.156908,36.162833]]]}},{"type":"Feature","properties":{"kind":"vegetation","name":null,"osm":"way/1411432007"},"geometry":{"type":"Polygon","coordinates":[[[-115.156961,36.162755],[-115.156947,36.162748],[-115.156939,36.16276],[-115.156953,36.162766],[-115.156961,36.162755]]]}},{"type":"Feature","properties":{"kind":"vegetation","name":null,"osm":"way/1411432008"},"geometry":{"type":"Polygon","coordinates":[[[-115.157013,36.162676],[-115.156999,36.16267],[-115.156992,36.162681],[-115.157006,36.162688],[-115.157013,36.162676]]]}},{"type":"Feature","properties":{"kind":"vegetation","name":null,"osm":"way/1411432009"},"geometry":{"type":"Polygon","coordinates":[[[-115.157066,36.162598],[-115.157052,36.162592],[-115.157045,36.162603],[-115.157059,36.162609],[-115.157066,36.162598]]]}},{"type":"Feature","properties":{"kind":"vegetation","name":null,"osm":"way/1411432010"},"geometry":{"type":"Polygon","coordinates":[[[-115.157119,36.16252],[-115.157105,36.162514],[-115.157098,36.162525],[-115.157111,36.162531],[-115.157119,36.16252]]]}},{"type":"Feature","properties":{"kind":"vegetation","name":null,"osm":"way/1411432011"},"geometry":{"type":"Polygon","coordinates":[[[-115.157172,36.162442],[-115.157158,36.162436],[-115.15715,36.162447],[-115.157164,36.162453],[-115.157172,36.162442]]]}},{"type":"Feature","properties":{"kind":"vegetation","name":null,"osm":"way/1411432012"},"geometry":{"type":"Polygon","coordinates":[[[-115.157224,36.162363],[-115.157211,36.162357],[-115.157203,36.162368],[-115.157217,36.162374],[-115.157224,36.162363]]]}},{"type":"Feature","properties":{"kind":"vegetation","name":null,"osm":"way/1411432013"},"geometry":{"type":"Polygon","coordinates":[[[-115.157277,36.162285],[-115.157264,36.162278],[-115.157256,36.16229],[-115.15727,36.162296],[-115.157277,36.162285]]]}},{"type":"Feature","properties":{"kind":"vegetation","name":null,"osm":"way/1411432014"},"geometry":{"type":"Polygon","coordinates":[[[-115.157329,36.162208],[-115.157316,36.162201],[-115.157308,36.162213],[-115.157322,36.162219],[-115.157326,36.162212],[-115.157329,36.162208]]]}},{"type":"Feature","properties":{"kind":"vegetation","name":null,"osm":"way/1411432015"},"geometry":{"type":"Polygon","coordinates":[[[-115.157382,36.162132],[-115.157368,36.162126],[-115.15736,36.162137],[-115.157374,36.162143],[-115.157382,36.162132]]]}},{"type":"Feature","properties":{"kind":"vegetation","name":null,"osm":"way/1411432016"},"geometry":{"type":"Polygon","coordinates":[[[-115.157436,36.162063],[-115.157424,36.162055],[-115.157415,36.162065],[-115.157427,36.162073],[-115.157436,36.162063]]]}},{"type":"Feature","properties":{"kind":"vegetation","name":null,"osm":"way/1411432130"},"geometry":{"type":"Polygon","coordinates":[[[-115.157451,36.161981],[-115.157409,36.161956],[-115.157373,36.161879],[-115.157194,36.161814],[-115.157209,36.16183],[-115.157215,36.161845],[-115.157216,36.161859],[-115.157212,36.161877],[-115.157192,36.161905],[-115.156995,36.162126],[-115.156648,36.162498],[-115.156109,36.163085],[-115.156096,36.163099],[-115.156497,36.163272],[-115.156514,36.163247],[-115.15661,36.163222],[-115.156621,36.163205],[-115.157363,36.162093],[-115.157453,36.161998],[-115.157442,36.161991],[-115.157451,36.161981]]]}},{"type":"Feature","properties":{"kind":"vegetation","name":null,"osm":"way/1411438596"},"geometry":{"type":"Polygon","coordinates":[[[-115.155155,36.164061],[-115.155153,36.164062],[-115.155151,36.164063],[-115.155149,36.164064],[-115.155148,36.164066],[-115.155148,36.164068],[-115.155149,36.16407],[-115.15515,36.164071],[-115.155152,36.164072],[-115.155154,36.164073],[-115.155157,36.164073],[-115.155159,36.164073],[-115.155161,36.164071],[-115.155162,36.16407],[-115.155163,36.164068],[-115.155163,36.164066],[-115.155162,36.164064],[-115.15516,36.164063],[-115.155158,36.164062],[-115.155155,36.164061]]]}},{"type":"Feature","properties":{"kind":"vegetation","name":null,"osm":"way/1411438597"},"geometry":{"type":"Polygon","coordinates":[[[-115.155184,36.164018],[-115.155181,36.164018],[-115.155179,36.164019],[-115.155177,36.164021],[-115.155177,36.164022],[-115.155176,36.164024],[-115.155177,36.164026],[-115.155178,36.164028],[-115.15518,36.164029],[-115.155182,36.164029],[-115.155185,36.164029],[-115.155187,36.164029],[-115.155189,36.164028],[-115.15519,36.164026],[-115.155191,36.164024],[-115.155191,36.164022],[-115.15519,36.16402],[-115.155188,36.164019],[-115.155186,36.164018],[-115.155184,36.164018]]]}},{"type":"Feature","properties":{"kind":"vegetation","name":null,"osm":"way/1411438598"},"geometry":{"type":"Polygon","coordinates":[[[-115.155221,36.16398],[-115.155218,36.163981],[-115.155216,36.163982],[-115.155214,36.163983],[-115.155214,36.163985],[-115.155213,36.163987],[-115.155214,36.163989],[-115.155215,36.16399],[-115.155217,36.163991],[-115.155219,36.163992],[-115.155222,36.163992],[-115.155224,36.163991],[-115.155226,36.16399],[-115.155227,36.163989],[-115.155228,36.163987],[-115.155228,36.163985],[-115.155227,36.163983],[-115.155225,36.163982],[-115.155223,36.163981],[-115.155221,36.16398]]]}},{"type":"Feature","properties":{"kind":"vegetation","name":null,"osm":"way/1411438599"},"geometry":{"type":"Polygon","coordinates":[[[-115.155173,36.163957],[-115.155171,36.163957],[-115.155169,36.163958],[-115.155167,36.16396],[-115.155166,36.163961],[-115.155166,36.163963],[-115.155167,36.163965],[-115.155168,36.163967],[-115.15517,36.163968],[-115.155172,36.163968],[-115.155175,36.163968],[-115.155177,36.163968],[-115.155179,36.163967],[-115.15518,36.163965],[-115.155181,36.163963],[-115.155181,36.163961],[-115.15518,36.163959],[-115.155178,36.163958],[-115.155176,36.163957],[-115.155173,36.163957]]]}},{"type":"Feature","properties":{"kind":"vegetation","name":null,"osm":"way/1411439976"},"geometry":{"type":"Polygon","coordinates":[[[-115.154986,36.16404],[-115.15492,36.164111],[-115.154936,36.164121],[-115.154648,36.164433],[-115.154555,36.164454],[-115.15455,36.164462],[-115.154626,36.164482],[-115.15467,36.164496],[-115.154718,36.164514],[-115.154736,36.164521],[-115.155113,36.164118],[-115.154986,36.16404]]]}},{"type":"Feature","properties":{"kind":"vegetation","name":null,"osm":"way/1411440164"},"geometry":{"type":"Polygon","coordinates":[[[-115.154639,36.164416],[-115.154503,36.164449],[-115.154474,36.164443],[-115.154506,36.164394],[-115.154639,36.164416]]]}},{"type":"Feature","properties":{"kind":"vegetation","name":null,"osm":"way/1411440364"},"geometry":{"type":"Polygon","coordinates":[[[-115.154223,36.164381],[-115.154222,36.164388],[-115.15422,36.164394],[-115.154214,36.164399],[-115.154206,36.164403],[-115.154197,36.164405],[-115.154186,36.164406],[-115.154029,36.164406],[-115.154045,36.16438],[-115.154223,36.164381]]]}},{"type":"Feature","properties":{"kind":"vegetation","name":null,"osm":"way/1411440365"},"geometry":{"type":"Polygon","coordinates":[[[-115.15423,36.164348],[-115.154225,36.16436],[-115.154218,36.164365],[-115.154209,36.164367],[-115.154193,36.164367],[-115.154082,36.164365],[-115.154067,36.164363],[-115.154027,36.164345],[-115.154046,36.164319],[-115.15423,36.164348]]]}},{"type":"Feature","properties":{"kind":"vegetation","name":null,"osm":"way/1411440366"},"geometry":{"type":"Polygon","coordinates":[[[-115.15428,36.164356],[-115.154288,36.164368],[-115.154331,36.164372],[-115.154342,36.164366],[-115.15428,36.164356]]]}},{"type":"Feature","properties":{"kind":"vegetation","name":null,"osm":"way/1411440367"},"geometry":{"type":"Polygon","coordinates":[[[-115.154368,36.164422],[-115.154369,36.164411],[-115.154368,36.164406],[-115.154364,36.1644],[-115.154358,36.164396],[-115.154352,36.164394],[-115.154296,36.164391],[-115.15429,36.164394],[-115.154288,36.164398],[-115.15429,36.164403],[-115.154293,36.164407],[-115.154301,36.164411],[-115.15431,36.164414],[-115.15432,36.164418],[-115.154368,36.164422]]]}},{"type":"Feature","properties":{"kind":"vegetation","name":null,"osm":"way/1411440370"},"geometry":{"type":"Polygon","coordinates":[[[-115.153955,36.164211],[-115.153952,36.164218],[-115.153968,36.164224],[-115.153958,36.164238],[-115.153945,36.164232],[-115.153927,36.16427],[-115.153917,36.164299],[-115.153913,36.164326],[-115.153914,36.164353],[-115.15392,36.164366],[-115.153928,36.164378],[-115.153936,36.164385],[-115.153947,36.164392],[-115.154038,36.164253],[-115.154012,36.164242],[-115.154029,36.164216],[-115.153992,36.1642],[-115.153981,36.164196],[-115.153965,36.164199],[-115.153958,36.164205],[-115.153955,36.164211]]]}},{"type":"Feature","properties":{"kind":"vegetation","name":null,"osm":"way/1411440833"},"geometry":{"type":"Polygon","coordinates":[[[-115.154338,36.163355],[-115.154358,36.163364],[-115.15437,36.163347],[-115.154349,36.163339],[-115.154338,36.163355]]]}},{"type":"Feature","properties":{"kind":"vegetation","name":null,"osm":"way/1411440835"},"geometry":{"type":"Polygon","coordinates":[[[-115.154015,36.163929],[-115.154043,36.16394],[-115.153911,36.164144],[-115.153887,36.164176],[-115.153878,36.164182],[-115.15387,36.164183],[-115.153866,36.164183],[-115.153859,36.164181],[-115.153853,36.164178],[-115.153871,36.164151],[-115.154015,36.163929]]]}},{"type":"Feature","properties":{"kind":"vegetation","name":null,"osm":"way/1411440836"},"geometry":{"type":"Polygon","coordinates":[[[-115.153841,36.164106],[-115.153869,36.164117],[-115.153833,36.16417],[-115.153819,36.164165],[-115.153812,36.164161],[-115.153809,36.164153],[-115.153841,36.164106]]]}},{"type":"Feature","properties":{"kind":"vegetation","name":null,"osm":"way/1411440931"},"geometry":{"type":"Polygon","coordinates":[[[-115.154389,36.163354],[-115.154378,36.163371],[-115.154406,36.163382],[-115.15441,36.163375],[-115.154406,36.163362],[-115.154399,36.163357],[-115.154389,36.163354]]]}},{"type":"Feature","properties":{"kind":"vegetation","name":null,"osm":"way/1411440933"},"geometry":{"type":"Polygon","coordinates":[[[-115.154056,36.16392],[-115.154026,36.163909],[-115.154365,36.163398],[-115.15439,36.163407],[-115.154181,36.163729],[-115.154056,36.16392]]]}},{"type":"Feature","properties":{"kind":"vegetation","name":null,"osm":"way/1411442043"},"geometry":{"type":"Polygon","coordinates":[[[-115.155317,36.163941],[-115.155384,36.163967],[-115.155303,36.164055],[-115.155263,36.163999],[-115.155317,36.163941]]]}},{"type":"Feature","properties":{"kind":"vegetation","name":null,"osm":"way/1411442044"},"geometry":{"type":"Polygon","coordinates":[[[-115.155607,36.163626],[-115.155669,36.163656],[-115.155398,36.163952],[-115.15533,36.163925],[-115.155607,36.163626]]]}},{"type":"Feature","properties":{"kind":"vegetation","name":null,"osm":"way/1411442045"},"geometry":{"type":"Polygon","coordinates":[[[-115.155899,36.163311],[-115.15596,36.163339],[-115.155683,36.163641],[-115.155623,36.163611],[-115.155899,36.163311]]]}},{"type":"Feature","properties":{"kind":"vegetation","name":null,"osm":"way/1411442046"},"geometry":{"type":"Polygon","coordinates":[[[-115.155967,36.163187],[-115.155901,36.163159],[-115.155884,36.163151],[-115.155858,36.163144],[-115.155832,36.163149],[-115.155808,36.163166],[-115.155759,36.163216],[-115.155139,36.163892],[-115.155118,36.163919],[-115.155241,36.163976],[-115.155967,36.163187]]]}},{"type":"Feature","properties":{"kind":"vegetation","name":null,"osm":"way/1411442047"},"geometry":{"type":"Polygon","coordinates":[[[-115.156,36.1632],[-115.15591,36.163298],[-115.155973,36.163324],[-115.156011,36.163283],[-115.156029,36.163264],[-115.156036,36.163251],[-115.156038,36.163238],[-115.156036,36.163228],[-115.15603,36.163218],[-115.156023,36.163212],[-115.156,36.1632]]]}},{"type":"Feature","properties":{"kind":"vegetation","name":null,"osm":"way/1411442059"},"geometry":{"type":"Polygon","coordinates":[[[-115.155033,36.164252],[-115.155096,36.16428],[-115.154906,36.164486],[-115.154873,36.164522],[-115.154853,36.164533],[-115.154836,36.164537],[-115.154819,36.164539],[-115.154802,36.164539],[-115.154783,36.164536],[-115.154771,36.164533],[-115.155033,36.164252]]]}},{"type":"Feature","properties":{"kind":"vegetation","name":null,"osm":"way/1411442060"},"geometry":{"type":"Polygon","coordinates":[[[-115.155136,36.164134],[-115.155153,36.16414],[-115.155169,36.164143],[-115.155185,36.164144],[-115.1552,36.164144],[-115.155223,36.164142],[-115.15511,36.164264],[-115.155043,36.164237],[-115.155136,36.164134]]]}},{"type":"Feature","properties":{"kind":"vegetation","name":null,"osm":"way/1411442074"},"geometry":{"type":"Polygon","coordinates":[[[-115.157046,36.161795],[-115.157148,36.161835],[-115.157163,36.161844],[-115.157172,36.161853],[-115.157172,36.161863],[-115.157168,36.161872],[-115.157156,36.161887],[-115.157133,36.161913],[-115.157032,36.162033],[-115.156063,36.163085],[-115.155996,36.163057],[-115.155977,36.163048],[-115.155968,36.163038],[-115.15596,36.163025],[-115.155958,36.163012],[-115.155963,36.162995],[-115.156283,36.162648],[-115.156802,36.162083],[-115.157027,36.161822],[-115.157046,36.161795]]]}},{"type":"Feature","properties":{"kind":"vegetation","name":null,"osm":"way/1411442294"},"geometry":{"type":"Polygon","coordinates":[[[-115.153807,36.164245],[-115.153826,36.164252],[-115.153832,36.16426],[-115.153834,36.164267],[-115.153832,36.164277],[-115.153828,36.164289],[-115.153821,36.164314],[-115.153821,36.164334],[-115.153826,36.164374],[-115.153821,36.164393],[-115.153812,36.164411],[-115.153799,36.164423],[-115.153788,36.164429],[-115.15378,36.164433],[-115.153769,36.164393],[-115.153766,36.164378],[-115.153768,36.164355],[-115.153774,36.164312],[-115.153778,36.164297],[-115.153789,36.164278],[-115.153807,36.164245]]]}},{"type":"Feature","properties":{"kind":"vegetation","name":null,"osm":"way/1411442295"},"geometry":{"type":"Polygon","coordinates":[[[-115.152924,36.164855],[-115.152938,36.164861],[-115.152948,36.164863],[-115.152955,36.164863],[-115.152963,36.16486],[-115.152969,36.164857],[-115.15302,36.164805],[-115.153081,36.164749],[-115.153125,36.164717],[-115.153177,36.164682],[-115.153234,36.164642],[-115.153305,36.164604],[-115.153385,36.164563],[-115.153463,36.164531],[-115.153545,36.1645],[-115.153642,36.164467],[-115.15373,36.164445],[-115.153762,36.164438],[-115.153746,36.164386],[-115.153744,36.164363],[-115.153748,36.164337],[-115.153753,36.164307],[-115.153766,36.164279],[-115.153787,36.164239],[-115.153773,36.164236],[-115.153758,36.164239],[-115.153748,36.164252],[-115.153729,36.164282],[-115.153723,36.164297],[-115.15372,36.164321],[-115.15372,36.16436],[-115.153721,36.164369],[-115.153723,36.164378],[-115.153729,36.164398],[-115.153735,36.164419],[-115.1537,36.164428],[-115.153672,36.164435],[-115.15366,36.164438],[-115.153641,36.164443],[-115.153614,36.16445],[-115.153585,36.164458],[-115.153557,36.164466],[-115.153551,36.164467],[-115.153528,36.164476],[-115.153501,36.164486],[-115.153471,36.164497],[-115.153443,36.164509],[-115.153416,36.16452],[-115.15339,36.16453],[-115.153364,36.164542],[-115.153337,36.164555],[-115.153316,36.164566],[-115.153311,36.164568],[-115.153286,36.164582],[-115.153261,36.164596],[-115.153246,36.164605],[-115.153235,36.164612],[-115.153214,36.164625],[-115.153189,36.164642],[-115.153167,36.164656],[-115.153165,36.164658],[-115.153143,36.164675],[-115.153121,36.164691],[-115.153099,36.164708],[-115.153077,36.164726],[-115.153059,36.164739],[-115.153057,36.164741],[-115.153034,36.164759],[-115.153013,36.164777],[-115.152992,36.164794],[-115.152968,36.164814],[-115.152925,36.164785],[-115.152921,36.164786],[-115.152914,36.164791],[-115.152905,36.164801],[-115.152902,36.164811],[-115.152903,36.164827],[-115.152911,36.164844],[-115.152924,36.164855]]]}},{"type":"Feature","properties":{"kind":"vegetation","name":null,"osm":"way/1411442983"},"geometry":{"type":"Polygon","coordinates":[[[-115.153732,36.165604],[-115.153686,36.165657],[-115.153634,36.165718],[-115.153629,36.165714],[-115.153613,36.165704],[-115.153602,36.165697],[-115.153584,36.165692],[-115.153572,36.165691],[-115.153552,36.165716],[-115.153538,36.165668],[-115.15353,36.165608],[-115.153529,36.165564],[-115.153732,36.165604]]]}},{"type":"Feature","properties":{"kind":"vegetation","name":null,"osm":"way/1411442984"},"geometry":{"type":"Polygon","coordinates":[[[-115.153801,36.165529],[-115.153753,36.165586],[-115.153532,36.165538],[-115.153547,36.165475],[-115.153801,36.165529]]]}},{"type":"Feature","properties":{"kind":"vegetation","name":null,"osm":"way/1411443382"},"geometry":{"type":"Polygon","coordinates":[[[-115.15306,36.164927],[-115.1531,36.164889],[-115.153137,36.164915],[-115.153143,36.164919],[-115.153141,36.164927],[-115.15313,36.164933],[-115.153116,36.164937],[-115.153098,36.164939],[-115.153076,36.164936],[-115.15306,36.164927]]]}},{"type":"Feature","properties":{"kind":"vegetation","name":null,"osm":"way/1411443383"},"geometry":{"type":"Polygon","coordinates":[[[-115.153791,36.164535],[-115.153787,36.164518],[-115.153735,36.164529],[-115.153683,36.164543],[-115.153613,36.164562],[-115.153543,36.164586],[-115.153466,36.164618],[-115.1534,36.164648],[-115.153338,36.164684],[-115.153274,36.164722],[-115.153218,36.164758],[-115.153153,36.164808],[-115.153101,36.164852],[-115.153046,36.164907],[-115.153051,36.16492],[-115.153054,36.164924],[-115.153057,36.164926],[-115.153097,36.164886],[-115.153119,36.164866],[-115.153142,36.164846],[-115.153147,36.164842],[-115.153167,36.164823],[-115.153185,36.164807],[-115.153189,36.164804],[-115.153214,36.164787],[-115.153238,36.16477],[-115.153261,36.164754],[-115.153285,36.164738],[-115.153292,36.164732],[-115.153312,36.164721],[-115.153338,36.164707],[-115.153364,36.164692],[-115.153391,36.164677],[-115.153415,36.164664],[-115.153418,36.164663],[-115.153446,36.164651],[-115.153474,36.164639],[-115.153502,36.164627],[-115.153532,36.164614],[-115.15354,36.164611],[-115.153562,36.164603],[-115.153588,36.164593],[-115.153617,36.164583],[-115.153648,36.164572],[-115.15365,36.164572],[-115.153679,36.164564],[-115.15371,36.164556],[-115.153738,36.164549],[-115.153768,36.164541],[-115.153791,36.164535]]]}},{"type":"Feature","properties":{"kind":"vegetation","name":null,"osm":"way/1411443384"},"geometry":{"type":"Polygon","coordinates":[[[-115.153805,36.164586],[-115.153792,36.16454],[-115.15377,36.164545],[-115.153774,36.164556],[-115.153782,36.164582],[-115.153785,36.164587],[-115.153792,36.164588],[-115.153805,36.164586]]]}},{"type":"Feature","properties":{"kind":"vegetation","name":null,"osm":"way/1411443385"},"geometry":{"type":"Polygon","coordinates":[[[-115.153836,36.164532],[-115.153813,36.164537],[-115.153826,36.164583],[-115.15383,36.164582],[-115.153835,36.164582],[-115.153844,36.164577],[-115.153847,36.16457],[-115.153836,36.164532]]]}},{"type":"Feature","properties":{"kind":"vegetation","name":null,"osm":"way/1411443386"},"geometry":{"type":"Polygon","coordinates":[[[-115.154432,36.164552],[-115.154435,36.164546],[-115.154436,36.164536],[-115.154436,36.164527],[-115.154431,36.164517],[-115.154366,36.164506],[-115.154315,36.164498],[-115.154204,36.164488],[-115.154129,36.164486],[-115.154047,36.164486],[-115.153948,36.164493],[-115.153879,36.164502],[-115.153807,36.164515],[-115.153812,36.164532],[-115.153835,36.164528],[-115.153835,36.16453],[-115.153843,36.164529],[-115.153865,36.164526],[-115.153898,36.164521],[-115.153929,36.164516],[-115.153962,36.164512],[-115.153993,36.16451],[-115.154026,36.164508],[-115.154054,36.164506],[-115.154083,36.164504],[-115.154115,36.164504],[-115.154145,36.164505],[-115.154175,36.164505],[-115.154211,36.164508],[-115.154245,36.164511],[-115.154263,36.164513],[-115.154272,36.164514],[-115.154303,36.164517],[-115.154334,36.164519],[-115.154364,36.164522],[-115.154395,36.164525],[-115.154386,36.164575],[-115.154393,36.164576],[-115.154404,36.164575],[-115.15442,36.164565],[-115.154432,36.164552]]]}},{"type":"Feature","properties":{"kind":"vegetation","name":null,"osm":"way/1411443638"},"geometry":{"type":"Polygon","coordinates":[[[-115.152778,36.165385],[-115.152799,36.165412],[-115.152774,36.165424],[-115.152807,36.16547],[-115.152784,36.165481],[-115.152848,36.165569],[-115.152845,36.165568],[-115.152823,36.16556],[-115.152804,36.165556],[-115.152771,36.165556],[-115.152761,36.165555],[-115.152758,36.165551],[-115.152758,36.165543],[-115.152764,36.165457],[-115.152768,36.165427],[-115.152776,36.165391],[-115.152778,36.165385]]]}},{"type":"Feature","properties":{"kind":"vegetation","name":null,"osm":"way/1411443639"},"geometry":{"type":"Polygon","coordinates":[[[-115.153268,36.165147],[-115.15325,36.165182],[-115.153241,36.165201],[-115.153239,36.165209],[-115.153231,36.165206],[-115.153216,36.165201],[-115.153199,36.165193],[-115.153179,36.165182],[-115.153158,36.165167],[-115.153138,36.165148],[-115.153116,36.165123],[-115.153082,36.165073],[-115.15295,36.165139],[-115.152988,36.16519],[-115.152865,36.165247],[-115.152902,36.165299],[-115.15284,36.165328],[-115.152875,36.165377],[-115.152871,36.165379],[-115.152815,36.165303],[-115.152809,36.165294],[-115.152807,36.165287],[-115.152807,36.16528],[-115.152813,36.165262],[-115.152842,36.165194],[-115.152873,36.165137],[-115.152907,36.165078],[-115.152931,36.165041],[-115.152948,36.165022],[-115.152961,36.165012],[-115.152975,36.165007],[-115.152991,36.165005],[-115.153007,36.165004],[-115.15302,36.165005],[-115.153031,36.165011],[-115.153043,36.165018],[-115.153268,36.165147]]]}},{"type":"Feature","properties":{"kind":"vegetation","name":null,"osm":"way/1411443640"},"geometry":{"type":"Polygon","coordinates":[[[-115.154085,36.165037],[-115.154133,36.165038],[-115.154172,36.16504],[-115.154205,36.165043],[-115.154226,36.165046],[-115.15425,36.16505],[-115.154678,36.164591],[-115.154641,36.164577],[-115.154609,36.164565],[-115.154579,36.164556],[-115.15455,36.164548],[-115.154526,36.16456],[-115.154506,36.164578],[-115.154494,36.164591],[-115.154469,36.164618],[-115.154085,36.165037]]]}},{"type":"Feature","properties":{"kind":"vegetation","name":null,"osm":"way/1411448661"},"geometry":{"type":"Polygon","coordinates":[[[-115.153488,36.165125],[-115.153458,36.165152],[-115.153487,36.16517],[-115.153497,36.165171],[-115.153507,36.165171],[-115.153516,36.165168],[-115.153523,36.165162],[-115.153526,36.165158],[-115.153525,36.165153],[-115.15352,36.165147],[-115.153488,36.165125]]]}},{"type":"Feature","properties":{"kind":"vegetation","name":null,"osm":"way/1411448662"},"geometry":{"type":"Polygon","coordinates":[[[-115.153405,36.165086],[-115.153448,36.165116],[-115.153467,36.165129],[-115.153448,36.165146],[-115.1534,36.165118],[-115.153396,36.165113],[-115.153394,36.165109],[-115.153393,36.165102],[-115.153393,36.165097],[-115.153396,36.165092],[-115.153401,36.165087],[-115.153405,36.165086]]]}},{"type":"Feature","properties":{"kind":"vegetation","name":null,"osm":"way/1411448663"},"geometry":{"type":"Polygon","coordinates":[[[-115.153317,36.165033],[-115.153276,36.165004],[-115.153263,36.164996],[-115.153216,36.164963],[-115.153212,36.164962],[-115.1532,36.164966],[-115.153194,36.164972],[-115.153188,36.164982],[-115.153188,36.164991],[-115.153191,36.164998],[-115.153194,36.165003],[-115.1532,36.165007],[-115.15328,36.165052],[-115.153293,36.165053],[-115.153303,36.165051],[-115.153309,36.165049],[-115.153316,36.165043],[-115.153317,36.16504],[-115.153317,36.165033]]]}},{"type":"Feature","properties":{"kind":"vegetation","name":null,"osm":"way/1411448664"},"geometry":{"type":"Polygon","coordinates":[[[-115.154305,36.164638],[-115.1543,36.164676],[-115.154299,36.164687],[-115.154307,36.164687],[-115.154324,36.164666],[-115.154327,36.164657],[-115.154326,36.164648],[-115.154322,36.16464],[-115.154316,36.164635],[-115.154309,36.164635],[-115.154305,36.164638]]]}},{"type":"Feature","properties":{"kind":"vegetation","name":null,"osm":"way/1411448665"},"geometry":{"type":"Polygon","coordinates":[[[-115.154293,36.164702],[-115.154219,36.164699],[-115.154215,36.164741],[-115.154231,36.164744],[-115.154245,36.164745],[-115.154254,36.164743],[-115.154293,36.164702]]]}},{"type":"Feature","properties":{"kind":"vegetation","name":null,"osm":"way/1411448666"},"geometry":{"type":"Polygon","coordinates":[[[-115.154105,36.164831],[-115.154106,36.164874],[-115.154132,36.164875],[-115.154147,36.164856],[-115.15415,36.164847],[-115.154149,36.164838],[-115.154141,36.164829],[-115.154127,36.164823],[-115.154115,36.164822],[-115.154108,36.164826],[-115.154105,36.164831]]]}},{"type":"Feature","properties":{"kind":"vegetation","name":null,"osm":"way/1411448667"},"geometry":{"type":"Polygon","coordinates":[[[-115.154042,36.164904],[-115.154051,36.16495],[-115.154059,36.164948],[-115.154069,36.164943],[-115.154109,36.164898],[-115.154042,36.164904]]]}},{"type":"Feature","properties":{"kind":"vegetation","name":null,"osm":"way/1411448668"},"geometry":{"type":"Polygon","coordinates":[[[-115.153925,36.164923],[-115.153939,36.164971],[-115.153947,36.164967],[-115.153951,36.164964],[-115.153953,36.164959],[-115.153952,36.164952],[-115.153945,36.164927],[-115.153943,36.164919],[-115.153925,36.164923]]]}},{"type":"Feature","properties":{"kind":"vegetation","name":null,"osm":"way/1411448669"},"geometry":{"type":"Polygon","coordinates":[[[-115.153904,36.164924],[-115.153919,36.164975],[-115.15391,36.164977],[-115.153901,36.164972],[-115.153897,36.164964],[-115.153885,36.16493],[-115.153904,36.164924]]]}},{"type":"Feature","properties":{"kind":"vegetation","name":null,"osm":"way/1411448670"},"geometry":{"type":"Polygon","coordinates":[[[-115.153883,36.164853],[-115.153901,36.164916],[-115.153882,36.164919],[-115.153877,36.164901],[-115.153866,36.164864],[-115.153867,36.164857],[-115.15387,36.164853],[-115.153878,36.16485],[-115.153882,36.16485],[-115.153883,36.164853]]]}},{"type":"Feature","properties":{"kind":"vegetation","name":null,"osm":"way/1411448671"},"geometry":{"type":"Polygon","coordinates":[[[-115.153903,36.164847],[-115.153922,36.164913],[-115.153943,36.164909],[-115.153938,36.164891],[-115.153928,36.164855],[-115.153921,36.164847],[-115.153913,36.164844],[-115.153908,36.164844],[-115.153903,36.164847]]]}},{"type":"Feature","properties":{"kind":"vegetation","name":null,"osm":"way/1411448672"},"geometry":{"type":"Polygon","coordinates":[[[-115.153845,36.164647],[-115.153884,36.164773],[-115.153891,36.16477],[-115.153896,36.164766],[-115.153897,36.164761],[-115.153897,36.164756],[-115.153885,36.164717],[-115.153878,36.164692],[-115.153865,36.164649],[-115.153863,36.164646],[-115.153862,36.164644],[-115.153857,36.164644],[-115.153845,36.164647]]]}},{"type":"Feature","properties":{"kind":"vegetation","name":null,"osm":"way/1411448673"},"geometry":{"type":"Polygon","coordinates":[[[-115.153823,36.164652],[-115.153862,36.164778],[-115.153853,36.164778],[-115.153845,36.164777],[-115.153841,36.164774],[-115.153838,36.164761],[-115.153828,36.164728],[-115.153821,36.164704],[-115.153808,36.164661],[-115.153811,36.164655],[-115.153816,36.164653],[-115.153823,36.164652]]]}},{"type":"Feature","properties":{"kind":"vegetation","name":null,"osm":"way/1411448911"},"geometry":{"type":"Polygon","coordinates":[[[-115.15283,36.166199],[-115.152857,36.166187],[-115.152849,36.166176],[-115.15282,36.166136],[-115.152785,36.166079],[-115.152757,36.166023],[-115.15273,36.165965],[-115.152707,36.165902],[-115.152687,36.165841],[-115.152676,36.165789],[-115.152666,36.165737],[-115.15266,36.165689],[-115.152655,36.165643],[-115.152655,36.165586],[-115.152657,36.165537],[-115.152661,36.165478],[-115.152668,36.165432],[-115.152679,36.165379],[-115.152694,36.165318],[-115.15271,36.165268],[-115.152725,36.165227],[-115.152745,36.165185],[-115.152767,36.165135],[-115.152792,36.165089],[-115.152816,36.165049],[-115.152836,36.165017],[-115.152869,36.164972],[-115.152884,36.164952],[-115.152887,36.164944],[-115.15289,36.16493],[-115.152887,36.164918],[-115.152882,36.164909],[-115.152871,36.164898],[-115.152862,36.164892],[-115.15285,36.164886],[-115.152843,36.164887],[-115.152832,36.164889],[-115.152797,36.164937],[-115.152789,36.16496],[-115.152782,36.164981],[-115.152768,36.165003],[-115.152755,36.165025],[-115.152731,36.165062],[-115.15272,36.165079],[-115.152701,36.165109],[-115.152684,36.165129],[-115.152668,36.165139],[-115.152658,36.165143],[-115.152656,36.165144],[-115.152653,36.165152],[-115.152654,36.165159],[-115.152709,36.165174],[-115.152701,36.165196],[-115.152687,36.165237],[-115.152672,36.165278],[-115.152662,36.165307],[-115.152652,36.165345],[-115.152643,36.165385],[-115.152635,36.16542],[-115.15263,36.165445],[-115.152627,36.165475],[-115.152625,36.165509],[-115.152624,36.165544],[-115.152623,36.16558],[-115.152622,36.165622],[-115.152624,36.165666],[-115.152573,36.165666],[-115.152565,36.165669],[-115.152559,36.165674],[-115.152579,36.1658],[-115.152581,36.165812],[-115.152585,36.165819],[-115.152591,36.165825],[-115.15265,36.165815],[-115.152664,36.165864],[-115.152677,36.165905],[-115.15269,36.16594],[-115.15264,36.165953],[-115.152651,36.165977],[-115.152696,36.165966],[-115.152708,36.165987],[-115.152723,36.166015],[-115.152783,36.166126],[-115.152818,36.166182],[-115.15283,36.166199]]]}},{"type":"Feature","properties":{"kind":"vegetation","name":null,"osm":"way/1411448929"},"geometry":{"type":"Polygon","coordinates":[[[-115.15188,36.166326],[-115.15186,36.16632],[-115.151849,36.166321],[-115.151839,36.166324],[-115.151833,36.166328],[-115.151829,36.166333],[-115.151785,36.166405],[-115.152033,36.166513],[-115.152047,36.166491],[-115.152054,36.16648],[-115.152045,36.16647],[-115.15203,36.166451],[-115.152011,36.166428],[-115.151949,36.166453],[-115.151915,36.166394],[-115.151883,36.166336],[-115.15188,36.166326]]]}},{"type":"Feature","properties":{"kind":"vegetation","name":null,"osm":"way/1411449636"},"geometry":{"type":"Polygon","coordinates":[[[-115.15415,36.166659],[-115.154126,36.166647],[-115.154102,36.166639],[-115.154098,36.166638],[-115.154062,36.166631],[-115.15401,36.166627],[-115.153966,36.16663],[-115.153916,36.166636],[-115.153866,36.166641],[-115.15382,36.166642],[-115.153764,36.166638],[-115.153682,36.166628],[-115.153654,36.166625],[-115.153641,36.166627],[-115.153633,36.166631],[-115.153631,36.166637],[-115.153631,36.166641],[-115.153632,36.16665],[-115.153638,36.166665],[-115.15365,36.166687],[-115.153657,36.166696],[-115.15367,36.166704],[-115.153683,36.166691],[-115.153686,36.166693],[-115.153697,36.166697],[-115.153713,36.166701],[-115.153745,36.166702],[-115.153966,36.166675],[-115.15415,36.166659]]]}},{"type":"Feature","properties":{"kind":"vegetation","name":null,"osm":"way/1411449637"},"geometry":{"type":"Polygon","coordinates":[[[-115.153736,36.166551],[-115.153752,36.166574],[-115.153878,36.166516],[-115.153912,36.166563],[-115.153946,36.166547],[-115.153968,36.166576],[-115.153952,36.166583],[-115.153915,36.166592],[-115.153874,36.166601],[-115.153837,36.166603],[-115.153789,36.1666],[-115.153773,36.166599],[-115.153737,36.166596],[-115.153682,36.166586],[-115.153669,36.166583],[-115.153736,36.166551]]]}},{"type":"Feature","properties":{"kind":"vegetation","name":null,"osm":"way/1411449747"},"geometry":{"type":"Polygon","coordinates":[[[-115.153104,36.166139],[-115.152988,36.166209],[-115.153031,36.166256],[-115.15304,36.16625],[-115.153047,36.166257],[-115.153038,36.166262],[-115.153072,36.166298],[-115.153101,36.166324],[-115.153137,36.166356],[-115.153175,36.166386],[-115.153211,36.166412],[-115.153247,36.166436],[-115.153285,36.166461],[-115.15333,36.166488],[-115.153365,36.166506],[-115.153416,36.166527],[-115.15345,36.166536],[-115.153495,36.166547],[-115.153524,36.166551],[-115.153565,36.166555],[-115.153612,36.166561],[-115.153635,36.166564],[-115.153643,36.166563],[-115.153659,36.166556],[-115.153655,36.166551],[-115.153533,36.166384],[-115.153476,36.166306],[-115.153401,36.166203],[-115.153337,36.166236],[-115.153278,36.166266],[-115.153219,36.166296],[-115.153104,36.166139]]]}},{"type":"Feature","properties":{"kind":"vegetation","name":null,"osm":"way/1411449833"},"geometry":{"type":"Polygon","coordinates":[[[-115.152754,36.165608],[-115.152758,36.165663],[-115.152765,36.165733],[-115.152773,36.165775],[-115.152792,36.165846],[-115.152813,36.16591],[-115.152831,36.165953],[-115.152856,36.166007],[-115.15288,36.166052],[-115.152906,36.166095],[-115.153034,36.166048],[-115.152919,36.165889],[-115.152777,36.165693],[-115.152841,36.165663],[-115.15282,36.165635],[-115.152802,36.165616],[-115.15279,36.165606],[-115.152778,36.165603],[-115.152767,36.165603],[-115.152759,36.165605],[-115.152754,36.165608]]]}},{"type":"Feature","properties":{"kind":"vegetation","name":null,"osm":"way/1411449834"},"geometry":{"type":"Polygon","coordinates":[[[-115.153157,36.166651],[-115.153168,36.166638],[-115.153212,36.166589],[-115.153219,36.166574],[-115.153219,36.166557],[-115.153215,36.16654],[-115.153207,36.166522],[-115.153197,36.166509],[-115.153172,36.166489],[-115.15306,36.166407],[-115.153001,36.166352],[-115.152956,36.166306],[-115.152912,36.166258],[-115.152884,36.166223],[-115.152869,36.166203],[-115.152843,36.166217],[-115.152846,36.16622],[-115.15289,36.166271],[-115.152933,36.166321],[-115.152977,36.166367],[-115.153038,36.166422],[-115.1531,36.166472],[-115.153197,36.166537],[-115.153154,36.166582],[-115.153074,36.166664],[-115.153068,36.166674],[-115.153072,36.16668],[-115.153086,36.166687],[-115.1531,36.16669],[-115.153112,36.166688],[-115.153127,36.16668],[-115.153157,36.166651]]]}},{"type":"Feature","properties":{"kind":"vegetation","name":null,"osm":"way/1411450212"},"geometry":{"type":"Polygon","coordinates":[[[-115.155174,36.164345],[-115.155108,36.164443],[-115.155103,36.164444],[-115.155097,36.164442],[-115.155086,36.164435],[-115.155081,36.164428],[-115.155078,36.164421],[-115.155078,36.164413],[-115.155083,36.164405],[-115.15514,36.164342],[-115.15515,36.164337],[-115.155161,36.164336],[-115.155168,36.164337],[-115.155172,36.164339],[-115.155174,36.164345]]]}},{"type":"Feature","properties":{"kind":"vegetation","name":null,"osm":"way/1411450213"},"geometry":{"type":"Polygon","coordinates":[[[-115.155561,36.164506],[-115.155492,36.164613],[-115.155501,36.164616],[-115.155511,36.164616],[-115.155522,36.164614],[-115.155529,36.164612],[-115.155535,36.164606],[-115.155577,36.16454],[-115.155581,36.164532],[-115.15558,36.164522],[-115.155574,36.164513],[-115.155567,36.164508],[-115.155561,36.164506]]]}},{"type":"Feature","properties":{"kind":"vegetation","name":null,"osm":"way/1411450214"},"geometry":{"type":"Polygon","coordinates":[[[-115.155668,36.164337],[-115.155601,36.164442],[-115.155613,36.164445],[-115.155621,36.164446],[-115.15563,36.164446],[-115.155638,36.164442],[-115.155644,36.164436],[-115.155688,36.164371],[-115.155692,36.164362],[-115.15569,36.164353],[-115.155685,36.164344],[-115.155678,36.164338],[-115.15567,36.164334],[-115.155668,36.164337]]]}},{"type":"Feature","properties":{"kind":"vegetation","name":null,"osm":"way/1411450215"},"geometry":{"type":"Polygon","coordinates":[[[-115.155314,36.164185],[-115.155247,36.164289],[-115.155234,36.164282],[-115.155226,36.164275],[-115.155221,36.164267],[-115.155221,36.164259],[-115.155225,36.164252],[-115.155233,36.164241],[-115.155279,36.16419],[-115.155288,36.164184],[-115.155296,36.164182],[-115.155304,36.164182],[-115.15531,36.164183],[-115.155314,36.164185]]]}},{"type":"Feature","properties":{"kind":"vegetation","name":null,"osm":"way/1411450216"},"geometry":{"type":"Polygon","coordinates":[[[-115.155776,36.164174],[-115.155718,36.164263],[-115.155715,36.164269],[-115.155715,36.164272],[-115.155718,36.164275],[-115.155723,36.164277],[-115.155733,36.164277],[-115.155741,36.164277],[-115.155748,36.164273],[-115.155755,36.164269],[-115.155762,36.164258],[-115.155803,36.164199],[-115.155805,36.164192],[-115.155805,36.164185],[-115.155801,36.164179],[-115.155797,36.164173],[-115.155792,36.164169],[-115.155785,36.164168],[-115.155779,36.164169],[-115.155776,36.164174]]]}},{"type":"Feature","properties":{"kind":"vegetation","name":null,"osm":"way/1411450217"},"geometry":{"type":"Polygon","coordinates":[[[-115.155458,36.164037],[-115.155399,36.164126],[-115.155396,36.16413],[-115.155393,36.164131],[-115.155388,36.164131],[-115.155382,36.164128],[-115.155367,36.164118],[-115.155364,36.164113],[-115.155364,36.164105],[-115.155364,36.164099],[-115.155369,36.164094],[-115.155375,36.164086],[-115.15542,36.164037],[-115.155428,36.16403],[-115.155438,36.164026],[-115.155446,36.164024],[-115.155453,36.164025],[-115.155457,36.164027],[-115.155458,36.164031],[-115.155458,36.164034],[-115.155458,36.164037]]]}},{"type":"Feature","properties":{"kind":"vegetation","name":null,"osm":"way/1411450218"},"geometry":{"type":"Polygon","coordinates":[[[-115.155888,36.164001],[-115.155884,36.164007],[-115.155826,36.164094],[-115.155825,36.164102],[-115.155828,36.164105],[-115.155836,36.164107],[-115.155846,36.164108],[-115.155858,36.164105],[-115.155863,36.164102],[-115.155871,36.164094],[-115.155915,36.164027],[-115.155916,36.16402],[-115.155914,36.164011],[-115.155907,36.164002],[-115.155902,36.163998],[-115.155898,36.163997],[-115.155894,36.163997],[-115.155888,36.164001]]]}},{"type":"Feature","properties":{"kind":"vegetation","name":null,"osm":"way/1411450219"},"geometry":{"type":"Polygon","coordinates":[[[-115.155595,36.163867],[-115.155601,36.163869],[-115.155602,36.163872],[-115.155602,36.163875],[-115.155601,36.16388],[-115.155599,36.163883],[-115.155541,36.16397],[-115.155538,36.163974],[-115.15553,36.163975],[-115.155521,36.16397],[-115.15551,36.163961],[-115.155507,36.163953],[-115.155507,36.163945],[-115.15551,36.163938],[-115.155515,36.163933],[-115.15557,36.163874],[-115.155577,36.16387],[-115.155584,36.163868],[-115.155592,36.163867],[-115.155595,36.163867]]]}},{"type":"Feature","properties":{"kind":"vegetation","name":null,"osm":"way/1411450220"},"geometry":{"type":"Polygon","coordinates":[[[-115.155656,36.16378],[-115.155694,36.163799],[-115.155686,36.16381],[-115.155681,36.163818],[-115.155678,36.16382],[-115.155673,36.163819],[-115.155658,36.16381],[-115.155651,36.163802],[-115.155649,36.163796],[-115.155649,36.16379],[-115.155656,36.16378]]]}},{"type":"Feature","properties":{"kind":"vegetation","name":null,"osm":"way/1411450221"},"geometry":{"type":"Polygon","coordinates":[[[-115.155746,36.163722],[-115.155745,36.163725],[-115.155711,36.163773],[-115.155675,36.163759],[-115.15571,36.163722],[-115.155722,36.163714],[-115.15573,36.163712],[-115.155739,36.163713],[-115.155744,36.163714],[-115.155746,36.163717],[-115.155746,36.163722]]]}},{"type":"Feature","properties":{"kind":"vegetation","name":null,"osm":"way/1411450222"},"geometry":{"type":"Polygon","coordinates":[[[-115.155999,36.163832],[-115.155995,36.163838],[-115.155937,36.163922],[-115.155937,36.163932],[-115.155941,36.163935],[-115.15595,36.163937],[-115.155959,36.163937],[-115.155967,36.163934],[-115.155974,36.16393],[-115.155985,36.163919],[-115.156024,36.163859],[-115.156026,36.163851],[-115.156024,36.163843],[-115.15602,36.163835],[-115.156011,36.163829],[-115.156005,36.163829],[-115.155999,36.163832]]]}},{"type":"Feature","properties":{"kind":"vegetation","name":null,"osm":"way/1411450223"},"geometry":{"type":"Polygon","coordinates":[[[-115.15611,36.16366],[-115.156106,36.163664],[-115.156051,36.16375],[-115.156048,36.163756],[-115.15605,36.163764],[-115.156055,36.163765],[-115.156065,36.163765],[-115.156076,36.163764],[-115.156084,36.163762],[-115.156089,36.163757],[-115.156095,36.16375],[-115.156135,36.16369],[-115.156136,36.163679],[-115.156133,36.163667],[-115.156127,36.163661],[-115.15612,36.163657],[-115.15611,36.16366]]]}},{"type":"Feature","properties":{"kind":"vegetation","name":null,"osm":"way/1411450224"},"geometry":{"type":"Polygon","coordinates":[[[-115.155887,36.163568],[-115.155885,36.163572],[-115.15583,36.163658],[-115.155823,36.163663],[-115.155815,36.163663],[-115.155807,36.163659],[-115.155796,36.16365],[-115.155793,36.163642],[-115.155794,36.163631],[-115.1558,36.163621],[-115.155858,36.163562],[-115.155868,36.163557],[-115.155877,36.163557],[-115.155884,36.163557],[-115.155887,36.16356],[-115.155887,36.163568]]]}},{"type":"Feature","properties":{"kind":"vegetation","name":null,"osm":"way/1411450225"},"geometry":{"type":"Polygon","coordinates":[[[-115.156229,36.163493],[-115.156239,36.163502],[-115.156244,36.163511],[-115.156242,36.16352],[-115.156239,36.163528],[-115.156192,36.163597],[-115.156181,36.163601],[-115.156168,36.163602],[-115.156161,36.163601],[-115.156156,36.163597],[-115.156155,36.163592],[-115.156158,36.163586],[-115.156215,36.163502],[-115.156217,36.163498],[-115.156223,36.163493],[-115.156229,36.163493]]]}},{"type":"Feature","properties":{"kind":"vegetation","name":null,"osm":"way/1411450226"},"geometry":{"type":"Polygon","coordinates":[[[-115.156003,36.163408],[-115.155935,36.163478],[-115.155934,36.16349],[-115.155936,36.163499],[-115.155944,36.163506],[-115.155951,36.16351],[-115.155958,36.163511],[-115.155962,36.163509],[-115.155966,36.163502],[-115.156023,36.163418],[-115.15603,36.163406],[-115.156014,36.163405],[-115.156003,36.163408]]]}},{"type":"Feature","properties":{"kind":"vegetation","name":null,"osm":"way/1411450603"},"geometry":{"type":"Polygon","coordinates":[[[-115.154822,36.164719],[-115.15484,36.16479],[-115.15485,36.164819],[-115.154867,36.164851],[-115.154886,36.164873],[-115.154916,36.164902],[-115.154936,36.164918],[-115.154944,36.16493],[-115.154945,36.164941],[-115.154936,36.164955],[-115.154921,36.164962],[-115.154875,36.164979],[-115.154794,36.165002],[-115.154777,36.165019],[-115.154774,36.165038],[-115.15478,36.165057],[-115.154798,36.165073],[-115.154817,36.165083],[-115.154843,36.16509],[-115.154864,36.165093],[-115.154914,36.165099],[-115.154936,36.16511],[-115.154949,36.165123],[-115.154951,36.165139],[-115.154944,36.165173],[-115.154951,36.165201],[-115.15497,36.16522],[-115.154999,36.165227],[-115.155061,36.165233],[-115.155094,36.165241],[-115.155106,36.165254],[-115.15511,36.165267],[-115.15511,36.16528],[-115.155101,36.16529],[-115.155084,36.165296],[-115.155052,36.165296],[-115.155022,36.1653],[-115.155008,36.16531],[-115.154999,36.165329],[-115.155002,36.165353],[-115.155011,36.165363],[-115.155033,36.165374],[-115.155061,36.165384],[-115.155067,36.165399],[-115.155063,36.165412],[-115.155057,36.165419],[-115.155045,36.165427],[-115.155023,36.165435],[-115.154988,36.165445],[-115.154937,36.165463],[-115.154927,36.165478],[-115.154921,36.165493],[-115.154921,36.165528],[-115.154886,36.165515],[-115.154863,36.165495],[-115.154848,36.165464],[-115.154829,36.1654],[-115.154797,36.165335],[-115.154749,36.165263],[-115.154709,36.165217],[-115.154661,36.165168],[-115.154675,36.165157],[-115.154657,36.165144],[-115.154645,36.165154],[-115.154614,36.165131],[-115.154572,36.165103],[-115.154542,36.165082],[-115.154528,36.165067],[-115.154521,36.165051],[-115.15452,36.165037],[-115.154523,36.165016],[-115.154532,36.164998],[-115.154552,36.164979],[-115.154709,36.164811],[-115.154779,36.164736],[-115.154802,36.164712],[-115.154818,36.164723],[-115.154822,36.164719]]]}},{"type":"Feature","properties":{"kind":"vegetation","name":null,"osm":"way/1411450604"},"geometry":{"type":"Polygon","coordinates":[[[-115.154944,36.165528],[-115.154946,36.165507],[-115.154948,36.165486],[-115.154956,36.165476],[-115.154969,36.165469],[-115.154989,36.165464],[-115.155053,36.165447],[-115.155071,36.16544],[-115.155083,36.16543],[-115.155091,36.165419],[-115.155096,36.16541],[-115.155096,36.1654],[-115.155094,36.165392],[-115.155088,36.16538],[-115.155059,36.165366],[-115.155029,36.16535],[-115.155024,36.165343],[-115.155023,36.165334],[-115.155027,36.165323],[-115.155039,36.165316],[-115.155058,36.165315],[-115.155083,36.165312],[-115.155109,36.165308],[-115.155121,36.165302],[-115.155133,36.165289],[-115.15514,36.165275],[-115.155137,36.165257],[-115.155126,36.165237],[-115.155107,36.165223],[-115.155091,36.165218],[-115.155066,36.165214],[-115.155019,36.165208],[-115.154988,36.165204],[-115.154979,36.165196],[-115.154975,36.165185],[-115.154974,36.165172],[-115.154978,36.165132],[-115.154975,36.165116],[-115.154968,36.165103],[-115.154956,36.165095],[-115.154942,36.165089],[-115.154927,36.165085],[-115.154889,36.165078],[-115.154847,36.165074],[-115.15483,36.165069],[-115.154814,36.165061],[-115.154801,36.165048],[-115.154798,36.165038],[-115.154799,36.16503],[-115.154801,36.165023],[-115.154806,36.165016],[-115.154818,36.16501],[-115.154839,36.165004],[-115.15492,36.164982],[-115.154937,36.164973],[-115.154953,36.164962],[-115.15496,36.164954],[-115.154966,36.164942],[-115.154965,36.16493],[-115.154961,36.164918],[-115.154952,36.164908],[-115.154929,36.164884],[-115.154909,36.164866],[-115.154888,36.164838],[-115.154871,36.164802],[-115.154858,36.164762],[-115.154841,36.16471],[-115.154854,36.164707],[-115.154872,36.164707],[-115.154888,36.16471],[-115.155017,36.164766],[-115.155077,36.164792],[-115.155387,36.164926],[-115.155431,36.164944],[-115.155422,36.164956],[-115.155447,36.165013],[-115.155443,36.165016],[-115.155449,36.165021],[-115.155453,36.165032],[-115.155428,36.165071],[-115.155374,36.165123],[-115.155286,36.165221],[-115.155199,36.16537],[-115.155156,36.165462],[-115.155082,36.165497],[-115.155081,36.165529],[-115.154944,36.165528]]]}},{"type":"Feature","properties":{"kind":"vegetation","name":null,"osm":"way/1411466012"},"geometry":{"type":"Polygon","coordinates":[[[-115.156263,36.163814],[-115.15625,36.163808],[-115.156242,36.163819],[-115.156256,36.163825],[-115.156263,36.163814]]]}},{"type":"Feature","properties":{"kind":"vegetation","name":null,"osm":"way/1411466013"},"geometry":{"type":"Polygon","coordinates":[[[-115.15621,36.163893],[-115.156197,36.163887],[-115.156189,36.163898],[-115.156203,36.163904],[-115.15621,36.163893]]]}},{"type":"Feature","properties":{"kind":"vegetation","name":null,"osm":"way/1411466014"},"geometry":{"type":"Polygon","coordinates":[[[-115.156158,36.163971],[-115.156145,36.163965],[-115.156137,36.163976],[-115.156151,36.163982],[-115.156158,36.163971]]]}},{"type":"Feature","properties":{"kind":"vegetation","name":null,"osm":"way/1411466015"},"geometry":{"type":"Polygon","coordinates":[[[-115.156106,36.16405],[-115.156092,36.164044],[-115.156084,36.164055],[-115.156098,36.164061],[-115.156106,36.16405]]]}},{"type":"Feature","properties":{"kind":"vegetation","name":null,"osm":"way/1411466016"},"geometry":{"type":"Polygon","coordinates":[[[-115.156053,36.164128],[-115.15604,36.164122],[-115.156032,36.164133],[-115.156046,36.164139],[-115.156053,36.164128]]]}},{"type":"Feature","properties":{"kind":"vegetation","name":null,"osm":"way/1411466017"},"geometry":{"type":"Polygon","coordinates":[[[-115.156001,36.164207],[-115.155987,36.164201],[-115.155979,36.164212],[-115.155993,36.164218],[-115.156001,36.164207]]]}},{"type":"Feature","properties":{"kind":"vegetation","name":null,"osm":"way/1411466018"},"geometry":{"type":"Polygon","coordinates":[[[-115.155948,36.164286],[-115.155935,36.16428],[-115.155927,36.164291],[-115.155941,36.164297],[-115.155948,36.164286]]]}},{"type":"Feature","properties":{"kind":"vegetation","name":null,"osm":"way/1411466019"},"geometry":{"type":"Polygon","coordinates":[[[-115.155896,36.164364],[-115.155882,36.164358],[-115.155875,36.164369],[-115.155888,36.164375],[-115.155896,36.164364]]]}},{"type":"Feature","properties":{"kind":"vegetation","name":null,"osm":"way/1411466020"},"geometry":{"type":"Polygon","coordinates":[[[-115.155844,36.164443],[-115.15583,36.164437],[-115.155823,36.164448],[-115.155836,36.164454],[-115.155844,36.164443]]]}},{"type":"Feature","properties":{"kind":"vegetation","name":null,"osm":"way/1411466021"},"geometry":{"type":"Polygon","coordinates":[[[-115.155791,36.164522],[-115.155778,36.164516],[-115.15577,36.164527],[-115.155784,36.164533],[-115.155791,36.164522]]]}},{"type":"Feature","properties":{"kind":"vegetation","name":null,"osm":"way/1411466022"},"geometry":{"type":"Polygon","coordinates":[[[-115.155686,36.164679],[-115.155673,36.164673],[-115.155665,36.164684],[-115.155679,36.16469],[-115.155686,36.164679]]]}},{"type":"Feature","properties":{"kind":"vegetation","name":null,"osm":"way/1411466023"},"geometry":{"type":"Polygon","coordinates":[[[-115.155739,36.164601],[-115.155725,36.164595],[-115.155717,36.164606],[-115.155731,36.164612],[-115.155739,36.164601]]]}},{"type":"Feature","properties":{"kind":"vegetation","name":null,"osm":"way/1411466024"},"geometry":{"type":"Polygon","coordinates":[[[-115.156316,36.163735],[-115.156302,36.163729],[-115.156294,36.16374],[-115.156308,36.163746],[-115.156316,36.163735]]]}},{"type":"Feature","properties":{"kind":"vegetation","name":null,"osm":"way/1411466025"},"geometry":{"type":"Polygon","coordinates":[[[-115.156368,36.163657],[-115.156354,36.16365],[-115.156347,36.163662],[-115.15636,36.163668],[-115.156368,36.163657]]]}},{"type":"Feature","properties":{"kind":"vegetation","name":null,"osm":"way/1411466026"},"geometry":{"type":"Polygon","coordinates":[[[-115.15642,36.163578],[-115.156407,36.163572],[-115.156399,36.163583],[-115.156413,36.163589],[-115.15642,36.163578]]]}},{"type":"Feature","properties":{"kind":"vegetation","name":null,"osm":"way/1411466126"},"geometry":{"type":"Polygon","coordinates":[[[-115.155241,36.165369],[-115.155226,36.165364],[-115.15522,36.165376],[-115.155235,36.165381],[-115.155241,36.165369]]]}},{"type":"Feature","properties":{"kind":"vegetation","name":null,"osm":"way/1411466127"},"geometry":{"type":"Polygon","coordinates":[[[-115.15528,36.165299],[-115.155266,36.165294],[-115.155259,36.165305],[-115.155273,36.16531],[-115.15528,36.165299]]]}},{"type":"Feature","properties":{"kind":"vegetation","name":null,"osm":"way/1411466128"},"geometry":{"type":"Polygon","coordinates":[[[-115.155328,36.165223],[-115.155315,36.165217],[-115.155307,36.165228],[-115.15532,36.165234],[-115.155328,36.165223]]]}},{"type":"Feature","properties":{"kind":"vegetation","name":null,"osm":"way/1411466129"},"geometry":{"type":"Polygon","coordinates":[[[-115.155391,36.165154],[-115.155379,36.165147],[-115.155369,36.165157],[-115.155382,36.165164],[-115.155391,36.165154]]]}},{"type":"Feature","properties":{"kind":"vegetation","name":null,"osm":"way/1411466327"},"geometry":{"type":"Polygon","coordinates":[[[-115.155103,36.166253],[-115.155087,36.166253],[-115.155088,36.166266],[-115.155104,36.166265],[-115.155103,36.166253]]]}},{"type":"Feature","properties":{"kind":"vegetation","name":null,"osm":"way/1411466328"},"geometry":{"type":"Polygon","coordinates":[[[-115.155095,36.166162],[-115.155079,36.166163],[-115.15508,36.166176],[-115.155096,36.166175],[-115.155095,36.166162]]]}},{"type":"Feature","properties":{"kind":"vegetation","name":null,"osm":"way/1411466329"},"geometry":{"type":"Polygon","coordinates":[[[-115.155092,36.166072],[-115.155077,36.166072],[-115.155077,36.166085],[-115.155092,36.166085],[-115.155092,36.166072]]]}},{"type":"Feature","properties":{"kind":"vegetation","name":null,"osm":"way/1411466330"},"geometry":{"type":"Polygon","coordinates":[[[-115.155089,36.165983],[-115.155073,36.165983],[-115.155073,36.165996],[-115.155089,36.165996],[-115.155089,36.165983]]]}},{"type":"Feature","properties":{"kind":"vegetation","name":null,"osm":"way/1411466331"},"geometry":{"type":"Polygon","coordinates":[[[-115.155088,36.165897],[-115.155073,36.165897],[-115.155072,36.165909],[-115.155087,36.16591],[-115.155088,36.165897]]]}},{"type":"Feature","properties":{"kind":"vegetation","name":null,"osm":"way/1411466332"},"geometry":{"type":"Polygon","coordinates":[[[-115.155099,36.165806],[-115.155084,36.165805],[-115.155083,36.165818],[-115.155098,36.165819],[-115.155099,36.165806]]]}},{"type":"Feature","properties":{"kind":"vegetation","name":null,"osm":"way/1416399091"},"geometry":{"type":"Polygon","coordinates":[[[-115.163449,36.106917],[-115.163446,36.107249],[-115.163185,36.107248],[-115.163187,36.106916],[-115.163449,36.106917]]]}},{"type":"Feature","properties":{"kind":"vegetation","name":null,"osm":"way/1420625533"},"geometry":{"type":"Polygon","coordinates":[[[-115.140629,36.110612],[-115.140629,36.110593],[-115.140603,36.110592],[-115.140577,36.11059],[-115.140555,36.110585],[-115.140523,36.110579],[-115.140525,36.110618],[-115.140629,36.110612]]]}},{"type":"Feature","properties":{"kind":"vegetation","name":null,"osm":"way/1420625534"},"geometry":{"type":"Polygon","coordinates":[[[-115.140502,36.110572],[-115.140484,36.110567],[-115.140453,36.110565],[-115.140423,36.110568],[-115.140391,36.110578],[-115.140393,36.110629],[-115.140501,36.110625],[-115.140502,36.110572]]]}},{"type":"Feature","properties":{"kind":"vegetation","name":null,"osm":"way/1420625535"},"geometry":{"type":"Polygon","coordinates":[[[-115.140221,36.110631],[-115.140372,36.110626],[-115.140371,36.110585],[-115.140368,36.110582],[-115.140361,36.110581],[-115.140353,36.110582],[-115.140332,36.110592],[-115.140321,36.110594],[-115.140305,36.110596],[-115.140289,36.110594],[-115.140275,36.110591],[-115.140258,36.110584],[-115.140247,36.110577],[-115.140237,36.110576],[-115.140231,36.110578],[-115.140226,36.110582],[-115.140222,36.110586],[-115.14022,36.11059],[-115.140221,36.110631]]]}},{"type":"Feature","properties":{"kind":"vegetation","name":null,"osm":"way/1420625536"},"geometry":{"type":"Polygon","coordinates":[[[-115.140002,36.110642],[-115.140201,36.110633],[-115.1402,36.110593],[-115.140189,36.110584],[-115.14017,36.110579],[-115.140159,36.11058],[-115.140146,36.110587],[-115.140133,36.110596],[-115.140121,36.110604],[-115.140109,36.110611],[-115.140093,36.110617],[-115.140072,36.110623],[-115.140059,36.110625],[-115.140042,36.110624],[-115.140024,36.110621],[-115.140015,36.11062],[-115.140007,36.11062],[-115.140004,36.110622],[-115.140001,36.110627],[-115.140002,36.110642]]]}},{"type":"Feature","properties":{"kind":"vegetation","name":null,"osm":"way/1421233546"},"geometry":{"type":"Polygon","coordinates":[[[-115.171635,36.122647],[-115.171232,36.123271],[-115.171529,36.123426],[-115.171669,36.123499],[-115.17233,36.123508],[-115.172333,36.123541],[-115.171731,36.123542],[-115.171224,36.123366],[-115.17114,36.123297],[-115.171223,36.123181],[-115.171175,36.123064],[-115.171184,36.123025],[-115.171225,36.123018],[-115.171227,36.123003],[-115.171325,36.122997],[-115.171389,36.1229],[-115.17148,36.12281],[-115.17147,36.122723],[-115.171499,36.122647],[-115.17159,36.122638],[-115.171635,36.122647]]]}},{"type":"Feature","properties":{"kind":"vegetation","name":null,"osm":"way/1421481091"},"geometry":{"type":"Polygon","coordinates":[[[-115.173407,36.10636],[-115.173365,36.10637],[-115.173363,36.106391],[-115.173334,36.106382],[-115.173318,36.106368],[-115.173299,36.106351],[-115.173287,36.106316],[-115.173285,36.106288],[-115.173286,36.106062],[-115.173294,36.106036],[-115.173315,36.106008],[-115.173349,36.105995],[-115.173381,36.105994],[-115.173412,36.106073],[-115.173417,36.106158],[-115.173382,36.10617],[-115.173375,36.106189],[-115.173369,36.106217],[-115.173366,36.106245],[-115.173374,36.106285],[-115.173387,36.10633],[-115.173407,36.10636]]]}},{"type":"Feature","properties":{"kind":"vegetation","name":null,"osm":"way/1421481093"},"geometry":{"type":"Polygon","coordinates":[[[-115.174258,36.106824],[-115.174264,36.106819],[-115.174264,36.106816],[-115.174143,36.106775],[-115.174126,36.106776],[-115.17411,36.106784],[-115.174095,36.106798],[-115.174088,36.106811],[-115.17409,36.106833],[-115.1741,36.106843],[-115.174119,36.106849],[-115.17415,36.106847],[-115.174258,36.106824]]]}},{"type":"Feature","properties":{"kind":"vegetation","name":null,"osm":"way/1421481094"},"geometry":{"type":"Polygon","coordinates":[[[-115.173589,36.106876],[-115.173597,36.106857],[-115.173445,36.106814],[-115.173409,36.106812],[-115.173378,36.106815],[-115.173349,36.106825],[-115.173325,36.106844],[-115.173313,36.106867],[-115.173302,36.107026],[-115.173305,36.107202],[-115.173293,36.107297],[-115.173271,36.107367],[-115.173263,36.107415],[-115.173262,36.107679],[-115.173284,36.107682],[-115.173284,36.107718],[-115.173264,36.10772],[-115.173261,36.108205],[-115.173276,36.108205],[-115.173275,36.10823],[-115.173263,36.108231],[-115.173256,36.108344],[-115.173274,36.108364],[-115.173275,36.108463],[-115.17326,36.108463],[-115.173256,36.108515],[-115.173275,36.108516],[-115.17327,36.108607],[-115.173257,36.108607],[-115.173258,36.108625],[-115.173277,36.108693],[-115.173285,36.108714],[-115.173326,36.108719],[-115.173327,36.108792],[-115.173381,36.108857],[-115.173424,36.108893],[-115.173411,36.108814],[-115.173375,36.108794],[-115.173373,36.108764],[-115.173378,36.108718],[-115.173367,36.108692],[-115.17335,36.108654],[-115.173331,36.108629],[-115.173346,36.108594],[-115.173359,36.108525],[-115.173359,36.108484],[-115.173351,36.108452],[-115.173364,36.108417],[-115.173344,36.108382],[-115.173325,36.108331],[-115.173309,36.108291],[-115.173286,36.108199],[-115.173282,36.108102],[-115.173281,36.108033],[-115.173433,36.107991],[-115.173449,36.10795],[-115.173453,36.107906],[-115.173445,36.107889],[-115.173426,36.107861],[-115.173398,36.107827],[-115.173358,36.107792],[-115.173308,36.107759],[-115.173336,36.107726],[-115.173328,36.107711],[-115.17331,36.10767],[-115.1733,36.107633],[-115.173298,36.107583],[-115.173301,36.107532],[-115.173314,36.107493],[-115.173353,36.107424],[-115.173372,36.107405],[-115.173344,36.107338],[-115.173365,36.107206],[-115.173377,36.107181],[-115.173381,36.107148],[-115.173354,36.107082],[-115.173371,36.106967],[-115.173374,36.106918],[-115.173401,36.106889],[-115.173437,36.106874],[-115.173474,36.106874],[-115.173509,36.106888],[-115.173523,36.106891],[-115.173544,36.106885],[-115.173564,36.106879],[-115.173589,36.106876]]]}},{"type":"Feature","properties":{"kind":"vegetation","name":null,"osm":"way/1423706369"},"geometry":{"type":"Polygon","coordinates":[[[-115.144964,36.124617],[-115.14497,36.124617],[-115.144954,36.124592],[-115.144851,36.124592],[-115.144837,36.124582],[-115.144837,36.124572],[-115.144802,36.124571],[-115.144802,36.124715],[-115.144824,36.124728],[-115.144964,36.124729],[-115.144964,36.124617]]]}},{"type":"Feature","properties":{"kind":"vegetation","name":null,"osm":"way/1424473303"},"geometry":{"type":"Polygon","coordinates":[[[-115.159571,36.132516],[-115.159506,36.132516],[-115.159493,36.132535],[-115.159558,36.132534],[-115.159571,36.132516]]]}},{"type":"Feature","properties":{"kind":"vegetation","name":null,"osm":"way/1424473304"},"geometry":{"type":"Polygon","coordinates":[[[-115.159805,36.132518],[-115.15974,36.132518],[-115.159726,36.132537],[-115.159792,36.132537],[-115.159805,36.132518]]]}},{"type":"Feature","properties":{"kind":"vegetation","name":null,"osm":"way/1424473305"},"geometry":{"type":"Polygon","coordinates":[[[-115.159705,36.132518],[-115.159605,36.132518],[-115.159592,36.132537],[-115.159692,36.132536],[-115.159705,36.132518]]]}},{"type":"Feature","properties":{"kind":"vegetation","name":null,"osm":"way/1424473306"},"geometry":{"type":"Polygon","coordinates":[[[-115.159068,36.132456],[-115.158839,36.132455],[-115.158826,36.132474],[-115.159054,36.132475],[-115.159068,36.132456]]]}},{"type":"Feature","properties":{"kind":"vegetation","name":null,"osm":"way/1424473307"},"geometry":{"type":"Polygon","coordinates":[[[-115.159201,36.132456],[-115.159101,36.132456],[-115.159089,36.132475],[-115.159188,36.132475],[-115.159201,36.132456]]]}},{"type":"Feature","properties":{"kind":"vegetation","name":null,"osm":"way/1424473308"},"geometry":{"type":"Polygon","coordinates":[[[-115.159336,36.132457],[-115.159236,36.132457],[-115.159223,36.132476],[-115.159323,36.132476],[-115.159336,36.132457]]]}},{"type":"Feature","properties":{"kind":"vegetation","name":null,"osm":"way/1424473309"},"geometry":{"type":"Polygon","coordinates":[[[-115.159472,36.132458],[-115.159372,36.132458],[-115.159359,36.132477],[-115.159459,36.132477],[-115.159472,36.132458]]]}},{"type":"Feature","properties":{"kind":"vegetation","name":null,"osm":"way/1424473310"},"geometry":{"type":"Polygon","coordinates":[[[-115.159608,36.132458],[-115.159508,36.132458],[-115.159495,36.132477],[-115.159595,36.132477],[-115.159608,36.132458]]]}},{"type":"Feature","properties":{"kind":"vegetation","name":null,"osm":"way/1424473311"},"geometry":{"type":"Polygon","coordinates":[[[-115.159742,36.132459],[-115.159642,36.132459],[-115.159629,36.132478],[-115.159729,36.132478],[-115.159742,36.132459]]]}},{"type":"Feature","properties":{"kind":"vegetation","name":null,"osm":"way/1424473312"},"geometry":{"type":"Polygon","coordinates":[[[-115.159878,36.13246],[-115.159778,36.13246],[-115.159766,36.132479],[-115.159865,36.132478],[-115.159878,36.13246]]]}},{"type":"Feature","properties":{"kind":"vegetation","name":null,"osm":"way/1428370222"},"geometry":{"type":"Polygon","coordinates":[[[-115.144864,36.111632],[-115.144907,36.111632],[-115.144907,36.111644],[-115.144902,36.111643],[-115.144897,36.11166],[-115.144893,36.11168],[-115.144892,36.111706],[-115.144894,36.111727],[-115.144897,36.111745],[-115.144907,36.111774],[-115.144913,36.111773],[-115.144913,36.111787],[-115.144764,36.11179],[-115.144764,36.111779],[-115.144763,36.111741],[-115.144782,36.111741],[-115.144813,36.111765],[-115.144813,36.111775],[-115.144893,36.111774],[-115.144882,36.111751],[-115.144878,36.111726],[-115.144876,36.111696],[-115.144878,36.111672],[-115.144882,36.111659],[-115.144882,36.111654],[-115.144863,36.111645],[-115.144864,36.111632]]]}},{"type":"Feature","properties":{"kind":"vegetation","name":null,"osm":"way/1428370223"},"geometry":{"type":"Polygon","coordinates":[[[-115.144807,36.111626],[-115.144807,36.111648],[-115.144782,36.111674],[-115.144742,36.111674],[-115.144742,36.111626],[-115.144807,36.111626]]]}},{"type":"Feature","properties":{"kind":"vegetation","name":null,"osm":"way/1428370228"},"geometry":{"type":"Polygon","coordinates":[[[-115.144507,36.111775],[-115.144434,36.111776],[-115.144433,36.111747],[-115.144506,36.111746],[-115.144507,36.111775]]]}},{"type":"Feature","properties":{"kind":"vegetation","name":null,"osm":"way/1428370231"},"geometry":{"type":"Polygon","coordinates":[[[-115.144457,36.111543],[-115.144468,36.111555],[-115.144482,36.111563],[-115.144661,36.111585],[-115.144698,36.111588],[-115.144725,36.111589],[-115.144716,36.111338],[-115.144445,36.111338],[-115.144451,36.111527],[-115.144457,36.111543]]]}},{"type":"Feature","properties":{"kind":"vegetation","name":null,"osm":"way/1428370274"},"geometry":{"type":"Polygon","coordinates":[[[-115.14531,36.111239],[-115.145357,36.111266],[-115.145358,36.111292],[-115.14539,36.111291],[-115.145387,36.111209],[-115.145032,36.111217],[-115.145003,36.111217],[-115.145003,36.111236],[-115.145217,36.111231],[-115.145217,36.111241],[-115.14531,36.111239]]]}},{"type":"Feature","properties":{"kind":"vegetation","name":null,"osm":"way/1429057982"},"geometry":{"type":"Polygon","coordinates":[[[-115.141719,36.106926],[-115.14172,36.106943],[-115.141728,36.106965],[-115.141769,36.107016],[-115.141822,36.106985],[-115.141798,36.106958],[-115.141776,36.106917],[-115.141719,36.106926]]]}},{"type":"Feature","properties":{"kind":"vegetation","name":null,"osm":"way/1429057983"},"geometry":{"type":"Polygon","coordinates":[[[-115.141703,36.106869],[-115.141702,36.106842],[-115.141765,36.10684],[-115.141766,36.106868],[-115.141703,36.106869]]]}},{"type":"Feature","properties":{"kind":"vegetation","name":null,"osm":"way/1429057984"},"geometry":{"type":"Polygon","coordinates":[[[-115.1417,36.106816],[-115.141764,36.106813],[-115.141763,36.106797],[-115.141699,36.1068],[-115.1417,36.106816]]]}},{"type":"Feature","properties":{"kind":"vegetation","name":null,"osm":"way/1431036973"},"geometry":{"type":"Polygon","coordinates":[[[-115.136986,36.107642],[-115.136986,36.10761],[-115.13698,36.107599],[-115.136959,36.10759],[-115.136928,36.107588],[-115.136898,36.107594],[-115.13688,36.107598],[-115.136832,36.107607],[-115.136799,36.10761],[-115.136756,36.107605],[-115.13674,36.10762],[-115.136739,36.107637],[-115.136751,36.107642],[-115.136798,36.107638],[-115.136835,36.107642],[-115.136986,36.107642]]]}},{"type":"Feature","properties":{"kind":"vegetation","name":"Campus Community Garden","osm":"way/1433139868"},"geometry":{"type":"Polygon","coordinates":[[[-115.144334,36.113541],[-115.144332,36.113952],[-115.144584,36.113949],[-115.144579,36.113547],[-115.144523,36.113546],[-115.144484,36.113563],[-115.144484,36.113579],[-115.144424,36.113581],[-115.144424,36.11356],[-115.144392,36.113542],[-115.144334,36.113541]]]}},{"type":"Feature","properties":{"kind":"vegetation","name":"College of Fine Arts Garden","osm":"way/1433139871"},"geometry":{"type":"Polygon","coordinates":[[[-115.139055,36.109476],[-115.138778,36.109489],[-115.138791,36.109676],[-115.138797,36.109754],[-115.139075,36.10974],[-115.139055,36.109476]]]}},{"type":"Feature","properties":{"kind":"vegetation","name":"Lee Pascal Memorial Rose Garden","osm":"way/1433139875"},"geometry":{"type":"Polygon","coordinates":[[[-115.139325,36.109317],[-115.139104,36.109328],[-115.139118,36.109513],[-115.13912,36.10952],[-115.139124,36.109524],[-115.139129,36.109527],[-115.139134,36.109528],[-115.139142,36.109527],[-115.139142,36.10953],[-115.139312,36.109523],[-115.139338,36.109495],[-115.139325,36.109317]]]}},{"type":"Feature","properties":{"kind":"vegetation","name":"Learning Garden","osm":"way/1433139876"},"geometry":{"type":"Polygon","coordinates":[[[-115.140407,36.108971],[-115.140419,36.109145],[-115.140391,36.109146],[-115.14032,36.109149],[-115.140322,36.109202],[-115.14059,36.109193],[-115.140894,36.10918],[-115.140863,36.10871],[-115.140732,36.108714],[-115.140396,36.108963],[-115.140407,36.108963],[-115.140407,36.108971]]]}},{"type":"Feature","properties":{"kind":"vegetation","name":"Student Recreation & Wellness Center Lawn","osm":"way/1433139882"},"geometry":{"type":"Polygon","coordinates":[[[-115.141531,36.102852],[-115.141636,36.102848],[-115.141634,36.102798],[-115.141639,36.102783],[-115.141649,36.102767],[-115.14166,36.102755],[-115.141679,36.102739],[-115.141717,36.102717],[-115.141775,36.10269],[-115.14182,36.102672],[-115.141866,36.10266],[-115.141919,36.102645],[-115.141972,36.10264],[-115.142051,36.102634],[-115.142091,36.102636],[-115.142141,36.10264],[-115.142184,36.102647],[-115.142233,36.10266],[-115.14224,36.102646],[-115.142389,36.102641],[-115.142475,36.10264],[-115.142494,36.102635],[-115.142515,36.102626],[-115.142528,36.102612],[-115.142535,36.102589],[-115.142528,36.102339],[-115.142423,36.102343],[-115.142422,36.102312],[-115.14211,36.102322],[-115.1421,36.102319],[-115.142097,36.102309],[-115.142088,36.102175],[-115.141525,36.102192],[-115.141534,36.102501],[-115.141516,36.102501],[-115.141531,36.102852]]]}},{"type":"Feature","properties":{"kind":"vegetation","name":null,"osm":"way/1433139883"},"geometry":{"type":"Polygon","coordinates":[[[-115.141661,36.109802],[-115.141635,36.109803],[-115.141634,36.10978],[-115.141659,36.109779],[-115.141661,36.109802]]]}},{"type":"Feature","properties":{"kind":"vegetation","name":null,"osm":"way/1433139884"},"geometry":{"type":"Polygon","coordinates":[[[-115.14167,36.109912],[-115.141644,36.109913],[-115.141643,36.109891],[-115.141669,36.10989],[-115.14167,36.109912]]]}},{"type":"Feature","properties":{"kind":"vegetation","name":"Tonopah Lawn","osm":"way/1433139885"},"geometry":{"type":"Polygon","coordinates":[[[-115.139287,36.104721],[-115.139311,36.104988],[-115.139343,36.10499],[-115.139368,36.104998],[-115.139384,36.105009],[-115.139398,36.105023],[-115.139402,36.105072],[-115.139414,36.105262],[-115.139785,36.10525],[-115.139783,36.105197],[-115.139811,36.105172],[-115.139794,36.104982],[-115.139811,36.10498],[-115.139807,36.104922],[-115.139768,36.104925],[-115.139738,36.104921],[-115.139707,36.104908],[-115.139687,36.10489],[-115.139633,36.104812],[-115.139621,36.104796],[-115.13956,36.10478],[-115.139511,36.104783],[-115.139481,36.104773],[-115.139442,36.104767],[-115.139407,36.104755],[-115.139372,36.104732],[-115.139341,36.104719],[-115.139304,36.104718],[-115.139287,36.104721]]]}},{"type":"Feature","properties":{"kind":"vegetation","name":"Warner Green","osm":"way/1433139891"},"geometry":{"type":"Polygon","coordinates":[[[-115.140419,36.103302],[-115.140424,36.103556],[-115.140582,36.103554],[-115.140582,36.103531],[-115.140695,36.103529],[-115.140693,36.103443],[-115.140735,36.103442],[-115.140734,36.103408],[-115.140772,36.103407],[-115.140771,36.103384],[-115.140799,36.103384],[-115.140798,36.103339],[-115.140845,36.103338],[-115.140846,36.103269],[-115.140833,36.103256],[-115.140835,36.103236],[-115.140825,36.103223],[-115.140419,36.103302]]]}},{"type":"Feature","properties":{"kind":"vegetation","name":null,"osm":"way/1435090039"},"geometry":{"type":"Polygon","coordinates":[[[-115.182943,36.180905],[-115.182946,36.180233],[-115.182521,36.180232],[-115.182518,36.180904],[-115.182943,36.180905]]]}},{"type":"Feature","properties":{"kind":"vegetation","name":null,"osm":"way/1435090040"},"geometry":{"type":"Polygon","coordinates":[[[-115.182406,36.180904],[-115.182408,36.180232],[-115.181983,36.180231],[-115.18198,36.180903],[-115.182406,36.180904]]]}},{"type":"Feature","properties":{"kind":"vegetation","name":null,"osm":"way/1435090041"},"geometry":{"type":"Polygon","coordinates":[[[-115.181873,36.180902],[-115.181874,36.180226],[-115.181661,36.180226],[-115.181659,36.180902],[-115.181873,36.180902]]]}},{"type":"Feature","properties":{"kind":"vegetation","name":null,"osm":"way/1442808494"},"geometry":{"type":"Polygon","coordinates":[[[-115.133122,36.105307],[-115.133129,36.104987],[-115.13293,36.104984],[-115.132922,36.105304],[-115.133122,36.105307]]]}},{"type":"Feature","properties":{"kind":"vegetation","name":null,"osm":"way/1442808495"},"geometry":{"type":"Polygon","coordinates":[[[-115.132849,36.105276],[-115.132855,36.105001],[-115.132676,36.104999],[-115.13267,36.105273],[-115.132849,36.105276]]]}},{"type":"Feature","properties":{"kind":"vegetation","name":null,"osm":"way/1442808557"},"geometry":{"type":"Polygon","coordinates":[[[-115.127358,36.107063],[-115.127342,36.106817],[-115.12731,36.106787],[-115.127158,36.106795],[-115.127181,36.107054],[-115.127227,36.107069],[-115.127358,36.107063]]]}},{"type":"Feature","properties":{"kind":"vegetation","name":null,"osm":"way/1442809077"},"geometry":{"type":"Polygon","coordinates":[[[-115.131628,36.112113],[-115.131632,36.11182],[-115.131275,36.111818],[-115.131271,36.112111],[-115.131628,36.112113]]]}},{"type":"Feature","properties":{"kind":"vegetation","name":"Baker Park","osm":"way/1444629643"},"geometry":{"type":"Polygon","coordinates":[[[-115.141546,36.146082],[-115.13991,36.146143],[-115.139942,36.146855],[-115.13992,36.146855],[-115.139951,36.147293],[-115.14003,36.147294],[-115.140032,36.147319],[-115.140274,36.14731],[-115.140331,36.147316],[-115.140379,36.147329],[-115.140419,36.147352],[-115.140465,36.147408],[-115.140472,36.147429],[-115.140537,36.147426],[-115.140547,36.147625],[-115.140532,36.147631],[-115.14054,36.147769],[-115.14152,36.147746],[-115.141546,36.146082]]]}},{"type":"Feature","properties":{"kind":"vegetation","name":"John S. Park Elementary School Park","osm":"way/1444629644"},"geometry":{"type":"Polygon","coordinates":[[[-115.143133,36.154959],[-115.143167,36.153892],[-115.142381,36.153889],[-115.142377,36.154317],[-115.142391,36.154381],[-115.142396,36.15442],[-115.142439,36.154473],[-115.142437,36.154544],[-115.142511,36.154663],[-115.142506,36.154973],[-115.142541,36.154988],[-115.142704,36.154971],[-115.142993,36.154958],[-115.143133,36.154959]]]}},{"type":"Feature","properties":{"kind":"vegetation","name":"Richard Walpole Senior Citizens Park","osm":"way/1451860612"},"geometry":{"type":"Polygon","coordinates":[[[-115.135961,36.18931],[-115.135712,36.189675],[-115.135562,36.189907],[-115.135212,36.190439],[-115.135988,36.190436],[-115.136352,36.189882],[-115.136412,36.189805],[-115.136445,36.189765],[-115.136479,36.18973],[-115.136499,36.189712],[-115.135961,36.18931]]]}},{"type":"Feature","properties":{"kind":"vegetation","name":"Hoggard Playground","osm":"way/1451860903"},"geometry":{"type":"Polygon","coordinates":[[[-115.169536,36.183887],[-115.169544,36.183468],[-115.169151,36.183464],[-115.169144,36.183883],[-115.169536,36.183887]]]}},{"type":"Feature","properties":{"kind":"vegetation","name":null,"osm":"way/1466156384"},"geometry":{"type":"Polygon","coordinates":[[[-115.148716,36.166537],[-115.148681,36.166524],[-115.148647,36.166581],[-115.14868,36.166594],[-115.148716,36.166537]]]}},{"type":"Feature","properties":{"kind":"vegetation","name":null,"osm":"way/1466156386"},"geometry":{"type":"Polygon","coordinates":[[[-115.149325,36.16618],[-115.149312,36.166198],[-115.149378,36.166226],[-115.14939,36.166208],[-115.149325,36.16618]]]}},{"type":"Feature","properties":{"kind":"vegetation","name":null,"osm":"way/1466156388"},"geometry":{"type":"Polygon","coordinates":[[[-115.148894,36.166019],[-115.14894,36.166037],[-115.14895,36.16602],[-115.148905,36.166002],[-115.148894,36.166019]]]}},{"type":"Feature","properties":{"kind":"vegetation","name":null,"osm":"way/1466156389"},"geometry":{"type":"Polygon","coordinates":[[[-115.148729,36.166517],[-115.148695,36.166503],[-115.148711,36.166477],[-115.148755,36.166495],[-115.148746,36.166509],[-115.148736,36.166505],[-115.148729,36.166517]]]}},{"type":"Feature","properties":{"kind":"vegetation","name":null,"osm":"way/1466156390"},"geometry":{"type":"Polygon","coordinates":[[[-115.149123,36.166397],[-115.149201,36.166281],[-115.149127,36.166248],[-115.149147,36.16622],[-115.149032,36.16617],[-115.14906,36.166128],[-115.148962,36.166084],[-115.148831,36.166279],[-115.148964,36.166337],[-115.148983,36.166305],[-115.149037,36.166339],[-115.149027,36.166355],[-115.149123,36.166397]]]}},{"type":"Feature","properties":{"kind":"vegetation","name":null,"osm":"way/1466156391"},"geometry":{"type":"Polygon","coordinates":[[[-115.148977,36.166615],[-115.149102,36.166428],[-115.149006,36.166386],[-115.148993,36.166405],[-115.14892,36.166374],[-115.148931,36.166356],[-115.148823,36.166309],[-115.148746,36.166425],[-115.14879,36.166444],[-115.148746,36.166509],[-115.148977,36.166615]]]}},{"type":"Feature","properties":{"kind":"vegetation","name":null,"osm":"way/1466156394"},"geometry":{"type":"Polygon","coordinates":[[[-115.149157,36.166108],[-115.149144,36.166128],[-115.149281,36.166187],[-115.149294,36.166167],[-115.149157,36.166108]]]}},{"type":"Feature","properties":{"kind":"vegetation","name":null,"osm":"way/1466156395"},"geometry":{"type":"Polygon","coordinates":[[[-115.148682,36.166429],[-115.148654,36.166418],[-115.148575,36.166554],[-115.148603,36.166564],[-115.148682,36.166429]]]}},{"type":"Feature","properties":{"kind":"vegetation","name":null,"osm":"way/1466156396"},"geometry":{"type":"Polygon","coordinates":[[[-115.149084,36.166074],[-115.149022,36.166045],[-115.149009,36.166063],[-115.149071,36.166092],[-115.149084,36.166074]]]}},{"type":"Feature","properties":{"kind":"vegetation","name":null,"osm":"way/1466156397"},"geometry":{"type":"Polygon","coordinates":[[[-115.148875,36.16605],[-115.148751,36.166234],[-115.148795,36.166254],[-115.148919,36.16607],[-115.148875,36.16605]]]}},{"type":"Feature","properties":{"kind":"vegetation","name":null,"osm":"way/1474794868"},"geometry":{"type":"Polygon","coordinates":[[[-115.132934,36.180528],[-115.13289,36.180528],[-115.132882,36.180528],[-115.132875,36.180525],[-115.132872,36.18052],[-115.132871,36.180515],[-115.132871,36.180504],[-115.132872,36.180498],[-115.132876,36.180494],[-115.132882,36.180491],[-115.13289,36.180491],[-115.132934,36.180491],[-115.132934,36.180528]]]}},{"type":"Feature","properties":{"kind":"vegetation","name":null,"osm":"way/1474794869"},"geometry":{"type":"Polygon","coordinates":[[[-115.133044,36.180359],[-115.133044,36.180402],[-115.132994,36.180401],[-115.132993,36.180499],[-115.133043,36.1805],[-115.133041,36.180667],[-115.133041,36.18073],[-115.132954,36.18073],[-115.132958,36.180357],[-115.132973,36.18035],[-115.132991,36.180334],[-115.133007,36.180316],[-115.133011,36.180306],[-115.133045,36.180306],[-115.133044,36.180359]]]}},{"type":"Feature","properties":{"kind":"vegetation","name":null,"osm":"way/1474794870"},"geometry":{"type":"Polygon","coordinates":[[[-115.132802,36.180198],[-115.132786,36.180214],[-115.132777,36.180233],[-115.132776,36.180254],[-115.132783,36.180274],[-115.132797,36.180291],[-115.132817,36.180304],[-115.132841,36.180311],[-115.132866,36.180312],[-115.132891,36.180307],[-115.132912,36.180296],[-115.132929,36.18028],[-115.132938,36.18026],[-115.132939,36.18024],[-115.132932,36.18022],[-115.132918,36.180202],[-115.132898,36.180189],[-115.132874,36.180182],[-115.132849,36.180181],[-115.132824,36.180186],[-115.132802,36.180198]]]}}]}