{"type":"FeatureCollection","metadata":{"regionId":"las-vegas","source":"osm","attribution":"Data (c) OpenStreetMap contributors, ODbL, via Overpass API.","fetchedAt":"2026-08-24T14:16:23.668Z","note":"Road centrelines inside the measured tiles. Temperatures are NOT baked in - the client samples the active heat field along each line, so a street readout always matches the day and day part on screen."},"features":[{"type":"Feature","properties":{"name":null,"highway":"motorway_link","osm":"way/14278848"},"geometry":{"type":"LineString","coordinates":[[-115.181,36.11374],[-115.18126,36.1131],[-115.1821,36.11294],[-115.18261,36.11346],[-115.18217,36.11412]]}},{"type":"Feature","properties":{"name":null,"highway":"motorway_link","osm":"way/14279688"},"geometry":{"type":"LineString","coordinates":[[-115.18032,36.11477],[-115.18023,36.11609]]}},{"type":"Feature","properties":{"name":null,"highway":"motorway_link","osm":"way/14280990"},"geometry":{"type":"LineString","coordinates":[[-115.14209,36.17477],[-115.14078,36.17406],[-115.13931,36.17376]]}},{"type":"Feature","properties":{"name":null,"highway":"motorway_link","osm":"way/14281281"},"geometry":{"type":"LineString","coordinates":[[-115.18022,36.12316],[-115.18021,36.12473]]}},{"type":"Feature","properties":{"name":null,"highway":"primary_link","osm":"way/14281845"},"geometry":{"type":"LineString","coordinates":[[-115.14694,36.17909],[-115.14681,36.17912]]}},{"type":"Feature","properties":{"name":null,"highway":"motorway_link","osm":"way/14282209"},"geometry":{"type":"LineString","coordinates":[[-115.18086,36.13066],[-115.18115,36.12751]]}},{"type":"Feature","properties":{"name":null,"highway":"motorway_link","osm":"way/14282644"},"geometry":{"type":"LineString","coordinates":[[-115.18048,36.11029],[-115.18011,36.11322]]}},{"type":"Feature","properties":{"name":null,"highway":"motorway_link","osm":"way/14282659"},"geometry":{"type":"LineString","coordinates":[[-115.11151,36.16793],[-115.11189,36.16798]]}},{"type":"Feature","properties":{"name":null,"highway":"motorway_link","osm":"way/14282842"},"geometry":{"type":"LineString","coordinates":[[-115.139,36.1737],[-115.13865,36.17359]]}},{"type":"Feature","properties":{"name":null,"highway":"motorway_link","osm":"way/14284572"},"geometry":{"type":"LineString","coordinates":[[-115.13865,36.17359],[-115.13835,36.17309]]}},{"type":"Feature","properties":{"name":null,"highway":"motorway_link","osm":"way/14286263"},"geometry":{"type":"LineString","coordinates":[[-115.14385,36.18393],[-115.14505,36.18173]]}},{"type":"Feature","properties":{"name":null,"highway":"motorway_link","osm":"way/14286881"},"geometry":{"type":"LineString","coordinates":[[-115.15768,36.17068],[-115.1572,36.17125]]}},{"type":"Feature","properties":{"name":null,"highway":"motorway_link","osm":"way/14290183"},"geometry":{"type":"LineString","coordinates":[[-115.13315,36.17173],[-115.13488,36.17276]]}},{"type":"Feature","properties":{"name":"26th Street","highway":"residential","osm":"way/14290474"},"geometry":{"type":"LineString","coordinates":[[-115.11391,36.15877],[-115.1139,36.16149]]}},{"type":"Feature","properties":{"name":null,"highway":"motorway_link","osm":"way/14290845"},"geometry":{"type":"LineString","coordinates":[[-115.15413,36.17424],[-115.15586,36.17495],[-115.15817,36.17508]]}},{"type":"Feature","properties":{"name":null,"highway":"motorway_link","osm":"way/14291239"},"geometry":{"type":"LineString","coordinates":[[-115.18294,36.11422],[-115.18271,36.11321],[-115.18111,36.11202]]}},{"type":"Feature","properties":{"name":null,"highway":"motorway_link","osm":"way/14291397"},"geometry":{"type":"LineString","coordinates":[[-115.14714,36.17552],[-115.14894,36.17519]]}},{"type":"Feature","properties":{"name":null,"highway":"primary_link","osm":"way/14291513"},"geometry":{"type":"LineString","coordinates":[[-115.18055,36.13033],[-115.18004,36.13046]]}},{"type":"Feature","properties":{"name":null,"highway":"motorway_link","osm":"way/14291612"},"geometry":{"type":"LineString","coordinates":[[-115.18107,36.10228],[-115.18109,36.10127]]}},{"type":"Feature","properties":{"name":null,"highway":"motorway_link","osm":"way/14291613"},"geometry":{"type":"LineString","coordinates":[[-115.18119,36.10035],[-115.18107,36.09834]]}},{"type":"Feature","properties":{"name":null,"highway":"motorway_link","osm":"way/14291692"},"geometry":{"type":"LineString","coordinates":[[-115.18086,36.13066],[-115.18145,36.12702]]}},{"type":"Feature","properties":{"name":null,"highway":"motorway_link","osm":"way/14291727"},"geometry":{"type":"LineString","coordinates":[[-115.18101,36.12448],[-115.18083,36.12385]]}},{"type":"Feature","properties":{"name":"Reed Place","highway":"residential","osm":"way/14291813"},"geometry":{"type":"LineString","coordinates":[[-115.15823,36.18024],[-115.15704,36.18018],[-115.15706,36.17906]]}},{"type":"Feature","properties":{"name":"Burnham Avenue","highway":"tertiary","osm":"way/14291871"},"geometry":{"type":"LineString","coordinates":[[-115.12341,36.15886],[-115.12329,36.14825]]}},{"type":"Feature","properties":{"name":"G Street","highway":"residential","osm":"way/14291929"},"geometry":{"type":"LineString","coordinates":[[-115.15062,36.17824],[-115.15102,36.18785]]}},{"type":"Feature","properties":{"name":"South 10th Street","highway":"residential","osm":"way/14292009"},"geometry":{"type":"LineString","coordinates":[[-115.14096,36.15878],[-115.14106,36.1551]]}},{"type":"Feature","properties":{"name":"South 10th Street","highway":"unclassified","osm":"way/14292011"},"geometry":{"type":"LineString","coordinates":[[-115.1405,36.15509],[-115.14051,36.15371]]}},{"type":"Feature","properties":{"name":"South 10th Street","highway":"unclassified","osm":"way/14292012"},"geometry":{"type":"LineString","coordinates":[[-115.13499,36.1668],[-115.13573,36.16562]]}},{"type":"Feature","properties":{"name":"Early Circle","highway":"residential","osm":"way/14292088"},"geometry":{"type":"LineString","coordinates":[[-115.11138,36.18031],[-115.11137,36.18058]]}},{"type":"Feature","properties":{"name":"Palo Verde Road","highway":"unclassified","osm":"way/14292408"},"geometry":{"type":"LineString","coordinates":[[-115.14829,36.101],[-115.14761,36.09773]]}},{"type":"Feature","properties":{"name":"Delta Street","highway":"residential","osm":"way/14292447"},"geometry":{"type":"LineString","coordinates":[[-115.11718,36.17551],[-115.11719,36.17638]]}},{"type":"Feature","properties":{"name":"Hialeah Drive","highway":"residential","osm":"way/14292740"},"geometry":{"type":"LineString","coordinates":[[-115.13517,36.10551],[-115.13453,36.10574],[-115.13274,36.10574],[-115.13209,36.10607],[-115.13175,36.10761]]}},{"type":"Feature","properties":{"name":"Sunrise Avenue","highway":"residential","osm":"way/14292749"},"geometry":{"type":"LineString","coordinates":[[-115.12462,36.1626],[-115.12045,36.16261]]}},{"type":"Feature","properties":{"name":"Sunrise Avenue","highway":"residential","osm":"way/14292750"},"geometry":{"type":"LineString","coordinates":[[-115.12046,36.1622],[-115.11608,36.16221]]}},{"type":"Feature","properties":{"name":"Sunrise Avenue","highway":"tertiary","osm":"way/14292756"},"geometry":{"type":"LineString","coordinates":[[-115.11605,36.1625],[-115.11443,36.16249],[-115.11389,36.16274]]}},{"type":"Feature","properties":{"name":"Crestwood Avenue","highway":"residential","osm":"way/14292770"},"geometry":{"type":"LineString","coordinates":[[-115.12128,36.15886],[-115.12121,36.14826]]}},{"type":"Feature","properties":{"name":"Harrison Avenue","highway":"residential","osm":"way/14292965"},"geometry":{"type":"LineString","coordinates":[[-115.15193,36.18791],[-115.15102,36.18785]]}},{"type":"Feature","properties":{"name":"McKnight Street","highway":"residential","osm":"way/14292968"},"geometry":{"type":"LineString","coordinates":[[-115.11215,36.1738],[-115.11207,36.17753]]}},{"type":"Feature","properties":{"name":"Patricia Street","highway":"residential","osm":"way/14293042"},"geometry":{"type":"LineString","coordinates":[[-115.11211,36.18928],[-115.11217,36.19062]]}},{"type":"Feature","properties":{"name":"Patricia Street","highway":"residential","osm":"way/14293043"},"geometry":{"type":"LineString","coordinates":[[-115.11165,36.1884],[-115.11167,36.18919]]}},{"type":"Feature","properties":{"name":"Bellagio Drive","highway":"unclassified","osm":"way/14293119"},"geometry":{"type":"LineString","coordinates":[[-115.17411,36.11144],[-115.17479,36.11228],[-115.17525,36.11211]]}},{"type":"Feature","properties":{"name":"South 15th Street","highway":"residential","osm":"way/14293278"},"geometry":{"type":"LineString","coordinates":[[-115.12925,36.16433],[-115.13274,36.15895]]}},{"type":"Feature","properties":{"name":"South 15th Street","highway":"residential","osm":"way/14293283"},"geometry":{"type":"LineString","coordinates":[[-115.1328,36.15881],[-115.13286,36.14949],[-115.13317,36.14894],[-115.13282,36.14806]]}},{"type":"Feature","properties":{"name":"Poplar Avenue","highway":"residential","osm":"way/14293298"},"geometry":{"type":"LineString","coordinates":[[-115.12711,36.16921],[-115.11636,36.16922]]}},{"type":"Feature","properties":{"name":"Chatham Circle","highway":"residential","osm":"way/14293385"},"geometry":{"type":"LineString","coordinates":[[-115.14313,36.11194],[-115.14313,36.11258]]}},{"type":"Feature","properties":{"name":"South Royal Crest Circle","highway":"residential","osm":"way/14293505"},"geometry":{"type":"LineString","coordinates":[[-115.14996,36.12367],[-115.14955,36.12317],[-115.14837,36.12309],[-115.14768,36.12345],[-115.14746,36.12409]]}},{"type":"Feature","properties":{"name":"Chapman Drive","highway":"residential","osm":"way/14293696"},"geometry":{"type":"LineString","coordinates":[[-115.13198,36.15888],[-115.13189,36.15583],[-115.12989,36.15578],[-115.12896,36.15619]]}},{"type":"Feature","properties":{"name":"French Circle","highway":"residential","osm":"way/14293787"},"geometry":{"type":"LineString","coordinates":[[-115.11053,36.18029],[-115.11052,36.18056]]}},{"type":"Feature","properties":{"name":"Grove Circle","highway":"residential","osm":"way/14293817"},"geometry":{"type":"LineString","coordinates":[[-115.1403,36.11255],[-115.14027,36.1119]]}},{"type":"Feature","properties":{"name":"H Street","highway":"tertiary","osm":"way/14294097"},"geometry":{"type":"LineString","coordinates":[[-115.15187,36.17819],[-115.15186,36.18177]]}},{"type":"Feature","properties":{"name":"Jansen Avenue","highway":"residential","osm":"way/14294234"},"geometry":{"type":"LineString","coordinates":[[-115.12365,36.18235],[-115.11616,36.18236]]}},{"type":"Feature","properties":{"name":"Elm Avenue","highway":"residential","osm":"way/14294284"},"geometry":{"type":"LineString","coordinates":[[-115.11169,36.1683],[-115.10726,36.1682]]}},{"type":"Feature","properties":{"name":"Todd Avenue","highway":"residential","osm":"way/14294349"},"geometry":{"type":"LineString","coordinates":[[-115.12513,36.18356],[-115.1245,36.18356]]}},{"type":"Feature","properties":{"name":"Ivy Lane","highway":"residential","osm":"way/14294392"},"geometry":{"type":"LineString","coordinates":[[-115.15513,36.18366],[-115.15516,36.1849]]}},{"type":"Feature","properties":{"name":"North Main Street","highway":"secondary","osm":"way/14294611"},"geometry":{"type":"LineString","coordinates":[[-115.13481,36.18943],[-115.13501,36.18913]]}},{"type":"Feature","properties":{"name":"Black Canyon Avenue","highway":"residential","osm":"way/14294892"},"geometry":{"type":"LineString","coordinates":[[-115.17492,36.12449],[-115.1755,36.12455]]}},{"type":"Feature","properties":{"name":"Yale Street","highway":"residential","osm":"way/14294984"},"geometry":{"type":"LineString","coordinates":[[-115.13666,36.18968],[-115.13582,36.19099],[-115.13581,36.19563]]}},{"type":"Feature","properties":{"name":"Hand Place","highway":"residential","osm":"way/14295289"},"geometry":{"type":"LineString","coordinates":[[-115.15855,36.18457],[-115.15985,36.18462]]}},{"type":"Feature","properties":{"name":"Malta Place","highway":"residential","osm":"way/14295294"},"geometry":{"type":"LineString","coordinates":[[-115.11076,36.16165],[-115.11061,36.16213],[-115.1094,36.16209]]}},{"type":"Feature","properties":{"name":"East Katie Avenue","highway":"tertiary","osm":"way/14295363"},"geometry":{"type":"LineString","coordinates":[[-115.14186,36.12026],[-115.14133,36.12025]]}},{"type":"Feature","properties":{"name":"Clark Avenue","highway":"unclassified","osm":"way/14295418"},"geometry":{"type":"LineString","coordinates":[[-115.14826,36.16654],[-115.14768,36.16615]]}},{"type":"Feature","properties":{"name":"East Harmon Avenue","highway":"secondary","osm":"way/14295458"},"geometry":{"type":"LineString","coordinates":[[-115.13561,36.10771],[-115.12827,36.10754]]}},{"type":"Feature","properties":{"name":"Armin Avenue","highway":"residential","osm":"way/14295465"},"geometry":{"type":"LineString","coordinates":[[-115.11031,36.18714],[-115.10822,36.18713]]}},{"type":"Feature","properties":{"name":"12th Street","highway":"residential","osm":"way/14295489"},"geometry":{"type":"LineString","coordinates":[[-115.13149,36.1716],[-115.13104,36.17157],[-115.13047,36.1722],[-115.13085,36.17344],[-115.13139,36.17363]]}},{"type":"Feature","properties":{"name":"12th Street","highway":"residential","osm":"way/14295490"},"geometry":{"type":"LineString","coordinates":[[-115.12986,36.17408],[-115.12992,36.17573]]}},{"type":"Feature","properties":{"name":"West Twain Avenue","highway":"secondary","osm":"way/14295629"},"geometry":{"type":"LineString","coordinates":[[-115.18128,36.11984],[-115.18139,36.11989]]}},{"type":"Feature","properties":{"name":"Coach Lane","highway":"residential","osm":"way/14295638"},"geometry":{"type":"LineString","coordinates":[[-115.11363,36.18385],[-115.11358,36.18482]]}},{"type":"Feature","properties":{"name":"Stocker Street","highway":"residential","osm":"way/14295750"},"geometry":{"type":"LineString","coordinates":[[-115.13975,36.18843],[-115.13977,36.19207]]}},{"type":"Feature","properties":{"name":"West Van Buren Avenue","highway":"residential","osm":"way/14295826"},"geometry":{"type":"LineString","coordinates":[[-115.14465,36.18705],[-115.15192,36.18688]]}},{"type":"Feature","properties":{"name":"West Van Buren Avenue","highway":"residential","osm":"way/14295827"},"geometry":{"type":"LineString","coordinates":[[-115.15626,36.18665],[-115.15984,36.18668]]}},{"type":"Feature","properties":{"name":"South Bruce Street","highway":"residential","osm":"way/14296052"},"geometry":{"type":"LineString","coordinates":[[-115.1252,36.15541],[-115.12524,36.14807]]}},{"type":"Feature","properties":{"name":"Willoughby Avenue","highway":"residential","osm":"way/14296108"},"geometry":{"type":"LineString","coordinates":[[-115.11506,36.18007],[-115.11439,36.17968],[-115.10878,36.17957]]}},{"type":"Feature","properties":{"name":"Capella Avenue","highway":"unclassified","osm":"way/14296187"},"geometry":{"type":"LineString","coordinates":[[-115.17665,36.13179],[-115.17914,36.13169]]}},{"type":"Feature","properties":{"name":"Russell Avenue","highway":"residential","osm":"way/14296286"},"geometry":{"type":"LineString","coordinates":[[-115.11664,36.15766],[-115.11515,36.15633]]}},{"type":"Feature","properties":{"name":"Ash Avenue","highway":"residential","osm":"way/14296364"},"geometry":{"type":"LineString","coordinates":[[-115.12038,36.16553],[-115.11808,36.16554]]}},{"type":"Feature","properties":{"name":"North 1st Street","highway":"residential","osm":"way/14296457"},"geometry":{"type":"LineString","coordinates":[[-115.14209,36.17623],[-115.14175,36.17676]]}},{"type":"Feature","properties":{"name":"North 17th Street","highway":"residential","osm":"way/14296509"},"geometry":{"type":"LineString","coordinates":[[-115.12618,36.16484],[-115.12596,36.16645]]}},{"type":"Feature","properties":{"name":"North 17th Street","highway":"residential","osm":"way/14296510"},"geometry":{"type":"LineString","coordinates":[[-115.12446,36.1817],[-115.1245,36.18366],[-115.12412,36.18411]]}},{"type":"Feature","properties":{"name":"North 17th Street","highway":"residential","osm":"way/14296512"},"geometry":{"type":"LineString","coordinates":[[-115.1245,36.17974],[-115.12454,36.18113]]}},{"type":"Feature","properties":{"name":"North 17th Street","highway":"residential","osm":"way/14296514"},"geometry":{"type":"LineString","coordinates":[[-115.1245,36.17568],[-115.12443,36.17708]]}},{"type":"Feature","properties":{"name":"Searles Avenue","highway":"tertiary","osm":"way/14296582"},"geometry":{"type":"LineString","coordinates":[[-115.13404,36.18467],[-115.12513,36.18483]]}},{"type":"Feature","properties":{"name":"Searles Avenue","highway":"tertiary","osm":"way/14296583"},"geometry":{"type":"LineString","coordinates":[[-115.11091,36.18503],[-115.10974,36.1844],[-115.10724,36.18437]]}},{"type":"Feature","properties":{"name":"Leonard Avenue","highway":"residential","osm":"way/14296671"},"geometry":{"type":"LineString","coordinates":[[-115.15725,36.18933],[-115.15956,36.18938]]}},{"type":"Feature","properties":{"name":"Leonard Avenue","highway":"residential","osm":"way/14296672"},"geometry":{"type":"LineString","coordinates":[[-115.14726,36.18946],[-115.15086,36.18937]]}},{"type":"Feature","properties":{"name":"Visby Lane","highway":"residential","osm":"way/14296831"},"geometry":{"type":"LineString","coordinates":[[-115.14961,36.11832],[-115.14965,36.11633]]}},{"type":"Feature","properties":{"name":"West McWilliams Avenue","highway":"residential","osm":"way/14296869"},"geometry":{"type":"LineString","coordinates":[[-115.14844,36.17931],[-115.16072,36.17906]]}},{"type":"Feature","properties":{"name":"Cholla Way","highway":"residential","osm":"way/14296969"},"geometry":{"type":"LineString","coordinates":[[-115.13306,36.16075],[-115.13189,36.16024]]}},{"type":"Feature","properties":{"name":"Paniflow Street","highway":"residential","osm":"way/14297037"},"geometry":{"type":"LineString","coordinates":[[-115.1113,36.17558],[-115.11114,36.17751]]}},{"type":"Feature","properties":{"name":"Broadmoor Avenue","highway":"residential","osm":"way/14297062"},"geometry":{"type":"LineString","coordinates":[[-115.1409,36.13266],[-115.14007,36.13219],[-115.13836,36.13213]]}},{"type":"Feature","properties":{"name":"North 13th Street","highway":"secondary","osm":"way/14297066"},"geometry":{"type":"LineString","coordinates":[[-115.13155,36.16531],[-115.12987,36.16789],[-115.12979,36.16979]]}},{"type":"Feature","properties":{"name":"Poncho Circle","highway":"residential","osm":"way/14297079"},"geometry":{"type":"LineString","coordinates":[[-115.1447,36.09638],[-115.14489,36.09623]]}},{"type":"Feature","properties":{"name":"Fredrika Drive","highway":"residential","osm":"way/14297125"},"geometry":{"type":"LineString","coordinates":[[-115.15027,36.11677],[-115.14977,36.11634],[-115.14881,36.11642]]}},{"type":"Feature","properties":{"name":"Spencer Street","highway":"residential","osm":"way/14297185"},"geometry":{"type":"LineString","coordinates":[[-115.12658,36.16184],[-115.12777,36.1597],[-115.12787,36.15887]]}},{"type":"Feature","properties":{"name":"North 4th Street","highway":"residential","osm":"way/14297211"},"geometry":{"type":"LineString","coordinates":[[-115.13781,36.17574],[-115.13688,36.17712]]}},{"type":"Feature","properties":{"name":"North 4th Street","highway":"unclassified","osm":"way/14297213"},"geometry":{"type":"LineString","coordinates":[[-115.13531,36.18118],[-115.13532,36.18304]]}},{"type":"Feature","properties":{"name":"Cottage Grove Avenue","highway":"tertiary","osm":"way/14297226"},"geometry":{"type":"LineString","coordinates":[[-115.14216,36.11192],[-115.13929,36.11189]]}},{"type":"Feature","properties":{"name":"Pinehurst Drive","highway":"residential","osm":"way/14297245"},"geometry":{"type":"LineString","coordinates":[[-115.14599,36.13107],[-115.1451,36.13083],[-115.1398,36.13081],[-115.13872,36.13111],[-115.13836,36.13176],[-115.13847,36.13701]]}},{"type":"Feature","properties":{"name":"Thomas and Mack Drive","highway":"unclassified","osm":"way/14297322"},"geometry":{"type":"LineString","coordinates":[[-115.14602,36.10333],[-115.14524,36.10402]]}},{"type":"Feature","properties":{"name":"South 13th Street","highway":"residential","osm":"way/14297363"},"geometry":{"type":"LineString","coordinates":[[-115.13459,36.16065],[-115.13409,36.16139]]}},{"type":"Feature","properties":{"name":"South 13th Street","highway":"residential","osm":"way/14297364"},"geometry":{"type":"LineString","coordinates":[[-115.13608,36.15509],[-115.13609,36.15157]]}},{"type":"Feature","properties":{"name":"Hinkle Drive","highway":"residential","osm":"way/14297462"},"geometry":{"type":"LineString","coordinates":[[-115.12064,36.18666],[-115.11618,36.18669]]}},{"type":"Feature","properties":{"name":"D Street","highway":"secondary","osm":"way/14297488"},"geometry":{"type":"LineString","coordinates":[[-115.14683,36.17729],[-115.14682,36.17796]]}},{"type":"Feature","properties":{"name":"South 7th Street","highway":"tertiary","osm":"way/14297503"},"geometry":{"type":"LineString","coordinates":[[-115.13838,36.16826],[-115.13914,36.16709]]}},{"type":"Feature","properties":{"name":"South 7th Street","highway":"residential","osm":"way/14297504"},"geometry":{"type":"LineString","coordinates":[[-115.14497,36.15727],[-115.14527,36.15145]]}},{"type":"Feature","properties":{"name":"Business Lane","highway":"unclassified","osm":"way/14297555"},"geometry":{"type":"LineString","coordinates":[[-115.18121,36.10941],[-115.18332,36.1094]]}},{"type":"Feature","properties":{"name":"Berkley Avenue","highway":"residential","osm":"way/14297841"},"geometry":{"type":"LineString","coordinates":[[-115.12041,36.1638],[-115.11593,36.16382]]}},{"type":"Feature","properties":{"name":"Circle Drive","highway":"residential","osm":"way/14297855"},"geometry":{"type":"LineString","coordinates":[[-115.12505,36.16134],[-115.12587,36.16114],[-115.12625,36.15984]]}},{"type":"Feature","properties":{"name":"North Maryland Parkway","highway":"secondary","osm":"way/14297886"},"geometry":{"type":"LineString","coordinates":[[-115.13067,36.17398],[-115.13029,36.1726]]}},{"type":"Feature","properties":{"name":"Brussels Street","highway":"unclassified","osm":"way/14297918"},"geometry":{"type":"LineString","coordinates":[[-115.13924,36.10301],[-115.13909,36.10095]]}},{"type":"Feature","properties":{"name":"Brussels Street","highway":"residential","osm":"way/14297919"},"geometry":{"type":"LineString","coordinates":[[-115.13939,36.12978],[-115.13947,36.12781]]}},{"type":"Feature","properties":{"name":"Winnick Avenue","highway":"unclassified","osm":"way/14297921"},"geometry":{"type":"LineString","coordinates":[[-115.16795,36.11739],[-115.16412,36.11731]]}},{"type":"Feature","properties":{"name":"Ryan Avenue","highway":"residential","osm":"way/14298138"},"geometry":{"type":"LineString","coordinates":[[-115.12819,36.17485],[-115.12632,36.17486]]}},{"type":"Feature","properties":{"name":"Ryan Avenue","highway":"residential","osm":"way/14298140"},"geometry":{"type":"LineString","coordinates":[[-115.12535,36.17491],[-115.12395,36.17515]]}},{"type":"Feature","properties":{"name":"Ryan Avenue","highway":"residential","osm":"way/14298142"},"geometry":{"type":"LineString","coordinates":[[-115.12395,36.17515],[-115.12356,36.17482],[-115.1207,36.17482]]}},{"type":"Feature","properties":{"name":"Chartered Circle","highway":"residential","osm":"way/14298181"},"geometry":{"type":"LineString","coordinates":[[-115.11279,36.18735],[-115.1126,36.1877],[-115.11276,36.18842]]}},{"type":"Feature","properties":{"name":"N Street","highway":"residential","osm":"way/14298250"},"geometry":{"type":"LineString","coordinates":[[-115.15983,36.1884],[-115.15988,36.17906]]}},{"type":"Feature","properties":{"name":"Kolson Circle","highway":"residential","osm":"way/14298355"},"geometry":{"type":"LineString","coordinates":[[-115.1522,36.11907],[-115.15058,36.11904]]}},{"type":"Feature","properties":{"name":"North 9th Street","highway":"unclassified","osm":"way/14298395"},"geometry":{"type":"LineString","coordinates":[[-115.13613,36.16729],[-115.13539,36.16847]]}},{"type":"Feature","properties":{"name":"Aster Lane","highway":"residential","osm":"way/14298559"},"geometry":{"type":"LineString","coordinates":[[-115.11448,36.17617],[-115.11444,36.17752]]}},{"type":"Feature","properties":{"name":"East Harmon Avenue","highway":"unclassified","osm":"way/14298766"},"geometry":{"type":"LineString","coordinates":[[-115.14175,36.10772],[-115.14169,36.10765]]}},{"type":"Feature","properties":{"name":"North Casino Center Boulevard","highway":"secondary","osm":"way/14298867"},"geometry":{"type":"LineString","coordinates":[[-115.14376,36.17121],[-115.14331,36.17188]]}},{"type":"Feature","properties":{"name":"Meadows Avenue","highway":"residential","osm":"way/14298878"},"geometry":{"type":"LineString","coordinates":[[-115.11611,36.15954],[-115.11391,36.15944]]}},{"type":"Feature","properties":{"name":"Dori Avenue","highway":"residential","osm":"way/14298954"},"geometry":{"type":"LineString","coordinates":[[-115.1197,36.1786],[-115.11672,36.17863]]}},{"type":"Feature","properties":{"name":"Ryan Avenue","highway":"residential","osm":"way/14299000"},"geometry":{"type":"LineString","coordinates":[[-115.11976,36.17481],[-115.11895,36.17479]]}},{"type":"Feature","properties":{"name":"Palo Verde Circle","highway":"residential","osm":"way/14299170"},"geometry":{"type":"LineString","coordinates":[[-115.14653,36.09743],[-115.14655,36.09802]]}},{"type":"Feature","properties":{"name":"Palo Verde Circle","highway":"residential","osm":"way/14299171"},"geometry":{"type":"LineString","coordinates":[[-115.14761,36.09773],[-115.14654,36.09773]]}},{"type":"Feature","properties":{"name":"Athens Street","highway":"residential","osm":"way/14299239"},"geometry":{"type":"LineString","coordinates":[[-115.14043,36.12978],[-115.14049,36.12781]]}},{"type":"Feature","properties":{"name":"21st Street","highway":"residential","osm":"way/14299276"},"geometry":{"type":"LineString","coordinates":[[-115.1207,36.17482],[-115.12073,36.17638]]}},{"type":"Feature","properties":{"name":"21st Street","highway":"residential","osm":"way/14299278"},"geometry":{"type":"LineString","coordinates":[[-115.12067,36.16808],[-115.12068,36.1701]]}},{"type":"Feature","properties":{"name":"21st Street","highway":"residential","osm":"way/14299279"},"geometry":{"type":"LineString","coordinates":[[-115.1206,36.16062],[-115.12037,36.16653]]}},{"type":"Feature","properties":{"name":"Palms Center Drive","highway":"unclassified","osm":"way/14299381"},"geometry":{"type":"LineString","coordinates":[[-115.1839,36.10362],[-115.18479,36.10324],[-115.18557,36.10322]]}},{"type":"Feature","properties":{"name":"Living Desert Drive","highway":"residential","osm":"way/14299387"},"geometry":{"type":"LineString","coordinates":[[-115.13572,36.10673],[-115.13181,36.10664]]}},{"type":"Feature","properties":{"name":"Dumont Boulevard","highway":"residential","osm":"way/14299463"},"geometry":{"type":"LineString","coordinates":[[-115.14162,36.12531],[-115.13854,36.1253]]}},{"type":"Feature","properties":{"name":"Merle Street","highway":"residential","osm":"way/14299786"},"geometry":{"type":"LineString","coordinates":[[-115.14228,36.0962],[-115.14232,36.09552]]}},{"type":"Feature","properties":{"name":"North Royal Crest Circle","highway":"residential","osm":"way/14299796"},"geometry":{"type":"LineString","coordinates":[[-115.14746,36.12409],[-115.14756,36.12472],[-115.14792,36.12499],[-115.14937,36.12503],[-115.14988,36.12464],[-115.14996,36.12367]]}},{"type":"Feature","properties":{"name":"Deckow Lane","highway":"residential","osm":"way/14299800"},"geometry":{"type":"LineString","coordinates":[[-115.16285,36.10446],[-115.16277,36.10119]]}},{"type":"Feature","properties":{"name":"Grand Drive","highway":"residential","osm":"way/14299904"},"geometry":{"type":"LineString","coordinates":[[-115.15827,36.10627],[-115.15885,36.10626]]}},{"type":"Feature","properties":{"name":"West Webb Avenue","highway":"residential","osm":"way/14299913"},"geometry":{"type":"LineString","coordinates":[[-115.13869,36.18954],[-115.13976,36.18954]]}},{"type":"Feature","properties":{"name":"North Circle","highway":"residential","osm":"way/14300014"},"geometry":{"type":"LineString","coordinates":[[-115.15218,36.11986],[-115.15057,36.11985]]}},{"type":"Feature","properties":{"name":"Down Way","highway":"residential","osm":"way/14300027"},"geometry":{"type":"LineString","coordinates":[[-115.15703,36.17966],[-115.15818,36.17971],[-115.15822,36.18086]]}},{"type":"Feature","properties":{"name":"24th Street","highway":"residential","osm":"way/14300155"},"geometry":{"type":"LineString","coordinates":[[-115.11668,36.18171],[-115.11667,36.18236]]}},{"type":"Feature","properties":{"name":"24th Street","highway":"residential","osm":"way/14300157"},"geometry":{"type":"LineString","coordinates":[[-115.1167,36.18369],[-115.11668,36.18305]]}},{"type":"Feature","properties":{"name":"24th Street","highway":"residential","osm":"way/14300159"},"geometry":{"type":"LineString","coordinates":[[-115.11673,36.17795],[-115.11671,36.18068]]}},{"type":"Feature","properties":{"name":"West California Avenue","highway":"unclassified","osm":"way/14300218"},"geometry":{"type":"LineString","coordinates":[[-115.15368,36.15745],[-115.15469,36.1575]]}},{"type":"Feature","properties":{"name":"Willow Green Drive","highway":"residential","osm":"way/14300334"},"geometry":{"type":"LineString","coordinates":[[-115.14996,36.12417],[-115.1507,36.12416],[-115.15096,36.12448],[-115.15095,36.12557],[-115.15012,36.12551]]}},{"type":"Feature","properties":{"name":"Stewart Avenue","highway":"secondary","osm":"way/14300379"},"geometry":{"type":"LineString","coordinates":[[-115.11826,36.16654],[-115.11226,36.16649]]}},{"type":"Feature","properties":{"name":"Sierra Vista Drive","highway":"unclassified","osm":"way/14300412"},"geometry":{"type":"LineString","coordinates":[[-115.15503,36.12686],[-115.15482,36.12682]]}},{"type":"Feature","properties":{"name":"Channel 8 Drive","highway":"unclassified","osm":"way/14300416"},"geometry":{"type":"LineString","coordinates":[[-115.1619,36.12966],[-115.162,36.13233]]}},{"type":"Feature","properties":{"name":"Cervantes Street","highway":"residential","osm":"way/14300426"},"geometry":{"type":"LineString","coordinates":[[-115.12125,36.16261],[-115.12122,36.16652]]}},{"type":"Feature","properties":{"name":"Cambridge Street","highway":"tertiary","osm":"way/14300438"},"geometry":{"type":"LineString","coordinates":[[-115.14154,36.12693],[-115.14177,36.1224]]}},{"type":"Feature","properties":{"name":"Constantine Avenue","highway":"residential","osm":"way/14300509"},"geometry":{"type":"LineString","coordinates":[[-115.12368,36.18071],[-115.12061,36.18071]]}},{"type":"Feature","properties":{"name":"Constantine Avenue","highway":"residential","osm":"way/14300510"},"geometry":{"type":"LineString","coordinates":[[-115.11966,36.18069],[-115.11671,36.18068]]}},{"type":"Feature","properties":{"name":"Arrowhead Street","highway":"residential","osm":"way/14300621"},"geometry":{"type":"LineString","coordinates":[[-115.11838,36.18849],[-115.1184,36.18999]]}},{"type":"Feature","properties":{"name":"Sheri Circle","highway":"residential","osm":"way/14300642"},"geometry":{"type":"LineString","coordinates":[[-115.12098,36.17864],[-115.12064,36.17864]]}},{"type":"Feature","properties":{"name":"Elm Drive","highway":"residential","osm":"way/14300758"},"geometry":{"type":"LineString","coordinates":[[-115.15485,36.12296],[-115.15463,36.12296]]}},{"type":"Feature","properties":{"name":"Bell Drive","highway":"residential","osm":"way/14300926"},"geometry":{"type":"LineString","coordinates":[[-115.13916,36.17631],[-115.13886,36.17668],[-115.13788,36.17707],[-115.13671,36.17712],[-115.13595,36.17683]]}},{"type":"Feature","properties":{"name":"Clifford Avenue","highway":"residential","osm":"way/14300978"},"geometry":{"type":"LineString","coordinates":[[-115.11665,36.15547],[-115.11441,36.15549]]}},{"type":"Feature","properties":{"name":"Hillside Place","highway":"residential","osm":"way/14301221"},"geometry":{"type":"LineString","coordinates":[[-115.13044,36.15888],[-115.13041,36.15799],[-115.12969,36.15686]]}},{"type":"Feature","properties":{"name":"Edison Circle","highway":"residential","osm":"way/14301253"},"geometry":{"type":"LineString","coordinates":[[-115.15502,36.12494],[-115.15485,36.12494]]}},{"type":"Feature","properties":{"name":"Symphony Park Avenue","highway":"tertiary","osm":"way/14301362"},"geometry":{"type":"LineString","coordinates":[[-115.15642,36.17145],[-115.159,36.17164]]}},{"type":"Feature","properties":{"name":"Thelma Lane","highway":"residential","osm":"way/14301373"},"geometry":{"type":"LineString","coordinates":[[-115.13193,36.15811],[-115.13041,36.15799]]}},{"type":"Feature","properties":{"name":"Thelma Lane","highway":"residential","osm":"way/14301374"},"geometry":{"type":"LineString","coordinates":[[-115.13021,36.15759],[-115.1296,36.15795],[-115.12869,36.15797]]}},{"type":"Feature","properties":{"name":"Thomas and Mack Drive","highway":"unclassified","osm":"way/14301443"},"geometry":{"type":"LineString","coordinates":[[-115.14676,36.10265],[-115.14721,36.10245],[-115.15038,36.10253]]}},{"type":"Feature","properties":{"name":"Bock Street","highway":"residential","osm":"way/14301499"},"geometry":{"type":"LineString","coordinates":[[-115.14356,36.10094],[-115.14356,36.09845]]}},{"type":"Feature","properties":{"name":"Sands Avenue","highway":"secondary","osm":"way/14301516"},"geometry":{"type":"LineString","coordinates":[[-115.15768,36.12193],[-115.15896,36.12232],[-115.16052,36.12237]]}},{"type":"Feature","properties":{"name":"J Street","highway":"tertiary","osm":"way/14301544"},"geometry":{"type":"LineString","coordinates":[[-115.15626,36.18178],[-115.15632,36.18837]]}},{"type":"Feature","properties":{"name":"Bonanza Way","highway":"residential","osm":"way/14301632"},"geometry":{"type":"LineString","coordinates":[[-115.13985,36.1766],[-115.13751,36.17561]]}},{"type":"Feature","properties":{"name":"Earl Street","highway":"residential","osm":"way/14301715"},"geometry":{"type":"LineString","coordinates":[[-115.12804,36.16268],[-115.12945,36.16052]]}},{"type":"Feature","properties":{"name":"Purple Heart Highway","highway":"motorway","osm":"way/14301734"},"geometry":{"type":"LineString","coordinates":[[-115.14209,36.17477],[-115.14033,36.17411],[-115.13682,36.17324],[-115.13305,36.17146]]}},{"type":"Feature","properties":{"name":"Cunningham Drive","highway":"residential","osm":"way/14301770"},"geometry":{"type":"LineString","coordinates":[[-115.15283,36.18175],[-115.15286,36.18488]]}},{"type":"Feature","properties":{"name":"Durante Street","highway":"residential","osm":"way/14301796"},"geometry":{"type":"LineString","coordinates":[[-115.14478,36.09831],[-115.14492,36.0969]]}},{"type":"Feature","properties":{"name":"North 3rd Street","highway":"tertiary","osm":"way/14301824"},"geometry":{"type":"LineString","coordinates":[[-115.14143,36.17255],[-115.14217,36.17141]]}},{"type":"Feature","properties":{"name":"Davis Place","highway":"residential","osm":"way/14301829"},"geometry":{"type":"LineString","coordinates":[[-115.13793,36.1889],[-115.13791,36.18955]]}},{"type":"Feature","properties":{"name":"Bell Drive","highway":"unclassified","osm":"way/14301939"},"geometry":{"type":"LineString","coordinates":[[-115.14925,36.09909],[-115.15178,36.09912]]}},{"type":"Feature","properties":{"name":"East Adams Avenue","highway":"unclassified","osm":"way/14301957"},"geometry":{"type":"LineString","coordinates":[[-115.13575,36.1823],[-115.13402,36.1823]]}},{"type":"Feature","properties":{"name":"Mayfair Place","highway":"residential","osm":"way/14301969"},"geometry":{"type":"LineString","coordinates":[[-115.13091,36.16],[-115.12988,36.15982]]}},{"type":"Feature","properties":{"name":"Debbie Way","highway":"residential","osm":"way/14302083"},"geometry":{"type":"LineString","coordinates":[[-115.15828,36.11116],[-115.15788,36.11087]]}},{"type":"Feature","properties":{"name":"Willson Square","highway":"residential","osm":"way/14302294"},"geometry":{"type":"LineString","coordinates":[[-115.14914,36.12689],[-115.14914,36.12613]]}},{"type":"Feature","properties":{"name":"G Street","highway":"residential","osm":"way/14302338"},"geometry":{"type":"LineString","coordinates":[[-115.15086,36.18937],[-115.15102,36.19164]]}},{"type":"Feature","properties":{"name":"West Monroe Avenue","highway":"tertiary","osm":"way/14302365"},"geometry":{"type":"LineString","coordinates":[[-115.14708,36.18496],[-115.1519,36.18487]]}},{"type":"Feature","properties":{"name":"Lulu Avenue","highway":"residential","osm":"way/14302393"},"geometry":{"type":"LineString","coordinates":[[-115.14478,36.09831],[-115.14141,36.09846]]}},{"type":"Feature","properties":{"name":"Lulu Avenue","highway":"residential","osm":"way/14302394"},"geometry":{"type":"LineString","coordinates":[[-115.14023,36.0987],[-115.13682,36.09872]]}},{"type":"Feature","properties":{"name":"North 7th Street","highway":"tertiary","osm":"way/14302825"},"geometry":{"type":"LineString","coordinates":[[-115.13838,36.16826],[-115.13774,36.16928]]}},{"type":"Feature","properties":{"name":"Hamilton Street","highway":"residential","osm":"way/14302919"},"geometry":{"type":"LineString","coordinates":[[-115.12243,36.18863],[-115.12243,36.18995]]}},{"type":"Feature","properties":{"name":"Mount Vernon Circle","highway":"residential","osm":"way/14302971"},"geometry":{"type":"LineString","coordinates":[[-115.13798,36.18117],[-115.13798,36.18085]]}},{"type":"Feature","properties":{"name":"South 14th Street","highway":"residential","osm":"way/14302985"},"geometry":{"type":"LineString","coordinates":[[-115.13039,36.16482],[-115.13115,36.16366]]}},{"type":"Feature","properties":{"name":"Eastwood Drive","highway":"residential","osm":"way/14303194"},"geometry":{"type":"LineString","coordinates":[[-115.11725,36.15773],[-115.11723,36.15588]]}},{"type":"Feature","properties":{"name":"West Tompkins Avenue","highway":"tertiary","osm":"way/14303292"},"geometry":{"type":"LineString","coordinates":[[-115.18123,36.10457],[-115.18449,36.10457]]}},{"type":"Feature","properties":{"name":"Gragson Avenue","highway":"residential","osm":"way/14303362"},"geometry":{"type":"LineString","coordinates":[[-115.12864,36.18321],[-115.125,36.18319]]}},{"type":"Feature","properties":{"name":"Rigel Avenue","highway":"unclassified","osm":"way/14303623"},"geometry":{"type":"LineString","coordinates":[[-115.1813,36.13629],[-115.18109,36.13349]]}},{"type":"Feature","properties":{"name":"Encanto Drive","highway":"residential","osm":"way/14303688"},"geometry":{"type":"LineString","coordinates":[[-115.13393,36.1772],[-115.13458,36.17709],[-115.13591,36.17506]]}},{"type":"Feature","properties":{"name":"Verdy Lane","highway":"residential","osm":"way/14303719"},"geometry":{"type":"LineString","coordinates":[[-115.14116,36.17762],[-115.14072,36.17743],[-115.14008,36.17754]]}},{"type":"Feature","properties":{"name":"East University Avenue","highway":"residential","osm":"way/14303840"},"geometry":{"type":"LineString","coordinates":[[-115.1376,36.10944],[-115.12832,36.1093]]}},{"type":"Feature","properties":{"name":"Mc Clure Street","highway":"residential","osm":"way/14303860"},"geometry":{"type":"LineString","coordinates":[[-115.11271,36.17318],[-115.11173,36.17318]]}},{"type":"Feature","properties":{"name":"Manhattan Street","highway":"unclassified","osm":"way/14303876"},"geometry":{"type":"LineString","coordinates":[[-115.15953,36.12221],[-115.15959,36.11843]]}},{"type":"Feature","properties":{"name":"Pastel Place","highway":"residential","osm":"way/14303880"},"geometry":{"type":"LineString","coordinates":[[-115.12706,36.1787],[-115.12563,36.1787]]}},{"type":"Feature","properties":{"name":"Zelma Street","highway":"residential","osm":"way/14304161"},"geometry":{"type":"LineString","coordinates":[[-115.11303,36.18922],[-115.11305,36.18993]]}},{"type":"Feature","properties":{"name":"Mineral Avenue","highway":"residential","osm":"way/14304262"},"geometry":{"type":"LineString","coordinates":[[-115.15941,36.17346],[-115.16072,36.17346]]}},{"type":"Feature","properties":{"name":"Ken Street","highway":"residential","osm":"way/14304387"},"geometry":{"type":"LineString","coordinates":[[-115.13937,36.18523],[-115.139,36.18583]]}},{"type":"Feature","properties":{"name":"23rd Street","highway":"residential","osm":"way/14304398"},"geometry":{"type":"LineString","coordinates":[[-115.1181,36.16454],[-115.11804,36.16654]]}},{"type":"Feature","properties":{"name":"23rd Street","highway":"residential","osm":"way/14304399"},"geometry":{"type":"LineString","coordinates":[[-115.11835,36.18485],[-115.11838,36.18849]]}},{"type":"Feature","properties":{"name":"23rd Street","highway":"residential","osm":"way/14304400"},"geometry":{"type":"LineString","coordinates":[[-115.11748,36.18373],[-115.11754,36.18439]]}},{"type":"Feature","properties":{"name":"23rd Street","highway":"residential","osm":"way/14304401"},"geometry":{"type":"LineString","coordinates":[[-115.11882,36.17202],[-115.11907,36.17711]]}},{"type":"Feature","properties":{"name":"23rd Street","highway":"residential","osm":"way/14304402"},"geometry":{"type":"LineString","coordinates":[[-115.11835,36.16857],[-115.11827,36.17204]]}},{"type":"Feature","properties":{"name":"23rd Street","highway":"residential","osm":"way/14304404"},"geometry":{"type":"LineString","coordinates":[[-115.11826,36.16654],[-115.11829,36.16741]]}},{"type":"Feature","properties":{"name":"Kishner Drive","highway":"residential","osm":"way/14304426"},"geometry":{"type":"LineString","coordinates":[[-115.15944,36.10894],[-115.15944,36.10803]]}},{"type":"Feature","properties":{"name":"Century Garden Drive","highway":"residential","osm":"way/14304495"},"geometry":{"type":"LineString","coordinates":[[-115.14046,36.0956],[-115.14041,36.0956]]}},{"type":"Feature","properties":{"name":"Century Garden Drive","highway":"residential","osm":"way/14304496"},"geometry":{"type":"LineString","coordinates":[[-115.1368,36.09574],[-115.13746,36.09574]]}},{"type":"Feature","properties":{"name":"Tiffany Lane","highway":"residential","osm":"way/14304544"},"geometry":{"type":"LineString","coordinates":[[-115.13831,36.17595],[-115.13792,36.17655],[-115.13808,36.17701]]}},{"type":"Feature","properties":{"name":"Tiffany Lane","highway":"residential","osm":"way/14304545"},"geometry":{"type":"LineString","coordinates":[[-115.13753,36.17707],[-115.13746,36.17748]]}},{"type":"Feature","properties":{"name":"Delfern Lane","highway":"residential","osm":"way/14304611"},"geometry":{"type":"LineString","coordinates":[[-115.15058,36.12456],[-115.15008,36.12454]]}},{"type":"Feature","properties":{"name":"Delfern Lane","highway":"residential","osm":"way/14304612"},"geometry":{"type":"LineString","coordinates":[[-115.15035,36.12454],[-115.15037,36.12417]]}},{"type":"Feature","properties":{"name":"Pollux Avenue","highway":"unclassified","osm":"way/14304736"},"geometry":{"type":"LineString","coordinates":[[-115.18315,36.12746],[-115.18553,36.12757]]}},{"type":"Feature","properties":{"name":"Grand Central Parkway","highway":"secondary","osm":"way/14304740"},"geometry":{"type":"LineString","coordinates":[[-115.15864,36.16044],[-115.15879,36.15989]]}},{"type":"Feature","properties":{"name":"20th Street","highway":"residential","osm":"way/14304833"},"geometry":{"type":"LineString","coordinates":[[-115.12149,36.17399],[-115.12181,36.17847]]}},{"type":"Feature","properties":{"name":"20th Street","highway":"residential","osm":"way/14304835"},"geometry":{"type":"LineString","coordinates":[[-115.12209,36.1626],[-115.12204,36.16652]]}},{"type":"Feature","properties":{"name":"20th Street","highway":"residential","osm":"way/14304836"},"geometry":{"type":"LineString","coordinates":[[-115.12144,36.18372],[-115.12148,36.18437]]}},{"type":"Feature","properties":{"name":"20th Street","highway":"residential","osm":"way/14304837"},"geometry":{"type":"LineString","coordinates":[[-115.12148,36.1817],[-115.12144,36.18235]]}},{"type":"Feature","properties":{"name":"Willoughby Avenue","highway":"residential","osm":"way/14304979"},"geometry":{"type":"LineString","coordinates":[[-115.12194,36.18002],[-115.11617,36.18002]]}},{"type":"Feature","properties":{"name":"North 11th Street","highway":"residential","osm":"way/14305039"},"geometry":{"type":"LineString","coordinates":[[-115.13148,36.17119],[-115.13143,36.17229],[-115.13189,36.17318],[-115.13139,36.17363]]}},{"type":"Feature","properties":{"name":"North 11th Street","highway":"unclassified","osm":"way/14305040"},"geometry":{"type":"LineString","coordinates":[[-115.13382,36.1663],[-115.13306,36.16746]]}},{"type":"Feature","properties":{"name":"Gerson Avenue","highway":"residential","osm":"way/14305127"},"geometry":{"type":"LineString","coordinates":[[-115.1519,36.17975],[-115.1548,36.17965]]}},{"type":"Feature","properties":{"name":"Sackett Street","highway":"residential","osm":"way/14305275"},"geometry":{"type":"LineString","coordinates":[[-115.14019,36.18521],[-115.14043,36.18554],[-115.14011,36.18597]]}},{"type":"Feature","properties":{"name":"Hazelwood Street","highway":"residential","osm":"way/14305588"},"geometry":{"type":"LineString","coordinates":[[-115.14818,36.12121],[-115.14822,36.11891]]}},{"type":"Feature","properties":{"name":"West Colorado Avenue","highway":"unclassified","osm":"way/14305591"},"geometry":{"type":"LineString","coordinates":[[-115.1551,36.15619],[-115.15776,36.15632]]}},{"type":"Feature","properties":{"name":"East Rochelle Avenue","highway":"residential","osm":"way/14305755"},"geometry":{"type":"LineString","coordinates":[[-115.16406,36.11153],[-115.16393,36.11153]]}},{"type":"Feature","properties":{"name":"East Rochelle Avenue","highway":"tertiary","osm":"way/14305756"},"geometry":{"type":"LineString","coordinates":[[-115.13756,36.11112],[-115.1373,36.11111]]}},{"type":"Feature","properties":{"name":"North 16th Street","highway":"residential","osm":"way/14306035"},"geometry":{"type":"LineString","coordinates":[[-115.12632,36.17486],[-115.12631,36.17633]]}},{"type":"Feature","properties":{"name":"North 16th Street","highway":"residential","osm":"way/14306036"},"geometry":{"type":"LineString","coordinates":[[-115.12601,36.17108],[-115.12603,36.17402]]}},{"type":"Feature","properties":{"name":"Morgan Avenue","highway":"residential","osm":"way/14306345"},"geometry":{"type":"LineString","coordinates":[[-115.14817,36.18032],[-115.15188,36.18023]]}},{"type":"Feature","properties":{"name":"Morgan Avenue","highway":"residential","osm":"way/14306346"},"geometry":{"type":"LineString","coordinates":[[-115.15898,36.18023],[-115.15987,36.18026]]}},{"type":"Feature","properties":{"name":"Morgan Avenue","highway":"residential","osm":"way/14306347"},"geometry":{"type":"LineString","coordinates":[[-115.15269,36.18023],[-115.15628,36.18025]]}},{"type":"Feature","properties":{"name":"McKellar Circle","highway":"residential","osm":"way/14306496"},"geometry":{"type":"LineString","coordinates":[[-115.15221,36.11743],[-115.15061,36.11741]]}},{"type":"Feature","properties":{"name":"East Reno Avenue","highway":"tertiary","osm":"way/14306928"},"geometry":{"type":"LineString","coordinates":[[-115.17282,36.09733],[-115.1721,36.09732]]}},{"type":"Feature","properties":{"name":"Linden Avenue","highway":"residential","osm":"way/14306984"},"geometry":{"type":"LineString","coordinates":[[-115.13432,36.17253],[-115.13159,36.17254]]}},{"type":"Feature","properties":{"name":"Valley Street","highway":"residential","osm":"way/14307061"},"geometry":{"type":"LineString","coordinates":[[-115.11149,36.16167],[-115.10895,36.16165]]}},{"type":"Feature","properties":{"name":"Valley Street","highway":"residential","osm":"way/14307063"},"geometry":{"type":"LineString","coordinates":[[-115.11389,36.1617],[-115.11149,36.16167]]}},{"type":"Feature","properties":{"name":"Norman Avenue","highway":"residential","osm":"way/14307099"},"geometry":{"type":"LineString","coordinates":[[-115.14104,36.15579],[-115.13742,36.15581]]}},{"type":"Feature","properties":{"name":"Norman Avenue","highway":"residential","osm":"way/14307100"},"geometry":{"type":"LineString","coordinates":[[-115.13655,36.15584],[-115.13285,36.15578]]}},{"type":"Feature","properties":{"name":"Elizabeth Avenue","highway":"residential","osm":"way/14307174"},"geometry":{"type":"LineString","coordinates":[[-115.13694,36.10237],[-115.13109,36.10234]]}},{"type":"Feature","properties":{"name":"South 6th Street","highway":"tertiary","osm":"way/14307333"},"geometry":{"type":"LineString","coordinates":[[-115.13954,36.16875],[-115.14028,36.16759]]}},{"type":"Feature","properties":{"name":"Fantasy Lane","highway":"residential","osm":"way/14307378"},"geometry":{"type":"LineString","coordinates":[[-115.12874,36.18128],[-115.12864,36.18321]]}},{"type":"Feature","properties":{"name":"Voxna Street","highway":"residential","osm":"way/14307385"},"geometry":{"type":"LineString","coordinates":[[-115.15021,36.11832],[-115.15027,36.11677]]}},{"type":"Feature","properties":{"name":"Wilbur Clark D.I. Road","highway":"primary","osm":"way/14307445"},"geometry":{"type":"LineString","coordinates":[[-115.17235,36.13141],[-115.16661,36.13129]]}},{"type":"Feature","properties":{"name":"Escondido Street","highway":"unclassified","osm":"way/14307491"},"geometry":{"type":"LineString","coordinates":[[-115.13555,36.11452],[-115.13519,36.10941]]}},{"type":"Feature","properties":{"name":"Hoover Avenue","highway":"unclassified","osm":"way/14307499"},"geometry":{"type":"LineString","coordinates":[[-115.15174,36.16206],[-115.15025,36.16142]]}},{"type":"Feature","properties":{"name":"Cooper Circle","highway":"residential","osm":"way/14307894"},"geometry":{"type":"LineString","coordinates":[[-115.11307,36.18035],[-115.11307,36.18061]]}},{"type":"Feature","properties":{"name":"West Adams Avenue","highway":"residential","osm":"way/14307906"},"geometry":{"type":"LineString","coordinates":[[-115.14699,36.18191],[-115.15987,36.1818]]}},{"type":"Feature","properties":{"name":"West Adams Avenue","highway":"residential","osm":"way/14307908"},"geometry":{"type":"LineString","coordinates":[[-115.14531,36.18196],[-115.14573,36.18195]]}},{"type":"Feature","properties":{"name":"David Avenue","highway":"residential","osm":"way/14308020"},"geometry":{"type":"LineString","coordinates":[[-115.12331,36.17896],[-115.12181,36.17847]]}},{"type":"Feature","properties":{"name":"Vaughn Street","highway":"residential","osm":"way/14308021"},"geometry":{"type":"LineString","coordinates":[[-115.11122,36.1816],[-115.11121,36.18399],[-115.11035,36.1846]]}},{"type":"Feature","properties":{"name":"Bel Air Drive","highway":"residential","osm":"way/14308150"},"geometry":{"type":"LineString","coordinates":[[-115.13947,36.13731],[-115.14004,36.13656],[-115.1409,36.13266],[-115.14214,36.13217],[-115.14505,36.13258],[-115.14599,36.13107]]}},{"type":"Feature","properties":{"name":"Sunrise Hospital Drive","highway":"unclassified","osm":"way/14308154"},"geometry":{"type":"LineString","coordinates":[[-115.13614,36.13388],[-115.13632,36.13386]]}},{"type":"Feature","properties":{"name":"Hoover Street","highway":"residential","osm":"way/14308159"},"geometry":{"type":"LineString","coordinates":[[-115.12752,36.18838],[-115.12757,36.19572]]}},{"type":"Feature","properties":{"name":"North 8th Street","highway":"unclassified","osm":"way/14308162"},"geometry":{"type":"LineString","coordinates":[[-115.13651,36.16895],[-115.13727,36.16778]]}},{"type":"Feature","properties":{"name":"Albert Avenue","highway":"residential","osm":"way/14308246"},"geometry":{"type":"LineString","coordinates":[[-115.15263,36.11657],[-115.15063,36.11659]]}},{"type":"Feature","properties":{"name":null,"highway":"secondary_link","osm":"way/14308247"},"geometry":{"type":"LineString","coordinates":[[-115.16396,36.1159],[-115.1641,36.11626]]}},{"type":"Feature","properties":{"name":"University Road","highway":"unclassified","osm":"way/14308281"},"geometry":{"type":"LineString","coordinates":[[-115.13806,36.10443],[-115.1379,36.10443]]}},{"type":"Feature","properties":{"name":"South 17th Street","highway":"residential","osm":"way/14308340"},"geometry":{"type":"LineString","coordinates":[[-115.12867,36.15882],[-115.1287,36.15677],[-115.12896,36.15619],[-115.12872,36.15548],[-115.1285,36.14445]]}},{"type":"Feature","properties":{"name":"South 17th Street","highway":"residential","osm":"way/14308341"},"geometry":{"type":"LineString","coordinates":[[-115.12698,36.16336],[-115.12755,36.16247]]}},{"type":"Feature","properties":{"name":"South 17th Street","highway":"residential","osm":"way/14308342"},"geometry":{"type":"LineString","coordinates":[[-115.12717,36.16229],[-115.12893,36.15941]]}},{"type":"Feature","properties":{"name":"Margaret Avenue","highway":"residential","osm":"way/14308344"},"geometry":{"type":"LineString","coordinates":[[-115.12073,36.17638],[-115.11903,36.17641]]}},{"type":"Feature","properties":{"name":"Margaret Avenue","highway":"residential","osm":"way/14308345"},"geometry":{"type":"LineString","coordinates":[[-115.12631,36.17633],[-115.12818,36.17635]]}},{"type":"Feature","properties":{"name":"Golden Lane","highway":"residential","osm":"way/14308549"},"geometry":{"type":"LineString","coordinates":[[-115.13836,36.09638],[-115.13837,36.09684]]}},{"type":"Feature","properties":{"name":"Western Avenue","highway":"unclassified","osm":"way/14308655"},"geometry":{"type":"LineString","coordinates":[[-115.17682,36.12923],[-115.17799,36.12789]]}},{"type":"Feature","properties":{"name":"Fairfax Circle","highway":"residential","osm":"way/14308823"},"geometry":{"type":"LineString","coordinates":[[-115.14124,36.11257],[-115.14122,36.11191]]}},{"type":"Feature","properties":{"name":"Palm Lane","highway":"residential","osm":"way/14308992"},"geometry":{"type":"LineString","coordinates":[[-115.14017,36.17914],[-115.13859,36.17846]]}},{"type":"Feature","properties":{"name":"Royal Crest Street","highway":"residential","osm":"way/14309059"},"geometry":{"type":"LineString","coordinates":[[-115.14937,36.12172],[-115.14942,36.11894]]}},{"type":"Feature","properties":{"name":"Paiute Circle","highway":"unclassified","osm":"way/14309073"},"geometry":{"type":"LineString","coordinates":[[-115.13875,36.18337],[-115.13974,36.18391]]}},{"type":"Feature","properties":{"name":"Curtis Drive","highway":"residential","osm":"way/14309114"},"geometry":{"type":"LineString","coordinates":[[-115.13103,36.15649],[-115.13013,36.15656],[-115.12914,36.15721],[-115.12784,36.15727]]}},{"type":"Feature","properties":{"name":"Theresa Avenue","highway":"residential","osm":"way/14309165"},"geometry":{"type":"LineString","coordinates":[[-115.11968,36.18307],[-115.11615,36.18305]]}},{"type":"Feature","properties":{"name":"Theresa Avenue","highway":"residential","osm":"way/14309167"},"geometry":{"type":"LineString","coordinates":[[-115.12365,36.18303],[-115.12062,36.18304]]}},{"type":"Feature","properties":{"name":"Paiute Drive","highway":"residential","osm":"way/14309221"},"geometry":{"type":"LineString","coordinates":[[-115.13783,36.18479],[-115.13874,36.18483],[-115.13924,36.18523],[-115.14019,36.18521]]}},{"type":"Feature","properties":{"name":"Lisbon Avenue","highway":"residential","osm":"way/14309270"},"geometry":{"type":"LineString","coordinates":[[-115.14149,36.12781],[-115.13844,36.12781]]}},{"type":"Feature","properties":{"name":"L Street","highway":"residential","osm":"way/14309510"},"geometry":{"type":"LineString","coordinates":[[-115.15956,36.18938],[-115.15961,36.1908]]}},{"type":"Feature","properties":{"name":"Julian Street","highway":"residential","osm":"way/14309512"},"geometry":{"type":"LineString","coordinates":[[-115.11051,36.17006],[-115.11054,36.17188]]}},{"type":"Feature","properties":{"name":"Flower Avenue","highway":"residential","osm":"way/14309533"},"geometry":{"type":"LineString","coordinates":[[-115.11722,36.16454],[-115.11716,36.16654]]}},{"type":"Feature","properties":{"name":"Walnut Avenue","highway":"residential","osm":"way/14309598"},"geometry":{"type":"LineString","coordinates":[[-115.12513,36.17192],[-115.11619,36.17207]]}},{"type":"Feature","properties":{"name":"Colby Avenue","highway":"residential","osm":"way/14309679"},"geometry":{"type":"LineString","coordinates":[[-115.14492,36.09728],[-115.14592,36.09727]]}},{"type":"Feature","properties":{"name":"Fremont Street","highway":"primary","osm":"way/14309711"},"geometry":{"type":"LineString","coordinates":[[-115.14074,36.16927],[-115.14062,36.16922]]}},{"type":"Feature","properties":{"name":"Cobb Lane","highway":"residential","osm":"way/14309744"},"geometry":{"type":"LineString","coordinates":[[-115.11775,36.18668],[-115.1178,36.18843]]}},{"type":"Feature","properties":{"name":"Olive Street","highway":"residential","osm":"way/14309846"},"geometry":{"type":"LineString","coordinates":[[-115.11667,36.15632],[-115.11441,36.15634]]}},{"type":"Feature","properties":{"name":"Olive Street","highway":"residential","osm":"way/14309849"},"geometry":{"type":"LineString","coordinates":[[-115.11223,36.15575],[-115.11075,36.15563]]}},{"type":"Feature","properties":{"name":"Palo Verde Street","highway":"residential","osm":"way/14309937"},"geometry":{"type":"LineString","coordinates":[[-115.14996,36.12367],[-115.15044,36.1235],[-115.15055,36.12159]]}},{"type":"Feature","properties":{"name":"Melba Avenue","highway":"residential","osm":"way/14309945"},"geometry":{"type":"LineString","coordinates":[[-115.11121,36.18597],[-115.11035,36.18597]]}},{"type":"Feature","properties":{"name":"South 1st Street","highway":"unclassified","osm":"way/14310103"},"geometry":{"type":"LineString","coordinates":[[-115.14595,36.17003],[-115.14673,36.16887]]}},{"type":"Feature","properties":{"name":"North 14th Street","highway":"residential","osm":"way/14310424"},"geometry":{"type":"LineString","coordinates":[[-115.13039,36.16482],[-115.12886,36.16715]]}},{"type":"Feature","properties":{"name":"Del Mar Street","highway":"residential","osm":"way/14310438"},"geometry":{"type":"LineString","coordinates":[[-115.13479,36.10481],[-115.13503,36.10559],[-115.13569,36.10597]]}},{"type":"Feature","properties":{"name":"C Street","highway":"residential","osm":"way/14310623"},"geometry":{"type":"LineString","coordinates":[[-115.14573,36.18195],[-115.14596,36.18848]]}},{"type":"Feature","properties":{"name":"Peyton Drive","highway":"residential","osm":"way/14310700"},"geometry":{"type":"LineString","coordinates":[[-115.12339,36.15681],[-115.11896,36.15679]]}},{"type":"Feature","properties":{"name":"Northrop Avenue","highway":"residential","osm":"way/14310705"},"geometry":{"type":"LineString","coordinates":[[-115.14942,36.11894],[-115.14625,36.1189]]}},{"type":"Feature","properties":{"name":"28th Street","highway":"residential","osm":"way/14310744"},"geometry":{"type":"LineString","coordinates":[[-115.11208,36.18107],[-115.11208,36.18114]]}},{"type":"Feature","properties":{"name":"Foremaster Lane","highway":"residential","osm":"way/14310780"},"geometry":{"type":"LineString","coordinates":[[-115.1365,36.18682],[-115.13524,36.18632],[-115.13405,36.18628]]}},{"type":"Feature","properties":{"name":"Atlantic Street","highway":"residential","osm":"way/14311134"},"geometry":{"type":"LineString","coordinates":[[-115.11445,36.15877],[-115.11456,36.15727]]}},{"type":"Feature","properties":{"name":"Fernwood Lane","highway":"residential","osm":"way/14311292"},"geometry":{"type":"LineString","coordinates":[[-115.14849,36.1254],[-115.14915,36.12538]]}},{"type":"Feature","properties":{"name":"Fernwood Lane","highway":"residential","osm":"way/14311293"},"geometry":{"type":"LineString","coordinates":[[-115.14871,36.12587],[-115.14875,36.1254]]}},{"type":"Feature","properties":{"name":"Franklin Avenue","highway":"residential","osm":"way/14311307"},"geometry":{"type":"LineString","coordinates":[[-115.13756,36.15508],[-115.13286,36.15508]]}},{"type":"Feature","properties":{"name":"Franklin Avenue","highway":"residential","osm":"way/14311308"},"geometry":{"type":"LineString","coordinates":[[-115.12623,36.15508],[-115.11895,36.15513]]}},{"type":"Feature","properties":{"name":"M Street","highway":"residential","osm":"way/14311343"},"geometry":{"type":"LineString","coordinates":[[-115.15853,36.18369],[-115.15855,36.18457]]}},{"type":"Feature","properties":{"name":"M Street","highway":"residential","osm":"way/14311344"},"geometry":{"type":"LineString","coordinates":[[-115.15856,36.18179],[-115.15854,36.18274]]}},{"type":"Feature","properties":{"name":"M Street","highway":"residential","osm":"way/14311345"},"geometry":{"type":"LineString","coordinates":[[-115.15892,36.17906],[-115.15898,36.18023]]}},{"type":"Feature","properties":{"name":"Aspen Circle","highway":"residential","osm":"way/14311369"},"geometry":{"type":"LineString","coordinates":[[-115.11472,36.18031],[-115.11493,36.18065]]}},{"type":"Feature","properties":{"name":"Ralph Avenue","highway":"residential","osm":"way/14311415"},"geometry":{"type":"LineString","coordinates":[[-115.12353,36.18362],[-115.12412,36.18411]]}},{"type":"Feature","properties":{"name":"19th Street","highway":"residential","osm":"way/14311488"},"geometry":{"type":"LineString","coordinates":[[-115.12264,36.17945],[-115.12282,36.18071]]}},{"type":"Feature","properties":{"name":"19th Street","highway":"residential","osm":"way/14311489"},"geometry":{"type":"LineString","coordinates":[[-115.12262,36.17753],[-115.12263,36.17795]]}},{"type":"Feature","properties":{"name":"19th Street","highway":"residential","osm":"way/14311491"},"geometry":{"type":"LineString","coordinates":[[-115.12291,36.1626],[-115.12291,36.17008]]}},{"type":"Feature","properties":{"name":"Elm Avenue","highway":"residential","osm":"way/14311616"},"geometry":{"type":"LineString","coordinates":[[-115.12514,36.16848],[-115.12423,36.1683],[-115.11961,36.16834],[-115.11835,36.16857]]}},{"type":"Feature","properties":{"name":"Brookway Lane","highway":"residential","osm":"way/14311740"},"geometry":{"type":"LineString","coordinates":[[-115.14951,36.12509],[-115.14951,36.12547]]}},{"type":"Feature","properties":{"name":"Brookway Lane","highway":"residential","osm":"way/14311741"},"geometry":{"type":"LineString","coordinates":[[-115.14915,36.12538],[-115.14951,36.12536]]}},{"type":"Feature","properties":{"name":"East Wilson Avenue","highway":"residential","osm":"way/14311808"},"geometry":{"type":"LineString","coordinates":[[-115.12729,36.1756],[-115.1245,36.17568]]}},{"type":"Feature","properties":{"name":"East Wilson Avenue","highway":"residential","osm":"way/14311809"},"geometry":{"type":"LineString","coordinates":[[-115.13393,36.17577],[-115.13136,36.17577]]}},{"type":"Feature","properties":{"name":"East Wilson Avenue","highway":"residential","osm":"way/14311810"},"geometry":{"type":"LineString","coordinates":[[-115.11899,36.17554],[-115.11626,36.17551]]}},{"type":"Feature","properties":{"name":"East Wilson Avenue","highway":"residential","osm":"way/14311811"},"geometry":{"type":"LineString","coordinates":[[-115.12364,36.17551],[-115.12157,36.1755]]}},{"type":"Feature","properties":{"name":"East Wilson Avenue","highway":"residential","osm":"way/14311812"},"geometry":{"type":"LineString","coordinates":[[-115.13523,36.17611],[-115.13393,36.17606]]}},{"type":"Feature","properties":{"name":"East Wilson Avenue","highway":"unclassified","osm":"way/14311813"},"geometry":{"type":"LineString","coordinates":[[-115.13652,36.17592],[-115.13562,36.17553]]}},{"type":"Feature","properties":{"name":"Laramore Drive","highway":"residential","osm":"way/14311970"},"geometry":{"type":"LineString","coordinates":[[-115.14492,36.0969],[-115.1414,36.09692]]}},{"type":"Feature","properties":{"name":"Place du Casimir","highway":"residential","osm":"way/14312212"},"geometry":{"type":"LineString","coordinates":[[-115.13854,36.1253],[-115.13854,36.1247]]}},{"type":"Feature","properties":{"name":"Brady Avenue","highway":"residential","osm":"way/14312237"},"geometry":{"type":"LineString","coordinates":[[-115.11967,36.18171],[-115.11668,36.18171]]}},{"type":"Feature","properties":{"name":"Brady Avenue","highway":"residential","osm":"way/14312239"},"geometry":{"type":"LineString","coordinates":[[-115.12446,36.1817],[-115.12148,36.1817]]}},{"type":"Feature","properties":{"name":"North 6th Street","highway":"tertiary","osm":"way/14312265"},"geometry":{"type":"LineString","coordinates":[[-115.13954,36.16875],[-115.13877,36.16992]]}},{"type":"Feature","properties":{"name":"Pauline Way","highway":"residential","osm":"way/14312466"},"geometry":{"type":"LineString","coordinates":[[-115.12623,36.15508],[-115.12621,36.15373]]}},{"type":"Feature","properties":{"name":"East Bonneville Avenue","highway":"secondary","osm":"way/14312503"},"geometry":{"type":"LineString","coordinates":[[-115.14937,36.16547],[-115.14904,36.16534]]}},{"type":"Feature","properties":{"name":"Torsby Place","highway":"residential","osm":"way/14312504"},"geometry":{"type":"LineString","coordinates":[[-115.14904,36.11833],[-115.14909,36.11639]]}},{"type":"Feature","properties":{"name":"South 9th Street","highway":"residential","osm":"way/14312587"},"geometry":{"type":"LineString","coordinates":[[-115.14189,36.15794],[-115.14199,36.1551]]}},{"type":"Feature","properties":{"name":"South 9th Street","highway":"residential","osm":"way/14312589"},"geometry":{"type":"LineString","coordinates":[[-115.13613,36.16729],[-115.13687,36.16612]]}},{"type":"Feature","properties":{"name":"East Ogden Avenue","highway":"secondary","osm":"way/14312932"},"geometry":{"type":"LineString","coordinates":[[-115.1456,36.17285],[-115.14556,36.17283]]}},{"type":"Feature","properties":{"name":"Menlo Square Drive","highway":"residential","osm":"way/14313026"},"geometry":{"type":"LineString","coordinates":[[-115.11224,36.15983],[-115.11152,36.15982]]}},{"type":"Feature","properties":{"name":"Gray Lane","highway":"residential","osm":"way/14313046"},"geometry":{"type":"LineString","coordinates":[[-115.13996,36.09705],[-115.13995,36.09623]]}},{"type":"Feature","properties":{"name":"Mews Lane","highway":"residential","osm":"way/14313308"},"geometry":{"type":"LineString","coordinates":[[-115.11363,36.18385],[-115.11423,36.18386],[-115.11427,36.18483]]}},{"type":"Feature","properties":{"name":"East Mesquite Avenue","highway":"residential","osm":"way/14313656"},"geometry":{"type":"LineString","coordinates":[[-115.13148,36.17119],[-115.13093,36.17091],[-115.12819,36.17104]]}},{"type":"Feature","properties":{"name":"East Mesquite Avenue","highway":"residential","osm":"way/14313657"},"geometry":{"type":"LineString","coordinates":[[-115.13508,36.17131],[-115.13408,36.17091],[-115.13272,36.17092]]}},{"type":"Feature","properties":{"name":"Jefferson Avenue","highway":"residential","osm":"way/14313671"},"geometry":{"type":"LineString","coordinates":[[-115.14452,36.18301],[-115.15188,36.1828]]}},{"type":"Feature","properties":{"name":"Jefferson Avenue","highway":"residential","osm":"way/14313672"},"geometry":{"type":"LineString","coordinates":[[-115.15625,36.18271],[-115.15986,36.18276]]}},{"type":"Feature","properties":{"name":"Kirk Avenue","highway":"residential","osm":"way/14313749"},"geometry":{"type":"LineString","coordinates":[[-115.12168,36.17795],[-115.11622,36.17795]]}},{"type":"Feature","properties":{"name":"Lorilyn Avenue","highway":"residential","osm":"way/14313770"},"geometry":{"type":"LineString","coordinates":[[-115.13593,36.1039],[-115.13114,36.10387]]}},{"type":"Feature","properties":{"name":"Weaver Drive","highway":"residential","osm":"way/14313806"},"geometry":{"type":"LineString","coordinates":[[-115.15189,36.19001],[-115.15382,36.18985],[-115.15425,36.19],[-115.15449,36.19039],[-115.1545,36.19204]]}},{"type":"Feature","properties":{"name":"Euclid","highway":"residential","osm":"way/14313971"},"geometry":{"type":"LineString","coordinates":[[-115.11665,36.15785],[-115.11664,36.15766]]}},{"type":"Feature","properties":{"name":"Manzanita Way","highway":"residential","osm":"way/14313979"},"geometry":{"type":"LineString","coordinates":[[-115.13155,36.16306],[-115.13037,36.16256]]}},{"type":"Feature","properties":{"name":"Princess Jean Garden Street","highway":"residential","osm":"way/14314343"},"geometry":{"type":"LineString","coordinates":[[-115.13751,36.09872],[-115.1375,36.09731]]}},{"type":"Feature","properties":{"name":"Yucca Avenue","highway":"residential","osm":"way/14314356"},"geometry":{"type":"LineString","coordinates":[[-115.14098,36.15799],[-115.13959,36.15799],[-115.13953,36.15724]]}},{"type":"Feature","properties":{"name":"Armory Lane","highway":"unclassified","osm":"way/14314394"},"geometry":{"type":"LineString","coordinates":[[-115.11575,36.1653],[-115.11397,36.16525]]}},{"type":"Feature","properties":{"name":"Gold Avenue","highway":"residential","osm":"way/14314442"},"geometry":{"type":"LineString","coordinates":[[-115.15626,36.18737],[-115.15983,36.18739]]}},{"type":"Feature","properties":{"name":"North 10th Street","highway":"unclassified","osm":"way/14314593"},"geometry":{"type":"LineString","coordinates":[[-115.13499,36.1668],[-115.13426,36.16798]]}},{"type":"Feature","properties":{"name":"Bridger Avenue","highway":"tertiary","osm":"way/14314595"},"geometry":{"type":"LineString","coordinates":[[-115.14795,36.16938],[-115.14785,36.16934]]}},{"type":"Feature","properties":{"name":"Iron Horse Court","highway":"unclassified","osm":"way/14314699"},"geometry":{"type":"LineString","coordinates":[[-115.15738,36.16047],[-115.15727,36.16023]]}},{"type":"Feature","properties":{"name":"22nd Street","highway":"residential","osm":"way/14314739"},"geometry":{"type":"LineString","coordinates":[[-115.11953,36.18485],[-115.11954,36.18853]]}},{"type":"Feature","properties":{"name":"22nd Street","highway":"residential","osm":"way/14314740"},"geometry":{"type":"LineString","coordinates":[[-115.11968,36.18307],[-115.11969,36.18437]]}},{"type":"Feature","properties":{"name":"22nd Street","highway":"residential","osm":"way/14314741"},"geometry":{"type":"LineString","coordinates":[[-115.11967,36.18171],[-115.11972,36.18236]]}},{"type":"Feature","properties":{"name":"22nd Street","highway":"residential","osm":"way/14314742"},"geometry":{"type":"LineString","coordinates":[[-115.11974,36.18001],[-115.11966,36.18069]]}},{"type":"Feature","properties":{"name":"22nd Street","highway":"residential","osm":"way/14314743"},"geometry":{"type":"LineString","coordinates":[[-115.1197,36.1786],[-115.11975,36.17795]]}},{"type":"Feature","properties":{"name":"22nd Street","highway":"residential","osm":"way/14314744"},"geometry":{"type":"LineString","coordinates":[[-115.11977,36.1771],[-115.11979,36.17742]]}},{"type":"Feature","properties":{"name":"22nd Street","highway":"residential","osm":"way/14314745"},"geometry":{"type":"LineString","coordinates":[[-115.11976,36.17481],[-115.11988,36.17641]]}},{"type":"Feature","properties":{"name":"22nd Street","highway":"residential","osm":"way/14314747"},"geometry":{"type":"LineString","coordinates":[[-115.1197,36.17199],[-115.11977,36.17398]]}},{"type":"Feature","properties":{"name":"Debbie Reynolds Drive","highway":"unclassified","osm":"way/14314928"},"geometry":{"type":"LineString","coordinates":[[-115.15805,36.1323],[-115.15786,36.12972]]}},{"type":"Feature","properties":{"name":"26th Street","highway":"unclassified","osm":"way/14314985"},"geometry":{"type":"LineString","coordinates":[[-115.11397,36.16525],[-115.11394,36.16653]]}},{"type":"Feature","properties":{"name":"26th Street","highway":"residential","osm":"way/14314987"},"geometry":{"type":"LineString","coordinates":[[-115.11545,36.18307],[-115.11546,36.18372]]}},{"type":"Feature","properties":{"name":"26th Street","highway":"residential","osm":"way/14314988"},"geometry":{"type":"LineString","coordinates":[[-115.11543,36.1817],[-115.11545,36.18235]]}},{"type":"Feature","properties":{"name":"I Street","highway":"residential","osm":"way/14315029"},"geometry":{"type":"LineString","coordinates":[[-115.15273,36.17967],[-115.15268,36.18081]]}},{"type":"Feature","properties":{"name":"I Street","highway":"residential","osm":"way/14315035"},"geometry":{"type":"LineString","coordinates":[[-115.15398,36.18176],[-115.15402,36.18489]]}},{"type":"Feature","properties":{"name":"Melrose Drive","highway":"residential","osm":"way/14315039"},"geometry":{"type":"LineString","coordinates":[[-115.13838,36.18011],[-115.13901,36.17948]]}},{"type":"Feature","properties":{"name":"Melrose Drive","highway":"residential","osm":"way/14315040"},"geometry":{"type":"LineString","coordinates":[[-115.13838,36.18011],[-115.13839,36.18041]]}},{"type":"Feature","properties":{"name":"LINQ Lane","highway":"unclassified","osm":"way/14315105"},"geometry":{"type":"LineString","coordinates":[[-115.16793,36.1166],[-115.16791,36.11466]]}},{"type":"Feature","properties":{"name":"Audrie Street","highway":"unclassified","osm":"way/14315106"},"geometry":{"type":"LineString","coordinates":[[-115.17279,36.11311],[-115.16962,36.11319]]}},{"type":"Feature","properties":{"name":"South 3rd Street","highway":"unclassified","osm":"way/14315164"},"geometry":{"type":"LineString","coordinates":[[-115.14317,36.16983],[-115.14344,36.16943]]}},{"type":"Feature","properties":{"name":"South 3rd Street","highway":"tertiary","osm":"way/14315165"},"geometry":{"type":"LineString","coordinates":[[-115.15107,36.15876],[-115.15121,36.15689]]}},{"type":"Feature","properties":{"name":"Rome Street","highway":"residential","osm":"way/14315184"},"geometry":{"type":"LineString","coordinates":[[-115.13832,36.12971],[-115.1385,36.12691]]}},{"type":"Feature","properties":{"name":"Cedar Avenue","highway":"residential","osm":"way/14315302"},"geometry":{"type":"LineString","coordinates":[[-115.12512,36.1701],[-115.11608,36.1702],[-115.10558,36.16998]]}},{"type":"Feature","properties":{"name":"Lon Gene Court","highway":"residential","osm":"way/14315329"},"geometry":{"type":"LineString","coordinates":[[-115.12898,36.16529],[-115.12871,36.16518]]}},{"type":"Feature","properties":{"name":"East California Avenue","highway":"unclassified","osm":"way/14315445"},"geometry":{"type":"LineString","coordinates":[[-115.15368,36.15745],[-115.15118,36.15733]]}},{"type":"Feature","properties":{"name":"Francis Avenue","highway":"residential","osm":"way/14315664"},"geometry":{"type":"LineString","coordinates":[[-115.13669,36.15718],[-115.13389,36.15723],[-115.13373,36.15688],[-115.13286,36.15687]]}},{"type":"Feature","properties":{"name":"Francis Avenue","highway":"residential","osm":"way/14315667"},"geometry":{"type":"LineString","coordinates":[[-115.14101,36.15689],[-115.14014,36.15689],[-115.13992,36.15723],[-115.13724,36.15717]]}},{"type":"Feature","properties":{"name":"North 15th Street","highway":"tertiary","osm":"way/14315707"},"geometry":{"type":"LineString","coordinates":[[-115.12925,36.16433],[-115.12789,36.16674]]}},{"type":"Feature","properties":{"name":"Aldebaran Avenue","highway":"unclassified","osm":"way/14315901"},"geometry":{"type":"LineString","coordinates":[[-115.18315,36.12957],[-115.18316,36.12635]]}},{"type":"Feature","properties":{"name":"Aldebaran Avenue","highway":"unclassified","osm":"way/14315902"},"geometry":{"type":"LineString","coordinates":[[-115.18331,36.11051],[-115.18332,36.10918]]}},{"type":"Feature","properties":{"name":"First Interstate Drive","highway":"unclassified","osm":"way/14315936"},"geometry":{"type":"LineString","coordinates":[[-115.15896,36.1191],[-115.15886,36.1191]]}},{"type":"Feature","properties":{"name":"Bel Air Circle","highway":"residential","osm":"way/14316205"},"geometry":{"type":"LineString","coordinates":[[-115.14193,36.13386],[-115.1407,36.13383]]}},{"type":"Feature","properties":{"name":"Monterey Circle","highway":"residential","osm":"way/14316288"},"geometry":{"type":"LineString","coordinates":[[-115.15839,36.10477],[-115.15868,36.10459],[-115.1599,36.10459],[-115.15991,36.10608]]}},{"type":"Feature","properties":{"name":"Pico Way","highway":"residential","osm":"way/14316387"},"geometry":{"type":"LineString","coordinates":[[-115.12578,36.16467],[-115.12601,36.16431]]}},{"type":"Feature","properties":{"name":"Meyer Street","highway":"residential","osm":"way/14316474"},"geometry":{"type":"LineString","coordinates":[[-115.11005,36.18528],[-115.11034,36.18572],[-115.11031,36.18714]]}},{"type":"Feature","properties":{"name":"Meyer Street","highway":"residential","osm":"way/14316475"},"geometry":{"type":"LineString","coordinates":[[-115.11041,36.18104],[-115.1104,36.18113]]}},{"type":"Feature","properties":{"name":"South 11th Street","highway":"residential","osm":"way/14316577"},"geometry":{"type":"LineString","coordinates":[[-115.13458,36.16513],[-115.13829,36.15946],[-115.13839,36.15894]]}},{"type":"Feature","properties":{"name":"East Webb Avenue","highway":"residential","osm":"way/14316605"},"geometry":{"type":"LineString","coordinates":[[-115.13058,36.18919],[-115.11624,36.18926]]}},{"type":"Feature","properties":{"name":"East Webb Avenue","highway":"residential","osm":"way/14316608"},"geometry":{"type":"LineString","coordinates":[[-115.13869,36.18954],[-115.13666,36.18968]]}},{"type":"Feature","properties":{"name":"Shirley Street","highway":"residential","osm":"way/14316681"},"geometry":{"type":"LineString","coordinates":[[-115.14255,36.10095],[-115.14253,36.09917]]}},{"type":"Feature","properties":{"name":"Hospitality Circle","highway":"residential","osm":"way/14316710"},"geometry":{"type":"LineString","coordinates":[[-115.15708,36.11427],[-115.15708,36.11347],[-115.15771,36.11325]]}},{"type":"Feature","properties":{"name":"East Colorado Avenue","highway":"unclassified","osm":"way/14316799"},"geometry":{"type":"LineString","coordinates":[[-115.15378,36.15611],[-115.15127,36.156]]}},{"type":"Feature","properties":{"name":"Lamar Circle","highway":"residential","osm":"way/14316834"},"geometry":{"type":"LineString","coordinates":[[-115.15827,36.10627],[-115.15836,36.10803]]}},{"type":"Feature","properties":{"name":"Poppy Lane","highway":"residential","osm":"way/14316842"},"geometry":{"type":"LineString","coordinates":[[-115.11211,36.17555],[-115.1113,36.17558]]}},{"type":"Feature","properties":{"name":"Flower Street","highway":"residential","osm":"way/14316845"},"geometry":{"type":"LineString","coordinates":[[-115.11807,36.17552],[-115.11807,36.17638]]}},{"type":"Feature","properties":{"name":"Las Vegas Freeway","highway":"motorway","osm":"way/14316888"},"geometry":{"type":"LineString","coordinates":[[-115.15969,36.16651],[-115.15929,36.16754]]}},{"type":"Feature","properties":{"name":"Las Vegas Freeway","highway":"motorway","osm":"way/14316918"},"geometry":{"type":"LineString","coordinates":[[-115.15537,36.17401],[-115.15658,36.17269]]}},{"type":"Feature","properties":{"name":"Place du Chatelet","highway":"residential","osm":"way/14316947"},"geometry":{"type":"LineString","coordinates":[[-115.13851,36.12594],[-115.13854,36.1253]]}},{"type":"Feature","properties":{"name":"Corporate Drive","highway":"unclassified","osm":"way/14317248"},"geometry":{"type":"LineString","coordinates":[[-115.15502,36.11845],[-115.15449,36.11845]]}},{"type":"Feature","properties":{"name":"Marlin Avenue","highway":"residential","osm":"way/14317362"},"geometry":{"type":"LineString","coordinates":[[-115.13083,36.16863],[-115.13009,36.16831]]}},{"type":"Feature","properties":{"name":"Marlin Avenue","highway":"residential","osm":"way/14317363"},"geometry":{"type":"LineString","coordinates":[[-115.12818,36.16834],[-115.12611,36.16746]]}},{"type":"Feature","properties":{"name":"Marlin Avenue","highway":"residential","osm":"way/14317364"},"geometry":{"type":"LineString","coordinates":[[-115.12292,36.16741],[-115.11829,36.16741]]}},{"type":"Feature","properties":{"name":"Marlin Avenue","highway":"residential","osm":"way/14317365"},"geometry":{"type":"LineString","coordinates":[[-115.11496,36.16655],[-115.1149,36.16721],[-115.1144,36.16742],[-115.10724,36.16721]]}},{"type":"Feature","properties":{"name":"Royal Crest Circle","highway":"residential","osm":"way/14317465"},"geometry":{"type":"LineString","coordinates":[[-115.1474,36.12409],[-115.14622,36.12405]]}},{"type":"Feature","properties":{"name":"Young Street","highway":"residential","osm":"way/14317513"},"geometry":{"type":"LineString","coordinates":[[-115.14023,36.0987],[-115.14021,36.0977]]}},{"type":"Feature","properties":{"name":"Melinda Avenue","highway":"residential","osm":"way/14317520"},"geometry":{"type":"LineString","coordinates":[[-115.11969,36.18437],[-115.11754,36.18439]]}},{"type":"Feature","properties":{"name":"Melinda Avenue","highway":"residential","osm":"way/14317521"},"geometry":{"type":"LineString","coordinates":[[-115.12412,36.18411],[-115.12362,36.1844],[-115.12148,36.18437]]}},{"type":"Feature","properties":{"name":"K Street","highway":"residential","osm":"way/14317608"},"geometry":{"type":"LineString","coordinates":[[-115.15725,36.18838],[-115.15726,36.19078]]}},{"type":"Feature","properties":{"name":"Sycamore Lane","highway":"residential","osm":"way/14317717"},"geometry":{"type":"LineString","coordinates":[[-115.1408,36.18023],[-115.13821,36.17914]]}},{"type":"Feature","properties":{"name":"Sycamore Lane","highway":"residential","osm":"way/14317718"},"geometry":{"type":"LineString","coordinates":[[-115.13814,36.17951],[-115.13676,36.17931]]}},{"type":"Feature","properties":{"name":"South 16th Street","highway":"residential","osm":"way/14317721"},"geometry":{"type":"LineString","coordinates":[[-115.13061,36.15501],[-115.13058,36.15304]]}},{"type":"Feature","properties":{"name":"South 16th Street","highway":"residential","osm":"way/14317722"},"geometry":{"type":"LineString","coordinates":[[-115.13102,36.15798],[-115.13104,36.15487]]}},{"type":"Feature","properties":{"name":"South 16th Street","highway":"residential","osm":"way/14317724"},"geometry":{"type":"LineString","coordinates":[[-115.12884,36.16281],[-115.12917,36.16263],[-115.13119,36.15956],[-115.1313,36.15888]]}},{"type":"Feature","properties":{"name":"Cottonwood Place","highway":"residential","osm":"way/14317782"},"geometry":{"type":"LineString","coordinates":[[-115.13456,36.15723],[-115.13455,36.15798],[-115.13286,36.15797]]}},{"type":"Feature","properties":{"name":"Effinger Street","highway":"residential","osm":"way/14317897"},"geometry":{"type":"LineString","coordinates":[[-115.11303,36.17569],[-115.11293,36.17753]]}},{"type":"Feature","properties":{"name":"Boyer Street","highway":"residential","osm":"way/14318005"},"geometry":{"type":"LineString","coordinates":[[-115.14318,36.09845],[-115.14317,36.09691]]}},{"type":"Feature","properties":{"name":"E Street","highway":"residential","osm":"way/14318019"},"geometry":{"type":"LineString","coordinates":[[-115.14844,36.17931],[-115.14815,36.17974],[-115.14847,36.188]]}},{"type":"Feature","properties":{"name":"Theresa Avenue","highway":"residential","osm":"way/14318273"},"geometry":{"type":"LineString","coordinates":[[-115.11039,36.18299],[-115.10784,36.18294]]}},{"type":"Feature","properties":{"name":"Theresa Avenue","highway":"residential","osm":"way/14318275"},"geometry":{"type":"LineString","coordinates":[[-115.11545,36.18307],[-115.1132,36.183]]}},{"type":"Feature","properties":{"name":"East Naples Drive","highway":"unclassified","osm":"way/14318466"},"geometry":{"type":"LineString","coordinates":[[-115.15358,36.10575],[-115.15137,36.10572]]}},{"type":"Feature","properties":{"name":"East Carson Avenue","highway":"tertiary","osm":"way/14318520"},"geometry":{"type":"LineString","coordinates":[[-115.14259,36.16858],[-115.1415,36.16811]]}},{"type":"Feature","properties":{"name":"East Carson Avenue","highway":"unclassified","osm":"way/14318522"},"geometry":{"type":"LineString","coordinates":[[-115.14707,36.17051],[-115.14595,36.17003]]}},{"type":"Feature","properties":{"name":"East Carson Avenue","highway":"residential","osm":"way/14318523"},"geometry":{"type":"LineString","coordinates":[[-115.12884,36.16281],[-115.12833,36.1628],[-115.12688,36.16218],[-115.12658,36.16184]]}},{"type":"Feature","properties":{"name":"East Carson Avenue","highway":"residential","osm":"way/14318525"},"geometry":{"type":"LineString","coordinates":[[-115.13027,36.16271],[-115.12939,36.16232]]}},{"type":"Feature","properties":{"name":"3rd Place","highway":"unclassified","osm":"way/14318582"},"geometry":{"type":"LineString","coordinates":[[-115.14996,36.15879],[-115.15,36.15825]]}},{"type":"Feature","properties":{"name":"Garces Avenue","highway":"tertiary","osm":"way/14318602"},"geometry":{"type":"LineString","coordinates":[[-115.14872,36.16375],[-115.14858,36.1637]]}},{"type":"Feature","properties":{"name":"Toni Avenue","highway":"residential","osm":"way/14318961"},"geometry":{"type":"LineString","coordinates":[[-115.14493,36.09761],[-115.13808,36.09773]]}},{"type":"Feature","properties":{"name":"Sagman Street","highway":"residential","osm":"way/14319094"},"geometry":{"type":"LineString","coordinates":[[-115.12706,36.1787],[-115.12706,36.18111]]}},{"type":"Feature","properties":{"name":"Charlotte Drive","highway":"residential","osm":"way/14319214"},"geometry":{"type":"LineString","coordinates":[[-115.15828,36.11116],[-115.15893,36.11073]]}},{"type":"Feature","properties":{"name":"Park Paseo","highway":"residential","osm":"way/14319399"},"geometry":{"type":"LineString","coordinates":[[-115.14604,36.15728],[-115.14426,36.15732],[-115.14355,36.158],[-115.14189,36.15794]]}},{"type":"Feature","properties":{"name":"Park Paseo","highway":"residential","osm":"way/14319400"},"geometry":{"type":"LineString","coordinates":[[-115.14753,36.15697],[-115.14606,36.15696]]}},{"type":"Feature","properties":{"name":"Bethesda Circle","highway":"residential","osm":"way/14319487"},"geometry":{"type":"LineString","coordinates":[[-115.11392,36.18037],[-115.11391,36.18063]]}},{"type":"Feature","properties":{"name":"Arthur Street","highway":"residential","osm":"way/14319652"},"geometry":{"type":"LineString","coordinates":[[-115.11123,36.18927],[-115.11111,36.19121]]}},{"type":"Feature","properties":{"name":"Demetrius Avenue","highway":"residential","osm":"way/14319717"},"geometry":{"type":"LineString","coordinates":[[-115.12062,36.18372],[-115.1167,36.18369]]}},{"type":"Feature","properties":{"name":"North 13th Street","highway":"residential","osm":"way/14319763"},"geometry":{"type":"LineString","coordinates":[[-115.12928,36.16884],[-115.12899,36.16931]]}},{"type":"Feature","properties":{"name":"North 13th Street","highway":"residential","osm":"way/14319765"},"geometry":{"type":"LineString","coordinates":[[-115.12911,36.17009],[-115.12899,36.1775]]}},{"type":"Feature","properties":{"name":"28th Circle","highway":"residential","osm":"way/14319798"},"geometry":{"type":"LineString","coordinates":[[-115.11224,36.18033],[-115.11223,36.18061]]}},{"type":"Feature","properties":{"name":"De Met Drive","highway":"residential","osm":"way/14319905"},"geometry":{"type":"LineString","coordinates":[[-115.14599,36.0955],[-115.14232,36.09552]]}},{"type":"Feature","properties":{"name":"Rolling Green Drive","highway":"residential","osm":"way/14319908"},"geometry":{"type":"LineString","coordinates":[[-115.14989,36.12551],[-115.15012,36.12551],[-115.15005,36.12588],[-115.1492,36.12587],[-115.14913,36.12507]]}},{"type":"Feature","properties":{"name":"Woodard Street","highway":"residential","osm":"way/14319961"},"geometry":{"type":"LineString","coordinates":[[-115.13058,36.18842],[-115.13058,36.18851]]}},{"type":"Feature","properties":{"name":"Marcia Avenue","highway":"residential","osm":"way/14319965"},"geometry":{"type":"LineString","coordinates":[[-115.11005,36.18528],[-115.10819,36.18507]]}},{"type":"Feature","properties":{"name":"Daisy Street","highway":"residential","osm":"way/14319975"},"geometry":{"type":"LineString","coordinates":[[-115.14702,36.12046],[-115.14704,36.1189]]}},{"type":"Feature","properties":{"name":"Reeder Circle","highway":"residential","osm":"way/14320032"},"geometry":{"type":"LineString","coordinates":[[-115.14041,36.09692],[-115.14045,36.09364]]}},{"type":"Feature","properties":{"name":"5th Place","highway":"residential","osm":"way/14320046"},"geometry":{"type":"LineString","coordinates":[[-115.14703,36.15696],[-115.1473,36.15141]]}},{"type":"Feature","properties":{"name":"Garden Lane","highway":"residential","osm":"way/14320053"},"geometry":{"type":"LineString","coordinates":[[-115.13756,36.0968],[-115.13757,36.09723]]}},{"type":"Feature","properties":{"name":"27th Street","highway":"residential","osm":"way/14320087"},"geometry":{"type":"LineString","coordinates":[[-115.11322,36.18231],[-115.11315,36.18481]]}},{"type":"Feature","properties":{"name":"27th Street","highway":"residential","osm":"way/14320088"},"geometry":{"type":"LineString","coordinates":[[-115.11271,36.16273],[-115.11274,36.15877]]}},{"type":"Feature","properties":{"name":"Raul Court","highway":"residential","osm":"way/14320118"},"geometry":{"type":"LineString","coordinates":[[-115.11035,36.18838],[-115.11035,36.18798]]}},{"type":"Feature","properties":{"name":"Joe W. Brown Drive","highway":"secondary","osm":"way/14320341"},"geometry":{"type":"LineString","coordinates":[[-115.14592,36.12978],[-115.14591,36.12984]]}},{"type":"Feature","properties":{"name":"South Commerce Street","highway":"primary","osm":"way/14320536"},"geometry":{"type":"LineString","coordinates":[[-115.15162,36.16393],[-115.15264,36.16247]]}},{"type":"Feature","properties":{"name":"West Wilson Avenue","highway":"residential","osm":"way/14320610"},"geometry":{"type":"LineString","coordinates":[[-115.15062,36.17824],[-115.15187,36.17819]]}},{"type":"Feature","properties":{"name":"Lewis Avenue","highway":"unclassified","osm":"way/14320769"},"geometry":{"type":"LineString","coordinates":[[-115.1487,36.16821],[-115.1486,36.16816]]}},{"type":"Feature","properties":{"name":"Lewis Avenue","highway":"unclassified","osm":"way/14320770"},"geometry":{"type":"LineString","coordinates":[[-115.1463,36.16719],[-115.14409,36.16624]]}},{"type":"Feature","properties":{"name":"Lewis Avenue","highway":"residential","osm":"way/14320772"},"geometry":{"type":"LineString","coordinates":[[-115.14125,36.16501],[-115.14068,36.16477]]}},{"type":"Feature","properties":{"name":"Lewis Avenue","highway":"residential","osm":"way/14320773"},"geometry":{"type":"LineString","coordinates":[[-115.13121,36.16128],[-115.12857,36.16014]]}},{"type":"Feature","properties":{"name":"Lewis Avenue","highway":"residential","osm":"way/14320775"},"geometry":{"type":"LineString","coordinates":[[-115.12763,36.15995],[-115.12271,36.15981]]}},{"type":"Feature","properties":{"name":"18th Street","highway":"residential","osm":"way/14320780"},"geometry":{"type":"LineString","coordinates":[[-115.12395,36.17515],[-115.12361,36.17558],[-115.12361,36.17705]]}},{"type":"Feature","properties":{"name":"18th Street","highway":"residential","osm":"way/14320782"},"geometry":{"type":"LineString","coordinates":[[-115.12385,36.1626],[-115.12387,36.1665]]}},{"type":"Feature","properties":{"name":"18th Street","highway":"residential","osm":"way/14320784"},"geometry":{"type":"LineString","coordinates":[[-115.12359,36.17754],[-115.12358,36.17865],[-115.12331,36.17896],[-115.12368,36.17958],[-115.12368,36.18112]]}},{"type":"Feature","properties":{"name":"Jackson Avenue","highway":"residential","osm":"way/14320789"},"geometry":{"type":"LineString","coordinates":[[-115.14461,36.18603],[-115.15191,36.18585]]}},{"type":"Feature","properties":{"name":"Jackson Avenue","highway":"residential","osm":"way/14320790"},"geometry":{"type":"LineString","coordinates":[[-115.15627,36.1858],[-115.15984,36.1858]]}},{"type":"Feature","properties":{"name":"Turner Street","highway":"residential","osm":"way/14320802"},"geometry":{"type":"LineString","coordinates":[[-115.13809,36.09872],[-115.13808,36.09773]]}},{"type":"Feature","properties":{"name":"Held Road","highway":"residential","osm":"way/14320926"},"geometry":{"type":"LineString","coordinates":[[-115.12608,36.1787],[-115.12611,36.18066]]}},{"type":"Feature","properties":{"name":"Harley Way","highway":"residential","osm":"way/14321114"},"geometry":{"type":"LineString","coordinates":[[-115.12754,36.16543],[-115.12723,36.1657],[-115.12599,36.16573]]}},{"type":"Feature","properties":{"name":"Pinks Place","highway":"unclassified","osm":"way/14321139"},"geometry":{"type":"LineString","coordinates":[[-115.18315,36.12866],[-115.18552,36.12878]]}},{"type":"Feature","properties":{"name":"West Charleston Boulevard","highway":"primary","osm":"way/14321263"},"geometry":{"type":"LineString","coordinates":[[-115.15487,36.15892],[-115.15534,36.15892]]}},{"type":"Feature","properties":{"name":"East Ali Baba Lane","highway":"unclassified","osm":"way/14321269"},"geometry":{"type":"LineString","coordinates":[[-115.17049,36.09544],[-115.16868,36.09543]]}},{"type":"Feature","properties":{"name":"Radkovich Avenue","highway":"residential","osm":"way/14321297"},"geometry":{"type":"LineString","coordinates":[[-115.14357,36.09916],[-115.14141,36.09918]]}},{"type":"Feature","properties":{"name":"Linden Avenue","highway":"residential","osm":"way/14321396"},"geometry":{"type":"LineString","coordinates":[[-115.12526,36.17283],[-115.12064,36.17286]]}},{"type":"Feature","properties":{"name":"A Street","highway":"tertiary","osm":"way/14321427"},"geometry":{"type":"LineString","coordinates":[[-115.14309,36.18125],[-115.14312,36.18624],[-115.14264,36.18797]]}},{"type":"Feature","properties":{"name":null,"highway":"secondary_link","osm":"way/14321428"},"geometry":{"type":"LineString","coordinates":[[-115.14277,36.18833],[-115.14264,36.18797]]}},{"type":"Feature","properties":{"name":"Stanley Avenue","highway":"residential","osm":"way/14321480"},"geometry":{"type":"LineString","coordinates":[[-115.13058,36.18991],[-115.11615,36.18998]]}},{"type":"Feature","properties":{"name":"Stanley Avenue","highway":"residential","osm":"way/14321487"},"geometry":{"type":"LineString","coordinates":[[-115.11025,36.18988],[-115.1077,36.1899]]}},{"type":"Feature","properties":{"name":"Center Circle","highway":"unclassified","osm":"way/14321553"},"geometry":{"type":"LineString","coordinates":[[-115.158,36.11553],[-115.15663,36.11675]]}},{"type":"Feature","properties":{"name":"Terry Drive","highway":"residential","osm":"way/14321648"},"geometry":{"type":"LineString","coordinates":[[-115.15796,36.13102],[-115.15664,36.131]]}},{"type":"Feature","properties":{"name":"Constantine Way","highway":"residential","osm":"way/14321730"},"geometry":{"type":"LineString","coordinates":[[-115.12706,36.18069],[-115.12611,36.18066]]}},{"type":"Feature","properties":{"name":"South 8th Street","highway":"residential","osm":"way/14321814"},"geometry":{"type":"LineString","coordinates":[[-115.14395,36.15746],[-115.14406,36.15506]]}},{"type":"Feature","properties":{"name":"South 8th Street","highway":"residential","osm":"way/14321815"},"geometry":{"type":"LineString","coordinates":[[-115.14388,36.15505],[-115.14401,36.15153]]}},{"type":"Feature","properties":{"name":"South 8th Street","highway":"unclassified","osm":"way/14321816"},"geometry":{"type":"LineString","coordinates":[[-115.13727,36.16778],[-115.13802,36.16661]]}},{"type":"Feature","properties":{"name":"South 8th Street","highway":"tertiary","osm":"way/14321818"},"geometry":{"type":"LineString","coordinates":[[-115.14028,36.16311],[-115.14104,36.16195]]}},{"type":"Feature","properties":{"name":"Jessica Avenue","highway":"residential","osm":"way/14321934"},"geometry":{"type":"LineString","coordinates":[[-115.13644,36.15655],[-115.13382,36.15653],[-115.13373,36.15688]]}},{"type":"Feature","properties":{"name":"Jessica Avenue","highway":"residential","osm":"way/14321935"},"geometry":{"type":"LineString","coordinates":[[-115.14014,36.15689],[-115.14003,36.15655],[-115.13751,36.15657]]}},{"type":"Feature","properties":{"name":"East Ogden Avenue","highway":"residential","osm":"way/14321965"},"geometry":{"type":"LineString","coordinates":[[-115.12388,36.16454],[-115.1181,36.16454]]}},{"type":"Feature","properties":{"name":"East Ogden Avenue","highway":"tertiary","osm":"way/14321966"},"geometry":{"type":"LineString","coordinates":[[-115.14549,36.17274],[-115.14493,36.1725]]}},{"type":"Feature","properties":{"name":"Duke Ellington Way","highway":"unclassified","osm":"way/14321987"},"geometry":{"type":"LineString","coordinates":[[-115.16662,36.09726],[-115.16665,36.10081]]}},{"type":"Feature","properties":{"name":"Coolidge Avenue","highway":"unclassified","osm":"way/14322061"},"geometry":{"type":"LineString","coordinates":[[-115.15035,36.15998],[-115.14867,36.15925]]}},{"type":"Feature","properties":{"name":"Raul Street","highway":"residential","osm":"way/14322068"},"geometry":{"type":"LineString","coordinates":[[-115.11031,36.18918],[-115.11025,36.18988]]}},{"type":"Feature","properties":{"name":"East McWilliams Avenue","highway":"residential","osm":"way/14322216"},"geometry":{"type":"LineString","coordinates":[[-115.12899,36.17709],[-115.12361,36.17705]]}},{"type":"Feature","properties":{"name":"East McWilliams Avenue","highway":"residential","osm":"way/14322217"},"geometry":{"type":"LineString","coordinates":[[-115.12166,36.17711],[-115.11624,36.17712]]}},{"type":"Feature","properties":{"name":"East McWilliams Avenue","highway":"unclassified","osm":"way/14322219"},"geometry":{"type":"LineString","coordinates":[[-115.13552,36.17734],[-115.13492,36.1771]]}},{"type":"Feature","properties":{"name":"Euclid Avenue","highway":"residential","osm":"way/14322323"},"geometry":{"type":"LineString","coordinates":[[-115.11664,36.15766],[-115.11665,36.15494],[-115.11619,36.15382],[-115.11617,36.14986],[-115.11642,36.14954]]}},{"type":"Feature","properties":{"name":"South Las Vegas Boulevard","highway":"primary","osm":"way/14322332"},"geometry":{"type":"LineString","coordinates":[[-115.15103,36.15331],[-115.14974,36.15527]]}},{"type":"Feature","properties":{"name":"Joshua Way","highway":"residential","osm":"way/14322370"},"geometry":{"type":"LineString","coordinates":[[-115.1323,36.16191],[-115.13113,36.16141]]}},{"type":"Feature","properties":{"name":"Biltmore Drive","highway":"residential","osm":"way/14322450"},"geometry":{"type":"LineString","coordinates":[[-115.1411,36.17652],[-115.14035,36.17697],[-115.13976,36.17799],[-115.13891,36.17824],[-115.13839,36.17865],[-115.13799,36.18004],[-115.13838,36.18011]]}},{"type":"Feature","properties":{"name":"Haven Street","highway":"unclassified","osm":"way/14322654"},"geometry":{"type":"LineString","coordinates":[[-115.16832,36.0964],[-115.16829,36.09537]]}},{"type":"Feature","properties":{"name":"Brady Avenue","highway":"residential","osm":"way/14322817"},"geometry":{"type":"LineString","coordinates":[[-115.11543,36.1817],[-115.11207,36.18161]]}},{"type":"Feature","properties":{"name":"Brady Avenue","highway":"residential","osm":"way/14322820"},"geometry":{"type":"LineString","coordinates":[[-115.1104,36.18161],[-115.10725,36.1816]]}},{"type":"Feature","properties":{"name":"Levy Lane","highway":"residential","osm":"way/14322870"},"geometry":{"type":"LineString","coordinates":[[-115.15549,36.17908],[-115.15551,36.18025]]}},{"type":"Feature","properties":{"name":"Arthur Avenue","highway":"tertiary","osm":"way/14323097"},"geometry":{"type":"LineString","coordinates":[[-115.11091,36.18503],[-115.11119,36.18564],[-115.11121,36.18839]]}},{"type":"Feature","properties":{"name":"Oak Brook Lane","highway":"residential","osm":"way/14323129"},"geometry":{"type":"LineString","coordinates":[[-115.15037,36.12417],[-115.15038,36.12385],[-115.15093,36.12388]]}},{"type":"Feature","properties":{"name":"B Street","highway":"residential","osm":"way/14323235"},"geometry":{"type":"LineString","coordinates":[[-115.14452,36.18301],[-115.1447,36.18818]]}},{"type":"Feature","properties":{"name":"Fashion Show Drive","highway":"tertiary","osm":"way/14323238"},"geometry":{"type":"LineString","coordinates":[[-115.16776,36.12765],[-115.16792,36.12771]]}},{"type":"Feature","properties":{"name":"Sunrise Street","highway":"residential","osm":"way/14323293"},"geometry":{"type":"LineString","coordinates":[[-115.11607,36.16053],[-115.1139,36.1605]]}},{"type":"Feature","properties":{"name":"Maydelle Place","highway":"residential","osm":"way/14323329"},"geometry":{"type":"LineString","coordinates":[[-115.11342,36.17013],[-115.11343,36.1719]]}},{"type":"Feature","properties":{"name":"Hughes Center Drive","highway":"unclassified","osm":"way/14323385"},"geometry":{"type":"LineString","coordinates":[[-115.15874,36.11634],[-115.15892,36.11623]]}},{"type":"Feature","properties":{"name":"Hughes Center Drive","highway":"unclassified","osm":"way/14323388"},"geometry":{"type":"LineString","coordinates":[[-115.15477,36.11675],[-115.15528,36.11665],[-115.15535,36.11619]]}},{"type":"Feature","properties":{"name":"Highland Drive","highway":"tertiary","osm":"way/14323410"},"geometry":{"type":"LineString","coordinates":[[-115.17438,36.13527],[-115.1787,36.12898],[-115.17884,36.12838]]}},{"type":"Feature","properties":{"name":"Grant Street","highway":"residential","osm":"way/14323419"},"geometry":{"type":"LineString","coordinates":[[-115.1548,36.17908],[-115.15481,36.18024]]}},{"type":"Feature","properties":{"name":"Dorothy Avenue","highway":"residential","osm":"way/14323425"},"geometry":{"type":"LineString","coordinates":[[-115.1359,36.10321],[-115.13108,36.10314]]}},{"type":"Feature","properties":{"name":"McDaniel Street","highway":"tertiary","osm":"way/14323467"},"geometry":{"type":"LineString","coordinates":[[-115.12065,36.18852],[-115.12066,36.1905]]}},{"type":"Feature","properties":{"name":"Claymont Street","highway":"tertiary","osm":"way/14323545"},"geometry":{"type":"LineString","coordinates":[[-115.14226,36.11457],[-115.14226,36.11435]]}},{"type":"Feature","properties":{"name":"Westchester Drive","highway":"unclassified","osm":"way/14323635"},"geometry":{"type":"LineString","coordinates":[[-115.16119,36.11917],[-115.164,36.11921]]}},{"type":"Feature","properties":{"name":"Calcaterra Circle","highway":"residential","osm":"way/14323856"},"geometry":{"type":"LineString","coordinates":[[-115.1522,36.11825],[-115.1506,36.11824]]}},{"type":"Feature","properties":{"name":"Wendell Avenue","highway":"residential","osm":"way/14323858"},"geometry":{"type":"LineString","coordinates":[[-115.12264,36.17945],[-115.11671,36.17933]]}},{"type":"Feature","properties":{"name":"MGM Road","highway":"unclassified","osm":"way/14323862"},"geometry":{"type":"LineString","coordinates":[[-115.17182,36.10394],[-115.1698,36.10407]]}},{"type":"Feature","properties":{"name":"Dalton Drive","highway":"residential","osm":"way/14323965"},"geometry":{"type":"LineString","coordinates":[[-115.14492,36.0969],[-115.14479,36.09646],[-115.14425,36.09619],[-115.14139,36.09621]]}},{"type":"Feature","properties":{"name":"Walnut Avenue","highway":"residential","osm":"way/14324008"},"geometry":{"type":"LineString","coordinates":[[-115.11172,36.1719],[-115.1095,36.17186]]}},{"type":"Feature","properties":{"name":"Demetrius Avenue","highway":"residential","osm":"way/14324163"},"geometry":{"type":"LineString","coordinates":[[-115.11615,36.18373],[-115.11318,36.18369]]}},{"type":"Feature","properties":{"name":"Demetrius Avenue","highway":"residential","osm":"way/14324164"},"geometry":{"type":"LineString","coordinates":[[-115.11035,36.18362],[-115.10724,36.18367]]}},{"type":"Feature","properties":{"name":"Deirdre Street","highway":"residential","osm":"way/14324189"},"geometry":{"type":"LineString","coordinates":[[-115.13593,36.1039],[-115.13581,36.10192]]}},{"type":"Feature","properties":{"name":"West Desert Inn Road","highway":"tertiary","osm":"way/14324262"},"geometry":{"type":"LineString","coordinates":[[-115.17452,36.12951],[-115.17547,36.12971]]}},{"type":"Feature","properties":{"name":"Constantine Avenue","highway":"residential","osm":"way/14324347"},"geometry":{"type":"LineString","coordinates":[[-115.11602,36.17974],[-115.1155,36.17976],[-115.11447,36.18038],[-115.10878,36.18025]]}},{"type":"Feature","properties":{"name":"South Casino Center Boulevard","highway":"secondary","osm":"way/14324403"},"geometry":{"type":"LineString","coordinates":[[-115.14437,36.17028],[-115.14485,36.16955]]}},{"type":"Feature","properties":{"name":"Madison Avenue","highway":"residential","osm":"way/14324544"},"geometry":{"type":"LineString","coordinates":[[-115.15285,36.18364],[-115.1608,36.18371]]}},{"type":"Feature","properties":{"name":"Madison Avenue","highway":"residential","osm":"way/14324546"},"geometry":{"type":"LineString","coordinates":[[-115.14454,36.184],[-115.14704,36.18395]]}},{"type":"Feature","properties":{"name":"Ascot Drive","highway":"unclassified","osm":"way/14324567"},"geometry":{"type":"LineString","coordinates":[[-115.13531,36.1077],[-115.13611,36.10601]]}},{"type":"Feature","properties":{"name":"8th Place","highway":"residential","osm":"way/14324571"},"geometry":{"type":"LineString","coordinates":[[-115.14289,36.15799],[-115.14295,36.15599],[-115.14197,36.15594]]}},{"type":"Feature","properties":{"name":"Isabelle Avenue","highway":"residential","osm":"way/14324696"},"geometry":{"type":"LineString","coordinates":[[-115.12044,36.16308],[-115.11596,36.1631]]}},{"type":"Feature","properties":{"name":"Tulip Lane","highway":"residential","osm":"way/14324743"},"geometry":{"type":"LineString","coordinates":[[-115.1161,36.17618],[-115.11448,36.17617]]}},{"type":"Feature","properties":{"name":"Houston Drive","highway":"residential","osm":"way/14324764"},"geometry":{"type":"LineString","coordinates":[[-115.12338,36.1559],[-115.11896,36.15587]]}},{"type":"Feature","properties":{"name":"Ralph Circle","highway":"residential","osm":"way/14324814"},"geometry":{"type":"LineString","coordinates":[[-115.12412,36.18411],[-115.12447,36.1844]]}},{"type":"Feature","properties":{"name":"Gass Avenue","highway":"tertiary","osm":"way/14324847"},"geometry":{"type":"LineString","coordinates":[[-115.14935,36.16253],[-115.14713,36.16159]]}},{"type":"Feature","properties":{"name":"Harris Avenue","highway":"residential","osm":"way/14324909"},"geometry":{"type":"LineString","coordinates":[[-115.12933,36.17757],[-115.12536,36.17752]]}},{"type":"Feature","properties":{"name":"Harris Avenue","highway":"residential","osm":"way/14324910"},"geometry":{"type":"LineString","coordinates":[[-115.13082,36.17744],[-115.13392,36.17744]]}},{"type":"Feature","properties":{"name":"Mark Avenue","highway":"residential","osm":"way/14325092"},"geometry":{"type":"LineString","coordinates":[[-115.14702,36.12046],[-115.1462,36.12064]]}},{"type":"Feature","properties":{"name":"Koval Lane","highway":"secondary","osm":"way/14325158"},"geometry":{"type":"LineString","coordinates":[[-115.16416,36.12247],[-115.16416,36.1223]]}},{"type":"Feature","properties":{"name":"Leslie Avenue","highway":"residential","osm":"way/14325247"},"geometry":{"type":"LineString","coordinates":[[-115.1245,36.17974],[-115.12369,36.1797]]}},{"type":"Feature","properties":{"name":"East Reno Avenue","highway":"secondary","osm":"way/22971066"},"geometry":{"type":"LineString","coordinates":[[-115.16483,36.09722],[-115.16957,36.09728]]}},{"type":"Feature","properties":{"name":"Las Vegas Freeway","highway":"motorway","osm":"way/25634879"},"geometry":{"type":"LineString","coordinates":[[-115.18084,36.10447],[-115.18084,36.10155]]}},{"type":"Feature","properties":{"name":"Dean Martin Drive","highway":"secondary","osm":"way/25634881"},"geometry":{"type":"LineString","coordinates":[[-115.18202,36.11782],[-115.18151,36.11891]]}},{"type":"Feature","properties":{"name":"Bellagio Drive","highway":"unclassified","osm":"way/25718284"},"geometry":{"type":"LineString","coordinates":[[-115.17467,36.11133],[-115.17453,36.11123]]}},{"type":"Feature","properties":{"name":"Bellagio Drive","highway":"unclassified","osm":"way/25718286"},"geometry":{"type":"LineString","coordinates":[[-115.17389,36.11102],[-115.17325,36.11105]]}},{"type":"Feature","properties":{"name":"Cathedral Way","highway":"unclassified","osm":"way/25731590"},"geometry":{"type":"LineString","coordinates":[[-115.16515,36.13115],[-115.16446,36.13082]]}},{"type":"Feature","properties":{"name":"South Las Vegas Boulevard","highway":"primary","osm":"way/25794060"},"geometry":{"type":"LineString","coordinates":[[-115.14863,36.15698],[-115.14781,36.1582]]}},{"type":"Feature","properties":{"name":"West Owens Avenue","highway":"secondary","osm":"way/25829316"},"geometry":{"type":"LineString","coordinates":[[-115.14446,36.18826],[-115.14363,36.18833]]}},{"type":"Feature","properties":{"name":"West Owens Avenue","highway":"secondary","osm":"way/25829317"},"geometry":{"type":"LineString","coordinates":[[-115.14293,36.18833],[-115.13945,36.18836]]}},{"type":"Feature","properties":{"name":"Las Vegas Freeway","highway":"motorway","osm":"way/25829528"},"geometry":{"type":"LineString","coordinates":[[-115.14668,36.17979],[-115.14714,36.17953]]}},{"type":"Feature","properties":{"name":"Las Vegas Freeway","highway":"motorway","osm":"way/25829530"},"geometry":{"type":"LineString","coordinates":[[-115.14667,36.17959],[-115.14518,36.18073]]}},{"type":"Feature","properties":{"name":"Las Vegas Freeway","highway":"motorway","osm":"way/25829531"},"geometry":{"type":"LineString","coordinates":[[-115.14713,36.17933],[-115.14667,36.17959]]}},{"type":"Feature","properties":{"name":"Las Vegas Freeway","highway":"motorway","osm":"way/25829733"},"geometry":{"type":"LineString","coordinates":[[-115.14958,36.17821],[-115.15101,36.17739]]}},{"type":"Feature","properties":{"name":"Purple Heart Highway","highway":"motorway","osm":"way/27146726"},"geometry":{"type":"LineString","coordinates":[[-115.11626,36.16783],[-115.11548,36.16783]]}},{"type":"Feature","properties":{"name":"Purple Heart Highway","highway":"motorway","osm":"way/27146729"},"geometry":{"type":"LineString","coordinates":[[-115.11627,36.16799],[-115.12024,36.16796]]}},{"type":"Feature","properties":{"name":"Tarkanian Way","highway":"unclassified","osm":"way/27146813"},"geometry":{"type":"LineString","coordinates":[[-115.14605,36.1065],[-115.14601,36.10481],[-115.14573,36.10414]]}},{"type":"Feature","properties":{"name":"Brussels Street","highway":"unclassified","osm":"way/27146877"},"geometry":{"type":"LineString","coordinates":[[-115.13935,36.10446],[-115.13924,36.10301]]}},{"type":"Feature","properties":{"name":"West Tropicana Avenue","highway":"primary","osm":"way/27147135"},"geometry":{"type":"LineString","coordinates":[[-115.17826,36.10064],[-115.1774,36.10068]]}},{"type":"Feature","properties":{"name":"East Harmon Avenue","highway":"unclassified","osm":"way/27525247"},"geometry":{"type":"LineString","coordinates":[[-115.14982,36.108],[-115.15042,36.10801]]}},{"type":"Feature","properties":{"name":"East Naples Drive","highway":"unclassified","osm":"way/27525252"},"geometry":{"type":"LineString","coordinates":[[-115.14949,36.10568],[-115.14798,36.10567]]}},{"type":"Feature","properties":{"name":"Wilbur Clark D.I. Road","highway":"primary","osm":"way/27628992"},"geometry":{"type":"LineString","coordinates":[[-115.16561,36.13111],[-115.16658,36.13141]]}},{"type":"Feature","properties":{"name":null,"highway":"motorway_link","osm":"way/27831313"},"geometry":{"type":"LineString","coordinates":[[-115.17876,36.10037],[-115.1781,36.10058]]}},{"type":"Feature","properties":{"name":null,"highway":"motorway_link","osm":"way/27831314"},"geometry":{"type":"LineString","coordinates":[[-115.18108,36.10053],[-115.1806,36.10011],[-115.17995,36.09998],[-115.17876,36.10037]]}},{"type":"Feature","properties":{"name":null,"highway":"motorway_link","osm":"way/27831315"},"geometry":{"type":"LineString","coordinates":[[-115.18103,36.1042],[-115.1811,36.10291]]}},{"type":"Feature","properties":{"name":"West Tropicana Avenue","highway":"primary","osm":"way/27831318"},"geometry":{"type":"LineString","coordinates":[[-115.18167,36.1006],[-115.1812,36.1006]]}},{"type":"Feature","properties":{"name":"West Tropicana Avenue","highway":"primary","osm":"way/27831321"},"geometry":{"type":"LineString","coordinates":[[-115.17931,36.10091],[-115.18003,36.10092]]}},{"type":"Feature","properties":{"name":"West Tropicana Avenue","highway":"primary","osm":"way/27831322"},"geometry":{"type":"LineString","coordinates":[[-115.18213,36.10061],[-115.18167,36.1006]]}},{"type":"Feature","properties":{"name":null,"highway":"motorway_link","osm":"way/27831323"},"geometry":{"type":"LineString","coordinates":[[-115.1803,36.09924],[-115.18026,36.10102]]}},{"type":"Feature","properties":{"name":"West Flamingo Road","highway":"primary","osm":"way/27831405"},"geometry":{"type":"LineString","coordinates":[[-115.17999,36.11447],[-115.17985,36.11449]]}},{"type":"Feature","properties":{"name":"West Flamingo Road","highway":"primary","osm":"way/27831406"},"geometry":{"type":"LineString","coordinates":[[-115.18001,36.11464],[-115.18127,36.11452]]}},{"type":"Feature","properties":{"name":"West Flamingo Road","highway":"primary","osm":"way/27831407"},"geometry":{"type":"LineString","coordinates":[[-115.18294,36.11422],[-115.18156,36.1143]]}},{"type":"Feature","properties":{"name":"West Flamingo Road","highway":"primary","osm":"way/27831408"},"geometry":{"type":"LineString","coordinates":[[-115.18381,36.11433],[-115.18324,36.11424]]}},{"type":"Feature","properties":{"name":"West Flamingo Road","highway":"primary","osm":"way/27831409"},"geometry":{"type":"LineString","coordinates":[[-115.18321,36.11442],[-115.18381,36.11449]]}},{"type":"Feature","properties":{"name":"West Flamingo Road","highway":"primary","osm":"way/27831411"},"geometry":{"type":"LineString","coordinates":[[-115.18381,36.11449],[-115.18439,36.11461]]}},{"type":"Feature","properties":{"name":"West Flamingo Road","highway":"primary","osm":"way/27831412"},"geometry":{"type":"LineString","coordinates":[[-115.1811,36.11436],[-115.17999,36.11447]]}},{"type":"Feature","properties":{"name":"West Flamingo Road","highway":"primary","osm":"way/27831413"},"geometry":{"type":"LineString","coordinates":[[-115.18189,36.11445],[-115.18293,36.11441]]}},{"type":"Feature","properties":{"name":"West Flamingo Road","highway":"primary","osm":"way/27831414"},"geometry":{"type":"LineString","coordinates":[[-115.18467,36.11453],[-115.18409,36.11439]]}},{"type":"Feature","properties":{"name":"West Flamingo Road","highway":"primary","osm":"way/27831415"},"geometry":{"type":"LineString","coordinates":[[-115.18459,36.11466],[-115.18591,36.11497]]}},{"type":"Feature","properties":{"name":"West Flamingo Road","highway":"primary","osm":"way/27831416"},"geometry":{"type":"LineString","coordinates":[[-115.17897,36.11475],[-115.17948,36.1147]]}},{"type":"Feature","properties":{"name":"West Flamingo Road","highway":"primary","osm":"way/27831417"},"geometry":{"type":"LineString","coordinates":[[-115.17862,36.11461],[-115.17682,36.11473]]}},{"type":"Feature","properties":{"name":"West Flamingo Road","highway":"primary","osm":"way/27831419"},"geometry":{"type":"LineString","coordinates":[[-115.17948,36.1147],[-115.17983,36.11466]]}},{"type":"Feature","properties":{"name":null,"highway":"motorway_link","osm":"way/27831420"},"geometry":{"type":"LineString","coordinates":[[-115.17972,36.11429],[-115.17943,36.11444]]}},{"type":"Feature","properties":{"name":null,"highway":"motorway_link","osm":"way/27831425"},"geometry":{"type":"LineString","coordinates":[[-115.17957,36.11479],[-115.1798,36.11496]]}},{"type":"Feature","properties":{"name":null,"highway":"motorway_link","osm":"way/27831509"},"geometry":{"type":"LineString","coordinates":[[-115.18022,36.12031],[-115.18021,36.12094]]}},{"type":"Feature","properties":{"name":null,"highway":"motorway_link","osm":"way/27831511"},"geometry":{"type":"LineString","coordinates":[[-115.18021,36.12094],[-115.18022,36.12183]]}},{"type":"Feature","properties":{"name":"Las Vegas Freeway","highway":"motorway","osm":"way/27831517"},"geometry":{"type":"LineString","coordinates":[[-115.1805,36.12014],[-115.1805,36.12082]]}},{"type":"Feature","properties":{"name":"Las Vegas Freeway","highway":"motorway","osm":"way/27831518"},"geometry":{"type":"LineString","coordinates":[[-115.1805,36.12082],[-115.18049,36.12168]]}},{"type":"Feature","properties":{"name":"Las Vegas Freeway","highway":"motorway","osm":"way/27831519"},"geometry":{"type":"LineString","coordinates":[[-115.18084,36.1206],[-115.18083,36.11996]]}},{"type":"Feature","properties":{"name":"Las Vegas Freeway","highway":"motorway","osm":"way/27831520"},"geometry":{"type":"LineString","coordinates":[[-115.18083,36.11996],[-115.18083,36.11991]]}},{"type":"Feature","properties":{"name":null,"highway":"motorway_link","osm":"way/27831521"},"geometry":{"type":"LineString","coordinates":[[-115.18096,36.11964],[-115.18131,36.11554],[-115.18173,36.11492],[-115.18258,36.11452]]}},{"type":"Feature","properties":{"name":null,"highway":"motorway_link","osm":"way/27831522"},"geometry":{"type":"LineString","coordinates":[[-115.18083,36.11991],[-115.18096,36.11964]]}},{"type":"Feature","properties":{"name":"West Twain Avenue","highway":"secondary","osm":"way/27831523"},"geometry":{"type":"LineString","coordinates":[[-115.18132,36.11978],[-115.18118,36.11977]]}},{"type":"Feature","properties":{"name":"West Twain Avenue","highway":"secondary","osm":"way/27831524"},"geometry":{"type":"LineString","coordinates":[[-115.18103,36.11977],[-115.18015,36.11977]]}},{"type":"Feature","properties":{"name":"Highland Drive","highway":"unclassified","osm":"way/27831597"},"geometry":{"type":"LineString","coordinates":[[-115.1813,36.12367],[-115.18159,36.12347],[-115.18416,36.12347],[-115.18519,36.12286],[-115.18703,36.12266]]}},{"type":"Feature","properties":{"name":null,"highway":"motorway_link","osm":"way/27831599"},"geometry":{"type":"LineString","coordinates":[[-115.17989,36.12375],[-115.17903,36.12507]]}},{"type":"Feature","properties":{"name":null,"highway":"motorway_link","osm":"way/27831600"},"geometry":{"type":"LineString","coordinates":[[-115.18022,36.12183],[-115.18022,36.12215]]}},{"type":"Feature","properties":{"name":"Las Vegas Freeway","highway":"motorway","osm":"way/27831601"},"geometry":{"type":"LineString","coordinates":[[-115.18086,36.12189],[-115.18084,36.12105]]}},{"type":"Feature","properties":{"name":"Las Vegas Freeway","highway":"motorway","osm":"way/27831602"},"geometry":{"type":"LineString","coordinates":[[-115.18048,36.12279],[-115.18043,36.12582]]}},{"type":"Feature","properties":{"name":"Las Vegas Freeway","highway":"motorway","osm":"way/27831603"},"geometry":{"type":"LineString","coordinates":[[-115.18049,36.12181],[-115.18048,36.12279]]}},{"type":"Feature","properties":{"name":null,"highway":"motorway_link","osm":"way/27831606"},"geometry":{"type":"LineString","coordinates":[[-115.1767,36.12616],[-115.17926,36.1272]]}},{"type":"Feature","properties":{"name":null,"highway":"motorway_link","osm":"way/27831607"},"geometry":{"type":"LineString","coordinates":[[-115.17637,36.12605],[-115.1767,36.12616]]}},{"type":"Feature","properties":{"name":null,"highway":"motorway_link","osm":"way/27831608"},"geometry":{"type":"LineString","coordinates":[[-115.18115,36.12751],[-115.18085,36.12675],[-115.18029,36.1262],[-115.17952,36.1259],[-115.17857,36.12588]]}},{"type":"Feature","properties":{"name":null,"highway":"motorway_link","osm":"way/27831611"},"geometry":{"type":"LineString","coordinates":[[-115.18021,36.12473],[-115.17984,36.12538],[-115.17903,36.12579]]}},{"type":"Feature","properties":{"name":"Spring Mountain Road","highway":"primary","osm":"way/27831613"},"geometry":{"type":"LineString","coordinates":[[-115.1764,36.126],[-115.17814,36.12618]]}},{"type":"Feature","properties":{"name":"Spring Mountain Road","highway":"primary","osm":"way/27831615"},"geometry":{"type":"LineString","coordinates":[[-115.1765,36.12584],[-115.17449,36.12562]]}},{"type":"Feature","properties":{"name":null,"highway":"motorway_link","osm":"way/27831617"},"geometry":{"type":"LineString","coordinates":[[-115.17795,36.12586],[-115.1769,36.12588]]}},{"type":"Feature","properties":{"name":null,"highway":"motorway_link","osm":"way/27831620"},"geometry":{"type":"LineString","coordinates":[[-115.17926,36.1272],[-115.18021,36.12848]]}},{"type":"Feature","properties":{"name":"Las Vegas Freeway","highway":"motorway","osm":"way/27831632"},"geometry":{"type":"LineString","coordinates":[[-115.18043,36.12582],[-115.18043,36.12611]]}},{"type":"Feature","properties":{"name":"Las Vegas Freeway","highway":"motorway","osm":"way/27831634"},"geometry":{"type":"LineString","coordinates":[[-115.18084,36.12661],[-115.18084,36.12584]]}},{"type":"Feature","properties":{"name":"Las Vegas Freeway","highway":"motorway","osm":"way/27831635"},"geometry":{"type":"LineString","coordinates":[[-115.18084,36.12584],[-115.18083,36.12385]]}},{"type":"Feature","properties":{"name":"Joe Delaney Lane","highway":"unclassified","osm":"way/27904740"},"geometry":{"type":"LineString","coordinates":[[-115.13698,36.10299],[-115.13845,36.103]]}},{"type":"Feature","properties":{"name":"East Desert Inn Road","highway":"primary","osm":"way/27925831"},"geometry":{"type":"LineString","coordinates":[[-115.15914,36.12973],[-115.1619,36.12966]]}},{"type":"Feature","properties":{"name":"East Desert Inn Road","highway":"primary","osm":"way/27925837"},"geometry":{"type":"LineString","coordinates":[[-115.15306,36.12948],[-115.15366,36.12951]]}},{"type":"Feature","properties":{"name":"East Desert Inn Road","highway":"primary","osm":"way/27925838"},"geometry":{"type":"LineString","coordinates":[[-115.15151,36.12947],[-115.15255,36.12948]]}},{"type":"Feature","properties":{"name":"Luxor Drive","highway":"unclassified","osm":"way/29710576"},"geometry":{"type":"LineString","coordinates":[[-115.17775,36.09776],[-115.17777,36.1001]]}},{"type":"Feature","properties":{"name":null,"highway":"primary_link","osm":"way/32736423"},"geometry":{"type":"LineString","coordinates":[[-115.17505,36.10012],[-115.17539,36.10048],[-115.17523,36.10072]]}},{"type":"Feature","properties":{"name":null,"highway":"primary_link","osm":"way/32736437"},"geometry":{"type":"LineString","coordinates":[[-115.17551,36.10041],[-115.17505,36.10012]]}},{"type":"Feature","properties":{"name":"Iron Horse Court","highway":"secondary","osm":"way/35815812"},"geometry":{"type":"LineString","coordinates":[[-115.15835,36.16044],[-115.15813,36.16042]]}},{"type":"Feature","properties":{"name":"Las Vegas Freeway","highway":"motorway","osm":"way/35815814"},"geometry":{"type":"LineString","coordinates":[[-115.15987,36.166],[-115.1597,36.16648]]}},{"type":"Feature","properties":{"name":null,"highway":"motorway_link","osm":"way/35815863"},"geometry":{"type":"LineString","coordinates":[[-115.15747,36.17044],[-115.15676,36.17223]]}},{"type":"Feature","properties":{"name":"Las Vegas Freeway","highway":"motorway","osm":"way/35815880"},"geometry":{"type":"LineString","coordinates":[[-115.15524,36.17385],[-115.1545,36.17457]]}},{"type":"Feature","properties":{"name":"Las Vegas Freeway","highway":"motorway","osm":"way/35815881"},"geometry":{"type":"LineString","coordinates":[[-115.1545,36.17457],[-115.15415,36.17487]]}},{"type":"Feature","properties":{"name":"Las Vegas Freeway","highway":"motorway","osm":"way/35815882"},"geometry":{"type":"LineString","coordinates":[[-115.15473,36.17462],[-115.15537,36.17401]]}},{"type":"Feature","properties":{"name":"Las Vegas Freeway","highway":"motorway","osm":"way/35815891"},"geometry":{"type":"LineString","coordinates":[[-115.15404,36.17496],[-115.15391,36.17507]]}},{"type":"Feature","properties":{"name":"Las Vegas Freeway","highway":"motorway","osm":"way/35815892"},"geometry":{"type":"LineString","coordinates":[[-115.15436,36.17495],[-115.15473,36.17462]]}},{"type":"Feature","properties":{"name":"Las Vegas Freeway","highway":"motorway","osm":"way/35815893"},"geometry":{"type":"LineString","coordinates":[[-115.15412,36.17516],[-115.15436,36.17495]]}},{"type":"Feature","properties":{"name":null,"highway":"motorway_link","osm":"way/35815914"},"geometry":{"type":"LineString","coordinates":[[-115.15579,36.17391],[-115.15666,36.17272]]}},{"type":"Feature","properties":{"name":null,"highway":"motorway_link","osm":"way/35815981"},"geometry":{"type":"LineString","coordinates":[[-115.1579,36.17386],[-115.1574,36.17257],[-115.15808,36.17122]]}},{"type":"Feature","properties":{"name":"Purple Heart Highway","highway":"motorway","osm":"way/35816018"},"geometry":{"type":"LineString","coordinates":[[-115.16048,36.17503],[-115.15361,36.17402]]}},{"type":"Feature","properties":{"name":null,"highway":"motorway_link","osm":"way/35816024"},"geometry":{"type":"LineString","coordinates":[[-115.15656,36.17488],[-115.15778,36.17494]]}},{"type":"Feature","properties":{"name":"F Street","highway":"tertiary","osm":"way/35816114"},"geometry":{"type":"LineString","coordinates":[[-115.14971,36.18796],[-115.14941,36.17927]]}},{"type":"Feature","properties":{"name":"Las Vegas Freeway","highway":"motorway","osm":"way/35823433"},"geometry":{"type":"LineString","coordinates":[[-115.15127,36.17701],[-115.15062,36.1774]]}},{"type":"Feature","properties":{"name":"Las Vegas Freeway","highway":"motorway","osm":"way/35823434"},"geometry":{"type":"LineString","coordinates":[[-115.15101,36.17739],[-115.15167,36.17699]]}},{"type":"Feature","properties":{"name":"Las Vegas Freeway","highway":"motorway","osm":"way/35823435"},"geometry":{"type":"LineString","coordinates":[[-115.15218,36.17665],[-115.15244,36.17648]]}},{"type":"Feature","properties":{"name":"Las Vegas Freeway","highway":"motorway","osm":"way/35823485"},"geometry":{"type":"LineString","coordinates":[[-115.15035,36.17755],[-115.14957,36.17801]]}},{"type":"Feature","properties":{"name":"Purple Heart Highway","highway":"motorway","osm":"way/38124051"},"geometry":{"type":"LineString","coordinates":[[-115.10582,36.16777],[-115.11151,36.16793]]}},{"type":"Feature","properties":{"name":"Purple Heart Highway","highway":"motorway","osm":"way/38124056"},"geometry":{"type":"LineString","coordinates":[[-115.11188,36.16776],[-115.11151,36.16774]]}},{"type":"Feature","properties":{"name":"Purple Heart Highway","highway":"motorway","osm":"way/38124057"},"geometry":{"type":"LineString","coordinates":[[-115.11151,36.16774],[-115.10581,36.1676]]}},{"type":"Feature","properties":{"name":"Purple Heart Highway","highway":"motorway","osm":"way/38124058"},"geometry":{"type":"LineString","coordinates":[[-115.11151,36.16793],[-115.11188,36.16793]]}},{"type":"Feature","properties":{"name":"Purple Heart Highway","highway":"motorway","osm":"way/38124059"},"geometry":{"type":"LineString","coordinates":[[-115.11188,36.16793],[-115.11548,36.168]]}},{"type":"Feature","properties":{"name":null,"highway":"motorway_link","osm":"way/38124061"},"geometry":{"type":"LineString","coordinates":[[-115.11188,36.16769],[-115.11151,36.16774]]}},{"type":"Feature","properties":{"name":"Purple Heart Highway","highway":"motorway","osm":"way/38124062"},"geometry":{"type":"LineString","coordinates":[[-115.11548,36.16783],[-115.11188,36.16776]]}},{"type":"Feature","properties":{"name":"Purple Heart Highway","highway":"motorway","osm":"way/38124063"},"geometry":{"type":"LineString","coordinates":[[-115.11548,36.168],[-115.11627,36.16799]]}},{"type":"Feature","properties":{"name":"Purple Heart Highway","highway":"motorway","osm":"way/38124065"},"geometry":{"type":"LineString","coordinates":[[-115.12309,36.1678],[-115.12272,36.16779]]}},{"type":"Feature","properties":{"name":"Purple Heart Highway","highway":"motorway","osm":"way/38124066"},"geometry":{"type":"LineString","coordinates":[[-115.12272,36.16779],[-115.12152,36.16779]]}},{"type":"Feature","properties":{"name":"Purple Heart Highway","highway":"motorway","osm":"way/38124067"},"geometry":{"type":"LineString","coordinates":[[-115.12272,36.16795],[-115.1231,36.16797]]}},{"type":"Feature","properties":{"name":"Purple Heart Highway","highway":"motorway","osm":"way/38124068"},"geometry":{"type":"LineString","coordinates":[[-115.1231,36.16797],[-115.12498,36.16822]]}},{"type":"Feature","properties":{"name":"Purple Heart Highway","highway":"motorway","osm":"way/38124069"},"geometry":{"type":"LineString","coordinates":[[-115.12498,36.16805],[-115.12309,36.1678]]}},{"type":"Feature","properties":{"name":"Purple Heart Highway","highway":"motorway","osm":"way/38124070"},"geometry":{"type":"LineString","coordinates":[[-115.13315,36.17173],[-115.13675,36.17338],[-115.14055,36.17431],[-115.14231,36.175]]}},{"type":"Feature","properties":{"name":"Purple Heart Highway","highway":"motorway","osm":"way/38124071"},"geometry":{"type":"LineString","coordinates":[[-115.1465,36.1756],[-115.14714,36.17552]]}},{"type":"Feature","properties":{"name":"Purple Heart Highway","highway":"motorway","osm":"way/38124073"},"geometry":{"type":"LineString","coordinates":[[-115.14902,36.17501],[-115.14958,36.17486]]}},{"type":"Feature","properties":{"name":"Purple Heart Highway","highway":"motorway","osm":"way/38124074"},"geometry":{"type":"LineString","coordinates":[[-115.15027,36.17467],[-115.15221,36.17421],[-115.15413,36.17424]]}},{"type":"Feature","properties":{"name":"Purple Heart Highway","highway":"motorway","osm":"way/38124075"},"geometry":{"type":"LineString","coordinates":[[-115.1495,36.17473],[-115.14901,36.17485]]}},{"type":"Feature","properties":{"name":"Purple Heart Highway","highway":"motorway","osm":"way/38124076"},"geometry":{"type":"LineString","coordinates":[[-115.14901,36.17485],[-115.14682,36.17541]]}},{"type":"Feature","properties":{"name":"University Center Drive","highway":"primary","osm":"way/38471760"},"geometry":{"type":"LineString","coordinates":[[-115.146,36.09593],[-115.14594,36.09956]]}},{"type":"Feature","properties":{"name":"25th Street","highway":"unclassified","osm":"way/39254817"},"geometry":{"type":"LineString","coordinates":[[-115.11606,36.16073],[-115.11599,36.1615]]}},{"type":"Feature","properties":{"name":"28th Street","highway":"tertiary","osm":"way/39255738"},"geometry":{"type":"LineString","coordinates":[[-115.11168,36.16802],[-115.11172,36.1719]]}},{"type":"Feature","properties":{"name":"Sunrise Avenue","highway":"tertiary","osm":"way/39255740"},"geometry":{"type":"LineString","coordinates":[[-115.11389,36.16274],[-115.11151,36.16272]]}},{"type":"Feature","properties":{"name":"Sunrise Avenue","highway":"tertiary","osm":"way/39255741"},"geometry":{"type":"LineString","coordinates":[[-115.11151,36.16272],[-115.10912,36.16267]]}},{"type":"Feature","properties":{"name":"Searles Avenue","highway":"tertiary","osm":"way/39336811"},"geometry":{"type":"LineString","coordinates":[[-115.12063,36.18484],[-115.12498,36.18483]]}},{"type":"Feature","properties":{"name":"Searles Avenue","highway":"tertiary","osm":"way/39336813"},"geometry":{"type":"LineString","coordinates":[[-115.11616,36.18486],[-115.12063,36.18484]]}},{"type":"Feature","properties":{"name":"North Bruce Street","highway":"secondary","osm":"way/39336816"},"geometry":{"type":"LineString","coordinates":[[-115.12512,36.1885],[-115.12512,36.1884]]}},{"type":"Feature","properties":{"name":"Las Vegas Freeway","highway":"motorway","osm":"way/39512588"},"geometry":{"type":"LineString","coordinates":[[-115.1805,36.11985],[-115.1805,36.12014]]}},{"type":"Feature","properties":{"name":"Las Vegas Freeway","highway":"motorway","osm":"way/39512589"},"geometry":{"type":"LineString","coordinates":[[-115.1805,36.11967],[-115.1805,36.11985]]}},{"type":"Feature","properties":{"name":null,"highway":"motorway_link","osm":"way/39512592"},"geometry":{"type":"LineString","coordinates":[[-115.18022,36.11982],[-115.18022,36.12031]]}},{"type":"Feature","properties":{"name":"Westwood Drive","highway":"unclassified","osm":"way/39513672"},"geometry":{"type":"LineString","coordinates":[[-115.17616,36.13613],[-115.17759,36.13391]]}},{"type":"Feature","properties":{"name":"Las Vegas Freeway","highway":"motorway","osm":"way/39514122"},"geometry":{"type":"LineString","coordinates":[[-115.16035,36.16395],[-115.1599,36.16591]]}},{"type":"Feature","properties":{"name":"Las Vegas Freeway","highway":"motorway","osm":"way/39514252"},"geometry":{"type":"LineString","coordinates":[[-115.15736,36.17122],[-115.15711,36.1716]]}},{"type":"Feature","properties":{"name":"Las Vegas Freeway","highway":"motorway","osm":"way/39514253"},"geometry":{"type":"LineString","coordinates":[[-115.15634,36.17262],[-115.15524,36.17385]]}},{"type":"Feature","properties":{"name":"Las Vegas Freeway","highway":"motorway","osm":"way/39514254"},"geometry":{"type":"LineString","coordinates":[[-115.15753,36.17161],[-115.15781,36.17124]]}},{"type":"Feature","properties":{"name":"Las Vegas Freeway","highway":"motorway","osm":"way/39514255"},"geometry":{"type":"LineString","coordinates":[[-115.15781,36.17124],[-115.15978,36.16767]]}},{"type":"Feature","properties":{"name":"North Bruce Street","highway":"tertiary","osm":"way/39612685"},"geometry":{"type":"LineString","coordinates":[[-115.12513,36.174],[-115.12536,36.17752]]}},{"type":"Feature","properties":{"name":"East Bonanza Road","highway":"secondary","osm":"way/39615320"},"geometry":{"type":"LineString","coordinates":[[-115.13718,36.17493],[-115.13704,36.17488]]}},{"type":"Feature","properties":{"name":"Aria Place","highway":"unclassified","osm":"way/52133906"},"geometry":{"type":"LineString","coordinates":[[-115.17405,36.10691],[-115.17524,36.10728]]}},{"type":"Feature","properties":{"name":"Purple Heart Highway","highway":"motorway","osm":"way/52825134"},"geometry":{"type":"LineString","coordinates":[[-115.15,36.1746],[-115.1495,36.17473]]}},{"type":"Feature","properties":{"name":"Las Vegas Freeway","highway":"motorway","osm":"way/52825136"},"geometry":{"type":"LineString","coordinates":[[-115.15391,36.17507],[-115.15255,36.17615]]}},{"type":"Feature","properties":{"name":"Ocean Drive","highway":"unclassified","osm":"way/73540520"},"geometry":{"type":"LineString","coordinates":[[-115.16506,36.10101],[-115.16703,36.10115],[-115.1673,36.10135]]}},{"type":"Feature","properties":{"name":"Wilbur Clark D.I. Road","highway":"primary","osm":"way/74116846"},"geometry":{"type":"LineString","coordinates":[[-115.16658,36.13141],[-115.17233,36.13153]]}},{"type":"Feature","properties":{"name":null,"highway":"motorway_link","osm":"way/82877265"},"geometry":{"type":"LineString","coordinates":[[-115.1354,36.17229],[-115.13305,36.17146]]}},{"type":"Feature","properties":{"name":null,"highway":"motorway_link","osm":"way/82877273"},"geometry":{"type":"LineString","coordinates":[[-115.13663,36.17362],[-115.13755,36.17401]]}},{"type":"Feature","properties":{"name":null,"highway":"motorway_link","osm":"way/82877304"},"geometry":{"type":"LineString","coordinates":[[-115.13907,36.17416],[-115.14231,36.175]]}},{"type":"Feature","properties":{"name":null,"highway":"motorway_link","osm":"way/82877373"},"geometry":{"type":"LineString","coordinates":[[-115.14316,36.17542],[-115.14426,36.17566],[-115.14584,36.17565]]}},{"type":"Feature","properties":{"name":null,"highway":"motorway_link","osm":"way/82877385"},"geometry":{"type":"LineString","coordinates":[[-115.14464,36.17547],[-115.14301,36.17486]]}},{"type":"Feature","properties":{"name":null,"highway":"motorway_link","osm":"way/82877543"},"geometry":{"type":"LineString","coordinates":[[-115.12004,36.16767],[-115.11753,36.16753]]}},{"type":"Feature","properties":{"name":"Purple Heart Highway","highway":"motorway","osm":"way/82953062"},"geometry":{"type":"LineString","coordinates":[[-115.12083,36.1678],[-115.12044,36.1678]]}},{"type":"Feature","properties":{"name":"Purple Heart Highway","highway":"motorway","osm":"way/82953111"},"geometry":{"type":"LineString","coordinates":[[-115.12044,36.16796],[-115.12083,36.16796]]}},{"type":"Feature","properties":{"name":"Purple Heart Highway","highway":"motorway","osm":"way/82953143"},"geometry":{"type":"LineString","coordinates":[[-115.12083,36.16796],[-115.12272,36.16795]]}},{"type":"Feature","properties":{"name":"Purple Heart Highway","highway":"motorway","osm":"way/83005370"},"geometry":{"type":"LineString","coordinates":[[-115.11857,36.16781],[-115.11626,36.16783]]}},{"type":"Feature","properties":{"name":null,"highway":"motorway_link","osm":"way/83127859"},"geometry":{"type":"LineString","coordinates":[[-115.1602,36.15663],[-115.15986,36.1583]]}},{"type":"Feature","properties":{"name":null,"highway":"primary_link","osm":"way/83127897"},"geometry":{"type":"LineString","coordinates":[[-115.18004,36.13046],[-115.17967,36.13036],[-115.17948,36.13001],[-115.17994,36.12855]]}},{"type":"Feature","properties":{"name":null,"highway":"motorway_link","osm":"way/83127935"},"geometry":{"type":"LineString","coordinates":[[-115.18032,36.12582],[-115.18043,36.12611]]}},{"type":"Feature","properties":{"name":"Wilbur Clark D.I. Road","highway":"primary","osm":"way/83144921"},"geometry":{"type":"LineString","coordinates":[[-115.18149,36.13008],[-115.18281,36.12983],[-115.18667,36.13003]]}},{"type":"Feature","properties":{"name":"Promenade Place","highway":"unclassified","osm":"way/88794279"},"geometry":{"type":"LineString","coordinates":[[-115.15396,36.1669],[-115.15384,36.16736]]}},{"type":"Feature","properties":{"name":"Bruno Mars Drive","highway":"tertiary","osm":"way/92281748"},"geometry":{"type":"LineString","coordinates":[[-115.17627,36.10392],[-115.17988,36.10375]]}},{"type":"Feature","properties":{"name":null,"highway":"motorway_link","osm":"way/97795813"},"geometry":{"type":"LineString","coordinates":[[-115.15808,36.17122],[-115.159,36.16984]]}},{"type":"Feature","properties":{"name":null,"highway":"secondary_link","osm":"way/98840796"},"geometry":{"type":"LineString","coordinates":[[-115.15148,36.18847],[-115.15152,36.18821]]}},{"type":"Feature","properties":{"name":"Wilbur Clark D.I. Road","highway":"primary","osm":"way/102303968"},"geometry":{"type":"LineString","coordinates":[[-115.16661,36.13129],[-115.16568,36.13101]]}},{"type":"Feature","properties":{"name":"West Flamingo Road","highway":"primary","osm":"way/108132905"},"geometry":{"type":"LineString","coordinates":[[-115.17944,36.11453],[-115.17909,36.11456]]}},{"type":"Feature","properties":{"name":"West Tropicana Avenue","highway":"primary","osm":"way/108132910"},"geometry":{"type":"LineString","coordinates":[[-115.18264,36.10087],[-115.18359,36.10084]]}},{"type":"Feature","properties":{"name":"West Flamingo Road","highway":"primary","osm":"way/108132912"},"geometry":{"type":"LineString","coordinates":[[-115.17983,36.11466],[-115.18001,36.11464]]}},{"type":"Feature","properties":{"name":"East Flamingo Road","highway":"primary","osm":"way/108132921"},"geometry":{"type":"LineString","coordinates":[[-115.15393,36.11426],[-115.15146,36.11459]]}},{"type":"Feature","properties":{"name":null,"highway":"motorway_link","osm":"way/108282190"},"geometry":{"type":"LineString","coordinates":[[-115.15732,36.1729],[-115.15696,36.17254],[-115.1564,36.1724]]}},{"type":"Feature","properties":{"name":null,"highway":"motorway_link","osm":"way/108282191"},"geometry":{"type":"LineString","coordinates":[[-115.15554,36.17296],[-115.1552,36.17367]]}},{"type":"Feature","properties":{"name":"Paradise Road","highway":"primary","osm":"way/111087815"},"geometry":{"type":"LineString","coordinates":[[-115.15203,36.10792],[-115.15192,36.10753]]}},{"type":"Feature","properties":{"name":"East Desert Inn Road","highway":"primary","osm":"way/111087816"},"geometry":{"type":"LineString","coordinates":[[-115.14591,36.12984],[-115.14603,36.12983]]}},{"type":"Feature","properties":{"name":"East Desert Inn Road","highway":"primary","osm":"way/111087829"},"geometry":{"type":"LineString","coordinates":[[-115.16263,36.12959],[-115.15655,36.12959]]}},{"type":"Feature","properties":{"name":"Wynn Main Gate Drive","highway":"unclassified","osm":"way/111339183"},"geometry":{"type":"LineString","coordinates":[[-115.16776,36.12765],[-115.16758,36.12747]]}},{"type":"Feature","properties":{"name":"Wynn South Gate","highway":"unclassified","osm":"way/111348717"},"geometry":{"type":"LineString","coordinates":[[-115.16721,36.12453],[-115.1666,36.12491]]}},{"type":"Feature","properties":{"name":"Paris Drive","highway":"unclassified","osm":"way/111367827"},"geometry":{"type":"LineString","coordinates":[[-115.17131,36.11154],[-115.17151,36.11183],[-115.17189,36.11167]]}},{"type":"Feature","properties":{"name":"Manhattan Street","highway":"unclassified","osm":"way/113779860"},"geometry":{"type":"LineString","coordinates":[[-115.15672,36.11711],[-115.15616,36.11743],[-115.15615,36.11854]]}},{"type":"Feature","properties":{"name":"Hughes Center Drive","highway":"unclassified","osm":"way/113779865"},"geometry":{"type":"LineString","coordinates":[[-115.15826,36.11654],[-115.15886,36.11673],[-115.16013,36.11634]]}},{"type":"Feature","properties":{"name":"Manhattan Street","highway":"unclassified","osm":"way/113779866"},"geometry":{"type":"LineString","coordinates":[[-115.15909,36.11784],[-115.15815,36.11776],[-115.15749,36.11732]]}},{"type":"Feature","properties":{"name":"Paris Drive","highway":"unclassified","osm":"way/114697075"},"geometry":{"type":"LineString","coordinates":[[-115.17189,36.11167],[-115.17281,36.11166]]}},{"type":"Feature","properties":{"name":"Line Renaud Road","highway":"unclassified","osm":"way/114703384"},"geometry":{"type":"LineString","coordinates":[[-115.17544,36.11483],[-115.17543,36.11469]]}},{"type":"Feature","properties":{"name":"Via del Nord","highway":"unclassified","osm":"way/114703385"},"geometry":{"type":"LineString","coordinates":[[-115.17496,36.11415],[-115.17487,36.11433],[-115.1751,36.11441]]}},{"type":"Feature","properties":{"name":null,"highway":"primary_link","osm":"way/114703386"},"geometry":{"type":"LineString","coordinates":[[-115.1752,36.11441],[-115.17518,36.11467]]}},{"type":"Feature","properties":{"name":null,"highway":"primary_link","osm":"way/115673975"},"geometry":{"type":"LineString","coordinates":[[-115.17064,36.11472],[-115.17123,36.1146]]}},{"type":"Feature","properties":{"name":"Las Vegas Freeway","highway":"motorway","osm":"way/117367522"},"geometry":{"type":"LineString","coordinates":[[-115.14097,36.19199],[-115.14255,36.19007],[-115.14337,36.18849],[-115.14377,36.18676],[-115.14385,36.18393]]}},{"type":"Feature","properties":{"name":"Ocean Drive","highway":"unclassified","osm":"way/118379849"},"geometry":{"type":"LineString","coordinates":[[-115.16788,36.10194],[-115.16828,36.10191]]}},{"type":"Feature","properties":{"name":"Audrie Street","highway":"unclassified","osm":"way/118380819"},"geometry":{"type":"LineString","coordinates":[[-115.16752,36.1029],[-115.1676,36.10218],[-115.16788,36.10194]]}},{"type":"Feature","properties":{"name":"MGM Road","highway":"unclassified","osm":"way/118381391"},"geometry":{"type":"LineString","coordinates":[[-115.16399,36.10302],[-115.16529,36.10294]]}},{"type":"Feature","properties":{"name":"Las Vegas Freeway","highway":"motorway","osm":"way/123222364"},"geometry":{"type":"LineString","coordinates":[[-115.15768,36.17068],[-115.15736,36.17122]]}},{"type":"Feature","properties":{"name":"Las Vegas Freeway","highway":"motorway","osm":"way/123222370"},"geometry":{"type":"LineString","coordinates":[[-115.18009,36.13185],[-115.17934,36.13396],[-115.17831,36.13571],[-115.17395,36.14078]]}},{"type":"Feature","properties":{"name":"Las Vegas Freeway","highway":"motorway","osm":"way/123222383"},"geometry":{"type":"LineString","coordinates":[[-115.17756,36.13714],[-115.17903,36.13523],[-115.18029,36.13246]]}},{"type":"Feature","properties":{"name":"Wilbur Clark D.I. Road","highway":"primary","osm":"way/123222443"},"geometry":{"type":"LineString","coordinates":[[-115.18086,36.13025],[-115.18,36.13074]]}},{"type":"Feature","properties":{"name":null,"highway":"motorway_link","osm":"way/124183730"},"geometry":{"type":"LineString","coordinates":[[-115.15952,36.1755],[-115.16053,36.17594],[-115.16074,36.17636]]}},{"type":"Feature","properties":{"name":null,"highway":"motorway_link","osm":"way/129478697"},"geometry":{"type":"LineString","coordinates":[[-115.15608,36.17245],[-115.15554,36.17296]]}},{"type":"Feature","properties":{"name":"East Twain Avenue","highway":"unclassified","osm":"way/129860659"},"geometry":{"type":"LineString","coordinates":[[-115.13732,36.12209],[-115.13589,36.12172]]}},{"type":"Feature","properties":{"name":"North Main Street","highway":"secondary","osm":"way/130208313"},"geometry":{"type":"LineString","coordinates":[[-115.13476,36.1893],[-115.13397,36.18983]]}},{"type":"Feature","properties":{"name":"Harrison Avenue","highway":"secondary","osm":"way/130345472"},"geometry":{"type":"LineString","coordinates":[[-115.15198,36.18834],[-115.15076,36.18795],[-115.14971,36.18796]]}},{"type":"Feature","properties":{"name":"West Owens Avenue","highway":"secondary","osm":"way/130345477"},"geometry":{"type":"LineString","coordinates":[[-115.14257,36.18842],[-115.1429,36.18841]]}},{"type":"Feature","properties":{"name":null,"highway":"motorway_link","osm":"way/130345488"},"geometry":{"type":"LineString","coordinates":[[-115.14331,36.18392],[-115.14337,36.18676],[-115.14313,36.18827]]}},{"type":"Feature","properties":{"name":null,"highway":"motorway_link","osm":"way/130355940"},"geometry":{"type":"LineString","coordinates":[[-115.15101,36.17696],[-115.15027,36.17742]]}},{"type":"Feature","properties":{"name":null,"highway":"motorway_link","osm":"way/130355942"},"geometry":{"type":"LineString","coordinates":[[-115.15027,36.17467],[-115.15244,36.17432],[-115.15308,36.17445],[-115.15338,36.17479],[-115.15336,36.17522],[-115.15236,36.17606]]}},{"type":"Feature","properties":{"name":"Las Vegas Freeway","highway":"motorway","osm":"way/130355943"},"geometry":{"type":"LineString","coordinates":[[-115.15255,36.17615],[-115.15216,36.17643]]}},{"type":"Feature","properties":{"name":null,"highway":"motorway_link","osm":"way/130355944"},"geometry":{"type":"LineString","coordinates":[[-115.15142,36.17739],[-115.15198,36.17699]]}},{"type":"Feature","properties":{"name":null,"highway":"motorway_link","osm":"way/130355947"},"geometry":{"type":"LineString","coordinates":[[-115.15178,36.17646],[-115.15101,36.17696]]}},{"type":"Feature","properties":{"name":null,"highway":"motorway_link","osm":"way/130355948"},"geometry":{"type":"LineString","coordinates":[[-115.147,36.18],[-115.14915,36.17861]]}},{"type":"Feature","properties":{"name":null,"highway":"motorway_link","osm":"way/130355949"},"geometry":{"type":"LineString","coordinates":[[-115.15027,36.17742],[-115.14955,36.1778]]}},{"type":"Feature","properties":{"name":null,"highway":"motorway_link","osm":"way/130355950"},"geometry":{"type":"LineString","coordinates":[[-115.15122,36.17738],[-115.15176,36.17699]]}},{"type":"Feature","properties":{"name":null,"highway":"motorway_link","osm":"way/130355952"},"geometry":{"type":"LineString","coordinates":[[-115.14434,36.18111],[-115.14404,36.1816]]}},{"type":"Feature","properties":{"name":null,"highway":"motorway_link","osm":"way/130355954"},"geometry":{"type":"LineString","coordinates":[[-115.15198,36.17699],[-115.15276,36.17648]]}},{"type":"Feature","properties":{"name":null,"highway":"motorway_link","osm":"way/130355956"},"geometry":{"type":"LineString","coordinates":[[-115.14794,36.17855],[-115.14746,36.17878]]}},{"type":"Feature","properties":{"name":"Las Vegas Freeway","highway":"motorway","osm":"way/130355957"},"geometry":{"type":"LineString","coordinates":[[-115.15216,36.17643],[-115.15127,36.17701]]}},{"type":"Feature","properties":{"name":null,"highway":"motorway_link","osm":"way/130355958"},"geometry":{"type":"LineString","coordinates":[[-115.15176,36.17699],[-115.15218,36.17665]]}},{"type":"Feature","properties":{"name":null,"highway":"motorway_link","osm":"way/130355960"},"geometry":{"type":"LineString","coordinates":[[-115.14955,36.1778],[-115.14794,36.17855]]}},{"type":"Feature","properties":{"name":null,"highway":"motorway_link","osm":"way/130359166"},"geometry":{"type":"LineString","coordinates":[[-115.14669,36.18002],[-115.14808,36.17935]]}},{"type":"Feature","properties":{"name":"Las Vegas Freeway","highway":"motorway","osm":"way/130359167"},"geometry":{"type":"LineString","coordinates":[[-115.14313,36.18827],[-115.14229,36.18997],[-115.14125,36.19129]]}},{"type":"Feature","properties":{"name":null,"highway":"motorway_link","osm":"way/130359168"},"geometry":{"type":"LineString","coordinates":[[-115.1451,36.18116],[-115.1452,36.18113]]}},{"type":"Feature","properties":{"name":null,"highway":"motorway_link","osm":"way/130359169"},"geometry":{"type":"LineString","coordinates":[[-115.14638,36.1795],[-115.14497,36.18074]]}},{"type":"Feature","properties":{"name":null,"highway":"motorway_link","osm":"way/130359170"},"geometry":{"type":"LineString","coordinates":[[-115.1456,36.18073],[-115.14669,36.18002]]}},{"type":"Feature","properties":{"name":"Las Vegas Freeway","highway":"motorway","osm":"way/130359171"},"geometry":{"type":"LineString","coordinates":[[-115.14546,36.18073],[-115.14668,36.17979]]}},{"type":"Feature","properties":{"name":"Las Vegas Freeway","highway":"motorway","osm":"way/130359172"},"geometry":{"type":"LineString","coordinates":[[-115.14479,36.18117],[-115.14383,36.18279]]}},{"type":"Feature","properties":{"name":"Las Vegas Freeway","highway":"motorway","osm":"way/130359174"},"geometry":{"type":"LineString","coordinates":[[-115.14518,36.18073],[-115.14479,36.18117]]}},{"type":"Feature","properties":{"name":null,"highway":"motorway_link","osm":"way/130359175"},"geometry":{"type":"LineString","coordinates":[[-115.14463,36.18117],[-115.14383,36.18279]]}},{"type":"Feature","properties":{"name":null,"highway":"motorway_link","osm":"way/130359176"},"geometry":{"type":"LineString","coordinates":[[-115.14962,36.17855],[-115.15142,36.17739]]}},{"type":"Feature","properties":{"name":null,"highway":"motorway_link","osm":"way/130359177"},"geometry":{"type":"LineString","coordinates":[[-115.14497,36.18074],[-115.14463,36.18117]]}},{"type":"Feature","properties":{"name":null,"highway":"motorway_link","osm":"way/130359178"},"geometry":{"type":"LineString","coordinates":[[-115.14746,36.17878],[-115.14638,36.1795]]}},{"type":"Feature","properties":{"name":null,"highway":"primary_link","osm":"way/130590867"},"geometry":{"type":"LineString","coordinates":[[-115.13674,36.15727],[-115.13717,36.15726]]}},{"type":"Feature","properties":{"name":"East Bonneville Avenue","highway":"secondary","osm":"way/130776850"},"geometry":{"type":"LineString","coordinates":[[-115.14331,36.16293],[-115.1399,36.16146]]}},{"type":"Feature","properties":{"name":"Symphony Park Avenue","highway":"tertiary","osm":"way/130776851"},"geometry":{"type":"LineString","coordinates":[[-115.15081,36.16948],[-115.15217,36.17006]]}},{"type":"Feature","properties":{"name":"Robin Leach Lane","highway":"tertiary","osm":"way/130776853"},"geometry":{"type":"LineString","coordinates":[[-115.15199,36.16764],[-115.15345,36.16812]]}},{"type":"Feature","properties":{"name":"West Carson Avenue","highway":"unclassified","osm":"way/130776860"},"geometry":{"type":"LineString","coordinates":[[-115.1497,36.17118],[-115.15063,36.17159]]}},{"type":"Feature","properties":{"name":"Clark Avenue","highway":"secondary","osm":"way/130776867"},"geometry":{"type":"LineString","coordinates":[[-115.14142,36.1636],[-115.14255,36.16408]]}},{"type":"Feature","properties":{"name":"South City Parkway","highway":"tertiary","osm":"way/130776868"},"geometry":{"type":"LineString","coordinates":[[-115.1497,36.17118],[-115.15199,36.16764]]}},{"type":"Feature","properties":{"name":"Symphony Park Avenue","highway":"tertiary","osm":"way/130776870"},"geometry":{"type":"LineString","coordinates":[[-115.15345,36.17024],[-115.15249,36.16959]]}},{"type":"Feature","properties":{"name":"28th Street","highway":"residential","osm":"way/131121006"},"geometry":{"type":"LineString","coordinates":[[-115.11229,36.17917],[-115.11224,36.18033]]}},{"type":"Feature","properties":{"name":"Planet Hollywood Way","highway":"unclassified","osm":"way/133879144"},"geometry":{"type":"LineString","coordinates":[[-115.16983,36.10812],[-115.1698,36.10865]]}},{"type":"Feature","properties":{"name":"Planet Hollywood Way","highway":"unclassified","osm":"way/133879145"},"geometry":{"type":"LineString","coordinates":[[-115.1698,36.10865],[-115.16965,36.10914]]}},{"type":"Feature","properties":{"name":"Audrie Street","highway":"unclassified","osm":"way/133879825"},"geometry":{"type":"LineString","coordinates":[[-115.16762,36.11133],[-115.1676,36.10809]]}},{"type":"Feature","properties":{"name":"University Center Drive","highway":"primary","osm":"way/134664741"},"geometry":{"type":"LineString","coordinates":[[-115.14676,36.10265],[-115.14914,36.10376],[-115.14972,36.10521]]}},{"type":"Feature","properties":{"name":"Encore Resort Boulevard","highway":"tertiary","osm":"way/135293336"},"geometry":{"type":"LineString","coordinates":[[-115.16566,36.13092],[-115.16461,36.12994]]}},{"type":"Feature","properties":{"name":"East Tropicana Avenue","highway":"primary","osm":"way/135696450"},"geometry":{"type":"LineString","coordinates":[[-115.14592,36.10108],[-115.14852,36.10118]]}},{"type":"Feature","properties":{"name":"Thomas and Mack Drive","highway":"unclassified","osm":"way/135696459"},"geometry":{"type":"LineString","coordinates":[[-115.14511,36.10428],[-115.14531,36.10414],[-115.14513,36.10399],[-115.14511,36.10428]]}},{"type":"Feature","properties":{"name":null,"highway":"primary_link","osm":"way/135697502"},"geometry":{"type":"LineString","coordinates":[[-115.14348,36.10139],[-115.14387,36.10094]]}},{"type":"Feature","properties":{"name":"North Las Vegas Boulevard","highway":"primary","osm":"way/136171604"},"geometry":{"type":"LineString","coordinates":[[-115.13398,36.1884],[-115.13398,36.18851]]}},{"type":"Feature","properties":{"name":"Las Vegas Freeway","highway":"motorway","osm":"way/139159417"},"geometry":{"type":"LineString","coordinates":[[-115.14383,36.18279],[-115.14313,36.18827]]}},{"type":"Feature","properties":{"name":null,"highway":"motorway_link","osm":"way/139159428"},"geometry":{"type":"LineString","coordinates":[[-115.15438,36.17549],[-115.15656,36.17488]]}},{"type":"Feature","properties":{"name":"South Casino Center Boulevard","highway":"secondary","osm":"way/143060341"},"geometry":{"type":"LineString","coordinates":[[-115.14902,36.1633],[-115.14926,36.16294]]}},{"type":"Feature","properties":{"name":null,"highway":"motorway_link","osm":"way/145132868"},"geometry":{"type":"LineString","coordinates":[[-115.16048,36.17503],[-115.15943,36.1748]]}},{"type":"Feature","properties":{"name":"South Las Vegas Boulevard","highway":"primary","osm":"way/145661136"},"geometry":{"type":"LineString","coordinates":[[-115.14985,36.15532],[-115.1505,36.15434]]}},{"type":"Feature","properties":{"name":null,"highway":"primary_link","osm":"way/145682642"},"geometry":{"type":"LineString","coordinates":[[-115.11653,36.161],[-115.1161,36.16088]]}},{"type":"Feature","properties":{"name":"25th Street","highway":"unclassified","osm":"way/145682643"},"geometry":{"type":"LineString","coordinates":[[-115.11606,36.16073],[-115.11614,36.15892]]}},{"type":"Feature","properties":{"name":"West Desert Inn Road","highway":"tertiary","osm":"way/145685491"},"geometry":{"type":"LineString","coordinates":[[-115.17653,36.12966],[-115.17513,36.12955]]}},{"type":"Feature","properties":{"name":null,"highway":"motorway_link","osm":"way/146609333"},"geometry":{"type":"LineString","coordinates":[[-115.1552,36.17367],[-115.15442,36.17454]]}},{"type":"Feature","properties":{"name":null,"highway":"motorway_link","osm":"way/146609838"},"geometry":{"type":"LineString","coordinates":[[-115.15236,36.17606],[-115.15178,36.17646]]}},{"type":"Feature","properties":{"name":"Vegas Plaza Drive","highway":"unclassified","osm":"way/146614495"},"geometry":{"type":"LineString","coordinates":[[-115.17696,36.1256],[-115.17514,36.12545],[-115.17492,36.12494]]}},{"type":"Feature","properties":{"name":"Mel Tormé Way","highway":"secondary","osm":"way/146617663"},"geometry":{"type":"LineString","coordinates":[[-115.17312,36.12565],[-115.1736,36.12631],[-115.17539,36.12633],[-115.17621,36.12659]]}},{"type":"Feature","properties":{"name":"North Siegfried and Roy Drive","highway":"unclassified","osm":"way/146617664"},"geometry":{"type":"LineString","coordinates":[[-115.17143,36.12207],[-115.17164,36.12216]]}},{"type":"Feature","properties":{"name":null,"highway":"motorway_link","osm":"way/151997397"},"geometry":{"type":"LineString","coordinates":[[-115.14894,36.17519],[-115.15077,36.17487],[-115.15286,36.1754],[-115.15386,36.17541],[-115.15498,36.17491],[-115.15579,36.17391]]}},{"type":"Feature","properties":{"name":null,"highway":"motorway_link","osm":"way/151997553"},"geometry":{"type":"LineString","coordinates":[[-115.15456,36.17272],[-115.15244,36.17378]]}},{"type":"Feature","properties":{"name":null,"highway":"motorway_link","osm":"way/151998674"},"geometry":{"type":"LineString","coordinates":[[-115.15861,36.16869],[-115.15747,36.17044]]}},{"type":"Feature","properties":{"name":"South Rancho Drive","highway":"tertiary","osm":"way/152192771"},"geometry":{"type":"LineString","coordinates":[[-115.17872,36.13625],[-115.18,36.13412],[-115.1809,36.13161]]}},{"type":"Feature","properties":{"name":"West Desert Inn Road","highway":"tertiary","osm":"way/152254447"},"geometry":{"type":"LineString","coordinates":[[-115.18107,36.1304],[-115.18272,36.12995],[-115.18562,36.13009]]}},{"type":"Feature","properties":{"name":null,"highway":"primary_link","osm":"way/152254959"},"geometry":{"type":"LineString","coordinates":[[-115.17898,36.12785],[-115.17959,36.12807],[-115.17989,36.12863],[-115.17945,36.1298],[-115.17955,36.13072],[-115.1793,36.131]]}},{"type":"Feature","properties":{"name":null,"highway":"motorway_link","osm":"way/152255429"},"geometry":{"type":"LineString","coordinates":[[-115.17903,36.12507],[-115.17827,36.12588],[-115.17835,36.12653]]}},{"type":"Feature","properties":{"name":"Spring Mountain Road","highway":"primary","osm":"way/152257404"},"geometry":{"type":"LineString","coordinates":[[-115.17115,36.12562],[-115.17209,36.12564]]}},{"type":"Feature","properties":{"name":null,"highway":"motorway_link","osm":"way/152258988"},"geometry":{"type":"LineString","coordinates":[[-115.1817,36.12603],[-115.1813,36.12568]]}},{"type":"Feature","properties":{"name":"Buccaneer Boulevard","highway":"unclassified","osm":"way/155133910"},"geometry":{"type":"LineString","coordinates":[[-115.17839,36.12351],[-115.17823,36.12345]]}},{"type":"Feature","properties":{"name":"Mystère Dreams Avenue","highway":"unclassified","osm":"way/155134142"},"geometry":{"type":"LineString","coordinates":[[-115.17189,36.12374],[-115.1726,36.12376]]}},{"type":"Feature","properties":{"name":"Mystère Dreams Avenue","highway":"unclassified","osm":"way/155134143"},"geometry":{"type":"LineString","coordinates":[[-115.17263,36.12363],[-115.1713,36.12346]]}},{"type":"Feature","properties":{"name":"Frank Sinatra Drive","highway":"secondary","osm":"way/156783899"},"geometry":{"type":"LineString","coordinates":[[-115.17931,36.11391],[-115.17929,36.1148],[-115.17988,36.11702]]}},{"type":"Feature","properties":{"name":null,"highway":"secondary_link","osm":"way/156784355"},"geometry":{"type":"LineString","coordinates":[[-115.18006,36.11226],[-115.17991,36.11226]]}},{"type":"Feature","properties":{"name":"Hotel Rio Drive","highway":"secondary","osm":"way/156785491"},"geometry":{"type":"LineString","coordinates":[[-115.18384,36.11359],[-115.18535,36.11417]]}},{"type":"Feature","properties":{"name":"Hotel Rio Drive","highway":"secondary","osm":"way/156785504"},"geometry":{"type":"LineString","coordinates":[[-115.18538,36.1141],[-115.18438,36.11359]]}},{"type":"Feature","properties":{"name":"West Flamingo Road","highway":"primary","osm":"way/157019815"},"geometry":{"type":"LineString","coordinates":[[-115.18598,36.11485],[-115.18467,36.11453]]}},{"type":"Feature","properties":{"name":"East Flamingo Road","highway":"primary","osm":"way/157020536"},"geometry":{"type":"LineString","coordinates":[[-115.17277,36.11459],[-115.16918,36.11455]]}},{"type":"Feature","properties":{"name":"West Flamingo Road","highway":"primary","osm":"way/157020539"},"geometry":{"type":"LineString","coordinates":[[-115.17544,36.11483],[-115.17772,36.11486]]}},{"type":"Feature","properties":{"name":"University Center Drive","highway":"secondary","osm":"way/159074103"},"geometry":{"type":"LineString","coordinates":[[-115.14689,36.11358],[-115.14658,36.11393]]}},{"type":"Feature","properties":{"name":"University Center Drive","highway":"secondary","osm":"way/159074107"},"geometry":{"type":"LineString","coordinates":[[-115.14658,36.11393],[-115.14638,36.11463]]}},{"type":"Feature","properties":{"name":"University Center Drive","highway":"secondary","osm":"way/159074109"},"geometry":{"type":"LineString","coordinates":[[-115.15044,36.1092],[-115.1505,36.11154],[-115.15024,36.11219],[-115.14963,36.11264],[-115.14742,36.11328]]}},{"type":"Feature","properties":{"name":null,"highway":"unclassified","osm":"way/159074111"},"geometry":{"type":"LineString","coordinates":[[-115.14369,36.11193],[-115.14401,36.1146]]}},{"type":"Feature","properties":{"name":null,"highway":"motorway_link","osm":"way/159082013"},"geometry":{"type":"LineString","coordinates":[[-115.15695,36.17159],[-115.15471,36.1729],[-115.15244,36.17378]]}},{"type":"Feature","properties":{"name":null,"highway":"motorway_link","osm":"way/159082014"},"geometry":{"type":"LineString","coordinates":[[-115.1572,36.17125],[-115.15695,36.17159]]}},{"type":"Feature","properties":{"name":"Horseshoe Drive","highway":"unclassified","osm":"way/160590331"},"geometry":{"type":"LineString","coordinates":[[-115.17107,36.11364],[-115.17098,36.11355]]}},{"type":"Feature","properties":{"name":"Las Vegas Freeway","highway":"motorway","osm":"way/172367244"},"geometry":{"type":"LineString","coordinates":[[-115.18084,36.12094],[-115.18084,36.1206]]}},{"type":"Feature","properties":{"name":null,"highway":"motorway_link","osm":"way/172592964"},"geometry":{"type":"LineString","coordinates":[[-115.15747,36.17044],[-115.15616,36.17194],[-115.15364,36.17307],[-115.15328,36.17385],[-115.1535,36.17456]]}},{"type":"Feature","properties":{"name":null,"highway":"motorway_link","osm":"way/172594191"},"geometry":{"type":"LineString","coordinates":[[-115.18031,36.10354],[-115.1805,36.10463]]}},{"type":"Feature","properties":{"name":"North City Parkway","highway":"secondary","osm":"way/172594192"},"geometry":{"type":"LineString","coordinates":[[-115.14934,36.17723],[-115.14926,36.17761]]}},{"type":"Feature","properties":{"name":null,"highway":"motorway_link","osm":"way/172594193"},"geometry":{"type":"LineString","coordinates":[[-115.18031,36.09886],[-115.18013,36.09923]]}},{"type":"Feature","properties":{"name":"Las Vegas Freeway","highway":"motorway","osm":"way/172594195"},"geometry":{"type":"LineString","coordinates":[[-115.15244,36.17648],[-115.15301,36.17607]]}},{"type":"Feature","properties":{"name":null,"highway":"motorway_link","osm":"way/172594196"},"geometry":{"type":"LineString","coordinates":[[-115.17845,36.1266],[-115.17901,36.12682],[-115.17972,36.12665]]}},{"type":"Feature","properties":{"name":null,"highway":"motorway_link","osm":"way/172594197"},"geometry":{"type":"LineString","coordinates":[[-115.15794,36.17422],[-115.15732,36.1729]]}},{"type":"Feature","properties":{"name":null,"highway":"motorway_link","osm":"way/172594199"},"geometry":{"type":"LineString","coordinates":[[-115.15943,36.1748],[-115.15794,36.17422]]}},{"type":"Feature","properties":{"name":"Las Vegas Freeway","highway":"motorway","osm":"way/172594201"},"geometry":{"type":"LineString","coordinates":[[-115.15301,36.17607],[-115.15412,36.17516]]}},{"type":"Feature","properties":{"name":null,"highway":"motorway_link","osm":"way/172594202"},"geometry":{"type":"LineString","coordinates":[[-115.18007,36.10126],[-115.18014,36.10165]]}},{"type":"Feature","properties":{"name":null,"highway":"motorway_link","osm":"way/172747732"},"geometry":{"type":"LineString","coordinates":[[-115.15244,36.17378],[-115.15,36.1746]]}},{"type":"Feature","properties":{"name":"West Harmon Avenue","highway":"secondary","osm":"way/174448878"},"geometry":{"type":"LineString","coordinates":[[-115.17985,36.10817],[-115.18159,36.1082]]}},{"type":"Feature","properties":{"name":null,"highway":"secondary_link","osm":"way/176411331"},"geometry":{"type":"LineString","coordinates":[[-115.16411,36.11678],[-115.16397,36.11626]]}},{"type":"Feature","properties":{"name":"West Harmon Avenue","highway":"secondary","osm":"way/176688730"},"geometry":{"type":"LineString","coordinates":[[-115.17522,36.10931],[-115.17535,36.10931]]}},{"type":"Feature","properties":{"name":"North Las Vegas Boulevard","highway":"primary","osm":"way/176690363"},"geometry":{"type":"LineString","coordinates":[[-115.13704,36.17488],[-115.13689,36.17512]]}},{"type":"Feature","properties":{"name":"North 4th Street","highway":"secondary","osm":"way/176690367"},"geometry":{"type":"LineString","coordinates":[[-115.14016,36.17231],[-115.14017,36.17265]]}},{"type":"Feature","properties":{"name":"Frank Sinatra Drive","highway":"secondary","osm":"way/177553818"},"geometry":{"type":"LineString","coordinates":[[-115.18015,36.12064],[-115.17998,36.12021]]}},{"type":"Feature","properties":{"name":"West Ogden Avenue","highway":"secondary","osm":"way/177553828"},"geometry":{"type":"LineString","coordinates":[[-115.14727,36.17363],[-115.14735,36.17366]]}},{"type":"Feature","properties":{"name":"Wilbur Clark D.I. Road","highway":"primary","osm":"way/177553832"},"geometry":{"type":"LineString","coordinates":[[-115.18151,36.12995],[-115.18086,36.13025]]}},{"type":"Feature","properties":{"name":"Wilbur Clark D.I. Road","highway":"primary","osm":"way/177553833"},"geometry":{"type":"LineString","coordinates":[[-115.17998,36.13087],[-115.18149,36.13008]]}},{"type":"Feature","properties":{"name":"Wilbur Clark D.I. Road","highway":"primary","osm":"way/177553834"},"geometry":{"type":"LineString","coordinates":[[-115.17771,36.13152],[-115.17998,36.13087]]}},{"type":"Feature","properties":{"name":"Wilbur Clark D.I. Road","highway":"primary","osm":"way/177553835"},"geometry":{"type":"LineString","coordinates":[[-115.18,36.13074],[-115.17918,36.13111]]}},{"type":"Feature","properties":{"name":"Wilbur Clark D.I. Road","highway":"primary","osm":"way/177553836"},"geometry":{"type":"LineString","coordinates":[[-115.17768,36.13141],[-115.17487,36.13177],[-115.17235,36.13141]]}},{"type":"Feature","properties":{"name":null,"highway":"motorway_link","osm":"way/177553837"},"geometry":{"type":"LineString","coordinates":[[-115.14747,36.1789],[-115.14694,36.17909]]}},{"type":"Feature","properties":{"name":null,"highway":"motorway_link","osm":"way/177553852"},"geometry":{"type":"LineString","coordinates":[[-115.14747,36.1789],[-115.14712,36.17889],[-115.14699,36.17859]]}},{"type":"Feature","properties":{"name":null,"highway":"motorway_link","osm":"way/177555356"},"geometry":{"type":"LineString","coordinates":[[-115.18023,36.11609],[-115.18022,36.11753]]}},{"type":"Feature","properties":{"name":null,"highway":"motorway_link","osm":"way/177555357"},"geometry":{"type":"LineString","coordinates":[[-115.18022,36.11753],[-115.18022,36.11965]]}},{"type":"Feature","properties":{"name":"Las Vegas Freeway","highway":"motorway","osm":"way/178416664"},"geometry":{"type":"LineString","coordinates":[[-115.1451,36.18116],[-115.14512,36.18109]]}},{"type":"Feature","properties":{"name":null,"highway":"motorway_link","osm":"way/178416665"},"geometry":{"type":"LineString","coordinates":[[-115.15438,36.17549],[-115.15636,36.17452],[-115.15683,36.17375],[-115.15664,36.17307],[-115.15608,36.17265],[-115.15529,36.1725],[-115.15456,36.17272]]}},{"type":"Feature","properties":{"name":"Irwin Molasky Street","highway":"secondary","osm":"way/180421753"},"geometry":{"type":"LineString","coordinates":[[-115.14768,36.16615],[-115.14825,36.16554]]}},{"type":"Feature","properties":{"name":null,"highway":"secondary_link","osm":"way/181834613"},"geometry":{"type":"LineString","coordinates":[[-115.164,36.12006],[-115.16416,36.1201]]}},{"type":"Feature","properties":{"name":"North Las Vegas Boulevard","highway":"primary","osm":"way/182019776"},"geometry":{"type":"LineString","coordinates":[[-115.13755,36.17401],[-115.13728,36.17447]]}},{"type":"Feature","properties":{"name":null,"highway":"motorway_link","osm":"way/182019867"},"geometry":{"type":"LineString","coordinates":[[-115.12083,36.16773],[-115.12044,36.1677]]}},{"type":"Feature","properties":{"name":null,"highway":"motorway_link","osm":"way/182019875"},"geometry":{"type":"LineString","coordinates":[[-115.12152,36.16779],[-115.12083,36.16773]]}},{"type":"Feature","properties":{"name":null,"highway":"motorway_link","osm":"way/182019949"},"geometry":{"type":"LineString","coordinates":[[-115.13829,36.17284],[-115.13791,36.17306],[-115.13692,36.17277]]}},{"type":"Feature","properties":{"name":null,"highway":"motorway_link","osm":"way/182019970"},"geometry":{"type":"LineString","coordinates":[[-115.14301,36.17486],[-115.1423,36.17433],[-115.14229,36.17359]]}},{"type":"Feature","properties":{"name":"Hughes Center Drive","highway":"unclassified","osm":"way/182464628"},"geometry":{"type":"LineString","coordinates":[[-115.15908,36.11612],[-115.1591,36.116]]}},{"type":"Feature","properties":{"name":"Hughes Center Drive","highway":"unclassified","osm":"way/182464634"},"geometry":{"type":"LineString","coordinates":[[-115.15869,36.11595],[-115.15821,36.1157]]}},{"type":"Feature","properties":{"name":"Valley Street","highway":"residential","osm":"way/182517473"},"geometry":{"type":"LineString","coordinates":[[-115.1139,36.16149],[-115.11599,36.1615]]}},{"type":"Feature","properties":{"name":null,"highway":"primary_link","osm":"way/190828054"},"geometry":{"type":"LineString","coordinates":[[-115.16553,36.10101],[-115.16665,36.10081]]}},{"type":"Feature","properties":{"name":null,"highway":"primary_link","osm":"way/190828055"},"geometry":{"type":"LineString","coordinates":[[-115.16373,36.10042],[-115.16345,36.1007]]}},{"type":"Feature","properties":{"name":null,"highway":"primary_link","osm":"way/190828059"},"geometry":{"type":"LineString","coordinates":[[-115.16277,36.10119],[-115.16305,36.10099]]}},{"type":"Feature","properties":{"name":null,"highway":"primary_link","osm":"way/190828060"},"geometry":{"type":"LineString","coordinates":[[-115.15019,36.10081],[-115.14961,36.10048]]}},{"type":"Feature","properties":{"name":"East Tropicana Avenue","highway":"primary","osm":"way/190828069"},"geometry":{"type":"LineString","coordinates":[[-115.14077,36.10096],[-115.13909,36.10095]]}},{"type":"Feature","properties":{"name":null,"highway":"primary_link","osm":"way/190828073"},"geometry":{"type":"LineString","coordinates":[[-115.17244,36.10104],[-115.17272,36.10123]]}},{"type":"Feature","properties":{"name":"West Tropicana Avenue","highway":"primary","osm":"way/190828079"},"geometry":{"type":"LineString","coordinates":[[-115.18536,36.10081],[-115.18402,36.10063]]}},{"type":"Feature","properties":{"name":null,"highway":"primary_link","osm":"way/190828086"},"geometry":{"type":"LineString","coordinates":[[-115.16254,36.10098],[-115.16277,36.10119]]}},{"type":"Feature","properties":{"name":null,"highway":"primary_link","osm":"way/190828092"},"geometry":{"type":"LineString","coordinates":[[-115.17363,36.10074],[-115.17309,36.10033]]}},{"type":"Feature","properties":{"name":"East Tropicana Avenue","highway":"primary","osm":"way/190828093"},"geometry":{"type":"LineString","coordinates":[[-115.16049,36.10079],[-115.15553,36.10086]]}},{"type":"Feature","properties":{"name":null,"highway":"primary_link","osm":"way/190828094"},"geometry":{"type":"LineString","coordinates":[[-115.15002,36.10153],[-115.15063,36.10111]]}},{"type":"Feature","properties":{"name":null,"highway":"primary_link","osm":"way/190828101"},"geometry":{"type":"LineString","coordinates":[[-115.17276,36.10054],[-115.17254,36.10072]]}},{"type":"Feature","properties":{"name":"Ocean Drive","highway":"unclassified","osm":"way/190828104"},"geometry":{"type":"LineString","coordinates":[[-115.16757,36.10153],[-115.16788,36.10194]]}},{"type":"Feature","properties":{"name":"Wilbur Clark D.I. Road","highway":"primary","osm":"way/190982613"},"geometry":{"type":"LineString","coordinates":[[-115.17233,36.13153],[-115.17497,36.1319],[-115.17771,36.13152]]}},{"type":"Feature","properties":{"name":null,"highway":"secondary_link","osm":"way/190982614"},"geometry":{"type":"LineString","coordinates":[[-115.17894,36.12742],[-115.17976,36.12672]]}},{"type":"Feature","properties":{"name":null,"highway":"motorway_link","osm":"way/194814724"},"geometry":{"type":"LineString","coordinates":[[-115.1811,36.09662],[-115.1811,36.095]]}},{"type":"Feature","properties":{"name":"Art Way","highway":"tertiary","osm":"way/194827164"},"geometry":{"type":"LineString","coordinates":[[-115.15156,36.15942],[-115.1517,36.15929]]}},{"type":"Feature","properties":{"name":"East Bonanza Road","highway":"secondary","osm":"way/196216724"},"geometry":{"type":"LineString","coordinates":[[-115.12513,36.174],[-115.11843,36.17398]]}},{"type":"Feature","properties":{"name":"West Bonanza Road","highway":"secondary","osm":"way/198217576"},"geometry":{"type":"LineString","coordinates":[[-115.16073,36.17704],[-115.15985,36.17704]]}},{"type":"Feature","properties":{"name":"South Las Vegas Boulevard","highway":"primary","osm":"way/198217580"},"geometry":{"type":"LineString","coordinates":[[-115.14595,36.16107],[-115.14519,36.16223]]}},{"type":"Feature","properties":{"name":"North Main Street","highway":"secondary","osm":"way/198217587"},"geometry":{"type":"LineString","coordinates":[[-115.14216,36.17815],[-115.1408,36.18023]]}},{"type":"Feature","properties":{"name":"West Bonanza Road","highway":"secondary","osm":"way/198217595"},"geometry":{"type":"LineString","coordinates":[[-115.14721,36.17728],[-115.14934,36.17723]]}},{"type":"Feature","properties":{"name":"South 4th Street","highway":"tertiary","osm":"way/198217596"},"geometry":{"type":"LineString","coordinates":[[-115.15077,36.1559],[-115.14925,36.15836]]}},{"type":"Feature","properties":{"name":"East Bonanza Road","highway":"secondary","osm":"way/198217597"},"geometry":{"type":"LineString","coordinates":[[-115.14223,36.17701],[-115.1427,36.1772]]}},{"type":"Feature","properties":{"name":"North Main Street","highway":"secondary","osm":"way/198217600"},"geometry":{"type":"LineString","coordinates":[[-115.14287,36.17715],[-115.14313,36.17677]]}},{"type":"Feature","properties":{"name":"Paradise Road","highway":"primary","osm":"way/198218447"},"geometry":{"type":"LineString","coordinates":[[-115.15371,36.11334],[-115.15308,36.11136]]}},{"type":"Feature","properties":{"name":"East Tropicana Avenue","highway":"primary","osm":"way/198218850"},"geometry":{"type":"LineString","coordinates":[[-115.13244,36.10102],[-115.13574,36.10102]]}},{"type":"Feature","properties":{"name":"East Tropicana Avenue","highway":"primary","osm":"way/198218854"},"geometry":{"type":"LineString","coordinates":[[-115.16001,36.10093],[-115.16088,36.10095]]}},{"type":"Feature","properties":{"name":"East Tropicana Avenue","highway":"primary","osm":"way/198218855"},"geometry":{"type":"LineString","coordinates":[[-115.14777,36.10101],[-115.14595,36.10087]]}},{"type":"Feature","properties":{"name":"Monterey Circle","highway":"residential","osm":"way/203047343"},"geometry":{"type":"LineString","coordinates":[[-115.15915,36.10586],[-115.15991,36.10585]]}},{"type":"Feature","properties":{"name":"East Desert Inn Road","highway":"primary","osm":"way/204632877"},"geometry":{"type":"LineString","coordinates":[[-115.15493,36.12946],[-115.15476,36.12945]]}},{"type":"Feature","properties":{"name":"East Desert Inn Road","highway":"primary","osm":"way/204632878"},"geometry":{"type":"LineString","coordinates":[[-115.15255,36.12935],[-115.15151,36.12935]]}},{"type":"Feature","properties":{"name":"East Desert Inn Road","highway":"primary","osm":"way/204632879"},"geometry":{"type":"LineString","coordinates":[[-115.14447,36.12979],[-115.14271,36.12978]]}},{"type":"Feature","properties":{"name":"East Desert Inn Road","highway":"primary","osm":"way/204632880"},"geometry":{"type":"LineString","coordinates":[[-115.15151,36.12935],[-115.14717,36.12949]]}},{"type":"Feature","properties":{"name":"Hotel Rio Drive","highway":"unclassified","osm":"way/204632882"},"geometry":{"type":"LineString","coordinates":[[-115.18525,36.11674],[-115.18429,36.11853],[-115.18542,36.1191],[-115.18463,36.12036]]}},{"type":"Feature","properties":{"name":"Hotel Rio Drive","highway":"unclassified","osm":"way/204632934"},"geometry":{"type":"LineString","coordinates":[[-115.18423,36.12128],[-115.18428,36.12121]]}},{"type":"Feature","properties":{"name":"Hotel Rio Drive","highway":"unclassified","osm":"way/204632937"},"geometry":{"type":"LineString","coordinates":[[-115.18452,36.1205],[-115.18412,36.12113]]}},{"type":"Feature","properties":{"name":"Howard Hughes Parkway","highway":"tertiary","osm":"way/205742205"},"geometry":{"type":"LineString","coordinates":[[-115.15883,36.11602],[-115.15916,36.11504]]}},{"type":"Feature","properties":{"name":"Howard Hughes Parkway","highway":"tertiary","osm":"way/205742206"},"geometry":{"type":"LineString","coordinates":[[-115.15899,36.11432],[-115.15899,36.11445]]}},{"type":"Feature","properties":{"name":"Boulder Avenue","highway":"unclassified","osm":"way/208084752"},"geometry":{"type":"LineString","coordinates":[[-115.15198,36.15912],[-115.15284,36.15955]]}},{"type":"Feature","properties":{"name":"Hughes Center Drive","highway":"unclassified","osm":"way/209751260"},"geometry":{"type":"LineString","coordinates":[[-115.15821,36.1157],[-115.15769,36.11533],[-115.15562,36.1153],[-115.15525,36.11569],[-115.15535,36.11619]]}},{"type":"Feature","properties":{"name":"Hughes Center Drive","highway":"unclassified","osm":"way/209751261"},"geometry":{"type":"LineString","coordinates":[[-115.15893,36.11626],[-115.15917,36.11618],[-115.15893,36.11626]]}},{"type":"Feature","properties":{"name":"North Las Vegas Boulevard","highway":"primary","osm":"way/210546071"},"geometry":{"type":"LineString","coordinates":[[-115.1341,36.18977],[-115.13413,36.18888]]}},{"type":"Feature","properties":{"name":null,"highway":"primary_link","osm":"way/218653391"},"geometry":{"type":"LineString","coordinates":[[-115.17389,36.11463],[-115.17323,36.11444],[-115.17303,36.11403]]}},{"type":"Feature","properties":{"name":null,"highway":"primary_link","osm":"way/218654263"},"geometry":{"type":"LineString","coordinates":[[-115.17311,36.11152],[-115.17324,36.11138]]}},{"type":"Feature","properties":{"name":"Paris Drive","highway":"unclassified","osm":"way/218654264"},"geometry":{"type":"LineString","coordinates":[[-115.17115,36.11132],[-115.17131,36.11154]]}},{"type":"Feature","properties":{"name":"Paris Drive","highway":"unclassified","osm":"way/218654265"},"geometry":{"type":"LineString","coordinates":[[-115.17166,36.11136],[-115.17115,36.11132]]}},{"type":"Feature","properties":{"name":"South Las Vegas Boulevard","highway":"primary","osm":"way/222666815"},"geometry":{"type":"LineString","coordinates":[[-115.17309,36.09736],[-115.17307,36.09595]]}},{"type":"Feature","properties":{"name":"Aria Place","highway":"unclassified","osm":"way/222666816"},"geometry":{"type":"LineString","coordinates":[[-115.17577,36.10703],[-115.17418,36.10669]]}},{"type":"Feature","properties":{"name":null,"highway":"primary_link","osm":"way/222666817"},"geometry":{"type":"LineString","coordinates":[[-115.17317,36.10651],[-115.17299,36.10651]]}},{"type":"Feature","properties":{"name":"South Maryland Parkway","highway":"primary","osm":"way/225884473"},"geometry":{"type":"LineString","coordinates":[[-115.137,36.10322],[-115.13706,36.10402]]}},{"type":"Feature","properties":{"name":"University Center Drive","highway":"secondary","osm":"way/225884478"},"geometry":{"type":"LineString","coordinates":[[-115.14617,36.12236],[-115.14608,36.12627]]}},{"type":"Feature","properties":{"name":"Sierra Vista Drive","highway":"unclassified","osm":"way/225884479"},"geometry":{"type":"LineString","coordinates":[[-115.14605,36.1269],[-115.14539,36.12693]]}},{"type":"Feature","properties":{"name":"South Maryland Parkway","highway":"primary","osm":"way/225884481"},"geometry":{"type":"LineString","coordinates":[[-115.13731,36.10775],[-115.13732,36.10783]]}},{"type":"Feature","properties":{"name":"South Maryland Parkway","highway":"primary","osm":"way/225884482"},"geometry":{"type":"LineString","coordinates":[[-115.13757,36.11808],[-115.13754,36.11879]]}},{"type":"Feature","properties":{"name":"Peyton Drive","highway":"residential","osm":"way/225884485"},"geometry":{"type":"LineString","coordinates":[[-115.1188,36.15679],[-115.11724,36.1568]]}},{"type":"Feature","properties":{"name":"Ballard Drive","highway":"residential","osm":"way/225884493"},"geometry":{"type":"LineString","coordinates":[[-115.1234,36.15775],[-115.11897,36.15774]]}},{"type":"Feature","properties":{"name":"Cambridge Street","highway":"tertiary","osm":"way/225884494"},"geometry":{"type":"LineString","coordinates":[[-115.14208,36.11677],[-115.14219,36.11511]]}},{"type":"Feature","properties":{"name":"East Flamingo Road","highway":"primary","osm":"way/225884514"},"geometry":{"type":"LineString","coordinates":[[-115.14638,36.11463],[-115.14292,36.11459]]}},{"type":"Feature","properties":{"name":"Paradise Road","highway":"primary","osm":"way/225884522"},"geometry":{"type":"LineString","coordinates":[[-115.15497,36.1176],[-115.15494,36.11746]]}},{"type":"Feature","properties":{"name":"East Flamingo Road","highway":"primary","osm":"way/225884523"},"geometry":{"type":"LineString","coordinates":[[-115.13555,36.11452],[-115.13393,36.11453]]}},{"type":"Feature","properties":{"name":"Franklin Avenue","highway":"residential","osm":"way/225884524"},"geometry":{"type":"LineString","coordinates":[[-115.11879,36.15512],[-115.11665,36.15514]]}},{"type":"Feature","properties":{"name":"Koval Lane","highway":"secondary","osm":"way/225884532"},"geometry":{"type":"LineString","coordinates":[[-115.1639,36.10858],[-115.16393,36.11115]]}},{"type":"Feature","properties":{"name":"East Reno Avenue","highway":"residential","osm":"way/225884534"},"geometry":{"type":"LineString","coordinates":[[-115.13681,36.09732],[-115.12809,36.09723],[-115.11924,36.09651]]}},{"type":"Feature","properties":{"name":"East Twain Avenue","highway":"secondary","osm":"way/225884541"},"geometry":{"type":"LineString","coordinates":[[-115.14131,36.12217],[-115.13856,36.12217]]}},{"type":"Feature","properties":{"name":"Atlantic Street","highway":"residential","osm":"way/225884550"},"geometry":{"type":"LineString","coordinates":[[-115.11442,36.15689],[-115.11438,36.14804]]}},{"type":"Feature","properties":{"name":"North 11th Street","highway":"residential","osm":"way/226002291"},"geometry":{"type":"LineString","coordinates":[[-115.13227,36.16861],[-115.13143,36.1699]]}},{"type":"Feature","properties":{"name":"North 7th Street","highway":"tertiary","osm":"way/226002292"},"geometry":{"type":"LineString","coordinates":[[-115.13619,36.17179],[-115.13566,36.17264]]}},{"type":"Feature","properties":{"name":"Fremont Street","highway":"primary","osm":"way/226002294"},"geometry":{"type":"LineString","coordinates":[[-115.12698,36.16336],[-115.12653,36.16316]]}},{"type":"Feature","properties":{"name":"South 7th Street","highway":"tertiary","osm":"way/226002295"},"geometry":{"type":"LineString","coordinates":[[-115.14142,36.1636],[-115.14218,36.16244]]}},{"type":"Feature","properties":{"name":"South 10th Street","highway":"residential","osm":"way/226002296"},"geometry":{"type":"LineString","coordinates":[[-115.13879,36.16097],[-115.14011,36.15892]]}},{"type":"Feature","properties":{"name":"North 1st Street","highway":"tertiary","osm":"way/226002297"},"geometry":{"type":"LineString","coordinates":[[-115.14411,36.17289],[-115.14401,36.17305]]}},{"type":"Feature","properties":{"name":"South Las Vegas Boulevard","highway":"primary","osm":"way/226002298"},"geometry":{"type":"LineString","coordinates":[[-115.14442,36.16341],[-115.14366,36.16456]]}},{"type":"Feature","properties":{"name":"South 3rd Street","highway":"tertiary","osm":"way/226002312"},"geometry":{"type":"LineString","coordinates":[[-115.14444,36.16788],[-115.14461,36.16762]]}},{"type":"Feature","properties":{"name":"South 9th Street","highway":"residential","osm":"way/226002313"},"geometry":{"type":"LineString","coordinates":[[-115.1399,36.16146],[-115.14067,36.16028]]}},{"type":"Feature","properties":{"name":"South 6th Street","highway":"tertiary","osm":"way/226002314"},"geometry":{"type":"LineString","coordinates":[[-115.14028,36.16759],[-115.14091,36.1666]]}},{"type":"Feature","properties":{"name":"North 14th Street","highway":"residential","osm":"way/226002316"},"geometry":{"type":"LineString","coordinates":[[-115.12819,36.1711],[-115.12819,36.17403]]}},{"type":"Feature","properties":{"name":"North 9th Street","highway":"residential","osm":"way/226002320"},"geometry":{"type":"LineString","coordinates":[[-115.13467,36.16964],[-115.13397,36.17076],[-115.13397,36.17174]]}},{"type":"Feature","properties":{"name":"North Maryland Parkway","highway":"secondary","osm":"way/226002321"},"geometry":{"type":"LineString","coordinates":[[-115.1279,36.17824],[-115.12918,36.17823],[-115.13007,36.17788],[-115.13059,36.17719],[-115.13065,36.17608]]}},{"type":"Feature","properties":{"name":"South Main Street","highway":"primary","osm":"way/226002322"},"geometry":{"type":"LineString","coordinates":[[-115.15133,36.16324],[-115.15119,36.1641]]}},{"type":"Feature","properties":{"name":"South 3rd Street","highway":"tertiary","osm":"way/226002324"},"geometry":{"type":"LineString","coordinates":[[-115.146,36.16556],[-115.14752,36.16324]]}},{"type":"Feature","properties":{"name":"East Owens Avenue","highway":"secondary","osm":"way/226002325"},"geometry":{"type":"LineString","coordinates":[[-115.11121,36.18839],[-115.10727,36.18832]]}},{"type":"Feature","properties":{"name":"South 8th Street","highway":"tertiary","osm":"way/226002326"},"geometry":{"type":"LineString","coordinates":[[-115.14104,36.16195],[-115.1418,36.16077]]}},{"type":"Feature","properties":{"name":"South 10th Street","highway":"residential","osm":"way/226002327"},"geometry":{"type":"LineString","coordinates":[[-115.13798,36.16213],[-115.13879,36.16097]]}},{"type":"Feature","properties":{"name":"South 10th Street","highway":"residential","osm":"way/226002328"},"geometry":{"type":"LineString","coordinates":[[-115.13647,36.16445],[-115.13798,36.16213]]}},{"type":"Feature","properties":{"name":"South 14th Street","highway":"residential","osm":"way/226002330"},"geometry":{"type":"LineString","coordinates":[[-115.13115,36.16366],[-115.13192,36.1625]]}},{"type":"Feature","properties":{"name":"South 6th Street","highway":"tertiary","osm":"way/226002331"},"geometry":{"type":"LineString","coordinates":[[-115.14255,36.16408],[-115.14331,36.16293]]}},{"type":"Feature","properties":{"name":"North Main Street","highway":"primary","osm":"way/226002336"},"geometry":{"type":"LineString","coordinates":[[-115.1463,36.17168],[-115.14614,36.17193]]}},{"type":"Feature","properties":{"name":"South 9th Street","highway":"residential","osm":"way/226002338"},"geometry":{"type":"LineString","coordinates":[[-115.13913,36.16261],[-115.1399,36.16146]]}},{"type":"Feature","properties":{"name":"North 10th Street","highway":"residential","osm":"way/226002342"},"geometry":{"type":"LineString","coordinates":[[-115.13271,36.17165],[-115.13272,36.17404]]}},{"type":"Feature","properties":{"name":"East Carson Avenue","highway":"tertiary","osm":"way/226002343"},"geometry":{"type":"LineString","coordinates":[[-115.13458,36.16513],[-115.13573,36.16562]]}},{"type":"Feature","properties":{"name":"North 15th Street","highway":"residential","osm":"way/226002344"},"geometry":{"type":"LineString","coordinates":[[-115.12709,36.17101],[-115.1271,36.17403]]}},{"type":"Feature","properties":{"name":"South 14th Street","highway":"residential","osm":"way/226002347"},"geometry":{"type":"LineString","coordinates":[[-115.13192,36.1625],[-115.13392,36.15943],[-115.13397,36.15888]]}},{"type":"Feature","properties":{"name":"South 4th Street","highway":"tertiary","osm":"way/226002348"},"geometry":{"type":"LineString","coordinates":[[-115.14485,36.16507],[-115.14365,36.16691]]}},{"type":"Feature","properties":{"name":"North 7th Street","highway":"tertiary","osm":"way/226002350"},"geometry":{"type":"LineString","coordinates":[[-115.13765,36.16944],[-115.13691,36.17062]]}},{"type":"Feature","properties":{"name":"South 7th Street","highway":"residential","osm":"way/226002351"},"geometry":{"type":"LineString","coordinates":[[-115.14218,36.16244],[-115.14335,36.16065]]}},{"type":"Feature","properties":{"name":"Harris Avenue","highway":"residential","osm":"way/226002352"},"geometry":{"type":"LineString","coordinates":[[-115.11606,36.17755],[-115.10591,36.17738]]}},{"type":"Feature","properties":{"name":"South 3rd Street","highway":"tertiary","osm":"way/226002356"},"geometry":{"type":"LineString","coordinates":[[-115.14369,36.16904],[-115.14434,36.16804]]}},{"type":"Feature","properties":{"name":"North 11th Street","highway":"unclassified","osm":"way/226002357"},"geometry":{"type":"LineString","coordinates":[[-115.13306,36.16746],[-115.13227,36.16861]]}},{"type":"Feature","properties":{"name":"Bridger Avenue","highway":"tertiary","osm":"way/226002363"},"geometry":{"type":"LineString","coordinates":[[-115.13647,36.16445],[-115.13306,36.16299]]}},{"type":"Feature","properties":{"name":"North 6th Street","highway":"tertiary","osm":"way/226002365"},"geometry":{"type":"LineString","coordinates":[[-115.13877,36.16992],[-115.13805,36.1711]]}},{"type":"Feature","properties":{"name":"South 1st Street","highway":"unclassified","osm":"way/226002366"},"geometry":{"type":"LineString","coordinates":[[-115.15284,36.15955],[-115.15053,36.16304]]}},{"type":"Feature","properties":{"name":"South 9th Street","highway":"residential","osm":"way/226002367"},"geometry":{"type":"LineString","coordinates":[[-115.13687,36.16612],[-115.13761,36.16494]]}},{"type":"Feature","properties":{"name":"South 3rd Street","highway":"unclassified","osm":"way/226002370"},"geometry":{"type":"LineString","coordinates":[[-115.14752,36.16324],[-115.14825,36.16206]]}},{"type":"Feature","properties":{"name":"South 6th Street","highway":"tertiary","osm":"way/226002371"},"geometry":{"type":"LineString","coordinates":[[-115.14486,36.1606],[-115.14584,36.15911]]}},{"type":"Feature","properties":{"name":"South 1st Street","highway":"unclassified","osm":"way/226002373"},"geometry":{"type":"LineString","coordinates":[[-115.14673,36.16887],[-115.1475,36.1677]]}},{"type":"Feature","properties":{"name":"South 3rd Street","highway":"unclassified","osm":"way/226002375"},"geometry":{"type":"LineString","coordinates":[[-115.14825,36.16206],[-115.15034,36.15889]]}},{"type":"Feature","properties":{"name":"South 10th Street","highway":"residential","osm":"way/226002376"},"geometry":{"type":"LineString","coordinates":[[-115.13573,36.16562],[-115.13647,36.16445]]}},{"type":"Feature","properties":{"name":"Gass Avenue","highway":"tertiary","osm":"way/226002377"},"geometry":{"type":"LineString","coordinates":[[-115.14595,36.16107],[-115.1457,36.16096]]}},{"type":"Feature","properties":{"name":"North 9th Street","highway":"residential","osm":"way/226002380"},"geometry":{"type":"LineString","coordinates":[[-115.13539,36.16847],[-115.13467,36.16964]]}},{"type":"Feature","properties":{"name":"South 6th Street","highway":"tertiary","osm":"way/226002383"},"geometry":{"type":"LineString","coordinates":[[-115.14104,36.16642],[-115.14122,36.16614]]}},{"type":"Feature","properties":{"name":"North Las Vegas Boulevard","highway":"primary","osm":"way/226002384"},"geometry":{"type":"LineString","coordinates":[[-115.14062,36.16922],[-115.1405,36.16939]]}},{"type":"Feature","properties":{"name":"South 7th Street","highway":"tertiary","osm":"way/226002391"},"geometry":{"type":"LineString","coordinates":[[-115.13914,36.16709],[-115.1399,36.16593]]}},{"type":"Feature","properties":{"name":"South Las Vegas Boulevard","highway":"primary","osm":"way/226002392"},"geometry":{"type":"LineString","coordinates":[[-115.14366,36.16456],[-115.14213,36.16689]]}},{"type":"Feature","properties":{"name":"South 7th Street","highway":"tertiary","osm":"way/226002395"},"geometry":{"type":"LineString","coordinates":[[-115.14068,36.16477],[-115.14142,36.1636]]}},{"type":"Feature","properties":{"name":"South 8th Street","highway":"unclassified","osm":"way/226002399"},"geometry":{"type":"LineString","coordinates":[[-115.13802,36.16661],[-115.13877,36.16544]]}},{"type":"Feature","properties":{"name":"North 10th Street","highway":"residential","osm":"way/226002401"},"geometry":{"type":"LineString","coordinates":[[-115.1342,36.16795],[-115.13343,36.16911]]}},{"type":"Feature","properties":{"name":"North 8th Street","highway":"residential","osm":"way/226002402"},"geometry":{"type":"LineString","coordinates":[[-115.13578,36.17013],[-115.13508,36.17131]]}},{"type":"Feature","properties":{"name":"North Las Vegas Boulevard","highway":"primary","osm":"way/226002408"},"geometry":{"type":"LineString","coordinates":[[-115.13909,36.17155],[-115.13835,36.17273]]}},{"type":"Feature","properties":{"name":"South 9th Street","highway":"residential","osm":"way/226002409"},"geometry":{"type":"LineString","coordinates":[[-115.13761,36.16494],[-115.13913,36.16261]]}},{"type":"Feature","properties":{"name":"East Ogden Avenue","highway":"tertiary","osm":"way/226002411"},"geometry":{"type":"LineString","coordinates":[[-115.13651,36.16895],[-115.1285,36.1655]]}},{"type":"Feature","properties":{"name":"South 13th Street","highway":"residential","osm":"way/226002413"},"geometry":{"type":"LineString","coordinates":[[-115.13459,36.16065],[-115.13535,36.15949],[-115.13536,36.15888]]}},{"type":"Feature","properties":{"name":"North 6th Street","highway":"unclassified","osm":"way/226002415"},"geometry":{"type":"LineString","coordinates":[[-115.13805,36.1711],[-115.13717,36.17265]]}},{"type":"Feature","properties":{"name":"North 8th Street","highway":"residential","osm":"way/226002416"},"geometry":{"type":"LineString","coordinates":[[-115.13651,36.16895],[-115.13578,36.17013]]}},{"type":"Feature","properties":{"name":"Hoover Avenue","highway":"unclassified","osm":"way/226002418"},"geometry":{"type":"LineString","coordinates":[[-115.14563,36.15944],[-115.1467,36.15989]]}},{"type":"Feature","properties":{"name":"East Flamingo Road","highway":"primary","osm":"way/226137296"},"geometry":{"type":"LineString","coordinates":[[-115.14226,36.11457],[-115.13917,36.11452]]}},{"type":"Feature","properties":{"name":"Palos Verdes Street","highway":"residential","osm":"way/226137297"},"geometry":{"type":"LineString","coordinates":[[-115.15057,36.11985],[-115.15057,36.11531]]}},{"type":"Feature","properties":{"name":"Sierra Vista Drive","highway":"residential","osm":"way/226137300"},"geometry":{"type":"LineString","coordinates":[[-115.14154,36.12693],[-115.13707,36.12692]]}},{"type":"Feature","properties":{"name":"East Harmon Avenue","highway":"unclassified","osm":"way/241192465"},"geometry":{"type":"LineString","coordinates":[[-115.14169,36.10765],[-115.14141,36.10766],[-115.14143,36.10794],[-115.14189,36.10778]]}},{"type":"Feature","properties":{"name":"East Harmon Avenue","highway":"unclassified","osm":"way/241192466"},"geometry":{"type":"LineString","coordinates":[[-115.14189,36.10778],[-115.14175,36.10772]]}},{"type":"Feature","properties":{"name":"Maudie Frazier Way","highway":"unclassified","osm":"way/241192478"},"geometry":{"type":"LineString","coordinates":[[-115.13792,36.10767],[-115.13748,36.10775]]}},{"type":"Feature","properties":{"name":null,"highway":"primary_link","osm":"way/241974983"},"geometry":{"type":"LineString","coordinates":[[-115.16252,36.10077],[-115.16185,36.10097]]}},{"type":"Feature","properties":{"name":null,"highway":"primary_link","osm":"way/241974985"},"geometry":{"type":"LineString","coordinates":[[-115.16104,36.10096],[-115.16166,36.10077]]}},{"type":"Feature","properties":{"name":null,"highway":"primary_link","osm":"way/242420237"},"geometry":{"type":"LineString","coordinates":[[-115.16394,36.10128],[-115.16436,36.101]]}},{"type":"Feature","properties":{"name":"Kelch Drive","highway":"unclassified","osm":"way/243493957"},"geometry":{"type":"LineString","coordinates":[[-115.15655,36.10097],[-115.15673,36.10168]]}},{"type":"Feature","properties":{"name":"Spring Mountain Road","highway":"primary","osm":"way/248770812"},"geometry":{"type":"LineString","coordinates":[[-115.16947,36.12541],[-115.16937,36.1254]]}},{"type":"Feature","properties":{"name":"South Las Vegas Boulevard","highway":"primary","osm":"way/255169900"},"geometry":{"type":"LineString","coordinates":[[-115.17143,36.12207],[-115.17059,36.12337]]}},{"type":"Feature","properties":{"name":"South Las Vegas Boulevard","highway":"primary","osm":"way/256266613"},"geometry":{"type":"LineString","coordinates":[[-115.17315,36.10881],[-115.17318,36.10756]]}},{"type":"Feature","properties":{"name":"Madison Avenue","highway":"residential","osm":"way/256397923"},"geometry":{"type":"LineString","coordinates":[[-115.14704,36.18395],[-115.15285,36.18379]]}},{"type":"Feature","properties":{"name":"Paradise Road","highway":"primary","osm":"way/256406184"},"geometry":{"type":"LineString","coordinates":[[-115.15493,36.12961],[-115.15493,36.12946]]}},{"type":"Feature","properties":{"name":"West Desert Inn Road","highway":"tertiary","osm":"way/256406186"},"geometry":{"type":"LineString","coordinates":[[-115.1849,36.12982],[-115.18454,36.12967]]}},{"type":"Feature","properties":{"name":"Paradise Road","highway":"primary","osm":"way/256406189"},"geometry":{"type":"LineString","coordinates":[[-115.15493,36.12946],[-115.15496,36.12836]]}},{"type":"Feature","properties":{"name":"Stewart Avenue","highway":"secondary","osm":"way/256406628"},"geometry":{"type":"LineString","coordinates":[[-115.12886,36.16715],[-115.12683,36.16644],[-115.11826,36.16654]]}},{"type":"Feature","properties":{"name":"Clark Avenue","highway":"secondary","osm":"way/256406637"},"geometry":{"type":"LineString","coordinates":[[-115.14378,36.16461],[-115.1443,36.16483]]}},{"type":"Feature","properties":{"name":"South Las Vegas Boulevard","highway":"primary","osm":"way/256407465"},"geometry":{"type":"LineString","coordinates":[[-115.17278,36.09541],[-115.17282,36.09656]]}},{"type":"Feature","properties":{"name":"South 1st Street","highway":"unclassified","osm":"way/256459850"},"geometry":{"type":"LineString","coordinates":[[-115.1498,36.16422],[-115.14967,36.1644]]}},{"type":"Feature","properties":{"name":"Lewis Avenue","highway":"residential","osm":"way/256459852"},"geometry":{"type":"LineString","coordinates":[[-115.13837,36.16377],[-115.13496,36.16232]]}},{"type":"Feature","properties":{"name":"South Casino Center Boulevard","highway":"unclassified","osm":"way/256459853"},"geometry":{"type":"LineString","coordinates":[[-115.15227,36.15877],[-115.15279,36.15215]]}},{"type":"Feature","properties":{"name":"South 8th Street","highway":"residential","osm":"way/256459855"},"geometry":{"type":"LineString","coordinates":[[-115.14316,36.15877],[-115.14355,36.158]]}},{"type":"Feature","properties":{"name":"Paradise Road","highway":"primary","osm":"way/256525030"},"geometry":{"type":"LineString","coordinates":[[-115.14925,36.09909],[-115.14906,36.09849]]}},{"type":"Feature","properties":{"name":null,"highway":"secondary_link","osm":"way/257758566"},"geometry":{"type":"LineString","coordinates":[[-115.17499,36.12773],[-115.17547,36.12794]]}},{"type":"Feature","properties":{"name":null,"highway":"secondary_link","osm":"way/257758567"},"geometry":{"type":"LineString","coordinates":[[-115.17553,36.12784],[-115.17499,36.12773]]}},{"type":"Feature","properties":{"name":"London Drive","highway":"unclassified","osm":"way/257758568"},"geometry":{"type":"LineString","coordinates":[[-115.17437,36.12833],[-115.17366,36.12827]]}},{"type":"Feature","properties":{"name":"Fashion Lane","highway":"unclassified","osm":"way/257758569"},"geometry":{"type":"LineString","coordinates":[[-115.17093,36.12614],[-115.17086,36.12561]]}},{"type":"Feature","properties":{"name":null,"highway":"primary_link","osm":"way/257758571"},"geometry":{"type":"LineString","coordinates":[[-115.17344,36.12603],[-115.17381,36.1257]]}},{"type":"Feature","properties":{"name":"Fashion Lane","highway":"unclassified","osm":"way/257758572"},"geometry":{"type":"LineString","coordinates":[[-115.17076,36.12561],[-115.17084,36.12613]]}},{"type":"Feature","properties":{"name":null,"highway":"motorway_link","osm":"way/262870151"},"geometry":{"type":"LineString","coordinates":[[-115.17966,36.12599],[-115.17912,36.12566],[-115.17935,36.12518],[-115.17985,36.12516],[-115.18026,36.12564]]}},{"type":"Feature","properties":{"name":"South Las Vegas Boulevard","highway":"primary","osm":"way/264399445"},"geometry":{"type":"LineString","coordinates":[[-115.17279,36.10391],[-115.1728,36.10651]]}},{"type":"Feature","properties":{"name":"Planet Hollywood Way","highway":"unclassified","osm":"way/269466804"},"geometry":{"type":"LineString","coordinates":[[-115.16996,36.10796],[-115.16992,36.10764]]}},{"type":"Feature","properties":{"name":null,"highway":"primary_link","osm":"way/269620377"},"geometry":{"type":"LineString","coordinates":[[-115.14074,36.11454],[-115.14,36.11469]]}},{"type":"Feature","properties":{"name":"South Las Vegas Boulevard","highway":"primary","osm":"way/269922623"},"geometry":{"type":"LineString","coordinates":[[-115.14378,36.16461],[-115.14431,36.1638]]}},{"type":"Feature","properties":{"name":"North Las Vegas Boulevard","highway":"primary","osm":"way/269922625"},"geometry":{"type":"LineString","coordinates":[[-115.13818,36.1734],[-115.13921,36.1716]]}},{"type":"Feature","properties":{"name":"North Las Vegas Boulevard","highway":"primary","osm":"way/269922627"},"geometry":{"type":"LineString","coordinates":[[-115.13413,36.1884],[-115.13414,36.18775]]}},{"type":"Feature","properties":{"name":"North Las Vegas Boulevard","highway":"primary","osm":"way/269922633"},"geometry":{"type":"LineString","coordinates":[[-115.13921,36.1716],[-115.13976,36.17073]]}},{"type":"Feature","properties":{"name":"North Las Vegas Boulevard","highway":"primary","osm":"way/269922636"},"geometry":{"type":"LineString","coordinates":[[-115.13718,36.17493],[-115.13737,36.17466]]}},{"type":"Feature","properties":{"name":"South Las Vegas Boulevard","highway":"primary","osm":"way/269922642"},"geometry":{"type":"LineString","coordinates":[[-115.14797,36.15821],[-115.14873,36.15702]]}},{"type":"Feature","properties":{"name":"South Las Vegas Boulevard","highway":"primary","osm":"way/269922644"},"geometry":{"type":"LineString","coordinates":[[-115.14453,36.16346],[-115.1453,36.16228]]}},{"type":"Feature","properties":{"name":"South Las Vegas Boulevard","highway":"primary","osm":"way/269922646"},"geometry":{"type":"LineString","coordinates":[[-115.1415,36.16811],[-115.14226,36.16695]]}},{"type":"Feature","properties":{"name":null,"highway":"primary_link","osm":"way/269922647"},"geometry":{"type":"LineString","coordinates":[[-115.14974,36.15527],[-115.14985,36.15532]]}},{"type":"Feature","properties":{"name":"Charlotte Drive","highway":"residential","osm":"way/272839975"},"geometry":{"type":"LineString","coordinates":[[-115.15869,36.11162],[-115.15828,36.11116]]}},{"type":"Feature","properties":{"name":"Tuscany Casino Drive","highway":"unclassified","osm":"way/272840855"},"geometry":{"type":"LineString","coordinates":[[-115.159,36.11375],[-115.15899,36.11432]]}},{"type":"Feature","properties":{"name":"Tuscany Casino Drive","highway":"unclassified","osm":"way/272840856"},"geometry":{"type":"LineString","coordinates":[[-115.15917,36.11433],[-115.15918,36.11363]]}},{"type":"Feature","properties":{"name":"Tuscany Casino Drive","highway":"unclassified","osm":"way/272840857"},"geometry":{"type":"LineString","coordinates":[[-115.15929,36.11339],[-115.15899,36.11333],[-115.15892,36.11354],[-115.15918,36.11363],[-115.15929,36.11339]]}},{"type":"Feature","properties":{"name":null,"highway":"primary_link","osm":"way/272972659"},"geometry":{"type":"LineString","coordinates":[[-115.14077,36.10096],[-115.14141,36.10132]]}},{"type":"Feature","properties":{"name":"Wilbur Street","highway":"unclassified","osm":"way/272972660"},"geometry":{"type":"LineString","coordinates":[[-115.14181,36.10131],[-115.14158,36.10127]]}},{"type":"Feature","properties":{"name":null,"highway":"primary_link","osm":"way/272972661"},"geometry":{"type":"LineString","coordinates":[[-115.14158,36.10127],[-115.14184,36.10095]]}},{"type":"Feature","properties":{"name":null,"highway":"primary_link","osm":"way/277512377"},"geometry":{"type":"LineString","coordinates":[[-115.17279,36.10286],[-115.17302,36.10384]]}},{"type":"Feature","properties":{"name":null,"highway":"primary_link","osm":"way/277512378"},"geometry":{"type":"LineString","coordinates":[[-115.17316,36.10482],[-115.17279,36.10391]]}},{"type":"Feature","properties":{"name":null,"highway":"primary_link","osm":"way/277512379"},"geometry":{"type":"LineString","coordinates":[[-115.1728,36.10774],[-115.17234,36.10817]]}},{"type":"Feature","properties":{"name":null,"highway":"primary_link","osm":"way/277512380"},"geometry":{"type":"LineString","coordinates":[[-115.17314,36.10944],[-115.1736,36.10925]]}},{"type":"Feature","properties":{"name":null,"highway":"primary_link","osm":"way/277512381"},"geometry":{"type":"LineString","coordinates":[[-115.16992,36.12544],[-115.16967,36.12509]]}},{"type":"Feature","properties":{"name":"South Las Vegas Boulevard","highway":"primary","osm":"way/277512384"},"geometry":{"type":"LineString","coordinates":[[-115.16566,36.13092],[-115.16557,36.13103]]}},{"type":"Feature","properties":{"name":"Genting Boulevard","highway":"tertiary","osm":"way/277512385"},"geometry":{"type":"LineString","coordinates":[[-115.16575,36.13105],[-115.1657,36.13099]]}},{"type":"Feature","properties":{"name":null,"highway":"primary_link","osm":"way/277512386"},"geometry":{"type":"LineString","coordinates":[[-115.16592,36.13045],[-115.16542,36.13057]]}},{"type":"Feature","properties":{"name":"South 4th Street","highway":"tertiary","osm":"way/279670279"},"geometry":{"type":"LineString","coordinates":[[-115.15096,36.15458],[-115.15086,36.15567]]}},{"type":"Feature","properties":{"name":"Pershing Avenue","highway":"unclassified","osm":"way/280002164"},"geometry":{"type":"LineString","coordinates":[[-115.17491,36.12391],[-115.17551,36.12387]]}},{"type":"Feature","properties":{"name":"East Harmon Avenue","highway":"primary","osm":"way/281237558"},"geometry":{"type":"LineString","coordinates":[[-115.15042,36.10801],[-115.15123,36.10803]]}},{"type":"Feature","properties":{"name":null,"highway":"primary_link","osm":"way/281237559"},"geometry":{"type":"LineString","coordinates":[[-115.15172,36.10814],[-115.15192,36.10825]]}},{"type":"Feature","properties":{"name":"East Harmon Avenue","highway":"secondary","osm":"way/281237560"},"geometry":{"type":"LineString","coordinates":[[-115.15281,36.10805],[-115.15334,36.10805]]}},{"type":"Feature","properties":{"name":"East Harmon Avenue","highway":"secondary","osm":"way/281237561"},"geometry":{"type":"LineString","coordinates":[[-115.15289,36.10793],[-115.15203,36.10792]]}},{"type":"Feature","properties":{"name":"East Harmon Avenue","highway":"secondary","osm":"way/281237562"},"geometry":{"type":"LineString","coordinates":[[-115.16303,36.10802],[-115.1569,36.10803]]}},{"type":"Feature","properties":{"name":"East Harmon Avenue","highway":"secondary","osm":"way/281237563"},"geometry":{"type":"LineString","coordinates":[[-115.1676,36.10809],[-115.16857,36.1081]]}},{"type":"Feature","properties":{"name":"West Harmon Avenue","highway":"secondary","osm":"way/281237564"},"geometry":{"type":"LineString","coordinates":[[-115.17425,36.10909],[-115.17355,36.10907],[-115.17315,36.10881]]}},{"type":"Feature","properties":{"name":"West Harmon Avenue","highway":"secondary","osm":"way/281237565"},"geometry":{"type":"LineString","coordinates":[[-115.1736,36.10925],[-115.17422,36.10929]]}},{"type":"Feature","properties":{"name":"East Harmon Avenue","highway":"secondary","osm":"way/281237566"},"geometry":{"type":"LineString","coordinates":[[-115.16986,36.10796],[-115.16871,36.10795]]}},{"type":"Feature","properties":{"name":"North 4th Street","highway":"secondary","osm":"way/281403363"},"geometry":{"type":"LineString","coordinates":[[-115.14087,36.17467],[-115.14113,36.17507]]}},{"type":"Feature","properties":{"name":"18th Street","highway":"residential","osm":"way/291786300"},"geometry":{"type":"LineString","coordinates":[[-115.12368,36.18118],[-115.12368,36.18127]]}},{"type":"Feature","properties":{"name":"Civic Center Drive","highway":"primary","osm":"way/291786302"},"geometry":{"type":"LineString","coordinates":[[-115.1162,36.18854],[-115.1162,36.18849]]}},{"type":"Feature","properties":{"name":"21st Street","highway":"residential","osm":"way/291786304"},"geometry":{"type":"LineString","coordinates":[[-115.12065,36.17753],[-115.12061,36.18113]]}},{"type":"Feature","properties":{"name":"East Mesquite Avenue","highway":"residential","osm":"way/291786308"},"geometry":{"type":"LineString","coordinates":[[-115.11596,36.17109],[-115.1141,36.17106]]}},{"type":"Feature","properties":{"name":"Stanley Avenue","highway":"residential","osm":"way/291786310"},"geometry":{"type":"LineString","coordinates":[[-115.11609,36.18998],[-115.11305,36.18993]]}},{"type":"Feature","properties":{"name":"East Washington Avenue","highway":"primary","osm":"way/291786311"},"geometry":{"type":"LineString","coordinates":[[-115.13982,36.18115],[-115.13504,36.18118]]}},{"type":"Feature","properties":{"name":"North 9th Street","highway":"residential","osm":"way/291786317"},"geometry":{"type":"LineString","coordinates":[[-115.13396,36.17404],[-115.13392,36.17744]]}},{"type":"Feature","properties":{"name":"North 14th Street","highway":"residential","osm":"way/291786319"},"geometry":{"type":"LineString","coordinates":[[-115.12819,36.17403],[-115.12818,36.17708]]}},{"type":"Feature","properties":{"name":"Jansen Avenue","highway":"residential","osm":"way/291786320"},"geometry":{"type":"LineString","coordinates":[[-115.11206,36.18229],[-115.10779,36.18229]]}},{"type":"Feature","properties":{"name":"North 11th Street","highway":"residential","osm":"way/291786329"},"geometry":{"type":"LineString","coordinates":[[-115.13139,36.17404],[-115.13137,36.17744]]}},{"type":"Feature","properties":{"name":null,"highway":"motorway_link","osm":"way/297314222"},"geometry":{"type":"LineString","coordinates":[[-115.18022,36.11965],[-115.18022,36.11982]]}},{"type":"Feature","properties":{"name":"Clark Avenue","highway":"residential","osm":"way/299389745"},"geometry":{"type":"LineString","coordinates":[[-115.13459,36.16065],[-115.13227,36.15966]]}},{"type":"Feature","properties":{"name":"Clark Avenue","highway":"secondary","osm":"way/299389749"},"geometry":{"type":"LineString","coordinates":[[-115.1363,36.16139],[-115.13861,36.16239]]}},{"type":"Feature","properties":{"name":"North 1st Street","highway":"unclassified","osm":"way/299564621"},"geometry":{"type":"LineString","coordinates":[[-115.14494,36.17159],[-115.14445,36.17236]]}},{"type":"Feature","properties":{"name":"East Bonneville Avenue","highway":"unclassified","osm":"way/305093462"},"geometry":{"type":"LineString","coordinates":[[-115.13642,36.15996],[-115.13535,36.15949]]}},{"type":"Feature","properties":{"name":"Paradise Road","highway":"primary","osm":"way/305773748"},"geometry":{"type":"LineString","coordinates":[[-115.14985,36.10113],[-115.14978,36.10093]]}},{"type":"Feature","properties":{"name":"North 1st Street","highway":"residential","osm":"way/308269112"},"geometry":{"type":"LineString","coordinates":[[-115.14175,36.17676],[-115.13894,36.18115]]}},{"type":"Feature","properties":{"name":null,"highway":"motorway_link","osm":"way/310264446"},"geometry":{"type":"LineString","coordinates":[[-115.1811,36.10291],[-115.1812,36.10228]]}},{"type":"Feature","properties":{"name":null,"highway":"motorway_link","osm":"way/310264449"},"geometry":{"type":"LineString","coordinates":[[-115.1798,36.11496],[-115.1805,36.1177]]}},{"type":"Feature","properties":{"name":null,"highway":"motorway_link","osm":"way/310285299"},"geometry":{"type":"LineString","coordinates":[[-115.15936,36.17466],[-115.15361,36.17402]]}},{"type":"Feature","properties":{"name":null,"highway":"primary_link","osm":"way/311030165"},"geometry":{"type":"LineString","coordinates":[[-115.17389,36.11102],[-115.17314,36.1108]]}},{"type":"Feature","properties":{"name":"West Washington Avenue","highway":"primary","osm":"way/312341515"},"geometry":{"type":"LineString","coordinates":[[-115.14439,36.18104],[-115.14573,36.18101]]}},{"type":"Feature","properties":{"name":null,"highway":"primary_link","osm":"way/312341517"},"geometry":{"type":"LineString","coordinates":[[-115.14588,36.18086],[-115.14685,36.18009]]}},{"type":"Feature","properties":{"name":null,"highway":"motorway_link","osm":"way/312341520"},"geometry":{"type":"LineString","coordinates":[[-115.14356,36.18113],[-115.14402,36.18116],[-115.14404,36.1816]]}},{"type":"Feature","properties":{"name":"West Washington Avenue","highway":"primary","osm":"way/312341523"},"geometry":{"type":"LineString","coordinates":[[-115.1431,36.18115],[-115.14207,36.18133],[-115.14076,36.18123]]}},{"type":"Feature","properties":{"name":"West Owens Avenue","highway":"secondary","osm":"way/312343225"},"geometry":{"type":"LineString","coordinates":[[-115.1429,36.18841],[-115.1436,36.18841]]}},{"type":"Feature","properties":{"name":"East Owens Avenue","highway":"secondary","osm":"way/312343230"},"geometry":{"type":"LineString","coordinates":[[-115.11605,36.18854],[-115.1162,36.18854]]}},{"type":"Feature","properties":{"name":"West Owens Avenue","highway":"secondary","osm":"way/312343231"},"geometry":{"type":"LineString","coordinates":[[-115.14723,36.18848],[-115.14952,36.18847]]}},{"type":"Feature","properties":{"name":"West Owens Avenue","highway":"secondary","osm":"way/312343232"},"geometry":{"type":"LineString","coordinates":[[-115.14363,36.18833],[-115.14293,36.18833]]}},{"type":"Feature","properties":{"name":"West Owens Avenue","highway":"secondary","osm":"way/312343235"},"geometry":{"type":"LineString","coordinates":[[-115.15251,36.18836],[-115.15198,36.18834]]}},{"type":"Feature","properties":{"name":"West Owens Avenue","highway":"secondary","osm":"way/312343237"},"geometry":{"type":"LineString","coordinates":[[-115.1436,36.18841],[-115.14405,36.18842]]}},{"type":"Feature","properties":{"name":null,"highway":"motorway_link","osm":"way/314530826"},"geometry":{"type":"LineString","coordinates":[[-115.157,36.17229],[-115.15753,36.17161]]}},{"type":"Feature","properties":{"name":"Las Vegas Freeway","highway":"motorway","osm":"way/314530827"},"geometry":{"type":"LineString","coordinates":[[-115.15658,36.17269],[-115.15695,36.17227]]}},{"type":"Feature","properties":{"name":"Las Vegas Freeway","highway":"motorway","osm":"way/314530828"},"geometry":{"type":"LineString","coordinates":[[-115.15695,36.17227],[-115.15753,36.17161]]}},{"type":"Feature","properties":{"name":"Las Vegas Freeway","highway":"motorway","osm":"way/314530829"},"geometry":{"type":"LineString","coordinates":[[-115.15666,36.17222],[-115.15634,36.17262]]}},{"type":"Feature","properties":{"name":"Las Vegas Freeway","highway":"motorway","osm":"way/314530830"},"geometry":{"type":"LineString","coordinates":[[-115.15711,36.1716],[-115.15666,36.17222]]}},{"type":"Feature","properties":{"name":null,"highway":"motorway_link","osm":"way/314530831"},"geometry":{"type":"LineString","coordinates":[[-115.15666,36.17272],[-115.157,36.17229]]}},{"type":"Feature","properties":{"name":null,"highway":"motorway_link","osm":"way/314531566"},"geometry":{"type":"LineString","coordinates":[[-115.15678,36.17266],[-115.15748,36.17415],[-115.15893,36.17515]]}},{"type":"Feature","properties":{"name":null,"highway":"motorway_link","osm":"way/314531567"},"geometry":{"type":"LineString","coordinates":[[-115.15676,36.17223],[-115.15678,36.17266]]}},{"type":"Feature","properties":{"name":"Country Club Lane","highway":"unclassified","osm":"way/315425430"},"geometry":{"type":"LineString","coordinates":[[-115.15756,36.12189],[-115.15756,36.12221]]}},{"type":"Feature","properties":{"name":"Genting Boulevard","highway":"tertiary","osm":"way/320330795"},"geometry":{"type":"LineString","coordinates":[[-115.16628,36.13146],[-115.16575,36.13105]]}},{"type":"Feature","properties":{"name":"West Mesquite Avenue","highway":"unclassified","osm":"way/329178216"},"geometry":{"type":"LineString","coordinates":[[-115.14702,36.17595],[-115.15176,36.17476]]}},{"type":"Feature","properties":{"name":null,"highway":"residential","osm":"way/331347884"},"geometry":{"type":"LineString","coordinates":[[-115.14496,36.12438],[-115.14202,36.12459]]}},{"type":"Feature","properties":{"name":null,"highway":"residential","osm":"way/331347891"},"geometry":{"type":"LineString","coordinates":[[-115.14386,36.12448],[-115.14387,36.12588],[-115.14569,36.12587]]}},{"type":"Feature","properties":{"name":"Place du Casimir","highway":"residential","osm":"way/338997793"},"geometry":{"type":"LineString","coordinates":[[-115.13842,36.12446],[-115.13845,36.12467],[-115.1387,36.12464],[-115.13869,36.12446],[-115.13842,36.12446]]}},{"type":"Feature","properties":{"name":"Place du Chatelet","highway":"residential","osm":"way/338997794"},"geometry":{"type":"LineString","coordinates":[[-115.13828,36.12605],[-115.13842,36.12623],[-115.13865,36.12612],[-115.13851,36.12594],[-115.13828,36.12605]]}},{"type":"Feature","properties":{"name":"East Bonneville Avenue","highway":"secondary","osm":"way/339697398"},"geometry":{"type":"LineString","coordinates":[[-115.14781,36.16489],[-115.14674,36.16443]]}},{"type":"Feature","properties":{"name":"Frank Sinatra Drive","highway":"secondary","osm":"way/345618428"},"geometry":{"type":"LineString","coordinates":[[-115.18002,36.09731],[-115.17997,36.09857],[-115.17948,36.09993],[-115.17925,36.10167]]}},{"type":"Feature","properties":{"name":null,"highway":"secondary_link","osm":"way/345705623"},"geometry":{"type":"LineString","coordinates":[[-115.18009,36.11735],[-115.17988,36.11702]]}},{"type":"Feature","properties":{"name":null,"highway":"secondary_link","osm":"way/345705640"},"geometry":{"type":"LineString","coordinates":[[-115.17988,36.11702],[-115.17996,36.11667]]}},{"type":"Feature","properties":{"name":"West Ogden Avenue","highway":"secondary","osm":"way/350946286"},"geometry":{"type":"LineString","coordinates":[[-115.14733,36.17354],[-115.14638,36.17315]]}},{"type":"Feature","properties":{"name":"West Ogden Avenue","highway":"secondary","osm":"way/350946287"},"geometry":{"type":"LineString","coordinates":[[-115.1474,36.17358],[-115.14733,36.17354]]}},{"type":"Feature","properties":{"name":"Sage Tree Court","highway":"residential","osm":"way/351718394"},"geometry":{"type":"LineString","coordinates":[[-115.13792,36.16447],[-115.1374,36.16425]]}},{"type":"Feature","properties":{"name":"North Bruce Street","highway":"tertiary","osm":"way/353263392"},"geometry":{"type":"LineString","coordinates":[[-115.12531,36.17764],[-115.12502,36.17902]]}},{"type":"Feature","properties":{"name":"East Charleston Boulevard","highway":"primary","osm":"way/357870672"},"geometry":{"type":"LineString","coordinates":[[-115.11689,36.15892],[-115.11879,36.15892]]}},{"type":"Feature","properties":{"name":"West Charleston Boulevard","highway":"primary","osm":"way/359235005"},"geometry":{"type":"LineString","coordinates":[[-115.15864,36.15887],[-115.15831,36.15886]]}},{"type":"Feature","properties":{"name":"Dougram Avenue","highway":"residential","osm":"way/368201817"},"geometry":{"type":"LineString","coordinates":[[-115.12162,36.16067],[-115.12163,36.15998]]}},{"type":"Feature","properties":{"name":"Pin Oak Avenue","highway":"residential","osm":"way/368201818"},"geometry":{"type":"LineString","coordinates":[[-115.12259,36.16111],[-115.12162,36.16067]]}},{"type":"Feature","properties":{"name":"Tower Street","highway":"residential","osm":"way/368201819"},"geometry":{"type":"LineString","coordinates":[[-115.12212,36.16127],[-115.12241,36.16079],[-115.12242,36.15998]]}},{"type":"Feature","properties":{"name":"Yaupon Avenue","highway":"residential","osm":"way/368201820"},"geometry":{"type":"LineString","coordinates":[[-115.12242,36.16036],[-115.12162,36.16036]]}},{"type":"Feature","properties":{"name":"West Twain Avenue","highway":"secondary","osm":"way/370970085"},"geometry":{"type":"LineString","coordinates":[[-115.18,36.11977],[-115.17985,36.11977]]}},{"type":"Feature","properties":{"name":"Jerry Lewis Way","highway":"tertiary","osm":"way/370970664"},"geometry":{"type":"LineString","coordinates":[[-115.18322,36.10883],[-115.18224,36.10892]]}},{"type":"Feature","properties":{"name":"Tony Bennett Way","highway":"unclassified","osm":"way/370971964"},"geometry":{"type":"LineString","coordinates":[[-115.15316,36.11645],[-115.15184,36.11593],[-115.15065,36.1159]]}},{"type":"Feature","properties":{"name":"Caesars Palace Drive","highway":"unclassified","osm":"way/374989496"},"geometry":{"type":"LineString","coordinates":[[-115.17357,36.11731],[-115.17339,36.11732]]}},{"type":"Feature","properties":{"name":"Jay Sarno Way","highway":"unclassified","osm":"way/374989498"},"geometry":{"type":"LineString","coordinates":[[-115.17363,36.11741],[-115.17381,36.11759]]}},{"type":"Feature","properties":{"name":null,"highway":"primary_link","osm":"way/374989499"},"geometry":{"type":"LineString","coordinates":[[-115.17339,36.11732],[-115.17299,36.11697]]}},{"type":"Feature","properties":{"name":"East Desert Inn Road","highway":"primary","osm":"way/375163607"},"geometry":{"type":"LineString","coordinates":[[-115.15458,36.12959],[-115.15476,36.1296]]}},{"type":"Feature","properties":{"name":"East Desert Inn Road","highway":"primary","osm":"way/375163608"},"geometry":{"type":"LineString","coordinates":[[-115.15428,36.12957],[-115.15458,36.12959]]}},{"type":"Feature","properties":{"name":"East Desert Inn Road","highway":"primary","osm":"way/375163609"},"geometry":{"type":"LineString","coordinates":[[-115.15458,36.12945],[-115.15429,36.12941]]}},{"type":"Feature","properties":{"name":"East Desert Inn Road","highway":"primary","osm":"way/375163610"},"geometry":{"type":"LineString","coordinates":[[-115.15395,36.12938],[-115.15306,36.12936]]}},{"type":"Feature","properties":{"name":"Fremont Street","highway":"primary","osm":"way/388596144"},"geometry":{"type":"LineString","coordinates":[[-115.11945,36.16007],[-115.11858,36.15968]]}},{"type":"Feature","properties":{"name":"Fremont Street","highway":"primary","osm":"way/388596145"},"geometry":{"type":"LineString","coordinates":[[-115.11656,36.15892],[-115.11777,36.15947]]}},{"type":"Feature","properties":{"name":null,"highway":"primary_link","osm":"way/388596146"},"geometry":{"type":"LineString","coordinates":[[-115.11599,36.15852],[-115.11597,36.15877]]}},{"type":"Feature","properties":{"name":null,"highway":"primary_link","osm":"way/388596147"},"geometry":{"type":"LineString","coordinates":[[-115.11777,36.15947],[-115.11815,36.15974],[-115.11809,36.16006]]}},{"type":"Feature","properties":{"name":"South Las Vegas Boulevard","highway":"primary","osm":"way/396445683"},"geometry":{"type":"LineString","coordinates":[[-115.14138,36.16805],[-115.14062,36.16922]]}},{"type":"Feature","properties":{"name":"South Las Vegas Boulevard","highway":"primary","osm":"way/396445684"},"geometry":{"type":"LineString","coordinates":[[-115.14173,36.16751],[-115.14138,36.16805]]}},{"type":"Feature","properties":{"name":"Las Vegas Freeway","highway":"motorway","osm":"way/396507649"},"geometry":{"type":"LineString","coordinates":[[-115.18084,36.12105],[-115.18084,36.12094]]}},{"type":"Feature","properties":{"name":null,"highway":"motorway_link","osm":"way/396507650"},"geometry":{"type":"LineString","coordinates":[[-115.18022,36.12215],[-115.18024,36.12231]]}},{"type":"Feature","properties":{"name":null,"highway":"motorway_link","osm":"way/396507651"},"geometry":{"type":"LineString","coordinates":[[-115.18019,36.12231],[-115.17989,36.12375]]}},{"type":"Feature","properties":{"name":null,"highway":"motorway_link","osm":"way/396508081"},"geometry":{"type":"LineString","coordinates":[[-115.18293,36.11441],[-115.18294,36.11422]]}},{"type":"Feature","properties":{"name":"West Flamingo Road","highway":"primary","osm":"way/396508082"},"geometry":{"type":"LineString","coordinates":[[-115.18293,36.11441],[-115.18308,36.11442]]}},{"type":"Feature","properties":{"name":null,"highway":"secondary_link","osm":"way/397861265"},"geometry":{"type":"LineString","coordinates":[[-115.14097,36.17646],[-115.14073,36.17577]]}},{"type":"Feature","properties":{"name":"East Reno Avenue","highway":"secondary","osm":"way/399345373"},"geometry":{"type":"LineString","coordinates":[[-115.16957,36.09728],[-115.17016,36.09721]]}},{"type":"Feature","properties":{"name":"West Reno Avenue","highway":"tertiary","osm":"way/399352448"},"geometry":{"type":"LineString","coordinates":[[-115.18014,36.09731],[-115.18002,36.09731]]}},{"type":"Feature","properties":{"name":"West Reno Avenue","highway":"tertiary","osm":"way/399352450"},"geometry":{"type":"LineString","coordinates":[[-115.17309,36.09736],[-115.17336,36.0974]]}},{"type":"Feature","properties":{"name":"New York New York","highway":"unclassified","osm":"way/401329569"},"geometry":{"type":"LineString","coordinates":[[-115.17593,36.10164],[-115.17595,36.10265]]}},{"type":"Feature","properties":{"name":"New York New York","highway":"unclassified","osm":"way/401329574"},"geometry":{"type":"LineString","coordinates":[[-115.17595,36.10265],[-115.17601,36.10164]]}},{"type":"Feature","properties":{"name":"Audrie Street","highway":"unclassified","osm":"way/401340378"},"geometry":{"type":"LineString","coordinates":[[-115.16743,36.10208],[-115.16752,36.1029]]}},{"type":"Feature","properties":{"name":"MGM Road","highway":"unclassified","osm":"way/401340380"},"geometry":{"type":"LineString","coordinates":[[-115.16752,36.1029],[-115.16529,36.10294]]}},{"type":"Feature","properties":{"name":"MGM Road","highway":"unclassified","osm":"way/401340382"},"geometry":{"type":"LineString","coordinates":[[-115.16529,36.10294],[-115.16399,36.10288]]}},{"type":"Feature","properties":{"name":"Wynn South Gate","highway":"unclassified","osm":"way/402792183"},"geometry":{"type":"LineString","coordinates":[[-115.16644,36.12536],[-115.1665,36.12517]]}},{"type":"Feature","properties":{"name":"Wynn South Gate","highway":"unclassified","osm":"way/402792187"},"geometry":{"type":"LineString","coordinates":[[-115.1665,36.12517],[-115.16699,36.12481]]}},{"type":"Feature","properties":{"name":"Wynn South Gate","highway":"unclassified","osm":"way/402792188"},"geometry":{"type":"LineString","coordinates":[[-115.16653,36.12565],[-115.16644,36.12536]]}},{"type":"Feature","properties":{"name":"Sunrise Hospital Drive","highway":"unclassified","osm":"way/402847072"},"geometry":{"type":"LineString","coordinates":[[-115.1369,36.13369],[-115.13814,36.13369]]}},{"type":"Feature","properties":{"name":"North Maryland Parkway","highway":"secondary","osm":"way/402993565"},"geometry":{"type":"LineString","coordinates":[[-115.1298,36.17104],[-115.13002,36.17242]]}},{"type":"Feature","properties":{"name":"North Bruce Street","highway":"tertiary","osm":"way/402993566"},"geometry":{"type":"LineString","coordinates":[[-115.1254,36.17862],[-115.1254,36.17845]]}},{"type":"Feature","properties":{"name":"Paris Drive","highway":"unclassified","osm":"way/402993568"},"geometry":{"type":"LineString","coordinates":[[-115.16762,36.11133],[-115.17115,36.11132]]}},{"type":"Feature","properties":{"name":null,"highway":"secondary_link","osm":"way/402993569"},"geometry":{"type":"LineString","coordinates":[[-115.12585,36.1781],[-115.1254,36.17793]]}},{"type":"Feature","properties":{"name":"Mel Tormé Way","highway":"secondary","osm":"way/403004666"},"geometry":{"type":"LineString","coordinates":[[-115.17627,36.12648],[-115.17465,36.12622]]}},{"type":"Feature","properties":{"name":"Buccaneer Boulevard","highway":"unclassified","osm":"way/418398207"},"geometry":{"type":"LineString","coordinates":[[-115.17441,36.12385],[-115.17491,36.12383]]}},{"type":"Feature","properties":{"name":"Buccaneer Boulevard","highway":"unclassified","osm":"way/418398210"},"geometry":{"type":"LineString","coordinates":[[-115.17311,36.12382],[-115.17335,36.12383]]}},{"type":"Feature","properties":{"name":"South Las Vegas Boulevard","highway":"primary","osm":"way/421065995"},"geometry":{"type":"LineString","coordinates":[[-115.17284,36.10033],[-115.17283,36.10077]]}},{"type":"Feature","properties":{"name":"South Las Vegas Boulevard","highway":"primary","osm":"way/421263419"},"geometry":{"type":"LineString","coordinates":[[-115.1728,36.10715],[-115.1728,36.10761]]}},{"type":"Feature","properties":{"name":"South Las Vegas Boulevard","highway":"primary","osm":"way/421263486"},"geometry":{"type":"LineString","coordinates":[[-115.17281,36.10853],[-115.17281,36.10875]]}},{"type":"Feature","properties":{"name":"South Las Vegas Boulevard","highway":"primary","osm":"way/421265954"},"geometry":{"type":"LineString","coordinates":[[-115.17279,36.1137],[-115.17277,36.11459]]}},{"type":"Feature","properties":{"name":"South Las Vegas Boulevard","highway":"primary","osm":"way/421265955"},"geometry":{"type":"LineString","coordinates":[[-115.17298,36.11477],[-115.17299,36.1146]]}},{"type":"Feature","properties":{"name":"South Las Vegas Boulevard","highway":"primary","osm":"way/421266782"},"geometry":{"type":"LineString","coordinates":[[-115.17281,36.11737],[-115.17263,36.11902]]}},{"type":"Feature","properties":{"name":null,"highway":"primary_link","osm":"way/421266783"},"geometry":{"type":"LineString","coordinates":[[-115.17276,36.11926],[-115.17263,36.11902]]}},{"type":"Feature","properties":{"name":"East Bonneville Avenue","highway":"secondary","osm":"way/421283232"},"geometry":{"type":"LineString","coordinates":[[-115.14453,36.16346],[-115.14442,36.16341]]}},{"type":"Feature","properties":{"name":"Clark Avenue","highway":"secondary","osm":"way/421284583"},"geometry":{"type":"LineString","coordinates":[[-115.14366,36.16456],[-115.14378,36.16461]]}},{"type":"Feature","properties":{"name":"South Las Vegas Boulevard","highway":"primary","osm":"way/423685217"},"geometry":{"type":"LineString","coordinates":[[-115.17279,36.10286],[-115.17279,36.10391]]}},{"type":"Feature","properties":{"name":"South Las Vegas Boulevard","highway":"primary","osm":"way/423685218"},"geometry":{"type":"LineString","coordinates":[[-115.17279,36.10222],[-115.17279,36.10286]]}},{"type":"Feature","properties":{"name":"Bruno Mars Drive","highway":"tertiary","osm":"way/423685219"},"geometry":{"type":"LineString","coordinates":[[-115.17298,36.1039],[-115.17317,36.10389]]}},{"type":"Feature","properties":{"name":null,"highway":"primary_link","osm":"way/423685440"},"geometry":{"type":"LineString","coordinates":[[-115.17294,36.10588],[-115.17299,36.10651]]}},{"type":"Feature","properties":{"name":"South Las Vegas Boulevard","highway":"primary","osm":"way/423685441"},"geometry":{"type":"LineString","coordinates":[[-115.1728,36.10651],[-115.1728,36.10691]]}},{"type":"Feature","properties":{"name":"South Las Vegas Boulevard","highway":"primary","osm":"way/423685442"},"geometry":{"type":"LineString","coordinates":[[-115.17317,36.10651],[-115.17317,36.10641]]}},{"type":"Feature","properties":{"name":"South Las Vegas Boulevard","highway":"primary","osm":"way/423685443"},"geometry":{"type":"LineString","coordinates":[[-115.17317,36.10665],[-115.17317,36.10651]]}},{"type":"Feature","properties":{"name":"South Las Vegas Boulevard","highway":"primary","osm":"way/423686233"},"geometry":{"type":"LineString","coordinates":[[-115.1728,36.10992],[-115.17282,36.11119]]}},{"type":"Feature","properties":{"name":"South Las Vegas Boulevard","highway":"primary","osm":"way/423686234"},"geometry":{"type":"LineString","coordinates":[[-115.17313,36.11106],[-115.17314,36.1108]]}},{"type":"Feature","properties":{"name":"South Las Vegas Boulevard","highway":"primary","osm":"way/423686315"},"geometry":{"type":"LineString","coordinates":[[-115.17282,36.11119],[-115.17281,36.11151]]}},{"type":"Feature","properties":{"name":"Paris Drive","highway":"unclassified","osm":"way/423686316"},"geometry":{"type":"LineString","coordinates":[[-115.17281,36.11166],[-115.17311,36.11152]]}},{"type":"Feature","properties":{"name":"East Flamingo Road","highway":"primary","osm":"way/423686458"},"geometry":{"type":"LineString","coordinates":[[-115.17277,36.11476],[-115.17288,36.11477]]}},{"type":"Feature","properties":{"name":"South Las Vegas Boulevard","highway":"primary","osm":"way/423686459"},"geometry":{"type":"LineString","coordinates":[[-115.17277,36.11476],[-115.1728,36.11649]]}},{"type":"Feature","properties":{"name":"South Las Vegas Boulevard","highway":"primary","osm":"way/423686460"},"geometry":{"type":"LineString","coordinates":[[-115.17299,36.11732],[-115.17299,36.11697]]}},{"type":"Feature","properties":{"name":"South Las Vegas Boulevard","highway":"primary","osm":"way/423689767"},"geometry":{"type":"LineString","coordinates":[[-115.17291,36.11836],[-115.17298,36.11741]]}},{"type":"Feature","properties":{"name":"Bridger Avenue","highway":"tertiary","osm":"way/423690513"},"geometry":{"type":"LineString","coordinates":[[-115.14226,36.16695],[-115.14213,36.16689]]}},{"type":"Feature","properties":{"name":"South Las Vegas Boulevard","highway":"primary","osm":"way/423690514"},"geometry":{"type":"LineString","coordinates":[[-115.14213,36.16689],[-115.14173,36.16751]]}},{"type":"Feature","properties":{"name":"South Las Vegas Boulevard","highway":"primary","osm":"way/423690515"},"geometry":{"type":"LineString","coordinates":[[-115.14226,36.16695],[-115.14378,36.16461]]}},{"type":"Feature","properties":{"name":"East Carson Avenue","highway":"tertiary","osm":"way/423690565"},"geometry":{"type":"LineString","coordinates":[[-115.1415,36.16811],[-115.14138,36.16805]]}},{"type":"Feature","properties":{"name":"South Las Vegas Boulevard","highway":"primary","osm":"way/423690566"},"geometry":{"type":"LineString","coordinates":[[-115.14074,36.16927],[-115.1415,36.16811]]}},{"type":"Feature","properties":{"name":"East Ogden Avenue","highway":"tertiary","osm":"way/423690869"},"geometry":{"type":"LineString","coordinates":[[-115.13996,36.17043],[-115.13985,36.17038]]}},{"type":"Feature","properties":{"name":"East Ogden Avenue","highway":"tertiary","osm":"way/423690870"},"geometry":{"type":"LineString","coordinates":[[-115.14217,36.17141],[-115.1416,36.17116]]}},{"type":"Feature","properties":{"name":null,"highway":"motorway_link","osm":"way/423691227"},"geometry":{"type":"LineString","coordinates":[[-115.13865,36.17359],[-115.13818,36.1734]]}},{"type":"Feature","properties":{"name":null,"highway":"motorway_link","osm":"way/423691228"},"geometry":{"type":"LineString","coordinates":[[-115.13802,36.17331],[-115.13739,36.17304]]}},{"type":"Feature","properties":{"name":"South Main Street","highway":"primary","osm":"way/423692234"},"geometry":{"type":"LineString","coordinates":[[-115.14901,36.16754],[-115.1486,36.16816]]}},{"type":"Feature","properties":{"name":"South Main Street","highway":"primary","osm":"way/423692235"},"geometry":{"type":"LineString","coordinates":[[-115.15092,36.1647],[-115.1511,36.16442]]}},{"type":"Feature","properties":{"name":"South Main Street","highway":"primary","osm":"way/423692807"},"geometry":{"type":"LineString","coordinates":[[-115.15018,36.16583],[-115.15045,36.16542]]}},{"type":"Feature","properties":{"name":"Gass Avenue","highway":"tertiary","osm":"way/423692923"},"geometry":{"type":"LineString","coordinates":[[-115.15053,36.16304],[-115.14949,36.16259]]}},{"type":"Feature","properties":{"name":"Gass Avenue","highway":"tertiary","osm":"way/423692997"},"geometry":{"type":"LineString","coordinates":[[-115.14605,36.16112],[-115.14595,36.16107]]}},{"type":"Feature","properties":{"name":"South Las Vegas Boulevard","highway":"primary","osm":"way/423692998"},"geometry":{"type":"LineString","coordinates":[[-115.14681,36.15995],[-115.14751,36.15891]]}},{"type":"Feature","properties":{"name":"South Las Vegas Boulevard","highway":"primary","osm":"way/423692999"},"geometry":{"type":"LineString","coordinates":[[-115.14735,36.15891],[-115.14689,36.15961]]}},{"type":"Feature","properties":{"name":"South Las Vegas Boulevard","highway":"primary","osm":"way/423693000"},"geometry":{"type":"LineString","coordinates":[[-115.1467,36.15989],[-115.14595,36.16107]]}},{"type":"Feature","properties":{"name":"South Las Vegas Boulevard","highway":"primary","osm":"way/423693001"},"geometry":{"type":"LineString","coordinates":[[-115.14605,36.16112],[-115.14681,36.15995]]}},{"type":"Feature","properties":{"name":"South 8th Street","highway":"tertiary","osm":"way/423694265"},"geometry":{"type":"LineString","coordinates":[[-115.14259,36.15963],[-115.14307,36.1589]]}},{"type":"Feature","properties":{"name":"Grand Central Parkway","highway":"secondary","osm":"way/423694762"},"geometry":{"type":"LineString","coordinates":[[-115.15803,36.1616],[-115.15817,36.16139]]}},{"type":"Feature","properties":{"name":"West Charleston Boulevard","highway":"primary","osm":"way/423696022"},"geometry":{"type":"LineString","coordinates":[[-115.15417,36.15892],[-115.15487,36.15892]]}},{"type":"Feature","properties":{"name":"East Harmon Avenue","highway":"secondary","osm":"way/423698897"},"geometry":{"type":"LineString","coordinates":[[-115.16331,36.10809],[-115.16389,36.10809]]}},{"type":"Feature","properties":{"name":"East Harmon Avenue","highway":"secondary","osm":"way/423698898"},"geometry":{"type":"LineString","coordinates":[[-115.1639,36.10797],[-115.16303,36.10802]]}},{"type":"Feature","properties":{"name":"Koval Lane","highway":"secondary","osm":"way/423698899"},"geometry":{"type":"LineString","coordinates":[[-115.1639,36.10797],[-115.16389,36.10809]]}},{"type":"Feature","properties":{"name":"East Tropicana Avenue","highway":"primary","osm":"way/423699439"},"geometry":{"type":"LineString","coordinates":[[-115.16615,36.1008],[-115.16508,36.1008]]}},{"type":"Feature","properties":{"name":"East Tropicana Avenue","highway":"primary","osm":"way/423699441"},"geometry":{"type":"LineString","coordinates":[[-115.17185,36.10078],[-115.16961,36.10079]]}},{"type":"Feature","properties":{"name":"East Tropicana Avenue","highway":"primary","osm":"way/423699442"},"geometry":{"type":"LineString","coordinates":[[-115.16907,36.10099],[-115.16962,36.10098]]}},{"type":"Feature","properties":{"name":"East Bonneville Avenue","highway":"secondary","osm":"way/423722754"},"geometry":{"type":"LineString","coordinates":[[-115.1456,36.16393],[-115.14453,36.16346]]}},{"type":"Feature","properties":{"name":"Industrial Road","highway":"secondary","osm":"way/423850575"},"geometry":{"type":"LineString","coordinates":[[-115.15864,36.15887],[-115.15863,36.15895]]}},{"type":"Feature","properties":{"name":"South Las Vegas Boulevard","highway":"primary","osm":"way/427978365"},"geometry":{"type":"LineString","coordinates":[[-115.1728,36.10691],[-115.1728,36.10715]]}},{"type":"Feature","properties":{"name":"Dean Martin Drive","highway":"tertiary","osm":"way/430152253"},"geometry":{"type":"LineString","coordinates":[[-115.18193,36.09919],[-115.18159,36.09884]]}},{"type":"Feature","properties":{"name":"Dean Martin Drive","highway":"tertiary","osm":"way/430152254"},"geometry":{"type":"LineString","coordinates":[[-115.18295,36.10029],[-115.183,36.10035]]}},{"type":"Feature","properties":{"name":"East Tropicana Avenue","highway":"primary","osm":"way/431108885"},"geometry":{"type":"LineString","coordinates":[[-115.14852,36.10118],[-115.14985,36.10113]]}},{"type":"Feature","properties":{"name":"East Tropicana Avenue","highway":"primary","osm":"way/431108886"},"geometry":{"type":"LineString","coordinates":[[-115.15151,36.1009],[-115.15029,36.10092]]}},{"type":"Feature","properties":{"name":"East Tropicana Avenue","highway":"primary","osm":"way/431108887"},"geometry":{"type":"LineString","coordinates":[[-115.14978,36.10093],[-115.1485,36.10098]]}},{"type":"Feature","properties":{"name":"East Tropicana Avenue","highway":"primary","osm":"way/431108888"},"geometry":{"type":"LineString","coordinates":[[-115.14985,36.10113],[-115.15088,36.1011]]}},{"type":"Feature","properties":{"name":"East Tropicana Avenue","highway":"primary","osm":"way/431108889"},"geometry":{"type":"LineString","coordinates":[[-115.15029,36.10092],[-115.14978,36.10093]]}},{"type":"Feature","properties":{"name":"Paradise Road","highway":"primary","osm":"way/431108891"},"geometry":{"type":"LineString","coordinates":[[-115.14978,36.10093],[-115.14965,36.10062]]}},{"type":"Feature","properties":{"name":"Paradise Road","highway":"primary","osm":"way/431108892"},"geometry":{"type":"LineString","coordinates":[[-115.15002,36.10153],[-115.14985,36.10113]]}},{"type":"Feature","properties":{"name":"Paradise Road","highway":"primary","osm":"way/431108893"},"geometry":{"type":"LineString","coordinates":[[-115.14811,36.0954],[-115.14756,36.09366]]}},{"type":"Feature","properties":{"name":"Las Vegas Freeway","highway":"motorway","osm":"way/431504487"},"geometry":{"type":"LineString","coordinates":[[-115.18084,36.11968],[-115.18085,36.11693]]}},{"type":"Feature","properties":{"name":null,"highway":"motorway_link","osm":"way/431504504"},"geometry":{"type":"LineString","coordinates":[[-115.1811,36.10291],[-115.18107,36.10228]]}},{"type":"Feature","properties":{"name":"South Maryland Parkway","highway":"primary","osm":"way/431599876"},"geometry":{"type":"LineString","coordinates":[[-115.13761,36.11751],[-115.13759,36.11774]]}},{"type":"Feature","properties":{"name":"South Maryland Parkway","highway":"primary","osm":"way/431599877"},"geometry":{"type":"LineString","coordinates":[[-115.1378,36.1145],[-115.13779,36.11466]]}},{"type":"Feature","properties":{"name":null,"highway":"motorway_link","osm":"way/435072207"},"geometry":{"type":"LineString","coordinates":[[-115.17988,36.10043],[-115.17976,36.10054]]}},{"type":"Feature","properties":{"name":null,"highway":"motorway_link","osm":"way/435072210"},"geometry":{"type":"LineString","coordinates":[[-115.18003,36.10092],[-115.18007,36.10126]]}},{"type":"Feature","properties":{"name":"Dean Martin Drive","highway":"tertiary","osm":"way/435073593"},"geometry":{"type":"LineString","coordinates":[[-115.18299,36.10132],[-115.18302,36.10141]]}},{"type":"Feature","properties":{"name":"Dean Martin Drive","highway":"tertiary","osm":"way/435073594"},"geometry":{"type":"LineString","coordinates":[[-115.183,36.10035],[-115.18295,36.10052]]}},{"type":"Feature","properties":{"name":"Dean Martin Drive","highway":"tertiary","osm":"way/435073595"},"geometry":{"type":"LineString","coordinates":[[-115.18295,36.10052],[-115.18272,36.10062]]}},{"type":"Feature","properties":{"name":"Dean Martin Drive","highway":"tertiary","osm":"way/435073596"},"geometry":{"type":"LineString","coordinates":[[-115.18294,36.10099],[-115.18299,36.10132]]}},{"type":"Feature","properties":{"name":"West Tropicana Avenue","highway":"primary","osm":"way/435073597"},"geometry":{"type":"LineString","coordinates":[[-115.18379,36.10062],[-115.18335,36.10062]]}},{"type":"Feature","properties":{"name":"East Tropicana Avenue","highway":"primary","osm":"way/435075379"},"geometry":{"type":"LineString","coordinates":[[-115.17027,36.10098],[-115.17082,36.10098]]}},{"type":"Feature","properties":{"name":"West Tropicana Avenue","highway":"primary","osm":"way/435075380"},"geometry":{"type":"LineString","coordinates":[[-115.17296,36.10097],[-115.17309,36.10096]]}},{"type":"Feature","properties":{"name":"East Tropicana Avenue","highway":"primary","osm":"way/435075381"},"geometry":{"type":"LineString","coordinates":[[-115.17283,36.10077],[-115.17231,36.10078]]}},{"type":"Feature","properties":{"name":"East Tropicana Avenue","highway":"primary","osm":"way/435075382"},"geometry":{"type":"LineString","coordinates":[[-115.17231,36.10097],[-115.17283,36.10097]]}},{"type":"Feature","properties":{"name":"East Tropicana Avenue","highway":"primary","osm":"way/435075383"},"geometry":{"type":"LineString","coordinates":[[-115.17082,36.10098],[-115.17231,36.10097]]}},{"type":"Feature","properties":{"name":"South Las Vegas Boulevard","highway":"primary","osm":"way/435075384"},"geometry":{"type":"LineString","coordinates":[[-115.17279,36.10132],[-115.17279,36.10181]]}},{"type":"Feature","properties":{"name":"South Las Vegas Boulevard","highway":"primary","osm":"way/435075385"},"geometry":{"type":"LineString","coordinates":[[-115.17283,36.10077],[-115.17283,36.10097]]}},{"type":"Feature","properties":{"name":"South Las Vegas Boulevard","highway":"primary","osm":"way/435075386"},"geometry":{"type":"LineString","coordinates":[[-115.17309,36.10075],[-115.17309,36.10033]]}},{"type":"Feature","properties":{"name":"South Las Vegas Boulevard","highway":"primary","osm":"way/435075387"},"geometry":{"type":"LineString","coordinates":[[-115.17309,36.10096],[-115.17309,36.10075]]}},{"type":"Feature","properties":{"name":"South Las Vegas Boulevard","highway":"primary","osm":"way/435075388"},"geometry":{"type":"LineString","coordinates":[[-115.17283,36.10097],[-115.17282,36.10122]]}},{"type":"Feature","properties":{"name":"South Las Vegas Boulevard","highway":"primary","osm":"way/435075389"},"geometry":{"type":"LineString","coordinates":[[-115.17309,36.10183],[-115.17308,36.10132]]}},{"type":"Feature","properties":{"name":"South Las Vegas Boulevard","highway":"primary","osm":"way/435075390"},"geometry":{"type":"LineString","coordinates":[[-115.17308,36.10132],[-115.17309,36.10096]]}},{"type":"Feature","properties":{"name":"South Las Vegas Boulevard","highway":"primary","osm":"way/435075391"},"geometry":{"type":"LineString","coordinates":[[-115.17316,36.10482],[-115.17317,36.10389]]}},{"type":"Feature","properties":{"name":"West Tropicana Avenue","highway":"primary","osm":"way/435075392"},"geometry":{"type":"LineString","coordinates":[[-115.17309,36.10075],[-115.17296,36.10076]]}},{"type":"Feature","properties":{"name":"West Tropicana Avenue","highway":"primary","osm":"way/435075393"},"geometry":{"type":"LineString","coordinates":[[-115.17674,36.10069],[-115.17642,36.1007]]}},{"type":"Feature","properties":{"name":"West Tropicana Avenue","highway":"primary","osm":"way/435075394"},"geometry":{"type":"LineString","coordinates":[[-115.17438,36.10074],[-115.17363,36.10074]]}},{"type":"Feature","properties":{"name":"West Tropicana Avenue","highway":"primary","osm":"way/435075395"},"geometry":{"type":"LineString","coordinates":[[-115.17563,36.10072],[-115.17523,36.10072]]}},{"type":"Feature","properties":{"name":"West Tropicana Avenue","highway":"primary","osm":"way/435075398"},"geometry":{"type":"LineString","coordinates":[[-115.17309,36.10096],[-115.17363,36.10096]]}},{"type":"Feature","properties":{"name":"West Tropicana Avenue","highway":"primary","osm":"way/435075399"},"geometry":{"type":"LineString","coordinates":[[-115.17523,36.10072],[-115.17438,36.10074]]}},{"type":"Feature","properties":{"name":"West Tropicana Avenue","highway":"primary","osm":"way/435075400"},"geometry":{"type":"LineString","coordinates":[[-115.17363,36.10096],[-115.17462,36.10095]]}},{"type":"Feature","properties":{"name":"West Tropicana Avenue","highway":"primary","osm":"way/435075401"},"geometry":{"type":"LineString","coordinates":[[-115.1774,36.10068],[-115.17674,36.10069]]}},{"type":"Feature","properties":{"name":"West Tropicana Avenue","highway":"primary","osm":"way/435075402"},"geometry":{"type":"LineString","coordinates":[[-115.17363,36.10074],[-115.17309,36.10075]]}},{"type":"Feature","properties":{"name":"West Tropicana Avenue","highway":"primary","osm":"way/435075404"},"geometry":{"type":"LineString","coordinates":[[-115.17918,36.10061],[-115.17826,36.10064]]}},{"type":"Feature","properties":{"name":"East Tropicana Avenue","highway":"primary","osm":"way/435180333"},"geometry":{"type":"LineString","coordinates":[[-115.16487,36.1008],[-115.16394,36.10078]]}},{"type":"Feature","properties":{"name":"East Tropicana Avenue","highway":"primary","osm":"way/435180334"},"geometry":{"type":"LineString","coordinates":[[-115.16961,36.10079],[-115.16887,36.1008]]}},{"type":"Feature","properties":{"name":"East Tropicana Avenue","highway":"primary","osm":"way/435180335"},"geometry":{"type":"LineString","coordinates":[[-115.16272,36.10099],[-115.16305,36.10099]]}},{"type":"Feature","properties":{"name":"East Tropicana Avenue","highway":"primary","osm":"way/435180336"},"geometry":{"type":"LineString","coordinates":[[-115.16436,36.101],[-115.16506,36.10101]]}},{"type":"Feature","properties":{"name":"East Tropicana Avenue","highway":"primary","osm":"way/435180337"},"geometry":{"type":"LineString","coordinates":[[-115.16665,36.10081],[-115.16615,36.1008]]}},{"type":"Feature","properties":{"name":"East Tropicana Avenue","highway":"primary","osm":"way/435180338"},"geometry":{"type":"LineString","coordinates":[[-115.16728,36.10101],[-115.16907,36.10099]]}},{"type":"Feature","properties":{"name":"East Tropicana Avenue","highway":"primary","osm":"way/435180339"},"geometry":{"type":"LineString","coordinates":[[-115.16769,36.1008],[-115.16665,36.10081]]}},{"type":"Feature","properties":{"name":"East Tropicana Avenue","highway":"primary","osm":"way/435180340"},"geometry":{"type":"LineString","coordinates":[[-115.16962,36.10098],[-115.17027,36.10098]]}},{"type":"Feature","properties":{"name":"East Tropicana Avenue","highway":"primary","osm":"way/435180341"},"geometry":{"type":"LineString","coordinates":[[-115.16553,36.10101],[-115.16728,36.10101]]}},{"type":"Feature","properties":{"name":"East Tropicana Avenue","highway":"primary","osm":"way/435180342"},"geometry":{"type":"LineString","coordinates":[[-115.16305,36.10099],[-115.16379,36.101]]}},{"type":"Feature","properties":{"name":"South Las Vegas Boulevard","highway":"primary","osm":"way/435180346"},"geometry":{"type":"LineString","coordinates":[[-115.17279,36.10186],[-115.17279,36.10222]]}},{"type":"Feature","properties":{"name":"South Las Vegas Boulevard","highway":"primary","osm":"way/435180348"},"geometry":{"type":"LineString","coordinates":[[-115.17317,36.10389],[-115.17317,36.10382]]}},{"type":"Feature","properties":{"name":"South Las Vegas Boulevard","highway":"primary","osm":"way/435180350"},"geometry":{"type":"LineString","coordinates":[[-115.17316,36.1032],[-115.17308,36.10214]]}},{"type":"Feature","properties":{"name":"Ocean Drive","highway":"unclassified","osm":"way/435180351"},"geometry":{"type":"LineString","coordinates":[[-115.16962,36.1011],[-115.16962,36.10098]]}},{"type":"Feature","properties":{"name":null,"highway":"primary_link","osm":"way/435180353"},"geometry":{"type":"LineString","coordinates":[[-115.16728,36.10101],[-115.1673,36.10135]]}},{"type":"Feature","properties":{"name":"Ocean Drive","highway":"unclassified","osm":"way/435180355"},"geometry":{"type":"LineString","coordinates":[[-115.16951,36.10119],[-115.16962,36.1011]]}},{"type":"Feature","properties":{"name":"East Reno Avenue","highway":"secondary","osm":"way/435232398"},"geometry":{"type":"LineString","coordinates":[[-115.16483,36.09722],[-115.16404,36.09738]]}},{"type":"Feature","properties":{"name":"East Tropicana Avenue","highway":"primary","osm":"way/435232399"},"geometry":{"type":"LineString","coordinates":[[-115.16283,36.10077],[-115.16252,36.10077]]}},{"type":"Feature","properties":{"name":"East Tropicana Avenue","highway":"primary","osm":"way/435232400"},"geometry":{"type":"LineString","coordinates":[[-115.16331,36.10077],[-115.16295,36.10077]]}},{"type":"Feature","properties":{"name":"East Tropicana Avenue","highway":"primary","osm":"way/435232401"},"geometry":{"type":"LineString","coordinates":[[-115.16166,36.10077],[-115.16049,36.10079]]}},{"type":"Feature","properties":{"name":"East Tropicana Avenue","highway":"primary","osm":"way/435232402"},"geometry":{"type":"LineString","coordinates":[[-115.16104,36.10096],[-115.16158,36.10097]]}},{"type":"Feature","properties":{"name":"East Tropicana Avenue","highway":"primary","osm":"way/435232404"},"geometry":{"type":"LineString","coordinates":[[-115.16252,36.10077],[-115.16166,36.10077]]}},{"type":"Feature","properties":{"name":"East Tropicana Avenue","highway":"primary","osm":"way/435232405"},"geometry":{"type":"LineString","coordinates":[[-115.16088,36.10095],[-115.16104,36.10096]]}},{"type":"Feature","properties":{"name":"East Tropicana Avenue","highway":"primary","osm":"way/435232406"},"geometry":{"type":"LineString","coordinates":[[-115.1638,36.10078],[-115.16331,36.10077]]}},{"type":"Feature","properties":{"name":"East Tropicana Avenue","highway":"primary","osm":"way/435232407"},"geometry":{"type":"LineString","coordinates":[[-115.16379,36.101],[-115.16394,36.101]]}},{"type":"Feature","properties":{"name":"East Tropicana Avenue","highway":"primary","osm":"way/435232408"},"geometry":{"type":"LineString","coordinates":[[-115.16158,36.10097],[-115.16272,36.10099]]}},{"type":"Feature","properties":{"name":"Koval Lane","highway":"secondary","osm":"way/435232409"},"geometry":{"type":"LineString","coordinates":[[-115.1639,36.10541],[-115.16389,36.10437]]}},{"type":"Feature","properties":{"name":"Koval Lane","highway":"secondary","osm":"way/435232410"},"geometry":{"type":"LineString","coordinates":[[-115.1638,36.10126],[-115.1638,36.10143]]}},{"type":"Feature","properties":{"name":"Koval Lane","highway":"secondary","osm":"way/435232411"},"geometry":{"type":"LineString","coordinates":[[-115.16387,36.10014],[-115.16381,36.10027]]}},{"type":"Feature","properties":{"name":"Koval Lane","highway":"secondary","osm":"way/435232412"},"geometry":{"type":"LineString","coordinates":[[-115.1638,36.10078],[-115.16379,36.101]]}},{"type":"Feature","properties":{"name":"Koval Lane","highway":"secondary","osm":"way/435232413"},"geometry":{"type":"LineString","coordinates":[[-115.16387,36.10014],[-115.16387,36.09957]]}},{"type":"Feature","properties":{"name":"Koval Lane","highway":"secondary","osm":"way/435232414"},"geometry":{"type":"LineString","coordinates":[[-115.16387,36.09957],[-115.16386,36.09802]]}},{"type":"Feature","properties":{"name":"Koval Lane","highway":"secondary","osm":"way/435232415"},"geometry":{"type":"LineString","coordinates":[[-115.16379,36.101],[-115.1638,36.10126]]}},{"type":"Feature","properties":{"name":"Koval Lane","highway":"secondary","osm":"way/435232416"},"geometry":{"type":"LineString","coordinates":[[-115.16381,36.10027],[-115.1638,36.10078]]}},{"type":"Feature","properties":{"name":"South Las Vegas Boulevard","highway":"primary","osm":"way/435253708"},"geometry":{"type":"LineString","coordinates":[[-115.1731,36.09999],[-115.1731,36.09922]]}},{"type":"Feature","properties":{"name":"South Las Vegas Boulevard","highway":"primary","osm":"way/435253709"},"geometry":{"type":"LineString","coordinates":[[-115.17284,36.09897],[-115.17284,36.10007]]}},{"type":"Feature","properties":{"name":"South Las Vegas Boulevard","highway":"primary","osm":"way/435253710"},"geometry":{"type":"LineString","coordinates":[[-115.17282,36.09733],[-115.17283,36.09839]]}},{"type":"Feature","properties":{"name":"South Las Vegas Boulevard","highway":"primary","osm":"way/435253711"},"geometry":{"type":"LineString","coordinates":[[-115.17309,36.09769],[-115.17309,36.09736]]}},{"type":"Feature","properties":{"name":"South Las Vegas Boulevard","highway":"primary","osm":"way/435253712"},"geometry":{"type":"LineString","coordinates":[[-115.17309,36.10033],[-115.17309,36.10006]]}},{"type":"Feature","properties":{"name":"South Las Vegas Boulevard","highway":"primary","osm":"way/435253713"},"geometry":{"type":"LineString","coordinates":[[-115.17309,36.09793],[-115.17309,36.09769]]}},{"type":"Feature","properties":{"name":"South Las Vegas Boulevard","highway":"primary","osm":"way/435253714"},"geometry":{"type":"LineString","coordinates":[[-115.17283,36.09839],[-115.17284,36.09897]]}},{"type":"Feature","properties":{"name":"South Las Vegas Boulevard","highway":"primary","osm":"way/435253715"},"geometry":{"type":"LineString","coordinates":[[-115.1731,36.09922],[-115.17309,36.09793]]}},{"type":"Feature","properties":{"name":"Koval Lane","highway":"secondary","osm":"way/435349736"},"geometry":{"type":"LineString","coordinates":[[-115.16382,36.10207],[-115.16385,36.10235]]}},{"type":"Feature","properties":{"name":"Koval Lane","highway":"secondary","osm":"way/435349737"},"geometry":{"type":"LineString","coordinates":[[-115.16385,36.10235],[-115.16384,36.10275]]}},{"type":"Feature","properties":{"name":"Koval Lane","highway":"secondary","osm":"way/435349738"},"geometry":{"type":"LineString","coordinates":[[-115.16384,36.10282],[-115.16383,36.10288]]}},{"type":"Feature","properties":{"name":"Koval Lane","highway":"secondary","osm":"way/435349739"},"geometry":{"type":"LineString","coordinates":[[-115.1638,36.10143],[-115.16382,36.10207]]}},{"type":"Feature","properties":{"name":"Koval Lane","highway":"secondary","osm":"way/435349740"},"geometry":{"type":"LineString","coordinates":[[-115.16383,36.10302],[-115.16384,36.10422]]}},{"type":"Feature","properties":{"name":"East Harmon Avenue","highway":"secondary","osm":"way/435490972"},"geometry":{"type":"LineString","coordinates":[[-115.16303,36.10802],[-115.16331,36.10809]]}},{"type":"Feature","properties":{"name":"East Harmon Avenue","highway":"secondary","osm":"way/435490973"},"geometry":{"type":"LineString","coordinates":[[-115.16683,36.10809],[-115.1676,36.10809]]}},{"type":"Feature","properties":{"name":"East Harmon Avenue","highway":"secondary","osm":"way/435490974"},"geometry":{"type":"LineString","coordinates":[[-115.16529,36.10809],[-115.16577,36.10809]]}},{"type":"Feature","properties":{"name":"East Harmon Avenue","highway":"secondary","osm":"way/435490975"},"geometry":{"type":"LineString","coordinates":[[-115.16604,36.10809],[-115.16683,36.10809]]}},{"type":"Feature","properties":{"name":"East Harmon Avenue","highway":"secondary","osm":"way/435490976"},"geometry":{"type":"LineString","coordinates":[[-115.1676,36.10795],[-115.16524,36.10795]]}},{"type":"Feature","properties":{"name":"East Harmon Avenue","highway":"secondary","osm":"way/435490977"},"geometry":{"type":"LineString","coordinates":[[-115.16403,36.10809],[-115.16529,36.10809]]}},{"type":"Feature","properties":{"name":"East Harmon Avenue","highway":"secondary","osm":"way/435490978"},"geometry":{"type":"LineString","coordinates":[[-115.16473,36.10795],[-115.16403,36.10795]]}},{"type":"Feature","properties":{"name":"Koval Lane","highway":"secondary","osm":"way/435490979"},"geometry":{"type":"LineString","coordinates":[[-115.1639,36.10632],[-115.1639,36.10541]]}},{"type":"Feature","properties":{"name":"Koval Lane","highway":"secondary","osm":"way/435490980"},"geometry":{"type":"LineString","coordinates":[[-115.16394,36.10741],[-115.16391,36.10652]]}},{"type":"Feature","properties":{"name":"Koval Lane","highway":"secondary","osm":"way/435490981"},"geometry":{"type":"LineString","coordinates":[[-115.16391,36.10652],[-115.1639,36.10632]]}},{"type":"Feature","properties":{"name":"Koval Lane","highway":"secondary","osm":"way/435490982"},"geometry":{"type":"LineString","coordinates":[[-115.16389,36.10809],[-115.1639,36.10858]]}},{"type":"Feature","properties":{"name":"Koval Lane","highway":"secondary","osm":"way/435490983"},"geometry":{"type":"LineString","coordinates":[[-115.16389,36.10749],[-115.1639,36.10797]]}},{"type":"Feature","properties":{"name":null,"highway":"secondary_link","osm":"way/435490992"},"geometry":{"type":"LineString","coordinates":[[-115.16576,36.10795],[-115.16577,36.10809]]}},{"type":"Feature","properties":{"name":"East Tropicana Avenue","highway":"primary","osm":"way/440279674"},"geometry":{"type":"LineString","coordinates":[[-115.14595,36.10087],[-115.14496,36.10088]]}},{"type":"Feature","properties":{"name":"East Tropicana Avenue","highway":"primary","osm":"way/440279675"},"geometry":{"type":"LineString","coordinates":[[-115.14497,36.10102],[-115.14592,36.10108]]}},{"type":"Feature","properties":{"name":"University Center Drive","highway":"primary","osm":"way/440279676"},"geometry":{"type":"LineString","coordinates":[[-115.14595,36.10087],[-115.14592,36.10108]]}},{"type":"Feature","properties":{"name":"Hughes Center Drive","highway":"unclassified","osm":"way/442660083"},"geometry":{"type":"LineString","coordinates":[[-115.15535,36.11619],[-115.15522,36.11653],[-115.15477,36.11675]]}},{"type":"Feature","properties":{"name":"Manhattan Street","highway":"unclassified","osm":"way/442675816"},"geometry":{"type":"LineString","coordinates":[[-115.15729,36.11736],[-115.15815,36.11787],[-115.15909,36.11784]]}},{"type":"Feature","properties":{"name":"East Carson Avenue","highway":"tertiary","osm":"way/446966544"},"geometry":{"type":"LineString","coordinates":[[-115.14485,36.16955],[-115.14369,36.16904]]}},{"type":"Feature","properties":{"name":"Clark Avenue","highway":"secondary","osm":"way/446966545"},"geometry":{"type":"LineString","coordinates":[[-115.146,36.16556],[-115.14634,36.16571]]}},{"type":"Feature","properties":{"name":"Garces Avenue","highway":"tertiary","osm":"way/446966547"},"geometry":{"type":"LineString","coordinates":[[-115.15092,36.1647],[-115.1498,36.16422]]}},{"type":"Feature","properties":{"name":"Garces Avenue","highway":"tertiary","osm":"way/446966548"},"geometry":{"type":"LineString","coordinates":[[-115.1498,36.16422],[-115.1492,36.16396]]}},{"type":"Feature","properties":{"name":"Purple Heart Highway","highway":"motorway","osm":"way/446966554"},"geometry":{"type":"LineString","coordinates":[[-115.14656,36.17545],[-115.14464,36.17547]]}},{"type":"Feature","properties":{"name":"South 1st Street","highway":"unclassified","osm":"way/446966555"},"geometry":{"type":"LineString","coordinates":[[-115.1498,36.16422],[-115.15053,36.16304]]}},{"type":"Feature","properties":{"name":"Industrial Road","highway":"secondary","osm":"way/446966559"},"geometry":{"type":"LineString","coordinates":[[-115.15892,36.15901],[-115.15894,36.1589]]}},{"type":"Feature","properties":{"name":"West Charleston Boulevard","highway":"primary","osm":"way/446966564"},"geometry":{"type":"LineString","coordinates":[[-115.15861,36.15908],[-115.1589,36.15911]]}},{"type":"Feature","properties":{"name":"West Bonanza Road","highway":"secondary","osm":"way/457816199"},"geometry":{"type":"LineString","coordinates":[[-115.14596,36.17732],[-115.14619,36.17728]]}},{"type":"Feature","properties":{"name":"West Bonanza Road","highway":"secondary","osm":"way/457816200"},"geometry":{"type":"LineString","coordinates":[[-115.14347,36.17727],[-115.14287,36.17715]]}},{"type":"Feature","properties":{"name":"North Main Street","highway":"secondary","osm":"way/457816201"},"geometry":{"type":"LineString","coordinates":[[-115.14326,36.17649],[-115.14307,36.17665]]}},{"type":"Feature","properties":{"name":"North Main Street","highway":"secondary","osm":"way/457816202"},"geometry":{"type":"LineString","coordinates":[[-115.14326,36.17649],[-115.14408,36.17522]]}},{"type":"Feature","properties":{"name":"North Main Street","highway":"secondary","osm":"way/457816203"},"geometry":{"type":"LineString","coordinates":[[-115.14245,36.1778],[-115.14257,36.17762]]}},{"type":"Feature","properties":{"name":null,"highway":"motorway_link","osm":"way/457816204"},"geometry":{"type":"LineString","coordinates":[[-115.14122,36.17516],[-115.14189,36.17503]]}},{"type":"Feature","properties":{"name":"East Bonanza Road","highway":"secondary","osm":"way/457816213"},"geometry":{"type":"LineString","coordinates":[[-115.13704,36.17488],[-115.13686,36.1748]]}},{"type":"Feature","properties":{"name":null,"highway":"motorway_link","osm":"way/457817661"},"geometry":{"type":"LineString","coordinates":[[-115.14139,36.17487],[-115.1425,36.17521]]}},{"type":"Feature","properties":{"name":"West Washington Avenue","highway":"primary","osm":"way/460125276"},"geometry":{"type":"LineString","coordinates":[[-115.14819,36.18088],[-115.15898,36.18087]]}},{"type":"Feature","properties":{"name":"West Washington Avenue","highway":"primary","osm":"way/460125278"},"geometry":{"type":"LineString","coordinates":[[-115.15898,36.18087],[-115.15988,36.18091]]}},{"type":"Feature","properties":{"name":"West Bonanza Road","highway":"secondary","osm":"way/460125279"},"geometry":{"type":"LineString","coordinates":[[-115.1518,36.17717],[-115.15966,36.17711]]}},{"type":"Feature","properties":{"name":"West Bonanza Road","highway":"secondary","osm":"way/460125281"},"geometry":{"type":"LineString","coordinates":[[-115.15985,36.17717],[-115.16021,36.17717]]}},{"type":"Feature","properties":{"name":null,"highway":"primary_link","osm":"way/460125383"},"geometry":{"type":"LineString","coordinates":[[-115.15988,36.18091],[-115.16059,36.181],[-115.16081,36.18132]]}},{"type":"Feature","properties":{"name":"West Washington Avenue","highway":"primary","osm":"way/460125386"},"geometry":{"type":"LineString","coordinates":[[-115.15987,36.18081],[-115.15898,36.18087]]}},{"type":"Feature","properties":{"name":null,"highway":"primary_link","osm":"way/460472263"},"geometry":{"type":"LineString","coordinates":[[-115.17104,36.12546],[-115.17076,36.12561]]}},{"type":"Feature","properties":{"name":"South Road","highway":"unclassified","osm":"way/468861655"},"geometry":{"type":"LineString","coordinates":[[-115.15276,36.12787],[-115.15221,36.12788]]}},{"type":"Feature","properties":{"name":null,"highway":"primary_link","osm":"way/473720205"},"geometry":{"type":"LineString","coordinates":[[-115.16561,36.11452],[-115.16546,36.11453]]}},{"type":"Feature","properties":{"name":"Blue Entrance","highway":"unclassified","osm":"way/476427606"},"geometry":{"type":"LineString","coordinates":[[-115.14891,36.13261],[-115.14891,36.13229]]}},{"type":"Feature","properties":{"name":"North Maryland Parkway","highway":"secondary","osm":"way/478187851"},"geometry":{"type":"LineString","coordinates":[[-115.1305,36.17398],[-115.1305,36.17408]]}},{"type":"Feature","properties":{"name":"West Bonanza Road","highway":"secondary","osm":"way/483608765"},"geometry":{"type":"LineString","coordinates":[[-115.14619,36.17728],[-115.14574,36.17723]]}},{"type":"Feature","properties":{"name":"West Bonanza Road","highway":"secondary","osm":"way/483608766"},"geometry":{"type":"LineString","coordinates":[[-115.14456,36.17734],[-115.14596,36.17732]]}},{"type":"Feature","properties":{"name":"West Bonanza Road","highway":"secondary","osm":"way/483608767"},"geometry":{"type":"LineString","coordinates":[[-115.14415,36.17727],[-115.14347,36.17727]]}},{"type":"Feature","properties":{"name":"East Webb Avenue","highway":"residential","osm":"way/487543392"},"geometry":{"type":"LineString","coordinates":[[-115.11608,36.18926],[-115.10769,36.18916]]}},{"type":"Feature","properties":{"name":"East Bonanza Road","highway":"secondary","osm":"way/487543512"},"geometry":{"type":"LineString","coordinates":[[-115.11729,36.17389],[-115.1167,36.17388]]}},{"type":"Feature","properties":{"name":"East Bonanza Road","highway":"secondary","osm":"way/487543513"},"geometry":{"type":"LineString","coordinates":[[-115.11576,36.17386],[-115.11432,36.1738]]}},{"type":"Feature","properties":{"name":null,"highway":"primary_link","osm":"way/487543514"},"geometry":{"type":"LineString","coordinates":[[-115.11612,36.17336],[-115.11576,36.17386]]}},{"type":"Feature","properties":{"name":"East Bonanza Road","highway":"secondary","osm":"way/487543515"},"geometry":{"type":"LineString","coordinates":[[-115.11405,36.17385],[-115.11215,36.1738]]}},{"type":"Feature","properties":{"name":null,"highway":"primary_link","osm":"way/487543516"},"geometry":{"type":"LineString","coordinates":[[-115.1167,36.17388],[-115.11627,36.17357]]}},{"type":"Feature","properties":{"name":"East Owens Avenue","highway":"secondary","osm":"way/487924421"},"geometry":{"type":"LineString","coordinates":[[-115.13413,36.1884],[-115.13398,36.1884]]}},{"type":"Feature","properties":{"name":"A Street","highway":"tertiary","osm":"way/488336289"},"geometry":{"type":"LineString","coordinates":[[-115.14264,36.18797],[-115.14236,36.18841]]}},{"type":"Feature","properties":{"name":"North Main Street","highway":"secondary","osm":"way/488336807"},"geometry":{"type":"LineString","coordinates":[[-115.13936,36.18245],[-115.13591,36.18771]]}},{"type":"Feature","properties":{"name":null,"highway":"secondary_link","osm":"way/488336808"},"geometry":{"type":"LineString","coordinates":[[-115.13588,36.18839],[-115.1357,36.18814]]}},{"type":"Feature","properties":{"name":"North Las Vegas Boulevard","highway":"primary","osm":"way/488338292"},"geometry":{"type":"LineString","coordinates":[[-115.13399,36.1879],[-115.13398,36.1884]]}},{"type":"Feature","properties":{"name":"North Las Vegas Boulevard","highway":"primary","osm":"way/488338293"},"geometry":{"type":"LineString","coordinates":[[-115.13556,36.17756],[-115.13633,36.17622]]}},{"type":"Feature","properties":{"name":"North Las Vegas Boulevard","highway":"primary","osm":"way/488338294"},"geometry":{"type":"LineString","coordinates":[[-115.13403,36.18213],[-115.13405,36.18628]]}},{"type":"Feature","properties":{"name":"East Owens Avenue","highway":"secondary","osm":"way/488338682"},"geometry":{"type":"LineString","coordinates":[[-115.13398,36.18851],[-115.13413,36.18851]]}},{"type":"Feature","properties":{"name":"North Bruce Street","highway":"tertiary","osm":"way/488500047"},"geometry":{"type":"LineString","coordinates":[[-115.12505,36.18921],[-115.12512,36.1885]]}},{"type":"Feature","properties":{"name":"East Desert Inn Road","highway":"primary","osm":"way/489468989"},"geometry":{"type":"LineString","coordinates":[[-115.1381,36.12971],[-115.137,36.1297]]}},{"type":"Feature","properties":{"name":"East Desert Inn Road","highway":"primary","osm":"way/489468994"},"geometry":{"type":"LineString","coordinates":[[-115.13579,36.12986],[-115.13681,36.12985]]}},{"type":"Feature","properties":{"name":"East Desert Inn Road","highway":"primary","osm":"way/489468995"},"geometry":{"type":"LineString","coordinates":[[-115.14058,36.12978],[-115.13859,36.12978]]}},{"type":"Feature","properties":{"name":"South Maryland Parkway","highway":"primary","osm":"way/489469477"},"geometry":{"type":"LineString","coordinates":[[-115.13697,36.12877],[-115.13716,36.12575]]}},{"type":"Feature","properties":{"name":"South Maryland Parkway","highway":"primary","osm":"way/489469478"},"geometry":{"type":"LineString","coordinates":[[-115.137,36.1297],[-115.13705,36.12888]]}},{"type":"Feature","properties":{"name":"South Maryland Parkway","highway":"primary","osm":"way/489469479"},"geometry":{"type":"LineString","coordinates":[[-115.13686,36.12918],[-115.13682,36.1297]]}},{"type":"Feature","properties":{"name":"South Maryland Parkway","highway":"primary","osm":"way/489469480"},"geometry":{"type":"LineString","coordinates":[[-115.13681,36.12985],[-115.13681,36.13052]]}},{"type":"Feature","properties":{"name":"South Maryland Parkway","highway":"primary","osm":"way/489469481"},"geometry":{"type":"LineString","coordinates":[[-115.13699,36.13043],[-115.13699,36.12985]]}},{"type":"Feature","properties":{"name":"South Maryland Parkway","highway":"primary","osm":"way/489470717"},"geometry":{"type":"LineString","coordinates":[[-115.1369,36.13351],[-115.13691,36.13249]]}},{"type":"Feature","properties":{"name":null,"highway":"primary_link","osm":"way/489470718"},"geometry":{"type":"LineString","coordinates":[[-115.13632,36.13386],[-115.13682,36.1341]]}},{"type":"Feature","properties":{"name":"Sunrise Hospital Drive","highway":"unclassified","osm":"way/489470727"},"geometry":{"type":"LineString","coordinates":[[-115.13614,36.13388],[-115.13572,36.13389]]}},{"type":"Feature","properties":{"name":"South Maryland Parkway","highway":"primary","osm":"way/489470728"},"geometry":{"type":"LineString","coordinates":[[-115.1369,36.13432],[-115.13699,36.13416]]}},{"type":"Feature","properties":{"name":"Dumont Boulevard","highway":"residential","osm":"way/489471314"},"geometry":{"type":"LineString","coordinates":[[-115.13719,36.1253],[-115.13854,36.1253]]}},{"type":"Feature","properties":{"name":"South Maryland Parkway","highway":"primary","osm":"way/489471318"},"geometry":{"type":"LineString","coordinates":[[-115.13731,36.12222],[-115.13733,36.12322]]}},{"type":"Feature","properties":{"name":"South Maryland Parkway","highway":"primary","osm":"way/489471321"},"geometry":{"type":"LineString","coordinates":[[-115.13719,36.1253],[-115.13716,36.12575]]}},{"type":"Feature","properties":{"name":"South Maryland Parkway","highway":"primary","osm":"way/489471328"},"geometry":{"type":"LineString","coordinates":[[-115.1369,36.13369],[-115.13682,36.13388]]}},{"type":"Feature","properties":{"name":"South Maryland Parkway","highway":"primary","osm":"way/489471330"},"geometry":{"type":"LineString","coordinates":[[-115.13716,36.12575],[-115.13719,36.1253]]}},{"type":"Feature","properties":{"name":"South Maryland Parkway","highway":"primary","osm":"way/489471331"},"geometry":{"type":"LineString","coordinates":[[-115.13719,36.1253],[-115.13733,36.12322]]}},{"type":"Feature","properties":{"name":"Dumont Boulevard","highway":"residential","osm":"way/489471334"},"geometry":{"type":"LineString","coordinates":[[-115.13854,36.1253],[-115.13719,36.1253]]}},{"type":"Feature","properties":{"name":"Symphony Park Avenue","highway":"tertiary","osm":"way/491260601"},"geometry":{"type":"LineString","coordinates":[[-115.15904,36.17154],[-115.15643,36.17134]]}},{"type":"Feature","properties":{"name":"Symphony Park Avenue","highway":"tertiary","osm":"way/491260602"},"geometry":{"type":"LineString","coordinates":[[-115.1594,36.17173],[-115.15985,36.17175]]}},{"type":"Feature","properties":{"name":"West Bonneville Avenue","highway":"secondary","osm":"way/491260609"},"geometry":{"type":"LineString","coordinates":[[-115.15846,36.16621],[-115.15819,36.16624]]}},{"type":"Feature","properties":{"name":"West Bonneville Avenue","highway":"secondary","osm":"way/491477888"},"geometry":{"type":"LineString","coordinates":[[-115.15361,36.16681],[-115.15268,36.16682],[-115.15139,36.16635]]}},{"type":"Feature","properties":{"name":"West Bonneville Avenue","highway":"secondary","osm":"way/491477891"},"geometry":{"type":"LineString","coordinates":[[-115.15726,36.1665],[-115.15778,36.16644]]}},{"type":"Feature","properties":{"name":"East Bonneville Avenue","highway":"secondary","osm":"way/491477892"},"geometry":{"type":"LineString","coordinates":[[-115.14904,36.16534],[-115.14861,36.16519]]}},{"type":"Feature","properties":{"name":"East Charleston Boulevard","highway":"primary","osm":"way/491478520"},"geometry":{"type":"LineString","coordinates":[[-115.14889,36.15892],[-115.15044,36.15889]]}},{"type":"Feature","properties":{"name":"South 6th Street","highway":"residential","osm":"way/491478521"},"geometry":{"type":"LineString","coordinates":[[-115.14597,36.15878],[-115.14648,36.14775]]}},{"type":"Feature","properties":{"name":"East Charleston Boulevard","highway":"primary","osm":"way/491478622"},"geometry":{"type":"LineString","coordinates":[[-115.14307,36.1589],[-115.14501,36.1589]]}},{"type":"Feature","properties":{"name":null,"highway":"primary_link","osm":"way/491478623"},"geometry":{"type":"LineString","coordinates":[[-115.14146,36.15913],[-115.14149,36.15891]]}},{"type":"Feature","properties":{"name":"East Charleston Boulevard","highway":"primary","osm":"way/491478769"},"geometry":{"type":"LineString","coordinates":[[-115.13536,36.15888],[-115.13343,36.15888]]}},{"type":"Feature","properties":{"name":"East Charleston Boulevard","highway":"primary","osm":"way/491478771"},"geometry":{"type":"LineString","coordinates":[[-115.13685,36.15881],[-115.13567,36.15881]]}},{"type":"Feature","properties":{"name":"East Charleston Boulevard","highway":"primary","osm":"way/491478907"},"geometry":{"type":"LineString","coordinates":[[-115.13198,36.15888],[-115.12952,36.15888]]}},{"type":"Feature","properties":{"name":"East Charleston Boulevard","highway":"primary","osm":"way/491478908"},"geometry":{"type":"LineString","coordinates":[[-115.1328,36.15881],[-115.13214,36.15881]]}},{"type":"Feature","properties":{"name":"East Charleston Boulevard","highway":"primary","osm":"way/491478909"},"geometry":{"type":"LineString","coordinates":[[-115.13214,36.15894],[-115.13274,36.15895]]}},{"type":"Feature","properties":{"name":"South Bruce Street","highway":"tertiary","osm":"way/491479279"},"geometry":{"type":"LineString","coordinates":[[-115.12497,36.15891],[-115.12503,36.15941]]}},{"type":"Feature","properties":{"name":"East Charleston Boulevard","highway":"primary","osm":"way/491479280"},"geometry":{"type":"LineString","coordinates":[[-115.12422,36.15886],[-115.11965,36.15885]]}},{"type":"Feature","properties":{"name":"East Charleston Boulevard","highway":"primary","osm":"way/491479282"},"geometry":{"type":"LineString","coordinates":[[-115.12497,36.15881],[-115.12439,36.15881]]}},{"type":"Feature","properties":{"name":"South Bruce Street","highway":"tertiary","osm":"way/491479283"},"geometry":{"type":"LineString","coordinates":[[-115.12503,36.15941],[-115.12508,36.15904]]}},{"type":"Feature","properties":{"name":"East Charleston Boulevard","highway":"primary","osm":"way/491479285"},"geometry":{"type":"LineString","coordinates":[[-115.12508,36.15892],[-115.12566,36.15892]]}},{"type":"Feature","properties":{"name":"East Charleston Boulevard","highway":"primary","osm":"way/491479499"},"geometry":{"type":"LineString","coordinates":[[-115.1188,36.15877],[-115.11728,36.15877]]}},{"type":"Feature","properties":{"name":null,"highway":"primary_link","osm":"way/491479835"},"geometry":{"type":"LineString","coordinates":[[-115.11757,36.15923],[-115.11771,36.15892]]}},{"type":"Feature","properties":{"name":"East Charleston Boulevard","highway":"primary","osm":"way/491480223"},"geometry":{"type":"LineString","coordinates":[[-115.11274,36.15877],[-115.112,36.15877]]}},{"type":"Feature","properties":{"name":"West Owens Avenue","highway":"secondary","osm":"way/491511966"},"geometry":{"type":"LineString","coordinates":[[-115.15848,36.18851],[-115.16012,36.18853]]}},{"type":"Feature","properties":{"name":"West Owens Avenue","highway":"secondary","osm":"way/491511967"},"geometry":{"type":"LineString","coordinates":[[-115.15301,36.18841],[-115.15533,36.18842]]}},{"type":"Feature","properties":{"name":"Rue 13","highway":"secondary","osm":"way/495069614"},"geometry":{"type":"LineString","coordinates":[[-115.13563,36.16109],[-115.13396,36.16167]]}},{"type":"Feature","properties":{"name":null,"highway":"motorway_link","osm":"way/495135100"},"geometry":{"type":"LineString","coordinates":[[-115.11693,36.16739],[-115.1161,36.1673],[-115.11593,36.16706]]}},{"type":"Feature","properties":{"name":null,"highway":"motorway_link","osm":"way/495135102"},"geometry":{"type":"LineString","coordinates":[[-115.11605,36.16944],[-115.11663,36.1688]]}},{"type":"Feature","properties":{"name":null,"highway":"motorway_link","osm":"way/495135103"},"geometry":{"type":"LineString","coordinates":[[-115.11189,36.16798],[-115.11421,36.16828]]}},{"type":"Feature","properties":{"name":null,"highway":"motorway_link","osm":"way/495135104"},"geometry":{"type":"LineString","coordinates":[[-115.11521,36.16877],[-115.11586,36.1693]]}},{"type":"Feature","properties":{"name":null,"highway":"motorway_link","osm":"way/495135108"},"geometry":{"type":"LineString","coordinates":[[-115.11571,36.16682],[-115.11532,36.16743]]}},{"type":"Feature","properties":{"name":null,"highway":"primary_link","osm":"way/495143745"},"geometry":{"type":"LineString","coordinates":[[-115.11609,36.16183],[-115.11614,36.16129]]}},{"type":"Feature","properties":{"name":"26th Street","highway":"residential","osm":"way/495547133"},"geometry":{"type":"LineString","coordinates":[[-115.1139,36.16149],[-115.11389,36.16274]]}},{"type":"Feature","properties":{"name":null,"highway":"motorway_link","osm":"way/501588278"},"geometry":{"type":"LineString","coordinates":[[-115.17977,36.10103],[-115.18007,36.10126]]}},{"type":"Feature","properties":{"name":"East Bonanza Road","highway":"secondary","osm":"way/508295029"},"geometry":{"type":"LineString","coordinates":[[-115.14276,36.17711],[-115.14227,36.17692]]}},{"type":"Feature","properties":{"name":"North Main Street","highway":"secondary","osm":"way/508295031"},"geometry":{"type":"LineString","coordinates":[[-115.14276,36.17711],[-115.1427,36.1772]]}},{"type":"Feature","properties":{"name":"West Bonanza Road","highway":"secondary","osm":"way/508295032"},"geometry":{"type":"LineString","coordinates":[[-115.14281,36.17724],[-115.14315,36.17734]]}},{"type":"Feature","properties":{"name":"North Main Street","highway":"secondary","osm":"way/508295033"},"geometry":{"type":"LineString","coordinates":[[-115.14281,36.17724],[-115.14287,36.17715]]}},{"type":"Feature","properties":{"name":"Wilbur Street","highway":"unclassified","osm":"way/523561144"},"geometry":{"type":"LineString","coordinates":[[-115.14142,36.10095],[-115.14143,36.10134]]}},{"type":"Feature","properties":{"name":"North Las Vegas Boulevard","highway":"primary","osm":"way/523567859"},"geometry":{"type":"LineString","coordinates":[[-115.13985,36.17038],[-115.13919,36.1714]]}},{"type":"Feature","properties":{"name":"North Las Vegas Boulevard","highway":"primary","osm":"way/523567860"},"geometry":{"type":"LineString","coordinates":[[-115.13996,36.17043],[-115.14045,36.16969]]}},{"type":"Feature","properties":{"name":"Fremont Street","highway":"primary","osm":"way/523568456"},"geometry":{"type":"LineString","coordinates":[[-115.14,36.16895],[-115.13838,36.16826]]}},{"type":"Feature","properties":{"name":"Garces Avenue","highway":"residential","osm":"way/523572054"},"geometry":{"type":"LineString","coordinates":[[-115.14355,36.16152],[-115.1424,36.16103]]}},{"type":"Feature","properties":{"name":"South Las Vegas Boulevard","highway":"primary","osm":"way/523572056"},"geometry":{"type":"LineString","coordinates":[[-115.14519,36.16223],[-115.14442,36.16341]]}},{"type":"Feature","properties":{"name":"Garces Avenue","highway":"tertiary","osm":"way/523572059"},"geometry":{"type":"LineString","coordinates":[[-115.1453,36.16228],[-115.14519,36.16223]]}},{"type":"Feature","properties":{"name":"South Las Vegas Boulevard","highway":"primary","osm":"way/523572062"},"geometry":{"type":"LineString","coordinates":[[-115.1453,36.16228],[-115.14605,36.16112]]}},{"type":"Feature","properties":{"name":"Sammy Davis Junior Drive","highway":"secondary","osm":"way/523572982"},"geometry":{"type":"LineString","coordinates":[[-115.17696,36.1256],[-115.17756,36.12474]]}},{"type":"Feature","properties":{"name":"West Charleston Boulevard","highway":"primary","osm":"way/523576995"},"geometry":{"type":"LineString","coordinates":[[-115.15894,36.1589],[-115.15864,36.15887]]}},{"type":"Feature","properties":{"name":"West Desert Inn Road","highway":"tertiary","osm":"way/523577679"},"geometry":{"type":"LineString","coordinates":[[-115.17547,36.12971],[-115.17596,36.12975]]}},{"type":"Feature","properties":{"name":"South Casino Center Boulevard","highway":"tertiary","osm":"way/523579148"},"geometry":{"type":"LineString","coordinates":[[-115.15222,36.1589],[-115.15227,36.15877]]}},{"type":"Feature","properties":{"name":"Grand Central Parkway","highway":"secondary","osm":"way/524550931"},"geometry":{"type":"LineString","coordinates":[[-115.15519,36.16568],[-115.1552,36.16662]]}},{"type":"Feature","properties":{"name":"Stewart Avenue","highway":"secondary","osm":"way/533265600"},"geometry":{"type":"LineString","coordinates":[[-115.11166,36.1664],[-115.10816,36.16632]]}},{"type":"Feature","properties":{"name":"Stewart Avenue","highway":"secondary","osm":"way/533265601"},"geometry":{"type":"LineString","coordinates":[[-115.11166,36.16654],[-115.11226,36.16649]]}},{"type":"Feature","properties":{"name":"Robin Leach Lane","highway":"tertiary","osm":"way/544016665"},"geometry":{"type":"LineString","coordinates":[[-115.15487,36.16862],[-115.15478,36.16858]]}},{"type":"Feature","properties":{"name":"North Eastern Avenue","highway":"primary","osm":"way/553221634"},"geometry":{"type":"LineString","coordinates":[[-115.11576,36.16808],[-115.11583,36.16893]]}},{"type":"Feature","properties":{"name":null,"highway":"motorway_link","osm":"way/553221635"},"geometry":{"type":"LineString","coordinates":[[-115.11465,36.16753],[-115.11188,36.16769]]}},{"type":"Feature","properties":{"name":"North Eastern Avenue","highway":"primary","osm":"way/553221636"},"geometry":{"type":"LineString","coordinates":[[-115.11589,36.16657],[-115.11615,36.16157],[-115.11786,36.1605],[-115.11851,36.15977]]}},{"type":"Feature","properties":{"name":null,"highway":"motorway_link","osm":"way/553221637"},"geometry":{"type":"LineString","coordinates":[[-115.11596,36.16737],[-115.11571,36.16738]]}},{"type":"Feature","properties":{"name":"Fremont Street","highway":"primary","osm":"way/553221638"},"geometry":{"type":"LineString","coordinates":[[-115.11837,36.15971],[-115.11851,36.15977]]}},{"type":"Feature","properties":{"name":"North Eastern Avenue","highway":"primary","osm":"way/553221639"},"geometry":{"type":"LineString","coordinates":[[-115.11837,36.15971],[-115.11809,36.16006]]}},{"type":"Feature","properties":{"name":"Fremont Street","highway":"primary","osm":"way/553221640"},"geometry":{"type":"LineString","coordinates":[[-115.11777,36.15947],[-115.11837,36.15971]]}},{"type":"Feature","properties":{"name":"North Eastern Avenue","highway":"primary","osm":"way/553221641"},"geometry":{"type":"LineString","coordinates":[[-115.11769,36.16045],[-115.11634,36.16111],[-115.11597,36.16155],[-115.11573,36.16587]]}},{"type":"Feature","properties":{"name":null,"highway":"motorway_link","osm":"way/553221646"},"geometry":{"type":"LineString","coordinates":[[-115.11583,36.16893],[-115.11604,36.16893]]}},{"type":"Feature","properties":{"name":"North Eastern Avenue","highway":"primary","osm":"way/553221647"},"geometry":{"type":"LineString","coordinates":[[-115.11591,36.1702],[-115.11601,36.17168]]}},{"type":"Feature","properties":{"name":"North Eastern Avenue","highway":"primary","osm":"way/553221648"},"geometry":{"type":"LineString","coordinates":[[-115.11604,36.16893],[-115.116,36.16808]]}},{"type":"Feature","properties":{"name":null,"highway":"motorway_link","osm":"way/553221649"},"geometry":{"type":"LineString","coordinates":[[-115.11663,36.1688],[-115.11903,36.16811]]}},{"type":"Feature","properties":{"name":"Century Garden Drive","highway":"residential","osm":"way/553239167"},"geometry":{"type":"LineString","coordinates":[[-115.13797,36.09574],[-115.13844,36.09593],[-115.13872,36.09562],[-115.13836,36.0954],[-115.13795,36.09562]]}},{"type":"Feature","properties":{"name":"Century Garden Drive","highway":"residential","osm":"way/553239168"},"geometry":{"type":"LineString","coordinates":[[-115.13873,36.09571],[-115.14041,36.09571]]}},{"type":"Feature","properties":{"name":"Century Garden Drive","highway":"residential","osm":"way/553239169"},"geometry":{"type":"LineString","coordinates":[[-115.13795,36.09562],[-115.13741,36.09562]]}},{"type":"Feature","properties":{"name":"Encore Resort Boulevard","highway":"unclassified","osm":"way/553665172"},"geometry":{"type":"LineString","coordinates":[[-115.16237,36.12835],[-115.1621,36.12928]]}},{"type":"Feature","properties":{"name":"South Maryland Parkway","highway":"secondary","osm":"way/554333232"},"geometry":{"type":"LineString","coordinates":[[-115.13345,36.16465],[-115.13496,36.16232]]}},{"type":"Feature","properties":{"name":"North Main Street","highway":"secondary","osm":"way/554354733"},"geometry":{"type":"LineString","coordinates":[[-115.1448,36.174],[-115.14406,36.17515]]}},{"type":"Feature","properties":{"name":null,"highway":"motorway_link","osm":"way/560845820"},"geometry":{"type":"LineString","coordinates":[[-115.15778,36.17494],[-115.16048,36.17534]]}},{"type":"Feature","properties":{"name":null,"highway":"motorway_link","osm":"way/560845821"},"geometry":{"type":"LineString","coordinates":[[-115.15276,36.17648],[-115.15438,36.17549]]}},{"type":"Feature","properties":{"name":null,"highway":"motorway_link","osm":"way/560845822"},"geometry":{"type":"LineString","coordinates":[[-115.18029,36.13246],[-115.18084,36.13082]]}},{"type":"Feature","properties":{"name":null,"highway":"primary_link","osm":"way/562614740"},"geometry":{"type":"LineString","coordinates":[[-115.14076,36.18123],[-115.14043,36.18106],[-115.14048,36.18075]]}},{"type":"Feature","properties":{"name":"East Washington Avenue","highway":"secondary","osm":"way/562614747"},"geometry":{"type":"LineString","coordinates":[[-115.11684,36.18114],[-115.11615,36.18114]]}},{"type":"Feature","properties":{"name":"East Washington Avenue","highway":"secondary","osm":"way/562643561"},"geometry":{"type":"LineString","coordinates":[[-115.11597,36.18128],[-115.11615,36.18128]]}},{"type":"Feature","properties":{"name":null,"highway":"secondary_link","osm":"way/562643562"},"geometry":{"type":"LineString","coordinates":[[-115.1217,36.18113],[-115.12061,36.18122]]}},{"type":"Feature","properties":{"name":null,"highway":"secondary_link","osm":"way/562643563"},"geometry":{"type":"LineString","coordinates":[[-115.12244,36.18127],[-115.12368,36.18118]]}},{"type":"Feature","properties":{"name":null,"highway":"secondary_link","osm":"way/562643564"},"geometry":{"type":"LineString","coordinates":[[-115.12624,36.18127],[-115.12706,36.18111]]}},{"type":"Feature","properties":{"name":"21st Street","highway":"tertiary","osm":"way/562643568"},"geometry":{"type":"LineString","coordinates":[[-115.12061,36.18127],[-115.12063,36.18484]]}},{"type":"Feature","properties":{"name":"21st Street","highway":"tertiary","osm":"way/562643569"},"geometry":{"type":"LineString","coordinates":[[-115.12061,36.18113],[-115.12061,36.18119]]}},{"type":"Feature","properties":{"name":"East Washington Avenue","highway":"secondary","osm":"way/562643570"},"geometry":{"type":"LineString","coordinates":[[-115.12368,36.18112],[-115.1217,36.18113]]}},{"type":"Feature","properties":{"name":"East Washington Avenue","highway":"secondary","osm":"way/562644611"},"geometry":{"type":"LineString","coordinates":[[-115.12061,36.18113],[-115.11684,36.18114]]}},{"type":"Feature","properties":{"name":"North Eastern Avenue","highway":"primary","osm":"way/562644612"},"geometry":{"type":"LineString","coordinates":[[-115.11628,36.17387],[-115.1162,36.17235]]}},{"type":"Feature","properties":{"name":"East Washington Avenue","highway":"secondary","osm":"way/562644613"},"geometry":{"type":"LineString","coordinates":[[-115.11615,36.18114],[-115.11597,36.18113]]}},{"type":"Feature","properties":{"name":"North Eastern Avenue","highway":"primary","osm":"way/562644614"},"geometry":{"type":"LineString","coordinates":[[-115.11615,36.18128],[-115.11615,36.18114]]}},{"type":"Feature","properties":{"name":"East Washington Avenue","highway":"secondary","osm":"way/562644615"},"geometry":{"type":"LineString","coordinates":[[-115.11615,36.18128],[-115.12061,36.18127]]}},{"type":"Feature","properties":{"name":"North Eastern Avenue","highway":"primary","osm":"way/562644619"},"geometry":{"type":"LineString","coordinates":[[-115.11601,36.18486],[-115.11605,36.18843]]}},{"type":"Feature","properties":{"name":null,"highway":"secondary_link","osm":"way/562644620"},"geometry":{"type":"LineString","coordinates":[[-115.11948,36.18128],[-115.12061,36.18119]]}},{"type":"Feature","properties":{"name":"21st Street","highway":"tertiary","osm":"way/562644621"},"geometry":{"type":"LineString","coordinates":[[-115.12061,36.18119],[-115.12061,36.18122]]}},{"type":"Feature","properties":{"name":"East Washington Avenue","highway":"secondary","osm":"way/562644622"},"geometry":{"type":"LineString","coordinates":[[-115.12061,36.18127],[-115.12244,36.18127]]}},{"type":"Feature","properties":{"name":"21st Street","highway":"tertiary","osm":"way/562644623"},"geometry":{"type":"LineString","coordinates":[[-115.12063,36.18484],[-115.12065,36.18842]]}},{"type":"Feature","properties":{"name":"East Washington Avenue","highway":"secondary","osm":"way/562644624"},"geometry":{"type":"LineString","coordinates":[[-115.12396,36.18127],[-115.12501,36.18127]]}},{"type":"Feature","properties":{"name":"18th Street","highway":"residential","osm":"way/562644625"},"geometry":{"type":"LineString","coordinates":[[-115.12368,36.18127],[-115.12353,36.18362]]}},{"type":"Feature","properties":{"name":null,"highway":"secondary_link","osm":"way/562645481"},"geometry":{"type":"LineString","coordinates":[[-115.11321,36.18109],[-115.11208,36.18115]]}},{"type":"Feature","properties":{"name":"East Washington Avenue","highway":"secondary","osm":"way/562645482"},"geometry":{"type":"LineString","coordinates":[[-115.11597,36.18113],[-115.11208,36.18107]]}},{"type":"Feature","properties":{"name":"28th Street","highway":"residential","osm":"way/562645483"},"geometry":{"type":"LineString","coordinates":[[-115.11208,36.18115],[-115.11206,36.18229]]}},{"type":"Feature","properties":{"name":null,"highway":"secondary_link","osm":"way/562645484"},"geometry":{"type":"LineString","coordinates":[[-115.11145,36.18106],[-115.1104,36.18113]]}},{"type":"Feature","properties":{"name":"Meyer Street","highway":"residential","osm":"way/562645485"},"geometry":{"type":"LineString","coordinates":[[-115.1104,36.18113],[-115.1104,36.18119]]}},{"type":"Feature","properties":{"name":"East Washington Avenue","highway":"secondary","osm":"way/562645486"},"geometry":{"type":"LineString","coordinates":[[-115.11208,36.18107],[-115.11041,36.18104]]}},{"type":"Feature","properties":{"name":"East Washington Avenue","highway":"secondary","osm":"way/562697790"},"geometry":{"type":"LineString","coordinates":[[-115.11041,36.18104],[-115.10878,36.18101]]}},{"type":"Feature","properties":{"name":"F Street","highway":"tertiary","osm":"way/562702762"},"geometry":{"type":"LineString","coordinates":[[-115.14942,36.17874],[-115.14938,36.17772]]}},{"type":"Feature","properties":{"name":"F Street","highway":"tertiary","osm":"way/562702764"},"geometry":{"type":"LineString","coordinates":[[-115.14925,36.1779],[-115.14935,36.17899]]}},{"type":"Feature","properties":{"name":"F Street","highway":"tertiary","osm":"way/562702766"},"geometry":{"type":"LineString","coordinates":[[-115.14926,36.17761],[-115.14925,36.1779]]}},{"type":"Feature","properties":{"name":"D Street","highway":"secondary","osm":"way/563006388"},"geometry":{"type":"LineString","coordinates":[[-115.14693,36.17879],[-115.14699,36.17841]]}},{"type":"Feature","properties":{"name":"D Street","highway":"secondary","osm":"way/563006389"},"geometry":{"type":"LineString","coordinates":[[-115.14699,36.17841],[-115.14682,36.17796]]}},{"type":"Feature","properties":{"name":"D Street","highway":"secondary","osm":"way/563006392"},"geometry":{"type":"LineString","coordinates":[[-115.14682,36.17796],[-115.14685,36.17858]]}},{"type":"Feature","properties":{"name":"D Street","highway":"tertiary","osm":"way/563513679"},"geometry":{"type":"LineString","coordinates":[[-115.14723,36.18848],[-115.14741,36.19571]]}},{"type":"Feature","properties":{"name":"D Street","highway":"tertiary","osm":"way/563513683"},"geometry":{"type":"LineString","coordinates":[[-115.14699,36.18191],[-115.14702,36.18134]]}},{"type":"Feature","properties":{"name":null,"highway":"primary_link","osm":"way/563513696"},"geometry":{"type":"LineString","coordinates":[[-115.14819,36.18088],[-115.14702,36.18062]]}},{"type":"Feature","properties":{"name":"H Street","highway":"tertiary","osm":"way/563574363"},"geometry":{"type":"LineString","coordinates":[[-115.15191,36.18887],[-115.15186,36.19569]]}},{"type":"Feature","properties":{"name":"H Street","highway":"tertiary","osm":"way/563574365"},"geometry":{"type":"LineString","coordinates":[[-115.15186,36.18846],[-115.15191,36.18887]]}},{"type":"Feature","properties":{"name":"H Street","highway":"tertiary","osm":"way/563574367"},"geometry":{"type":"LineString","coordinates":[[-115.15191,36.18887],[-115.15197,36.18847]]}},{"type":"Feature","properties":{"name":null,"highway":"motorway_link","osm":"way/563976516"},"geometry":{"type":"LineString","coordinates":[[-115.15893,36.17515],[-115.15931,36.17528]]}},{"type":"Feature","properties":{"name":null,"highway":"motorway_link","osm":"way/563976518"},"geometry":{"type":"LineString","coordinates":[[-115.16117,36.17528],[-115.15873,36.17476],[-115.15744,36.17374],[-115.15715,36.17225],[-115.15822,36.17031]]}},{"type":"Feature","properties":{"name":null,"highway":"motorway_link","osm":"way/563976523"},"geometry":{"type":"LineString","coordinates":[[-115.15931,36.17528],[-115.16048,36.17557]]}},{"type":"Feature","properties":{"name":"Grand Central Parkway","highway":"secondary","osm":"way/563976973"},"geometry":{"type":"LineString","coordinates":[[-115.15879,36.15989],[-115.15884,36.15956]]}},{"type":"Feature","properties":{"name":"Paradise Road","highway":"primary","osm":"way/565876899"},"geometry":{"type":"LineString","coordinates":[[-115.15497,36.12228],[-115.15498,36.12195]]}},{"type":"Feature","properties":{"name":"Paradise Road","highway":"primary","osm":"way/565876900"},"geometry":{"type":"LineString","coordinates":[[-115.15503,36.12686],[-115.15502,36.12576]]}},{"type":"Feature","properties":{"name":"Silver Drive","highway":"unclassified","osm":"way/565876940"},"geometry":{"type":"LineString","coordinates":[[-115.15449,36.12795],[-115.15481,36.12794]]}},{"type":"Feature","properties":{"name":null,"highway":"primary_link","osm":"way/565884570"},"geometry":{"type":"LineString","coordinates":[[-115.15482,36.12592],[-115.15503,36.12686]]}},{"type":"Feature","properties":{"name":"Paradise Road","highway":"primary","osm":"way/566097512"},"geometry":{"type":"LineString","coordinates":[[-115.1549,36.13475],[-115.1549,36.1332]]}},{"type":"Feature","properties":{"name":"Paradise Road","highway":"primary","osm":"way/566097513"},"geometry":{"type":"LineString","coordinates":[[-115.15491,36.1308],[-115.15493,36.12961]]}},{"type":"Feature","properties":{"name":"North Drive","highway":"unclassified","osm":"way/566097522"},"geometry":{"type":"LineString","coordinates":[[-115.1547,36.13375],[-115.14931,36.13386]]}},{"type":"Feature","properties":{"name":"Excalibur Way","highway":"unclassified","osm":"way/567108276"},"geometry":{"type":"LineString","coordinates":[[-115.17977,36.09953],[-115.17882,36.09947],[-115.17792,36.10007],[-115.17664,36.10011]]}},{"type":"Feature","properties":{"name":"Bruno Mars Drive","highway":"tertiary","osm":"way/567194718"},"geometry":{"type":"LineString","coordinates":[[-115.17376,36.10382],[-115.17317,36.10389]]}},{"type":"Feature","properties":{"name":"Bruno Mars Drive","highway":"tertiary","osm":"way/567194719"},"geometry":{"type":"LineString","coordinates":[[-115.17317,36.10389],[-115.17428,36.10372]]}},{"type":"Feature","properties":{"name":"Arena Drive","highway":"unclassified","osm":"way/567194729"},"geometry":{"type":"LineString","coordinates":[[-115.17852,36.10137],[-115.17717,36.10132]]}},{"type":"Feature","properties":{"name":null,"highway":"secondary_link","osm":"way/567194733"},"geometry":{"type":"LineString","coordinates":[[-115.1797,36.10276],[-115.17946,36.10255]]}},{"type":"Feature","properties":{"name":"New York New York","highway":"unclassified","osm":"way/567194735"},"geometry":{"type":"LineString","coordinates":[[-115.17627,36.10392],[-115.17641,36.10348],[-115.17608,36.10314]]}},{"type":"Feature","properties":{"name":"East Bonanza Road","highway":"secondary","osm":"way/567612417"},"geometry":{"type":"LineString","coordinates":[[-115.1095,36.17374],[-115.11127,36.17384]]}},{"type":"Feature","properties":{"name":"East Bonanza Road","highway":"secondary","osm":"way/567612418"},"geometry":{"type":"LineString","coordinates":[[-115.11215,36.1738],[-115.11034,36.1737]]}},{"type":"Feature","properties":{"name":"Paiute Circle","highway":"residential","osm":"way/568304492"},"geometry":{"type":"LineString","coordinates":[[-115.14025,36.18465],[-115.14019,36.18521]]}},{"type":"Feature","properties":{"name":"Harmon Circle","highway":"unclassified","osm":"way/568549144"},"geometry":{"type":"LineString","coordinates":[[-115.17784,36.10825],[-115.17769,36.10808]]}},{"type":"Feature","properties":{"name":null,"highway":"motorway_link","osm":"way/568614629"},"geometry":{"type":"LineString","coordinates":[[-115.1535,36.17456],[-115.15458,36.17513],[-115.15817,36.17508]]}},{"type":"Feature","properties":{"name":"Wyndham Resorts Drive","highway":"unclassified","osm":"way/568622620"},"geometry":{"type":"LineString","coordinates":[[-115.18365,36.12206],[-115.18395,36.12219]]}},{"type":"Feature","properties":{"name":"Wyndham Resorts Drive","highway":"unclassified","osm":"way/568622621"},"geometry":{"type":"LineString","coordinates":[[-115.18404,36.12129],[-115.18387,36.1216]]}},{"type":"Feature","properties":{"name":"Wyndham Resorts Drive","highway":"unclassified","osm":"way/568622626"},"geometry":{"type":"LineString","coordinates":[[-115.18395,36.12219],[-115.18415,36.12212],[-115.18417,36.12136]]}},{"type":"Feature","properties":{"name":"Morgan Cashmans Way","highway":"residential","osm":"way/568622630"},"geometry":{"type":"LineString","coordinates":[[-115.18176,36.12346],[-115.18178,36.12264]]}},{"type":"Feature","properties":{"name":"East Bonanza Road","highway":"secondary","osm":"way/568907624"},"geometry":{"type":"LineString","coordinates":[[-115.13396,36.17404],[-115.13139,36.17404]]}},{"type":"Feature","properties":{"name":"East Bonanza Road","highway":"secondary","osm":"way/568907625"},"geometry":{"type":"LineString","coordinates":[[-115.13553,36.17422],[-115.13433,36.17399]]}},{"type":"Feature","properties":{"name":"East Bonanza Road","highway":"secondary","osm":"way/568907626"},"geometry":{"type":"LineString","coordinates":[[-115.13487,36.1741],[-115.13553,36.17422]]}},{"type":"Feature","properties":{"name":null,"highway":"motorway_link","osm":"way/568907627"},"geometry":{"type":"LineString","coordinates":[[-115.13742,36.17458],[-115.13784,36.17424],[-115.13845,36.17415]]}},{"type":"Feature","properties":{"name":null,"highway":"primary_link","osm":"way/568907628"},"geometry":{"type":"LineString","coordinates":[[-115.13754,36.17508],[-115.13737,36.17466]]}},{"type":"Feature","properties":{"name":null,"highway":"secondary_link","osm":"way/568907629"},"geometry":{"type":"LineString","coordinates":[[-115.14347,36.17727],[-115.14313,36.17677]]}},{"type":"Feature","properties":{"name":"East Bonanza Road","highway":"secondary","osm":"way/568907630"},"geometry":{"type":"LineString","coordinates":[[-115.14281,36.17713],[-115.14276,36.17711]]}},{"type":"Feature","properties":{"name":"West Bonanza Road","highway":"secondary","osm":"way/568907631"},"geometry":{"type":"LineString","coordinates":[[-115.14276,36.17722],[-115.14281,36.17724]]}},{"type":"Feature","properties":{"name":"North Main Street","highway":"secondary","osm":"way/568907632"},"geometry":{"type":"LineString","coordinates":[[-115.1427,36.1772],[-115.14234,36.17775]]}},{"type":"Feature","properties":{"name":null,"highway":"secondary_link","osm":"way/568907633"},"geometry":{"type":"LineString","coordinates":[[-115.14267,36.17747],[-115.14315,36.17734]]}},{"type":"Feature","properties":{"name":null,"highway":"primary_link","osm":"way/574835469"},"geometry":{"type":"LineString","coordinates":[[-115.13693,36.15466],[-115.13645,36.15508]]}},{"type":"Feature","properties":{"name":null,"highway":"primary_link","osm":"way/574835505"},"geometry":{"type":"LineString","coordinates":[[-115.13756,36.15508],[-115.1371,36.15469]]}},{"type":"Feature","properties":{"name":null,"highway":"primary_link","osm":"way/575367078"},"geometry":{"type":"LineString","coordinates":[[-115.12832,36.15893],[-115.12867,36.15882]]}},{"type":"Feature","properties":{"name":null,"highway":"residential","osm":"way/576435614"},"geometry":{"type":"LineString","coordinates":[[-115.1419,36.12525],[-115.14192,36.1247]]}},{"type":"Feature","properties":{"name":null,"highway":"residential","osm":"way/576435615"},"geometry":{"type":"LineString","coordinates":[[-115.14192,36.1247],[-115.14372,36.12469],[-115.14369,36.12589],[-115.14186,36.12588]]}},{"type":"Feature","properties":{"name":null,"highway":"residential","osm":"way/576435617"},"geometry":{"type":"LineString","coordinates":[[-115.14372,36.1233],[-115.14371,36.12448]]}},{"type":"Feature","properties":{"name":null,"highway":"residential","osm":"way/576435618"},"geometry":{"type":"LineString","coordinates":[[-115.14214,36.12329],[-115.14394,36.12329]]}},{"type":"Feature","properties":{"name":null,"highway":"residential","osm":"way/576435622"},"geometry":{"type":"LineString","coordinates":[[-115.14611,36.12422],[-115.14537,36.12423]]}},{"type":"Feature","properties":{"name":null,"highway":"residential","osm":"way/576435623"},"geometry":{"type":"LineString","coordinates":[[-115.14487,36.12329],[-115.14487,36.1236]]}},{"type":"Feature","properties":{"name":null,"highway":"residential","osm":"way/576435625"},"geometry":{"type":"LineString","coordinates":[[-115.14386,36.12468],[-115.14479,36.12468]]}},{"type":"Feature","properties":{"name":null,"highway":"residential","osm":"way/576435626"},"geometry":{"type":"LineString","coordinates":[[-115.14478,36.12588],[-115.14478,36.12562]]}},{"type":"Feature","properties":{"name":null,"highway":"residential","osm":"way/576435627"},"geometry":{"type":"LineString","coordinates":[[-115.14235,36.12606],[-115.14235,36.12652]]}},{"type":"Feature","properties":{"name":null,"highway":"residential","osm":"way/576435628"},"geometry":{"type":"LineString","coordinates":[[-115.14257,36.12606],[-115.14257,36.12651]]}},{"type":"Feature","properties":{"name":null,"highway":"residential","osm":"way/576435629"},"geometry":{"type":"LineString","coordinates":[[-115.14398,36.12606],[-115.14398,36.12652]]}},{"type":"Feature","properties":{"name":null,"highway":"residential","osm":"way/576435630"},"geometry":{"type":"LineString","coordinates":[[-115.14421,36.12606],[-115.14421,36.12652]]}},{"type":"Feature","properties":{"name":null,"highway":"residential","osm":"way/576435631"},"geometry":{"type":"LineString","coordinates":[[-115.14444,36.12606],[-115.14443,36.12641]]}},{"type":"Feature","properties":{"name":null,"highway":"residential","osm":"way/576435632"},"geometry":{"type":"LineString","coordinates":[[-115.14501,36.12606],[-115.14501,36.12625],[-115.14443,36.12625]]}},{"type":"Feature","properties":{"name":null,"highway":"residential","osm":"way/576435633"},"geometry":{"type":"LineString","coordinates":[[-115.14608,36.12606],[-115.14159,36.12606]]}},{"type":"Feature","properties":{"name":null,"highway":"residential","osm":"way/576435634"},"geometry":{"type":"LineString","coordinates":[[-115.1458,36.12606],[-115.14581,36.1268]]}},{"type":"Feature","properties":{"name":null,"highway":"residential","osm":"way/579316917"},"geometry":{"type":"LineString","coordinates":[[-115.14609,36.12494],[-115.14542,36.12494]]}},{"type":"Feature","properties":{"name":null,"highway":"primary_link","osm":"way/579395143"},"geometry":{"type":"LineString","coordinates":[[-115.13563,36.10089],[-115.1348,36.10102]]}},{"type":"Feature","properties":{"name":null,"highway":"residential","osm":"way/579395370"},"geometry":{"type":"LineString","coordinates":[[-115.14168,36.12415],[-115.14215,36.12415]]}},{"type":"Feature","properties":{"name":"Las Vegas Premium Outlets Drive","highway":"unclassified","osm":"way/586121645"},"geometry":{"type":"LineString","coordinates":[[-115.1578,36.16568],[-115.15868,36.16542],[-115.15925,36.16491],[-115.15976,36.16331],[-115.15961,36.16234]]}},{"type":"Feature","properties":{"name":null,"highway":"secondary_link","osm":"way/586363169"},"geometry":{"type":"LineString","coordinates":[[-115.15707,36.16122],[-115.15772,36.16176]]}},{"type":"Feature","properties":{"name":null,"highway":"motorway_link","osm":"way/590992633"},"geometry":{"type":"LineString","coordinates":[[-115.15936,36.17466],[-115.1582,36.17429],[-115.1577,36.17365]]}},{"type":"Feature","properties":{"name":null,"highway":"motorway_link","osm":"way/590993123"},"geometry":{"type":"LineString","coordinates":[[-115.16072,36.17473],[-115.15936,36.17466]]}},{"type":"Feature","properties":{"name":null,"highway":"primary_link","osm":"way/592422713"},"geometry":{"type":"LineString","coordinates":[[-115.13979,36.15892],[-115.14029,36.15879]]}},{"type":"Feature","properties":{"name":null,"highway":"primary_link","osm":"way/592422714"},"geometry":{"type":"LineString","coordinates":[[-115.13945,36.15879],[-115.13887,36.15893]]}},{"type":"Feature","properties":{"name":null,"highway":"primary_link","osm":"way/592422715"},"geometry":{"type":"LineString","coordinates":[[-115.13807,36.15894],[-115.13832,36.1588]]}},{"type":"Feature","properties":{"name":null,"highway":"primary_link","osm":"way/592426821"},"geometry":{"type":"LineString","coordinates":[[-115.11036,36.15877],[-115.10993,36.1589]]}},{"type":"Feature","properties":{"name":null,"highway":"secondary_link","osm":"way/594169589"},"geometry":{"type":"LineString","coordinates":[[-115.12156,36.18852],[-115.12169,36.18841]]}},{"type":"Feature","properties":{"name":null,"highway":"secondary_link","osm":"way/594169590"},"geometry":{"type":"LineString","coordinates":[[-115.1389,36.18848],[-115.1389,36.18837]]}},{"type":"Feature","properties":{"name":null,"highway":"secondary_link","osm":"way/594169591"},"geometry":{"type":"LineString","coordinates":[[-115.15848,36.18851],[-115.15848,36.18838]]}},{"type":"Feature","properties":{"name":null,"highway":"secondary_link","osm":"way/594169592"},"geometry":{"type":"LineString","coordinates":[[-115.15934,36.18852],[-115.15983,36.1884]]}},{"type":"Feature","properties":{"name":"South Casino Center Boulevard","highway":"secondary","osm":"way/594470082"},"geometry":{"type":"LineString","coordinates":[[-115.14721,36.16608],[-115.1477,36.16532]]}},{"type":"Feature","properties":{"name":"Art Way","highway":"tertiary","osm":"way/594470093"},"geometry":{"type":"LineString","coordinates":[[-115.15118,36.15979],[-115.15145,36.15955]]}},{"type":"Feature","properties":{"name":"Art Way","highway":"tertiary","osm":"way/594470100"},"geometry":{"type":"LineString","coordinates":[[-115.15145,36.15955],[-115.15117,36.15956]]}},{"type":"Feature","properties":{"name":"South 3rd Street","highway":"tertiary","osm":"way/594470106"},"geometry":{"type":"LineString","coordinates":[[-115.15122,36.15461],[-115.15117,36.1554]]}},{"type":"Feature","properties":{"name":"South Casino Center Boulevard","highway":"secondary","osm":"way/594470113"},"geometry":{"type":"LineString","coordinates":[[-115.15093,36.15929],[-115.15087,36.1602]]}},{"type":"Feature","properties":{"name":"South Maryland Parkway","highway":"primary","osm":"way/594769561"},"geometry":{"type":"LineString","coordinates":[[-115.13684,36.10023],[-115.13684,36.10089]]}},{"type":"Feature","properties":{"name":"South Maryland Parkway","highway":"primary","osm":"way/594769562"},"geometry":{"type":"LineString","coordinates":[[-115.1368,36.09645],[-115.13681,36.09698]]}},{"type":"Feature","properties":{"name":"South Maryland Parkway","highway":"primary","osm":"way/594769563"},"geometry":{"type":"LineString","coordinates":[[-115.13678,36.09366],[-115.13679,36.09526]]}},{"type":"Feature","properties":{"name":null,"highway":"primary_link","osm":"way/596463688"},"geometry":{"type":"LineString","coordinates":[[-115.17306,36.09541],[-115.17278,36.09541]]}},{"type":"Feature","properties":{"name":"Line Renaud Road","highway":"unclassified","osm":"way/599691917"},"geometry":{"type":"LineString","coordinates":[[-115.17545,36.11506],[-115.17544,36.11483]]}},{"type":"Feature","properties":{"name":"Line Renaud Road","highway":"unclassified","osm":"way/599691918"},"geometry":{"type":"LineString","coordinates":[[-115.17531,36.11483],[-115.17532,36.11497]]}},{"type":"Feature","properties":{"name":"Via del Nord","highway":"unclassified","osm":"way/599695991"},"geometry":{"type":"LineString","coordinates":[[-115.17521,36.11414],[-115.17496,36.11415]]}},{"type":"Feature","properties":{"name":"Via del Nord","highway":"unclassified","osm":"way/599695992"},"geometry":{"type":"LineString","coordinates":[[-115.1755,36.11433],[-115.17521,36.11414]]}},{"type":"Feature","properties":{"name":"Via del Nord","highway":"unclassified","osm":"way/599695993"},"geometry":{"type":"LineString","coordinates":[[-115.1751,36.11441],[-115.1752,36.11441]]}},{"type":"Feature","properties":{"name":null,"highway":"motorway_link","osm":"way/599730729"},"geometry":{"type":"LineString","coordinates":[[-115.1495,36.17791],[-115.14913,36.17808]]}},{"type":"Feature","properties":{"name":null,"highway":"motorway_link","osm":"way/599730730"},"geometry":{"type":"LineString","coordinates":[[-115.15035,36.17755],[-115.1495,36.17791]]}},{"type":"Feature","properties":{"name":"Las Vegas Freeway","highway":"motorway","osm":"way/599730731"},"geometry":{"type":"LineString","coordinates":[[-115.14913,36.17824],[-115.14713,36.17933]]}},{"type":"Feature","properties":{"name":"Las Vegas Freeway","highway":"motorway","osm":"way/599730732"},"geometry":{"type":"LineString","coordinates":[[-115.14957,36.17801],[-115.14913,36.17824]]}},{"type":"Feature","properties":{"name":"Las Vegas Freeway","highway":"motorway","osm":"way/599730733"},"geometry":{"type":"LineString","coordinates":[[-115.14914,36.17844],[-115.14958,36.17821]]}},{"type":"Feature","properties":{"name":"Las Vegas Freeway","highway":"motorway","osm":"way/599730734"},"geometry":{"type":"LineString","coordinates":[[-115.14714,36.17953],[-115.14914,36.17844]]}},{"type":"Feature","properties":{"name":null,"highway":"motorway_link","osm":"way/599730735"},"geometry":{"type":"LineString","coordinates":[[-115.14915,36.17861],[-115.14956,36.17837]]}},{"type":"Feature","properties":{"name":null,"highway":"motorway_link","osm":"way/599730736"},"geometry":{"type":"LineString","coordinates":[[-115.14956,36.17837],[-115.15122,36.17738]]}},{"type":"Feature","properties":{"name":null,"highway":"motorway_link","osm":"way/599730737"},"geometry":{"type":"LineString","coordinates":[[-115.14919,36.17878],[-115.14962,36.17855]]}},{"type":"Feature","properties":{"name":null,"highway":"motorway_link","osm":"way/599730738"},"geometry":{"type":"LineString","coordinates":[[-115.14808,36.17935],[-115.14919,36.17878]]}},{"type":"Feature","properties":{"name":"South Las Vegas Boulevard","highway":"primary","osm":"way/600019617"},"geometry":{"type":"LineString","coordinates":[[-115.16677,36.12947],[-115.1672,36.12882]]}},{"type":"Feature","properties":{"name":"South Las Vegas Boulevard","highway":"primary","osm":"way/600019618"},"geometry":{"type":"LineString","coordinates":[[-115.16334,36.13438],[-115.16328,36.13447]]}},{"type":"Feature","properties":{"name":"Wynn Main Gate Drive","highway":"unclassified","osm":"way/600022989"},"geometry":{"type":"LineString","coordinates":[[-115.16666,36.12733],[-115.16678,36.12752],[-115.16728,36.12752]]}},{"type":"Feature","properties":{"name":"South Las Vegas Boulevard","highway":"primary","osm":"way/600022992"},"geometry":{"type":"LineString","coordinates":[[-115.16776,36.12765],[-115.16703,36.12874]]}},{"type":"Feature","properties":{"name":"Fashion Show Drive","highway":"tertiary","osm":"way/600022996"},"geometry":{"type":"LineString","coordinates":[[-115.16792,36.12771],[-115.16878,36.1281]]}},{"type":"Feature","properties":{"name":"South Las Vegas Boulevard","highway":"primary","osm":"way/600023001"},"geometry":{"type":"LineString","coordinates":[[-115.17164,36.12216],[-115.17233,36.12063]]}},{"type":"Feature","properties":{"name":"Koval Lane","highway":"secondary","osm":"way/600024724"},"geometry":{"type":"LineString","coordinates":[[-115.16401,36.12047],[-115.16404,36.12205]]}},{"type":"Feature","properties":{"name":null,"highway":"secondary_link","osm":"way/600024728"},"geometry":{"type":"LineString","coordinates":[[-115.16416,36.12],[-115.164,36.12006]]}},{"type":"Feature","properties":{"name":"Koval Lane","highway":"secondary","osm":"way/600024730"},"geometry":{"type":"LineString","coordinates":[[-115.16415,36.11936],[-115.16415,36.11909]]}},{"type":"Feature","properties":{"name":"Koval Lane","highway":"secondary","osm":"way/600024737"},"geometry":{"type":"LineString","coordinates":[[-115.16416,36.1201],[-115.16416,36.12]]}},{"type":"Feature","properties":{"name":"East Charleston Boulevard","highway":"primary","osm":"way/600051342"},"geometry":{"type":"LineString","coordinates":[[-115.15222,36.1589],[-115.15357,36.15891]]}},{"type":"Feature","properties":{"name":"Hoover Avenue","highway":"unclassified","osm":"way/600060667"},"geometry":{"type":"LineString","coordinates":[[-115.1479,36.16041],[-115.15011,36.16136]]}},{"type":"Feature","properties":{"name":"South Casino Center Boulevard","highway":"secondary","osm":"way/600060677"},"geometry":{"type":"LineString","coordinates":[[-115.15011,36.16136],[-115.14962,36.16212]]}},{"type":"Feature","properties":{"name":"Hoover Avenue","highway":"unclassified","osm":"way/600060701"},"geometry":{"type":"LineString","coordinates":[[-115.15011,36.16136],[-115.15025,36.16142]]}},{"type":"Feature","properties":{"name":"South Casino Center Boulevard","highway":"secondary","osm":"way/600060710"},"geometry":{"type":"LineString","coordinates":[[-115.15042,36.16117],[-115.15101,36.16026]]}},{"type":"Feature","properties":{"name":"North Las Vegas Boulevard","highway":"primary","osm":"way/600064691"},"geometry":{"type":"LineString","coordinates":[[-115.1405,36.16939],[-115.13985,36.17038]]}},{"type":"Feature","properties":{"name":"Bridger Avenue","highway":"tertiary","osm":"way/600069603"},"geometry":{"type":"LineString","coordinates":[[-115.14554,36.16836],[-115.14444,36.16788]]}},{"type":"Feature","properties":{"name":"South Casino Center Boulevard","highway":"secondary","osm":"way/600069606"},"geometry":{"type":"LineString","coordinates":[[-115.14549,36.16846],[-115.14488,36.16942]]}},{"type":"Feature","properties":{"name":"Bridger Avenue","highway":"tertiary","osm":"way/600069609"},"geometry":{"type":"LineString","coordinates":[[-115.14562,36.16839],[-115.14554,36.16836]]}},{"type":"Feature","properties":{"name":"Bridger Avenue","highway":"tertiary","osm":"way/600069612"},"geometry":{"type":"LineString","coordinates":[[-115.14568,36.16842],[-115.14562,36.16839]]}},{"type":"Feature","properties":{"name":"South Casino Center Boulevard","highway":"secondary","osm":"way/600069615"},"geometry":{"type":"LineString","coordinates":[[-115.14513,36.16926],[-115.14544,36.16879]]}},{"type":"Feature","properties":{"name":"East Colorado Avenue","highway":"tertiary","osm":"way/600072508"},"geometry":{"type":"LineString","coordinates":[[-115.15077,36.1559],[-115.1512,36.15599]]}},{"type":"Feature","properties":{"name":"Garces Avenue","highway":"tertiary","osm":"way/600075999"},"geometry":{"type":"LineString","coordinates":[[-115.14858,36.1637],[-115.14637,36.16275]]}},{"type":"Feature","properties":{"name":"South Casino Center Boulevard","highway":"secondary","osm":"way/600076000"},"geometry":{"type":"LineString","coordinates":[[-115.14858,36.1637],[-115.14781,36.16489]]}},{"type":"Feature","properties":{"name":"South Casino Center Boulevard","highway":"secondary","osm":"way/600081396"},"geometry":{"type":"LineString","coordinates":[[-115.14915,36.16283],[-115.14858,36.1637]]}},{"type":"Feature","properties":{"name":"Gass Avenue","highway":"tertiary","osm":"way/600081397"},"geometry":{"type":"LineString","coordinates":[[-115.14949,36.16259],[-115.14935,36.16253]]}},{"type":"Feature","properties":{"name":"South Casino Center Boulevard","highway":"secondary","osm":"way/600081398"},"geometry":{"type":"LineString","coordinates":[[-115.14949,36.16259],[-115.15025,36.16142]]}},{"type":"Feature","properties":{"name":"Stewart Avenue","highway":"primary","osm":"way/600096662"},"geometry":{"type":"LineString","coordinates":[[-115.13921,36.1716],[-115.13909,36.17155]]}},{"type":"Feature","properties":{"name":"North Las Vegas Boulevard","highway":"primary","osm":"way/600096663"},"geometry":{"type":"LineString","coordinates":[[-115.13919,36.1714],[-115.13909,36.17155]]}},{"type":"Feature","properties":{"name":"Gass Avenue","highway":"tertiary","osm":"way/600159272"},"geometry":{"type":"LineString","coordinates":[[-115.14316,36.15987],[-115.14095,36.15891]]}},{"type":"Feature","properties":{"name":"North Las Vegas Boulevard","highway":"primary","osm":"way/600169151"},"geometry":{"type":"LineString","coordinates":[[-115.13985,36.17059],[-115.13996,36.17043]]}},{"type":"Feature","properties":{"name":"West Owens Avenue","highway":"secondary","osm":"way/600178952"},"geometry":{"type":"LineString","coordinates":[[-115.15632,36.18837],[-115.15533,36.18842]]}},{"type":"Feature","properties":{"name":"Grand Central Parkway","highway":"secondary","osm":"way/600227250"},"geometry":{"type":"LineString","coordinates":[[-115.15861,36.15908],[-115.15849,36.15984]]}},{"type":"Feature","properties":{"name":"Dean Martin Drive","highway":"secondary","osm":"way/600279610"},"geometry":{"type":"LineString","coordinates":[[-115.18349,36.11363],[-115.18346,36.11355]]}},{"type":"Feature","properties":{"name":"Dean Martin Drive","highway":"secondary","osm":"way/600279613"},"geometry":{"type":"LineString","coordinates":[[-115.18124,36.11055],[-115.18121,36.10886]]}},{"type":"Feature","properties":{"name":"West Bonanza Road","highway":"secondary","osm":"way/600516066"},"geometry":{"type":"LineString","coordinates":[[-115.14934,36.17723],[-115.15119,36.17718]]}},{"type":"Feature","properties":{"name":"Paradise Road","highway":"primary","osm":"way/600516292"},"geometry":{"type":"LineString","coordinates":[[-115.15482,36.12682],[-115.1548,36.12834]]}},{"type":"Feature","properties":{"name":"Sierra Vista Drive","highway":"unclassified","osm":"way/600516293"},"geometry":{"type":"LineString","coordinates":[[-115.15372,36.12683],[-115.15482,36.12682]]}},{"type":"Feature","properties":{"name":"Paradise Road","highway":"primary","osm":"way/600516294"},"geometry":{"type":"LineString","coordinates":[[-115.15482,36.12592],[-115.15482,36.12682]]}},{"type":"Feature","properties":{"name":"Paradise Road","highway":"primary","osm":"way/600516295"},"geometry":{"type":"LineString","coordinates":[[-115.15485,36.1229],[-115.15485,36.12296]]}},{"type":"Feature","properties":{"name":"University Center Drive","highway":"secondary","osm":"way/600516714"},"geometry":{"type":"LineString","coordinates":[[-115.14605,36.1269],[-115.14605,36.12697]]}},{"type":"Feature","properties":{"name":"Cambridge Street","highway":"tertiary","osm":"way/600516834"},"geometry":{"type":"LineString","coordinates":[[-115.14177,36.1224],[-115.14178,36.12217]]}},{"type":"Feature","properties":{"name":"East Twain Avenue","highway":"secondary","osm":"way/600516835"},"geometry":{"type":"LineString","coordinates":[[-115.14562,36.1219],[-115.1424,36.12218]]}},{"type":"Feature","properties":{"name":"Paradise Road","highway":"primary","osm":"way/600516992"},"geometry":{"type":"LineString","coordinates":[[-115.15483,36.12516],[-115.15482,36.12573]]}},{"type":"Feature","properties":{"name":"Edison Circle","highway":"residential","osm":"way/600516993"},"geometry":{"type":"LineString","coordinates":[[-115.15485,36.12494],[-115.15218,36.12496]]}},{"type":"Feature","properties":{"name":"Paradise Road","highway":"primary","osm":"way/600516994"},"geometry":{"type":"LineString","coordinates":[[-115.15485,36.12494],[-115.15483,36.12516]]}},{"type":"Feature","properties":{"name":"Paradise Road","highway":"primary","osm":"way/600516995"},"geometry":{"type":"LineString","coordinates":[[-115.15485,36.12427],[-115.15485,36.12494]]}},{"type":"Feature","properties":{"name":"North Main Street","highway":"secondary","osm":"way/600517701"},"geometry":{"type":"LineString","coordinates":[[-115.14416,36.17519],[-115.1447,36.17436]]}},{"type":"Feature","properties":{"name":"East Twain Avenue","highway":"secondary","osm":"way/600518919"},"geometry":{"type":"LineString","coordinates":[[-115.14997,36.12123],[-115.14762,36.12132]]}},{"type":"Feature","properties":{"name":"Audrie Street","highway":"unclassified","osm":"way/600519164"},"geometry":{"type":"LineString","coordinates":[[-115.1676,36.10809],[-115.1676,36.10795]]}},{"type":"Feature","properties":{"name":"Audrie Street","highway":"unclassified","osm":"way/600519165"},"geometry":{"type":"LineString","coordinates":[[-115.1676,36.10679],[-115.16759,36.10527]]}},{"type":"Feature","properties":{"name":"East Harmon Avenue","highway":"secondary","osm":"way/600519166"},"geometry":{"type":"LineString","coordinates":[[-115.16785,36.10795],[-115.1676,36.10795]]}},{"type":"Feature","properties":{"name":"Joe W. Brown Drive","highway":"tertiary","osm":"way/600520385"},"geometry":{"type":"LineString","coordinates":[[-115.14591,36.12984],[-115.14594,36.13021]]}},{"type":"Feature","properties":{"name":"Koval Lane","highway":"secondary","osm":"way/600520431"},"geometry":{"type":"LineString","coordinates":[[-115.16398,36.1173],[-115.164,36.11921]]}},{"type":"Feature","properties":{"name":"Winnick Avenue","highway":"unclassified","osm":"way/600520434"},"geometry":{"type":"LineString","coordinates":[[-115.16412,36.11731],[-115.16398,36.1173]]}},{"type":"Feature","properties":{"name":"Koval Lane","highway":"secondary","osm":"way/600520438"},"geometry":{"type":"LineString","coordinates":[[-115.16411,36.11678],[-115.1641,36.11576]]}},{"type":"Feature","properties":{"name":"Convention Center Drive","highway":"unclassified","osm":"way/600524378"},"geometry":{"type":"LineString","coordinates":[[-115.15362,36.13209],[-115.15425,36.13223]]}},{"type":"Feature","properties":{"name":"Spring Mountain Road","highway":"secondary","osm":"way/600528785"},"geometry":{"type":"LineString","coordinates":[[-115.18127,36.12615],[-115.18106,36.12615]]}},{"type":"Feature","properties":{"name":"Spring Mountain Road","highway":"primary","osm":"way/600528788"},"geometry":{"type":"LineString","coordinates":[[-115.17921,36.12626],[-115.18102,36.12632]]}},{"type":"Feature","properties":{"name":"South Eastern Avenue","highway":"primary","osm":"way/600532469"},"geometry":{"type":"LineString","coordinates":[[-115.1187,36.15924],[-115.11844,36.15962]]}},{"type":"Feature","properties":{"name":"East Twain Avenue","highway":"secondary","osm":"way/600543482"},"geometry":{"type":"LineString","coordinates":[[-115.1542,36.12125],[-115.15112,36.12124]]}},{"type":"Feature","properties":{"name":"West Washington Avenue","highway":"primary","osm":"way/600657681"},"geometry":{"type":"LineString","coordinates":[[-115.15988,36.18091],[-115.16079,36.18091]]}},{"type":"Feature","properties":{"name":"West Washington Avenue","highway":"primary","osm":"way/600657682"},"geometry":{"type":"LineString","coordinates":[[-115.16079,36.18081],[-115.15987,36.18081]]}},{"type":"Feature","properties":{"name":"East Bonanza Road","highway":"secondary","osm":"way/600692722"},"geometry":{"type":"LineString","coordinates":[[-115.12994,36.17408],[-115.1305,36.17408]]}},{"type":"Feature","properties":{"name":"East Bonanza Road","highway":"secondary","osm":"way/600692723"},"geometry":{"type":"LineString","coordinates":[[-115.13125,36.17398],[-115.13067,36.17398]]}},{"type":"Feature","properties":{"name":"East Bonanza Road","highway":"secondary","osm":"way/600693408"},"geometry":{"type":"LineString","coordinates":[[-115.13067,36.17398],[-115.1305,36.17398]]}},{"type":"Feature","properties":{"name":"East Bonanza Road","highway":"secondary","osm":"way/600694153"},"geometry":{"type":"LineString","coordinates":[[-115.1305,36.17398],[-115.12969,36.17398]]}},{"type":"Feature","properties":{"name":"North Maryland Parkway","highway":"secondary","osm":"way/600694158"},"geometry":{"type":"LineString","coordinates":[[-115.13066,36.17408],[-115.13067,36.17398]]}},{"type":"Feature","properties":{"name":"East Bonanza Road","highway":"secondary","osm":"way/600694164"},"geometry":{"type":"LineString","coordinates":[[-115.13066,36.17408],[-115.13125,36.17408]]}},{"type":"Feature","properties":{"name":"North Maryland Parkway","highway":"secondary","osm":"way/600694169"},"geometry":{"type":"LineString","coordinates":[[-115.12614,36.17812],[-115.1254,36.17845]]}},{"type":"Feature","properties":{"name":"East Bonanza Road","highway":"secondary","osm":"way/600694176"},"geometry":{"type":"LineString","coordinates":[[-115.1305,36.17408],[-115.13066,36.17408]]}},{"type":"Feature","properties":{"name":"West Ogden Avenue","highway":"secondary","osm":"way/600708005"},"geometry":{"type":"LineString","coordinates":[[-115.14633,36.17322],[-115.14727,36.17363]]}},{"type":"Feature","properties":{"name":"West Ogden Avenue","highway":"secondary","osm":"way/600708010"},"geometry":{"type":"LineString","coordinates":[[-115.14624,36.17314],[-115.14633,36.17322]]}},{"type":"Feature","properties":{"name":"West Ogden Avenue","highway":"secondary","osm":"way/600708015"},"geometry":{"type":"LineString","coordinates":[[-115.14638,36.17315],[-115.14624,36.17314]]}},{"type":"Feature","properties":{"name":"Grand Central Parkway","highway":"secondary","osm":"way/600708019"},"geometry":{"type":"LineString","coordinates":[[-115.15123,36.17215],[-115.15072,36.17254]]}},{"type":"Feature","properties":{"name":"East Tropicana Avenue","highway":"primary","osm":"way/600711068"},"geometry":{"type":"LineString","coordinates":[[-115.13684,36.10089],[-115.13291,36.10089]]}},{"type":"Feature","properties":{"name":"Grand Central Parkway","highway":"secondary","osm":"way/600711509"},"geometry":{"type":"LineString","coordinates":[[-115.15817,36.16139],[-115.15864,36.16044]]}},{"type":"Feature","properties":{"name":"Grand Central Parkway","highway":"secondary","osm":"way/600711510"},"geometry":{"type":"LineString","coordinates":[[-115.15835,36.16044],[-115.15832,36.16054]]}},{"type":"Feature","properties":{"name":"North City Parkway","highway":"secondary","osm":"way/600712591"},"geometry":{"type":"LineString","coordinates":[[-115.14925,36.174],[-115.14934,36.17723]]}},{"type":"Feature","properties":{"name":"West Ogden Avenue","highway":"secondary","osm":"way/600712598"},"geometry":{"type":"LineString","coordinates":[[-115.14858,36.17364],[-115.14913,36.17351]]}},{"type":"Feature","properties":{"name":"East Tropicana Avenue","highway":"primary","osm":"way/600714837"},"geometry":{"type":"LineString","coordinates":[[-115.14481,36.10094],[-115.14184,36.10095]]}},{"type":"Feature","properties":{"name":"Wilbur Street","highway":"tertiary","osm":"way/600714838"},"geometry":{"type":"LineString","coordinates":[[-115.14142,36.10095],[-115.14137,36.09364]]}},{"type":"Feature","properties":{"name":"Albert Avenue","highway":"unclassified","osm":"way/600721308"},"geometry":{"type":"LineString","coordinates":[[-115.16791,36.11634],[-115.1641,36.11626]]}},{"type":"Feature","properties":{"name":"Hughes Center Drive","highway":"unclassified","osm":"way/600721311"},"geometry":{"type":"LineString","coordinates":[[-115.15821,36.1157],[-115.1586,36.11603]]}},{"type":"Feature","properties":{"name":"Palos Verdes Street","highway":"residential","osm":"way/600721312"},"geometry":{"type":"LineString","coordinates":[[-115.15056,36.12093],[-115.15057,36.11985]]}},{"type":"Feature","properties":{"name":"Cambridge Street","highway":"tertiary","osm":"way/600721313"},"geometry":{"type":"LineString","coordinates":[[-115.14178,36.12217],[-115.14182,36.12112]]}},{"type":"Feature","properties":{"name":null,"highway":"primary_link","osm":"way/600721317"},"geometry":{"type":"LineString","coordinates":[[-115.16981,36.11456],[-115.16933,36.1147]]}},{"type":"Feature","properties":{"name":null,"highway":"primary_link","osm":"way/600721318"},"geometry":{"type":"LineString","coordinates":[[-115.16986,36.11471],[-115.17034,36.11457]]}},{"type":"Feature","properties":{"name":"Center Strip Drive","highway":"unclassified","osm":"way/600721319"},"geometry":{"type":"LineString","coordinates":[[-115.17125,36.1137],[-115.17279,36.1137]]}},{"type":"Feature","properties":{"name":"University Center Drive","highway":"secondary","osm":"way/600721320"},"geometry":{"type":"LineString","coordinates":[[-115.14637,36.11546],[-115.14619,36.12114]]}},{"type":"Feature","properties":{"name":"Koval Lane","highway":"secondary","osm":"way/600773744"},"geometry":{"type":"LineString","coordinates":[[-115.16394,36.10128],[-115.16394,36.101]]}},{"type":"Feature","properties":{"name":"Koval Lane","highway":"secondary","osm":"way/600773745"},"geometry":{"type":"LineString","coordinates":[[-115.16396,36.10198],[-115.16394,36.10128]]}},{"type":"Feature","properties":{"name":"Koval Lane","highway":"secondary","osm":"way/600773746"},"geometry":{"type":"LineString","coordinates":[[-115.16399,36.10288],[-115.16396,36.10198]]}},{"type":"Feature","properties":{"name":"Koval Lane","highway":"secondary","osm":"way/600773747"},"geometry":{"type":"LineString","coordinates":[[-115.16399,36.10302],[-115.16399,36.10288]]}},{"type":"Feature","properties":{"name":"Koval Lane","highway":"secondary","osm":"way/600773748"},"geometry":{"type":"LineString","coordinates":[[-115.16399,36.10342],[-115.16399,36.10302]]}},{"type":"Feature","properties":{"name":"Koval Lane","highway":"secondary","osm":"way/600773749"},"geometry":{"type":"LineString","coordinates":[[-115.16396,36.10421],[-115.16399,36.10342]]}},{"type":"Feature","properties":{"name":"Koval Lane","highway":"secondary","osm":"way/600773750"},"geometry":{"type":"LineString","coordinates":[[-115.16384,36.10422],[-115.16389,36.10437]]}},{"type":"Feature","properties":{"name":"Koval Lane","highway":"secondary","osm":"way/600773751"},"geometry":{"type":"LineString","coordinates":[[-115.16394,36.10078],[-115.16394,36.10049]]}},{"type":"Feature","properties":{"name":"Cambridge Street","highway":"tertiary","osm":"way/600776289"},"geometry":{"type":"LineString","coordinates":[[-115.14186,36.12026],[-115.14186,36.12035]]}},{"type":"Feature","properties":{"name":"Cambridge Street","highway":"tertiary","osm":"way/600776290"},"geometry":{"type":"LineString","coordinates":[[-115.14182,36.12112],[-115.14186,36.12035]]}},{"type":"Feature","properties":{"name":"Cambridge Street","highway":"tertiary","osm":"way/600776291"},"geometry":{"type":"LineString","coordinates":[[-115.14226,36.11471],[-115.14203,36.1153],[-115.14184,36.11967]]}},{"type":"Feature","properties":{"name":"Dean Martin Drive","highway":"tertiary","osm":"way/601491616"},"geometry":{"type":"LineString","coordinates":[[-115.18293,36.10018],[-115.18295,36.10029]]}},{"type":"Feature","properties":{"name":"Dean Martin Drive","highway":"tertiary","osm":"way/601491618"},"geometry":{"type":"LineString","coordinates":[[-115.18312,36.10135],[-115.18338,36.10096]]}},{"type":"Feature","properties":{"name":"Dean Martin Drive","highway":"tertiary","osm":"way/601493879"},"geometry":{"type":"LineString","coordinates":[[-115.18312,36.10034],[-115.18305,36.10025]]}},{"type":"Feature","properties":{"name":"Dean Martin Drive","highway":"tertiary","osm":"way/601493880"},"geometry":{"type":"LineString","coordinates":[[-115.18305,36.10025],[-115.18293,36.10018]]}},{"type":"Feature","properties":{"name":"West Tropicana Avenue","highway":"primary","osm":"way/601493881"},"geometry":{"type":"LineString","coordinates":[[-115.18335,36.10062],[-115.18272,36.10062]]}},{"type":"Feature","properties":{"name":"Dean Martin Drive","highway":"tertiary","osm":"way/601493882"},"geometry":{"type":"LineString","coordinates":[[-115.18335,36.10062],[-115.18312,36.10034]]}},{"type":"Feature","properties":{"name":"West Tropicana Avenue","highway":"primary","osm":"way/601493883"},"geometry":{"type":"LineString","coordinates":[[-115.18376,36.10083],[-115.18499,36.10092]]}},{"type":"Feature","properties":{"name":"South Main Street","highway":"primary","osm":"way/601617913"},"geometry":{"type":"LineString","coordinates":[[-115.15,36.16602],[-115.14968,36.16651]]}},{"type":"Feature","properties":{"name":"South Main Street","highway":"primary","osm":"way/601618367"},"geometry":{"type":"LineString","coordinates":[[-115.14996,36.16629],[-115.15012,36.16604]]}},{"type":"Feature","properties":{"name":"Fremont Street","highway":"primary","osm":"way/601629488"},"geometry":{"type":"LineString","coordinates":[[-115.13155,36.16531],[-115.13139,36.16521]]}},{"type":"Feature","properties":{"name":"Fremont Street","highway":"primary","osm":"way/601629489"},"geometry":{"type":"LineString","coordinates":[[-115.13086,36.16502],[-115.13121,36.1652]]}},{"type":"Feature","properties":{"name":"Fremont Street","highway":"primary","osm":"way/601629490"},"geometry":{"type":"LineString","coordinates":[[-115.13727,36.16778],[-115.13296,36.16592]]}},{"type":"Feature","properties":{"name":"Fremont Street","highway":"primary","osm":"way/601630884"},"geometry":{"type":"LineString","coordinates":[[-115.13189,36.16546],[-115.13155,36.16531]]}},{"type":"Feature","properties":{"name":"Fremont Street","highway":"primary","osm":"way/601630885"},"geometry":{"type":"LineString","coordinates":[[-115.13139,36.16521],[-115.13086,36.16502]]}},{"type":"Feature","properties":{"name":"South 13th Street","highway":"secondary","osm":"way/601630886"},"geometry":{"type":"LineString","coordinates":[[-115.13381,36.16184],[-115.13245,36.16392]]}},{"type":"Feature","properties":{"name":"East Harmon Avenue","highway":"unclassified","osm":"way/601632569"},"geometry":{"type":"LineString","coordinates":[[-115.14858,36.10788],[-115.14189,36.10778]]}},{"type":"Feature","properties":{"name":"South Las Vegas Boulevard","highway":"primary","osm":"way/601644233"},"geometry":{"type":"LineString","coordinates":[[-115.16947,36.12541],[-115.16967,36.12509]]}},{"type":"Feature","properties":{"name":"Spring Mountain Road","highway":"primary","osm":"way/601644235"},"geometry":{"type":"LineString","coordinates":[[-115.17104,36.12546],[-115.17047,36.12545]]}},{"type":"Feature","properties":{"name":"South Las Vegas Boulevard","highway":"primary","osm":"way/601644236"},"geometry":{"type":"LineString","coordinates":[[-115.16792,36.12771],[-115.16868,36.12659]]}},{"type":"Feature","properties":{"name":"South Las Vegas Boulevard","highway":"primary","osm":"way/601644237"},"geometry":{"type":"LineString","coordinates":[[-115.16899,36.12577],[-115.16821,36.12695]]}},{"type":"Feature","properties":{"name":"South Las Vegas Boulevard","highway":"primary","osm":"way/601644238"},"geometry":{"type":"LineString","coordinates":[[-115.16915,36.12553],[-115.16899,36.12577]]}},{"type":"Feature","properties":{"name":"Sands Avenue","highway":"secondary","osm":"way/601644239"},"geometry":{"type":"LineString","coordinates":[[-115.16416,36.12247],[-115.16523,36.12258],[-115.166,36.12307]]}},{"type":"Feature","properties":{"name":null,"highway":"secondary_link","osm":"way/601644242"},"geometry":{"type":"LineString","coordinates":[[-115.166,36.12307],[-115.16638,36.12338]]}},{"type":"Feature","properties":{"name":null,"highway":"secondary_link","osm":"way/601644244"},"geometry":{"type":"LineString","coordinates":[[-115.16479,36.12249],[-115.16539,36.12249]]}},{"type":"Feature","properties":{"name":null,"highway":"secondary_link","osm":"way/601644245"},"geometry":{"type":"LineString","coordinates":[[-115.15828,36.12213],[-115.15953,36.12221]]}},{"type":"Feature","properties":{"name":"East Twain Avenue","highway":"secondary","osm":"way/601644246"},"geometry":{"type":"LineString","coordinates":[[-115.15493,36.12125],[-115.1542,36.12125]]}},{"type":"Feature","properties":{"name":"Koval Lane","highway":"secondary","osm":"way/601645711"},"geometry":{"type":"LineString","coordinates":[[-115.16416,36.1223],[-115.16416,36.1201]]}},{"type":"Feature","properties":{"name":"Sands Avenue","highway":"secondary","osm":"way/601645715"},"geometry":{"type":"LineString","coordinates":[[-115.16416,36.1223],[-115.16404,36.12229]]}},{"type":"Feature","properties":{"name":"Koval Lane","highway":"secondary","osm":"way/601645718"},"geometry":{"type":"LineString","coordinates":[[-115.16404,36.12229],[-115.16404,36.12247]]}},{"type":"Feature","properties":{"name":"Sands Avenue","highway":"secondary","osm":"way/601645722"},"geometry":{"type":"LineString","coordinates":[[-115.16404,36.12229],[-115.16369,36.12229]]}},{"type":"Feature","properties":{"name":"Sands Avenue","highway":"secondary","osm":"way/601645725"},"geometry":{"type":"LineString","coordinates":[[-115.16404,36.12247],[-115.16416,36.12247]]}},{"type":"Feature","properties":{"name":"Paradise Road","highway":"primary","osm":"way/601646495"},"geometry":{"type":"LineString","coordinates":[[-115.15496,36.12836],[-115.15502,36.12743]]}},{"type":"Feature","properties":{"name":"West Desert Inn Road","highway":"tertiary","osm":"way/601647724"},"geometry":{"type":"LineString","coordinates":[[-115.17596,36.12975],[-115.17694,36.12984]]}},{"type":"Feature","properties":{"name":"Fashion Show Drive","highway":"tertiary","osm":"way/601647726"},"geometry":{"type":"LineString","coordinates":[[-115.17461,36.12939],[-115.17447,36.1293]]}},{"type":"Feature","properties":{"name":"Fashion Show Drive","highway":"tertiary","osm":"way/601647727"},"geometry":{"type":"LineString","coordinates":[[-115.17355,36.12899],[-115.17438,36.12942]]}},{"type":"Feature","properties":{"name":"Sammy Davis Junior Drive","highway":"secondary","osm":"way/601647728"},"geometry":{"type":"LineString","coordinates":[[-115.17452,36.12951],[-115.17461,36.12939]]}},{"type":"Feature","properties":{"name":"Paradise Road","highway":"primary","osm":"way/601647874"},"geometry":{"type":"LineString","coordinates":[[-115.15474,36.13083],[-115.15473,36.13157]]}},{"type":"Feature","properties":{"name":"Paradise Road","highway":"primary","osm":"way/601647875"},"geometry":{"type":"LineString","coordinates":[[-115.15476,36.1296],[-115.15474,36.13083]]}},{"type":"Feature","properties":{"name":"Paradise Road","highway":"primary","osm":"way/601647876"},"geometry":{"type":"LineString","coordinates":[[-115.15476,36.12945],[-115.15476,36.1296]]}},{"type":"Feature","properties":{"name":"Paradise Road","highway":"primary","osm":"way/601647877"},"geometry":{"type":"LineString","coordinates":[[-115.15478,36.12879],[-115.15476,36.12945]]}},{"type":"Feature","properties":{"name":null,"highway":"primary_link","osm":"way/601653534"},"geometry":{"type":"LineString","coordinates":[[-115.1549,36.13445],[-115.1547,36.13445]]}},{"type":"Feature","properties":{"name":"East Desert Inn Road","highway":"primary","osm":"way/601654368"},"geometry":{"type":"LineString","coordinates":[[-115.15476,36.1296],[-115.15493,36.12961]]}},{"type":"Feature","properties":{"name":"East Desert Inn Road","highway":"primary","osm":"way/601654369"},"geometry":{"type":"LineString","coordinates":[[-115.15476,36.12945],[-115.15458,36.12945]]}},{"type":"Feature","properties":{"name":"Spring Mountain Road","highway":"primary","osm":"way/601654900"},"geometry":{"type":"LineString","coordinates":[[-115.17324,36.1255],[-115.17307,36.1255]]}},{"type":"Feature","properties":{"name":"Mel Tormé Way","highway":"unclassified","osm":"way/601654901"},"geometry":{"type":"LineString","coordinates":[[-115.17323,36.12501],[-115.17325,36.12454]]}},{"type":"Feature","properties":{"name":"Mel Tormé Way","highway":"secondary","osm":"way/601654902"},"geometry":{"type":"LineString","coordinates":[[-115.17329,36.12566],[-115.17324,36.1255]]}},{"type":"Feature","properties":{"name":"Mel Tormé Way","highway":"secondary","osm":"way/601654903"},"geometry":{"type":"LineString","coordinates":[[-115.17307,36.1255],[-115.17312,36.12565]]}},{"type":"Feature","properties":{"name":"Mel Tormé Way","highway":"unclassified","osm":"way/601654904"},"geometry":{"type":"LineString","coordinates":[[-115.17308,36.12454],[-115.17307,36.12519]]}},{"type":"Feature","properties":{"name":"Mel Tormé Way","highway":"secondary","osm":"way/601654905"},"geometry":{"type":"LineString","coordinates":[[-115.17645,36.12652],[-115.17627,36.12648]]}},{"type":"Feature","properties":{"name":"Sammy Davis Junior Drive","highway":"secondary","osm":"way/601654906"},"geometry":{"type":"LineString","coordinates":[[-115.17672,36.12595],[-115.17627,36.12648]]}},{"type":"Feature","properties":{"name":"Sammy Davis Junior Drive","highway":"secondary","osm":"way/601654907"},"geometry":{"type":"LineString","coordinates":[[-115.17627,36.12648],[-115.17621,36.12659]]}},{"type":"Feature","properties":{"name":"Sammy Davis Junior Drive","highway":"secondary","osm":"way/601654909"},"geometry":{"type":"LineString","coordinates":[[-115.17645,36.12652],[-115.17651,36.12645]]}},{"type":"Feature","properties":{"name":"Sammy Davis Junior Drive","highway":"secondary","osm":"way/601654912"},"geometry":{"type":"LineString","coordinates":[[-115.17637,36.12663],[-115.17645,36.12652]]}},{"type":"Feature","properties":{"name":null,"highway":"secondary_link","osm":"way/601654914"},"geometry":{"type":"LineString","coordinates":[[-115.17392,36.13044],[-115.17392,36.13013]]}},{"type":"Feature","properties":{"name":"Sammy Davis Junior Drive","highway":"secondary","osm":"way/601654917"},"geometry":{"type":"LineString","coordinates":[[-115.17392,36.13044],[-115.1742,36.13003]]}},{"type":"Feature","properties":{"name":"Sammy Davis Junior Drive","highway":"secondary","osm":"way/601654920"},"geometry":{"type":"LineString","coordinates":[[-115.17621,36.12659],[-115.17572,36.1274]]}},{"type":"Feature","properties":{"name":"Paradise Road","highway":"primary","osm":"way/601655547"},"geometry":{"type":"LineString","coordinates":[[-115.15506,36.12183],[-115.15506,36.12125]]}},{"type":"Feature","properties":{"name":"Paradise Road","highway":"primary","osm":"way/601655548"},"geometry":{"type":"LineString","coordinates":[[-115.15493,36.12125],[-115.15492,36.12183]]}},{"type":"Feature","properties":{"name":"Paradise Road","highway":"primary","osm":"way/601655549"},"geometry":{"type":"LineString","coordinates":[[-115.15494,36.12041],[-115.15493,36.12125]]}},{"type":"Feature","properties":{"name":"East Twain Avenue","highway":"secondary","osm":"way/601655925"},"geometry":{"type":"LineString","coordinates":[[-115.15499,36.12125],[-115.15493,36.12125]]}},{"type":"Feature","properties":{"name":"Sands Avenue","highway":"secondary","osm":"way/601655928"},"geometry":{"type":"LineString","coordinates":[[-115.15506,36.12125],[-115.15626,36.12145]]}},{"type":"Feature","properties":{"name":"Sands Avenue","highway":"secondary","osm":"way/601655931"},"geometry":{"type":"LineString","coordinates":[[-115.15506,36.12125],[-115.15499,36.12125]]}},{"type":"Feature","properties":{"name":"Paradise Road","highway":"primary","osm":"way/601655933"},"geometry":{"type":"LineString","coordinates":[[-115.15506,36.12125],[-115.15508,36.12039]]}},{"type":"Feature","properties":{"name":"Sammy Davis Junior Drive","highway":"secondary","osm":"way/601656249"},"geometry":{"type":"LineString","coordinates":[[-115.17447,36.1293],[-115.17438,36.12942]]}},{"type":"Feature","properties":{"name":"Fashion Show Drive","highway":"tertiary","osm":"way/601656250"},"geometry":{"type":"LineString","coordinates":[[-115.17356,36.12887],[-115.17302,36.12881]]}},{"type":"Feature","properties":{"name":"Sammy Davis Junior Drive","highway":"secondary","osm":"way/601656251"},"geometry":{"type":"LineString","coordinates":[[-115.17461,36.12939],[-115.17477,36.12916]]}},{"type":"Feature","properties":{"name":"Fashion Show Drive","highway":"tertiary","osm":"way/601656252"},"geometry":{"type":"LineString","coordinates":[[-115.17438,36.12942],[-115.17452,36.12951]]}},{"type":"Feature","properties":{"name":"Sammy Davis Junior Drive","highway":"secondary","osm":"way/601656253"},"geometry":{"type":"LineString","coordinates":[[-115.17392,36.13013],[-115.17327,36.13119]]}},{"type":"Feature","properties":{"name":null,"highway":"primary_link","osm":"way/601657153"},"geometry":{"type":"LineString","coordinates":[[-115.13698,36.09772],[-115.13681,36.09732]]}},{"type":"Feature","properties":{"name":null,"highway":"primary_link","osm":"way/601657156"},"geometry":{"type":"LineString","coordinates":[[-115.1374,36.10896],[-115.13758,36.10919]]}},{"type":"Feature","properties":{"name":null,"highway":"primary_link","osm":"way/601657158"},"geometry":{"type":"LineString","coordinates":[[-115.13753,36.11903],[-115.13765,36.1193]]}},{"type":"Feature","properties":{"name":null,"highway":"primary_link","osm":"way/601657159"},"geometry":{"type":"LineString","coordinates":[[-115.13772,36.11579],[-115.13786,36.11616]]}},{"type":"Feature","properties":{"name":null,"highway":"primary_link","osm":"way/601657160"},"geometry":{"type":"LineString","coordinates":[[-115.1378,36.11705],[-115.13766,36.11671]]}},{"type":"Feature","properties":{"name":null,"highway":"primary_link","osm":"way/601657161"},"geometry":{"type":"LineString","coordinates":[[-115.13771,36.11843],[-115.13757,36.11808]]}},{"type":"Feature","properties":{"name":null,"highway":"primary_link","osm":"way/601657162"},"geometry":{"type":"LineString","coordinates":[[-115.13741,36.12072],[-115.13755,36.12128]]}},{"type":"Feature","properties":{"name":"South Maryland Parkway","highway":"primary","osm":"way/601657163"},"geometry":{"type":"LineString","coordinates":[[-115.13743,36.12284],[-115.13744,36.12257]]}},{"type":"Feature","properties":{"name":"South Maryland Parkway","highway":"primary","osm":"way/601657164"},"geometry":{"type":"LineString","coordinates":[[-115.13761,36.12025],[-115.13776,36.11774]]}},{"type":"Feature","properties":{"name":"South Maryland Parkway","highway":"primary","osm":"way/601657165"},"geometry":{"type":"LineString","coordinates":[[-115.13776,36.11774],[-115.13777,36.11751]]}},{"type":"Feature","properties":{"name":"South Maryland Parkway","highway":"primary","osm":"way/601657166"},"geometry":{"type":"LineString","coordinates":[[-115.1378,36.11705],[-115.13792,36.1152]]}},{"type":"Feature","properties":{"name":"South Maryland Parkway","highway":"primary","osm":"way/601657167"},"geometry":{"type":"LineString","coordinates":[[-115.13795,36.1145],[-115.13793,36.11425]]}},{"type":"Feature","properties":{"name":"South Maryland Parkway","highway":"primary","osm":"way/601657168"},"geometry":{"type":"LineString","coordinates":[[-115.13715,36.10299],[-115.13711,36.10239]]}},{"type":"Feature","properties":{"name":"South Maryland Parkway","highway":"primary","osm":"way/601657169"},"geometry":{"type":"LineString","coordinates":[[-115.13699,36.09872],[-115.13698,36.09731]]}},{"type":"Feature","properties":{"name":"South Maryland Parkway","highway":"primary","osm":"way/601657170"},"geometry":{"type":"LineString","coordinates":[[-115.13697,36.09706],[-115.13697,36.09677]]}},{"type":"Feature","properties":{"name":"Convention Center Drive","highway":"unclassified","osm":"way/601657171"},"geometry":{"type":"LineString","coordinates":[[-115.15473,36.13222],[-115.15395,36.132]]}},{"type":"Feature","properties":{"name":"Paradise Road","highway":"primary","osm":"way/601657172"},"geometry":{"type":"LineString","coordinates":[[-115.15473,36.13222],[-115.15473,36.13234]]}},{"type":"Feature","properties":{"name":"Convention Center Drive","highway":"tertiary","osm":"way/601657173"},"geometry":{"type":"LineString","coordinates":[[-115.15473,36.13234],[-115.15492,36.13235]]}},{"type":"Feature","properties":{"name":"Paradise Road","highway":"primary","osm":"way/601657174"},"geometry":{"type":"LineString","coordinates":[[-115.15473,36.13234],[-115.15473,36.13612]]}},{"type":"Feature","properties":{"name":"Paradise Road","highway":"primary","osm":"way/601657178"},"geometry":{"type":"LineString","coordinates":[[-115.15492,36.13235],[-115.15492,36.13223]]}},{"type":"Feature","properties":{"name":"Sammy Davis Junior Drive","highway":"secondary","osm":"way/601657252"},"geometry":{"type":"LineString","coordinates":[[-115.17651,36.12645],[-115.17673,36.12612]]}},{"type":"Feature","properties":{"name":"Mel Tormé Way","highway":"secondary","osm":"way/601657253"},"geometry":{"type":"LineString","coordinates":[[-115.17621,36.12659],[-115.17637,36.12663]]}},{"type":"Feature","properties":{"name":"South Maryland Parkway","highway":"primary","osm":"way/601659145"},"geometry":{"type":"LineString","coordinates":[[-115.13776,36.11169],[-115.13773,36.11133]]}},{"type":"Feature","properties":{"name":"South Maryland Parkway","highway":"primary","osm":"way/601659148"},"geometry":{"type":"LineString","coordinates":[[-115.13779,36.1121],[-115.13776,36.11169]]}},{"type":"Feature","properties":{"name":"South Maryland Parkway","highway":"primary","osm":"way/601659152"},"geometry":{"type":"LineString","coordinates":[[-115.13759,36.11143],[-115.13764,36.11199]]}},{"type":"Feature","properties":{"name":"South Maryland Parkway","highway":"primary","osm":"way/601659155"},"geometry":{"type":"LineString","coordinates":[[-115.13764,36.11199],[-115.13776,36.11382]]}},{"type":"Feature","properties":{"name":"South Maryland Parkway","highway":"primary","osm":"way/601659161"},"geometry":{"type":"LineString","coordinates":[[-115.1376,36.10944],[-115.13752,36.10833]]}},{"type":"Feature","properties":{"name":"Del Mar Street","highway":"unclassified","osm":"way/601660510"},"geometry":{"type":"LineString","coordinates":[[-115.13718,36.10588],[-115.13612,36.10586]]}},{"type":"Feature","properties":{"name":"Paradise Road","highway":"primary","osm":"way/601661575"},"geometry":{"type":"LineString","coordinates":[[-115.15502,36.119],[-115.15502,36.11845]]}},{"type":"Feature","properties":{"name":"Paradise Road","highway":"primary","osm":"way/601661576"},"geometry":{"type":"LineString","coordinates":[[-115.15492,36.11769],[-115.15495,36.11833]]}},{"type":"Feature","properties":{"name":"Paradise Road","highway":"primary","osm":"way/601661577"},"geometry":{"type":"LineString","coordinates":[[-115.15503,36.12029],[-115.15502,36.119]]}},{"type":"Feature","properties":{"name":"Del Mar Street","highway":"unclassified","osm":"way/601661596"},"geometry":{"type":"LineString","coordinates":[[-115.13611,36.10601],[-115.13657,36.10601]]}},{"type":"Feature","properties":{"name":"Ascot Drive","highway":"unclassified","osm":"way/601661599"},"geometry":{"type":"LineString","coordinates":[[-115.13612,36.10586],[-115.13611,36.10601]]}},{"type":"Feature","properties":{"name":"Del Mar Street","highway":"unclassified","osm":"way/601661600"},"geometry":{"type":"LineString","coordinates":[[-115.13612,36.10586],[-115.13569,36.10581]]}},{"type":"Feature","properties":{"name":"Del Mar Street","highway":"unclassified","osm":"way/601661602"},"geometry":{"type":"LineString","coordinates":[[-115.13657,36.10601],[-115.1372,36.10603]]}},{"type":"Feature","properties":{"name":"Paradise Road","highway":"primary","osm":"way/601662520"},"geometry":{"type":"LineString","coordinates":[[-115.15495,36.11833],[-115.15502,36.11845]]}},{"type":"Feature","properties":{"name":"Corporate Drive","highway":"unclassified","osm":"way/601662528"},"geometry":{"type":"LineString","coordinates":[[-115.15449,36.11845],[-115.15404,36.11844]]}},{"type":"Feature","properties":{"name":"Paradise Road","highway":"primary","osm":"way/601662543"},"geometry":{"type":"LineString","coordinates":[[-115.15502,36.11845],[-115.15502,36.11768]]}},{"type":"Feature","properties":{"name":"Corporate Drive","highway":"tertiary","osm":"way/601662547"},"geometry":{"type":"LineString","coordinates":[[-115.15693,36.11842],[-115.15573,36.11842]]}},{"type":"Feature","properties":{"name":"Del Mar Street","highway":"residential","osm":"way/601662648"},"geometry":{"type":"LineString","coordinates":[[-115.13562,36.10579],[-115.13479,36.10481]]}},{"type":"Feature","properties":{"name":"Paradise Road","highway":"secondary","osm":"way/601665740"},"geometry":{"type":"LineString","coordinates":[[-115.15203,36.10792],[-115.15195,36.10804]]}},{"type":"Feature","properties":{"name":"Paradise Road","highway":"primary","osm":"way/601665743"},"geometry":{"type":"LineString","coordinates":[[-115.15228,36.10871],[-115.15207,36.10804]]}},{"type":"Feature","properties":{"name":"Koval Lane","highway":"secondary","osm":"way/601666018"},"geometry":{"type":"LineString","coordinates":[[-115.16403,36.10809],[-115.16403,36.10795]]}},{"type":"Feature","properties":{"name":"East Harmon Avenue","highway":"secondary","osm":"way/601666019"},"geometry":{"type":"LineString","coordinates":[[-115.16403,36.10795],[-115.1639,36.10797]]}},{"type":"Feature","properties":{"name":"Koval Lane","highway":"secondary","osm":"way/601666020"},"geometry":{"type":"LineString","coordinates":[[-115.16403,36.10795],[-115.16402,36.10749]]}},{"type":"Feature","properties":{"name":"East Harmon Avenue","highway":"secondary","osm":"way/601666021"},"geometry":{"type":"LineString","coordinates":[[-115.16389,36.10809],[-115.16403,36.10809]]}},{"type":"Feature","properties":{"name":"Koval Lane","highway":"secondary","osm":"way/601666022"},"geometry":{"type":"LineString","coordinates":[[-115.16394,36.10741],[-115.16389,36.10749]]}},{"type":"Feature","properties":{"name":"Koval Lane","highway":"secondary","osm":"way/601666023"},"geometry":{"type":"LineString","coordinates":[[-115.16397,36.11626],[-115.16398,36.11681]]}},{"type":"Feature","properties":{"name":"Koval Lane","highway":"secondary","osm":"way/601666024"},"geometry":{"type":"LineString","coordinates":[[-115.16412,36.11731],[-115.16411,36.11678]]}},{"type":"Feature","properties":{"name":"East Harmon Avenue","highway":"secondary","osm":"way/601668280"},"geometry":{"type":"LineString","coordinates":[[-115.15203,36.10792],[-115.15091,36.10791]]}},{"type":"Feature","properties":{"name":"Paradise Road","highway":"primary","osm":"way/601668284"},"geometry":{"type":"LineString","coordinates":[[-115.15207,36.10804],[-115.15203,36.10792]]}},{"type":"Feature","properties":{"name":"Paradise Road","highway":"secondary","osm":"way/601668286"},"geometry":{"type":"LineString","coordinates":[[-115.15195,36.10804],[-115.15206,36.1084]]}},{"type":"Feature","properties":{"name":"East Harmon Avenue","highway":"primary","osm":"way/601668289"},"geometry":{"type":"LineString","coordinates":[[-115.15195,36.10804],[-115.15207,36.10804]]}},{"type":"Feature","properties":{"name":"Paradise Road","highway":"primary","osm":"way/601668291"},"geometry":{"type":"LineString","coordinates":[[-115.15137,36.10572],[-115.15033,36.1024]]}},{"type":"Feature","properties":{"name":"Koval Lane","highway":"secondary","osm":"way/601671136"},"geometry":{"type":"LineString","coordinates":[[-115.16397,36.11459],[-115.16396,36.11536]]}},{"type":"Feature","properties":{"name":"East Flamingo Road","highway":"primary","osm":"way/601671143"},"geometry":{"type":"LineString","coordinates":[[-115.16397,36.11459],[-115.1641,36.11459]]}},{"type":"Feature","properties":{"name":"Koval Lane","highway":"secondary","osm":"way/601671148"},"geometry":{"type":"LineString","coordinates":[[-115.1641,36.11459],[-115.1641,36.11443]]}},{"type":"Feature","properties":{"name":"East Flamingo Road","highway":"primary","osm":"way/601671155"},"geometry":{"type":"LineString","coordinates":[[-115.1641,36.11459],[-115.16543,36.11459]]}},{"type":"Feature","properties":{"name":"East Flamingo Road","highway":"primary","osm":"way/601671159"},"geometry":{"type":"LineString","coordinates":[[-115.1641,36.11443],[-115.16397,36.11444]]}},{"type":"Feature","properties":{"name":"Koval Lane","highway":"secondary","osm":"way/601671165"},"geometry":{"type":"LineString","coordinates":[[-115.1641,36.11338],[-115.16408,36.11276]]}},{"type":"Feature","properties":{"name":"East Flamingo Road","highway":"primary","osm":"way/601671170"},"geometry":{"type":"LineString","coordinates":[[-115.16182,36.1144],[-115.16017,36.11435]]}},{"type":"Feature","properties":{"name":"Koval Lane","highway":"secondary","osm":"way/601671174"},"geometry":{"type":"LineString","coordinates":[[-115.16397,36.11444],[-115.16397,36.11459]]}},{"type":"Feature","properties":{"name":"East Flamingo Road","highway":"primary","osm":"way/601671178"},"geometry":{"type":"LineString","coordinates":[[-115.16397,36.11444],[-115.16248,36.11441]]}},{"type":"Feature","properties":{"name":"East Flamingo Road","highway":"primary","osm":"way/601672466"},"geometry":{"type":"LineString","coordinates":[[-115.14644,36.11477],[-115.14988,36.11482]]}},{"type":"Feature","properties":{"name":"South Maryland Parkway","highway":"primary","osm":"way/601672470"},"geometry":{"type":"LineString","coordinates":[[-115.13795,36.11466],[-115.13795,36.1145]]}},{"type":"Feature","properties":{"name":"East Flamingo Road","highway":"primary","osm":"way/601672473"},"geometry":{"type":"LineString","coordinates":[[-115.13795,36.1145],[-115.1378,36.1145]]}},{"type":"Feature","properties":{"name":"East Flamingo Road","highway":"primary","osm":"way/601672477"},"geometry":{"type":"LineString","coordinates":[[-115.13779,36.11466],[-115.13795,36.11466]]}},{"type":"Feature","properties":{"name":"South Maryland Parkway","highway":"primary","osm":"way/601672479"},"geometry":{"type":"LineString","coordinates":[[-115.13779,36.11466],[-115.13761,36.11751]]}},{"type":"Feature","properties":{"name":"East Flamingo Road","highway":"primary","osm":"way/601672483"},"geometry":{"type":"LineString","coordinates":[[-115.13843,36.11452],[-115.13795,36.1145]]}},{"type":"Feature","properties":{"name":"South Maryland Parkway","highway":"primary","osm":"way/601672487"},"geometry":{"type":"LineString","coordinates":[[-115.13793,36.11425],[-115.13779,36.1121]]}},{"type":"Feature","properties":{"name":"East Katie Avenue","highway":"tertiary","osm":"way/601673955"},"geometry":{"type":"LineString","coordinates":[[-115.14133,36.12025],[-115.13761,36.12025]]}},{"type":"Feature","properties":{"name":null,"highway":"secondary_link","osm":"way/601674925"},"geometry":{"type":"LineString","coordinates":[[-115.17985,36.1203],[-115.17961,36.12115]]}},{"type":"Feature","properties":{"name":"Frank Sinatra Drive","highway":"secondary","osm":"way/601675849"},"geometry":{"type":"LineString","coordinates":[[-115.17985,36.1203],[-115.18006,36.12068]]}},{"type":"Feature","properties":{"name":"Frank Sinatra Drive","highway":"secondary","osm":"way/601675851"},"geometry":{"type":"LineString","coordinates":[[-115.18003,36.11914],[-115.18005,36.11844]]}},{"type":"Feature","properties":{"name":"Jay Sarno Way","highway":"unclassified","osm":"way/601676943"},"geometry":{"type":"LineString","coordinates":[[-115.18006,36.11836],[-115.17992,36.11836]]}},{"type":"Feature","properties":{"name":"Jay Sarno Way","highway":"unclassified","osm":"way/601676944"},"geometry":{"type":"LineString","coordinates":[[-115.17381,36.11759],[-115.17431,36.1181]]}},{"type":"Feature","properties":{"name":"Frank Sinatra Drive","highway":"secondary","osm":"way/601677597"},"geometry":{"type":"LineString","coordinates":[[-115.18005,36.11844],[-115.18006,36.11836]]}},{"type":"Feature","properties":{"name":"Jay Sarno Way","highway":"unclassified","osm":"way/601677598"},"geometry":{"type":"LineString","coordinates":[[-115.17991,36.11844],[-115.18005,36.11844]]}},{"type":"Feature","properties":{"name":"Frank Sinatra Drive","highway":"secondary","osm":"way/601677599"},"geometry":{"type":"LineString","coordinates":[[-115.17991,36.11844],[-115.17985,36.11977]]}},{"type":"Feature","properties":{"name":"Frank Sinatra Drive","highway":"secondary","osm":"way/601677600"},"geometry":{"type":"LineString","coordinates":[[-115.17992,36.11836],[-115.17991,36.11844]]}},{"type":"Feature","properties":{"name":"Jay Sarno Way","highway":"unclassified","osm":"way/601677601"},"geometry":{"type":"LineString","coordinates":[[-115.17992,36.11836],[-115.1781,36.11829]]}},{"type":"Feature","properties":{"name":"Frank Sinatra Drive","highway":"secondary","osm":"way/601677602"},"geometry":{"type":"LineString","coordinates":[[-115.18004,36.10375],[-115.1797,36.10276]]}},{"type":"Feature","properties":{"name":"Howard Hughes Parkway","highway":"tertiary","osm":"way/601677973"},"geometry":{"type":"LineString","coordinates":[[-115.15729,36.11736],[-115.15693,36.11842]]}},{"type":"Feature","properties":{"name":"East Flamingo Road","highway":"primary","osm":"way/601677974"},"geometry":{"type":"LineString","coordinates":[[-115.15899,36.11445],[-115.15916,36.11445]]}},{"type":"Feature","properties":{"name":"Howard Hughes Parkway","highway":"tertiary","osm":"way/601677975"},"geometry":{"type":"LineString","coordinates":[[-115.15916,36.11445],[-115.15917,36.11433]]}},{"type":"Feature","properties":{"name":"East Flamingo Road","highway":"primary","osm":"way/601677976"},"geometry":{"type":"LineString","coordinates":[[-115.15916,36.11445],[-115.16324,36.11457]]}},{"type":"Feature","properties":{"name":"East Flamingo Road","highway":"primary","osm":"way/601677977"},"geometry":{"type":"LineString","coordinates":[[-115.15917,36.11433],[-115.15899,36.11432]]}},{"type":"Feature","properties":{"name":"East Flamingo Road","highway":"primary","osm":"way/601677978"},"geometry":{"type":"LineString","coordinates":[[-115.15899,36.11432],[-115.15536,36.11422]]}},{"type":"Feature","properties":{"name":"Grand Central Parkway","highway":"secondary","osm":"way/601999668"},"geometry":{"type":"LineString","coordinates":[[-115.15487,36.16862],[-115.15543,36.16765]]}},{"type":"Feature","properties":{"name":"Fremont Street","highway":"primary","osm":"way/602019210"},"geometry":{"type":"LineString","coordinates":[[-115.13268,36.1658],[-115.13245,36.1657]]}},{"type":"Feature","properties":{"name":"Fremont Street","highway":"primary","osm":"way/602019215"},"geometry":{"type":"LineString","coordinates":[[-115.13245,36.1657],[-115.13189,36.16546]]}},{"type":"Feature","properties":{"name":"Fremont Street","highway":"primary","osm":"way/602019220"},"geometry":{"type":"LineString","coordinates":[[-115.13296,36.16592],[-115.13268,36.1658]]}},{"type":"Feature","properties":{"name":"East Flamingo Road","highway":"primary","osm":"way/602058835"},"geometry":{"type":"LineString","coordinates":[[-115.13513,36.11466],[-115.13679,36.11465]]}},{"type":"Feature","properties":{"name":null,"highway":"primary_link","osm":"way/604147074"},"geometry":{"type":"LineString","coordinates":[[-115.15762,36.11429],[-115.15714,36.1144]]}},{"type":"Feature","properties":{"name":null,"highway":"primary_link","osm":"way/604147075"},"geometry":{"type":"LineString","coordinates":[[-115.15652,36.11439],[-115.15708,36.11427]]}},{"type":"Feature","properties":{"name":null,"highway":"primary_link","osm":"way/604147077"},"geometry":{"type":"LineString","coordinates":[[-115.13513,36.11466],[-115.13555,36.11452]]}},{"type":"Feature","properties":{"name":null,"highway":"primary_link","osm":"way/604147078"},"geometry":{"type":"LineString","coordinates":[[-115.13599,36.11452],[-115.13556,36.11466]]}},{"type":"Feature","properties":{"name":null,"highway":"secondary_link","osm":"way/604193170"},"geometry":{"type":"LineString","coordinates":[[-115.13578,36.16105],[-115.13579,36.16118]]}},{"type":"Feature","properties":{"name":"East Bonneville Avenue","highway":"secondary","osm":"way/604193172"},"geometry":{"type":"LineString","coordinates":[[-115.13656,36.16001],[-115.13642,36.15996]]}},{"type":"Feature","properties":{"name":null,"highway":"primary_link","osm":"way/606628185"},"geometry":{"type":"LineString","coordinates":[[-115.13645,36.15508],[-115.13682,36.15541]]}},{"type":"Feature","properties":{"name":null,"highway":"primary_link","osm":"way/606628188"},"geometry":{"type":"LineString","coordinates":[[-115.13721,36.15546],[-115.13756,36.15508]]}},{"type":"Feature","properties":{"name":null,"highway":"motorway_link","osm":"way/609569099"},"geometry":{"type":"LineString","coordinates":[[-115.16116,36.17499],[-115.15889,36.17453],[-115.1579,36.17386]]}},{"type":"Feature","properties":{"name":null,"highway":"motorway_link","osm":"way/609579599"},"geometry":{"type":"LineString","coordinates":[[-115.15822,36.17031],[-115.15963,36.16763]]}},{"type":"Feature","properties":{"name":null,"highway":"motorway_link","osm":"way/609579602"},"geometry":{"type":"LineString","coordinates":[[-115.15958,36.16733],[-115.15813,36.17028]]}},{"type":"Feature","properties":{"name":null,"highway":"motorway_link","osm":"way/609579603"},"geometry":{"type":"LineString","coordinates":[[-115.15813,36.17028],[-115.15705,36.17224],[-115.15736,36.1738],[-115.15864,36.17482],[-115.16117,36.17535]]}},{"type":"Feature","properties":{"name":null,"highway":"motorway_link","osm":"way/609584375"},"geometry":{"type":"LineString","coordinates":[[-115.15915,36.17536],[-115.15952,36.1755]]}},{"type":"Feature","properties":{"name":null,"highway":"motorway_link","osm":"way/609584377"},"geometry":{"type":"LineString","coordinates":[[-115.15817,36.17508],[-115.15915,36.17536]]}},{"type":"Feature","properties":{"name":null,"highway":"motorway_link","osm":"way/609584379"},"geometry":{"type":"LineString","coordinates":[[-115.15778,36.17494],[-115.15915,36.17536]]}},{"type":"Feature","properties":{"name":"J Street","highway":"tertiary","osm":"way/612256823"},"geometry":{"type":"LineString","coordinates":[[-115.15633,36.18932],[-115.15634,36.19508]]}},{"type":"Feature","properties":{"name":"Las Vegas Freeway","highway":"motorway","osm":"way/613032118"},"geometry":{"type":"LineString","coordinates":[[-115.14385,36.18393],[-115.14422,36.18255],[-115.1451,36.18116]]}},{"type":"Feature","properties":{"name":"Las Vegas Freeway","highway":"motorway","osm":"way/613046839"},"geometry":{"type":"LineString","coordinates":[[-115.15167,36.17699],[-115.15218,36.17665]]}},{"type":"Feature","properties":{"name":"Las Vegas Freeway","highway":"motorway","osm":"way/613047346"},"geometry":{"type":"LineString","coordinates":[[-115.15062,36.1774],[-115.15035,36.17755]]}},{"type":"Feature","properties":{"name":"Koval Lane","highway":"secondary","osm":"way/617055991"},"geometry":{"type":"LineString","coordinates":[[-115.16413,36.11788],[-115.16412,36.11731]]}},{"type":"Feature","properties":{"name":"Koval Lane","highway":"secondary","osm":"way/617055993"},"geometry":{"type":"LineString","coordinates":[[-115.16414,36.11852],[-115.16413,36.11817]]}},{"type":"Feature","properties":{"name":null,"highway":"motorway_link","osm":"way/619150106"},"geometry":{"type":"LineString","coordinates":[[-115.18034,36.09578],[-115.18055,36.09779]]}},{"type":"Feature","properties":{"name":null,"highway":"motorway_link","osm":"way/619151828"},"geometry":{"type":"LineString","coordinates":[[-115.18029,36.09712],[-115.18029,36.09782]]}},{"type":"Feature","properties":{"name":null,"highway":"motorway_link","osm":"way/619152229"},"geometry":{"type":"LineString","coordinates":[[-115.18038,36.08957],[-115.18034,36.09578]]}},{"type":"Feature","properties":{"name":"West Harmon Avenue","highway":"secondary","osm":"way/624320278"},"geometry":{"type":"LineString","coordinates":[[-115.1816,36.10809],[-115.18071,36.10807]]}},{"type":"Feature","properties":{"name":"West Harmon Avenue","highway":"secondary","osm":"way/624320280"},"geometry":{"type":"LineString","coordinates":[[-115.1776,36.10847],[-115.17667,36.10898]]}},{"type":"Feature","properties":{"name":"West Harmon Avenue","highway":"secondary","osm":"way/624320281"},"geometry":{"type":"LineString","coordinates":[[-115.17928,36.10817],[-115.17985,36.10817]]}},{"type":"Feature","properties":{"name":"West Harmon Avenue","highway":"secondary","osm":"way/624320282"},"geometry":{"type":"LineString","coordinates":[[-115.18159,36.1082],[-115.18285,36.10822]]}},{"type":"Feature","properties":{"name":"Stewart Avenue","highway":"primary","osm":"way/625498786"},"geometry":{"type":"LineString","coordinates":[[-115.14011,36.17204],[-115.14077,36.17232]]}},{"type":"Feature","properties":{"name":"Stewart Avenue","highway":"primary","osm":"way/625498788"},"geometry":{"type":"LineString","coordinates":[[-115.14001,36.17194],[-115.13945,36.1717]]}},{"type":"Feature","properties":{"name":"Stewart Avenue","highway":"primary","osm":"way/625498790"},"geometry":{"type":"LineString","coordinates":[[-115.14077,36.17222],[-115.14032,36.17202]]}},{"type":"Feature","properties":{"name":"North Bruce Street","highway":"secondary","osm":"way/625504251"},"geometry":{"type":"LineString","coordinates":[[-115.12513,36.18483],[-115.12515,36.18127]]}},{"type":"Feature","properties":{"name":"North Bruce Street","highway":"secondary","osm":"way/625504252"},"geometry":{"type":"LineString","coordinates":[[-115.12498,36.18483],[-115.12498,36.18631]]}},{"type":"Feature","properties":{"name":"West Ogden Avenue","highway":"secondary","osm":"way/625523014"},"geometry":{"type":"LineString","coordinates":[[-115.14574,36.17292],[-115.14602,36.17304]]}},{"type":"Feature","properties":{"name":"South Main Street","highway":"primary","osm":"way/625523015"},"geometry":{"type":"LineString","coordinates":[[-115.14941,36.16703],[-115.1496,36.16673]]}},{"type":"Feature","properties":{"name":"South Main Street","highway":"primary","osm":"way/625523016"},"geometry":{"type":"LineString","coordinates":[[-115.14641,36.17173],[-115.14668,36.17131]]}},{"type":"Feature","properties":{"name":"North Main Street","highway":"primary","osm":"way/625523018"},"geometry":{"type":"LineString","coordinates":[[-115.14582,36.17265],[-115.1461,36.17221]]}},{"type":"Feature","properties":{"name":"North Main Street","highway":"primary","osm":"way/625523019"},"geometry":{"type":"LineString","coordinates":[[-115.14518,36.17342],[-115.1448,36.174]]}},{"type":"Feature","properties":{"name":"Stewart Avenue","highway":"primary","osm":"way/625523021"},"geometry":{"type":"LineString","coordinates":[[-115.1448,36.174],[-115.1449,36.17405]]}},{"type":"Feature","properties":{"name":"North Main Street","highway":"primary","osm":"way/625523022"},"geometry":{"type":"LineString","coordinates":[[-115.1449,36.17405],[-115.1455,36.17313]]}},{"type":"Feature","properties":{"name":null,"highway":"secondary_link","osm":"way/625523023"},"geometry":{"type":"LineString","coordinates":[[-115.1527,36.16695],[-115.15361,36.16681]]}},{"type":"Feature","properties":{"name":"Las Vegas Premium Outlets Drive","highway":"unclassified","osm":"way/625523024"},"geometry":{"type":"LineString","coordinates":[[-115.15834,36.16184],[-115.15894,36.16209]]}},{"type":"Feature","properties":{"name":"Las Vegas Premium Outlets Drive","highway":"unclassified","osm":"way/625523025"},"geometry":{"type":"LineString","coordinates":[[-115.15926,36.16216],[-115.15846,36.16177]]}},{"type":"Feature","properties":{"name":null,"highway":"primary_link","osm":"way/625523027"},"geometry":{"type":"LineString","coordinates":[[-115.15884,36.15956],[-115.15927,36.15914]]}},{"type":"Feature","properties":{"name":"Frank Sinatra Drive","highway":"secondary","osm":"way/626110122"},"geometry":{"type":"LineString","coordinates":[[-115.18014,36.09731],[-115.18022,36.09481]]}},{"type":"Feature","properties":{"name":"21st Street","highway":"residential","osm":"way/626442377"},"geometry":{"type":"LineString","coordinates":[[-115.1206,36.17061],[-115.12067,36.17398]]}},{"type":"Feature","properties":{"name":null,"highway":"secondary_link","osm":"way/626663544"},"geometry":{"type":"LineString","coordinates":[[-115.1444,36.17462],[-115.14427,36.17502]]}},{"type":"Feature","properties":{"name":"MGM Road","highway":"unclassified","osm":"way/630865826"},"geometry":{"type":"LineString","coordinates":[[-115.16383,36.10302],[-115.16399,36.10302]]}},{"type":"Feature","properties":{"name":"Koval Lane","highway":"secondary","osm":"way/630865827"},"geometry":{"type":"LineString","coordinates":[[-115.16383,36.10288],[-115.16383,36.10302]]}},{"type":"Feature","properties":{"name":"Paradise Road","highway":"primary","osm":"way/630874235"},"geometry":{"type":"LineString","coordinates":[[-115.15263,36.11009],[-115.15271,36.11035]]}},{"type":"Feature","properties":{"name":"Paradise Road","highway":"primary","osm":"way/630874238"},"geometry":{"type":"LineString","coordinates":[[-115.15266,36.11002],[-115.15248,36.10943]]}},{"type":"Feature","properties":{"name":"Frank Sinatra Drive","highway":"secondary","osm":"way/630888237"},"geometry":{"type":"LineString","coordinates":[[-115.1798,36.11616],[-115.17939,36.11428]]}},{"type":"Feature","properties":{"name":"Frank Sinatra Drive","highway":"secondary","osm":"way/630888241"},"geometry":{"type":"LineString","coordinates":[[-115.18009,36.11735],[-115.17996,36.11667]]}},{"type":"Feature","properties":{"name":"Frank Sinatra Drive","highway":"secondary","osm":"way/630888244"},"geometry":{"type":"LineString","coordinates":[[-115.17988,36.11702],[-115.17992,36.11836]]}},{"type":"Feature","properties":{"name":"Sammy Davis Junior Drive","highway":"secondary","osm":"way/630987667"},"geometry":{"type":"LineString","coordinates":[[-115.18006,36.12068],[-115.17961,36.12115]]}},{"type":"Feature","properties":{"name":"Dean Martin Drive","highway":"secondary","osm":"way/630987919"},"geometry":{"type":"LineString","coordinates":[[-115.18015,36.12064],[-115.1801,36.12066]]}},{"type":"Feature","properties":{"name":"East Flamingo Road","highway":"primary","osm":"way/630992972"},"geometry":{"type":"LineString","coordinates":[[-115.15405,36.11425],[-115.15393,36.11426]]}},{"type":"Feature","properties":{"name":"Paradise Road","highway":"primary","osm":"way/630992973"},"geometry":{"type":"LineString","coordinates":[[-115.1543,36.11516],[-115.15409,36.11439]]}},{"type":"Feature","properties":{"name":"Paradise Road","highway":"primary","osm":"way/630992974"},"geometry":{"type":"LineString","coordinates":[[-115.15405,36.11425],[-115.15399,36.11402]]}},{"type":"Feature","properties":{"name":"Paradise Road","highway":"primary","osm":"way/630992975"},"geometry":{"type":"LineString","coordinates":[[-115.15367,36.11343],[-115.15393,36.11426]]}},{"type":"Feature","properties":{"name":"Paradise Road","highway":"primary","osm":"way/630992977"},"geometry":{"type":"LineString","coordinates":[[-115.15393,36.11426],[-115.15397,36.1144]]}},{"type":"Feature","properties":{"name":"Iron Horse Court","highway":"secondary","osm":"way/630995249"},"geometry":{"type":"LineString","coordinates":[[-115.15864,36.16044],[-115.15835,36.16044]]}},{"type":"Feature","properties":{"name":"South Main Street","highway":"primary","osm":"way/637446245"},"geometry":{"type":"LineString","coordinates":[[-115.15358,36.15877],[-115.15357,36.15891]]}},{"type":"Feature","properties":{"name":"South Main Street","highway":"secondary","osm":"way/637446246"},"geometry":{"type":"LineString","coordinates":[[-115.15361,36.15843],[-115.1536,36.15855]]}},{"type":"Feature","properties":{"name":"Kelch Drive","highway":"unclassified","osm":"way/637842937"},"geometry":{"type":"LineString","coordinates":[[-115.15827,36.10627],[-115.15823,36.1046],[-115.15743,36.10446],[-115.15717,36.10397],[-115.15732,36.10232],[-115.15673,36.10168]]}},{"type":"Feature","properties":{"name":"Frank Sinatra Drive","highway":"secondary","osm":"way/638228202"},"geometry":{"type":"LineString","coordinates":[[-115.1802,36.12072],[-115.18015,36.12064]]}},{"type":"Feature","properties":{"name":"Sammy Davis Junior Drive","highway":"secondary","osm":"way/638228203"},"geometry":{"type":"LineString","coordinates":[[-115.17964,36.12134],[-115.18013,36.12076]]}},{"type":"Feature","properties":{"name":null,"highway":"secondary_link","osm":"way/638228204"},"geometry":{"type":"LineString","coordinates":[[-115.1818,36.11988],[-115.18156,36.11959]]}},{"type":"Feature","properties":{"name":null,"highway":"secondary_link","osm":"way/638228205"},"geometry":{"type":"LineString","coordinates":[[-115.18121,36.1201],[-115.18166,36.12004]]}},{"type":"Feature","properties":{"name":"Dean Martin Drive","highway":"secondary","osm":"way/638228206"},"geometry":{"type":"LineString","coordinates":[[-115.18038,36.12063],[-115.18121,36.1201]]}},{"type":"Feature","properties":{"name":"Sammy Davis Junior Drive","highway":"secondary","osm":"way/638228207"},"geometry":{"type":"LineString","coordinates":[[-115.17961,36.12115],[-115.1794,36.1216]]}},{"type":"Feature","properties":{"name":"Dean Martin Drive","highway":"secondary","osm":"way/638228208"},"geometry":{"type":"LineString","coordinates":[[-115.1815,36.11923],[-115.18132,36.11978]]}},{"type":"Feature","properties":{"name":"Mystère Dreams Avenue","highway":"unclassified","osm":"way/638340665"},"geometry":{"type":"LineString","coordinates":[[-115.17083,36.1233],[-115.17059,36.12337]]}},{"type":"Feature","properties":{"name":"Mystère Dreams Avenue","highway":"unclassified","osm":"way/638340666"},"geometry":{"type":"LineString","coordinates":[[-115.17051,36.12348],[-115.17076,36.12341]]}},{"type":"Feature","properties":{"name":"Las Vegas Encore Loop","highway":"unclassified","osm":"way/638347259"},"geometry":{"type":"LineString","coordinates":[[-115.16452,36.13005],[-115.16461,36.12994]]}},{"type":"Feature","properties":{"name":"North Bruce Street","highway":"tertiary","osm":"way/642270388"},"geometry":{"type":"LineString","coordinates":[[-115.12514,36.16837],[-115.12512,36.17101]]}},{"type":"Feature","properties":{"name":"South Bruce Street","highway":"tertiary","osm":"way/642270389"},"geometry":{"type":"LineString","coordinates":[[-115.12506,36.16193],[-115.12503,36.15941]]}},{"type":"Feature","properties":{"name":"East Flamingo Road","highway":"primary","osm":"way/648931306"},"geometry":{"type":"LineString","coordinates":[[-115.15409,36.11439],[-115.15652,36.11439]]}},{"type":"Feature","properties":{"name":"East Washington Avenue","highway":"primary","osm":"way/648931309"},"geometry":{"type":"LineString","coordinates":[[-115.1346,36.18115],[-115.13425,36.18113]]}},{"type":"Feature","properties":{"name":"East Washington Avenue","highway":"primary","osm":"way/648931310"},"geometry":{"type":"LineString","coordinates":[[-115.13422,36.18126],[-115.13504,36.18118]]}},{"type":"Feature","properties":{"name":"West Washington Avenue","highway":"primary","osm":"way/648931311"},"geometry":{"type":"LineString","coordinates":[[-115.14573,36.18101],[-115.1468,36.18095]]}},{"type":"Feature","properties":{"name":"West Washington Avenue","highway":"primary","osm":"way/648931312"},"geometry":{"type":"LineString","coordinates":[[-115.14689,36.1809],[-115.14679,36.18084]]}},{"type":"Feature","properties":{"name":"South Las Vegas Boulevard","highway":"primary","osm":"way/648933344"},"geometry":{"type":"LineString","coordinates":[[-115.17308,36.10214],[-115.17309,36.10183]]}},{"type":"Feature","properties":{"name":"South Las Vegas Boulevard","highway":"primary","osm":"way/648933345"},"geometry":{"type":"LineString","coordinates":[[-115.17279,36.10181],[-115.17279,36.10186]]}},{"type":"Feature","properties":{"name":"South Las Vegas Boulevard","highway":"primary","osm":"way/648933346"},"geometry":{"type":"LineString","coordinates":[[-115.17284,36.10007],[-115.17284,36.10033]]}},{"type":"Feature","properties":{"name":"South Las Vegas Boulevard","highway":"primary","osm":"way/648933347"},"geometry":{"type":"LineString","coordinates":[[-115.17309,36.10006],[-115.1731,36.09999]]}},{"type":"Feature","properties":{"name":"Garces Avenue","highway":"tertiary","osm":"way/649144365"},"geometry":{"type":"LineString","coordinates":[[-115.1492,36.16396],[-115.14872,36.16375]]}},{"type":"Feature","properties":{"name":"East Bonneville Avenue","highway":"secondary","osm":"way/649144366"},"geometry":{"type":"LineString","coordinates":[[-115.14844,36.16516],[-115.14781,36.16489]]}},{"type":"Feature","properties":{"name":"South Maryland Parkway","highway":"secondary","osm":"way/649514779"},"geometry":{"type":"LineString","coordinates":[[-115.13579,36.16118],[-115.13636,36.16032]]}},{"type":"Feature","properties":{"name":"South Maryland Parkway","highway":"secondary","osm":"way/649514780"},"geometry":{"type":"LineString","coordinates":[[-115.13589,36.16078],[-115.13563,36.16109]]}},{"type":"Feature","properties":{"name":"South Casino Center Boulevard","highway":"secondary","osm":"way/649514784"},"geometry":{"type":"LineString","coordinates":[[-115.14795,36.16495],[-115.14872,36.16375]]}},{"type":"Feature","properties":{"name":"Paradise Road","highway":"primary","osm":"way/649514785"},"geometry":{"type":"LineString","coordinates":[[-115.15502,36.12494],[-115.15503,36.1229]]}},{"type":"Feature","properties":{"name":"North Main Street","highway":"secondary","osm":"way/649514789"},"geometry":{"type":"LineString","coordinates":[[-115.14318,36.17669],[-115.14326,36.17649]]}},{"type":"Feature","properties":{"name":"East Bonneville Avenue","highway":"secondary","osm":"way/649705400"},"geometry":{"type":"LineString","coordinates":[[-115.14674,36.16443],[-115.1456,36.16393]]}},{"type":"Feature","properties":{"name":"South 4th Street","highway":"tertiary","osm":"way/649705401"},"geometry":{"type":"LineString","coordinates":[[-115.1479,36.16041],[-115.14637,36.16275]]}},{"type":"Feature","properties":{"name":"South 4th Street","highway":"tertiary","osm":"way/649705402"},"geometry":{"type":"LineString","coordinates":[[-115.14226,36.16906],[-115.14181,36.16973]]}},{"type":"Feature","properties":{"name":"East Carson Avenue","highway":"tertiary","osm":"way/649705403"},"geometry":{"type":"LineString","coordinates":[[-115.14369,36.16904],[-115.14321,36.16884]]}},{"type":"Feature","properties":{"name":"West Reno Avenue","highway":"tertiary","osm":"way/650389680"},"geometry":{"type":"LineString","coordinates":[[-115.17619,36.09733],[-115.17548,36.09729]]}},{"type":"Feature","properties":{"name":"Spring Mountain Road","highway":"secondary","osm":"way/650389681"},"geometry":{"type":"LineString","coordinates":[[-115.1773,36.12593],[-115.1769,36.12588]]}},{"type":"Feature","properties":{"name":"Las Vegas Freeway","highway":"motorway","osm":"way/650389682"},"geometry":{"type":"LineString","coordinates":[[-115.18043,36.1266],[-115.18045,36.12913]]}},{"type":"Feature","properties":{"name":"Spring Mountain Road","highway":"primary","osm":"way/650389683"},"geometry":{"type":"LineString","coordinates":[[-115.17519,36.12586],[-115.17616,36.12597]]}},{"type":"Feature","properties":{"name":"Las Vegas Freeway","highway":"motorway","osm":"way/650389684"},"geometry":{"type":"LineString","coordinates":[[-115.18029,36.13246],[-115.18073,36.13015],[-115.18084,36.12661]]}},{"type":"Feature","properties":{"name":null,"highway":"secondary_link","osm":"way/650389687"},"geometry":{"type":"LineString","coordinates":[[-115.18212,36.12634],[-115.18327,36.12622]]}},{"type":"Feature","properties":{"name":"East Desert Inn Road","highway":"primary","osm":"way/650406281"},"geometry":{"type":"LineString","coordinates":[[-115.13699,36.12985],[-115.13847,36.12985]]}},{"type":"Feature","properties":{"name":"East Desert Inn Road","highway":"primary","osm":"way/650406282"},"geometry":{"type":"LineString","coordinates":[[-115.13682,36.1297],[-115.13517,36.12979]]}},{"type":"Feature","properties":{"name":"East Twain Avenue","highway":"secondary","osm":"way/650406283"},"geometry":{"type":"LineString","coordinates":[[-115.13748,36.12214],[-115.13732,36.12209]]}},{"type":"Feature","properties":{"name":"South Casino Center Boulevard","highway":"secondary","osm":"way/650444337"},"geometry":{"type":"LineString","coordinates":[[-115.1509,36.15876],[-115.15089,36.15889]]}},{"type":"Feature","properties":{"name":"East Charleston Boulevard","highway":"primary","osm":"way/650444345"},"geometry":{"type":"LineString","coordinates":[[-115.15106,36.15889],[-115.1518,36.1589]]}},{"type":"Feature","properties":{"name":"Gass Avenue","highway":"tertiary","osm":"way/650444346"},"geometry":{"type":"LineString","coordinates":[[-115.15133,36.16324],[-115.15089,36.16319]]}},{"type":"Feature","properties":{"name":"North Las Vegas Boulevard","highway":"primary","osm":"way/650732224"},"geometry":{"type":"LineString","coordinates":[[-115.13413,36.18851],[-115.13413,36.1884]]}},{"type":"Feature","properties":{"name":"North Main Street","highway":"secondary","osm":"way/650732226"},"geometry":{"type":"LineString","coordinates":[[-115.13553,36.18839],[-115.13591,36.18771]]}},{"type":"Feature","properties":{"name":"North Main Street","highway":"secondary","osm":"way/650732227"},"geometry":{"type":"LineString","coordinates":[[-115.13571,36.18792],[-115.13539,36.18839]]}},{"type":"Feature","properties":{"name":"Spring Mountain Road","highway":"secondary","osm":"way/650732228"},"geometry":{"type":"LineString","coordinates":[[-115.18395,36.12637],[-115.18536,36.12642]]}},{"type":"Feature","properties":{"name":"Spring Mountain Road","highway":"secondary","osm":"way/650732229"},"geometry":{"type":"LineString","coordinates":[[-115.18536,36.12629],[-115.18327,36.12622]]}},{"type":"Feature","properties":{"name":"Fremont Street","highway":"primary","osm":"way/650732231"},"geometry":{"type":"LineString","coordinates":[[-115.13838,36.16826],[-115.13727,36.16778]]}},{"type":"Feature","properties":{"name":"South Maryland Parkway","highway":"primary","osm":"way/650732235"},"geometry":{"type":"LineString","coordinates":[[-115.13684,36.10089],[-115.13685,36.10102]]}},{"type":"Feature","properties":{"name":"South Maryland Parkway","highway":"primary","osm":"way/650732236"},"geometry":{"type":"LineString","coordinates":[[-115.13702,36.10102],[-115.13702,36.10089]]}},{"type":"Feature","properties":{"name":"East Tropicana Avenue","highway":"primary","osm":"way/650732237"},"geometry":{"type":"LineString","coordinates":[[-115.13702,36.10089],[-115.13684,36.10089]]}},{"type":"Feature","properties":{"name":"East Tropicana Avenue","highway":"primary","osm":"way/650732238"},"geometry":{"type":"LineString","coordinates":[[-115.13685,36.10102],[-115.13702,36.10102]]}},{"type":"Feature","properties":{"name":"University Road","highway":"unclassified","osm":"way/650732239"},"geometry":{"type":"LineString","coordinates":[[-115.13901,36.10446],[-115.13842,36.10446]]}},{"type":"Feature","properties":{"name":"University Road","highway":"unclassified","osm":"way/650732241"},"geometry":{"type":"LineString","coordinates":[[-115.1411,36.10446],[-115.13901,36.10446]]}},{"type":"Feature","properties":{"name":"South Maryland Parkway","highway":"primary","osm":"way/650732242"},"geometry":{"type":"LineString","coordinates":[[-115.13737,36.10627],[-115.13728,36.10488]]}},{"type":"Feature","properties":{"name":"South Maryland Parkway","highway":"primary","osm":"way/650732243"},"geometry":{"type":"LineString","coordinates":[[-115.13709,36.10447],[-115.13726,36.10694]]}},{"type":"Feature","properties":{"name":"University Road","highway":"unclassified","osm":"way/650732244"},"geometry":{"type":"LineString","coordinates":[[-115.13725,36.10447],[-115.13709,36.10447]]}},{"type":"Feature","properties":{"name":"East Tropicana Avenue","highway":"primary","osm":"way/650732245"},"geometry":{"type":"LineString","coordinates":[[-115.17231,36.10078],[-115.17185,36.10078]]}},{"type":"Feature","properties":{"name":"East Tropicana Avenue","highway":"primary","osm":"way/650732246"},"geometry":{"type":"LineString","coordinates":[[-115.16394,36.101],[-115.16436,36.101]]}},{"type":"Feature","properties":{"name":"Koval Lane","highway":"secondary","osm":"way/650732247"},"geometry":{"type":"LineString","coordinates":[[-115.16394,36.101],[-115.16394,36.10078]]}},{"type":"Feature","properties":{"name":"Irwin Molasky Street","highway":"secondary","osm":"way/650732309"},"geometry":{"type":"LineString","coordinates":[[-115.14825,36.16554],[-115.14858,36.16534],[-115.14898,36.16543]]}},{"type":"Feature","properties":{"name":"Garces Avenue","highway":"tertiary","osm":"way/650732310"},"geometry":{"type":"LineString","coordinates":[[-115.14637,36.16275],[-115.14547,36.16235]]}},{"type":"Feature","properties":{"name":"South 4th Street","highway":"tertiary","osm":"way/650732311"},"geometry":{"type":"LineString","coordinates":[[-115.14637,36.16275],[-115.1456,36.16393]]}},{"type":"Feature","properties":{"name":"North Casino Center Boulevard","highway":"secondary","osm":"way/650732312"},"geometry":{"type":"LineString","coordinates":[[-115.14096,36.17549],[-115.14073,36.17577]]}},{"type":"Feature","properties":{"name":"East Bonanza Road","highway":"secondary","osm":"way/650732317"},"geometry":{"type":"LineString","coordinates":[[-115.11628,36.17403],[-115.11729,36.17404]]}},{"type":"Feature","properties":{"name":"East Bonanza Road","highway":"secondary","osm":"way/650732318"},"geometry":{"type":"LineString","coordinates":[[-115.11533,36.174],[-115.11615,36.17402]]}},{"type":"Feature","properties":{"name":"North Eastern Avenue","highway":"primary","osm":"way/650732470"},"geometry":{"type":"LineString","coordinates":[[-115.11599,36.18303],[-115.11601,36.1845]]}},{"type":"Feature","properties":{"name":"North Eastern Avenue","highway":"primary","osm":"way/650732471"},"geometry":{"type":"LineString","coordinates":[[-115.11615,36.18305],[-115.11615,36.18168]]}},{"type":"Feature","properties":{"name":"Searles Avenue","highway":"tertiary","osm":"way/650732472"},"geometry":{"type":"LineString","coordinates":[[-115.11601,36.18486],[-115.11616,36.18486]]}},{"type":"Feature","properties":{"name":"North Bruce Street","highway":"secondary","osm":"way/650732473"},"geometry":{"type":"LineString","coordinates":[[-115.12501,36.18113],[-115.12501,36.18127]]}},{"type":"Feature","properties":{"name":"Searles Avenue","highway":"tertiary","osm":"way/650732474"},"geometry":{"type":"LineString","coordinates":[[-115.12498,36.18483],[-115.12506,36.18483]]}},{"type":"Feature","properties":{"name":"South Maryland Parkway","highway":"secondary","osm":"way/650732475"},"geometry":{"type":"LineString","coordinates":[[-115.13642,36.15996],[-115.13589,36.16078]]}},{"type":"Feature","properties":{"name":"East Washington Avenue","highway":"primary","osm":"way/650732476"},"geometry":{"type":"LineString","coordinates":[[-115.13989,36.18121],[-115.14015,36.18125]]}},{"type":"Feature","properties":{"name":"North Main Street","highway":"secondary","osm":"way/650732477"},"geometry":{"type":"LineString","coordinates":[[-115.14048,36.18075],[-115.14021,36.18116]]}},{"type":"Feature","properties":{"name":"West Washington Avenue","highway":"primary","osm":"way/650732478"},"geometry":{"type":"LineString","coordinates":[[-115.14076,36.18123],[-115.14021,36.18116]]}},{"type":"Feature","properties":{"name":"East Twain Avenue","highway":"secondary","osm":"way/650961500"},"geometry":{"type":"LineString","coordinates":[[-115.13843,36.12214],[-115.13793,36.12215]]}},{"type":"Feature","properties":{"name":"East Twain Avenue","highway":"secondary","osm":"way/650961505"},"geometry":{"type":"LineString","coordinates":[[-115.13856,36.12217],[-115.13843,36.12214]]}},{"type":"Feature","properties":{"name":"Art Way","highway":"tertiary","osm":"way/651269270"},"geometry":{"type":"LineString","coordinates":[[-115.15198,36.15912],[-115.15222,36.1589]]}},{"type":"Feature","properties":{"name":"South Casino Center Boulevard","highway":"secondary","osm":"way/651269272"},"geometry":{"type":"LineString","coordinates":[[-115.15117,36.15956],[-115.15108,36.15929]]}},{"type":"Feature","properties":{"name":"Hoover Avenue","highway":"unclassified","osm":"way/651269273"},"geometry":{"type":"LineString","coordinates":[[-115.14681,36.15995],[-115.1479,36.16041]]}},{"type":"Feature","properties":{"name":"Grand Central Parkway","highway":"secondary","osm":"way/651269275"},"geometry":{"type":"LineString","coordinates":[[-115.15782,36.16162],[-115.15772,36.16176]]}},{"type":"Feature","properties":{"name":"Grand Central Parkway","highway":"secondary","osm":"way/651269277"},"geometry":{"type":"LineString","coordinates":[[-115.15547,36.16673],[-115.15545,36.16659]]}},{"type":"Feature","properties":{"name":"West Bonneville Avenue","highway":"secondary","osm":"way/651269280"},"geometry":{"type":"LineString","coordinates":[[-115.15522,36.16676],[-115.15533,36.16674]]}},{"type":"Feature","properties":{"name":"Grand Central Parkway","highway":"secondary","osm":"way/651269282"},"geometry":{"type":"LineString","coordinates":[[-115.1552,36.16662],[-115.15522,36.16676]]}},{"type":"Feature","properties":{"name":"South Las Vegas Boulevard","highway":"primary","osm":"way/651269284"},"geometry":{"type":"LineString","coordinates":[[-115.16527,36.13145],[-115.16496,36.13194]]}},{"type":"Feature","properties":{"name":"South Las Vegas Boulevard","highway":"primary","osm":"way/651269286"},"geometry":{"type":"LineString","coordinates":[[-115.1648,36.13256],[-115.16525,36.13183]]}},{"type":"Feature","properties":{"name":"Convention Center Drive","highway":"tertiary","osm":"way/651269288"},"geometry":{"type":"LineString","coordinates":[[-115.1648,36.13256],[-115.16461,36.13249]]}},{"type":"Feature","properties":{"name":"South Main Street","highway":"secondary","osm":"way/651269290"},"geometry":{"type":"LineString","coordinates":[[-115.15388,36.1548],[-115.15381,36.15574]]}},{"type":"Feature","properties":{"name":"South Casino Center Boulevard","highway":"secondary","osm":"way/651269295"},"geometry":{"type":"LineString","coordinates":[[-115.14485,36.16955],[-115.145,36.16945]]}},{"type":"Feature","properties":{"name":"Grand Central Parkway","highway":"secondary","osm":"way/651269296"},"geometry":{"type":"LineString","coordinates":[[-115.15072,36.17254],[-115.14985,36.17317]]}},{"type":"Feature","properties":{"name":"Stewart Avenue","highway":"primary","osm":"way/651269310"},"geometry":{"type":"LineString","coordinates":[[-115.14032,36.17202],[-115.14016,36.17195]]}},{"type":"Feature","properties":{"name":"North 4th Street","highway":"tertiary","osm":"way/651269312"},"geometry":{"type":"LineString","coordinates":[[-115.14181,36.16973],[-115.14103,36.17091]]}},{"type":"Feature","properties":{"name":"Bridger Avenue","highway":"residential","osm":"way/651269316"},"geometry":{"type":"LineString","coordinates":[[-115.13192,36.1625],[-115.13074,36.16199]]}},{"type":"Feature","properties":{"name":"Clark Avenue","highway":"secondary","osm":"way/651269319"},"geometry":{"type":"LineString","coordinates":[[-115.14715,36.16605],[-115.14721,36.16608]]}},{"type":"Feature","properties":{"name":"Las Vegas Freeway","highway":"motorway","osm":"way/651364714"},"geometry":{"type":"LineString","coordinates":[[-115.18048,36.11029],[-115.18051,36.11233]]}},{"type":"Feature","properties":{"name":"North Las Vegas Boulevard","highway":"primary","osm":"way/651364902"},"geometry":{"type":"LineString","coordinates":[[-115.13829,36.17284],[-115.13802,36.17331]]}},{"type":"Feature","properties":{"name":"North Las Vegas Boulevard","highway":"primary","osm":"way/651364903"},"geometry":{"type":"LineString","coordinates":[[-115.13775,36.17407],[-115.13818,36.1734]]}},{"type":"Feature","properties":{"name":null,"highway":"motorway_link","osm":"way/651364904"},"geometry":{"type":"LineString","coordinates":[[-115.13845,36.17415],[-115.13907,36.17416]]}},{"type":"Feature","properties":{"name":"Purple Heart Highway","highway":"motorway","osm":"way/651364905"},"geometry":{"type":"LineString","coordinates":[[-115.12498,36.16822],[-115.12734,36.16899],[-115.13315,36.17173]]}},{"type":"Feature","properties":{"name":"Purple Heart Highway","highway":"motorway","osm":"way/651364906"},"geometry":{"type":"LineString","coordinates":[[-115.1305,36.17026],[-115.12718,36.16874],[-115.12498,36.16805]]}},{"type":"Feature","properties":{"name":"Howard Hughes Parkway","highway":"tertiary","osm":"way/651364928"},"geometry":{"type":"LineString","coordinates":[[-115.15768,36.12193],[-115.15775,36.12181]]}},{"type":"Feature","properties":{"name":"Sands Avenue","highway":"secondary","osm":"way/651364929"},"geometry":{"type":"LineString","coordinates":[[-115.15637,36.12134],[-115.15558,36.12119]]}},{"type":"Feature","properties":{"name":"West Charleston Boulevard","highway":"primary","osm":"way/651364931"},"geometry":{"type":"LineString","coordinates":[[-115.15927,36.15914],[-115.15943,36.15915]]}},{"type":"Feature","properties":{"name":"Grand Central Parkway","highway":"secondary","osm":"way/651364932"},"geometry":{"type":"LineString","coordinates":[[-115.15884,36.15956],[-115.1589,36.15911]]}},{"type":"Feature","properties":{"name":"Purple Heart Highway","highway":"motorway","osm":"way/651364936"},"geometry":{"type":"LineString","coordinates":[[-115.14584,36.17565],[-115.1465,36.1756]]}},{"type":"Feature","properties":{"name":"East Ogden Avenue","highway":"tertiary","osm":"way/651364957"},"geometry":{"type":"LineString","coordinates":[[-115.13985,36.17038],[-115.13877,36.16992]]}},{"type":"Feature","properties":{"name":"East Carson Avenue","highway":"tertiary","osm":"way/651364958"},"geometry":{"type":"LineString","coordinates":[[-115.13802,36.16661],[-115.13914,36.16709]]}},{"type":"Feature","properties":{"name":"Luxor Drive","highway":"tertiary","osm":"way/655270673"},"geometry":{"type":"LineString","coordinates":[[-115.17775,36.09732],[-115.17801,36.09643],[-115.17802,36.09399]]}},{"type":"Feature","properties":{"name":null,"highway":"primary_link","osm":"way/655270676"},"geometry":{"type":"LineString","coordinates":[[-115.17551,36.10041],[-115.17567,36.10012]]}},{"type":"Feature","properties":{"name":"South Maryland Parkway","highway":"secondary","osm":"way/658513102"},"geometry":{"type":"LineString","coordinates":[[-115.13672,36.15949],[-115.13642,36.15996]]}},{"type":"Feature","properties":{"name":"South Maryland Parkway","highway":"secondary","osm":"way/658513103"},"geometry":{"type":"LineString","coordinates":[[-115.13656,36.16001],[-115.13683,36.15962]]}},{"type":"Feature","properties":{"name":"South Casino Center Boulevard","highway":"secondary","osm":"way/658515413"},"geometry":{"type":"LineString","coordinates":[[-115.14643,36.16724],[-115.14721,36.16608]]}},{"type":"Feature","properties":{"name":"South Casino Center Boulevard","highway":"secondary","osm":"way/658515414"},"geometry":{"type":"LineString","coordinates":[[-115.1463,36.16719],[-115.14549,36.16846]]}},{"type":"Feature","properties":{"name":"Lewis Avenue","highway":"unclassified","osm":"way/658515415"},"geometry":{"type":"LineString","coordinates":[[-115.14643,36.16724],[-115.1463,36.16719]]}},{"type":"Feature","properties":{"name":"Frank Sinatra Drive","highway":"secondary","osm":"way/658519359"},"geometry":{"type":"LineString","coordinates":[[-115.17946,36.10255],[-115.1797,36.10314]]}},{"type":"Feature","properties":{"name":"Frank Sinatra Drive","highway":"secondary","osm":"way/658519360"},"geometry":{"type":"LineString","coordinates":[[-115.17992,36.11294],[-115.18001,36.11263]]}},{"type":"Feature","properties":{"name":"Bruno Mars Drive","highway":"tertiary","osm":"way/658519361"},"geometry":{"type":"LineString","coordinates":[[-115.17988,36.10375],[-115.18004,36.10375]]}},{"type":"Feature","properties":{"name":"Frank Sinatra Drive","highway":"secondary","osm":"way/658519362"},"geometry":{"type":"LineString","coordinates":[[-115.17991,36.10854],[-115.17991,36.11226]]}},{"type":"Feature","properties":{"name":null,"highway":"primary_link","osm":"way/661937163"},"geometry":{"type":"LineString","coordinates":[[-115.16487,36.1304],[-115.16395,36.13]]}},{"type":"Feature","properties":{"name":null,"highway":"primary_link","osm":"way/661937165"},"geometry":{"type":"LineString","coordinates":[[-115.16422,36.12979],[-115.16501,36.13031],[-115.16487,36.1304]]}},{"type":"Feature","properties":{"name":"Kelch Drive","highway":"unclassified","osm":"way/664765380"},"geometry":{"type":"LineString","coordinates":[[-115.15713,36.10343],[-115.15729,36.10445],[-115.15814,36.10467],[-115.15827,36.10627]]}},{"type":"Feature","properties":{"name":"Grand Drive","highway":"residential","osm":"way/664765381"},"geometry":{"type":"LineString","coordinates":[[-115.15885,36.10626],[-115.15915,36.10609],[-115.15914,36.10459]]}},{"type":"Feature","properties":{"name":null,"highway":"secondary_link","osm":"way/664765384"},"geometry":{"type":"LineString","coordinates":[[-115.16414,36.11852],[-115.16399,36.11808]]}},{"type":"Feature","properties":{"name":"Gray Lane","highway":"residential","osm":"way/664970619"},"geometry":{"type":"LineString","coordinates":[[-115.13995,36.09623],[-115.13994,36.09592]]}},{"type":"Feature","properties":{"name":"Greene Lane","highway":"residential","osm":"way/664970620"},"geometry":{"type":"LineString","coordinates":[[-115.13915,36.09641],[-115.13915,36.09596]]}},{"type":"Feature","properties":{"name":"Greene Lane","highway":"residential","osm":"way/664970621"},"geometry":{"type":"LineString","coordinates":[[-115.13916,36.09718],[-115.13916,36.09681]]}},{"type":"Feature","properties":{"name":"Golden Lane","highway":"residential","osm":"way/664970622"},"geometry":{"type":"LineString","coordinates":[[-115.13837,36.09684],[-115.13836,36.09638]]}},{"type":"Feature","properties":{"name":"Garden Lane","highway":"residential","osm":"way/664970623"},"geometry":{"type":"LineString","coordinates":[[-115.13757,36.09723],[-115.13756,36.0968]]}},{"type":"Feature","properties":{"name":"Garden Lane","highway":"residential","osm":"way/664970624"},"geometry":{"type":"LineString","coordinates":[[-115.13757,36.09642],[-115.13756,36.09593]]}},{"type":"Feature","properties":{"name":"Gray Lane","highway":"residential","osm":"way/664970625"},"geometry":{"type":"LineString","coordinates":[[-115.13994,36.09538],[-115.13993,36.09492]]}},{"type":"Feature","properties":{"name":"Greene Lane","highway":"residential","osm":"way/664970627"},"geometry":{"type":"LineString","coordinates":[[-115.13915,36.09538],[-115.13914,36.09493]]}},{"type":"Feature","properties":{"name":"Garden Lane","highway":"residential","osm":"way/664970630"},"geometry":{"type":"LineString","coordinates":[[-115.13756,36.0954],[-115.13755,36.09494]]}},{"type":"Feature","properties":{"name":"Century Garden Drive","highway":"residential","osm":"way/664970632"},"geometry":{"type":"LineString","coordinates":[[-115.13746,36.09574],[-115.13797,36.09574]]}},{"type":"Feature","properties":{"name":"Century Garden Drive","highway":"residential","osm":"way/664970633"},"geometry":{"type":"LineString","coordinates":[[-115.13741,36.09562],[-115.13679,36.09562]]}},{"type":"Feature","properties":{"name":"Century Garden Drive","highway":"residential","osm":"way/664970634"},"geometry":{"type":"LineString","coordinates":[[-115.14041,36.09571],[-115.14046,36.09571]]}},{"type":"Feature","properties":{"name":"Century Garden Drive","highway":"residential","osm":"way/664970635"},"geometry":{"type":"LineString","coordinates":[[-115.14041,36.0956],[-115.13872,36.09562]]}},{"type":"Feature","properties":{"name":"Koval Lane","highway":"secondary","osm":"way/664992672"},"geometry":{"type":"LineString","coordinates":[[-115.16381,36.09777],[-115.1638,36.09795]]}},{"type":"Feature","properties":{"name":"Koval Lane","highway":"secondary","osm":"way/664992673"},"geometry":{"type":"LineString","coordinates":[[-115.16386,36.09802],[-115.16393,36.09795]]}},{"type":"Feature","properties":{"name":"East Reno Avenue","highway":"secondary","osm":"way/664992675"},"geometry":{"type":"LineString","coordinates":[[-115.16394,36.09779],[-115.16411,36.09746]]}},{"type":"Feature","properties":{"name":"East Reno Avenue","highway":"secondary","osm":"way/664992677"},"geometry":{"type":"LineString","coordinates":[[-115.16404,36.09738],[-115.16381,36.09777]]}},{"type":"Feature","properties":{"name":"East Reno Avenue","highway":"secondary","osm":"way/664992679"},"geometry":{"type":"LineString","coordinates":[[-115.16411,36.09746],[-115.16483,36.09722]]}},{"type":"Feature","properties":{"name":"East Reno Avenue","highway":"secondary_link","osm":"way/664992680"},"geometry":{"type":"LineString","coordinates":[[-115.16381,36.09777],[-115.16394,36.09779]]}},{"type":"Feature","properties":{"name":null,"highway":"primary_link","osm":"way/664992681"},"geometry":{"type":"LineString","coordinates":[[-115.1676,36.1009],[-115.16728,36.10101]]}},{"type":"Feature","properties":{"name":"Giles Street","highway":"secondary","osm":"way/665219860"},"geometry":{"type":"LineString","coordinates":[[-115.17073,36.09373],[-115.17047,36.09415],[-115.1705,36.09652]]}},{"type":"Feature","properties":{"name":"East Reno Avenue","highway":"secondary","osm":"way/665219861"},"geometry":{"type":"LineString","coordinates":[[-115.17016,36.09709],[-115.17008,36.09713]]}},{"type":"Feature","properties":{"name":"Giles Street","highway":"secondary","osm":"way/665219866"},"geometry":{"type":"LineString","coordinates":[[-115.1705,36.09652],[-115.17016,36.09709]]}},{"type":"Feature","properties":{"name":null,"highway":"secondary_link","osm":"way/665219867"},"geometry":{"type":"LineString","coordinates":[[-115.17077,36.09731],[-115.17038,36.09705]]}},{"type":"Feature","properties":{"name":"Giles Street","highway":"tertiary","osm":"way/665219868"},"geometry":{"type":"LineString","coordinates":[[-115.17008,36.09713],[-115.17016,36.09721]]}},{"type":"Feature","properties":{"name":"East Reno Avenue","highway":"tertiary","osm":"way/665219869"},"geometry":{"type":"LineString","coordinates":[[-115.17077,36.09731],[-115.17023,36.09717]]}},{"type":"Feature","properties":{"name":"Giles Street","highway":"secondary","osm":"way/665219870"},"geometry":{"type":"LineString","coordinates":[[-115.17016,36.09721],[-115.17023,36.09717]]}},{"type":"Feature","properties":{"name":"East Reno Avenue","highway":"tertiary","osm":"way/665219871"},"geometry":{"type":"LineString","coordinates":[[-115.17016,36.09721],[-115.17077,36.09731]]}},{"type":"Feature","properties":{"name":"East Reno Avenue","highway":"tertiary","osm":"way/665219872"},"geometry":{"type":"LineString","coordinates":[[-115.17296,36.09734],[-115.17282,36.09733]]}},{"type":"Feature","properties":{"name":"West Reno Avenue","highway":"tertiary","osm":"way/665219873"},"geometry":{"type":"LineString","coordinates":[[-115.17296,36.09734],[-115.17309,36.09736]]}},{"type":"Feature","properties":{"name":"West Harmon Avenue","highway":"secondary","osm":"way/666593906"},"geometry":{"type":"LineString","coordinates":[[-115.18311,36.10809],[-115.1816,36.10809]]}},{"type":"Feature","properties":{"name":"Aldebaran Avenue","highway":"tertiary","osm":"way/666593907"},"geometry":{"type":"LineString","coordinates":[[-115.18329,36.10881],[-115.18339,36.10851]]}},{"type":"Feature","properties":{"name":"Aldebaran Avenue","highway":"tertiary","osm":"way/666593908"},"geometry":{"type":"LineString","coordinates":[[-115.18332,36.10823],[-115.18327,36.10859]]}},{"type":"Feature","properties":{"name":"Jerry Lewis Way","highway":"tertiary","osm":"way/666593912"},"geometry":{"type":"LineString","coordinates":[[-115.18179,36.10884],[-115.18121,36.10886]]}},{"type":"Feature","properties":{"name":"Jerry Lewis Way","highway":"tertiary","osm":"way/666593913"},"geometry":{"type":"LineString","coordinates":[[-115.18121,36.10886],[-115.18224,36.10892]]}},{"type":"Feature","properties":{"name":"Paradise Road","highway":"primary","osm":"way/668425681"},"geometry":{"type":"LineString","coordinates":[[-115.15409,36.11439],[-115.15405,36.11425]]}},{"type":"Feature","properties":{"name":"Paradise Road","highway":"primary","osm":"way/668425682"},"geometry":{"type":"LineString","coordinates":[[-115.15399,36.11402],[-115.1538,36.1134]]}},{"type":"Feature","properties":{"name":"East Flamingo Road","highway":"primary","osm":"way/668425685"},"geometry":{"type":"LineString","coordinates":[[-115.15536,36.11422],[-115.15405,36.11425]]}},{"type":"Feature","properties":{"name":"East Flamingo Road","highway":"primary","osm":"way/668425686"},"geometry":{"type":"LineString","coordinates":[[-115.15397,36.1144],[-115.15409,36.11439]]}},{"type":"Feature","properties":{"name":"Paradise Road","highway":"primary","osm":"way/668425687"},"geometry":{"type":"LineString","coordinates":[[-115.15397,36.1144],[-115.15421,36.11517]]}},{"type":"Feature","properties":{"name":"21st Street","highway":"tertiary","osm":"way/671206000"},"geometry":{"type":"LineString","coordinates":[[-115.12061,36.18122],[-115.12061,36.18127]]}},{"type":"Feature","properties":{"name":"Las Vegas Freeway","highway":"motorway","osm":"way/674621856"},"geometry":{"type":"LineString","coordinates":[[-115.18084,36.10796],[-115.18084,36.10567]]}},{"type":"Feature","properties":{"name":"Spring Mountain Road","highway":"primary","osm":"way/674621857"},"geometry":{"type":"LineString","coordinates":[[-115.16992,36.12544],[-115.16947,36.12541]]}},{"type":"Feature","properties":{"name":"South Commerce Street","highway":"secondary","osm":"way/674621858"},"geometry":{"type":"LineString","coordinates":[[-115.15491,36.15813],[-115.15497,36.1575]]}},{"type":"Feature","properties":{"name":"South Main Street","highway":"primary","osm":"way/674621859"},"geometry":{"type":"LineString","coordinates":[[-115.14911,36.16749],[-115.14917,36.1674]]}},{"type":"Feature","properties":{"name":"South 1st Street","highway":"unclassified","osm":"way/674621861"},"geometry":{"type":"LineString","coordinates":[[-115.1475,36.1677],[-115.14826,36.16654]]}},{"type":"Feature","properties":{"name":"West Charleston Boulevard","highway":"primary","osm":"way/674621863"},"geometry":{"type":"LineString","coordinates":[[-115.15947,36.15891],[-115.15928,36.15891]]}},{"type":"Feature","properties":{"name":"Las Vegas Freeway","highway":"motorway","osm":"way/674621865"},"geometry":{"type":"LineString","coordinates":[[-115.1805,36.1177],[-115.1805,36.11843]]}},{"type":"Feature","properties":{"name":null,"highway":"motorway_link","osm":"way/674621866"},"geometry":{"type":"LineString","coordinates":[[-115.17985,36.11449],[-115.17983,36.11466]]}},{"type":"Feature","properties":{"name":"South Las Vegas Boulevard","highway":"primary","osm":"way/674621867"},"geometry":{"type":"LineString","coordinates":[[-115.17276,36.11926],[-115.17291,36.11836]]}},{"type":"Feature","properties":{"name":"West Flamingo Road","highway":"primary","osm":"way/674621869"},"geometry":{"type":"LineString","coordinates":[[-115.17299,36.1146],[-115.17288,36.1146]]}},{"type":"Feature","properties":{"name":"South Las Vegas Boulevard","highway":"primary","osm":"way/674621870"},"geometry":{"type":"LineString","coordinates":[[-115.17277,36.11459],[-115.17277,36.11476]]}},{"type":"Feature","properties":{"name":"Las Vegas Freeway","highway":"motorway","osm":"way/674621871"},"geometry":{"type":"LineString","coordinates":[[-115.18048,36.10547],[-115.18048,36.11029]]}},{"type":"Feature","properties":{"name":null,"highway":"motorway_link","osm":"way/674621872"},"geometry":{"type":"LineString","coordinates":[[-115.17984,36.11429],[-115.17985,36.11449]]}},{"type":"Feature","properties":{"name":"Bonanza Way","highway":"unclassified","osm":"way/675953536"},"geometry":{"type":"LineString","coordinates":[[-115.13738,36.17556],[-115.1369,36.17536]]}},{"type":"Feature","properties":{"name":"Stewart Avenue","highway":"secondary","osm":"way/676388646"},"geometry":{"type":"LineString","coordinates":[[-115.10946,36.16649],[-115.11047,36.16651]]}},{"type":"Feature","properties":{"name":"Harris Avenue","highway":"residential","osm":"way/676712664"},"geometry":{"type":"LineString","coordinates":[[-115.12536,36.17752],[-115.12065,36.17753]]}},{"type":"Feature","properties":{"name":"North 10th Street","highway":"residential","osm":"way/676714643"},"geometry":{"type":"LineString","coordinates":[[-115.13267,36.17404],[-115.13264,36.17744]]}},{"type":"Feature","properties":{"name":"D Street","highway":"secondary","osm":"way/676714644"},"geometry":{"type":"LineString","coordinates":[[-115.14685,36.17858],[-115.14681,36.17912]]}},{"type":"Feature","properties":{"name":"D Street–City Parkway Connector","highway":"secondary","osm":"way/676714645"},"geometry":{"type":"LineString","coordinates":[[-115.14693,36.17879],[-115.14719,36.17843],[-115.14816,36.17841],[-115.14938,36.17772]]}},{"type":"Feature","properties":{"name":"North City Parkway","highway":"secondary","osm":"way/676714646"},"geometry":{"type":"LineString","coordinates":[[-115.14938,36.17772],[-115.14934,36.17723]]}},{"type":"Feature","properties":{"name":"D Street–City Parkway Connector","highway":"secondary","osm":"way/676714647"},"geometry":{"type":"LineString","coordinates":[[-115.14926,36.17761],[-115.14821,36.17831],[-115.14699,36.17841]]}},{"type":"Feature","properties":{"name":"Wilbur Street","highway":"unclassified","osm":"way/681299299"},"geometry":{"type":"LineString","coordinates":[[-115.14148,36.10243],[-115.14143,36.10134]]}},{"type":"Feature","properties":{"name":"South Las Vegas Boulevard","highway":"primary","osm":"way/688520267"},"geometry":{"type":"LineString","coordinates":[[-115.17317,36.10641],[-115.17316,36.10482]]}},{"type":"Feature","properties":{"name":"Cathedral Way","highway":"unclassified","osm":"way/688540497"},"geometry":{"type":"LineString","coordinates":[[-115.16548,36.13114],[-115.16515,36.13115]]}},{"type":"Feature","properties":{"name":null,"highway":"motorway_link","osm":"way/691322320"},"geometry":{"type":"LineString","coordinates":[[-115.1577,36.17365],[-115.15762,36.17254],[-115.15787,36.17178]]}},{"type":"Feature","properties":{"name":null,"highway":"motorway_link","osm":"way/691322323"},"geometry":{"type":"LineString","coordinates":[[-115.1582,36.17122],[-115.159,36.16984]]}},{"type":"Feature","properties":{"name":null,"highway":"motorway_link","osm":"way/691322328"},"geometry":{"type":"LineString","coordinates":[[-115.15787,36.17178],[-115.1582,36.17122]]}},{"type":"Feature","properties":{"name":null,"highway":"primary_link","osm":"way/691330803"},"geometry":{"type":"LineString","coordinates":[[-115.15996,36.15891],[-115.15999,36.15916]]}},{"type":"Feature","properties":{"name":null,"highway":"motorway_link","osm":"way/691330806"},"geometry":{"type":"LineString","coordinates":[[-115.15995,36.1587],[-115.15996,36.15891]]}},{"type":"Feature","properties":{"name":null,"highway":"primary_link","osm":"way/691330808"},"geometry":{"type":"LineString","coordinates":[[-115.15995,36.15994],[-115.1595,36.16041],[-115.15864,36.16044]]}},{"type":"Feature","properties":{"name":null,"highway":"primary_link","osm":"way/691330809"},"geometry":{"type":"LineString","coordinates":[[-115.16018,36.16051],[-115.15986,36.16453]]}},{"type":"Feature","properties":{"name":"West Charleston Boulevard","highway":"primary","osm":"way/691335275"},"geometry":{"type":"LineString","coordinates":[[-115.1589,36.15911],[-115.15927,36.15914]]}},{"type":"Feature","properties":{"name":"West Charleston Boulevard","highway":"primary","osm":"way/691336000"},"geometry":{"type":"LineString","coordinates":[[-115.15996,36.15891],[-115.15947,36.15891]]}},{"type":"Feature","properties":{"name":"Las Vegas Freeway","highway":"motorway","osm":"way/691363917"},"geometry":{"type":"LineString","coordinates":[[-115.18051,36.114],[-115.18051,36.11604]]}},{"type":"Feature","properties":{"name":"Las Vegas Freeway","highway":"motorway","osm":"way/691366915"},"geometry":{"type":"LineString","coordinates":[[-115.18083,36.12385],[-115.18084,36.123]]}},{"type":"Feature","properties":{"name":"Las Vegas Freeway","highway":"motorway","osm":"way/691367727"},"geometry":{"type":"LineString","coordinates":[[-115.18085,36.11561],[-115.18083,36.11014]]}},{"type":"Feature","properties":{"name":"Las Vegas Freeway","highway":"motorway","osm":"way/691372278"},"geometry":{"type":"LineString","coordinates":[[-115.15921,36.16772],[-115.15894,36.16833]]}},{"type":"Feature","properties":{"name":"Las Vegas Freeway","highway":"motorway","osm":"way/691372279"},"geometry":{"type":"LineString","coordinates":[[-115.15881,36.16858],[-115.15768,36.17068]]}},{"type":"Feature","properties":{"name":"Las Vegas Freeway","highway":"motorway","osm":"way/691373503"},"geometry":{"type":"LineString","coordinates":[[-115.15978,36.16767],[-115.16008,36.16688]]}},{"type":"Feature","properties":{"name":"Purple Heart Highway","highway":"motorway","osm":"way/691378746"},"geometry":{"type":"LineString","coordinates":[[-115.14714,36.17552],[-115.14902,36.17501]]}},{"type":"Feature","properties":{"name":"Purple Heart Highway","highway":"motorway","osm":"way/691477442"},"geometry":{"type":"LineString","coordinates":[[-115.15413,36.17424],[-115.15487,36.17435]]}},{"type":"Feature","properties":{"name":"Purple Heart Highway","highway":"motorway","osm":"way/691546958"},"geometry":{"type":"LineString","coordinates":[[-115.15204,36.17409],[-115.15,36.1746]]}},{"type":"Feature","properties":{"name":null,"highway":"primary_link","osm":"way/692134608"},"geometry":{"type":"LineString","coordinates":[[-115.15943,36.15915],[-115.16003,36.1595]]}},{"type":"Feature","properties":{"name":"West Charleston Boulevard","highway":"primary","osm":"way/692134609"},"geometry":{"type":"LineString","coordinates":[[-115.15943,36.15915],[-115.15999,36.15916]]}},{"type":"Feature","properties":{"name":null,"highway":"primary_link","osm":"way/692134610"},"geometry":{"type":"LineString","coordinates":[[-115.15999,36.15916],[-115.16003,36.1595]]}},{"type":"Feature","properties":{"name":"Industrial Road","highway":"secondary","osm":"way/692140744"},"geometry":{"type":"LineString","coordinates":[[-115.15828,36.15552],[-115.15857,36.15598]]}},{"type":"Feature","properties":{"name":"Industrial Road","highway":"secondary","osm":"way/692140748"},"geometry":{"type":"LineString","coordinates":[[-115.15889,36.15666],[-115.15895,36.15689]]}},{"type":"Feature","properties":{"name":"Industrial Road","highway":"secondary","osm":"way/692140750"},"geometry":{"type":"LineString","coordinates":[[-115.15849,36.1538],[-115.15815,36.15469],[-115.15828,36.15552]]}},{"type":"Feature","properties":{"name":"Industrial Road","highway":"secondary","osm":"way/692140753"},"geometry":{"type":"LineString","coordinates":[[-115.15907,36.15665],[-115.15866,36.15587]]}},{"type":"Feature","properties":{"name":"Howard Hughes Parkway","highway":"tertiary","osm":"way/696962964"},"geometry":{"type":"LineString","coordinates":[[-115.1578,36.12119],[-115.15761,36.12176]]}},{"type":"Feature","properties":{"name":"Sands Avenue","highway":"secondary","osm":"way/696962965"},"geometry":{"type":"LineString","coordinates":[[-115.15756,36.12189],[-115.15768,36.12193]]}},{"type":"Feature","properties":{"name":"Sands Avenue","highway":"secondary","osm":"way/696962966"},"geometry":{"type":"LineString","coordinates":[[-115.15699,36.12169],[-115.15756,36.12189]]}},{"type":"Feature","properties":{"name":"Sands Avenue","highway":"secondary","osm":"way/696962967"},"geometry":{"type":"LineString","coordinates":[[-115.15626,36.12145],[-115.15699,36.12169]]}},{"type":"Feature","properties":{"name":"Sands Avenue","highway":"secondary","osm":"way/696962968"},"geometry":{"type":"LineString","coordinates":[[-115.15558,36.12119],[-115.15506,36.12125]]}},{"type":"Feature","properties":{"name":"Sands Avenue","highway":"secondary","osm":"way/696962969"},"geometry":{"type":"LineString","coordinates":[[-115.15761,36.12176],[-115.15637,36.12134]]}},{"type":"Feature","properties":{"name":"Paradise Road","highway":"primary","osm":"way/696962970"},"geometry":{"type":"LineString","coordinates":[[-115.15496,36.1228],[-115.15497,36.12228]]}},{"type":"Feature","properties":{"name":"Sands Avenue","highway":"secondary","osm":"way/697172634"},"geometry":{"type":"LineString","coordinates":[[-115.15775,36.12181],[-115.15761,36.12176]]}},{"type":"Feature","properties":{"name":"Sands Avenue","highway":"secondary","osm":"way/697172635"},"geometry":{"type":"LineString","coordinates":[[-115.15832,36.12199],[-115.15775,36.12181]]}},{"type":"Feature","properties":{"name":"First Interstate Drive","highway":"unclassified","osm":"way/697211809"},"geometry":{"type":"LineString","coordinates":[[-115.15742,36.11933],[-115.15886,36.1191]]}},{"type":"Feature","properties":{"name":"First Interstate Drive","highway":"unclassified","osm":"way/697211810"},"geometry":{"type":"LineString","coordinates":[[-115.15604,36.11946],[-115.15684,36.1195]]}},{"type":"Feature","properties":{"name":"First Interstate Drive","highway":"unclassified","osm":"way/697211811"},"geometry":{"type":"LineString","coordinates":[[-115.1572,36.11929],[-115.15604,36.11946]]}},{"type":"Feature","properties":{"name":null,"highway":"motorway_link","osm":"way/700807037"},"geometry":{"type":"LineString","coordinates":[[-115.13755,36.17401],[-115.13775,36.17407]]}},{"type":"Feature","properties":{"name":null,"highway":"motorway_link","osm":"way/700807056"},"geometry":{"type":"LineString","coordinates":[[-115.13775,36.17407],[-115.13845,36.17415]]}},{"type":"Feature","properties":{"name":null,"highway":"motorway_link","osm":"way/700807658"},"geometry":{"type":"LineString","coordinates":[[-115.11604,36.16893],[-115.11663,36.1688]]}},{"type":"Feature","properties":{"name":null,"highway":"motorway_link","osm":"way/700807659"},"geometry":{"type":"LineString","coordinates":[[-115.11521,36.16877],[-115.11583,36.16893]]}},{"type":"Feature","properties":{"name":null,"highway":"motorway_link","osm":"way/700807794"},"geometry":{"type":"LineString","coordinates":[[-115.11693,36.16739],[-115.11596,36.16737]]}},{"type":"Feature","properties":{"name":null,"highway":"motorway_link","osm":"way/700808165"},"geometry":{"type":"LineString","coordinates":[[-115.11571,36.16738],[-115.11532,36.16743]]}},{"type":"Feature","properties":{"name":"Purple Heart Highway","highway":"motorway","osm":"way/700820388"},"geometry":{"type":"LineString","coordinates":[[-115.14464,36.17547],[-115.14209,36.17477]]}},{"type":"Feature","properties":{"name":"Purple Heart Highway","highway":"motorway","osm":"way/700821302"},"geometry":{"type":"LineString","coordinates":[[-115.14231,36.175],[-115.14415,36.17554],[-115.14584,36.17565]]}},{"type":"Feature","properties":{"name":"North 4th Street","highway":"secondary","osm":"way/700821626"},"geometry":{"type":"LineString","coordinates":[[-115.14032,36.17202],[-115.14027,36.17211]]}},{"type":"Feature","properties":{"name":"Purple Heart Highway","highway":"motorway","osm":"way/700823355"},"geometry":{"type":"LineString","coordinates":[[-115.12152,36.16779],[-115.12083,36.1678]]}},{"type":"Feature","properties":{"name":"East Bonanza Road","highway":"secondary","osm":"way/705608728"},"geometry":{"type":"LineString","coordinates":[[-115.14216,36.17692],[-115.14097,36.17646]]}},{"type":"Feature","properties":{"name":"Veterans Memorial Drive","highway":"tertiary","osm":"way/705608729"},"geometry":{"type":"LineString","coordinates":[[-115.14027,36.17618],[-115.13999,36.17642]]}},{"type":"Feature","properties":{"name":"North Casino Center Boulevard","highway":"secondary","osm":"way/705608730"},"geometry":{"type":"LineString","coordinates":[[-115.14251,36.17302],[-115.14177,36.1742]]}},{"type":"Feature","properties":{"name":null,"highway":"secondary_link","osm":"way/705608732"},"geometry":{"type":"LineString","coordinates":[[-115.14096,36.17462],[-115.14139,36.17487]]}},{"type":"Feature","properties":{"name":"North Casino Center Boulevard","highway":"secondary","osm":"way/705608737"},"geometry":{"type":"LineString","coordinates":[[-115.14291,36.17239],[-115.14251,36.17302]]}},{"type":"Feature","properties":{"name":"Stewart Avenue","highway":"primary","osm":"way/705613696"},"geometry":{"type":"LineString","coordinates":[[-115.14327,36.17334],[-115.14299,36.17322]]}},{"type":"Feature","properties":{"name":"Stewart Avenue","highway":"primary","osm":"way/705922541"},"geometry":{"type":"LineString","coordinates":[[-115.14251,36.17302],[-115.14225,36.1729]]}},{"type":"Feature","properties":{"name":"East Bonanza Road","highway":"secondary","osm":"way/705922542"},"geometry":{"type":"LineString","coordinates":[[-115.14027,36.17618],[-115.13978,36.17603]]}},{"type":"Feature","properties":{"name":"North Casino Center Boulevard","highway":"secondary","osm":"way/705922543"},"geometry":{"type":"LineString","coordinates":[[-115.14106,36.17539],[-115.14122,36.17516]]}},{"type":"Feature","properties":{"name":"Veterans Memorial Drive","highway":"tertiary","osm":"way/705922544"},"geometry":{"type":"LineString","coordinates":[[-115.13985,36.1766],[-115.13928,36.17719],[-115.13705,36.1782],[-115.1367,36.18118]]}},{"type":"Feature","properties":{"name":"North Las Vegas Boulevard","highway":"primary","osm":"way/706109026"},"geometry":{"type":"LineString","coordinates":[[-115.13742,36.17458],[-115.13775,36.17407]]}},{"type":"Feature","properties":{"name":"Audrie Street","highway":"unclassified","osm":"way/707026934"},"geometry":{"type":"LineString","coordinates":[[-115.1676,36.10412],[-115.16759,36.10406]]}},{"type":"Feature","properties":{"name":"Audrie Street","highway":"unclassified","osm":"way/707026935"},"geometry":{"type":"LineString","coordinates":[[-115.16755,36.10386],[-115.16752,36.1029]]}},{"type":"Feature","properties":{"name":"Wynn South Gate","highway":"unclassified","osm":"way/707357749"},"geometry":{"type":"LineString","coordinates":[[-115.16634,36.12572],[-115.16653,36.12565]]}},{"type":"Feature","properties":{"name":"West Washington Avenue","highway":"primary","osm":"way/713660572"},"geometry":{"type":"LineString","coordinates":[[-115.14702,36.1809],[-115.14819,36.18088]]}},{"type":"Feature","properties":{"name":"Bronze Drive West","highway":"unclassified","osm":"way/714071066"},"geometry":{"type":"LineString","coordinates":[[-115.15319,36.12791],[-115.1532,36.12684]]}},{"type":"Feature","properties":{"name":"Stewart Avenue","highway":"primary","osm":"way/734006551"},"geometry":{"type":"LineString","coordinates":[[-115.14225,36.1729],[-115.14095,36.17234]]}},{"type":"Feature","properties":{"name":"Purple Heart Highway","highway":"motorway","osm":"way/734022449"},"geometry":{"type":"LineString","coordinates":[[-115.15487,36.17435],[-115.16048,36.17534]]}},{"type":"Feature","properties":{"name":"Purple Heart Highway","highway":"motorway","osm":"way/734022450"},"geometry":{"type":"LineString","coordinates":[[-115.15361,36.17402],[-115.15204,36.17409]]}},{"type":"Feature","properties":{"name":"South Las Vegas Boulevard","highway":"primary","osm":"way/742140361"},"geometry":{"type":"LineString","coordinates":[[-115.17303,36.11403],[-115.17305,36.11302]]}},{"type":"Feature","properties":{"name":"Vegas Loop","highway":"unclassified","osm":"way/753693763"},"geometry":{"type":"LineString","coordinates":[[-115.14627,36.12865],[-115.14644,36.13],[-115.14749,36.13092],[-115.15257,36.13127]]}},{"type":"Feature","properties":{"name":"South Road","highway":"unclassified","osm":"way/753938425"},"geometry":{"type":"LineString","coordinates":[[-115.15221,36.12788],[-115.14796,36.12797]]}},{"type":"Feature","properties":{"name":"South Road","highway":"unclassified","osm":"way/753938426"},"geometry":{"type":"LineString","coordinates":[[-115.14644,36.1281],[-115.147,36.12817]]}},{"type":"Feature","properties":{"name":"Morgan Cashmans Way","highway":"unclassified","osm":"way/754175910"},"geometry":{"type":"LineString","coordinates":[[-115.18206,36.12219],[-115.18157,36.12193]]}},{"type":"Feature","properties":{"name":"Spring Mountain Road","highway":"primary","osm":"way/759024027"},"geometry":{"type":"LineString","coordinates":[[-115.17047,36.12545],[-115.16992,36.12544]]}},{"type":"Feature","properties":{"name":"Spring Mountain Road","highway":"primary","osm":"way/759024028"},"geometry":{"type":"LineString","coordinates":[[-115.17156,36.12548],[-115.17104,36.12546]]}},{"type":"Feature","properties":{"name":"Spring Mountain Road","highway":"primary","osm":"way/759024029"},"geometry":{"type":"LineString","coordinates":[[-115.17307,36.1255],[-115.17156,36.12548]]}},{"type":"Feature","properties":{"name":"South Las Vegas Boulevard","highway":"primary","osm":"way/759070568"},"geometry":{"type":"LineString","coordinates":[[-115.1728,36.10761],[-115.1728,36.10774]]}},{"type":"Feature","properties":{"name":"South Las Vegas Boulevard","highway":"primary","osm":"way/759070569"},"geometry":{"type":"LineString","coordinates":[[-115.1728,36.10774],[-115.17281,36.10853]]}},{"type":"Feature","properties":{"name":"East Bonanza Road","highway":"secondary","osm":"way/759074212"},"geometry":{"type":"LineString","coordinates":[[-115.13788,36.17522],[-115.13762,36.17512]]}},{"type":"Feature","properties":{"name":"East Bonanza Road","highway":"secondary","osm":"way/759074213"},"geometry":{"type":"LineString","coordinates":[[-115.13762,36.17512],[-115.13754,36.17508]]}},{"type":"Feature","properties":{"name":"East Bonanza Road","highway":"secondary","osm":"way/759074214"},"geometry":{"type":"LineString","coordinates":[[-115.13963,36.17598],[-115.13788,36.17522]]}},{"type":"Feature","properties":{"name":"East Bonanza Road","highway":"secondary","osm":"way/759074215"},"geometry":{"type":"LineString","coordinates":[[-115.13978,36.17603],[-115.13963,36.17598]]}},{"type":"Feature","properties":{"name":"South Las Vegas Boulevard","highway":"primary","osm":"way/759074587"},"geometry":{"type":"LineString","coordinates":[[-115.17307,36.09595],[-115.17306,36.09541]]}},{"type":"Feature","properties":{"name":"South Las Vegas Boulevard","highway":"primary","osm":"way/759074588"},"geometry":{"type":"LineString","coordinates":[[-115.17306,36.09541],[-115.17306,36.0951]]}},{"type":"Feature","properties":{"name":"South Las Vegas Boulevard","highway":"primary","osm":"way/759074589"},"geometry":{"type":"LineString","coordinates":[[-115.17306,36.0951],[-115.17306,36.09471]]}},{"type":"Feature","properties":{"name":"West Bonanza Road","highway":"secondary","osm":"way/759075035"},"geometry":{"type":"LineString","coordinates":[[-115.14619,36.17728],[-115.1463,36.17728]]}},{"type":"Feature","properties":{"name":"West Bonanza Road","highway":"secondary","osm":"way/759075036"},"geometry":{"type":"LineString","coordinates":[[-115.14649,36.17729],[-115.14683,36.17729]]}},{"type":"Feature","properties":{"name":"West Bonanza Road","highway":"secondary","osm":"way/759075037"},"geometry":{"type":"LineString","coordinates":[[-115.1463,36.17728],[-115.14649,36.17729]]}},{"type":"Feature","properties":{"name":"Sands Avenue","highway":"secondary","osm":"way/759655748"},"geometry":{"type":"LineString","coordinates":[[-115.16926,36.12538],[-115.16752,36.12501],[-115.16596,36.12282],[-115.16506,36.12237],[-115.16416,36.1223]]}},{"type":"Feature","properties":{"name":"South Las Vegas Boulevard","highway":"primary","osm":"way/759655749"},"geometry":{"type":"LineString","coordinates":[[-115.16926,36.12538],[-115.16915,36.12553]]}},{"type":"Feature","properties":{"name":"Fremont Street","highway":"primary","osm":"way/760724562"},"geometry":{"type":"LineString","coordinates":[[-115.11844,36.15962],[-115.11689,36.15892]]}},{"type":"Feature","properties":{"name":"North Eastern Avenue","highway":"primary","osm":"way/760724563"},"geometry":{"type":"LineString","coordinates":[[-115.11841,36.15966],[-115.11837,36.15971]]}},{"type":"Feature","properties":{"name":"Fremont Street","highway":"primary","osm":"way/760724564"},"geometry":{"type":"LineString","coordinates":[[-115.11851,36.15977],[-115.11939,36.16016]]}},{"type":"Feature","properties":{"name":"North Eastern Avenue","highway":"primary","osm":"way/760724565"},"geometry":{"type":"LineString","coordinates":[[-115.11851,36.15977],[-115.11855,36.15972]]}},{"type":"Feature","properties":{"name":"Fremont Street","highway":"primary","osm":"way/760724566"},"geometry":{"type":"LineString","coordinates":[[-115.11858,36.15968],[-115.11844,36.15962]]}},{"type":"Feature","properties":{"name":"South Eastern Avenue","highway":"primary","osm":"way/760724567"},"geometry":{"type":"LineString","coordinates":[[-115.11858,36.15968],[-115.11896,36.15897]]}},{"type":"Feature","properties":{"name":"East Tropicana Avenue","highway":"primary","osm":"way/763541155"},"geometry":{"type":"LineString","coordinates":[[-115.16394,36.10078],[-115.1638,36.10078]]}},{"type":"Feature","properties":{"name":"Koval Lane","highway":"secondary","osm":"way/763541156"},"geometry":{"type":"LineString","coordinates":[[-115.16394,36.10049],[-115.16394,36.10025]]}},{"type":"Feature","properties":{"name":"South Las Vegas Boulevard","highway":"primary","osm":"way/766272709"},"geometry":{"type":"LineString","coordinates":[[-115.16279,36.13556],[-115.16322,36.1349]]}},{"type":"Feature","properties":{"name":"West Reno Avenue","highway":"tertiary","osm":"way/766326497"},"geometry":{"type":"LineString","coordinates":[[-115.17336,36.0974],[-115.17548,36.09737]]}},{"type":"Feature","properties":{"name":"Caesars Palace Drive","highway":"unclassified","osm":"way/767372238"},"geometry":{"type":"LineString","coordinates":[[-115.17298,36.11741],[-115.17363,36.11741]]}},{"type":"Feature","properties":{"name":"Dean Martin Drive","highway":"secondary","osm":"way/767375180"},"geometry":{"type":"LineString","coordinates":[[-115.18123,36.10457],[-115.18127,36.10369]]}},{"type":"Feature","properties":{"name":"East Tropicana Avenue","highway":"primary","osm":"way/775390792"},"geometry":{"type":"LineString","coordinates":[[-115.15088,36.1011],[-115.1515,36.10109]]}},{"type":"Feature","properties":{"name":"Las Vegas Freeway","highway":"motorway","osm":"way/775390798"},"geometry":{"type":"LineString","coordinates":[[-115.18054,36.10044],[-115.18054,36.10105]]}},{"type":"Feature","properties":{"name":"Las Vegas Freeway","highway":"motorway","osm":"way/775390799"},"geometry":{"type":"LineString","coordinates":[[-115.18054,36.10105],[-115.18052,36.10366]]}},{"type":"Feature","properties":{"name":"Industrial Road","highway":"secondary","osm":"way/776081878"},"geometry":{"type":"LineString","coordinates":[[-115.15866,36.15587],[-115.15838,36.15539]]}},{"type":"Feature","properties":{"name":"Industrial Road","highway":"secondary","osm":"way/776081879"},"geometry":{"type":"LineString","coordinates":[[-115.15894,36.1589],[-115.15906,36.15834]]}},{"type":"Feature","properties":{"name":"Industrial Road","highway":"secondary","osm":"way/776081885"},"geometry":{"type":"LineString","coordinates":[[-115.15838,36.15539],[-115.15832,36.15452],[-115.15911,36.15298]]}},{"type":"Feature","properties":{"name":"Industrial Road","highway":"secondary","osm":"way/776081886"},"geometry":{"type":"LineString","coordinates":[[-115.15871,36.15626],[-115.15889,36.15666]]}},{"type":"Feature","properties":{"name":"Western Avenue","highway":"tertiary","osm":"way/776081891"},"geometry":{"type":"LineString","coordinates":[[-115.15957,36.15565],[-115.15986,36.15485]]}},{"type":"Feature","properties":{"name":null,"highway":"motorway_link","osm":"way/776580021"},"geometry":{"type":"LineString","coordinates":[[-115.1598,36.15869],[-115.15974,36.15878]]}},{"type":"Feature","properties":{"name":null,"highway":"primary_link","osm":"way/776580022"},"geometry":{"type":"LineString","coordinates":[[-115.15928,36.15891],[-115.15901,36.15859]]}},{"type":"Feature","properties":{"name":"Industrial Road","highway":"secondary","osm":"way/776580023"},"geometry":{"type":"LineString","coordinates":[[-115.1592,36.15769],[-115.15916,36.15696]]}},{"type":"Feature","properties":{"name":"West Charleston Boulevard","highway":"primary","osm":"way/776580024"},"geometry":{"type":"LineString","coordinates":[[-115.15928,36.15891],[-115.15894,36.1589]]}},{"type":"Feature","properties":{"name":null,"highway":"secondary_link","osm":"way/776580025"},"geometry":{"type":"LineString","coordinates":[[-115.1592,36.15769],[-115.15895,36.157]]}},{"type":"Feature","properties":{"name":"Western Avenue","highway":"tertiary","osm":"way/776580026"},"geometry":{"type":"LineString","coordinates":[[-115.15895,36.157],[-115.15916,36.15696]]}},{"type":"Feature","properties":{"name":"Western Avenue","highway":"tertiary","osm":"way/776580027"},"geometry":{"type":"LineString","coordinates":[[-115.1596,36.15629],[-115.15913,36.15685]]}},{"type":"Feature","properties":{"name":null,"highway":"secondary_link","osm":"way/776580028"},"geometry":{"type":"LineString","coordinates":[[-115.1592,36.15769],[-115.15956,36.15674]]}},{"type":"Feature","properties":{"name":null,"highway":"primary_link","osm":"way/776580036"},"geometry":{"type":"LineString","coordinates":[[-115.15817,36.15893],[-115.15863,36.15895]]}},{"type":"Feature","properties":{"name":"Iron Horse Court","highway":"tertiary","osm":"way/776580038"},"geometry":{"type":"LineString","coordinates":[[-115.15801,36.16134],[-115.15749,36.16137],[-115.15713,36.161]]}},{"type":"Feature","properties":{"name":"Iron Horse Court","highway":"tertiary","osm":"way/776580039"},"geometry":{"type":"LineString","coordinates":[[-115.15713,36.161],[-115.15727,36.16069],[-115.15776,36.16055]]}},{"type":"Feature","properties":{"name":"Olive Street","highway":"residential","osm":"way/782602956"},"geometry":{"type":"LineString","coordinates":[[-115.11075,36.15563],[-115.10771,36.15548]]}},{"type":"Feature","properties":{"name":null,"highway":"secondary_link","osm":"way/787174093"},"geometry":{"type":"LineString","coordinates":[[-115.16395,36.11276],[-115.16408,36.11276]]}},{"type":"Feature","properties":{"name":null,"highway":"primary_link","osm":"way/788568988"},"geometry":{"type":"LineString","coordinates":[[-115.15283,36.10088],[-115.15283,36.10107]]}},{"type":"Feature","properties":{"name":"Planet Hollywood Way","highway":"unclassified","osm":"way/788699350"},"geometry":{"type":"LineString","coordinates":[[-115.1702,36.10909],[-115.17001,36.10865]]}},{"type":"Feature","properties":{"name":"Planet Hollywood Way","highway":"unclassified","osm":"way/788699351"},"geometry":{"type":"LineString","coordinates":[[-115.17001,36.10865],[-115.16998,36.10812]]}},{"type":"Feature","properties":{"name":"East Harmon Avenue","highway":"secondary","osm":"way/788699757"},"geometry":{"type":"LineString","coordinates":[[-115.17187,36.10813],[-115.17281,36.10875]]}},{"type":"Feature","properties":{"name":"Planet Hollywood Way","highway":"unclassified","osm":"way/788699758"},"geometry":{"type":"LineString","coordinates":[[-115.16986,36.10796],[-115.16983,36.10812]]}},{"type":"Feature","properties":{"name":"Planet Hollywood Way","highway":"unclassified","osm":"way/788701540"},"geometry":{"type":"LineString","coordinates":[[-115.16992,36.10764],[-115.16986,36.10796]]}},{"type":"Feature","properties":{"name":"Planet Hollywood Way","highway":"unclassified","osm":"way/788701541"},"geometry":{"type":"LineString","coordinates":[[-115.16992,36.10764],[-115.16992,36.10704]]}},{"type":"Feature","properties":{"name":"Bellagio Drive","highway":"unclassified","osm":"way/789702810"},"geometry":{"type":"LineString","coordinates":[[-115.17525,36.11211],[-115.17525,36.11191]]}},{"type":"Feature","properties":{"name":"Bellagio Drive","highway":"unclassified","osm":"way/789702811"},"geometry":{"type":"LineString","coordinates":[[-115.1751,36.11168],[-115.17467,36.11133]]}},{"type":"Feature","properties":{"name":"Las Vegas Premium Outlets Drive","highway":"unclassified","osm":"way/790178581"},"geometry":{"type":"LineString","coordinates":[[-115.15976,36.16323],[-115.15961,36.16311]]}},{"type":"Feature","properties":{"name":"Las Vegas Premium Outlets Drive","highway":"unclassified","osm":"way/790178583"},"geometry":{"type":"LineString","coordinates":[[-115.15908,36.16215],[-115.15954,36.16258]]}},{"type":"Feature","properties":{"name":"Aria Place","highway":"unclassified","osm":"way/790180232"},"geometry":{"type":"LineString","coordinates":[[-115.17604,36.10746],[-115.17604,36.10716],[-115.17577,36.10703]]}},{"type":"Feature","properties":{"name":"Sammy Davis Junior Drive","highway":"secondary","osm":"way/791500631"},"geometry":{"type":"LineString","coordinates":[[-115.17823,36.12345],[-115.17774,36.12435]]}},{"type":"Feature","properties":{"name":"Sammy Davis Junior Drive","highway":"secondary","osm":"way/791500632"},"geometry":{"type":"LineString","coordinates":[[-115.17767,36.12458],[-115.17839,36.12351]]}},{"type":"Feature","properties":{"name":"Sammy Davis Junior Drive","highway":"secondary","osm":"way/791500633"},"geometry":{"type":"LineString","coordinates":[[-115.17876,36.12272],[-115.1794,36.1216]]}},{"type":"Feature","properties":{"name":"Hall Taxi Lane","highway":"unclassified","osm":"way/791883390"},"geometry":{"type":"LineString","coordinates":[[-115.1537,36.12825],[-115.15312,36.1287]]}},{"type":"Feature","properties":{"name":"Silver Drive","highway":"unclassified","osm":"way/791883393"},"geometry":{"type":"LineString","coordinates":[[-115.15481,36.12787],[-115.15405,36.1281]]}},{"type":"Feature","properties":{"name":"Convention Center Drive","highway":"unclassified","osm":"way/791883394"},"geometry":{"type":"LineString","coordinates":[[-115.15294,36.13142],[-115.15297,36.1296]]}},{"type":"Feature","properties":{"name":"Sammy Davis Junior Drive","highway":"secondary","osm":"way/791897275"},"geometry":{"type":"LineString","coordinates":[[-115.1759,36.12736],[-115.17637,36.12663]]}},{"type":"Feature","properties":{"name":"Sammy Davis Junior Drive","highway":"secondary","osm":"way/791897276"},"geometry":{"type":"LineString","coordinates":[[-115.17515,36.12844],[-115.17447,36.1293]]}},{"type":"Feature","properties":{"name":"Sammy Davis Junior Drive","highway":"secondary","osm":"way/791897277"},"geometry":{"type":"LineString","coordinates":[[-115.17515,36.12844],[-115.17572,36.12752]]}},{"type":"Feature","properties":{"name":"Las Vegas Premium Outlets Drive","highway":"unclassified","osm":"way/791906738"},"geometry":{"type":"LineString","coordinates":[[-115.15775,36.1663],[-115.15774,36.16587]]}},{"type":"Feature","properties":{"name":"Las Vegas Premium Outlets Drive","highway":"unclassified","osm":"way/791907637"},"geometry":{"type":"LineString","coordinates":[[-115.15774,36.16587],[-115.15775,36.1663]]}},{"type":"Feature","properties":{"name":"West Bonneville Avenue","highway":"secondary","osm":"way/791907638"},"geometry":{"type":"LineString","coordinates":[[-115.15775,36.1663],[-115.15609,36.16651]]}},{"type":"Feature","properties":{"name":"Las Vegas Premium Outlets Drive","highway":"unclassified","osm":"way/791907639"},"geometry":{"type":"LineString","coordinates":[[-115.15774,36.16587],[-115.1578,36.16568]]}},{"type":"Feature","properties":{"name":"Sammy Davis Junior Drive","highway":"secondary","osm":"way/791925495"},"geometry":{"type":"LineString","coordinates":[[-115.17327,36.13119],[-115.17287,36.13177]]}},{"type":"Feature","properties":{"name":"South Maryland Parkway","highway":"primary","osm":"way/791947772"},"geometry":{"type":"LineString","coordinates":[[-115.13691,36.13077],[-115.13691,36.13203]]}},{"type":"Feature","properties":{"name":"South Maryland Parkway","highway":"primary","osm":"way/791947773"},"geometry":{"type":"LineString","coordinates":[[-115.13691,36.13203],[-115.13691,36.13249]]}},{"type":"Feature","properties":{"name":"South Maryland Parkway","highway":"primary","osm":"way/791947774"},"geometry":{"type":"LineString","coordinates":[[-115.13691,36.13249],[-115.13691,36.13203]]}},{"type":"Feature","properties":{"name":"Via del Nord","highway":"unclassified","osm":"way/792239910"},"geometry":{"type":"LineString","coordinates":[[-115.1752,36.11441],[-115.17531,36.11468]]}},{"type":"Feature","properties":{"name":"West Flamingo Road","highway":"primary","osm":"way/792239911"},"geometry":{"type":"LineString","coordinates":[[-115.17389,36.11463],[-115.17299,36.1146]]}},{"type":"Feature","properties":{"name":"Sammy Davis Junior Drive","highway":"secondary","osm":"way/792255180"},"geometry":{"type":"LineString","coordinates":[[-115.17336,36.13132],[-115.17357,36.13098]]}},{"type":"Feature","properties":{"name":"Sammy Davis Junior Drive","highway":"secondary","osm":"way/792255181"},"geometry":{"type":"LineString","coordinates":[[-115.17209,36.13311],[-115.17282,36.13211]]}},{"type":"Feature","properties":{"name":"West Twain Avenue","highway":"secondary","osm":"way/793498687"},"geometry":{"type":"LineString","coordinates":[[-115.18145,36.1198],[-115.18132,36.11978]]}},{"type":"Feature","properties":{"name":"Dean Martin Drive","highway":"secondary","osm":"way/793498688"},"geometry":{"type":"LineString","coordinates":[[-115.18145,36.1198],[-115.18156,36.11959]]}},{"type":"Feature","properties":{"name":"Dean Martin Drive","highway":"secondary","osm":"way/793498689"},"geometry":{"type":"LineString","coordinates":[[-115.18139,36.11989],[-115.18145,36.1198]]}},{"type":"Feature","properties":{"name":"West Twain Avenue","highway":"secondary","osm":"way/793498690"},"geometry":{"type":"LineString","coordinates":[[-115.18166,36.12004],[-115.18332,36.12092]]}},{"type":"Feature","properties":{"name":"Dean Martin Drive","highway":"secondary","osm":"way/793498691"},"geometry":{"type":"LineString","coordinates":[[-115.18128,36.11984],[-115.18015,36.12064]]}},{"type":"Feature","properties":{"name":"West Owens Avenue","highway":"secondary","osm":"way/793717221"},"geometry":{"type":"LineString","coordinates":[[-115.1389,36.18837],[-115.13873,36.18837]]}},{"type":"Feature","properties":{"name":"West Owens Avenue","highway":"secondary","osm":"way/793717222"},"geometry":{"type":"LineString","coordinates":[[-115.1389,36.18848],[-115.1393,36.18845]]}},{"type":"Feature","properties":{"name":"West Owens Avenue","highway":"secondary","osm":"way/793717223"},"geometry":{"type":"LineString","coordinates":[[-115.1393,36.18845],[-115.14199,36.18842]]}},{"type":"Feature","properties":{"name":"East Owens Avenue","highway":"secondary","osm":"way/793717224"},"geometry":{"type":"LineString","coordinates":[[-115.13793,36.18837],[-115.13553,36.18839]]}},{"type":"Feature","properties":{"name":"West Owens Avenue","highway":"secondary","osm":"way/793717225"},"geometry":{"type":"LineString","coordinates":[[-115.13945,36.18836],[-115.1389,36.18837]]}},{"type":"Feature","properties":{"name":null,"highway":"primary_link","osm":"way/794637430"},"geometry":{"type":"LineString","coordinates":[[-115.12939,36.15882],[-115.12894,36.15893]]}},{"type":"Feature","properties":{"name":"East Charleston Boulevard","highway":"primary","osm":"way/794637432"},"geometry":{"type":"LineString","coordinates":[[-115.12939,36.15882],[-115.12832,36.15882]]}},{"type":"Feature","properties":{"name":"East Charleston Boulevard","highway":"primary","osm":"way/794637433"},"geometry":{"type":"LineString","coordinates":[[-115.12832,36.15893],[-115.12939,36.15893]]}},{"type":"Feature","properties":{"name":"East Charleston Boulevard","highway":"primary","osm":"way/794637434"},"geometry":{"type":"LineString","coordinates":[[-115.12822,36.15887],[-115.12579,36.15886]]}},{"type":"Feature","properties":{"name":"Foremaster Lane","highway":"unclassified","osm":"way/798258173"},"geometry":{"type":"LineString","coordinates":[[-115.13405,36.18628],[-115.12512,36.18631]]}},{"type":"Feature","properties":{"name":"North Las Vegas Boulevard","highway":"primary","osm":"way/798258174"},"geometry":{"type":"LineString","coordinates":[[-115.13405,36.18628],[-115.13409,36.18751]]}},{"type":"Feature","properties":{"name":null,"highway":"residential","osm":"way/803610250"},"geometry":{"type":"LineString","coordinates":[[-115.14184,36.12606],[-115.14183,36.12679]]}},{"type":"Feature","properties":{"name":null,"highway":"secondary_link","osm":"way/805360695"},"geometry":{"type":"LineString","coordinates":[[-115.18006,36.1113],[-115.17991,36.11094]]}},{"type":"Feature","properties":{"name":"Frank Sinatra Drive","highway":"secondary","osm":"way/815058457"},"geometry":{"type":"LineString","coordinates":[[-115.17991,36.11226],[-115.17979,36.11294]]}},{"type":"Feature","properties":{"name":"Frank Sinatra Drive","highway":"secondary","osm":"way/815058459"},"geometry":{"type":"LineString","coordinates":[[-115.18004,36.10692],[-115.18005,36.10651]]}},{"type":"Feature","properties":{"name":"West Twain Avenue","highway":"secondary","osm":"way/815060675"},"geometry":{"type":"LineString","coordinates":[[-115.18585,36.12199],[-115.18479,36.12146]]}},{"type":"Feature","properties":{"name":"Arena Drive","highway":"unclassified","osm":"way/815071142"},"geometry":{"type":"LineString","coordinates":[[-115.17938,36.10167],[-115.17925,36.10167]]}},{"type":"Feature","properties":{"name":"Frank Sinatra Drive","highway":"secondary","osm":"way/815071143"},"geometry":{"type":"LineString","coordinates":[[-115.17938,36.10167],[-115.17963,36.0999]]}},{"type":"Feature","properties":{"name":"Frank Sinatra Drive","highway":"secondary","osm":"way/815071144"},"geometry":{"type":"LineString","coordinates":[[-115.17925,36.10167],[-115.17946,36.10255]]}},{"type":"Feature","properties":{"name":"East Desert Inn Road","highway":"primary","osm":"way/815449614"},"geometry":{"type":"LineString","coordinates":[[-115.13517,36.12979],[-115.13456,36.12979]]}},{"type":"Feature","properties":{"name":null,"highway":"primary_link","osm":"way/815493672"},"geometry":{"type":"LineString","coordinates":[[-115.14685,36.18009],[-115.147,36.18]]}},{"type":"Feature","properties":{"name":"D Street","highway":"secondary","osm":"way/815493673"},"geometry":{"type":"LineString","coordinates":[[-115.14687,36.18041],[-115.14689,36.1809]]}},{"type":"Feature","properties":{"name":"D Street","highway":"secondary","osm":"way/815493674"},"geometry":{"type":"LineString","coordinates":[[-115.14698,36.17982],[-115.14694,36.17909]]}},{"type":"Feature","properties":{"name":"Audrie Street","highway":"unclassified","osm":"way/816299299"},"geometry":{"type":"LineString","coordinates":[[-115.16759,36.10406],[-115.16755,36.10386]]}},{"type":"Feature","properties":{"name":"Audrie Street","highway":"unclassified","osm":"way/816299300"},"geometry":{"type":"LineString","coordinates":[[-115.16759,36.10435],[-115.1676,36.10412]]}},{"type":"Feature","properties":{"name":"Dean Martin Drive","highway":"secondary","osm":"way/816307667"},"geometry":{"type":"LineString","coordinates":[[-115.18121,36.10886],[-115.18123,36.10457]]}},{"type":"Feature","properties":{"name":"Clark Avenue","highway":"secondary","osm":"way/822081470"},"geometry":{"type":"LineString","coordinates":[[-115.14485,36.16507],[-115.146,36.16556]]}},{"type":"Feature","properties":{"name":"Koval Lane","highway":"secondary","osm":"way/827274526"},"geometry":{"type":"LineString","coordinates":[[-115.16384,36.10275],[-115.16384,36.10282]]}},{"type":"Feature","properties":{"name":"MGM Road","highway":"unclassified","osm":"way/827274527"},"geometry":{"type":"LineString","coordinates":[[-115.16399,36.10288],[-115.16383,36.10288]]}},{"type":"Feature","properties":{"name":null,"highway":"primary_link","osm":"way/828220468"},"geometry":{"type":"LineString","coordinates":[[-115.15124,36.16376],[-115.15162,36.16393]]}},{"type":"Feature","properties":{"name":null,"highway":"secondary_link","osm":"way/833858511"},"geometry":{"type":"LineString","coordinates":[[-115.16399,36.11823],[-115.16414,36.11878]]}},{"type":"Feature","properties":{"name":"Buccaneer Boulevard","highway":"unclassified","osm":"way/839722688"},"geometry":{"type":"LineString","coordinates":[[-115.17337,36.12384],[-115.17338,36.12384]]}},{"type":"Feature","properties":{"name":"Buccaneer Boulevard","highway":"unclassified","osm":"way/839722689"},"geometry":{"type":"LineString","coordinates":[[-115.17338,36.12384],[-115.17396,36.12385]]}},{"type":"Feature","properties":{"name":"Buccaneer Boulevard","highway":"unclassified","osm":"way/839722690"},"geometry":{"type":"LineString","coordinates":[[-115.17335,36.12383],[-115.17337,36.12384]]}},{"type":"Feature","properties":{"name":"South Commerce Street","highway":"secondary","osm":"way/840026354"},"geometry":{"type":"LineString","coordinates":[[-115.15497,36.1575],[-115.15501,36.15706]]}},{"type":"Feature","properties":{"name":"South Commerce Street","highway":"secondary","osm":"way/840026355"},"geometry":{"type":"LineString","coordinates":[[-115.1551,36.15619],[-115.15523,36.15486]]}},{"type":"Feature","properties":{"name":"Sunrise Hospital Drive","highway":"unclassified","osm":"way/840852732"},"geometry":{"type":"LineString","coordinates":[[-115.13632,36.13386],[-115.1369,36.13369]]}},{"type":"Feature","properties":{"name":"South Maryland Parkway","highway":"primary","osm":"way/840852733"},"geometry":{"type":"LineString","coordinates":[[-115.13682,36.13388],[-115.13682,36.13417]]}},{"type":"Feature","properties":{"name":"South Maryland Parkway","highway":"primary","osm":"way/840852734"},"geometry":{"type":"LineString","coordinates":[[-115.13682,36.13417],[-115.1369,36.13432]]}},{"type":"Feature","properties":{"name":"South Maryland Parkway","highway":"primary","osm":"way/840852736"},"geometry":{"type":"LineString","coordinates":[[-115.13698,36.13388],[-115.1369,36.13369]]}},{"type":"Feature","properties":{"name":"Aria Way","highway":"unclassified","osm":"way/841741508"},"geometry":{"type":"LineString","coordinates":[[-115.17755,36.10837],[-115.17749,36.10825]]}},{"type":"Feature","properties":{"name":null,"highway":"motorway_link","osm":"way/843128990"},"geometry":{"type":"LineString","coordinates":[[-115.17983,36.11466],[-115.1798,36.11496]]}},{"type":"Feature","properties":{"name":"Bridger Avenue","highway":"tertiary","osm":"way/843791990"},"geometry":{"type":"LineString","coordinates":[[-115.14444,36.16788],[-115.14333,36.16741]]}},{"type":"Feature","properties":{"name":"South 3rd Street","highway":"tertiary","osm":"way/843791991"},"geometry":{"type":"LineString","coordinates":[[-115.14434,36.16804],[-115.14444,36.16788]]}},{"type":"Feature","properties":{"name":"South 3rd Street","highway":"tertiary","osm":"way/843791992"},"geometry":{"type":"LineString","coordinates":[[-115.14461,36.16762],[-115.146,36.16556]]}},{"type":"Feature","properties":{"name":"South Main Street","highway":"secondary","osm":"way/845025387"},"geometry":{"type":"LineString","coordinates":[[-115.15378,36.15611],[-115.15368,36.15745]]}},{"type":"Feature","properties":{"name":"South 17th Street","highway":"residential","osm":"way/845559533"},"geometry":{"type":"LineString","coordinates":[[-115.12893,36.15941],[-115.12894,36.15893]]}},{"type":"Feature","properties":{"name":"Koval Lane","highway":"secondary","osm":"way/847458816"},"geometry":{"type":"LineString","coordinates":[[-115.16396,36.11573],[-115.16396,36.1159]]}},{"type":"Feature","properties":{"name":"Koval Lane","highway":"secondary","osm":"way/847458817"},"geometry":{"type":"LineString","coordinates":[[-115.16396,36.1159],[-115.16397,36.11626]]}},{"type":"Feature","properties":{"name":"Koval Lane","highway":"secondary","osm":"way/847458819"},"geometry":{"type":"LineString","coordinates":[[-115.1641,36.11559],[-115.1641,36.11495]]}},{"type":"Feature","properties":{"name":"Koval Lane","highway":"secondary","osm":"way/847458820"},"geometry":{"type":"LineString","coordinates":[[-115.1641,36.11576],[-115.1641,36.11559]]}},{"type":"Feature","properties":{"name":"South Main Street","highway":"primary","osm":"way/848246772"},"geometry":{"type":"LineString","coordinates":[[-115.1486,36.16816],[-115.14805,36.16902]]}},{"type":"Feature","properties":{"name":"Lewis Avenue","highway":"unclassified","osm":"way/848246773"},"geometry":{"type":"LineString","coordinates":[[-115.1486,36.16816],[-115.1475,36.1677]]}},{"type":"Feature","properties":{"name":"South Main Street","highway":"primary","osm":"way/848246775"},"geometry":{"type":"LineString","coordinates":[[-115.1487,36.16821],[-115.14913,36.16755]]}},{"type":"Feature","properties":{"name":"LINQ Lane","highway":"unclassified","osm":"way/848772877"},"geometry":{"type":"LineString","coordinates":[[-115.1681,36.1181],[-115.16795,36.11739]]}},{"type":"Feature","properties":{"name":"LINQ Lane","highway":"unclassified","osm":"way/848772878"},"geometry":{"type":"LineString","coordinates":[[-115.1681,36.1181],[-115.16824,36.1188]]}},{"type":"Feature","properties":{"name":"LINQ Lane","highway":"unclassified","osm":"way/848772880"},"geometry":{"type":"LineString","coordinates":[[-115.16824,36.11894],[-115.16825,36.11937],[-115.16848,36.11941]]}},{"type":"Feature","properties":{"name":"LINQ Lane","highway":"unclassified","osm":"way/848772881"},"geometry":{"type":"LineString","coordinates":[[-115.16824,36.1188],[-115.16824,36.11894]]}},{"type":"Feature","properties":{"name":"Coolidge Avenue","highway":"unclassified","osm":"way/860872733"},"geometry":{"type":"LineString","coordinates":[[-115.15101,36.16026],[-115.15087,36.1602]]}},{"type":"Feature","properties":{"name":"Coolidge Avenue","highway":"unclassified","osm":"way/860872734"},"geometry":{"type":"LineString","coordinates":[[-115.15247,36.16088],[-115.15121,36.16035]]}},{"type":"Feature","properties":{"name":"Iron Horse Court","highway":"tertiary","osm":"way/865241871"},"geometry":{"type":"LineString","coordinates":[[-115.15832,36.16054],[-115.15864,36.16044]]}},{"type":"Feature","properties":{"name":"Iron Horse Court","highway":"secondary","osm":"way/865241873"},"geometry":{"type":"LineString","coordinates":[[-115.15707,36.16122],[-115.15757,36.16152]]}},{"type":"Feature","properties":{"name":"Lewis Avenue","highway":"residential","osm":"way/879139309"},"geometry":{"type":"LineString","coordinates":[[-115.12271,36.15981],[-115.12143,36.15998]]}},{"type":"Feature","properties":{"name":"Cathedral Way","highway":"unclassified","osm":"way/886592898"},"geometry":{"type":"LineString","coordinates":[[-115.16515,36.13115],[-115.16533,36.13135]]}},{"type":"Feature","properties":{"name":"Fremont Street","highway":"primary","osm":"way/889419729"},"geometry":{"type":"LineString","coordinates":[[-115.11665,36.15877],[-115.1165,36.15868]]}},{"type":"Feature","properties":{"name":"Fremont Street","highway":"primary","osm":"way/889419730"},"geometry":{"type":"LineString","coordinates":[[-115.11229,36.15545],[-115.11635,36.15877]]}},{"type":"Feature","properties":{"name":null,"highway":"primary_link","osm":"way/891411306"},"geometry":{"type":"LineString","coordinates":[[-115.17318,36.10756],[-115.17329,36.10683],[-115.17361,36.10678]]}},{"type":"Feature","properties":{"name":null,"highway":"primary_link","osm":"way/891411308"},"geometry":{"type":"LineString","coordinates":[[-115.17334,36.10646],[-115.17317,36.10651]]}},{"type":"Feature","properties":{"name":"Spring Mountain Road","highway":"primary","osm":"way/896485303"},"geometry":{"type":"LineString","coordinates":[[-115.17312,36.12565],[-115.17329,36.12566]]}},{"type":"Feature","properties":{"name":"Spring Mountain Road","highway":"primary","osm":"way/896485304"},"geometry":{"type":"LineString","coordinates":[[-115.17329,36.12566],[-115.17381,36.1257]]}},{"type":"Feature","properties":{"name":"Mel Tormé Way","highway":"secondary","osm":"way/896485305"},"geometry":{"type":"LineString","coordinates":[[-115.17344,36.12603],[-115.17329,36.12566]]}},{"type":"Feature","properties":{"name":"Convention Center Drive","highway":"unclassified","osm":"way/899753066"},"geometry":{"type":"LineString","coordinates":[[-115.15297,36.12926],[-115.15297,36.1292]]}},{"type":"Feature","properties":{"name":"Convention Center Drive","highway":"unclassified","osm":"way/899753067"},"geometry":{"type":"LineString","coordinates":[[-115.15297,36.1296],[-115.15297,36.12926]]}},{"type":"Feature","properties":{"name":"South Commerce Street","highway":"primary","osm":"way/901209886"},"geometry":{"type":"LineString","coordinates":[[-115.15487,36.15892],[-115.15486,36.15877]]}},{"type":"Feature","properties":{"name":"East Bonanza Road","highway":"secondary","osm":"way/910346378"},"geometry":{"type":"LineString","coordinates":[[-115.13649,36.17464],[-115.13553,36.17422]]}},{"type":"Feature","properties":{"name":"East Bonanza Road","highway":"secondary","osm":"way/910346379"},"geometry":{"type":"LineString","coordinates":[[-115.13658,36.17468],[-115.13649,36.17464]]}},{"type":"Feature","properties":{"name":"East Bonanza Road","highway":"secondary","osm":"way/910346380"},"geometry":{"type":"LineString","coordinates":[[-115.13676,36.17475],[-115.13658,36.17468]]}},{"type":"Feature","properties":{"name":"Aldebaran Avenue","highway":"tertiary","osm":"way/911365517"},"geometry":{"type":"LineString","coordinates":[[-115.18343,36.10823],[-115.18344,36.10809]]}},{"type":"Feature","properties":{"name":null,"highway":"secondary_link","osm":"way/911365529"},"geometry":{"type":"LineString","coordinates":[[-115.18463,36.10824],[-115.18553,36.10814]]}},{"type":"Feature","properties":{"name":"East Bonneville Avenue","highway":"secondary","osm":"way/912644914"},"geometry":{"type":"LineString","coordinates":[[-115.13706,36.16023],[-115.13656,36.16001]]}},{"type":"Feature","properties":{"name":null,"highway":"motorway_link","osm":"way/924607535"},"geometry":{"type":"LineString","coordinates":[[-115.18102,36.12632],[-115.18127,36.12615]]}},{"type":"Feature","properties":{"name":"Spring Mountain Road","highway":"secondary","osm":"way/924607536"},"geometry":{"type":"LineString","coordinates":[[-115.18217,36.12618],[-115.18127,36.12615]]}},{"type":"Feature","properties":{"name":"Spring Mountain Road","highway":"secondary","osm":"way/924607537"},"geometry":{"type":"LineString","coordinates":[[-115.182,36.12633],[-115.18316,36.12635]]}},{"type":"Feature","properties":{"name":"Spring Mountain Road","highway":"secondary","osm":"way/924607539"},"geometry":{"type":"LineString","coordinates":[[-115.18102,36.12632],[-115.18139,36.12633]]}},{"type":"Feature","properties":{"name":"Garden Lane","highway":"residential","osm":"way/928088680"},"geometry":{"type":"LineString","coordinates":[[-115.13755,36.09494],[-115.13756,36.0954]]}},{"type":"Feature","properties":{"name":"Garden Lane","highway":"residential","osm":"way/928088681"},"geometry":{"type":"LineString","coordinates":[[-115.13756,36.09593],[-115.13756,36.0954]]}},{"type":"Feature","properties":{"name":"Garden Lane","highway":"residential","osm":"way/928088682"},"geometry":{"type":"LineString","coordinates":[[-115.13756,36.09593],[-115.13757,36.09642]]}},{"type":"Feature","properties":{"name":"Garden Lane","highway":"residential","osm":"way/928088683"},"geometry":{"type":"LineString","coordinates":[[-115.13756,36.0968],[-115.13757,36.09642]]}},{"type":"Feature","properties":{"name":"Golden Lane","highway":"residential","osm":"way/928088684"},"geometry":{"type":"LineString","coordinates":[[-115.13836,36.09713],[-115.13837,36.09684]]}},{"type":"Feature","properties":{"name":"Golden Lane","highway":"residential","osm":"way/928088685"},"geometry":{"type":"LineString","coordinates":[[-115.13836,36.09638],[-115.13836,36.09594]]}},{"type":"Feature","properties":{"name":"Golden Lane","highway":"residential","osm":"way/928088687"},"geometry":{"type":"LineString","coordinates":[[-115.13836,36.0954],[-115.13835,36.09497]]}},{"type":"Feature","properties":{"name":"Greene Lane","highway":"residential","osm":"way/928088688"},"geometry":{"type":"LineString","coordinates":[[-115.13916,36.09722],[-115.13916,36.09718]]}},{"type":"Feature","properties":{"name":"Greene Lane","highway":"residential","osm":"way/928088689"},"geometry":{"type":"LineString","coordinates":[[-115.13916,36.09681],[-115.13916,36.09718]]}},{"type":"Feature","properties":{"name":"Greene Lane","highway":"residential","osm":"way/928088690"},"geometry":{"type":"LineString","coordinates":[[-115.13916,36.09681],[-115.13915,36.09641]]}},{"type":"Feature","properties":{"name":"Greene Lane","highway":"residential","osm":"way/928088691"},"geometry":{"type":"LineString","coordinates":[[-115.13915,36.09596],[-115.13915,36.09641]]}},{"type":"Feature","properties":{"name":"Greene Lane","highway":"residential","osm":"way/928088692"},"geometry":{"type":"LineString","coordinates":[[-115.13915,36.09596],[-115.13915,36.09538]]}},{"type":"Feature","properties":{"name":"Greene Lane","highway":"residential","osm":"way/928088693"},"geometry":{"type":"LineString","coordinates":[[-115.13914,36.09493],[-115.13915,36.09538]]}},{"type":"Feature","properties":{"name":"Gray Lane","highway":"residential","osm":"way/928088699"},"geometry":{"type":"LineString","coordinates":[[-115.13993,36.09492],[-115.13994,36.09538]]}},{"type":"Feature","properties":{"name":"Gray Lane","highway":"residential","osm":"way/928088700"},"geometry":{"type":"LineString","coordinates":[[-115.13994,36.09592],[-115.13994,36.09538]]}},{"type":"Feature","properties":{"name":"Gray Lane","highway":"residential","osm":"way/928088701"},"geometry":{"type":"LineString","coordinates":[[-115.13994,36.09592],[-115.13995,36.09623]]}},{"type":"Feature","properties":{"name":"Grand Central Parkway","highway":"secondary","osm":"way/944270548"},"geometry":{"type":"LineString","coordinates":[[-115.15818,36.16103],[-115.15788,36.16153]]}},{"type":"Feature","properties":{"name":"Civic Center Drive","highway":"primary","osm":"way/944989328"},"geometry":{"type":"LineString","coordinates":[[-115.1163,36.19217],[-115.1162,36.18854]]}},{"type":"Feature","properties":{"name":"Vegas Loop","highway":"unclassified","osm":"way/948544677"},"geometry":{"type":"LineString","coordinates":[[-115.14673,36.12841],[-115.14668,36.12831]]}},{"type":"Feature","properties":{"name":"Vegas Loop","highway":"unclassified","osm":"way/948544696"},"geometry":{"type":"LineString","coordinates":[[-115.1533,36.13136],[-115.15267,36.13111]]}},{"type":"Feature","properties":{"name":"Vegas Loop","highway":"unclassified","osm":"way/948544697"},"geometry":{"type":"LineString","coordinates":[[-115.16003,36.13308],[-115.15981,36.13298]]}},{"type":"Feature","properties":{"name":"Vegas Loop","highway":"unclassified","osm":"way/948544698"},"geometry":{"type":"LineString","coordinates":[[-115.15971,36.13262],[-115.15981,36.13267]]}},{"type":"Feature","properties":{"name":"Vegas Loop","highway":"unclassified","osm":"way/948544699"},"geometry":{"type":"LineString","coordinates":[[-115.15985,36.13261],[-115.15975,36.13256]]}},{"type":"Feature","properties":{"name":"Vegas Loop","highway":"unclassified","osm":"way/948544700"},"geometry":{"type":"LineString","coordinates":[[-115.15967,36.13317],[-115.16025,36.13339],[-115.16034,36.13322],[-115.16003,36.13308]]}},{"type":"Feature","properties":{"name":"Vegas Loop","highway":"unclassified","osm":"way/948544702"},"geometry":{"type":"LineString","coordinates":[[-115.15971,36.13295],[-115.15967,36.13317]]}},{"type":"Feature","properties":{"name":"Vegas Loop","highway":"unclassified","osm":"way/948544710"},"geometry":{"type":"LineString","coordinates":[[-115.15981,36.13298],[-115.15989,36.13272]]}},{"type":"Feature","properties":{"name":"Vegas Loop","highway":"unclassified","osm":"way/948544714"},"geometry":{"type":"LineString","coordinates":[[-115.15984,36.13273],[-115.15971,36.13295]]}},{"type":"Feature","properties":{"name":"Vegas Loop","highway":"unclassified","osm":"way/948544717"},"geometry":{"type":"LineString","coordinates":[[-115.14628,36.12838],[-115.14627,36.12865]]}},{"type":"Feature","properties":{"name":"Vegas Loop","highway":"unclassified","osm":"way/948544719"},"geometry":{"type":"LineString","coordinates":[[-115.15267,36.13111],[-115.1518,36.13093],[-115.14839,36.13101],[-115.14754,36.13085],[-115.14654,36.12997],[-115.14632,36.12865]]}},{"type":"Feature","properties":{"name":"Vegas Loop","highway":"unclassified","osm":"way/948550325"},"geometry":{"type":"LineString","coordinates":[[-115.15984,36.13272],[-115.15984,36.13273]]}},{"type":"Feature","properties":{"name":"Vegas Loop","highway":"unclassified","osm":"way/948550326"},"geometry":{"type":"LineString","coordinates":[[-115.15981,36.13267],[-115.15984,36.13272]]}},{"type":"Feature","properties":{"name":"Vegas Loop","highway":"unclassified","osm":"way/948550327"},"geometry":{"type":"LineString","coordinates":[[-115.1599,36.1327],[-115.15985,36.13261]]}},{"type":"Feature","properties":{"name":"Vegas Loop","highway":"unclassified","osm":"way/948550328"},"geometry":{"type":"LineString","coordinates":[[-115.15989,36.13272],[-115.1599,36.1327]]}},{"type":"Feature","properties":{"name":"Vegas Loop","highway":"unclassified","osm":"way/948553373"},"geometry":{"type":"LineString","coordinates":[[-115.14637,36.12831],[-115.14629,36.12835]]}},{"type":"Feature","properties":{"name":"Vegas Loop","highway":"unclassified","osm":"way/948553374"},"geometry":{"type":"LineString","coordinates":[[-115.14668,36.12831],[-115.14637,36.12831]]}},{"type":"Feature","properties":{"name":"Vegas Loop","highway":"unclassified","osm":"way/948553375"},"geometry":{"type":"LineString","coordinates":[[-115.14666,36.12836],[-115.14644,36.12837]]}},{"type":"Feature","properties":{"name":"Vegas Loop","highway":"unclassified","osm":"way/948553376"},"geometry":{"type":"LineString","coordinates":[[-115.14672,36.12834],[-115.14666,36.12836]]}},{"type":"Feature","properties":{"name":"Vegas Loop","highway":"unclassified","osm":"way/948553377"},"geometry":{"type":"LineString","coordinates":[[-115.14644,36.12843],[-115.14668,36.12842]]}},{"type":"Feature","properties":{"name":"Vegas Loop","highway":"unclassified","osm":"way/948553378"},"geometry":{"type":"LineString","coordinates":[[-115.1464,36.12844],[-115.14644,36.12843]]}},{"type":"Feature","properties":{"name":"Vegas Loop","highway":"unclassified","osm":"way/948553379"},"geometry":{"type":"LineString","coordinates":[[-115.1464,36.12844],[-115.14672,36.12841]]}},{"type":"Feature","properties":{"name":"Vegas Loop","highway":"unclassified","osm":"way/948553390"},"geometry":{"type":"LineString","coordinates":[[-115.14644,36.12837],[-115.1463,36.12834]]}},{"type":"Feature","properties":{"name":"Vegas Loop","highway":"unclassified","osm":"way/948553391"},"geometry":{"type":"LineString","coordinates":[[-115.14668,36.12842],[-115.14628,36.12838]]}},{"type":"Feature","properties":{"name":"Vegas Loop","highway":"unclassified","osm":"way/948566153"},"geometry":{"type":"LineString","coordinates":[[-115.14632,36.12865],[-115.1464,36.12844]]}},{"type":"Feature","properties":{"name":"Vegas Loop","highway":"unclassified","osm":"way/948566155"},"geometry":{"type":"LineString","coordinates":[[-115.15975,36.13256],[-115.15871,36.13229],[-115.15536,36.13223],[-115.1533,36.13136]]}},{"type":"Feature","properties":{"name":"Vegas Loop","highway":"unclassified","osm":"way/948566156"},"geometry":{"type":"LineString","coordinates":[[-115.15257,36.13127],[-115.1532,36.13153]]}},{"type":"Feature","properties":{"name":"Vegas Loop","highway":"unclassified","osm":"way/948566157"},"geometry":{"type":"LineString","coordinates":[[-115.1532,36.13153],[-115.15495,36.13228],[-115.1587,36.13235],[-115.15971,36.13262]]}},{"type":"Feature","properties":{"name":"South Road","highway":"unclassified","osm":"way/948568498"},"geometry":{"type":"LineString","coordinates":[[-115.14607,36.12807],[-115.14644,36.1281]]}},{"type":"Feature","properties":{"name":null,"highway":"secondary_link","osm":"way/949581799"},"geometry":{"type":"LineString","coordinates":[[-115.17929,36.10797],[-115.17794,36.10814]]}},{"type":"Feature","properties":{"name":"Harmon Circle","highway":"unclassified","osm":"way/949581800"},"geometry":{"type":"LineString","coordinates":[[-115.17784,36.10825],[-115.17702,36.10864],[-115.17741,36.10907],[-115.17798,36.10894],[-115.17784,36.10825]]}},{"type":"Feature","properties":{"name":"Harmon West Exit","highway":"secondary_link","osm":"way/949581801"},"geometry":{"type":"LineString","coordinates":[[-115.17809,36.10876],[-115.1782,36.10844],[-115.17927,36.10822]]}},{"type":"Feature","properties":{"name":null,"highway":"secondary_link","osm":"way/949581802"},"geometry":{"type":"LineString","coordinates":[[-115.17736,36.10846],[-115.17667,36.10898]]}},{"type":"Feature","properties":{"name":"Harmon West Exit","highway":"secondary_link","osm":"way/949581803"},"geometry":{"type":"LineString","coordinates":[[-115.17927,36.10822],[-115.17985,36.10817]]}},{"type":"Feature","properties":{"name":null,"highway":"secondary_link","osm":"way/949581804"},"geometry":{"type":"LineString","coordinates":[[-115.17998,36.10806],[-115.17929,36.10797]]}},{"type":"Feature","properties":{"name":null,"highway":"secondary_link","osm":"way/949581805"},"geometry":{"type":"LineString","coordinates":[[-115.17794,36.10814],[-115.17773,36.10809]]}},{"type":"Feature","properties":{"name":"Harmon West Exit","highway":"secondary_link","osm":"way/949581806"},"geometry":{"type":"LineString","coordinates":[[-115.17806,36.10886],[-115.17809,36.10876]]}},{"type":"Feature","properties":{"name":"Harmon West Exit","highway":"secondary_link","osm":"way/949581807"},"geometry":{"type":"LineString","coordinates":[[-115.17798,36.10894],[-115.17806,36.10886]]}},{"type":"Feature","properties":{"name":null,"highway":"secondary_link","osm":"way/949581808"},"geometry":{"type":"LineString","coordinates":[[-115.17788,36.10831],[-115.17736,36.10846]]}},{"type":"Feature","properties":{"name":null,"highway":"secondary_link","osm":"way/949581809"},"geometry":{"type":"LineString","coordinates":[[-115.17675,36.10913],[-115.17772,36.10879]]}},{"type":"Feature","properties":{"name":null,"highway":"secondary_link","osm":"way/949581810"},"geometry":{"type":"LineString","coordinates":[[-115.17772,36.10879],[-115.17798,36.10849]]}},{"type":"Feature","properties":{"name":"Vdara Way","highway":"unclassified","osm":"way/949584020"},"geometry":{"type":"LineString","coordinates":[[-115.17771,36.10858],[-115.17788,36.10876]]}},{"type":"Feature","properties":{"name":"East Bonanza Road","highway":"secondary","osm":"way/949925986"},"geometry":{"type":"LineString","coordinates":[[-115.13686,36.1748],[-115.13676,36.17475]]}},{"type":"Feature","properties":{"name":"North Las Vegas Boulevard","highway":"primary","osm":"way/949925988"},"geometry":{"type":"LineString","coordinates":[[-115.13409,36.18127],[-115.13403,36.18213]]}},{"type":"Feature","properties":{"name":null,"highway":"secondary_link","osm":"way/949972033"},"geometry":{"type":"LineString","coordinates":[[-115.17991,36.10854],[-115.18004,36.10854]]}},{"type":"Feature","properties":{"name":"Jay Sarno Way","highway":"unclassified","osm":"way/964588218"},"geometry":{"type":"LineString","coordinates":[[-115.1753,36.11833],[-115.17493,36.11837],[-115.1744,36.11805]]}},{"type":"Feature","properties":{"name":"Jay Sarno Way","highway":"unclassified","osm":"way/964588219"},"geometry":{"type":"LineString","coordinates":[[-115.1744,36.11805],[-115.17382,36.11745]]}},{"type":"Feature","properties":{"name":"Jay Sarno Way","highway":"unclassified","osm":"way/964588220"},"geometry":{"type":"LineString","coordinates":[[-115.17644,36.11825],[-115.17912,36.11841]]}},{"type":"Feature","properties":{"name":"Jay Sarno Way","highway":"unclassified","osm":"way/964588221"},"geometry":{"type":"LineString","coordinates":[[-115.17529,36.11843],[-115.17634,36.11826]]}},{"type":"Feature","properties":{"name":"Jay Sarno Way","highway":"unclassified","osm":"way/964588222"},"geometry":{"type":"LineString","coordinates":[[-115.17459,36.11836],[-115.17492,36.11846]]}},{"type":"Feature","properties":{"name":"Jay Sarno Way","highway":"unclassified","osm":"way/964588223"},"geometry":{"type":"LineString","coordinates":[[-115.17431,36.1181],[-115.17459,36.11836]]}},{"type":"Feature","properties":{"name":"Caesars Palace Drive","highway":"unclassified","osm":"way/964588226"},"geometry":{"type":"LineString","coordinates":[[-115.17366,36.11733],[-115.17357,36.11731]]}},{"type":"Feature","properties":{"name":"Jay Sarno Way","highway":"unclassified","osm":"way/964588227"},"geometry":{"type":"LineString","coordinates":[[-115.17382,36.11745],[-115.17366,36.11733]]}},{"type":"Feature","properties":{"name":"Cambridge Street","highway":"tertiary","osm":"way/965534804"},"geometry":{"type":"LineString","coordinates":[[-115.14186,36.12026],[-115.14203,36.1178]]}},{"type":"Feature","properties":{"name":"Harmon Circle","highway":"unclassified","osm":"way/970028505"},"geometry":{"type":"LineString","coordinates":[[-115.17769,36.10808],[-115.17705,36.1083]]}},{"type":"Feature","properties":{"name":"Harmon Circle","highway":"unclassified","osm":"way/970028506"},"geometry":{"type":"LineString","coordinates":[[-115.17705,36.1083],[-115.17702,36.10864]]}},{"type":"Feature","properties":{"name":"Goh Tong Way","highway":"unclassified","osm":"way/972129021"},"geometry":{"type":"LineString","coordinates":[[-115.16932,36.13306],[-115.16945,36.13364]]}},{"type":"Feature","properties":{"name":"East Owens Avenue","highway":"secondary","osm":"way/973957977"},"geometry":{"type":"LineString","coordinates":[[-115.13546,36.1885],[-115.13733,36.1885]]}},{"type":"Feature","properties":{"name":"East Owens Avenue","highway":"secondary","osm":"way/973957978"},"geometry":{"type":"LineString","coordinates":[[-115.13398,36.1884],[-115.13058,36.18842]]}},{"type":"Feature","properties":{"name":"North Las Vegas Boulevard","highway":"primary","osm":"way/973957979"},"geometry":{"type":"LineString","coordinates":[[-115.13398,36.18851],[-115.13393,36.18955],[-115.13354,36.19011]]}},{"type":"Feature","properties":{"name":"D Street","highway":"secondary","osm":"way/974964299"},"geometry":{"type":"LineString","coordinates":[[-115.14694,36.17909],[-115.14693,36.17879]]}},{"type":"Feature","properties":{"name":null,"highway":"primary_link","osm":"way/974964301"},"geometry":{"type":"LineString","coordinates":[[-115.14681,36.17912],[-115.14561,36.17979],[-115.14448,36.18089]]}},{"type":"Feature","properties":{"name":"D Street","highway":"secondary","osm":"way/974964302"},"geometry":{"type":"LineString","coordinates":[[-115.14681,36.17912],[-115.14685,36.18009]]}},{"type":"Feature","properties":{"name":null,"highway":"primary_link","osm":"way/975683903"},"geometry":{"type":"LineString","coordinates":[[-115.16703,36.12874],[-115.1672,36.12882]]}},{"type":"Feature","properties":{"name":"Wynn South Gate","highway":"unclassified","osm":"way/976244059"},"geometry":{"type":"LineString","coordinates":[[-115.1666,36.12491],[-115.16609,36.12531],[-115.16634,36.12572]]}},{"type":"Feature","properties":{"name":"Horseshoe Drive","highway":"unclassified","osm":"way/976923367"},"geometry":{"type":"LineString","coordinates":[[-115.17098,36.11355],[-115.17099,36.11334]]}},{"type":"Feature","properties":{"name":"Horseshoe Drive","highway":"unclassified","osm":"way/976923368"},"geometry":{"type":"LineString","coordinates":[[-115.17099,36.11334],[-115.17091,36.11315]]}},{"type":"Feature","properties":{"name":"Ocean Drive","highway":"unclassified","osm":"way/978076727"},"geometry":{"type":"LineString","coordinates":[[-115.16828,36.10191],[-115.16871,36.10159]]}},{"type":"Feature","properties":{"name":"Ocean Drive","highway":"unclassified","osm":"way/978076728"},"geometry":{"type":"LineString","coordinates":[[-115.16871,36.10159],[-115.16899,36.10123],[-115.16951,36.10119]]}},{"type":"Feature","properties":{"name":"Tony Bennett Way","highway":"residential","osm":"way/978610232"},"geometry":{"type":"LineString","coordinates":[[-115.15471,36.1165],[-115.15316,36.11645]]}},{"type":"Feature","properties":{"name":"East Katie Avenue","highway":"tertiary","osm":"way/978610233"},"geometry":{"type":"LineString","coordinates":[[-115.13691,36.12026],[-115.13279,36.1203]]}},{"type":"Feature","properties":{"name":"Bell Drive","highway":"unclassified","osm":"way/978611983"},"geometry":{"type":"LineString","coordinates":[[-115.14925,36.09909],[-115.14788,36.09909]]}},{"type":"Feature","properties":{"name":"Spring Mountain Road","highway":"secondary","osm":"way/980934361"},"geometry":{"type":"LineString","coordinates":[[-115.18106,36.12615],[-115.17858,36.12605]]}},{"type":"Feature","properties":{"name":null,"highway":"primary_link","osm":"way/981589619"},"geometry":{"type":"LineString","coordinates":[[-115.17308,36.10132],[-115.17363,36.10096]]}},{"type":"Feature","properties":{"name":"East Bonanza Road","highway":"secondary","osm":"way/983521594"},"geometry":{"type":"LineString","coordinates":[[-115.13754,36.17508],[-115.13718,36.17493]]}},{"type":"Feature","properties":{"name":"Haven Street","highway":"unclassified","osm":"way/988577184"},"geometry":{"type":"LineString","coordinates":[[-115.16811,36.09536],[-115.16829,36.09537]]}},{"type":"Feature","properties":{"name":"Horseshoe Drive","highway":"unclassified","osm":"way/997393196"},"geometry":{"type":"LineString","coordinates":[[-115.17078,36.11446],[-115.17078,36.11458]]}},{"type":"Feature","properties":{"name":"Horseshoe Drive","highway":"unclassified","osm":"way/997393197"},"geometry":{"type":"LineString","coordinates":[[-115.17081,36.11385],[-115.17078,36.11442]]}},{"type":"Feature","properties":{"name":"South Main Street","highway":"primary","osm":"way/999044600"},"geometry":{"type":"LineString","coordinates":[[-115.14718,36.17056],[-115.14773,36.16971]]}},{"type":"Feature","properties":{"name":"South Main Street","highway":"primary","osm":"way/999044602"},"geometry":{"type":"LineString","coordinates":[[-115.14707,36.17051],[-115.14673,36.17103]]}},{"type":"Feature","properties":{"name":"South Main Street","highway":"primary","osm":"way/999044603"},"geometry":{"type":"LineString","coordinates":[[-115.14722,36.17031],[-115.14707,36.17051]]}},{"type":"Feature","properties":{"name":"South Main Street","highway":"primary","osm":"way/999044605"},"geometry":{"type":"LineString","coordinates":[[-115.1473,36.17019],[-115.14722,36.17031]]}},{"type":"Feature","properties":{"name":"Koval Lane","highway":"secondary","osm":"way/999044776"},"geometry":{"type":"LineString","coordinates":[[-115.16393,36.11153],[-115.16394,36.11177]]}},{"type":"Feature","properties":{"name":"East Rochelle Avenue","highway":"residential","osm":"way/999044777"},"geometry":{"type":"LineString","coordinates":[[-115.16393,36.11153],[-115.15953,36.11148],[-115.15875,36.11171]]}},{"type":"Feature","properties":{"name":"Koval Lane","highway":"secondary","osm":"way/999044778"},"geometry":{"type":"LineString","coordinates":[[-115.16406,36.11153],[-115.16404,36.10931]]}},{"type":"Feature","properties":{"name":"Koval Lane","highway":"secondary","osm":"way/999044779"},"geometry":{"type":"LineString","coordinates":[[-115.16394,36.11177],[-115.16395,36.11276]]}},{"type":"Feature","properties":{"name":null,"highway":"primary_link","osm":"way/1000751521"},"geometry":{"type":"LineString","coordinates":[[-115.13761,36.11751],[-115.13768,36.11777]]}},{"type":"Feature","properties":{"name":null,"highway":"primary_link","osm":"way/1000751522"},"geometry":{"type":"LineString","coordinates":[[-115.13768,36.11777],[-115.13775,36.11788]]}},{"type":"Feature","properties":{"name":"West Flamingo Road","highway":"primary","osm":"way/1001443759"},"geometry":{"type":"LineString","coordinates":[[-115.18127,36.11452],[-115.18189,36.11445]]}},{"type":"Feature","properties":{"name":null,"highway":"motorway_link","osm":"way/1001667399"},"geometry":{"type":"LineString","coordinates":[[-115.18127,36.12615],[-115.18101,36.12448]]}},{"type":"Feature","properties":{"name":"Spring Mountain Road","highway":"primary","osm":"way/1001671821"},"geometry":{"type":"LineString","coordinates":[[-115.17849,36.12621],[-115.17921,36.12626]]}},{"type":"Feature","properties":{"name":"North Las Vegas Boulevard","highway":"primary","osm":"way/1001685203"},"geometry":{"type":"LineString","coordinates":[[-115.13835,36.17273],[-115.13829,36.17284]]}},{"type":"Feature","properties":{"name":null,"highway":"motorway_link","osm":"way/1001687202"},"geometry":{"type":"LineString","coordinates":[[-115.18021,36.12848],[-115.18045,36.12913]]}},{"type":"Feature","properties":{"name":"Las Vegas Premium Outlets Drive","highway":"unclassified","osm":"way/1001688029"},"geometry":{"type":"LineString","coordinates":[[-115.15778,36.16644],[-115.15775,36.1663]]}},{"type":"Feature","properties":{"name":"West Bonneville Avenue","highway":"secondary","osm":"way/1001688030"},"geometry":{"type":"LineString","coordinates":[[-115.15778,36.16644],[-115.15939,36.1663]]}},{"type":"Feature","properties":{"name":"West Bonneville Avenue","highway":"secondary","osm":"way/1001688031"},"geometry":{"type":"LineString","coordinates":[[-115.15547,36.16673],[-115.15708,36.16653]]}},{"type":"Feature","properties":{"name":null,"highway":"motorway_link","osm":"way/1001689923"},"geometry":{"type":"LineString","coordinates":[[-115.11421,36.16828],[-115.11521,36.16877]]}},{"type":"Feature","properties":{"name":null,"highway":"motorway_link","osm":"way/1001690189"},"geometry":{"type":"LineString","coordinates":[[-115.18111,36.11202],[-115.18083,36.11014]]}},{"type":"Feature","properties":{"name":null,"highway":"motorway_link","osm":"way/1001706460"},"geometry":{"type":"LineString","coordinates":[[-115.18011,36.11322],[-115.17982,36.1141]]}},{"type":"Feature","properties":{"name":null,"highway":"motorway_link","osm":"way/1001730061"},"geometry":{"type":"LineString","coordinates":[[-115.18014,36.10165],[-115.18028,36.10313]]}},{"type":"Feature","properties":{"name":"Las Vegas Freeway","highway":"motorway","osm":"way/1001750209"},"geometry":{"type":"LineString","coordinates":[[-115.18084,36.09944],[-115.18086,36.0958]]}},{"type":"Feature","properties":{"name":"Aldebaran Avenue","highway":"tertiary","osm":"way/1001762738"},"geometry":{"type":"LineString","coordinates":[[-115.18327,36.10859],[-115.18322,36.10883]]}},{"type":"Feature","properties":{"name":"Aldebaran Avenue","highway":"unclassified","osm":"way/1001762739"},"geometry":{"type":"LineString","coordinates":[[-115.18332,36.10918],[-115.18322,36.10883]]}},{"type":"Feature","properties":{"name":"East Harmon Avenue","highway":"secondary","osm":"way/1001890326"},"geometry":{"type":"LineString","coordinates":[[-115.13731,36.10775],[-115.13708,36.10775]]}},{"type":"Feature","properties":{"name":"East Flamingo Road","highway":"primary","osm":"way/1002618451"},"geometry":{"type":"LineString","coordinates":[[-115.16933,36.1147],[-115.17193,36.11473]]}},{"type":"Feature","properties":{"name":"University Center Drive","highway":"primary","osm":"way/1003040918"},"geometry":{"type":"LineString","coordinates":[[-115.14592,36.10108],[-115.14631,36.10228]]}},{"type":"Feature","properties":{"name":"University Center Drive","highway":"primary","osm":"way/1003040919"},"geometry":{"type":"LineString","coordinates":[[-115.14631,36.10228],[-115.14676,36.10265]]}},{"type":"Feature","properties":{"name":"University Center Drive","highway":"primary","osm":"way/1003040920"},"geometry":{"type":"LineString","coordinates":[[-115.15013,36.10662],[-115.15042,36.1079]]}},{"type":"Feature","properties":{"name":"University Center Drive","highway":"primary","osm":"way/1003040921"},"geometry":{"type":"LineString","coordinates":[[-115.14972,36.10521],[-115.14982,36.10569]]}},{"type":"Feature","properties":{"name":"East Harmon Avenue","highway":"primary","osm":"way/1003353305"},"geometry":{"type":"LineString","coordinates":[[-115.15151,36.10803],[-115.15195,36.10804]]}},{"type":"Feature","properties":{"name":"East Harmon Avenue","highway":"primary","osm":"way/1003353306"},"geometry":{"type":"LineString","coordinates":[[-115.15123,36.10803],[-115.15151,36.10803]]}},{"type":"Feature","properties":{"name":"East Flamingo Road","highway":"primary","osm":"way/1003408438"},"geometry":{"type":"LineString","coordinates":[[-115.13917,36.11452],[-115.13843,36.11452]]}},{"type":"Feature","properties":{"name":"East Tropicana Avenue","highway":"primary","osm":"way/1003413938"},"geometry":{"type":"LineString","coordinates":[[-115.15283,36.10088],[-115.15151,36.1009]]}},{"type":"Feature","properties":{"name":"East Tropicana Avenue","highway":"primary","osm":"way/1003413939"},"geometry":{"type":"LineString","coordinates":[[-115.15357,36.10088],[-115.15283,36.10088]]}},{"type":"Feature","properties":{"name":"East Flamingo Road","highway":"primary","osm":"way/1003468367"},"geometry":{"type":"LineString","coordinates":[[-115.1378,36.1145],[-115.13622,36.11452]]}},{"type":"Feature","properties":{"name":"East Flamingo Road","highway":"primary","osm":"way/1003468368"},"geometry":{"type":"LineString","coordinates":[[-115.13622,36.11452],[-115.13599,36.11452]]}},{"type":"Feature","properties":{"name":"East Flamingo Road","highway":"primary","osm":"way/1003468369"},"geometry":{"type":"LineString","coordinates":[[-115.13599,36.11452],[-115.13555,36.11452]]}},{"type":"Feature","properties":{"name":"East Flamingo Road","highway":"primary","osm":"way/1003499337"},"geometry":{"type":"LineString","coordinates":[[-115.13476,36.11466],[-115.13513,36.11466]]}},{"type":"Feature","properties":{"name":"East Flamingo Road","highway":"primary","osm":"way/1003499338"},"geometry":{"type":"LineString","coordinates":[[-115.13715,36.11465],[-115.13779,36.11466]]}},{"type":"Feature","properties":{"name":"East Flamingo Road","highway":"primary","osm":"way/1003499339"},"geometry":{"type":"LineString","coordinates":[[-115.13679,36.11465],[-115.13715,36.11465]]}},{"type":"Feature","properties":{"name":"Paradise Road","highway":"primary","osm":"way/1003515994"},"geometry":{"type":"LineString","coordinates":[[-115.15502,36.12727],[-115.15503,36.12686]]}},{"type":"Feature","properties":{"name":"Paradise Road","highway":"primary","osm":"way/1003515995"},"geometry":{"type":"LineString","coordinates":[[-115.15502,36.12743],[-115.15502,36.12727]]}},{"type":"Feature","properties":{"name":"West Flamingo Road","highway":"primary","osm":"way/1003521151"},"geometry":{"type":"LineString","coordinates":[[-115.18124,36.11434],[-115.1811,36.11436]]}},{"type":"Feature","properties":{"name":"East Flamingo Road","highway":"primary","osm":"way/1003536767"},"geometry":{"type":"LineString","coordinates":[[-115.16324,36.11457],[-115.16397,36.11459]]}},{"type":"Feature","properties":{"name":"West Flamingo Road","highway":"primary","osm":"way/1003877693"},"geometry":{"type":"LineString","coordinates":[[-115.18324,36.11424],[-115.18294,36.11422]]}},{"type":"Feature","properties":{"name":"Paradise Road","highway":"primary","osm":"way/1003879073"},"geometry":{"type":"LineString","coordinates":[[-115.1548,36.12834],[-115.15479,36.12848]]}},{"type":"Feature","properties":{"name":"Paradise Road","highway":"primary","osm":"way/1003879074"},"geometry":{"type":"LineString","coordinates":[[-115.15479,36.12848],[-115.15478,36.12879]]}},{"type":"Feature","properties":{"name":"South Maryland Parkway","highway":"primary","osm":"way/1003910566"},"geometry":{"type":"LineString","coordinates":[[-115.13735,36.12163],[-115.13732,36.12209]]}},{"type":"Feature","properties":{"name":"South Maryland Parkway","highway":"primary","osm":"way/1003910567"},"geometry":{"type":"LineString","coordinates":[[-115.13741,36.12072],[-115.13735,36.12163]]}},{"type":"Feature","properties":{"name":"South Maryland Parkway","highway":"primary","osm":"way/1003910569"},"geometry":{"type":"LineString","coordinates":[[-115.13744,36.12025],[-115.13741,36.12072]]}},{"type":"Feature","properties":{"name":"South Maryland Parkway","highway":"primary","osm":"way/1003910570"},"geometry":{"type":"LineString","coordinates":[[-115.13751,36.11928],[-115.13744,36.12025]]}},{"type":"Feature","properties":{"name":"South Maryland Parkway","highway":"primary","osm":"way/1003910571"},"geometry":{"type":"LineString","coordinates":[[-115.13753,36.11903],[-115.13751,36.11928]]}},{"type":"Feature","properties":{"name":"South Maryland Parkway","highway":"primary","osm":"way/1003910572"},"geometry":{"type":"LineString","coordinates":[[-115.13754,36.11879],[-115.13753,36.11903]]}},{"type":"Feature","properties":{"name":"South Maryland Parkway","highway":"primary","osm":"way/1003910573"},"geometry":{"type":"LineString","coordinates":[[-115.13759,36.11774],[-115.13757,36.11808]]}},{"type":"Feature","properties":{"name":"East Flamingo Road","highway":"primary","osm":"way/1003936863"},"geometry":{"type":"LineString","coordinates":[[-115.16791,36.11466],[-115.16933,36.1147]]}},{"type":"Feature","properties":{"name":"East Flamingo Road","highway":"primary","osm":"way/1003968231"},"geometry":{"type":"LineString","coordinates":[[-115.16543,36.11459],[-115.1671,36.11463]]}},{"type":"Feature","properties":{"name":"LINQ Lane","highway":"unclassified","osm":"way/1003968232"},"geometry":{"type":"LineString","coordinates":[[-115.16791,36.11466],[-115.16791,36.11452]]}},{"type":"Feature","properties":{"name":"East Flamingo Road","highway":"primary","osm":"way/1003968233"},"geometry":{"type":"LineString","coordinates":[[-115.1671,36.11463],[-115.16791,36.11466]]}},{"type":"Feature","properties":{"name":"East Flamingo Road","highway":"primary","osm":"way/1003968234"},"geometry":{"type":"LineString","coordinates":[[-115.17224,36.11474],[-115.17277,36.11476]]}},{"type":"Feature","properties":{"name":"West Flamingo Road","highway":"primary","osm":"way/1003969800"},"geometry":{"type":"LineString","coordinates":[[-115.17682,36.11473],[-115.17531,36.11468]]}},{"type":"Feature","properties":{"name":"Paradise Road","highway":"primary","osm":"way/1003970331"},"geometry":{"type":"LineString","coordinates":[[-115.15482,36.12573],[-115.15482,36.12592]]}},{"type":"Feature","properties":{"name":null,"highway":"motorway_link","osm":"way/1004298580"},"geometry":{"type":"LineString","coordinates":[[-115.11532,36.16743],[-115.11465,36.16753]]}},{"type":"Feature","properties":{"name":"West Reno Avenue","highway":"tertiary","osm":"way/1004301875"},"geometry":{"type":"LineString","coordinates":[[-115.17401,36.09727],[-115.17309,36.09736]]}},{"type":"Feature","properties":{"name":"West Reno Avenue","highway":"tertiary","osm":"way/1004301876"},"geometry":{"type":"LineString","coordinates":[[-115.1742,36.09727],[-115.17401,36.09727]]}},{"type":"Feature","properties":{"name":null,"highway":"primary_link","osm":"way/1004309972"},"geometry":{"type":"LineString","coordinates":[[-115.15502,36.12576],[-115.15492,36.12508]]}},{"type":"Feature","properties":{"name":"Paradise Road","highway":"primary","osm":"way/1004309973"},"geometry":{"type":"LineString","coordinates":[[-115.15502,36.12576],[-115.15502,36.12494]]}},{"type":"Feature","properties":{"name":"University Center Drive","highway":"primary","osm":"way/1007327772"},"geometry":{"type":"LineString","coordinates":[[-115.14599,36.09482],[-115.14599,36.0955]]}},{"type":"Feature","properties":{"name":"University Center Drive","highway":"primary","osm":"way/1007327773"},"geometry":{"type":"LineString","coordinates":[[-115.14594,36.09956],[-115.14595,36.10087]]}},{"type":"Feature","properties":{"name":"Paradise Road","highway":"primary","osm":"way/1007546299"},"geometry":{"type":"LineString","coordinates":[[-115.14865,36.09712],[-115.14841,36.09635]]}},{"type":"Feature","properties":{"name":"Paradise Road","highway":"primary","osm":"way/1007546300"},"geometry":{"type":"LineString","coordinates":[[-115.14961,36.10048],[-115.14934,36.09943]]}},{"type":"Feature","properties":{"name":"Paradise Road","highway":"primary","osm":"way/1007546301"},"geometry":{"type":"LineString","coordinates":[[-115.14934,36.09943],[-115.14925,36.09909]]}},{"type":"Feature","properties":{"name":"North Eastern Avenue","highway":"primary","osm":"way/1007634569"},"geometry":{"type":"LineString","coordinates":[[-115.11599,36.18062],[-115.11597,36.18113]]}},{"type":"Feature","properties":{"name":null,"highway":"primary_link","osm":"way/1007634570"},"geometry":{"type":"LineString","coordinates":[[-115.11616,36.18015],[-115.11602,36.17974]]}},{"type":"Feature","properties":{"name":null,"highway":"primary_link","osm":"way/1007634571"},"geometry":{"type":"LineString","coordinates":[[-115.11622,36.17815],[-115.11606,36.17755]]}},{"type":"Feature","properties":{"name":null,"highway":"primary_link","osm":"way/1007634572"},"geometry":{"type":"LineString","coordinates":[[-115.11609,36.17656],[-115.11624,36.17712]]}},{"type":"Feature","properties":{"name":"North Eastern Avenue","highway":"primary","osm":"way/1007634573"},"geometry":{"type":"LineString","coordinates":[[-115.11615,36.18114],[-115.11625,36.17602]]}},{"type":"Feature","properties":{"name":"North Eastern Avenue","highway":"primary","osm":"way/1007634574"},"geometry":{"type":"LineString","coordinates":[[-115.11625,36.17602],[-115.11626,36.17551]]}},{"type":"Feature","properties":{"name":"East Wilson Avenue","highway":"residential","osm":"way/1007634575"},"geometry":{"type":"LineString","coordinates":[[-115.11626,36.17551],[-115.11611,36.1755]]}},{"type":"Feature","properties":{"name":"North Eastern Avenue","highway":"primary","osm":"way/1007634576"},"geometry":{"type":"LineString","coordinates":[[-115.11611,36.1755],[-115.11599,36.18062]]}},{"type":"Feature","properties":{"name":"North Eastern Avenue","highway":"primary","osm":"way/1007634577"},"geometry":{"type":"LineString","coordinates":[[-115.11613,36.17495],[-115.11611,36.1755]]}},{"type":"Feature","properties":{"name":"North Eastern Avenue","highway":"primary","osm":"way/1007634578"},"geometry":{"type":"LineString","coordinates":[[-115.11628,36.17477],[-115.11629,36.17421]]}},{"type":"Feature","properties":{"name":"East Bonanza Road","highway":"secondary","osm":"way/1007634579"},"geometry":{"type":"LineString","coordinates":[[-115.11628,36.17387],[-115.11615,36.17387]]}},{"type":"Feature","properties":{"name":"North Eastern Avenue","highway":"primary","osm":"way/1007634580"},"geometry":{"type":"LineString","coordinates":[[-115.11626,36.17551],[-115.11628,36.17477]]}},{"type":"Feature","properties":{"name":"North Eastern Avenue","highway":"primary","osm":"way/1007634581"},"geometry":{"type":"LineString","coordinates":[[-115.11615,36.17402],[-115.11613,36.17495]]}},{"type":"Feature","properties":{"name":"North Eastern Avenue","highway":"primary","osm":"way/1007634582"},"geometry":{"type":"LineString","coordinates":[[-115.11612,36.17336],[-115.11615,36.17387]]}},{"type":"Feature","properties":{"name":"North Eastern Avenue","highway":"primary","osm":"way/1007634583"},"geometry":{"type":"LineString","coordinates":[[-115.1161,36.17305],[-115.11611,36.17323]]}},{"type":"Feature","properties":{"name":null,"highway":"primary_link","osm":"way/1007634584"},"geometry":{"type":"LineString","coordinates":[[-115.11606,36.17242],[-115.11623,36.17276]]}},{"type":"Feature","properties":{"name":"North Eastern Avenue","highway":"primary","osm":"way/1007634585"},"geometry":{"type":"LineString","coordinates":[[-115.11606,36.16973],[-115.11604,36.16893]]}},{"type":"Feature","properties":{"name":"North Eastern Avenue","highway":"primary","osm":"way/1007634587"},"geometry":{"type":"LineString","coordinates":[[-115.11612,36.17092],[-115.11608,36.1702]]}},{"type":"Feature","properties":{"name":"North Eastern Avenue","highway":"primary","osm":"way/1007634588"},"geometry":{"type":"LineString","coordinates":[[-115.11583,36.16893],[-115.11589,36.16979]]}},{"type":"Feature","properties":{"name":"North Eastern Avenue","highway":"primary","osm":"way/1007634590"},"geometry":{"type":"LineString","coordinates":[[-115.11589,36.16979],[-115.11591,36.1702]]}},{"type":"Feature","properties":{"name":"North Eastern Avenue","highway":"primary","osm":"way/1007634591"},"geometry":{"type":"LineString","coordinates":[[-115.11619,36.17207],[-115.11612,36.17092]]}},{"type":"Feature","properties":{"name":"Walnut Avenue","highway":"residential","osm":"way/1007634592"},"geometry":{"type":"LineString","coordinates":[[-115.11619,36.17207],[-115.11603,36.17207]]}},{"type":"Feature","properties":{"name":"North Eastern Avenue","highway":"primary","osm":"way/1007634593"},"geometry":{"type":"LineString","coordinates":[[-115.1162,36.17235],[-115.11619,36.17207]]}},{"type":"Feature","properties":{"name":null,"highway":"motorway_link","osm":"way/1008063134"},"geometry":{"type":"LineString","coordinates":[[-115.17839,36.12663],[-115.17871,36.12715]]}},{"type":"Feature","properties":{"name":"Spring Mountain Road","highway":"primary","osm":"way/1008913271"},"geometry":{"type":"LineString","coordinates":[[-115.17381,36.1257],[-115.17519,36.12586]]}},{"type":"Feature","properties":{"name":null,"highway":"motorway_link","osm":"way/1008913272"},"geometry":{"type":"LineString","coordinates":[[-115.17857,36.12588],[-115.17825,36.12587]]}},{"type":"Feature","properties":{"name":"South 1st Street","highway":"unclassified","osm":"way/1008913273"},"geometry":{"type":"LineString","coordinates":[[-115.14923,36.16504],[-115.14932,36.1649]]}},{"type":"Feature","properties":{"name":"Fashion Show Drive","highway":"tertiary","osm":"way/1008913274"},"geometry":{"type":"LineString","coordinates":[[-115.1705,36.12885],[-115.17148,36.12885]]}},{"type":"Feature","properties":{"name":"Fashion Show Drive","highway":"tertiary","osm":"way/1008913275"},"geometry":{"type":"LineString","coordinates":[[-115.17447,36.1293],[-115.17356,36.12887]]}},{"type":"Feature","properties":{"name":"Fashion Lane","highway":"unclassified","osm":"way/1008913277"},"geometry":{"type":"LineString","coordinates":[[-115.17356,36.12887],[-115.17355,36.12899]]}},{"type":"Feature","properties":{"name":"Fashion Lane","highway":"unclassified","osm":"way/1008913278"},"geometry":{"type":"LineString","coordinates":[[-115.17359,36.12862],[-115.17356,36.12887]]}},{"type":"Feature","properties":{"name":"South 1st Street","highway":"unclassified","osm":"way/1008913279"},"geometry":{"type":"LineString","coordinates":[[-115.14898,36.16543],[-115.14826,36.16654]]}},{"type":"Feature","properties":{"name":"South Las Vegas Boulevard","highway":"primary","osm":"way/1009061533"},"geometry":{"type":"LineString","coordinates":[[-115.16938,36.12556],[-115.16947,36.12541]]}},{"type":"Feature","properties":{"name":"Sands Avenue","highway":"primary","osm":"way/1009061534"},"geometry":{"type":"LineString","coordinates":[[-115.16915,36.12553],[-115.16927,36.12555]]}},{"type":"Feature","properties":{"name":"Irwin Molasky Street","highway":"unclassified","osm":"way/1009061535"},"geometry":{"type":"LineString","coordinates":[[-115.14825,36.16554],[-115.14844,36.16516]]}},{"type":"Feature","properties":{"name":null,"highway":"motorway_link","osm":"way/1009526643"},"geometry":{"type":"LineString","coordinates":[[-115.13931,36.17376],[-115.139,36.1737]]}},{"type":"Feature","properties":{"name":"Frank Sinatra Drive","highway":"secondary","osm":"way/1009873656"},"geometry":{"type":"LineString","coordinates":[[-115.17949,36.10229],[-115.17938,36.10167]]}},{"type":"Feature","properties":{"name":null,"highway":"secondary_link","osm":"way/1010904683"},"geometry":{"type":"LineString","coordinates":[[-115.17884,36.12777],[-115.17894,36.12742]]}},{"type":"Feature","properties":{"name":null,"highway":"motorway_link","osm":"way/1010909657"},"geometry":{"type":"LineString","coordinates":[[-115.11903,36.16811],[-115.1193,36.16809]]}},{"type":"Feature","properties":{"name":"West Harmon Avenue","highway":"secondary","osm":"way/1010932185"},"geometry":{"type":"LineString","coordinates":[[-115.17771,36.10858],[-115.17928,36.10817]]}},{"type":"Feature","properties":{"name":"Vdara Way","highway":"unclassified","osm":"way/1010932186"},"geometry":{"type":"LineString","coordinates":[[-115.17771,36.10858],[-115.17765,36.10853]]}},{"type":"Feature","properties":{"name":"West Harmon Avenue","highway":"secondary","osm":"way/1010932187"},"geometry":{"type":"LineString","coordinates":[[-115.17821,36.10819],[-115.1776,36.10847]]}},{"type":"Feature","properties":{"name":"Aria Way","highway":"unclassified","osm":"way/1010932188"},"geometry":{"type":"LineString","coordinates":[[-115.17765,36.10853],[-115.1776,36.10847]]}},{"type":"Feature","properties":{"name":"Aria Way","highway":"unclassified","osm":"way/1010932190"},"geometry":{"type":"LineString","coordinates":[[-115.17746,36.10843],[-115.1776,36.10847]]}},{"type":"Feature","properties":{"name":"East Reno Avenue","highway":"secondary","osm":"way/1010938860"},"geometry":{"type":"LineString","coordinates":[[-115.17008,36.09713],[-115.16957,36.09728]]}},{"type":"Feature","properties":{"name":"Giles Street","highway":"secondary","osm":"way/1010938861"},"geometry":{"type":"LineString","coordinates":[[-115.17023,36.09717],[-115.1705,36.09652]]}},{"type":"Feature","properties":{"name":"East Reno Avenue","highway":"tertiary","osm":"way/1010938862"},"geometry":{"type":"LineString","coordinates":[[-115.17023,36.09717],[-115.17016,36.09709]]}},{"type":"Feature","properties":{"name":"Genting Boulevard","highway":"tertiary","osm":"way/1010992408"},"geometry":{"type":"LineString","coordinates":[[-115.16953,36.13161],[-115.16821,36.13159]]}},{"type":"Feature","properties":{"name":"Sammy Davis Junior Drive","highway":"secondary","osm":"way/1011717414"},"geometry":{"type":"LineString","coordinates":[[-115.17116,36.13437],[-115.17034,36.13567]]}},{"type":"Feature","properties":{"name":"Sammy Davis Junior Drive","highway":"secondary","osm":"way/1011717415"},"geometry":{"type":"LineString","coordinates":[[-115.17154,36.13397],[-115.17209,36.13311]]}},{"type":"Feature","properties":{"name":"Sammy Davis Junior Drive","highway":"secondary","osm":"way/1011717418"},"geometry":{"type":"LineString","coordinates":[[-115.17095,36.13502],[-115.17132,36.13444]]}},{"type":"Feature","properties":{"name":null,"highway":"motorway_link","osm":"way/1014029603"},"geometry":{"type":"LineString","coordinates":[[-115.15963,36.16872],[-115.16037,36.16706]]}},{"type":"Feature","properties":{"name":"Stewart Avenue","highway":"primary","osm":"way/1014300884"},"geometry":{"type":"LineString","coordinates":[[-115.14431,36.17379],[-115.1448,36.174]]}},{"type":"Feature","properties":{"name":"West Reno Avenue","highway":"tertiary","osm":"way/1014303528"},"geometry":{"type":"LineString","coordinates":[[-115.17548,36.09737],[-115.17619,36.09733]]}},{"type":"Feature","properties":{"name":"West Reno Avenue","highway":"tertiary","osm":"way/1014303529"},"geometry":{"type":"LineString","coordinates":[[-115.17548,36.09729],[-115.1746,36.09728]]}},{"type":"Feature","properties":{"name":"South Las Vegas Boulevard","highway":"primary","osm":"way/1016480467"},"geometry":{"type":"LineString","coordinates":[[-115.17281,36.11151],[-115.17281,36.11166]]}},{"type":"Feature","properties":{"name":"Paris Drive","highway":"unclassified","osm":"way/1016480468"},"geometry":{"type":"LineString","coordinates":[[-115.17281,36.11151],[-115.17234,36.11152]]}},{"type":"Feature","properties":{"name":"South Las Vegas Boulevard","highway":"primary","osm":"way/1016480469"},"geometry":{"type":"LineString","coordinates":[[-115.17311,36.11152],[-115.17312,36.11121]]}},{"type":"Feature","properties":{"name":"South Las Vegas Boulevard","highway":"primary","osm":"way/1016480470"},"geometry":{"type":"LineString","coordinates":[[-115.17308,36.11218],[-115.17311,36.11152]]}},{"type":"Feature","properties":{"name":"Koval Lane","highway":"secondary","osm":"way/1016805774"},"geometry":{"type":"LineString","coordinates":[[-115.16395,36.11276],[-115.16397,36.11444]]}},{"type":"Feature","properties":{"name":"Koval Lane","highway":"secondary","osm":"way/1016805775"},"geometry":{"type":"LineString","coordinates":[[-115.16408,36.11276],[-115.16406,36.11188]]}},{"type":"Feature","properties":{"name":"Clark Avenue","highway":"secondary","osm":"way/1017218816"},"geometry":{"type":"LineString","coordinates":[[-115.14721,36.16608],[-115.14768,36.16615]]}},{"type":"Feature","properties":{"name":"East Flamingo Road","highway":"primary","osm":"way/1018455520"},"geometry":{"type":"LineString","coordinates":[[-115.15059,36.11468],[-115.14761,36.11465]]}},{"type":"Feature","properties":{"name":"Palos Verdes Street","highway":"residential","osm":"way/1018455521"},"geometry":{"type":"LineString","coordinates":[[-115.15058,36.11483],[-115.15059,36.11468]]}},{"type":"Feature","properties":{"name":"East Flamingo Road","highway":"primary","osm":"way/1018455522"},"geometry":{"type":"LineString","coordinates":[[-115.15058,36.11483],[-115.15277,36.11454]]}},{"type":"Feature","properties":{"name":"South Main Street","highway":"primary","osm":"way/1018455928"},"geometry":{"type":"LineString","coordinates":[[-115.14795,36.16938],[-115.14852,36.16851]]}},{"type":"Feature","properties":{"name":"Bridger Avenue","highway":"tertiary","osm":"way/1018455929"},"geometry":{"type":"LineString","coordinates":[[-115.14785,36.16934],[-115.14568,36.16842]]}},{"type":"Feature","properties":{"name":"South Main Street","highway":"primary","osm":"way/1018455930"},"geometry":{"type":"LineString","coordinates":[[-115.14785,36.16934],[-115.1475,36.16987]]}},{"type":"Feature","properties":{"name":null,"highway":"motorway_link","osm":"way/1018483664"},"geometry":{"type":"LineString","coordinates":[[-115.14913,36.17808],[-115.14829,36.17851]]}},{"type":"Feature","properties":{"name":null,"highway":"motorway_link","osm":"way/1018483665"},"geometry":{"type":"LineString","coordinates":[[-115.14829,36.17851],[-115.14786,36.17873]]}},{"type":"Feature","properties":{"name":null,"highway":"motorway_link","osm":"way/1018483666"},"geometry":{"type":"LineString","coordinates":[[-115.14786,36.17873],[-115.14747,36.1789]]}},{"type":"Feature","properties":{"name":"Paradise Road","highway":"primary","osm":"way/1020182245"},"geometry":{"type":"LineString","coordinates":[[-115.15477,36.11675],[-115.15471,36.1165]]}},{"type":"Feature","properties":{"name":"Paradise Road","highway":"primary","osm":"way/1020182246"},"geometry":{"type":"LineString","coordinates":[[-115.15471,36.1165],[-115.15433,36.1154]]}},{"type":"Feature","properties":{"name":"Sammy Davis Junior Drive","highway":"secondary","osm":"way/1020485965"},"geometry":{"type":"LineString","coordinates":[[-115.17287,36.13177],[-115.17282,36.13185]]}},{"type":"Feature","properties":{"name":"Genting Boulevard","highway":"tertiary","osm":"way/1020485966"},"geometry":{"type":"LineString","coordinates":[[-115.17301,36.13183],[-115.17287,36.13177]]}},{"type":"Feature","properties":{"name":"Sammy Davis Junior Drive","highway":"secondary","osm":"way/1020485967"},"geometry":{"type":"LineString","coordinates":[[-115.17301,36.13183],[-115.17336,36.13132]]}},{"type":"Feature","properties":{"name":"South Main Street","highway":"secondary","osm":"way/1020485968"},"geometry":{"type":"LineString","coordinates":[[-115.15368,36.15745],[-115.15362,36.15818]]}},{"type":"Feature","properties":{"name":"Frank Sinatra Drive","highway":"secondary","osm":"way/1020492225"},"geometry":{"type":"LineString","coordinates":[[-115.1797,36.10276],[-115.17949,36.10229]]}},{"type":"Feature","properties":{"name":"Mel Tormé Way","highway":"secondary","osm":"way/1020554026"},"geometry":{"type":"LineString","coordinates":[[-115.17465,36.12622],[-115.17375,36.12622],[-115.17344,36.12603]]}},{"type":"Feature","properties":{"name":"East Tropicana Avenue","highway":"primary","osm":"way/1020774914"},"geometry":{"type":"LineString","coordinates":[[-115.1515,36.10109],[-115.1541,36.10104]]}},{"type":"Feature","properties":{"name":"East Tropicana Avenue","highway":"primary","osm":"way/1020774915"},"geometry":{"type":"LineString","coordinates":[[-115.1541,36.10104],[-115.15655,36.10097]]}},{"type":"Feature","properties":{"name":"East Tropicana Avenue","highway":"primary","osm":"way/1020774916"},"geometry":{"type":"LineString","coordinates":[[-115.15655,36.10097],[-115.15753,36.10096]]}},{"type":"Feature","properties":{"name":"East Tropicana Avenue","highway":"primary","osm":"way/1020774917"},"geometry":{"type":"LineString","coordinates":[[-115.15753,36.10096],[-115.1581,36.10096]]}},{"type":"Feature","properties":{"name":"East Tropicana Avenue","highway":"primary","osm":"way/1020774918"},"geometry":{"type":"LineString","coordinates":[[-115.1581,36.10096],[-115.15858,36.10095]]}},{"type":"Feature","properties":{"name":"East Tropicana Avenue","highway":"primary","osm":"way/1020774919"},"geometry":{"type":"LineString","coordinates":[[-115.15858,36.10095],[-115.15912,36.10094]]}},{"type":"Feature","properties":{"name":"East Tropicana Avenue","highway":"primary","osm":"way/1020774920"},"geometry":{"type":"LineString","coordinates":[[-115.15912,36.10094],[-115.15962,36.10094]]}},{"type":"Feature","properties":{"name":"East Tropicana Avenue","highway":"primary","osm":"way/1020774921"},"geometry":{"type":"LineString","coordinates":[[-115.15962,36.10094],[-115.16001,36.10093]]}},{"type":"Feature","properties":{"name":"Paradise Road","highway":"primary","osm":"way/1020799136"},"geometry":{"type":"LineString","coordinates":[[-115.14906,36.09849],[-115.14881,36.09769]]}},{"type":"Feature","properties":{"name":"Industrial Road","highway":"secondary","osm":"way/1020816698"},"geometry":{"type":"LineString","coordinates":[[-115.15895,36.15689],[-115.15895,36.157]]}},{"type":"Feature","properties":{"name":"Western Avenue","highway":"tertiary","osm":"way/1020816699"},"geometry":{"type":"LineString","coordinates":[[-115.15913,36.15685],[-115.15895,36.15689]]}},{"type":"Feature","properties":{"name":"Industrial Road","highway":"secondary","osm":"way/1020816700"},"geometry":{"type":"LineString","coordinates":[[-115.15913,36.15685],[-115.15907,36.15665]]}},{"type":"Feature","properties":{"name":"Industrial Road","highway":"secondary","osm":"way/1020816701"},"geometry":{"type":"LineString","coordinates":[[-115.15879,36.15793],[-115.15864,36.15887]]}},{"type":"Feature","properties":{"name":"North Main Street","highway":"primary","osm":"way/1020816746"},"geometry":{"type":"LineString","coordinates":[[-115.14635,36.17181],[-115.14641,36.17173]]}},{"type":"Feature","properties":{"name":"South Main Street","highway":"primary","osm":"way/1020816747"},"geometry":{"type":"LineString","coordinates":[[-115.14699,36.17085],[-115.14718,36.17056]]}},{"type":"Feature","properties":{"name":"North Main Street","highway":"primary","osm":"way/1020817622"},"geometry":{"type":"LineString","coordinates":[[-115.14599,36.17216],[-115.14585,36.17238]]}},{"type":"Feature","properties":{"name":"North Main Street","highway":"primary","osm":"way/1020817624"},"geometry":{"type":"LineString","coordinates":[[-115.1461,36.17221],[-115.14635,36.17181]]}},{"type":"Feature","properties":{"name":"Spring Mountain Road","highway":"primary","osm":"way/1020827606"},"geometry":{"type":"LineString","coordinates":[[-115.17814,36.12618],[-115.17849,36.12621]]}},{"type":"Feature","properties":{"name":null,"highway":"motorway_link","osm":"way/1020868220"},"geometry":{"type":"LineString","coordinates":[[-115.17878,36.12739],[-115.17878,36.12743]]}},{"type":"Feature","properties":{"name":null,"highway":"motorway_link","osm":"way/1020870366"},"geometry":{"type":"LineString","coordinates":[[-115.18005,36.10145],[-115.17958,36.10166]]}},{"type":"Feature","properties":{"name":null,"highway":"motorway_link","osm":"way/1020870367"},"geometry":{"type":"LineString","coordinates":[[-115.18026,36.10102],[-115.18005,36.10145]]}},{"type":"Feature","properties":{"name":"Spring Mountain Road","highway":"secondary","osm":"way/1021034602"},"geometry":{"type":"LineString","coordinates":[[-115.18139,36.12633],[-115.182,36.12633]]}},{"type":"Feature","properties":{"name":"East Tropicana Avenue","highway":"primary","osm":"way/1021034708"},"geometry":{"type":"LineString","coordinates":[[-115.16841,36.1008],[-115.16769,36.1008]]}},{"type":"Feature","properties":{"name":"East Harmon Avenue","highway":"secondary","osm":"way/1021037876"},"geometry":{"type":"LineString","coordinates":[[-115.15345,36.108],[-115.15334,36.10794]]}},{"type":"Feature","properties":{"name":"Spring Mountain Road","highway":"primary","osm":"way/1021040160"},"geometry":{"type":"LineString","coordinates":[[-115.16938,36.12556],[-115.1703,36.1256]]}},{"type":"Feature","properties":{"name":"Spring Mountain Road","highway":"primary","osm":"way/1021040161"},"geometry":{"type":"LineString","coordinates":[[-115.1703,36.1256],[-115.17076,36.12561]]}},{"type":"Feature","properties":{"name":"Spring Mountain Road","highway":"primary","osm":"way/1021040162"},"geometry":{"type":"LineString","coordinates":[[-115.17076,36.12561],[-115.17086,36.12561]]}},{"type":"Feature","properties":{"name":"Spring Mountain Road","highway":"primary","osm":"way/1021040163"},"geometry":{"type":"LineString","coordinates":[[-115.17209,36.12564],[-115.17312,36.12565]]}},{"type":"Feature","properties":{"name":null,"highway":"motorway_link","osm":"way/1021042283"},"geometry":{"type":"LineString","coordinates":[[-115.18145,36.12702],[-115.182,36.12633]]}},{"type":"Feature","properties":{"name":"East Flamingo Road","highway":"primary","osm":"way/1021044316"},"geometry":{"type":"LineString","coordinates":[[-115.16512,36.11445],[-115.1641,36.11443]]}},{"type":"Feature","properties":{"name":"East Flamingo Road","highway":"primary","osm":"way/1021044317"},"geometry":{"type":"LineString","coordinates":[[-115.16791,36.11452],[-115.16583,36.11446]]}},{"type":"Feature","properties":{"name":"East Flamingo Road","highway":"primary","osm":"way/1021044320"},"geometry":{"type":"LineString","coordinates":[[-115.16918,36.11455],[-115.16791,36.11452]]}},{"type":"Feature","properties":{"name":"Bruno Mars Drive","highway":"tertiary","osm":"way/1021053733"},"geometry":{"type":"LineString","coordinates":[[-115.17428,36.10372],[-115.17376,36.10382]]}},{"type":"Feature","properties":{"name":"West Flamingo Road","highway":"primary","osm":"way/1021066402"},"geometry":{"type":"LineString","coordinates":[[-115.18409,36.11439],[-115.18381,36.11433]]}},{"type":"Feature","properties":{"name":"West Flamingo Road","highway":"primary","osm":"way/1021067057"},"geometry":{"type":"LineString","coordinates":[[-115.18439,36.11461],[-115.18459,36.11466]]}},{"type":"Feature","properties":{"name":"Paradise Road","highway":"primary","osm":"way/1021070047"},"geometry":{"type":"LineString","coordinates":[[-115.15285,36.11033],[-115.15278,36.11007]]}},{"type":"Feature","properties":{"name":"Koval Lane","highway":"secondary","osm":"way/1021115986"},"geometry":{"type":"LineString","coordinates":[[-115.1641,36.11443],[-115.1641,36.11366]]}},{"type":"Feature","properties":{"name":"Koval Lane","highway":"secondary","osm":"way/1021115987"},"geometry":{"type":"LineString","coordinates":[[-115.1641,36.11366],[-115.1641,36.11338]]}},{"type":"Feature","properties":{"name":"Koval Lane","highway":"secondary","osm":"way/1021115988"},"geometry":{"type":"LineString","coordinates":[[-115.16406,36.11188],[-115.16406,36.11153]]}},{"type":"Feature","properties":{"name":"Koval Lane","highway":"secondary","osm":"way/1021115990"},"geometry":{"type":"LineString","coordinates":[[-115.16404,36.10931],[-115.16403,36.10809]]}},{"type":"Feature","properties":{"name":"West Flamingo Road","highway":"primary","osm":"way/1021864476"},"geometry":{"type":"LineString","coordinates":[[-115.17298,36.11477],[-115.17484,36.11482]]}},{"type":"Feature","properties":{"name":"West Flamingo Road","highway":"primary","osm":"way/1021864477"},"geometry":{"type":"LineString","coordinates":[[-115.17484,36.11482],[-115.17531,36.11483]]}},{"type":"Feature","properties":{"name":"West Flamingo Road","highway":"primary","osm":"way/1021864478"},"geometry":{"type":"LineString","coordinates":[[-115.17772,36.11486],[-115.17897,36.11475]]}},{"type":"Feature","properties":{"name":"Center Strip Drive","highway":"unclassified","osm":"way/1021898628"},"geometry":{"type":"LineString","coordinates":[[-115.1728,36.11359],[-115.17121,36.11361]]}},{"type":"Feature","properties":{"name":"East Flamingo Road","highway":"primary","osm":"way/1021902194"},"geometry":{"type":"LineString","coordinates":[[-115.15968,36.11434],[-115.15917,36.11433]]}},{"type":"Feature","properties":{"name":"East Flamingo Road","highway":"primary","osm":"way/1021902195"},"geometry":{"type":"LineString","coordinates":[[-115.16017,36.11435],[-115.15968,36.11434]]}},{"type":"Feature","properties":{"name":"East Flamingo Road","highway":"primary","osm":"way/1022205721"},"geometry":{"type":"LineString","coordinates":[[-115.15825,36.11443],[-115.15899,36.11445]]}},{"type":"Feature","properties":{"name":"South 13th Street","highway":"residential","osm":"way/1022307397"},"geometry":{"type":"LineString","coordinates":[[-115.13409,36.16139],[-115.13396,36.16167]]}},{"type":"Feature","properties":{"name":"Spring Mountain Road","highway":"secondary","osm":"way/1022551524"},"geometry":{"type":"LineString","coordinates":[[-115.18316,36.12635],[-115.18395,36.12637]]}},{"type":"Feature","properties":{"name":null,"highway":"motorway_link","osm":"way/1022553612"},"geometry":{"type":"LineString","coordinates":[[-115.13739,36.17304],[-115.13688,36.17284]]}},{"type":"Feature","properties":{"name":"South Rancho Drive","highway":"tertiary","osm":"way/1022808369"},"geometry":{"type":"LineString","coordinates":[[-115.18107,36.1304],[-115.1809,36.13161]]}},{"type":"Feature","properties":{"name":"East Flamingo Road","highway":"primary","osm":"way/1022811106"},"geometry":{"type":"LineString","coordinates":[[-115.13795,36.11466],[-115.14153,36.1147]]}},{"type":"Feature","properties":{"name":"Cambridge Street","highway":"tertiary","osm":"way/1022811107"},"geometry":{"type":"LineString","coordinates":[[-115.14226,36.11471],[-115.14226,36.11457]]}},{"type":"Feature","properties":{"name":"East Flamingo Road","highway":"primary","osm":"way/1022811108"},"geometry":{"type":"LineString","coordinates":[[-115.14153,36.1147],[-115.14226,36.11471]]}},{"type":"Feature","properties":{"name":"East Flamingo Road","highway":"primary","osm":"way/1022811111"},"geometry":{"type":"LineString","coordinates":[[-115.14226,36.11471],[-115.14461,36.11474]]}},{"type":"Feature","properties":{"name":"University Center Drive","highway":"secondary","osm":"way/1022811112"},"geometry":{"type":"LineString","coordinates":[[-115.14644,36.11477],[-115.14638,36.11463]]}},{"type":"Feature","properties":{"name":"East Flamingo Road","highway":"primary","osm":"way/1022811113"},"geometry":{"type":"LineString","coordinates":[[-115.14461,36.11474],[-115.14551,36.11475]]}},{"type":"Feature","properties":{"name":"East Flamingo Road","highway":"primary","osm":"way/1022811114"},"geometry":{"type":"LineString","coordinates":[[-115.15009,36.11482],[-115.15058,36.11483]]}},{"type":"Feature","properties":{"name":"East Flamingo Road","highway":"primary","osm":"way/1022811115"},"geometry":{"type":"LineString","coordinates":[[-115.14988,36.11482],[-115.15009,36.11482]]}},{"type":"Feature","properties":{"name":"East Flamingo Road","highway":"primary","osm":"way/1022811116"},"geometry":{"type":"LineString","coordinates":[[-115.15277,36.11454],[-115.15397,36.1144]]}},{"type":"Feature","properties":{"name":"East Flamingo Road","highway":"primary","osm":"way/1022811117"},"geometry":{"type":"LineString","coordinates":[[-115.14551,36.11475],[-115.14633,36.11477]]}},{"type":"Feature","properties":{"name":"West Twain Avenue","highway":"secondary","osm":"way/1022886057"},"geometry":{"type":"LineString","coordinates":[[-115.18417,36.12136],[-115.18524,36.12188]]}},{"type":"Feature","properties":{"name":"West Twain Avenue","highway":"secondary","osm":"way/1022886058"},"geometry":{"type":"LineString","coordinates":[[-115.18404,36.12129],[-115.18417,36.12136]]}},{"type":"Feature","properties":{"name":"Wyndham Resorts Drive","highway":"unclassified","osm":"way/1022886059"},"geometry":{"type":"LineString","coordinates":[[-115.18387,36.1216],[-115.18365,36.12206]]}},{"type":"Feature","properties":{"name":"Hotel Rio Drive","highway":"unclassified","osm":"way/1022886060"},"geometry":{"type":"LineString","coordinates":[[-115.18412,36.12113],[-115.18408,36.12121]]}},{"type":"Feature","properties":{"name":"West Twain Avenue","highway":"secondary","osm":"way/1022886061"},"geometry":{"type":"LineString","coordinates":[[-115.18412,36.12113],[-115.18233,36.12012]]}},{"type":"Feature","properties":{"name":"Hotel Rio Drive","highway":"unclassified","osm":"way/1022886062"},"geometry":{"type":"LineString","coordinates":[[-115.18428,36.12121],[-115.18468,36.12057]]}},{"type":"Feature","properties":{"name":"West Twain Avenue","highway":"secondary","osm":"way/1022886063"},"geometry":{"type":"LineString","coordinates":[[-115.18428,36.12121],[-115.18412,36.12113]]}},{"type":"Feature","properties":{"name":null,"highway":"motorway_link","osm":"way/1022900529"},"geometry":{"type":"LineString","coordinates":[[-115.11753,36.16753],[-115.11693,36.16739]]}},{"type":"Feature","properties":{"name":null,"highway":"motorway_link","osm":"way/1022903532"},"geometry":{"type":"LineString","coordinates":[[-115.14229,36.17359],[-115.14262,36.17307]]}},{"type":"Feature","properties":{"name":null,"highway":"primary_link","osm":"way/1023132139"},"geometry":{"type":"LineString","coordinates":[[-115.17919,36.1278],[-115.17884,36.12777]]}},{"type":"Feature","properties":{"name":"East Flamingo Road","highway":"primary","osm":"way/1023133666"},"geometry":{"type":"LineString","coordinates":[[-115.14292,36.11459],[-115.14226,36.11457]]}},{"type":"Feature","properties":{"name":null,"highway":"motorway_link","osm":"way/1023137099"},"geometry":{"type":"LineString","coordinates":[[-115.13488,36.17276],[-115.13603,36.17336]]}},{"type":"Feature","properties":{"name":"West Charleston Boulevard","highway":"primary","osm":"way/1023150109"},"geometry":{"type":"LineString","coordinates":[[-115.15755,36.15896],[-115.15861,36.15908]]}},{"type":"Feature","properties":{"name":"Paradise Road","highway":"primary","osm":"way/1023297274"},"geometry":{"type":"LineString","coordinates":[[-115.15473,36.13175],[-115.15473,36.13222]]}},{"type":"Feature","properties":{"name":"Paradise Road","highway":"primary","osm":"way/1023297275"},"geometry":{"type":"LineString","coordinates":[[-115.15473,36.13157],[-115.15473,36.13175]]}},{"type":"Feature","properties":{"name":"South Maryland Parkway","highway":"primary","osm":"way/1023306536"},"geometry":{"type":"LineString","coordinates":[[-115.13699,36.12985],[-115.137,36.1297]]}},{"type":"Feature","properties":{"name":"East Desert Inn Road","highway":"primary","osm":"way/1023306537"},"geometry":{"type":"LineString","coordinates":[[-115.137,36.1297],[-115.13682,36.1297]]}},{"type":"Feature","properties":{"name":"South Maryland Parkway","highway":"primary","osm":"way/1023308295"},"geometry":{"type":"LineString","coordinates":[[-115.13689,36.12889],[-115.13686,36.12918]]}},{"type":"Feature","properties":{"name":"West Flamingo Road","highway":"primary","osm":"way/1024142094"},"geometry":{"type":"LineString","coordinates":[[-115.17985,36.11449],[-115.17944,36.11453]]}},{"type":"Feature","properties":{"name":null,"highway":"motorway_link","osm":"way/1024142095"},"geometry":{"type":"LineString","coordinates":[[-115.17943,36.11444],[-115.17908,36.11448]]}},{"type":"Feature","properties":{"name":null,"highway":"motorway_link","osm":"way/1024210507"},"geometry":{"type":"LineString","coordinates":[[-115.15952,36.1755],[-115.16003,36.17565]]}},{"type":"Feature","properties":{"name":"East Tropicana Avenue","highway":"primary","osm":"way/1024225175"},"geometry":{"type":"LineString","coordinates":[[-115.14496,36.10088],[-115.14481,36.10094]]}},{"type":"Feature","properties":{"name":"East Tropicana Avenue","highway":"primary","osm":"way/1024557757"},"geometry":{"type":"LineString","coordinates":[[-115.13702,36.10102],[-115.13849,36.10102]]}},{"type":"Feature","properties":{"name":"East Tropicana Avenue","highway":"primary","osm":"way/1024557758"},"geometry":{"type":"LineString","coordinates":[[-115.13849,36.10102],[-115.13909,36.10095]]}},{"type":"Feature","properties":{"name":"East Tropicana Avenue","highway":"primary","osm":"way/1024557759"},"geometry":{"type":"LineString","coordinates":[[-115.13789,36.10089],[-115.13702,36.10089]]}},{"type":"Feature","properties":{"name":"East Tropicana Avenue","highway":"primary","osm":"way/1024557760"},"geometry":{"type":"LineString","coordinates":[[-115.13909,36.10095],[-115.13789,36.10089]]}},{"type":"Feature","properties":{"name":"East Tropicana Avenue","highway":"primary","osm":"way/1024557761"},"geometry":{"type":"LineString","coordinates":[[-115.14184,36.10095],[-115.14142,36.10095]]}},{"type":"Feature","properties":{"name":"East Tropicana Avenue","highway":"primary","osm":"way/1024557762"},"geometry":{"type":"LineString","coordinates":[[-115.14142,36.10095],[-115.14077,36.10096]]}},{"type":"Feature","properties":{"name":"East Tropicana Avenue","highway":"primary","osm":"way/1024595147"},"geometry":{"type":"LineString","coordinates":[[-115.13574,36.10102],[-115.13685,36.10102]]}},{"type":"Feature","properties":{"name":"East Charleston Boulevard","highway":"primary","osm":"way/1024743449"},"geometry":{"type":"LineString","coordinates":[[-115.15089,36.15889],[-115.15106,36.15889]]}},{"type":"Feature","properties":{"name":"South Casino Center Boulevard","highway":"secondary","osm":"way/1024743450"},"geometry":{"type":"LineString","coordinates":[[-115.15106,36.15889],[-115.15107,36.15876]]}},{"type":"Feature","properties":{"name":"East Charleston Boulevard","highway":"primary","osm":"way/1024743451"},"geometry":{"type":"LineString","coordinates":[[-115.1518,36.1589],[-115.15222,36.1589]]}},{"type":"Feature","properties":{"name":"East Charleston Boulevard","highway":"primary","osm":"way/1024744848"},"geometry":{"type":"LineString","coordinates":[[-115.14515,36.15891],[-115.14628,36.1589]]}},{"type":"Feature","properties":{"name":"South Las Vegas Boulevard","highway":"primary","osm":"way/1024744849"},"geometry":{"type":"LineString","coordinates":[[-115.14743,36.15878],[-115.14735,36.15891]]}},{"type":"Feature","properties":{"name":"East Charleston Boulevard","highway":"primary","osm":"way/1024744850"},"geometry":{"type":"LineString","coordinates":[[-115.14628,36.1589],[-115.14735,36.15891]]}},{"type":"Feature","properties":{"name":"South Las Vegas Boulevard","highway":"primary","osm":"way/1024744851"},"geometry":{"type":"LineString","coordinates":[[-115.14751,36.15891],[-115.14759,36.15878]]}},{"type":"Feature","properties":{"name":"East Charleston Boulevard","highway":"primary","osm":"way/1024744852"},"geometry":{"type":"LineString","coordinates":[[-115.14735,36.15891],[-115.14751,36.15891]]}},{"type":"Feature","properties":{"name":"East Charleston Boulevard","highway":"primary","osm":"way/1024744853"},"geometry":{"type":"LineString","coordinates":[[-115.15044,36.15889],[-115.15089,36.15889]]}},{"type":"Feature","properties":{"name":null,"highway":"motorway_link","osm":"way/1024759983"},"geometry":{"type":"LineString","coordinates":[[-115.13603,36.17336],[-115.13663,36.17362]]}},{"type":"Feature","properties":{"name":"South Maryland Parkway","highway":"primary","osm":"way/1024786913"},"geometry":{"type":"LineString","coordinates":[[-115.13733,36.12322],[-115.13743,36.12284]]}},{"type":"Feature","properties":{"name":"East Tropicana Avenue","highway":"primary","osm":"way/1024792761"},"geometry":{"type":"LineString","coordinates":[[-115.1485,36.10098],[-115.14777,36.10101]]}},{"type":"Feature","properties":{"name":"South Maryland Parkway","highway":"primary","osm":"way/1024795552"},"geometry":{"type":"LineString","coordinates":[[-115.13777,36.11751],[-115.13779,36.11724]]}},{"type":"Feature","properties":{"name":"South Maryland Parkway","highway":"primary","osm":"way/1024795553"},"geometry":{"type":"LineString","coordinates":[[-115.13779,36.11724],[-115.1378,36.11705]]}},{"type":"Feature","properties":{"name":"South Maryland Parkway","highway":"primary","osm":"way/1024795554"},"geometry":{"type":"LineString","coordinates":[[-115.13792,36.1152],[-115.13795,36.11466]]}},{"type":"Feature","properties":{"name":"South Maryland Parkway","highway":"primary","osm":"way/1024803446"},"geometry":{"type":"LineString","coordinates":[[-115.13691,36.13077],[-115.13699,36.13052]]}},{"type":"Feature","properties":{"name":"South Maryland Parkway","highway":"primary","osm":"way/1024819995"},"geometry":{"type":"LineString","coordinates":[[-115.13748,36.12214],[-115.13751,36.12177]]}},{"type":"Feature","properties":{"name":"South Maryland Parkway","highway":"primary","osm":"way/1024819996"},"geometry":{"type":"LineString","coordinates":[[-115.13751,36.12177],[-115.13755,36.12128]]}},{"type":"Feature","properties":{"name":"South Maryland Parkway","highway":"primary","osm":"way/1024819997"},"geometry":{"type":"LineString","coordinates":[[-115.13755,36.12128],[-115.13756,36.12098]]}},{"type":"Feature","properties":{"name":"South Maryland Parkway","highway":"primary","osm":"way/1024819998"},"geometry":{"type":"LineString","coordinates":[[-115.13756,36.12098],[-115.13761,36.12025]]}},{"type":"Feature","properties":{"name":"East Katie Avenue","highway":"tertiary","osm":"way/1024819999"},"geometry":{"type":"LineString","coordinates":[[-115.13761,36.12025],[-115.13744,36.12025]]}},{"type":"Feature","properties":{"name":"East Desert Inn Road","highway":"primary","osm":"way/1024842716"},"geometry":{"type":"LineString","coordinates":[[-115.13681,36.12985],[-115.13699,36.12985]]}},{"type":"Feature","properties":{"name":"South Maryland Parkway","highway":"primary","osm":"way/1024842717"},"geometry":{"type":"LineString","coordinates":[[-115.13682,36.1297],[-115.13681,36.12985]]}},{"type":"Feature","properties":{"name":"South Maryland Parkway","highway":"primary","osm":"way/1024894376"},"geometry":{"type":"LineString","coordinates":[[-115.13685,36.10102],[-115.13692,36.10209]]}},{"type":"Feature","properties":{"name":"South Maryland Parkway","highway":"primary","osm":"way/1024894377"},"geometry":{"type":"LineString","coordinates":[[-115.13692,36.10209],[-115.13694,36.10237]]}},{"type":"Feature","properties":{"name":"South Maryland Parkway","highway":"primary","osm":"way/1024894378"},"geometry":{"type":"LineString","coordinates":[[-115.13706,36.10402],[-115.13709,36.10447]]}},{"type":"Feature","properties":{"name":null,"highway":"primary_link","osm":"way/1025105973"},"geometry":{"type":"LineString","coordinates":[[-115.13767,36.11245],[-115.13784,36.11293]]}},{"type":"Feature","properties":{"name":"South Maryland Parkway","highway":"primary","osm":"way/1025105974"},"geometry":{"type":"LineString","coordinates":[[-115.13776,36.11382],[-115.1378,36.1145]]}},{"type":"Feature","properties":{"name":null,"highway":"primary_link","osm":"way/1025105975"},"geometry":{"type":"LineString","coordinates":[[-115.13788,36.11348],[-115.13772,36.11309]]}},{"type":"Feature","properties":{"name":"South Maryland Parkway","highway":"primary","osm":"way/1025110087"},"geometry":{"type":"LineString","coordinates":[[-115.13726,36.10694],[-115.13731,36.10775]]}},{"type":"Feature","properties":{"name":"South Maryland Parkway","highway":"primary","osm":"way/1025123603"},"geometry":{"type":"LineString","coordinates":[[-115.13773,36.11133],[-115.13772,36.11122]]}},{"type":"Feature","properties":{"name":"South Maryland Parkway","highway":"primary","osm":"way/1025123604"},"geometry":{"type":"LineString","coordinates":[[-115.13763,36.10984],[-115.1376,36.10944]]}},{"type":"Feature","properties":{"name":"South Maryland Parkway","highway":"primary","osm":"way/1025123605"},"geometry":{"type":"LineString","coordinates":[[-115.13752,36.10833],[-115.13748,36.10775]]}},{"type":"Feature","properties":{"name":"South Maryland Parkway","highway":"primary","osm":"way/1025128128"},"geometry":{"type":"LineString","coordinates":[[-115.13752,36.11061],[-115.13756,36.11112]]}},{"type":"Feature","properties":{"name":"South Maryland Parkway","highway":"primary","osm":"way/1025128129"},"geometry":{"type":"LineString","coordinates":[[-115.13757,36.1112],[-115.13759,36.11143]]}},{"type":"Feature","properties":{"name":"South Maryland Parkway","highway":"primary","osm":"way/1025142700"},"geometry":{"type":"LineString","coordinates":[[-115.13748,36.10775],[-115.13739,36.10651]]}},{"type":"Feature","properties":{"name":"South Maryland Parkway","highway":"primary","osm":"way/1025142701"},"geometry":{"type":"LineString","coordinates":[[-115.13739,36.10651],[-115.13737,36.10627]]}},{"type":"Feature","properties":{"name":"South Maryland Parkway","highway":"primary","osm":"way/1025142702"},"geometry":{"type":"LineString","coordinates":[[-115.13728,36.10488],[-115.13725,36.10447]]}},{"type":"Feature","properties":{"name":"East Bonanza Road","highway":"secondary","osm":"way/1025162197"},"geometry":{"type":"LineString","coordinates":[[-115.13433,36.17399],[-115.13396,36.17404]]}},{"type":"Feature","properties":{"name":"South Maryland Parkway","highway":"primary","osm":"way/1025207111"},"geometry":{"type":"LineString","coordinates":[[-115.13681,36.09732],[-115.13682,36.09791]]}},{"type":"Feature","properties":{"name":"South Maryland Parkway","highway":"primary","osm":"way/1025207112"},"geometry":{"type":"LineString","coordinates":[[-115.13682,36.09791],[-115.13682,36.09836]]}},{"type":"Feature","properties":{"name":"South Maryland Parkway","highway":"primary","osm":"way/1025207113"},"geometry":{"type":"LineString","coordinates":[[-115.13682,36.09872],[-115.13683,36.09935]]}},{"type":"Feature","properties":{"name":"South Maryland Parkway","highway":"primary","osm":"way/1025207114"},"geometry":{"type":"LineString","coordinates":[[-115.13683,36.09935],[-115.13683,36.09979]]}},{"type":"Feature","properties":{"name":null,"highway":"primary_link","osm":"way/1025207115"},"geometry":{"type":"LineString","coordinates":[[-115.13683,36.09979],[-115.137,36.09974]]}},{"type":"Feature","properties":{"name":"South Maryland Parkway","highway":"primary","osm":"way/1025207116"},"geometry":{"type":"LineString","coordinates":[[-115.13683,36.09979],[-115.13684,36.10023]]}},{"type":"Feature","properties":{"name":"West Washington Avenue","highway":"primary","osm":"way/1025217383"},"geometry":{"type":"LineString","coordinates":[[-115.14015,36.18125],[-115.14267,36.18135]]}},{"type":"Feature","properties":{"name":"West Washington Avenue","highway":"primary","osm":"way/1025217384"},"geometry":{"type":"LineString","coordinates":[[-115.14277,36.18133],[-115.14309,36.18125]]}},{"type":"Feature","properties":{"name":"A Street","highway":"unclassified","osm":"way/1025217385"},"geometry":{"type":"LineString","coordinates":[[-115.14311,36.18038],[-115.1431,36.18115]]}},{"type":"Feature","properties":{"name":"West Washington Avenue","highway":"primary","osm":"way/1025217386"},"geometry":{"type":"LineString","coordinates":[[-115.14309,36.18125],[-115.14356,36.18113]]}},{"type":"Feature","properties":{"name":"West Washington Avenue","highway":"primary","osm":"way/1025217387"},"geometry":{"type":"LineString","coordinates":[[-115.14399,36.18106],[-115.14439,36.18104]]}},{"type":"Feature","properties":{"name":null,"highway":"motorway_link","osm":"way/1025230315"},"geometry":{"type":"LineString","coordinates":[[-115.1425,36.17521],[-115.14316,36.17542]]}},{"type":"Feature","properties":{"name":null,"highway":"secondary_link","osm":"way/1026293369"},"geometry":{"type":"LineString","coordinates":[[-115.17979,36.11294],[-115.17992,36.11294]]}},{"type":"Feature","properties":{"name":"Frank Sinatra Drive","highway":"secondary","osm":"way/1026293370"},"geometry":{"type":"LineString","coordinates":[[-115.17947,36.11394],[-115.17992,36.11294]]}},{"type":"Feature","properties":{"name":"Frank Sinatra Drive","highway":"secondary","osm":"way/1026293371"},"geometry":{"type":"LineString","coordinates":[[-115.17939,36.11428],[-115.17947,36.11394]]}},{"type":"Feature","properties":{"name":"Frank Sinatra Drive","highway":"secondary","osm":"way/1026293372"},"geometry":{"type":"LineString","coordinates":[[-115.17996,36.11667],[-115.1798,36.11616]]}},{"type":"Feature","properties":{"name":"East Bonanza Road","highway":"secondary","osm":"way/1026311843"},"geometry":{"type":"LineString","coordinates":[[-115.11405,36.17385],[-115.11431,36.17393]]}},{"type":"Feature","properties":{"name":"East Bonanza Road","highway":"secondary","osm":"way/1026311844"},"geometry":{"type":"LineString","coordinates":[[-115.11431,36.17393],[-115.11533,36.174]]}},{"type":"Feature","properties":{"name":null,"highway":"secondary_link","osm":"way/1026311845"},"geometry":{"type":"LineString","coordinates":[[-115.11431,36.17393],[-115.11476,36.17382]]}},{"type":"Feature","properties":{"name":"East Charleston Boulevard","highway":"primary","osm":"way/1026329927"},"geometry":{"type":"LineString","coordinates":[[-115.14096,36.15878],[-115.13832,36.1588]]}},{"type":"Feature","properties":{"name":"East Charleston Boulevard","highway":"primary","osm":"way/1026329930"},"geometry":{"type":"LineString","coordinates":[[-115.13832,36.1588],[-115.13766,36.1588]]}},{"type":"Feature","properties":{"name":"South Maryland Parkway","highway":"secondary","osm":"way/1026329931"},"geometry":{"type":"LineString","coordinates":[[-115.13698,36.15937],[-115.13703,36.15894]]}},{"type":"Feature","properties":{"name":"East Charleston Boulevard","highway":"primary","osm":"way/1026329932"},"geometry":{"type":"LineString","coordinates":[[-115.13766,36.1588],[-115.13725,36.15881]]}},{"type":"Feature","properties":{"name":"East Charleston Boulevard","highway":"primary","osm":"way/1026329933"},"geometry":{"type":"LineString","coordinates":[[-115.13703,36.15881],[-115.13685,36.15881]]}},{"type":"Feature","properties":{"name":"South Maryland Parkway","highway":"secondary","osm":"way/1026329934"},"geometry":{"type":"LineString","coordinates":[[-115.13686,36.15894],[-115.13685,36.15912]]}},{"type":"Feature","properties":{"name":"East Charleston Boulevard","highway":"primary","osm":"way/1026329935"},"geometry":{"type":"LineString","coordinates":[[-115.13567,36.15881],[-115.13546,36.15881]]}},{"type":"Feature","properties":{"name":"North Main Street","highway":"primary","osm":"way/1026378986"},"geometry":{"type":"LineString","coordinates":[[-115.1457,36.1726],[-115.14556,36.17283]]}},{"type":"Feature","properties":{"name":"East Bonanza Road","highway":"secondary","osm":"way/1026416852"},"geometry":{"type":"LineString","coordinates":[[-115.11127,36.17384],[-115.11173,36.17385]]}},{"type":"Feature","properties":{"name":"East Bonanza Road","highway":"secondary","osm":"way/1026416853"},"geometry":{"type":"LineString","coordinates":[[-115.11173,36.17385],[-115.11215,36.1738]]}},{"type":"Feature","properties":{"name":"East Charleston Boulevard","highway":"primary","osm":"way/1026630520"},"geometry":{"type":"LineString","coordinates":[[-115.12565,36.15881],[-115.12508,36.15881]]}},{"type":"Feature","properties":{"name":"East Charleston Boulevard","highway":"primary","osm":"way/1026630521"},"geometry":{"type":"LineString","coordinates":[[-115.12508,36.15881],[-115.12497,36.15881]]}},{"type":"Feature","properties":{"name":"South Eastern Avenue","highway":"primary","osm":"way/1026915833"},"geometry":{"type":"LineString","coordinates":[[-115.11879,36.15441],[-115.11879,36.15557]]}},{"type":"Feature","properties":{"name":"South Eastern Avenue","highway":"primary","osm":"way/1026915834"},"geometry":{"type":"LineString","coordinates":[[-115.11879,36.15557],[-115.11879,36.15587]]}},{"type":"Feature","properties":{"name":"Houston Drive","highway":"residential","osm":"way/1026915835"},"geometry":{"type":"LineString","coordinates":[[-115.11879,36.15587],[-115.11665,36.15588]]}},{"type":"Feature","properties":{"name":"South Eastern Avenue","highway":"primary","osm":"way/1026915836"},"geometry":{"type":"LineString","coordinates":[[-115.11879,36.15587],[-115.11881,36.15744]]}},{"type":"Feature","properties":{"name":"South Eastern Avenue","highway":"primary","osm":"way/1026915837"},"geometry":{"type":"LineString","coordinates":[[-115.11881,36.15744],[-115.11881,36.15773]]}},{"type":"Feature","properties":{"name":"Ballard Drive","highway":"residential","osm":"way/1026915838"},"geometry":{"type":"LineString","coordinates":[[-115.11881,36.15773],[-115.11725,36.15773]]}},{"type":"Feature","properties":{"name":"South Eastern Avenue","highway":"primary","osm":"way/1026915839"},"geometry":{"type":"LineString","coordinates":[[-115.11881,36.15773],[-115.11881,36.15841]]}},{"type":"Feature","properties":{"name":"South Eastern Avenue","highway":"primary","osm":"way/1026915840"},"geometry":{"type":"LineString","coordinates":[[-115.11881,36.15841],[-115.1188,36.15877]]}},{"type":"Feature","properties":{"name":"East Charleston Boulevard","highway":"primary","osm":"way/1026915841"},"geometry":{"type":"LineString","coordinates":[[-115.11943,36.15877],[-115.11899,36.15877]]}},{"type":"Feature","properties":{"name":"South Eastern Avenue","highway":"primary","osm":"way/1026915842"},"geometry":{"type":"LineString","coordinates":[[-115.1188,36.15877],[-115.11879,36.15892]]}},{"type":"Feature","properties":{"name":"East Charleston Boulevard","highway":"primary","osm":"way/1026915843"},"geometry":{"type":"LineString","coordinates":[[-115.11879,36.15892],[-115.11897,36.15892]]}},{"type":"Feature","properties":{"name":"South Eastern Avenue","highway":"primary","osm":"way/1026915844"},"geometry":{"type":"LineString","coordinates":[[-115.11879,36.15892],[-115.1187,36.15924]]}},{"type":"Feature","properties":{"name":"Las Vegas Encore Loop","highway":"unclassified","osm":"way/1026989535"},"geometry":{"type":"LineString","coordinates":[[-115.16224,36.12917],[-115.1621,36.12928]]}},{"type":"Feature","properties":{"name":"D Street","highway":"primary","osm":"way/1027265423"},"geometry":{"type":"LineString","coordinates":[[-115.14702,36.18062],[-115.147,36.18]]}},{"type":"Feature","properties":{"name":"D Street","highway":"tertiary","osm":"way/1027265424"},"geometry":{"type":"LineString","coordinates":[[-115.14702,36.18134],[-115.14702,36.1809]]}},{"type":"Feature","properties":{"name":null,"highway":"motorway_link","osm":"way/1027606066"},"geometry":{"type":"LineString","coordinates":[[-115.1577,36.17365],[-115.15732,36.1729]]}},{"type":"Feature","properties":{"name":"East Charleston Boulevard","highway":"primary","osm":"way/1027615499"},"geometry":{"type":"LineString","coordinates":[[-115.13545,36.15895],[-115.13618,36.15894]]}},{"type":"Feature","properties":{"name":"East Charleston Boulevard","highway":"primary","osm":"way/1027615500"},"geometry":{"type":"LineString","coordinates":[[-115.13618,36.15894],[-115.13686,36.15894]]}},{"type":"Feature","properties":{"name":"South Maryland Parkway","highway":"primary","osm":"way/1027615501"},"geometry":{"type":"LineString","coordinates":[[-115.13685,36.15881],[-115.13686,36.15894]]}},{"type":"Feature","properties":{"name":"East Charleston Boulevard","highway":"primary","osm":"way/1027615502"},"geometry":{"type":"LineString","coordinates":[[-115.13686,36.15894],[-115.13703,36.15894]]}},{"type":"Feature","properties":{"name":"South Maryland Parkway","highway":"primary","osm":"way/1027615503"},"geometry":{"type":"LineString","coordinates":[[-115.13703,36.15894],[-115.13703,36.15881]]}},{"type":"Feature","properties":{"name":"East Charleston Boulevard","highway":"primary","osm":"way/1027615507"},"geometry":{"type":"LineString","coordinates":[[-115.13703,36.15894],[-115.14054,36.15892]]}},{"type":"Feature","properties":{"name":"East Charleston Boulevard","highway":"primary","osm":"way/1027615509"},"geometry":{"type":"LineString","coordinates":[[-115.14054,36.15892],[-115.14095,36.15891]]}},{"type":"Feature","properties":{"name":"Gass Avenue","highway":"tertiary","osm":"way/1027615510"},"geometry":{"type":"LineString","coordinates":[[-115.14095,36.15891],[-115.14096,36.15885]]}},{"type":"Feature","properties":{"name":"East Charleston Boulevard","highway":"primary","osm":"way/1027615511"},"geometry":{"type":"LineString","coordinates":[[-115.14095,36.15891],[-115.14263,36.15891]]}},{"type":"Feature","properties":{"name":"East Charleston Boulevard","highway":"primary","osm":"way/1027615512"},"geometry":{"type":"LineString","coordinates":[[-115.14263,36.15891],[-115.14307,36.1589]]}},{"type":"Feature","properties":{"name":"South 8th Street","highway":"tertiary","osm":"way/1027615513"},"geometry":{"type":"LineString","coordinates":[[-115.14307,36.1589],[-115.14316,36.15877]]}},{"type":"Feature","properties":{"name":"East Charleston Boulevard","highway":"primary","osm":"way/1027615514"},"geometry":{"type":"LineString","coordinates":[[-115.14501,36.1589],[-115.14515,36.15891]]}},{"type":"Feature","properties":{"name":"South 15th Street","highway":"residential","osm":"way/1027621108"},"geometry":{"type":"LineString","coordinates":[[-115.13274,36.15895],[-115.13278,36.15888]]}},{"type":"Feature","properties":{"name":"East Charleston Boulevard","highway":"primary","osm":"way/1027621109"},"geometry":{"type":"LineString","coordinates":[[-115.13274,36.15895],[-115.13331,36.15895]]}},{"type":"Feature","properties":{"name":"University Road","highway":"unclassified","osm":"way/1029217457"},"geometry":{"type":"LineString","coordinates":[[-115.13739,36.10449],[-115.13772,36.10449]]}},{"type":"Feature","properties":{"name":"University Road","highway":"unclassified","osm":"way/1029217459"},"geometry":{"type":"LineString","coordinates":[[-115.13772,36.10449],[-115.13806,36.10449]]}},{"type":"Feature","properties":{"name":"University Road","highway":"unclassified","osm":"way/1029217460"},"geometry":{"type":"LineString","coordinates":[[-115.13769,36.10443],[-115.13738,36.10443]]}},{"type":"Feature","properties":{"name":"University Road","highway":"unclassified","osm":"way/1029217461"},"geometry":{"type":"LineString","coordinates":[[-115.1379,36.10443],[-115.13769,36.10443]]}},{"type":"Feature","properties":{"name":"East Charleston Boulevard","highway":"primary","osm":"way/1030015687"},"geometry":{"type":"LineString","coordinates":[[-115.11897,36.15892],[-115.11951,36.15885]]}},{"type":"Feature","properties":{"name":"South Eastern Avenue","highway":"primary","osm":"way/1030015688"},"geometry":{"type":"LineString","coordinates":[[-115.11897,36.15892],[-115.11899,36.15877]]}},{"type":"Feature","properties":{"name":"Frank Sinatra Drive","highway":"secondary","osm":"way/1030066251"},"geometry":{"type":"LineString","coordinates":[[-115.18,36.11977],[-115.18003,36.11914]]}},{"type":"Feature","properties":{"name":"Sammy Davis Junior Drive","highway":"secondary","osm":"way/1030066513"},"geometry":{"type":"LineString","coordinates":[[-115.1794,36.1216],[-115.17964,36.12134]]}},{"type":"Feature","properties":{"name":"Dean Martin Drive","highway":"secondary","osm":"way/1030066597"},"geometry":{"type":"LineString","coordinates":[[-115.18121,36.1201],[-115.18139,36.11989]]}},{"type":"Feature","properties":{"name":"South Las Vegas Boulevard","highway":"primary","osm":"way/1030066598"},"geometry":{"type":"LineString","coordinates":[[-115.17314,36.109],[-115.17315,36.10881]]}},{"type":"Feature","properties":{"name":"West Harmon Avenue","highway":"secondary","osm":"way/1030066599"},"geometry":{"type":"LineString","coordinates":[[-115.17315,36.10881],[-115.17298,36.10868]]}},{"type":"Feature","properties":{"name":"South Las Vegas Boulevard","highway":"primary","osm":"way/1030066600"},"geometry":{"type":"LineString","coordinates":[[-115.17317,36.10701],[-115.17317,36.10665]]}},{"type":"Feature","properties":{"name":"Frank Sinatra Drive","highway":"secondary","osm":"way/1030067369"},"geometry":{"type":"LineString","coordinates":[[-115.18006,36.11836],[-115.18008,36.1178]]}},{"type":"Feature","properties":{"name":"Frank Sinatra Drive","highway":"secondary","osm":"way/1030067370"},"geometry":{"type":"LineString","coordinates":[[-115.18008,36.1178],[-115.18009,36.11735]]}},{"type":"Feature","properties":{"name":"West Twain Avenue","highway":"secondary","osm":"way/1030067619"},"geometry":{"type":"LineString","coordinates":[[-115.18139,36.11989],[-115.18166,36.12004]]}},{"type":"Feature","properties":{"name":"West Twain Avenue","highway":"secondary","osm":"way/1030067620"},"geometry":{"type":"LineString","coordinates":[[-115.18363,36.12108],[-115.18404,36.12129]]}},{"type":"Feature","properties":{"name":"West Twain Avenue","highway":"secondary","osm":"way/1030067621"},"geometry":{"type":"LineString","coordinates":[[-115.18332,36.12092],[-115.18363,36.12108]]}},{"type":"Feature","properties":{"name":"Bellagio Drive","highway":"unclassified","osm":"way/1030067966"},"geometry":{"type":"LineString","coordinates":[[-115.17438,36.11114],[-115.17389,36.11102]]}},{"type":"Feature","properties":{"name":"Bellagio Drive","highway":"unclassified","osm":"way/1030067967"},"geometry":{"type":"LineString","coordinates":[[-115.17313,36.11106],[-115.17282,36.11109]]}},{"type":"Feature","properties":{"name":"South Las Vegas Boulevard","highway":"primary","osm":"way/1030067968"},"geometry":{"type":"LineString","coordinates":[[-115.17312,36.11121],[-115.17313,36.11106]]}},{"type":"Feature","properties":{"name":"South Las Vegas Boulevard","highway":"primary","osm":"way/1030069361"},"geometry":{"type":"LineString","coordinates":[[-115.17281,36.10875],[-115.1728,36.10992]]}},{"type":"Feature","properties":{"name":"South Las Vegas Boulevard","highway":"primary","osm":"way/1030272602"},"geometry":{"type":"LineString","coordinates":[[-115.16868,36.12659],[-115.16938,36.12556]]}},{"type":"Feature","properties":{"name":"South Las Vegas Boulevard","highway":"primary","osm":"way/1030272955"},"geometry":{"type":"LineString","coordinates":[[-115.16821,36.12695],[-115.16776,36.12765]]}},{"type":"Feature","properties":{"name":"Frank Sinatra Drive","highway":"secondary","osm":"way/1030275392"},"geometry":{"type":"LineString","coordinates":[[-115.18004,36.11036],[-115.18004,36.10893]]}},{"type":"Feature","properties":{"name":"Frank Sinatra Drive","highway":"secondary","osm":"way/1030275393"},"geometry":{"type":"LineString","coordinates":[[-115.18004,36.10893],[-115.18004,36.10854]]}},{"type":"Feature","properties":{"name":"Frank Sinatra Drive","highway":"secondary","osm":"way/1030275394"},"geometry":{"type":"LineString","coordinates":[[-115.18004,36.10854],[-115.18004,36.10757]]}},{"type":"Feature","properties":{"name":"Frank Sinatra Drive","highway":"secondary","osm":"way/1030275395"},"geometry":{"type":"LineString","coordinates":[[-115.18004,36.10757],[-115.18004,36.10692]]}},{"type":"Feature","properties":{"name":"Frank Sinatra Drive","highway":"secondary","osm":"way/1030275396"},"geometry":{"type":"LineString","coordinates":[[-115.1801,36.1047],[-115.18004,36.10375]]}},{"type":"Feature","properties":{"name":"Frank Sinatra Drive","highway":"secondary","osm":"way/1030275397"},"geometry":{"type":"LineString","coordinates":[[-115.18006,36.11226],[-115.18004,36.11066]]}},{"type":"Feature","properties":{"name":"Frank Sinatra Drive","highway":"secondary","osm":"way/1030275398"},"geometry":{"type":"LineString","coordinates":[[-115.18004,36.11066],[-115.18004,36.11036]]}},{"type":"Feature","properties":{"name":"Mystère Dreams Avenue","highway":"unclassified","osm":"way/1030275680"},"geometry":{"type":"LineString","coordinates":[[-115.17076,36.12341],[-115.1712,36.12359]]}},{"type":"Feature","properties":{"name":"Mystère Dreams Avenue","highway":"unclassified","osm":"way/1030275682"},"geometry":{"type":"LineString","coordinates":[[-115.1712,36.12359],[-115.17189,36.12374]]}},{"type":"Feature","properties":{"name":"Mystère Dreams Avenue","highway":"unclassified","osm":"way/1030275683"},"geometry":{"type":"LineString","coordinates":[[-115.1726,36.12376],[-115.17311,36.12382]]}},{"type":"Feature","properties":{"name":"West Harmon Avenue","highway":"secondary","osm":"way/1030275751"},"geometry":{"type":"LineString","coordinates":[[-115.18332,36.10823],[-115.18343,36.10823]]}},{"type":"Feature","properties":{"name":"Aldebaran Avenue","highway":"tertiary","osm":"way/1030275752"},"geometry":{"type":"LineString","coordinates":[[-115.18333,36.10809],[-115.18332,36.10823]]}},{"type":"Feature","properties":{"name":"West Harmon Avenue","highway":"secondary","osm":"way/1030275753"},"geometry":{"type":"LineString","coordinates":[[-115.18285,36.10822],[-115.18332,36.10823]]}},{"type":"Feature","properties":{"name":"Paradise Road","highway":"primary","osm":"way/1030276000"},"geometry":{"type":"LineString","coordinates":[[-115.15192,36.10753],[-115.15168,36.10671]]}},{"type":"Feature","properties":{"name":"Paradise Road","highway":"primary","osm":"way/1030276001"},"geometry":{"type":"LineString","coordinates":[[-115.15168,36.10671],[-115.15149,36.1061]]}},{"type":"Feature","properties":{"name":"Paradise Road","highway":"primary","osm":"way/1030276002"},"geometry":{"type":"LineString","coordinates":[[-115.15149,36.1061],[-115.15137,36.10572]]}},{"type":"Feature","properties":{"name":"Sammy Davis Junior Drive","highway":"secondary","osm":"way/1030276303"},"geometry":{"type":"LineString","coordinates":[[-115.17839,36.12351],[-115.17876,36.12272]]}},{"type":"Feature","properties":{"name":"New York New York","highway":"unclassified","osm":"way/1030279634"},"geometry":{"type":"LineString","coordinates":[[-115.17601,36.10164],[-115.17601,36.10119]]}},{"type":"Feature","properties":{"name":"New York New York","highway":"unclassified","osm":"way/1030279635"},"geometry":{"type":"LineString","coordinates":[[-115.17601,36.10119],[-115.17617,36.10097]]}},{"type":"Feature","properties":{"name":"Koval Lane","highway":"secondary","osm":"way/1030280930"},"geometry":{"type":"LineString","coordinates":[[-115.16398,36.11681],[-115.16398,36.1173]]}},{"type":"Feature","properties":{"name":"New York New York","highway":"unclassified","osm":"way/1030281483"},"geometry":{"type":"LineString","coordinates":[[-115.17598,36.10097],[-115.17593,36.10164]]}},{"type":"Feature","properties":{"name":"South Las Vegas Boulevard","highway":"primary","osm":"way/1030281593"},"geometry":{"type":"LineString","coordinates":[[-115.17263,36.11902],[-115.17234,36.12008]]}},{"type":"Feature","properties":{"name":null,"highway":"motorway_link","osm":"way/1030283060"},"geometry":{"type":"LineString","coordinates":[[-115.14348,36.1829],[-115.14331,36.18392]]}},{"type":"Feature","properties":{"name":"Koval Lane","highway":"secondary","osm":"way/1030285388"},"geometry":{"type":"LineString","coordinates":[[-115.1641,36.11495],[-115.1641,36.11459]]}},{"type":"Feature","properties":{"name":"West Harmon Avenue","highway":"secondary","osm":"way/1030285998"},"geometry":{"type":"LineString","coordinates":[[-115.18401,36.1081],[-115.18344,36.10809]]}},{"type":"Feature","properties":{"name":"West Harmon Avenue","highway":"secondary","osm":"way/1030285999"},"geometry":{"type":"LineString","coordinates":[[-115.18553,36.10814],[-115.18471,36.10811]]}},{"type":"Feature","properties":{"name":"Grand Central Parkway","highway":"secondary","osm":"way/1030288341"},"geometry":{"type":"LineString","coordinates":[[-115.15832,36.16054],[-115.15818,36.16103]]}},{"type":"Feature","properties":{"name":"Dean Martin Drive","highway":"tertiary","osm":"way/1030290134"},"geometry":{"type":"LineString","coordinates":[[-115.18302,36.10141],[-115.18312,36.10135]]}},{"type":"Feature","properties":{"name":"East Harmon Avenue","highway":"secondary","osm":"way/1030290852"},"geometry":{"type":"LineString","coordinates":[[-115.17281,36.10853],[-115.1718,36.10798]]}},{"type":"Feature","properties":{"name":"Planet Hollywood Way","highway":"unclassified","osm":"way/1030290853"},"geometry":{"type":"LineString","coordinates":[[-115.16998,36.10812],[-115.16996,36.10796]]}},{"type":"Feature","properties":{"name":"East Harmon Avenue","highway":"secondary","osm":"way/1030290854"},"geometry":{"type":"LineString","coordinates":[[-115.17091,36.10797],[-115.16996,36.10796]]}},{"type":"Feature","properties":{"name":"East Harmon Avenue","highway":"secondary","osm":"way/1030290855"},"geometry":{"type":"LineString","coordinates":[[-115.16996,36.10796],[-115.16986,36.10796]]}},{"type":"Feature","properties":{"name":"East Harmon Avenue","highway":"secondary","osm":"way/1030290856"},"geometry":{"type":"LineString","coordinates":[[-115.16871,36.10795],[-115.16785,36.10795]]}},{"type":"Feature","properties":{"name":"West Twain Avenue","highway":"secondary","osm":"way/1030292975"},"geometry":{"type":"LineString","coordinates":[[-115.18233,36.12012],[-115.1818,36.11988]]}},{"type":"Feature","properties":{"name":"South Las Vegas Boulevard","highway":"primary","osm":"way/1030297248"},"geometry":{"type":"LineString","coordinates":[[-115.16575,36.13105],[-115.16677,36.12947]]}},{"type":"Feature","properties":{"name":"South Las Vegas Boulevard","highway":"primary","osm":"way/1030297250"},"geometry":{"type":"LineString","coordinates":[[-115.16765,36.12813],[-115.16792,36.12771]]}},{"type":"Feature","properties":{"name":"South Las Vegas Boulevard","highway":"primary","osm":"way/1030298830"},"geometry":{"type":"LineString","coordinates":[[-115.16592,36.13045],[-115.16566,36.13092]]}},{"type":"Feature","properties":{"name":"South Las Vegas Boulevard","highway":"primary","osm":"way/1030298831"},"geometry":{"type":"LineString","coordinates":[[-115.16602,36.13027],[-115.16592,36.13045]]}},{"type":"Feature","properties":{"name":"Koval Lane","highway":"secondary","osm":"way/1030303969"},"geometry":{"type":"LineString","coordinates":[[-115.16416,36.12],[-115.16415,36.11936]]}},{"type":"Feature","properties":{"name":"Koval Lane","highway":"secondary","osm":"way/1030303970"},"geometry":{"type":"LineString","coordinates":[[-115.16414,36.11878],[-115.16414,36.1187]]}},{"type":"Feature","properties":{"name":"Koval Lane","highway":"secondary","osm":"way/1030307119"},"geometry":{"type":"LineString","coordinates":[[-115.16413,36.11817],[-115.16413,36.11788]]}},{"type":"Feature","properties":{"name":"Koval Lane","highway":"secondary","osm":"way/1030307789"},"geometry":{"type":"LineString","coordinates":[[-115.164,36.11921],[-115.164,36.12006]]}},{"type":"Feature","properties":{"name":"North Main Street","highway":"secondary","osm":"way/1030317173"},"geometry":{"type":"LineString","coordinates":[[-115.1447,36.17436],[-115.1449,36.17405]]}},{"type":"Feature","properties":{"name":"South Main Street","highway":"primary","osm":"way/1030318428"},"geometry":{"type":"LineString","coordinates":[[-115.14773,36.16971],[-115.14795,36.16938]]}},{"type":"Feature","properties":{"name":"South Main Street","highway":"primary","osm":"way/1030324894"},"geometry":{"type":"LineString","coordinates":[[-115.14675,36.17121],[-115.14684,36.17107]]}},{"type":"Feature","properties":{"name":"South Main Street","highway":"primary","osm":"way/1030324895"},"geometry":{"type":"LineString","coordinates":[[-115.14684,36.17107],[-115.14699,36.17085]]}},{"type":"Feature","properties":{"name":"South Las Vegas Boulevard","highway":"primary","osm":"way/1030355265"},"geometry":{"type":"LineString","coordinates":[[-115.17278,36.09481],[-115.17278,36.09541]]}},{"type":"Feature","properties":{"name":"South Las Vegas Boulevard","highway":"primary","osm":"way/1030355266"},"geometry":{"type":"LineString","coordinates":[[-115.17282,36.09656],[-115.17282,36.09733]]}},{"type":"Feature","properties":{"name":null,"highway":"secondary_link","osm":"way/1031076139"},"geometry":{"type":"LineString","coordinates":[[-115.16416,36.12064],[-115.164,36.12006]]}},{"type":"Feature","properties":{"name":"Ocean Drive","highway":"unclassified","osm":"way/1031078262"},"geometry":{"type":"LineString","coordinates":[[-115.16962,36.10098],[-115.16961,36.10079]]}},{"type":"Feature","properties":{"name":"Frank Sinatra Drive","highway":"secondary","osm":"way/1031086494"},"geometry":{"type":"LineString","coordinates":[[-115.17988,36.10375],[-115.17993,36.10431]]}},{"type":"Feature","properties":{"name":"Frank Sinatra Drive","highway":"secondary","osm":"way/1031086495"},"geometry":{"type":"LineString","coordinates":[[-115.17993,36.10431],[-115.17993,36.10468]]}},{"type":"Feature","properties":{"name":"Frank Sinatra Drive","highway":"secondary","osm":"way/1031086497"},"geometry":{"type":"LineString","coordinates":[[-115.17993,36.10468],[-115.17993,36.10537]]}},{"type":"Feature","properties":{"name":"Frank Sinatra Drive","highway":"secondary","osm":"way/1031086498"},"geometry":{"type":"LineString","coordinates":[[-115.17993,36.10537],[-115.17993,36.10651]]}},{"type":"Feature","properties":{"name":"Frank Sinatra Drive","highway":"secondary","osm":"way/1031086500"},"geometry":{"type":"LineString","coordinates":[[-115.17993,36.10651],[-115.17991,36.10737]]}},{"type":"Feature","properties":{"name":"Frank Sinatra Drive","highway":"secondary","osm":"way/1031086501"},"geometry":{"type":"LineString","coordinates":[[-115.17991,36.10737],[-115.1799,36.10769]]}},{"type":"Feature","properties":{"name":"Frank Sinatra Drive","highway":"secondary","osm":"way/1031086502"},"geometry":{"type":"LineString","coordinates":[[-115.1799,36.10769],[-115.1799,36.10796]]}},{"type":"Feature","properties":{"name":"Frank Sinatra Drive","highway":"secondary","osm":"way/1031086503"},"geometry":{"type":"LineString","coordinates":[[-115.1799,36.10796],[-115.17991,36.10854]]}},{"type":"Feature","properties":{"name":"North Main Street","highway":"secondary","osm":"way/1031267395"},"geometry":{"type":"LineString","coordinates":[[-115.14267,36.17747],[-115.14281,36.17724]]}},{"type":"Feature","properties":{"name":"South Commerce Street","highway":"primary","osm":"way/1031603881"},"geometry":{"type":"LineString","coordinates":[[-115.15472,36.15927],[-115.15484,36.1591]]}},{"type":"Feature","properties":{"name":"Grand Central Parkway","highway":"secondary","osm":"way/1031629482"},"geometry":{"type":"LineString","coordinates":[[-115.14985,36.17317],[-115.14929,36.17338]]}},{"type":"Feature","properties":{"name":"South Main Street","highway":"secondary","osm":"way/1031956787"},"geometry":{"type":"LineString","coordinates":[[-115.15362,36.15818],[-115.15361,36.15843]]}},{"type":"Feature","properties":{"name":"East Bonanza Road","highway":"secondary","osm":"way/1031960836"},"geometry":{"type":"LineString","coordinates":[[-115.13396,36.17404],[-115.13451,36.17408]]}},{"type":"Feature","properties":{"name":"East Bonanza Road","highway":"secondary","osm":"way/1031960837"},"geometry":{"type":"LineString","coordinates":[[-115.13451,36.17408],[-115.13487,36.1741]]}},{"type":"Feature","properties":{"name":"South Main Street","highway":"primary","osm":"way/1031985446"},"geometry":{"type":"LineString","coordinates":[[-115.15352,36.1596],[-115.15277,36.16098]]}},{"type":"Feature","properties":{"name":"South Main Street","highway":"primary","osm":"way/1031985447"},"geometry":{"type":"LineString","coordinates":[[-115.15277,36.16098],[-115.152,36.16216]]}},{"type":"Feature","properties":{"name":"South Main Street","highway":"primary","osm":"way/1031985448"},"geometry":{"type":"LineString","coordinates":[[-115.152,36.16216],[-115.15145,36.16301]]}},{"type":"Feature","properties":{"name":"South Main Street","highway":"primary","osm":"way/1031985449"},"geometry":{"type":"LineString","coordinates":[[-115.15145,36.16301],[-115.15133,36.16324]]}},{"type":"Feature","properties":{"name":"South Main Street","highway":"primary","osm":"way/1031985450"},"geometry":{"type":"LineString","coordinates":[[-115.15357,36.15891],[-115.15352,36.1596]]}},{"type":"Feature","properties":{"name":"Spring Mountain Road","highway":"primary","osm":"way/1032522680"},"geometry":{"type":"LineString","coordinates":[[-115.17086,36.12561],[-115.17115,36.12562]]}},{"type":"Feature","properties":{"name":"West Bonneville Avenue","highway":"secondary","osm":"way/1032523513"},"geometry":{"type":"LineString","coordinates":[[-115.15533,36.16674],[-115.15547,36.16673]]}},{"type":"Feature","properties":{"name":"West Bonneville Avenue","highway":"secondary","osm":"way/1032523516"},"geometry":{"type":"LineString","coordinates":[[-115.15532,36.16661],[-115.1552,36.16662]]}},{"type":"Feature","properties":{"name":"Grand Central Parkway","highway":"secondary","osm":"way/1032523517"},"geometry":{"type":"LineString","coordinates":[[-115.15777,36.162],[-115.15797,36.16169]]}},{"type":"Feature","properties":{"name":"West Bonneville Avenue","highway":"secondary","osm":"way/1032523518"},"geometry":{"type":"LineString","coordinates":[[-115.15545,36.16659],[-115.15532,36.16661]]}},{"type":"Feature","properties":{"name":"West Bonanza Road","highway":"secondary","osm":"way/1032540722"},"geometry":{"type":"LineString","coordinates":[[-115.14315,36.17734],[-115.14371,36.17736]]}},{"type":"Feature","properties":{"name":"West Washington Avenue","highway":"primary","osm":"way/1032585645"},"geometry":{"type":"LineString","coordinates":[[-115.1468,36.18095],[-115.14689,36.1809]]}},{"type":"Feature","properties":{"name":"D Street","highway":"tertiary","osm":"way/1032585646"},"geometry":{"type":"LineString","coordinates":[[-115.14689,36.1809],[-115.14693,36.18156]]}},{"type":"Feature","properties":{"name":"D Street","highway":"tertiary","osm":"way/1032585647"},"geometry":{"type":"LineString","coordinates":[[-115.14702,36.1809],[-115.14702,36.18062]]}},{"type":"Feature","properties":{"name":"West Washington Avenue","highway":"primary","osm":"way/1032585648"},"geometry":{"type":"LineString","coordinates":[[-115.14679,36.18084],[-115.14588,36.18086]]}},{"type":"Feature","properties":{"name":"Western Avenue","highway":"tertiary","osm":"way/1032598460"},"geometry":{"type":"LineString","coordinates":[[-115.15948,36.15579],[-115.1596,36.15629]]}},{"type":"Feature","properties":{"name":null,"highway":"motorway_link","osm":"way/1032599148"},"geometry":{"type":"LineString","coordinates":[[-115.14505,36.18173],[-115.14555,36.18118]]}},{"type":"Feature","properties":{"name":null,"highway":"motorway_link","osm":"way/1032599149"},"geometry":{"type":"LineString","coordinates":[[-115.14555,36.18118],[-115.14573,36.18101]]}},{"type":"Feature","properties":{"name":"East Charleston Boulevard","highway":"primary","osm":"way/1032603308"},"geometry":{"type":"LineString","coordinates":[[-115.14751,36.15891],[-115.14889,36.15892]]}},{"type":"Feature","properties":{"name":"South 4th Street","highway":"tertiary","osm":"way/1032603309"},"geometry":{"type":"LineString","coordinates":[[-115.14896,36.15879],[-115.14893,36.15886]]}},{"type":"Feature","properties":{"name":"South 4th Street","highway":"tertiary","osm":"way/1032603310"},"geometry":{"type":"LineString","coordinates":[[-115.14889,36.15892],[-115.14804,36.16019]]}},{"type":"Feature","properties":{"name":"South 4th Street","highway":"tertiary","osm":"way/1032603311"},"geometry":{"type":"LineString","coordinates":[[-115.14804,36.16019],[-115.1479,36.16041]]}},{"type":"Feature","properties":{"name":"Gass Avenue","highway":"tertiary","osm":"way/1032603314"},"geometry":{"type":"LineString","coordinates":[[-115.14713,36.16159],[-115.14605,36.16112]]}},{"type":"Feature","properties":{"name":"Frank Sinatra Drive","highway":"secondary","osm":"way/1032604383"},"geometry":{"type":"LineString","coordinates":[[-115.17998,36.12021],[-115.18,36.11977]]}},{"type":"Feature","properties":{"name":"West Harmon Avenue","highway":"secondary","osm":"way/1032604997"},"geometry":{"type":"LineString","coordinates":[[-115.17298,36.10889],[-115.17314,36.109]]}},{"type":"Feature","properties":{"name":"Sammy Davis Junior Drive","highway":"secondary","osm":"way/1032605646"},"geometry":{"type":"LineString","coordinates":[[-115.17673,36.12612],[-115.17672,36.12595]]}},{"type":"Feature","properties":{"name":"Frank Sinatra Drive","highway":"secondary","osm":"way/1032605980"},"geometry":{"type":"LineString","coordinates":[[-115.17985,36.11977],[-115.17985,36.1203]]}},{"type":"Feature","properties":{"name":"Frank Sinatra Drive","highway":"secondary","osm":"way/1032605981"},"geometry":{"type":"LineString","coordinates":[[-115.18006,36.12068],[-115.18013,36.12076]]}},{"type":"Feature","properties":{"name":"East Harmon Avenue","highway":"secondary","osm":"way/1032610389"},"geometry":{"type":"LineString","coordinates":[[-115.16881,36.10811],[-115.16983,36.10812]]}},{"type":"Feature","properties":{"name":"East Harmon Avenue","highway":"secondary","osm":"way/1032610390"},"geometry":{"type":"LineString","coordinates":[[-115.16857,36.1081],[-115.16881,36.10811]]}},{"type":"Feature","properties":{"name":"Koval Lane","highway":"secondary","osm":"way/1032613489"},"geometry":{"type":"LineString","coordinates":[[-115.16396,36.11536],[-115.16396,36.11559]]}},{"type":"Feature","properties":{"name":"South Las Vegas Boulevard","highway":"primary","osm":"way/1032773727"},"geometry":{"type":"LineString","coordinates":[[-115.1728,36.11649],[-115.17281,36.11737]]}},{"type":"Feature","properties":{"name":"South Las Vegas Boulevard","highway":"primary","osm":"way/1032776580"},"geometry":{"type":"LineString","coordinates":[[-115.17299,36.11594],[-115.17298,36.11477]]}},{"type":"Feature","properties":{"name":"Sammy Davis Junior Drive","highway":"secondary","osm":"way/1032777177"},"geometry":{"type":"LineString","coordinates":[[-115.17572,36.12752],[-115.1759,36.12736]]}},{"type":"Feature","properties":{"name":"Hall Taxi Lane","highway":"unclassified","osm":"way/1032782620"},"geometry":{"type":"LineString","coordinates":[[-115.15312,36.1287],[-115.15306,36.1289]]}},{"type":"Feature","properties":{"name":"D Street","highway":"secondary","osm":"way/1032783577"},"geometry":{"type":"LineString","coordinates":[[-115.147,36.18],[-115.14698,36.17982]]}},{"type":"Feature","properties":{"name":"Koval Lane","highway":"secondary","osm":"way/1032789814"},"geometry":{"type":"LineString","coordinates":[[-115.16396,36.11559],[-115.16396,36.11573]]}},{"type":"Feature","properties":{"name":"West Desert Inn Road","highway":"tertiary","osm":"way/1032790452"},"geometry":{"type":"LineString","coordinates":[[-115.17784,36.12997],[-115.17703,36.12973]]}},{"type":"Feature","properties":{"name":"Western Avenue","highway":"unclassified","osm":"way/1032790453"},"geometry":{"type":"LineString","coordinates":[[-115.17647,36.12978],[-115.17653,36.12966]]}},{"type":"Feature","properties":{"name":"West Desert Inn Road","highway":"tertiary","osm":"way/1032790454"},"geometry":{"type":"LineString","coordinates":[[-115.17703,36.12973],[-115.17653,36.12966]]}},{"type":"Feature","properties":{"name":"West Desert Inn Road","highway":"tertiary","osm":"way/1032790455"},"geometry":{"type":"LineString","coordinates":[[-115.17486,36.12948],[-115.17461,36.12939]]}},{"type":"Feature","properties":{"name":"West Desert Inn Road","highway":"tertiary","osm":"way/1032790456"},"geometry":{"type":"LineString","coordinates":[[-115.17513,36.12955],[-115.17498,36.12952]]}},{"type":"Feature","properties":{"name":"Sammy Davis Junior Drive","highway":"secondary","osm":"way/1032790550"},"geometry":{"type":"LineString","coordinates":[[-115.17572,36.1274],[-115.17572,36.12752]]}},{"type":"Feature","properties":{"name":"West Harmon Avenue","highway":"secondary","osm":"way/1032792474"},"geometry":{"type":"LineString","coordinates":[[-115.18343,36.10823],[-115.18553,36.10829]]}},{"type":"Feature","properties":{"name":"Sammy Davis Junior Drive","highway":"secondary","osm":"way/1032793139"},"geometry":{"type":"LineString","coordinates":[[-115.17438,36.12942],[-115.17415,36.12978]]}},{"type":"Feature","properties":{"name":"Sammy Davis Junior Drive","highway":"secondary","osm":"way/1032793140"},"geometry":{"type":"LineString","coordinates":[[-115.17415,36.12978],[-115.17392,36.13013]]}},{"type":"Feature","properties":{"name":"Silver Drive","highway":"unclassified","osm":"way/1032797892"},"geometry":{"type":"LineString","coordinates":[[-115.15297,36.1292],[-115.1534,36.12882]]}},{"type":"Feature","properties":{"name":"Silver Drive","highway":"unclassified","osm":"way/1032797893"},"geometry":{"type":"LineString","coordinates":[[-115.1534,36.12882],[-115.15389,36.12841]]}},{"type":"Feature","properties":{"name":"Silver Drive","highway":"unclassified","osm":"way/1032797894"},"geometry":{"type":"LineString","coordinates":[[-115.15389,36.12841],[-115.15426,36.12808]]}},{"type":"Feature","properties":{"name":"Silver Drive","highway":"unclassified","osm":"way/1032797895"},"geometry":{"type":"LineString","coordinates":[[-115.15426,36.12808],[-115.15449,36.12795]]}},{"type":"Feature","properties":{"name":"Silver Drive","highway":"unclassified","osm":"way/1032803815"},"geometry":{"type":"LineString","coordinates":[[-115.15306,36.1289],[-115.15297,36.1292]]}},{"type":"Feature","properties":{"name":"South 4th Street","highway":"tertiary","osm":"way/1032805673"},"geometry":{"type":"LineString","coordinates":[[-115.14259,36.16858],[-115.14236,36.16892]]}},{"type":"Feature","properties":{"name":"South 4th Street","highway":"tertiary","osm":"way/1032805674"},"geometry":{"type":"LineString","coordinates":[[-115.14236,36.16892],[-115.14226,36.16906]]}},{"type":"Feature","properties":{"name":"Jay Sarno Way","highway":"unclassified","osm":"way/1032816314"},"geometry":{"type":"LineString","coordinates":[[-115.1781,36.11829],[-115.17641,36.11814]]}},{"type":"Feature","properties":{"name":"Industrial Road","highway":"secondary","osm":"way/1032820411"},"geometry":{"type":"LineString","coordinates":[[-115.15895,36.157],[-115.15891,36.15738]]}},{"type":"Feature","properties":{"name":"Industrial Road","highway":"secondary","osm":"way/1032820412"},"geometry":{"type":"LineString","coordinates":[[-115.15891,36.15738],[-115.15879,36.15793]]}},{"type":"Feature","properties":{"name":"Industrial Road","highway":"secondary","osm":"way/1032823388"},"geometry":{"type":"LineString","coordinates":[[-115.15857,36.15598],[-115.15871,36.15626]]}},{"type":"Feature","properties":{"name":"Sammy Davis Junior Drive","highway":"secondary","osm":"way/1032824620"},"geometry":{"type":"LineString","coordinates":[[-115.17876,36.12272],[-115.17823,36.12345]]}},{"type":"Feature","properties":{"name":"North Maryland Parkway","highway":"secondary","osm":"way/1032827267"},"geometry":{"type":"LineString","coordinates":[[-115.13002,36.17242],[-115.13039,36.17317]]}},{"type":"Feature","properties":{"name":null,"highway":"secondary_link","osm":"way/1032827268"},"geometry":{"type":"LineString","coordinates":[[-115.13002,36.17242],[-115.13017,36.17237]]}},{"type":"Feature","properties":{"name":"North Maryland Parkway","highway":"secondary","osm":"way/1032827269"},"geometry":{"type":"LineString","coordinates":[[-115.13006,36.16992],[-115.1324,36.16624]]}},{"type":"Feature","properties":{"name":"Convention Center Drive","highway":"unclassified","osm":"way/1032834789"},"geometry":{"type":"LineString","coordinates":[[-115.15294,36.13142],[-115.15274,36.13155],[-115.15325,36.1321]]}},{"type":"Feature","properties":{"name":"Convention Center Drive","highway":"unclassified","osm":"way/1032834790"},"geometry":{"type":"LineString","coordinates":[[-115.15325,36.1321],[-115.15362,36.13209]]}},{"type":"Feature","properties":{"name":"Convention Center Drive","highway":"unclassified","osm":"way/1032834791"},"geometry":{"type":"LineString","coordinates":[[-115.15425,36.13223],[-115.15473,36.13234]]}},{"type":"Feature","properties":{"name":"North Main Street","highway":"primary","osm":"way/1032835328"},"geometry":{"type":"LineString","coordinates":[[-115.14585,36.17238],[-115.1457,36.1726]]}},{"type":"Feature","properties":{"name":"North Main Street","highway":"primary","osm":"way/1032837700"},"geometry":{"type":"LineString","coordinates":[[-115.14614,36.17193],[-115.14599,36.17216]]}},{"type":"Feature","properties":{"name":"Corporate Drive","highway":"tertiary","osm":"way/1032844984"},"geometry":{"type":"LineString","coordinates":[[-115.15502,36.11845],[-115.15578,36.11855]]}},{"type":"Feature","properties":{"name":"Corporate Drive","highway":"tertiary","osm":"way/1032844985"},"geometry":{"type":"LineString","coordinates":[[-115.15615,36.11854],[-115.15693,36.11854]]}},{"type":"Feature","properties":{"name":"Howard Hughes Parkway","highway":"tertiary","osm":"way/1032844986"},"geometry":{"type":"LineString","coordinates":[[-115.15777,36.1206],[-115.1578,36.12119]]}},{"type":"Feature","properties":{"name":"Corporate Drive","highway":"tertiary","osm":"way/1032844987"},"geometry":{"type":"LineString","coordinates":[[-115.15693,36.11854],[-115.15711,36.11848]]}},{"type":"Feature","properties":{"name":"Howard Hughes Parkway","highway":"tertiary","osm":"way/1032844988"},"geometry":{"type":"LineString","coordinates":[[-115.15693,36.11842],[-115.15693,36.11854]]}},{"type":"Feature","properties":{"name":"Corporate Drive","highway":"tertiary","osm":"way/1032844989"},"geometry":{"type":"LineString","coordinates":[[-115.15573,36.11842],[-115.15502,36.11845]]}},{"type":"Feature","properties":{"name":"Corporate Drive","highway":"tertiary","osm":"way/1032844990"},"geometry":{"type":"LineString","coordinates":[[-115.15578,36.11855],[-115.15615,36.11854]]}},{"type":"Feature","properties":{"name":"South Main Street","highway":"primary","osm":"way/1032846534"},"geometry":{"type":"LineString","coordinates":[[-115.14852,36.16851],[-115.1487,36.16821]]}},{"type":"Feature","properties":{"name":"Symphony Park Avenue","highway":"tertiary","osm":"way/1032851857"},"geometry":{"type":"LineString","coordinates":[[-115.159,36.17164],[-115.1594,36.17173]]}},{"type":"Feature","properties":{"name":"West Bonneville Avenue","highway":"secondary","osm":"way/1032857176"},"geometry":{"type":"LineString","coordinates":[[-115.15819,36.16624],[-115.15775,36.1663]]}},{"type":"Feature","properties":{"name":"Cambridge Street","highway":"tertiary","osm":"way/1032878435"},"geometry":{"type":"LineString","coordinates":[[-115.14203,36.1178],[-115.14205,36.11749]]}},{"type":"Feature","properties":{"name":"Cambridge Street","highway":"tertiary","osm":"way/1032878436"},"geometry":{"type":"LineString","coordinates":[[-115.14205,36.11749],[-115.14206,36.11712]]}},{"type":"Feature","properties":{"name":"Cambridge Street","highway":"tertiary","osm":"way/1032878437"},"geometry":{"type":"LineString","coordinates":[[-115.14206,36.11712],[-115.14208,36.11677]]}},{"type":"Feature","properties":{"name":"Cambridge Street","highway":"tertiary","osm":"way/1032878438"},"geometry":{"type":"LineString","coordinates":[[-115.14219,36.11511],[-115.14226,36.11471]]}},{"type":"Feature","properties":{"name":"North Las Vegas Boulevard","highway":"primary","osm":"way/1032879027"},"geometry":{"type":"LineString","coordinates":[[-115.13802,36.17331],[-115.13755,36.17401]]}},{"type":"Feature","properties":{"name":"North Las Vegas Boulevard","highway":"primary","osm":"way/1032879028"},"geometry":{"type":"LineString","coordinates":[[-115.13728,36.17447],[-115.13704,36.17488]]}},{"type":"Feature","properties":{"name":"North Main Street","highway":"secondary","osm":"way/1032890425"},"geometry":{"type":"LineString","coordinates":[[-115.14294,36.17684],[-115.14276,36.17711]]}},{"type":"Feature","properties":{"name":"North Main Street","highway":"secondary","osm":"way/1032890426"},"geometry":{"type":"LineString","coordinates":[[-115.14307,36.17665],[-115.14298,36.17678]]}},{"type":"Feature","properties":{"name":"Genting Boulevard","highway":"tertiary","osm":"way/1033795055"},"geometry":{"type":"LineString","coordinates":[[-115.16566,36.13117],[-115.16626,36.1316],[-115.16693,36.13168]]}},{"type":"Feature","properties":{"name":"Encore Resort Boulevard","highway":"tertiary","osm":"way/1033795056"},"geometry":{"type":"LineString","coordinates":[[-115.16557,36.13103],[-115.16561,36.13111]]}},{"type":"Feature","properties":{"name":"South Las Vegas Boulevard","highway":"primary","osm":"way/1033795057"},"geometry":{"type":"LineString","coordinates":[[-115.16566,36.13117],[-115.16575,36.13105]]}},{"type":"Feature","properties":{"name":"Genting Boulevard","highway":"tertiary","osm":"way/1033795058"},"geometry":{"type":"LineString","coordinates":[[-115.17082,36.13172],[-115.17143,36.13172]]}},{"type":"Feature","properties":{"name":"Genting Boulevard","highway":"tertiary","osm":"way/1033795059"},"geometry":{"type":"LineString","coordinates":[[-115.17188,36.13173],[-115.17282,36.13185]]}},{"type":"Feature","properties":{"name":"Genting Boulevard","highway":"tertiary","osm":"way/1033795060"},"geometry":{"type":"LineString","coordinates":[[-115.16693,36.13168],[-115.16785,36.1317]]}},{"type":"Feature","properties":{"name":"Genting Boulevard","highway":"tertiary","osm":"way/1033795061"},"geometry":{"type":"LineString","coordinates":[[-115.16872,36.13171],[-115.16953,36.13171]]}},{"type":"Feature","properties":{"name":"Goh Tong Way","highway":"unclassified","osm":"way/1033795062"},"geometry":{"type":"LineString","coordinates":[[-115.16953,36.13171],[-115.16953,36.13161]]}},{"type":"Feature","properties":{"name":"Genting Boulevard","highway":"tertiary","osm":"way/1033795063"},"geometry":{"type":"LineString","coordinates":[[-115.16953,36.13171],[-115.17047,36.13172]]}},{"type":"Feature","properties":{"name":"Genting Boulevard","highway":"tertiary","osm":"way/1033795066"},"geometry":{"type":"LineString","coordinates":[[-115.17047,36.13172],[-115.17082,36.13172]]}},{"type":"Feature","properties":{"name":"Genting Boulevard","highway":"tertiary","osm":"way/1033795069"},"geometry":{"type":"LineString","coordinates":[[-115.17287,36.13177],[-115.17117,36.13163]]}},{"type":"Feature","properties":{"name":"Genting Boulevard","highway":"tertiary","osm":"way/1033795070"},"geometry":{"type":"LineString","coordinates":[[-115.17117,36.13163],[-115.17083,36.13162]]}},{"type":"Feature","properties":{"name":"Genting Boulevard","highway":"tertiary","osm":"way/1033795071"},"geometry":{"type":"LineString","coordinates":[[-115.17083,36.13162],[-115.16995,36.13161]]}},{"type":"Feature","properties":{"name":"Genting Boulevard","highway":"tertiary","osm":"way/1033795072"},"geometry":{"type":"LineString","coordinates":[[-115.16995,36.13161],[-115.16953,36.13161]]}},{"type":"Feature","properties":{"name":"Genting Boulevard","highway":"tertiary","osm":"way/1033795073"},"geometry":{"type":"LineString","coordinates":[[-115.16821,36.13159],[-115.16786,36.13159]]}},{"type":"Feature","properties":{"name":"Genting Boulevard","highway":"tertiary","osm":"way/1033795074"},"geometry":{"type":"LineString","coordinates":[[-115.16786,36.13159],[-115.16696,36.13158]]}},{"type":"Feature","properties":{"name":"Genting Boulevard","highway":"tertiary","osm":"way/1033795075"},"geometry":{"type":"LineString","coordinates":[[-115.16696,36.13158],[-115.16628,36.13146]]}},{"type":"Feature","properties":{"name":"Sammy Davis Junior Drive","highway":"secondary","osm":"way/1033795076"},"geometry":{"type":"LineString","coordinates":[[-115.17296,36.13191],[-115.17301,36.13183]]}},{"type":"Feature","properties":{"name":"Sammy Davis Junior Drive","highway":"secondary","osm":"way/1033795077"},"geometry":{"type":"LineString","coordinates":[[-115.17282,36.13185],[-115.17209,36.13311]]}},{"type":"Feature","properties":{"name":"Sammy Davis Junior Drive","highway":"secondary","osm":"way/1033795078"},"geometry":{"type":"LineString","coordinates":[[-115.17282,36.13211],[-115.17296,36.13191]]}},{"type":"Feature","properties":{"name":"South Las Vegas Boulevard","highway":"primary","osm":"way/1033795080"},"geometry":{"type":"LineString","coordinates":[[-115.16557,36.13103],[-115.16548,36.13114]]}},{"type":"Feature","properties":{"name":"South Las Vegas Boulevard","highway":"primary","osm":"way/1033820973"},"geometry":{"type":"LineString","coordinates":[[-115.17314,36.11036],[-115.17314,36.10944]]}},{"type":"Feature","properties":{"name":"South Maryland Parkway","highway":"primary","osm":"way/1033837206"},"geometry":{"type":"LineString","coordinates":[[-115.13725,36.10447],[-115.13718,36.10358]]}},{"type":"Feature","properties":{"name":"South Maryland Parkway","highway":"primary","osm":"way/1033837207"},"geometry":{"type":"LineString","coordinates":[[-115.13718,36.10358],[-115.13716,36.10322]]}},{"type":"Feature","properties":{"name":"South Maryland Parkway","highway":"primary","osm":"way/1033837208"},"geometry":{"type":"LineString","coordinates":[[-115.13706,36.10178],[-115.13702,36.10102]]}},{"type":"Feature","properties":{"name":"South Maryland Parkway","highway":"primary","osm":"way/1033837209"},"geometry":{"type":"LineString","coordinates":[[-115.13711,36.10239],[-115.13706,36.10178]]}},{"type":"Feature","properties":{"name":"South Maryland Parkway","highway":"primary","osm":"way/1033837212"},"geometry":{"type":"LineString","coordinates":[[-115.13716,36.10322],[-115.13715,36.10299]]}},{"type":"Feature","properties":{"name":"South Maryland Parkway","highway":"primary","osm":"way/1034105483"},"geometry":{"type":"LineString","coordinates":[[-115.13702,36.10089],[-115.13701,36.10014]]}},{"type":"Feature","properties":{"name":"South Maryland Parkway","highway":"primary","osm":"way/1034105484"},"geometry":{"type":"LineString","coordinates":[[-115.13701,36.10014],[-115.137,36.09974]]}},{"type":"Feature","properties":{"name":"South Maryland Parkway","highway":"primary","osm":"way/1034105485"},"geometry":{"type":"LineString","coordinates":[[-115.137,36.09974],[-115.137,36.09919]]}},{"type":"Feature","properties":{"name":"South Maryland Parkway","highway":"primary","osm":"way/1034105487"},"geometry":{"type":"LineString","coordinates":[[-115.137,36.09919],[-115.13699,36.09872]]}},{"type":"Feature","properties":{"name":"South Maryland Parkway","highway":"primary","osm":"way/1034124858"},"geometry":{"type":"LineString","coordinates":[[-115.13698,36.09731],[-115.13697,36.09706]]}},{"type":"Feature","properties":{"name":"Grand Central Parkway","highway":"secondary","osm":"way/1034152030"},"geometry":{"type":"LineString","coordinates":[[-115.15747,36.16213],[-115.15699,36.16285]]}},{"type":"Feature","properties":{"name":"Grand Central Parkway","highway":"secondary","osm":"way/1034152031"},"geometry":{"type":"LineString","coordinates":[[-115.15772,36.16176],[-115.15747,36.16213]]}},{"type":"Feature","properties":{"name":"Grand Central Parkway","highway":"secondary","osm":"way/1034152033"},"geometry":{"type":"LineString","coordinates":[[-115.15699,36.16285],[-115.15663,36.16337]]}},{"type":"Feature","properties":{"name":"Grand Central Parkway","highway":"secondary","osm":"way/1034152034"},"geometry":{"type":"LineString","coordinates":[[-115.15663,36.16337],[-115.15623,36.16398]]}},{"type":"Feature","properties":{"name":"Grand Central Parkway","highway":"secondary","osm":"way/1034152035"},"geometry":{"type":"LineString","coordinates":[[-115.15623,36.16398],[-115.15562,36.16493]]}},{"type":"Feature","properties":{"name":null,"highway":"secondary_link","osm":"way/1034152036"},"geometry":{"type":"LineString","coordinates":[[-115.15562,36.16493],[-115.15582,36.16503]]}},{"type":"Feature","properties":{"name":"Grand Central Parkway","highway":"secondary","osm":"way/1034152037"},"geometry":{"type":"LineString","coordinates":[[-115.15562,36.16493],[-115.15541,36.16522]]}},{"type":"Feature","properties":{"name":"Grand Central Parkway","highway":"secondary","osm":"way/1034152038"},"geometry":{"type":"LineString","coordinates":[[-115.15541,36.16522],[-115.15519,36.16568]]}},{"type":"Feature","properties":{"name":"East Bonanza Road","highway":"secondary","osm":"way/1034160456"},"geometry":{"type":"LineString","coordinates":[[-115.1297,36.17408],[-115.12994,36.17408]]}},{"type":"Feature","properties":{"name":"North Main Street","highway":"secondary","osm":"way/1034177521"},"geometry":{"type":"LineString","coordinates":[[-115.13506,36.18905],[-115.13546,36.1885]]}},{"type":"Feature","properties":{"name":"East Owens Avenue","highway":"secondary","osm":"way/1034177522"},"geometry":{"type":"LineString","coordinates":[[-115.13413,36.18851],[-115.13488,36.1885]]}},{"type":"Feature","properties":{"name":"North Main Street","highway":"secondary","osm":"way/1034177523"},"geometry":{"type":"LineString","coordinates":[[-115.13546,36.1885],[-115.13553,36.18839]]}},{"type":"Feature","properties":{"name":"East Bonanza Road","highway":"secondary","osm":"way/1034426460"},"geometry":{"type":"LineString","coordinates":[[-115.11034,36.1737],[-115.1095,36.17374]]}},{"type":"Feature","properties":{"name":"East Washington Avenue","highway":"secondary","osm":"way/1034486106"},"geometry":{"type":"LineString","coordinates":[[-115.13413,36.18113],[-115.13326,36.18111]]}},{"type":"Feature","properties":{"name":"East Washington Avenue","highway":"secondary","osm":"way/1034486107"},"geometry":{"type":"LineString","coordinates":[[-115.13326,36.18111],[-115.13284,36.18111]]}},{"type":"Feature","properties":{"name":"East Washington Avenue","highway":"secondary","osm":"way/1034486109"},"geometry":{"type":"LineString","coordinates":[[-115.13284,36.18111],[-115.13168,36.18111]]}},{"type":"Feature","properties":{"name":"East Washington Avenue","highway":"secondary","osm":"way/1034486110"},"geometry":{"type":"LineString","coordinates":[[-115.13168,36.18111],[-115.12874,36.18111]]}},{"type":"Feature","properties":{"name":"East Washington Avenue","highway":"secondary","osm":"way/1034486111"},"geometry":{"type":"LineString","coordinates":[[-115.12874,36.18111],[-115.1283,36.18111]]}},{"type":"Feature","properties":{"name":"East Washington Avenue","highway":"secondary","osm":"way/1034486112"},"geometry":{"type":"LineString","coordinates":[[-115.1283,36.18111],[-115.12706,36.18111]]}},{"type":"Feature","properties":{"name":"East Washington Avenue","highway":"secondary","osm":"way/1034486113"},"geometry":{"type":"LineString","coordinates":[[-115.12627,36.18113],[-115.12516,36.18113]]}},{"type":"Feature","properties":{"name":"North Bruce Street","highway":"secondary","osm":"way/1034486114"},"geometry":{"type":"LineString","coordinates":[[-115.12516,36.18113],[-115.12523,36.17888]]}},{"type":"Feature","properties":{"name":"East Washington Avenue","highway":"secondary","osm":"way/1034486115"},"geometry":{"type":"LineString","coordinates":[[-115.12516,36.18113],[-115.12501,36.18113]]}},{"type":"Feature","properties":{"name":"North Bruce Street","highway":"secondary","osm":"way/1034486116"},"geometry":{"type":"LineString","coordinates":[[-115.12502,36.17902],[-115.12501,36.18069]]}},{"type":"Feature","properties":{"name":"East Washington Avenue","highway":"secondary","osm":"way/1034486117"},"geometry":{"type":"LineString","coordinates":[[-115.12501,36.18113],[-115.12405,36.18113]]}},{"type":"Feature","properties":{"name":"East Washington Avenue","highway":"secondary","osm":"way/1034486118"},"geometry":{"type":"LineString","coordinates":[[-115.12405,36.18113],[-115.12368,36.18112]]}},{"type":"Feature","properties":{"name":"18th Street","highway":"residential","osm":"way/1034486119"},"geometry":{"type":"LineString","coordinates":[[-115.12368,36.18112],[-115.12368,36.18118]]}},{"type":"Feature","properties":{"name":"East Washington Avenue","highway":"secondary","osm":"way/1034486120"},"geometry":{"type":"LineString","coordinates":[[-115.1217,36.18113],[-115.12061,36.18113]]}},{"type":"Feature","properties":{"name":"D Street","highway":"secondary","osm":"way/1034766649"},"geometry":{"type":"LineString","coordinates":[[-115.14685,36.18009],[-115.14687,36.18041]]}},{"type":"Feature","properties":{"name":"D Street","highway":"tertiary","osm":"way/1034766650"},"geometry":{"type":"LineString","coordinates":[[-115.14693,36.18156],[-115.14699,36.18191]]}},{"type":"Feature","properties":{"name":"West Owens Avenue","highway":"secondary","osm":"way/1034772099"},"geometry":{"type":"LineString","coordinates":[[-115.15301,36.18841],[-115.15251,36.18836]]}},{"type":"Feature","properties":{"name":"Paradise Road","highway":"primary","osm":"way/1034799081"},"geometry":{"type":"LineString","coordinates":[[-115.15206,36.1084],[-115.15216,36.10873]]}},{"type":"Feature","properties":{"name":"Jay Sarno Way","highway":"unclassified","osm":"way/1035061330"},"geometry":{"type":"LineString","coordinates":[[-115.17912,36.11841],[-115.17991,36.11844]]}},{"type":"Feature","properties":{"name":"East Harmon Avenue","highway":"secondary","osm":"way/1035064589"},"geometry":{"type":"LineString","coordinates":[[-115.16983,36.10812],[-115.16998,36.10812]]}},{"type":"Feature","properties":{"name":"West Harmon Avenue","highway":"secondary","osm":"way/1035064785"},"geometry":{"type":"LineString","coordinates":[[-115.17422,36.10929],[-115.17447,36.10928]]}},{"type":"Feature","properties":{"name":"West Harmon Avenue","highway":"secondary","osm":"way/1035064787"},"geometry":{"type":"LineString","coordinates":[[-115.17447,36.10928],[-115.17522,36.10931]]}},{"type":"Feature","properties":{"name":"West Harmon Avenue","highway":"secondary","osm":"way/1035064788"},"geometry":{"type":"LineString","coordinates":[[-115.17675,36.10913],[-115.17771,36.10858]]}},{"type":"Feature","properties":{"name":"West Desert Inn Road","highway":"tertiary","osm":"way/1035065983"},"geometry":{"type":"LineString","coordinates":[[-115.17694,36.12984],[-115.17776,36.1301]]}},{"type":"Feature","properties":{"name":"South Commerce Street","highway":"secondary","osm":"way/1035066427"},"geometry":{"type":"LineString","coordinates":[[-115.15501,36.15706],[-115.1551,36.15619]]}},{"type":"Feature","properties":{"name":"West Colorado Avenue","highway":"unclassified","osm":"way/1035066428"},"geometry":{"type":"LineString","coordinates":[[-115.15378,36.15611],[-115.1551,36.15619]]}},{"type":"Feature","properties":{"name":"Frank Sinatra Drive","highway":"secondary","osm":"way/1035067235"},"geometry":{"type":"LineString","coordinates":[[-115.1797,36.10314],[-115.17988,36.10375]]}},{"type":"Feature","properties":{"name":"Mel Tormé Way","highway":"unclassified","osm":"way/1035067236"},"geometry":{"type":"LineString","coordinates":[[-115.17311,36.12382],[-115.17307,36.12421]]}},{"type":"Feature","properties":{"name":"Mel Tormé Way","highway":"unclassified","osm":"way/1035067237"},"geometry":{"type":"LineString","coordinates":[[-115.17307,36.12519],[-115.17307,36.1255]]}},{"type":"Feature","properties":{"name":"Dean Martin Drive","highway":"secondary","osm":"way/1035067368"},"geometry":{"type":"LineString","coordinates":[[-115.18151,36.11891],[-115.1815,36.11923]]}},{"type":"Feature","properties":{"name":"Wynn Main Gate Drive","highway":"unclassified","osm":"way/1035069442"},"geometry":{"type":"LineString","coordinates":[[-115.16702,36.12723],[-115.16666,36.12733]]}},{"type":"Feature","properties":{"name":"Hotel Rio Drive","highway":"secondary","osm":"way/1035069461"},"geometry":{"type":"LineString","coordinates":[[-115.18438,36.11359],[-115.1836,36.11352]]}},{"type":"Feature","properties":{"name":"Mel Tormé Way","highway":"unclassified","osm":"way/1035069979"},"geometry":{"type":"LineString","coordinates":[[-115.17324,36.1255],[-115.17323,36.12501]]}},{"type":"Feature","properties":{"name":"Mel Tormé Way","highway":"unclassified","osm":"way/1035069980"},"geometry":{"type":"LineString","coordinates":[[-115.17325,36.12414],[-115.17311,36.12382]]}},{"type":"Feature","properties":{"name":"West Harmon Avenue","highway":"secondary","osm":"way/1035076571"},"geometry":{"type":"LineString","coordinates":[[-115.17523,36.10914],[-115.17425,36.10909]]}},{"type":"Feature","properties":{"name":null,"highway":"secondary_link","osm":"way/1035076572"},"geometry":{"type":"LineString","coordinates":[[-115.17523,36.10914],[-115.17522,36.10931]]}},{"type":"Feature","properties":{"name":null,"highway":"secondary_link","osm":"way/1035076573"},"geometry":{"type":"LineString","coordinates":[[-115.17535,36.10931],[-115.17538,36.10915]]}},{"type":"Feature","properties":{"name":"West Harmon Avenue","highway":"secondary","osm":"way/1035076574"},"geometry":{"type":"LineString","coordinates":[[-115.17538,36.10915],[-115.17523,36.10914]]}},{"type":"Feature","properties":{"name":"West Harmon Avenue","highway":"secondary","osm":"way/1035076575"},"geometry":{"type":"LineString","coordinates":[[-115.17622,36.10912],[-115.17538,36.10915]]}},{"type":"Feature","properties":{"name":"West Harmon Avenue","highway":"secondary","osm":"way/1035076576"},"geometry":{"type":"LineString","coordinates":[[-115.17667,36.10898],[-115.17649,36.10904]]}},{"type":"Feature","properties":{"name":"Grand Central Parkway","highway":"secondary","osm":"way/1035077833"},"geometry":{"type":"LineString","coordinates":[[-115.15849,36.15984],[-115.15835,36.16044]]}},{"type":"Feature","properties":{"name":"Sammy Davis Junior Drive","highway":"secondary","osm":"way/1035078305"},"geometry":{"type":"LineString","coordinates":[[-115.1742,36.13003],[-115.17452,36.12951]]}},{"type":"Feature","properties":{"name":"Bellagio Drive","highway":"unclassified","osm":"way/1035080512"},"geometry":{"type":"LineString","coordinates":[[-115.17312,36.11121],[-115.17385,36.1113]]}},{"type":"Feature","properties":{"name":"Bellagio Drive","highway":"unclassified","osm":"way/1035080513"},"geometry":{"type":"LineString","coordinates":[[-115.17385,36.1113],[-115.17411,36.11144]]}},{"type":"Feature","properties":{"name":"Industrial Road","highway":"secondary","osm":"way/1035081867"},"geometry":{"type":"LineString","coordinates":[[-115.15906,36.15834],[-115.1592,36.15769]]}},{"type":"Feature","properties":{"name":"North Main Street","highway":"primary","osm":"way/1035909858"},"geometry":{"type":"LineString","coordinates":[[-115.14556,36.17283],[-115.14529,36.17324]]}},{"type":"Feature","properties":{"name":"North Main Street","highway":"primary","osm":"way/1035909859"},"geometry":{"type":"LineString","coordinates":[[-115.14529,36.17324],[-115.14518,36.17342]]}},{"type":"Feature","properties":{"name":"South Main Street","highway":"primary","osm":"way/1035910924"},"geometry":{"type":"LineString","coordinates":[[-115.14964,36.16668],[-115.14972,36.16664]]}},{"type":"Feature","properties":{"name":"South Main Street","highway":"primary","osm":"way/1035910925"},"geometry":{"type":"LineString","coordinates":[[-115.14986,36.16644],[-115.14996,36.16629]]}},{"type":"Feature","properties":{"name":"South Las Vegas Boulevard","highway":"primary","osm":"way/1035927561"},"geometry":{"type":"LineString","coordinates":[[-115.16461,36.13249],[-115.16455,36.13258]]}},{"type":"Feature","properties":{"name":"South Las Vegas Boulevard","highway":"primary","osm":"way/1035927562"},"geometry":{"type":"LineString","coordinates":[[-115.1637,36.13383],[-115.16354,36.13409]]}},{"type":"Feature","properties":{"name":"South Las Vegas Boulevard","highway":"primary","osm":"way/1035927563"},"geometry":{"type":"LineString","coordinates":[[-115.16354,36.13409],[-115.16334,36.13438]]}},{"type":"Feature","properties":{"name":"South Main Street","highway":"primary","osm":"way/1035941338"},"geometry":{"type":"LineString","coordinates":[[-115.14805,36.16902],[-115.14785,36.16934]]}},{"type":"Feature","properties":{"name":null,"highway":"secondary_link","osm":"way/1036188387"},"geometry":{"type":"LineString","coordinates":[[-115.18352,36.11407],[-115.18368,36.1136]]}},{"type":"Feature","properties":{"name":"Hotel Rio Drive","highway":"secondary","osm":"way/1036188388"},"geometry":{"type":"LineString","coordinates":[[-115.18336,36.11365],[-115.18349,36.11363]]}},{"type":"Feature","properties":{"name":"Hotel Rio Drive","highway":"unclassified","osm":"way/1036226855"},"geometry":{"type":"LineString","coordinates":[[-115.18463,36.12036],[-115.18452,36.1205]]}},{"type":"Feature","properties":{"name":"Grand Central Parkway","highway":"secondary","osm":"way/1036470986"},"geometry":{"type":"LineString","coordinates":[[-115.15522,36.16676],[-115.15522,36.16765]]}},{"type":"Feature","properties":{"name":"Grand Central Parkway","highway":"secondary","osm":"way/1036470987"},"geometry":{"type":"LineString","coordinates":[[-115.15495,36.16815],[-115.1547,36.16854]]}},{"type":"Feature","properties":{"name":"Grand Central Parkway","highway":"secondary","osm":"way/1036470988"},"geometry":{"type":"LineString","coordinates":[[-115.15522,36.16765],[-115.15495,36.16815]]}},{"type":"Feature","properties":{"name":"Grand Central Parkway","highway":"secondary","osm":"way/1036470989"},"geometry":{"type":"LineString","coordinates":[[-115.1543,36.16912],[-115.15414,36.16936]]}},{"type":"Feature","properties":{"name":"Grand Central Parkway","highway":"secondary","osm":"way/1036470990"},"geometry":{"type":"LineString","coordinates":[[-115.15406,36.16949],[-115.15351,36.17033]]}},{"type":"Feature","properties":{"name":"Grand Central Parkway","highway":"secondary","osm":"way/1036470991"},"geometry":{"type":"LineString","coordinates":[[-115.15351,36.17033],[-115.15261,36.17117]]}},{"type":"Feature","properties":{"name":"Grand Central Parkway","highway":"secondary","osm":"way/1036470992"},"geometry":{"type":"LineString","coordinates":[[-115.15261,36.17117],[-115.15216,36.1715]]}},{"type":"Feature","properties":{"name":"Grand Central Parkway","highway":"secondary","osm":"way/1036470993"},"geometry":{"type":"LineString","coordinates":[[-115.15216,36.1715],[-115.15168,36.17183]]}},{"type":"Feature","properties":{"name":"Grand Central Parkway","highway":"secondary","osm":"way/1036470994"},"geometry":{"type":"LineString","coordinates":[[-115.15168,36.17183],[-115.15123,36.17215]]}},{"type":"Feature","properties":{"name":"Grand Central Parkway","highway":"secondary","osm":"way/1036470996"},"geometry":{"type":"LineString","coordinates":[[-115.1547,36.16854],[-115.15443,36.16893]]}},{"type":"Feature","properties":{"name":"Grand Central Parkway","highway":"secondary","osm":"way/1036470997"},"geometry":{"type":"LineString","coordinates":[[-115.15443,36.16893],[-115.1543,36.16912]]}},{"type":"Feature","properties":{"name":"South Maryland Parkway","highway":"secondary","osm":"way/1036472475"},"geometry":{"type":"LineString","coordinates":[[-115.13683,36.15962],[-115.13698,36.15937]]}},{"type":"Feature","properties":{"name":"South Maryland Parkway","highway":"primary","osm":"way/1036533739"},"geometry":{"type":"LineString","coordinates":[[-115.13693,36.1548],[-115.13693,36.15508]]}},{"type":"Feature","properties":{"name":"South Maryland Parkway","highway":"primary","osm":"way/1036533742"},"geometry":{"type":"LineString","coordinates":[[-115.13685,36.15766],[-115.13685,36.15802]]}},{"type":"Feature","properties":{"name":null,"highway":"primary_link","osm":"way/1036533743"},"geometry":{"type":"LineString","coordinates":[[-115.13674,36.15727],[-115.13703,36.15766]]}},{"type":"Feature","properties":{"name":"South Maryland Parkway","highway":"primary","osm":"way/1036533744"},"geometry":{"type":"LineString","coordinates":[[-115.13693,36.15508],[-115.13643,36.15634],[-115.13685,36.15766]]}},{"type":"Feature","properties":{"name":"South Maryland Parkway","highway":"primary","osm":"way/1036533745"},"geometry":{"type":"LineString","coordinates":[[-115.13685,36.15831],[-115.13685,36.15881]]}},{"type":"Feature","properties":{"name":"South Maryland Parkway","highway":"primary","osm":"way/1036533746"},"geometry":{"type":"LineString","coordinates":[[-115.13685,36.15802],[-115.13685,36.15831]]}},{"type":"Feature","properties":{"name":"South Maryland Parkway","highway":"primary","osm":"way/1036535342"},"geometry":{"type":"LineString","coordinates":[[-115.13703,36.15881],[-115.13703,36.1579]]}},{"type":"Feature","properties":{"name":"South Maryland Parkway","highway":"primary","osm":"way/1036535343"},"geometry":{"type":"LineString","coordinates":[[-115.13703,36.1579],[-115.13703,36.15766]]}},{"type":"Feature","properties":{"name":"South Maryland Parkway","highway":"primary","osm":"way/1036535344"},"geometry":{"type":"LineString","coordinates":[[-115.13703,36.15766],[-115.13752,36.15648],[-115.13718,36.15539]]}},{"type":"Feature","properties":{"name":"South Maryland Parkway","highway":"primary","osm":"way/1036535345"},"geometry":{"type":"LineString","coordinates":[[-115.13718,36.15539],[-115.1371,36.15508]]}},{"type":"Feature","properties":{"name":"South Maryland Parkway","highway":"primary","osm":"way/1036535347"},"geometry":{"type":"LineString","coordinates":[[-115.1371,36.15508],[-115.13711,36.15212]]}},{"type":"Feature","properties":{"name":"North Main Street","highway":"secondary","osm":"way/1036770920"},"geometry":{"type":"LineString","coordinates":[[-115.14021,36.18116],[-115.14015,36.18125]]}},{"type":"Feature","properties":{"name":"East Washington Avenue","highway":"primary","osm":"way/1036770921"},"geometry":{"type":"LineString","coordinates":[[-115.14021,36.18116],[-115.13991,36.18112]]}},{"type":"Feature","properties":{"name":"East Washington Avenue","highway":"primary","osm":"way/1036786530"},"geometry":{"type":"LineString","coordinates":[[-115.13504,36.18118],[-115.13494,36.18114]]}},{"type":"Feature","properties":{"name":"East Washington Avenue","highway":"primary","osm":"way/1036786531"},"geometry":{"type":"LineString","coordinates":[[-115.13494,36.18114],[-115.1346,36.18115]]}},{"type":"Feature","properties":{"name":"North Las Vegas Boulevard","highway":"primary","osm":"way/1036786532"},"geometry":{"type":"LineString","coordinates":[[-115.13414,36.18176],[-115.13422,36.18126]]}},{"type":"Feature","properties":{"name":"East Washington Avenue","highway":"primary","osm":"way/1036786533"},"geometry":{"type":"LineString","coordinates":[[-115.13425,36.18113],[-115.13413,36.18113]]}},{"type":"Feature","properties":{"name":"West Reno Avenue","highway":"tertiary","osm":"way/1036802901"},"geometry":{"type":"LineString","coordinates":[[-115.1746,36.09728],[-115.1742,36.09727]]}},{"type":"Feature","properties":{"name":"Elm Drive","highway":"residential","osm":"way/1036803554"},"geometry":{"type":"LineString","coordinates":[[-115.15463,36.12296],[-115.15458,36.12296]]}},{"type":"Feature","properties":{"name":"Elm Drive","highway":"residential","osm":"way/1036803555"},"geometry":{"type":"LineString","coordinates":[[-115.15438,36.12296],[-115.15115,36.12299]]}},{"type":"Feature","properties":{"name":"Elm Drive","highway":"residential","osm":"way/1036803556"},"geometry":{"type":"LineString","coordinates":[[-115.15458,36.12296],[-115.15438,36.12296]]}},{"type":"Feature","properties":{"name":"Frank Sinatra Drive","highway":"secondary","osm":"way/1036842214"},"geometry":{"type":"LineString","coordinates":[[-115.18001,36.11263],[-115.18006,36.11226]]}},{"type":"Feature","properties":{"name":"South Las Vegas Boulevard","highway":"primary","osm":"way/1036842429"},"geometry":{"type":"LineString","coordinates":[[-115.17314,36.1108],[-115.17314,36.11036]]}},{"type":"Feature","properties":{"name":"East Charleston Boulevard","highway":"primary","osm":"way/1036842885"},"geometry":{"type":"LineString","coordinates":[[-115.11899,36.15877],[-115.1188,36.15877]]}},{"type":"Feature","properties":{"name":"Fashion Show Drive","highway":"tertiary","osm":"way/1037057582"},"geometry":{"type":"LineString","coordinates":[[-115.17281,36.1289],[-115.17302,36.12891]]}},{"type":"Feature","properties":{"name":"Fashion Show Drive","highway":"tertiary","osm":"way/1037057583"},"geometry":{"type":"LineString","coordinates":[[-115.1732,36.12892],[-115.17355,36.12899]]}},{"type":"Feature","properties":{"name":"Buccaneer Boulevard","highway":"unclassified","osm":"way/1037062090"},"geometry":{"type":"LineString","coordinates":[[-115.17396,36.12385],[-115.17441,36.12385]]}},{"type":"Feature","properties":{"name":"Resorts Worlds Avenue","highway":"tertiary","osm":"way/1037094412"},"geometry":{"type":"LineString","coordinates":[[-115.16352,36.13445],[-115.16334,36.13438]]}},{"type":"Feature","properties":{"name":"South Las Vegas Boulevard","highway":"primary","osm":"way/1037094415"},"geometry":{"type":"LineString","coordinates":[[-115.16352,36.13445],[-115.16473,36.13267]]}},{"type":"Feature","properties":{"name":"South Las Vegas Boulevard","highway":"primary","osm":"way/1037094416"},"geometry":{"type":"LineString","coordinates":[[-115.16328,36.13447],[-115.1631,36.13476]]}},{"type":"Feature","properties":{"name":"Grand Central Parkway","highway":"secondary","osm":"way/1037108526"},"geometry":{"type":"LineString","coordinates":[[-115.14934,36.17353],[-115.15076,36.17275]]}},{"type":"Feature","properties":{"name":"Grand Central Parkway","highway":"secondary","osm":"way/1037108527"},"geometry":{"type":"LineString","coordinates":[[-115.15076,36.17275],[-115.15139,36.17229]]}},{"type":"Feature","properties":{"name":"Grand Central Parkway","highway":"secondary","osm":"way/1037108528"},"geometry":{"type":"LineString","coordinates":[[-115.15139,36.17229],[-115.15306,36.17111]]}},{"type":"Feature","properties":{"name":"Grand Central Parkway","highway":"secondary","osm":"way/1037108529"},"geometry":{"type":"LineString","coordinates":[[-115.15306,36.17111],[-115.15333,36.17092]]}},{"type":"Feature","properties":{"name":"Grand Central Parkway","highway":"secondary","osm":"way/1037108530"},"geometry":{"type":"LineString","coordinates":[[-115.15333,36.17092],[-115.15373,36.17043]]}},{"type":"Feature","properties":{"name":"Symphony Park Avenue","highway":"tertiary","osm":"way/1037108531"},"geometry":{"type":"LineString","coordinates":[[-115.15351,36.17033],[-115.15362,36.17038]]}},{"type":"Feature","properties":{"name":"Grand Central Parkway","highway":"secondary","osm":"way/1037108532"},"geometry":{"type":"LineString","coordinates":[[-115.15373,36.17043],[-115.15446,36.16925]]}},{"type":"Feature","properties":{"name":"Grand Central Parkway","highway":"secondary","osm":"way/1037108533"},"geometry":{"type":"LineString","coordinates":[[-115.15446,36.16925],[-115.15487,36.16862]]}},{"type":"Feature","properties":{"name":"Grand Central Parkway","highway":"secondary","osm":"way/1037108534"},"geometry":{"type":"LineString","coordinates":[[-115.15543,36.16765],[-115.15548,36.16716]]}},{"type":"Feature","properties":{"name":"Grand Central Parkway","highway":"secondary","osm":"way/1037108535"},"geometry":{"type":"LineString","coordinates":[[-115.15548,36.16716],[-115.15547,36.16673]]}},{"type":"Feature","properties":{"name":"East Bonanza Road","highway":"secondary","osm":"way/1037122625"},"geometry":{"type":"LineString","coordinates":[[-115.1167,36.17388],[-115.11628,36.17387]]}},{"type":"Feature","properties":{"name":"East Washington Avenue","highway":"secondary","osm":"way/1039039417"},"geometry":{"type":"LineString","coordinates":[[-115.12501,36.18127],[-115.12515,36.18127]]}},{"type":"Feature","properties":{"name":"North Bruce Street","highway":"secondary","osm":"way/1039039418"},"geometry":{"type":"LineString","coordinates":[[-115.12501,36.18127],[-115.12498,36.18483]]}},{"type":"Feature","properties":{"name":"North Bruce Street","highway":"secondary","osm":"way/1039039419"},"geometry":{"type":"LineString","coordinates":[[-115.12515,36.18127],[-115.12516,36.18113]]}},{"type":"Feature","properties":{"name":"East Washington Avenue","highway":"secondary","osm":"way/1039039420"},"geometry":{"type":"LineString","coordinates":[[-115.12581,36.18127],[-115.12768,36.18127]]}},{"type":"Feature","properties":{"name":"Tuscany Casino Drive","highway":"unclassified","osm":"way/1039090295"},"geometry":{"type":"LineString","coordinates":[[-115.159,36.11361],[-115.159,36.11375]]}},{"type":"Feature","properties":{"name":"West Harmon Avenue","highway":"secondary","osm":"way/1039095501"},"geometry":{"type":"LineString","coordinates":[[-115.17928,36.10805],[-115.17884,36.10806]]}},{"type":"Feature","properties":{"name":"West Harmon Avenue","highway":"secondary","osm":"way/1039095502"},"geometry":{"type":"LineString","coordinates":[[-115.17884,36.10806],[-115.17821,36.10819]]}},{"type":"Feature","properties":{"name":"South Las Vegas Boulevard","highway":"primary","osm":"way/1039099701"},"geometry":{"type":"LineString","coordinates":[[-115.16496,36.13194],[-115.16461,36.13249]]}},{"type":"Feature","properties":{"name":"South Las Vegas Boulevard","highway":"primary","osm":"way/1039099702"},"geometry":{"type":"LineString","coordinates":[[-115.16548,36.13114],[-115.16533,36.13135]]}},{"type":"Feature","properties":{"name":"North Main Street","highway":"primary","osm":"way/1039251549"},"geometry":{"type":"LineString","coordinates":[[-115.1455,36.17313],[-115.14567,36.17288]]}},{"type":"Feature","properties":{"name":"Las Vegas Premium Outlets Drive","highway":"unclassified","osm":"way/1039257974"},"geometry":{"type":"LineString","coordinates":[[-115.15797,36.16169],[-115.15807,36.16174]]}},{"type":"Feature","properties":{"name":"Las Vegas Premium Outlets Drive","highway":"unclassified","osm":"way/1039257976"},"geometry":{"type":"LineString","coordinates":[[-115.15807,36.16174],[-115.15834,36.16184]]}},{"type":"Feature","properties":{"name":"Las Vegas Premium Outlets Drive","highway":"unclassified","osm":"way/1039257978"},"geometry":{"type":"LineString","coordinates":[[-115.15894,36.16209],[-115.15908,36.16215]]}},{"type":"Feature","properties":{"name":"West Bonneville Avenue","highway":"secondary","osm":"way/1039258678"},"geometry":{"type":"LineString","coordinates":[[-115.15609,36.16651],[-115.15545,36.16659]]}},{"type":"Feature","properties":{"name":"Stewart Avenue","highway":"primary","osm":"way/1039259571"},"geometry":{"type":"LineString","coordinates":[[-115.14086,36.17226],[-115.14077,36.17222]]}},{"type":"Feature","properties":{"name":"Las Vegas Premium Outlets Drive","highway":"unclassified","osm":"way/1039261436"},"geometry":{"type":"LineString","coordinates":[[-115.15953,36.16266],[-115.15951,36.16299]]}},{"type":"Feature","properties":{"name":"West Bonneville Avenue","highway":"secondary","osm":"way/1039263474"},"geometry":{"type":"LineString","coordinates":[[-115.1552,36.16662],[-115.15436,36.16672]]}},{"type":"Feature","properties":{"name":"West Bonneville Avenue","highway":"secondary","osm":"way/1039263475"},"geometry":{"type":"LineString","coordinates":[[-115.15396,36.16677],[-115.15361,36.16681]]}},{"type":"Feature","properties":{"name":"West Bonneville Avenue","highway":"secondary","osm":"way/1039263476"},"geometry":{"type":"LineString","coordinates":[[-115.15093,36.16615],[-115.15018,36.16583]]}},{"type":"Feature","properties":{"name":"North Bruce Street","highway":"secondary","osm":"way/1039278178"},"geometry":{"type":"LineString","coordinates":[[-115.12499,36.1884],[-115.12499,36.1885]]}},{"type":"Feature","properties":{"name":"East Owens Avenue","highway":"secondary","osm":"way/1039278179"},"geometry":{"type":"LineString","coordinates":[[-115.12065,36.18842],[-115.11643,36.18844]]}},{"type":"Feature","properties":{"name":"East Owens Avenue","highway":"secondary","osm":"way/1039278180"},"geometry":{"type":"LineString","coordinates":[[-115.12512,36.1884],[-115.12499,36.1884]]}},{"type":"Feature","properties":{"name":"North Bruce Street","highway":"secondary","osm":"way/1039278181"},"geometry":{"type":"LineString","coordinates":[[-115.12512,36.1884],[-115.12512,36.18662]]}},{"type":"Feature","properties":{"name":"East Owens Avenue","highway":"secondary","osm":"way/1039278182"},"geometry":{"type":"LineString","coordinates":[[-115.12512,36.1885],[-115.13058,36.18851]]}},{"type":"Feature","properties":{"name":"East Owens Avenue","highway":"secondary","osm":"way/1039278183"},"geometry":{"type":"LineString","coordinates":[[-115.12499,36.1885],[-115.12512,36.1885]]}},{"type":"Feature","properties":{"name":"North Bruce Street","highway":"tertiary","osm":"way/1039278184"},"geometry":{"type":"LineString","coordinates":[[-115.12499,36.1885],[-115.12505,36.18921]]}},{"type":"Feature","properties":{"name":"South 4th Street","highway":"tertiary","osm":"way/1039281717"},"geometry":{"type":"LineString","coordinates":[[-115.1456,36.16393],[-115.14524,36.16448]]}},{"type":"Feature","properties":{"name":"Clark Avenue","highway":"secondary","osm":"way/1039281718"},"geometry":{"type":"LineString","coordinates":[[-115.1443,36.16483],[-115.14485,36.16507]]}},{"type":"Feature","properties":{"name":"South 4th Street","highway":"tertiary","osm":"way/1039285526"},"geometry":{"type":"LineString","coordinates":[[-115.14511,36.16468],[-115.14485,36.16507]]}},{"type":"Feature","properties":{"name":"South Maryland Parkway","highway":"secondary","osm":"way/1039317931"},"geometry":{"type":"LineString","coordinates":[[-115.13636,36.16032],[-115.13656,36.16001]]}},{"type":"Feature","properties":{"name":null,"highway":"secondary_link","osm":"way/1040116265"},"geometry":{"type":"LineString","coordinates":[[-115.16404,36.12205],[-115.16369,36.12229]]}},{"type":"Feature","properties":{"name":"Koval Lane","highway":"secondary","osm":"way/1040116266"},"geometry":{"type":"LineString","coordinates":[[-115.164,36.12006],[-115.16401,36.12047]]}},{"type":"Feature","properties":{"name":"Koval Lane","highway":"secondary","osm":"way/1040116267"},"geometry":{"type":"LineString","coordinates":[[-115.16404,36.12205],[-115.16404,36.12229]]}},{"type":"Feature","properties":{"name":"West Washington Avenue","highway":"primary","osm":"way/1041077405"},"geometry":{"type":"LineString","coordinates":[[-115.14588,36.18086],[-115.14448,36.18089]]}},{"type":"Feature","properties":{"name":null,"highway":"primary_link","osm":"way/1041077406"},"geometry":{"type":"LineString","coordinates":[[-115.14448,36.18089],[-115.14439,36.18104]]}},{"type":"Feature","properties":{"name":"West Washington Avenue","highway":"primary","osm":"way/1041077407"},"geometry":{"type":"LineString","coordinates":[[-115.14448,36.18089],[-115.14404,36.18093]]}},{"type":"Feature","properties":{"name":"West Washington Avenue","highway":"primary","osm":"way/1041077408"},"geometry":{"type":"LineString","coordinates":[[-115.14368,36.181],[-115.1431,36.18115]]}},{"type":"Feature","properties":{"name":"A Street","highway":"tertiary","osm":"way/1041077409"},"geometry":{"type":"LineString","coordinates":[[-115.1431,36.18115],[-115.14309,36.18125]]}},{"type":"Feature","properties":{"name":"University Center Drive","highway":"secondary","osm":"way/1041105644"},"geometry":{"type":"LineString","coordinates":[[-115.14638,36.11463],[-115.14633,36.11477]]}},{"type":"Feature","properties":{"name":"University Center Drive","highway":"secondary","osm":"way/1041105645"},"geometry":{"type":"LineString","coordinates":[[-115.14637,36.11546],[-115.14644,36.11477]]}},{"type":"Feature","properties":{"name":"University Center Drive","highway":"secondary","osm":"way/1041105646"},"geometry":{"type":"LineString","coordinates":[[-115.14633,36.11477],[-115.14637,36.11546]]}},{"type":"Feature","properties":{"name":"East Flamingo Road","highway":"primary","osm":"way/1041105647"},"geometry":{"type":"LineString","coordinates":[[-115.14633,36.11477],[-115.14644,36.11477]]}},{"type":"Feature","properties":{"name":"East Carson Avenue","highway":"residential","osm":"way/1041124882"},"geometry":{"type":"LineString","coordinates":[[-115.12997,36.16316],[-115.1323,36.16415]]}},{"type":"Feature","properties":{"name":"South 13th Street","highway":"secondary","osm":"way/1041124883"},"geometry":{"type":"LineString","coordinates":[[-115.1323,36.16415],[-115.13177,36.16497]]}},{"type":"Feature","properties":{"name":"East Harmon Avenue","highway":"secondary","osm":"way/1041344355"},"geometry":{"type":"LineString","coordinates":[[-115.15091,36.10791],[-115.15042,36.1079]]}},{"type":"Feature","properties":{"name":"West Flamingo Road","highway":"primary","osm":"way/1041351191"},"geometry":{"type":"LineString","coordinates":[[-115.17531,36.11468],[-115.17518,36.11467]]}},{"type":"Feature","properties":{"name":"West Flamingo Road","highway":"primary","osm":"way/1041351192"},"geometry":{"type":"LineString","coordinates":[[-115.17442,36.11464],[-115.17389,36.11463]]}},{"type":"Feature","properties":{"name":"South Las Vegas Boulevard","highway":"primary","osm":"way/1041356737"},"geometry":{"type":"LineString","coordinates":[[-115.16537,36.13164],[-115.16566,36.13117]]}},{"type":"Feature","properties":{"name":"South Las Vegas Boulevard","highway":"primary","osm":"way/1041356738"},"geometry":{"type":"LineString","coordinates":[[-115.16525,36.13183],[-115.16537,36.13164]]}},{"type":"Feature","properties":{"name":"Aldebaran Avenue","highway":"tertiary","osm":"way/1041356811"},"geometry":{"type":"LineString","coordinates":[[-115.18322,36.10883],[-115.18329,36.10881]]}},{"type":"Feature","properties":{"name":"Aldebaran Avenue","highway":"tertiary","osm":"way/1041356812"},"geometry":{"type":"LineString","coordinates":[[-115.18339,36.10851],[-115.18343,36.10823]]}},{"type":"Feature","properties":{"name":"Bellagio Drive","highway":"unclassified","osm":"way/1041357122"},"geometry":{"type":"LineString","coordinates":[[-115.17525,36.11191],[-115.1751,36.11168]]}},{"type":"Feature","properties":{"name":"South Las Vegas Boulevard","highway":"primary","osm":"way/1041358706"},"geometry":{"type":"LineString","coordinates":[[-115.16322,36.1349],[-115.16345,36.13456]]}},{"type":"Feature","properties":{"name":"Aria Place","highway":"unclassified","osm":"way/1041360088"},"geometry":{"type":"LineString","coordinates":[[-115.17317,36.10665],[-115.1733,36.10668]]}},{"type":"Feature","properties":{"name":"Aria Place","highway":"unclassified","osm":"way/1041360089"},"geometry":{"type":"LineString","coordinates":[[-115.1733,36.10668],[-115.17361,36.10678]]}},{"type":"Feature","properties":{"name":"Aria Place","highway":"unclassified","osm":"way/1041360090"},"geometry":{"type":"LineString","coordinates":[[-115.17361,36.10678],[-115.17405,36.10691]]}},{"type":"Feature","properties":{"name":"West Twain Avenue","highway":"secondary","osm":"way/1041402504"},"geometry":{"type":"LineString","coordinates":[[-115.1847,36.12142],[-115.18428,36.12121]]}},{"type":"Feature","properties":{"name":"West Twain Avenue","highway":"secondary","osm":"way/1041402505"},"geometry":{"type":"LineString","coordinates":[[-115.18479,36.12146],[-115.1847,36.12142]]}},{"type":"Feature","properties":{"name":"Las Vegas Premium Outlets Drive","highway":"unclassified","osm":"way/1042539267"},"geometry":{"type":"LineString","coordinates":[[-115.15846,36.16177],[-115.15803,36.1616]]}},{"type":"Feature","properties":{"name":"North Las Vegas Boulevard","highway":"primary","osm":"way/1042642752"},"geometry":{"type":"LineString","coordinates":[[-115.13425,36.18113],[-115.13457,36.18011]]}},{"type":"Feature","properties":{"name":"North Las Vegas Boulevard","highway":"primary","osm":"way/1042642753"},"geometry":{"type":"LineString","coordinates":[[-115.13457,36.18011],[-115.13468,36.1798]]}},{"type":"Feature","properties":{"name":"North Las Vegas Boulevard","highway":"primary","osm":"way/1042642754"},"geometry":{"type":"LineString","coordinates":[[-115.13468,36.1798],[-115.13525,36.17828]]}},{"type":"Feature","properties":{"name":"North Las Vegas Boulevard","highway":"primary","osm":"way/1042642755"},"geometry":{"type":"LineString","coordinates":[[-115.13525,36.17828],[-115.13556,36.17756]]}},{"type":"Feature","properties":{"name":"North Las Vegas Boulevard","highway":"primary","osm":"way/1042642756"},"geometry":{"type":"LineString","coordinates":[[-115.13694,36.17529],[-115.13718,36.17493]]}},{"type":"Feature","properties":{"name":"North Las Vegas Boulevard","highway":"primary","osm":"way/1042642757"},"geometry":{"type":"LineString","coordinates":[[-115.13633,36.17622],[-115.13652,36.17592]]}},{"type":"Feature","properties":{"name":"North Las Vegas Boulevard","highway":"primary","osm":"way/1042642758"},"geometry":{"type":"LineString","coordinates":[[-115.13652,36.17592],[-115.13674,36.1756]]}},{"type":"Feature","properties":{"name":"North Las Vegas Boulevard","highway":"primary","osm":"way/1042642759"},"geometry":{"type":"LineString","coordinates":[[-115.13674,36.1756],[-115.13694,36.17529]]}},{"type":"Feature","properties":{"name":"North Las Vegas Boulevard","highway":"primary","osm":"way/1042943310"},"geometry":{"type":"LineString","coordinates":[[-115.13409,36.18751],[-115.13399,36.18776]]}},{"type":"Feature","properties":{"name":"North Las Vegas Boulevard","highway":"primary","osm":"way/1042943311"},"geometry":{"type":"LineString","coordinates":[[-115.13399,36.18776],[-115.13399,36.1879]]}},{"type":"Feature","properties":{"name":"North Bruce Street","highway":"secondary","osm":"way/1043385871"},"geometry":{"type":"LineString","coordinates":[[-115.12523,36.17888],[-115.1254,36.17862]]}},{"type":"Feature","properties":{"name":"East Washington Avenue","highway":"secondary","osm":"way/1043398406"},"geometry":{"type":"LineString","coordinates":[[-115.12244,36.18127],[-115.12368,36.18127]]}},{"type":"Feature","properties":{"name":"North Bruce Street","highway":"secondary","osm":"way/1043413832"},"geometry":{"type":"LineString","coordinates":[[-115.12501,36.18069],[-115.12501,36.18113]]}},{"type":"Feature","properties":{"name":"South Las Vegas Boulevard","highway":"primary","osm":"way/1043464439"},"geometry":{"type":"LineString","coordinates":[[-115.17299,36.1146],[-115.17303,36.11403]]}},{"type":"Feature","properties":{"name":null,"highway":"primary_link","osm":"way/1043465694"},"geometry":{"type":"LineString","coordinates":[[-115.17339,36.11133],[-115.17385,36.1113]]}},{"type":"Feature","properties":{"name":"Wynn Main Gate Drive","highway":"unclassified","osm":"way/1043470556"},"geometry":{"type":"LineString","coordinates":[[-115.16749,36.1276],[-115.16776,36.12765]]}},{"type":"Feature","properties":{"name":"South Siegfried and Roy Drive","highway":"unclassified","osm":"way/1043551490"},"geometry":{"type":"LineString","coordinates":[[-115.17252,36.1201],[-115.17234,36.12008]]}},{"type":"Feature","properties":{"name":"South Las Vegas Boulevard","highway":"primary","osm":"way/1043551491"},"geometry":{"type":"LineString","coordinates":[[-115.17252,36.1201],[-115.17267,36.11961]]}},{"type":"Feature","properties":{"name":"South Las Vegas Boulevard","highway":"primary","osm":"way/1043641540"},"geometry":{"type":"LineString","coordinates":[[-115.17281,36.11166],[-115.1728,36.11274]]}},{"type":"Feature","properties":{"name":"South Las Vegas Boulevard","highway":"primary","osm":"way/1043641541"},"geometry":{"type":"LineString","coordinates":[[-115.1728,36.11274],[-115.17279,36.1137]]}},{"type":"Feature","properties":{"name":"South Las Vegas Boulevard","highway":"primary","osm":"way/1043647844"},"geometry":{"type":"LineString","coordinates":[[-115.17162,36.12176],[-115.17143,36.12207]]}},{"type":"Feature","properties":{"name":"Iron Horse Court","highway":"secondary","osm":"way/1043653391"},"geometry":{"type":"LineString","coordinates":[[-115.15757,36.16152],[-115.15782,36.16162]]}},{"type":"Feature","properties":{"name":"South Casino Center Boulevard","highway":"secondary","osm":"way/1043657994"},"geometry":{"type":"LineString","coordinates":[[-115.14707,36.16602],[-115.1463,36.16719]]}},{"type":"Feature","properties":{"name":"Clark Avenue","highway":"secondary","osm":"way/1043657995"},"geometry":{"type":"LineString","coordinates":[[-115.14707,36.16602],[-115.14715,36.16605]]}},{"type":"Feature","properties":{"name":"South Casino Center Boulevard","highway":"secondary","osm":"way/1043657996"},"geometry":{"type":"LineString","coordinates":[[-115.1473,36.16569],[-115.14707,36.16602]]}},{"type":"Feature","properties":{"name":"South Casino Center Boulevard","highway":"secondary","osm":"way/1043657998"},"geometry":{"type":"LineString","coordinates":[[-115.14758,36.16524],[-115.1473,36.16569]]}},{"type":"Feature","properties":{"name":"East Ogden Avenue","highway":"tertiary","osm":"way/1043660880"},"geometry":{"type":"LineString","coordinates":[[-115.14097,36.17081],[-115.14078,36.17073]]}},{"type":"Feature","properties":{"name":"North 4th Street","highway":"tertiary","osm":"way/1043660881"},"geometry":{"type":"LineString","coordinates":[[-115.14103,36.17091],[-115.14058,36.17162]]}},{"type":"Feature","properties":{"name":"North 4th Street","highway":"tertiary","osm":"way/1043660882"},"geometry":{"type":"LineString","coordinates":[[-115.14058,36.17162],[-115.14032,36.17202]]}},{"type":"Feature","properties":{"name":"West Bonneville Avenue","highway":"secondary","osm":"way/1043675462"},"geometry":{"type":"LineString","coordinates":[[-115.15422,36.16687],[-115.15481,36.1668]]}},{"type":"Feature","properties":{"name":"West Bonneville Avenue","highway":"secondary","osm":"way/1043675463"},"geometry":{"type":"LineString","coordinates":[[-115.15322,36.16698],[-115.15396,36.1669]]}},{"type":"Feature","properties":{"name":"West Bonneville Avenue","highway":"secondary","osm":"way/1043675464"},"geometry":{"type":"LineString","coordinates":[[-115.15396,36.1669],[-115.15422,36.16687]]}},{"type":"Feature","properties":{"name":"Cambridge Street","highway":"tertiary","osm":"way/1043708661"},"geometry":{"type":"LineString","coordinates":[[-115.14184,36.11967],[-115.14186,36.12026]]}},{"type":"Feature","properties":{"name":"North Casino Center Boulevard","highway":"secondary","osm":"way/1043762910"},"geometry":{"type":"LineString","coordinates":[[-115.14063,36.17587],[-115.14027,36.17618]]}},{"type":"Feature","properties":{"name":"Fremont Street","highway":"primary","osm":"way/1043766068"},"geometry":{"type":"LineString","coordinates":[[-115.13121,36.1652],[-115.13155,36.16531]]}},{"type":"Feature","properties":{"name":"Stewart Avenue","highway":"secondary","osm":"way/1046461645"},"geometry":{"type":"LineString","coordinates":[[-115.11226,36.16649],[-115.11166,36.1664]]}},{"type":"Feature","properties":{"name":"Fremont Street","highway":"primary","osm":"way/1046463724"},"geometry":{"type":"LineString","coordinates":[[-115.11361,36.15623],[-115.11325,36.15595]]}},{"type":"Feature","properties":{"name":"Fremont Street","highway":"primary","osm":"way/1046463725"},"geometry":{"type":"LineString","coordinates":[[-115.11325,36.15595],[-115.11261,36.15541]]}},{"type":"Feature","properties":{"name":"Fremont Street","highway":"primary","osm":"way/1046463728"},"geometry":{"type":"LineString","coordinates":[[-115.11261,36.15541],[-115.10944,36.1526]]}},{"type":"Feature","properties":{"name":"West Owens Avenue","highway":"secondary","osm":"way/1046471392"},"geometry":{"type":"LineString","coordinates":[[-115.13793,36.1885],[-115.13869,36.18848]]}},{"type":"Feature","properties":{"name":"Davis Place","highway":"residential","osm":"way/1046471393"},"geometry":{"type":"LineString","coordinates":[[-115.13793,36.18842],[-115.13793,36.1885]]}},{"type":"Feature","properties":{"name":"East Owens Avenue","highway":"secondary","osm":"way/1046471394"},"geometry":{"type":"LineString","coordinates":[[-115.13733,36.1885],[-115.13793,36.1885]]}},{"type":"Feature","properties":{"name":"West Owens Avenue","highway":"secondary","osm":"way/1046471395"},"geometry":{"type":"LineString","coordinates":[[-115.13869,36.18848],[-115.1389,36.18848]]}},{"type":"Feature","properties":{"name":"H Street","highway":"tertiary","osm":"way/1046495008"},"geometry":{"type":"LineString","coordinates":[[-115.15193,36.18791],[-115.15186,36.18832]]}},{"type":"Feature","properties":{"name":"H Street","highway":"tertiary","osm":"way/1046495009"},"geometry":{"type":"LineString","coordinates":[[-115.15186,36.18832],[-115.15186,36.18846]]}},{"type":"Feature","properties":{"name":"H Street","highway":"tertiary","osm":"way/1046496390"},"geometry":{"type":"LineString","coordinates":[[-115.15198,36.18834],[-115.15193,36.18791]]}},{"type":"Feature","properties":{"name":"H Street","highway":"tertiary","osm":"way/1046496391"},"geometry":{"type":"LineString","coordinates":[[-115.15197,36.18847],[-115.15198,36.18834]]}},{"type":"Feature","properties":{"name":"East Bonanza Road","highway":"secondary","osm":"way/1046521229"},"geometry":{"type":"LineString","coordinates":[[-115.11615,36.17387],[-115.11576,36.17386]]}},{"type":"Feature","properties":{"name":"East Washington Avenue","highway":"secondary","osm":"way/1046747647"},"geometry":{"type":"LineString","coordinates":[[-115.13313,36.18128],[-115.13409,36.18127]]}},{"type":"Feature","properties":{"name":"East Washington Avenue","highway":"secondary","osm":"way/1046747648"},"geometry":{"type":"LineString","coordinates":[[-115.1317,36.18129],[-115.13313,36.18128]]}},{"type":"Feature","properties":{"name":"East Washington Avenue","highway":"secondary","osm":"way/1046747649"},"geometry":{"type":"LineString","coordinates":[[-115.13063,36.18128],[-115.1317,36.18129]]}},{"type":"Feature","properties":{"name":"East Washington Avenue","highway":"secondary","osm":"way/1046747650"},"geometry":{"type":"LineString","coordinates":[[-115.12832,36.18128],[-115.13063,36.18128]]}},{"type":"Feature","properties":{"name":"East Washington Avenue","highway":"secondary","osm":"way/1046747651"},"geometry":{"type":"LineString","coordinates":[[-115.12768,36.18127],[-115.12832,36.18128]]}},{"type":"Feature","properties":{"name":"East Washington Avenue","highway":"secondary","osm":"way/1046747652"},"geometry":{"type":"LineString","coordinates":[[-115.12368,36.18127],[-115.12396,36.18127]]}},{"type":"Feature","properties":{"name":"Howard Hughes Parkway","highway":"tertiary","osm":"way/1046773095"},"geometry":{"type":"LineString","coordinates":[[-115.15693,36.11854],[-115.15707,36.11904]]}},{"type":"Feature","properties":{"name":"Howard Hughes Parkway","highway":"tertiary","osm":"way/1046773097"},"geometry":{"type":"LineString","coordinates":[[-115.15707,36.11904],[-115.1572,36.11929]]}},{"type":"Feature","properties":{"name":"First Interstate Drive","highway":"unclassified","osm":"way/1046773098"},"geometry":{"type":"LineString","coordinates":[[-115.15684,36.1195],[-115.15726,36.11939]]}},{"type":"Feature","properties":{"name":"Howard Hughes Parkway","highway":"tertiary","osm":"way/1046773099"},"geometry":{"type":"LineString","coordinates":[[-115.1572,36.11929],[-115.15726,36.11939]]}},{"type":"Feature","properties":{"name":"Howard Hughes Parkway","highway":"tertiary","osm":"way/1046773100"},"geometry":{"type":"LineString","coordinates":[[-115.15726,36.11939],[-115.1577,36.12024]]}},{"type":"Feature","properties":{"name":"Howard Hughes Parkway","highway":"tertiary","osm":"way/1046773101"},"geometry":{"type":"LineString","coordinates":[[-115.1577,36.12024],[-115.15776,36.12048]]}},{"type":"Feature","properties":{"name":"Howard Hughes Parkway","highway":"tertiary","osm":"way/1046773103"},"geometry":{"type":"LineString","coordinates":[[-115.15776,36.12048],[-115.15777,36.1206]]}},{"type":"Feature","properties":{"name":"North Maryland Parkway","highway":"secondary","osm":"way/1046827436"},"geometry":{"type":"LineString","coordinates":[[-115.1305,36.17362],[-115.1305,36.17398]]}},{"type":"Feature","properties":{"name":"F Street","highway":"tertiary","osm":"way/1046873192"},"geometry":{"type":"LineString","coordinates":[[-115.14941,36.17927],[-115.14942,36.17874]]}},{"type":"Feature","properties":{"name":"Paris Drive","highway":"unclassified","osm":"way/1046878892"},"geometry":{"type":"LineString","coordinates":[[-115.17234,36.11152],[-115.17186,36.11148]]}},{"type":"Feature","properties":{"name":"Jerry Lewis Way","highway":"tertiary","osm":"way/1047061144"},"geometry":{"type":"LineString","coordinates":[[-115.18224,36.10892],[-115.18179,36.10884]]}},{"type":"Feature","properties":{"name":"F Street","highway":"tertiary","osm":"way/1047061934"},"geometry":{"type":"LineString","coordinates":[[-115.14935,36.17899],[-115.14941,36.17927]]}},{"type":"Feature","properties":{"name":"South Main Street","highway":"secondary","osm":"way/1047065673"},"geometry":{"type":"LineString","coordinates":[[-115.15381,36.15574],[-115.15378,36.15611]]}},{"type":"Feature","properties":{"name":"Las Vegas Freeway","highway":"motorway","osm":"way/1047069561"},"geometry":{"type":"LineString","coordinates":[[-115.18049,36.12168],[-115.18049,36.12181]]}},{"type":"Feature","properties":{"name":"East Bonneville Avenue","highway":"secondary","osm":"way/1047070633"},"geometry":{"type":"LineString","coordinates":[[-115.13879,36.16097],[-115.13762,36.16047]]}},{"type":"Feature","properties":{"name":"East Bonneville Avenue","highway":"secondary","osm":"way/1047070634"},"geometry":{"type":"LineString","coordinates":[[-115.13762,36.16047],[-115.13706,36.16023]]}},{"type":"Feature","properties":{"name":"University Center Drive","highway":"primary","osm":"way/1047075181"},"geometry":{"type":"LineString","coordinates":[[-115.14599,36.0955],[-115.146,36.09593]]}},{"type":"Feature","properties":{"name":"West Owens Avenue","highway":"secondary","osm":"way/1047126446"},"geometry":{"type":"LineString","coordinates":[[-115.14199,36.18842],[-115.14236,36.18841]]}},{"type":"Feature","properties":{"name":"West Owens Avenue","highway":"secondary","osm":"way/1047126447"},"geometry":{"type":"LineString","coordinates":[[-115.14236,36.18841],[-115.14257,36.18842]]}},{"type":"Feature","properties":{"name":"West Charleston Boulevard","highway":"primary","osm":"way/1049524753"},"geometry":{"type":"LineString","coordinates":[[-115.15746,36.15895],[-115.15755,36.15896]]}},{"type":"Feature","properties":{"name":"South Las Vegas Boulevard","highway":"primary","osm":"way/1049999217"},"geometry":{"type":"LineString","coordinates":[[-115.17183,36.12132],[-115.17174,36.12152]]}},{"type":"Feature","properties":{"name":"South Las Vegas Boulevard","highway":"primary","osm":"way/1049999218"},"geometry":{"type":"LineString","coordinates":[[-115.17174,36.12152],[-115.17162,36.12176]]}},{"type":"Feature","properties":{"name":"Bellagio Drive","highway":"unclassified","osm":"way/1050182643"},"geometry":{"type":"LineString","coordinates":[[-115.17453,36.11123],[-115.17438,36.11114]]}},{"type":"Feature","properties":{"name":"Mel Tormé Way","highway":"unclassified","osm":"way/1050183997"},"geometry":{"type":"LineString","coordinates":[[-115.17307,36.12421],[-115.17308,36.12454]]}},{"type":"Feature","properties":{"name":"Koval Lane","highway":"secondary","osm":"way/1050197067"},"geometry":{"type":"LineString","coordinates":[[-115.16414,36.1187],[-115.16414,36.11852]]}},{"type":"Feature","properties":{"name":"East Desert Inn Road","highway":"primary","osm":"way/1050250238"},"geometry":{"type":"LineString","coordinates":[[-115.15366,36.12951],[-115.15394,36.12954]]}},{"type":"Feature","properties":{"name":null,"highway":"residential","osm":"way/1051461380"},"geometry":{"type":"LineString","coordinates":[[-115.14569,36.12587],[-115.14608,36.12587]]}},{"type":"Feature","properties":{"name":null,"highway":"residential","osm":"way/1051461382"},"geometry":{"type":"LineString","coordinates":[[-115.14202,36.12459],[-115.14166,36.12458]]}},{"type":"Feature","properties":{"name":null,"highway":"residential","osm":"way/1051461383"},"geometry":{"type":"LineString","coordinates":[[-115.14187,36.1247],[-115.14165,36.1247]]}},{"type":"Feature","properties":{"name":null,"highway":"residential","osm":"way/1051461384"},"geometry":{"type":"LineString","coordinates":[[-115.14163,36.12524],[-115.1419,36.12525]]}},{"type":"Feature","properties":{"name":null,"highway":"residential","osm":"way/1051461386"},"geometry":{"type":"LineString","coordinates":[[-115.14173,36.12329],[-115.14214,36.12329]]}},{"type":"Feature","properties":{"name":null,"highway":"residential","osm":"way/1051461387"},"geometry":{"type":"LineString","coordinates":[[-115.14615,36.12329],[-115.14571,36.12329]]}},{"type":"Feature","properties":{"name":null,"highway":"motorway_link","osm":"way/1051848218"},"geometry":{"type":"LineString","coordinates":[[-115.1564,36.1724],[-115.15608,36.17245]]}},{"type":"Feature","properties":{"name":"North Casino Center Boulevard","highway":"secondary","osm":"way/1051851118"},"geometry":{"type":"LineString","coordinates":[[-115.14177,36.1742],[-115.14153,36.17463]]}},{"type":"Feature","properties":{"name":"Las Vegas Freeway","highway":"motorway","osm":"way/1051852573"},"geometry":{"type":"LineString","coordinates":[[-115.18043,36.12611],[-115.18043,36.1266]]}},{"type":"Feature","properties":{"name":"Paradise Road","highway":"primary","osm":"way/1052664366"},"geometry":{"type":"LineString","coordinates":[[-115.1549,36.13507],[-115.1549,36.13475]]}},{"type":"Feature","properties":{"name":"Paradise Road","highway":"primary","osm":"way/1052664367"},"geometry":{"type":"LineString","coordinates":[[-115.1549,36.1332],[-115.15492,36.13235]]}},{"type":"Feature","properties":{"name":"East Flamingo Road","highway":"primary","osm":"way/1052676658"},"geometry":{"type":"LineString","coordinates":[[-115.15146,36.11459],[-115.15059,36.11468]]}},{"type":"Feature","properties":{"name":"North Eastern Avenue","highway":"primary","osm":"way/1053259482"},"geometry":{"type":"LineString","coordinates":[[-115.11597,36.18128],[-115.11598,36.18262]]}},{"type":"Feature","properties":{"name":"North Eastern Avenue","highway":"primary","osm":"way/1053259483"},"geometry":{"type":"LineString","coordinates":[[-115.11598,36.18262],[-115.11599,36.18303]]}},{"type":"Feature","properties":{"name":"North Eastern Avenue","highway":"primary","osm":"way/1053259484"},"geometry":{"type":"LineString","coordinates":[[-115.11601,36.1845],[-115.11601,36.18486]]}},{"type":"Feature","properties":{"name":"South Main Street","highway":"primary","osm":"way/1053837093"},"geometry":{"type":"LineString","coordinates":[[-115.14653,36.17133],[-115.1463,36.17168]]}},{"type":"Feature","properties":{"name":"South Maryland Parkway","highway":"primary","osm":"way/1054999884"},"geometry":{"type":"LineString","coordinates":[[-115.13694,36.10237],[-115.13698,36.10299]]}},{"type":"Feature","properties":{"name":"South Maryland Parkway","highway":"primary","osm":"way/1054999885"},"geometry":{"type":"LineString","coordinates":[[-115.13698,36.10299],[-115.137,36.10322]]}},{"type":"Feature","properties":{"name":"South 4th Street","highway":"tertiary","osm":"way/1055010080"},"geometry":{"type":"LineString","coordinates":[[-115.1428,36.16824],[-115.14259,36.16858]]}},{"type":"Feature","properties":{"name":"South 4th Street","highway":"tertiary","osm":"way/1055010081"},"geometry":{"type":"LineString","coordinates":[[-115.14333,36.16741],[-115.1428,36.16824]]}},{"type":"Feature","properties":{"name":"Bridger Avenue","highway":"tertiary","osm":"way/1055010082"},"geometry":{"type":"LineString","coordinates":[[-115.14333,36.16741],[-115.14226,36.16695]]}},{"type":"Feature","properties":{"name":"South 4th Street","highway":"tertiary","osm":"way/1055010083"},"geometry":{"type":"LineString","coordinates":[[-115.14356,36.16704],[-115.14333,36.16741]]}},{"type":"Feature","properties":{"name":"South 4th Street","highway":"tertiary","osm":"way/1055010084"},"geometry":{"type":"LineString","coordinates":[[-115.14365,36.16691],[-115.14356,36.16704]]}},{"type":"Feature","properties":{"name":"Howard Hughes Parkway","highway":"tertiary","osm":"way/1055647308"},"geometry":{"type":"LineString","coordinates":[[-115.15775,36.12181],[-115.15797,36.12098],[-115.15773,36.1199]]}},{"type":"Feature","properties":{"name":"Howard Hughes Parkway","highway":"tertiary","osm":"way/1055647309"},"geometry":{"type":"LineString","coordinates":[[-115.15773,36.1199],[-115.15742,36.11933]]}},{"type":"Feature","properties":{"name":"First Interstate Drive","highway":"unclassified","osm":"way/1055647310"},"geometry":{"type":"LineString","coordinates":[[-115.15726,36.11939],[-115.15742,36.11933]]}},{"type":"Feature","properties":{"name":"Howard Hughes Parkway","highway":"tertiary","osm":"way/1055647311"},"geometry":{"type":"LineString","coordinates":[[-115.15742,36.11933],[-115.15736,36.11923]]}},{"type":"Feature","properties":{"name":"First Interstate Drive","highway":"unclassified","osm":"way/1055647312"},"geometry":{"type":"LineString","coordinates":[[-115.15736,36.11923],[-115.1572,36.11929]]}},{"type":"Feature","properties":{"name":"Howard Hughes Parkway","highway":"tertiary","osm":"way/1055647313"},"geometry":{"type":"LineString","coordinates":[[-115.15736,36.11923],[-115.15715,36.1188]]}},{"type":"Feature","properties":{"name":"Howard Hughes Parkway","highway":"tertiary","osm":"way/1055647314"},"geometry":{"type":"LineString","coordinates":[[-115.15715,36.1188],[-115.15711,36.11848]]}},{"type":"Feature","properties":{"name":"Corporate Drive","highway":"tertiary","osm":"way/1055647315"},"geometry":{"type":"LineString","coordinates":[[-115.15711,36.11848],[-115.15693,36.11842]]}},{"type":"Feature","properties":{"name":"Howard Hughes Parkway","highway":"tertiary","osm":"way/1055647316"},"geometry":{"type":"LineString","coordinates":[[-115.15711,36.11848],[-115.15723,36.11785]]}},{"type":"Feature","properties":{"name":"Howard Hughes Parkway","highway":"tertiary","osm":"way/1055647317"},"geometry":{"type":"LineString","coordinates":[[-115.15723,36.11785],[-115.15749,36.11732]]}},{"type":"Feature","properties":{"name":"Manhattan Street","highway":"unclassified","osm":"way/1055647318"},"geometry":{"type":"LineString","coordinates":[[-115.15736,36.11726],[-115.15672,36.11711]]}},{"type":"Feature","properties":{"name":"Howard Hughes Parkway","highway":"tertiary","osm":"way/1055647319"},"geometry":{"type":"LineString","coordinates":[[-115.15749,36.11732],[-115.1584,36.1164]]}},{"type":"Feature","properties":{"name":"Howard Hughes Parkway","highway":"tertiary","osm":"way/1055647320"},"geometry":{"type":"LineString","coordinates":[[-115.1584,36.1164],[-115.15883,36.11602]]}},{"type":"Feature","properties":{"name":"Hughes Center Drive","highway":"unclassified","osm":"way/1055647321"},"geometry":{"type":"LineString","coordinates":[[-115.159,36.11612],[-115.15883,36.11602]]}},{"type":"Feature","properties":{"name":"Howard Hughes Parkway","highway":"tertiary","osm":"way/1055647322"},"geometry":{"type":"LineString","coordinates":[[-115.15915,36.11483],[-115.15916,36.11445]]}},{"type":"Feature","properties":{"name":"Howard Hughes Parkway","highway":"tertiary","osm":"way/1055647323"},"geometry":{"type":"LineString","coordinates":[[-115.15916,36.11504],[-115.15915,36.11483]]}},{"type":"Feature","properties":{"name":"Stewart Avenue","highway":"secondary","osm":"way/1055738366"},"geometry":{"type":"LineString","coordinates":[[-115.11047,36.16651],[-115.11166,36.16654]]}},{"type":"Feature","properties":{"name":"Via del Nord","highway":"unclassified","osm":"way/1055879133"},"geometry":{"type":"LineString","coordinates":[[-115.17543,36.11469],[-115.17542,36.11439]]}},{"type":"Feature","properties":{"name":"North Main Street","highway":"secondary","osm":"way/1055880912"},"geometry":{"type":"LineString","coordinates":[[-115.13591,36.18771],[-115.13571,36.18792]]}},{"type":"Feature","properties":{"name":"Goh Tong Way","highway":"unclassified","osm":"way/1055889448"},"geometry":{"type":"LineString","coordinates":[[-115.17116,36.13437],[-115.17072,36.13411]]}},{"type":"Feature","properties":{"name":"Goh Tong Way","highway":"unclassified","osm":"way/1055889449"},"geometry":{"type":"LineString","coordinates":[[-115.17132,36.13444],[-115.17116,36.13437]]}},{"type":"Feature","properties":{"name":"Goh Tong Way","highway":"unclassified","osm":"way/1055889450"},"geometry":{"type":"LineString","coordinates":[[-115.17027,36.13409],[-115.17116,36.13437]]}},{"type":"Feature","properties":{"name":"Goh Tong Way","highway":"unclassified","osm":"way/1055889451"},"geometry":{"type":"LineString","coordinates":[[-115.17072,36.13411],[-115.17033,36.13397]]}},{"type":"Feature","properties":{"name":"Goh Tong Way","highway":"unclassified","osm":"way/1055889454"},"geometry":{"type":"LineString","coordinates":[[-115.17033,36.13397],[-115.16956,36.13359]]}},{"type":"Feature","properties":{"name":"Goh Tong Way","highway":"unclassified","osm":"way/1055889455"},"geometry":{"type":"LineString","coordinates":[[-115.16958,36.13226],[-115.16953,36.13171]]}},{"type":"Feature","properties":{"name":"Goh Tong Way","highway":"unclassified","osm":"way/1055889456"},"geometry":{"type":"LineString","coordinates":[[-115.16953,36.13171],[-115.16945,36.13266]]}},{"type":"Feature","properties":{"name":"Goh Tong Way","highway":"unclassified","osm":"way/1055889457"},"geometry":{"type":"LineString","coordinates":[[-115.16945,36.13266],[-115.16958,36.13226]]}},{"type":"Feature","properties":{"name":"Goh Tong Way","highway":"unclassified","osm":"way/1055889458"},"geometry":{"type":"LineString","coordinates":[[-115.16945,36.13266],[-115.16932,36.13306]]}},{"type":"Feature","properties":{"name":"Goh Tong Way","highway":"unclassified","osm":"way/1055889459"},"geometry":{"type":"LineString","coordinates":[[-115.16976,36.13391],[-115.17027,36.13409]]}},{"type":"Feature","properties":{"name":"Howard Hughes Parkway","highway":"tertiary","osm":"way/1055890295"},"geometry":{"type":"LineString","coordinates":[[-115.15899,36.11445],[-115.159,36.11492]]}},{"type":"Feature","properties":{"name":"Howard Hughes Parkway","highway":"tertiary","osm":"way/1055890296"},"geometry":{"type":"LineString","coordinates":[[-115.159,36.11492],[-115.15899,36.11535]]}},{"type":"Feature","properties":{"name":"Howard Hughes Parkway","highway":"tertiary","osm":"way/1055890297"},"geometry":{"type":"LineString","coordinates":[[-115.15899,36.11535],[-115.15869,36.11595]]}},{"type":"Feature","properties":{"name":"Hughes Center Drive","highway":"unclassified","osm":"way/1055890298"},"geometry":{"type":"LineString","coordinates":[[-115.15883,36.11602],[-115.15869,36.11595]]}},{"type":"Feature","properties":{"name":"Howard Hughes Parkway","highway":"tertiary","osm":"way/1055890299"},"geometry":{"type":"LineString","coordinates":[[-115.15869,36.11595],[-115.1586,36.11603]]}},{"type":"Feature","properties":{"name":"Hughes Center Drive","highway":"unclassified","osm":"way/1055890300"},"geometry":{"type":"LineString","coordinates":[[-115.1586,36.11603],[-115.15893,36.11619]]}},{"type":"Feature","properties":{"name":"Howard Hughes Parkway","highway":"tertiary","osm":"way/1055890301"},"geometry":{"type":"LineString","coordinates":[[-115.1586,36.11603],[-115.15786,36.11669]]}},{"type":"Feature","properties":{"name":"Howard Hughes Parkway","highway":"tertiary","osm":"way/1055890302"},"geometry":{"type":"LineString","coordinates":[[-115.15786,36.11669],[-115.15736,36.11726]]}},{"type":"Feature","properties":{"name":"Manhattan Street","highway":"unclassified","osm":"way/1055890303"},"geometry":{"type":"LineString","coordinates":[[-115.15749,36.11732],[-115.15736,36.11726]]}},{"type":"Feature","properties":{"name":"Howard Hughes Parkway","highway":"tertiary","osm":"way/1055890304"},"geometry":{"type":"LineString","coordinates":[[-115.15736,36.11726],[-115.15729,36.11736]]}},{"type":"Feature","properties":{"name":"Manhattan Street","highway":"unclassified","osm":"way/1055890305"},"geometry":{"type":"LineString","coordinates":[[-115.15672,36.11711],[-115.15729,36.11736]]}},{"type":"Feature","properties":{"name":null,"highway":"secondary_link","osm":"way/1058861390"},"geometry":{"type":"LineString","coordinates":[[-115.18332,36.12092],[-115.18337,36.12115]]}},{"type":"Feature","properties":{"name":null,"highway":"secondary_link","osm":"way/1058861391"},"geometry":{"type":"LineString","coordinates":[[-115.18337,36.12115],[-115.18364,36.12108]]}},{"type":"Feature","properties":{"name":null,"highway":"secondary_link","osm":"way/1058861392"},"geometry":{"type":"LineString","coordinates":[[-115.18337,36.12115],[-115.18335,36.12117]]}},{"type":"Feature","properties":{"name":null,"highway":"residential","osm":"way/1058861393"},"geometry":{"type":"LineString","coordinates":[[-115.18233,36.12068],[-115.18161,36.12173]]}},{"type":"Feature","properties":{"name":null,"highway":"residential","osm":"way/1058861397"},"geometry":{"type":"LineString","coordinates":[[-115.18282,36.12148],[-115.18339,36.12175],[-115.18362,36.12155],[-115.18362,36.12135],[-115.183,36.12102]]}},{"type":"Feature","properties":{"name":null,"highway":"residential","osm":"way/1058861398"},"geometry":{"type":"LineString","coordinates":[[-115.18196,36.12186],[-115.18134,36.12163],[-115.18201,36.12062],[-115.183,36.12102]]}},{"type":"Feature","properties":{"name":null,"highway":"residential","osm":"way/1058861399"},"geometry":{"type":"LineString","coordinates":[[-115.18347,36.12172],[-115.18364,36.12182]]}},{"type":"Feature","properties":{"name":"South 15th Street","highway":"residential","osm":"way/1059545369"},"geometry":{"type":"LineString","coordinates":[[-115.13278,36.15888],[-115.1328,36.15881]]}},{"type":"Feature","properties":{"name":"East Charleston Boulevard","highway":"primary","osm":"way/1059545370"},"geometry":{"type":"LineString","coordinates":[[-115.13332,36.15881],[-115.1328,36.15881]]}},{"type":"Feature","properties":{"name":"North Eastern Avenue","highway":"primary","osm":"way/1059797977"},"geometry":{"type":"LineString","coordinates":[[-115.11603,36.17207],[-115.1161,36.17305]]}},{"type":"Feature","properties":{"name":"North Eastern Avenue","highway":"primary","osm":"way/1059797978"},"geometry":{"type":"LineString","coordinates":[[-115.11601,36.17168],[-115.11603,36.17207]]}},{"type":"Feature","properties":{"name":"South Las Vegas Boulevard","highway":"primary","osm":"way/1059801988"},"geometry":{"type":"LineString","coordinates":[[-115.17267,36.11961],[-115.17276,36.11926]]}},{"type":"Feature","properties":{"name":"East Charleston Boulevard","highway":"primary","osm":"way/1059892324"},"geometry":{"type":"LineString","coordinates":[[-115.12439,36.15891],[-115.12453,36.15891]]}},{"type":"Feature","properties":{"name":"East Charleston Boulevard","highway":"primary","osm":"way/1059892325"},"geometry":{"type":"LineString","coordinates":[[-115.12453,36.15891],[-115.12497,36.15891]]}},{"type":"Feature","properties":{"name":"South Bruce Street","highway":"tertiary","osm":"way/1059892326"},"geometry":{"type":"LineString","coordinates":[[-115.12497,36.15881],[-115.12497,36.15891]]}},{"type":"Feature","properties":{"name":"East Charleston Boulevard","highway":"primary","osm":"way/1059892327"},"geometry":{"type":"LineString","coordinates":[[-115.12497,36.15891],[-115.12508,36.15892]]}},{"type":"Feature","properties":{"name":"South Bruce Street","highway":"tertiary","osm":"way/1059892328"},"geometry":{"type":"LineString","coordinates":[[-115.12508,36.15892],[-115.12508,36.15881]]}},{"type":"Feature","properties":{"name":"East Desert Inn Road","highway":"primary","osm":"way/1060501794"},"geometry":{"type":"LineString","coordinates":[[-115.13517,36.12979],[-115.13579,36.12986]]}},{"type":"Feature","properties":{"name":"Resorts World Avenue","highway":"tertiary","osm":"way/1060520211"},"geometry":{"type":"LineString","coordinates":[[-115.16345,36.13456],[-115.16432,36.13495]]}},{"type":"Feature","properties":{"name":"Resorts World Avenue","highway":"tertiary","osm":"way/1060520220"},"geometry":{"type":"LineString","coordinates":[[-115.16454,36.1349],[-115.16352,36.13445]]}},{"type":"Feature","properties":{"name":"Resorts World Avenue","highway":"tertiary","osm":"way/1060520235"},"geometry":{"type":"LineString","coordinates":[[-115.16432,36.13495],[-115.16476,36.13531]]}},{"type":"Feature","properties":{"name":"Resorts World Avenue","highway":"tertiary","osm":"way/1060520236"},"geometry":{"type":"LineString","coordinates":[[-115.16491,36.13522],[-115.16454,36.1349]]}},{"type":"Feature","properties":{"name":"Resorts Worlds Avenue","highway":"tertiary","osm":"way/1060520239"},"geometry":{"type":"LineString","coordinates":[[-115.16328,36.13447],[-115.16345,36.13456]]}},{"type":"Feature","properties":{"name":"South Las Vegas Boulevard","highway":"primary","osm":"way/1060520240"},"geometry":{"type":"LineString","coordinates":[[-115.16345,36.13456],[-115.16352,36.13445]]}},{"type":"Feature","properties":{"name":"Clark Avenue","highway":"secondary","osm":"way/1060527514"},"geometry":{"type":"LineString","coordinates":[[-115.13579,36.16118],[-115.1363,36.16139]]}},{"type":"Feature","properties":{"name":"North Las Vegas Boulevard","highway":"primary","osm":"way/1060538151"},"geometry":{"type":"LineString","coordinates":[[-115.13403,36.18213],[-115.13414,36.18176]]}},{"type":"Feature","properties":{"name":"East Washington Avenue","highway":"primary","osm":"way/1060538152"},"geometry":{"type":"LineString","coordinates":[[-115.13409,36.18127],[-115.13422,36.18126]]}},{"type":"Feature","properties":{"name":"North Las Vegas Boulevard","highway":"primary","osm":"way/1060538153"},"geometry":{"type":"LineString","coordinates":[[-115.13422,36.18126],[-115.13425,36.18113]]}},{"type":"Feature","properties":{"name":"East Charleston Boulevard","highway":"primary","osm":"way/1061023773"},"geometry":{"type":"LineString","coordinates":[[-115.13198,36.15888],[-115.13214,36.15894]]}},{"type":"Feature","properties":{"name":null,"highway":"motorway_link","osm":"way/1061992823"},"geometry":{"type":"LineString","coordinates":[[-115.17825,36.12587],[-115.17795,36.12586]]}},{"type":"Feature","properties":{"name":null,"highway":"motorway_link","osm":"way/1061993494"},"geometry":{"type":"LineString","coordinates":[[-115.12044,36.1677],[-115.12004,36.16767]]}},{"type":"Feature","properties":{"name":"Mel Tormé Way","highway":"unclassified","osm":"way/1064060639"},"geometry":{"type":"LineString","coordinates":[[-115.17325,36.12454],[-115.17325,36.12414]]}},{"type":"Feature","properties":{"name":"North Eastern Avenue","highway":"primary","osm":"way/1064330278"},"geometry":{"type":"LineString","coordinates":[[-115.11611,36.17323],[-115.11612,36.17336]]}},{"type":"Feature","properties":{"name":null,"highway":"primary_link","osm":"way/1065039351"},"geometry":{"type":"LineString","coordinates":[[-115.14614,36.17193],[-115.1461,36.17221]]}},{"type":"Feature","properties":{"name":"North Main Street","highway":"primary","osm":"way/1065039352"},"geometry":{"type":"LineString","coordinates":[[-115.14567,36.17288],[-115.14582,36.17265]]}},{"type":"Feature","properties":{"name":"Arena Drive","highway":"unclassified","osm":"way/1065412899"},"geometry":{"type":"LineString","coordinates":[[-115.17925,36.10167],[-115.17883,36.10154]]}},{"type":"Feature","properties":{"name":"Arena Drive","highway":"unclassified","osm":"way/1065412901"},"geometry":{"type":"LineString","coordinates":[[-115.17883,36.10154],[-115.17852,36.10137]]}},{"type":"Feature","properties":{"name":"Iron Horse Court","highway":"secondary","osm":"way/1066826680"},"geometry":{"type":"LineString","coordinates":[[-115.15813,36.16042],[-115.15718,36.16057],[-115.15707,36.16122]]}},{"type":"Feature","properties":{"name":"Paradise Road","highway":"primary","osm":"way/1066904137"},"geometry":{"type":"LineString","coordinates":[[-115.14965,36.10062],[-115.14961,36.10048]]}},{"type":"Feature","properties":{"name":"West Owens Avenue","highway":"secondary","osm":"way/1067105155"},"geometry":{"type":"LineString","coordinates":[[-115.15533,36.18842],[-115.1558,36.18849]]}},{"type":"Feature","properties":{"name":"J Street","highway":"tertiary","osm":"way/1067105156"},"geometry":{"type":"LineString","coordinates":[[-115.15633,36.18886],[-115.15633,36.18932]]}},{"type":"Feature","properties":{"name":"West Owens Avenue","highway":"secondary","osm":"way/1067105157"},"geometry":{"type":"LineString","coordinates":[[-115.1558,36.18849],[-115.15633,36.18849]]}},{"type":"Feature","properties":{"name":"West Owens Avenue","highway":"secondary","osm":"way/1067105158"},"geometry":{"type":"LineString","coordinates":[[-115.15633,36.18849],[-115.15705,36.1885]]}},{"type":"Feature","properties":{"name":"West Owens Avenue","highway":"secondary","osm":"way/1067105160"},"geometry":{"type":"LineString","coordinates":[[-115.15705,36.1885],[-115.15725,36.1885]]}},{"type":"Feature","properties":{"name":"West Owens Avenue","highway":"secondary","osm":"way/1067105161"},"geometry":{"type":"LineString","coordinates":[[-115.15725,36.1885],[-115.15816,36.18851]]}},{"type":"Feature","properties":{"name":"West Owens Avenue","highway":"secondary","osm":"way/1067105162"},"geometry":{"type":"LineString","coordinates":[[-115.15816,36.18851],[-115.15848,36.18851]]}},{"type":"Feature","properties":{"name":"West Owens Avenue","highway":"secondary","osm":"way/1067113657"},"geometry":{"type":"LineString","coordinates":[[-115.16052,36.1884],[-115.15885,36.18839]]}},{"type":"Feature","properties":{"name":"West Owens Avenue","highway":"secondary","osm":"way/1067113658"},"geometry":{"type":"LineString","coordinates":[[-115.15885,36.18839],[-115.15848,36.18838]]}},{"type":"Feature","properties":{"name":"West Owens Avenue","highway":"secondary","osm":"way/1067113659"},"geometry":{"type":"LineString","coordinates":[[-115.15848,36.18838],[-115.15748,36.18838]]}},{"type":"Feature","properties":{"name":"West Owens Avenue","highway":"secondary","osm":"way/1067113660"},"geometry":{"type":"LineString","coordinates":[[-115.15748,36.18838],[-115.15725,36.18838]]}},{"type":"Feature","properties":{"name":"West Owens Avenue","highway":"secondary","osm":"way/1067113661"},"geometry":{"type":"LineString","coordinates":[[-115.15678,36.18838],[-115.15632,36.18837]]}},{"type":"Feature","properties":{"name":"J Street","highway":"tertiary","osm":"way/1067113662"},"geometry":{"type":"LineString","coordinates":[[-115.15632,36.18837],[-115.15633,36.18849]]}},{"type":"Feature","properties":{"name":"West Owens Avenue","highway":"secondary","osm":"way/1067113663"},"geometry":{"type":"LineString","coordinates":[[-115.15725,36.18838],[-115.15678,36.18838]]}},{"type":"Feature","properties":{"name":"South Eastern Avenue","highway":"primary","osm":"way/1067845097"},"geometry":{"type":"LineString","coordinates":[[-115.11899,36.15877],[-115.11899,36.15809]]}},{"type":"Feature","properties":{"name":"Ballard Drive","highway":"residential","osm":"way/1067845098"},"geometry":{"type":"LineString","coordinates":[[-115.11897,36.15774],[-115.11881,36.15773]]}},{"type":"Feature","properties":{"name":"South Eastern Avenue","highway":"primary","osm":"way/1067845099"},"geometry":{"type":"LineString","coordinates":[[-115.11899,36.15809],[-115.11897,36.15774]]}},{"type":"Feature","properties":{"name":"South Eastern Avenue","highway":"primary","osm":"way/1067845100"},"geometry":{"type":"LineString","coordinates":[[-115.11897,36.15774],[-115.11896,36.15625]]}},{"type":"Feature","properties":{"name":"Houston Drive","highway":"residential","osm":"way/1067845101"},"geometry":{"type":"LineString","coordinates":[[-115.11896,36.15587],[-115.11879,36.15587]]}},{"type":"Feature","properties":{"name":"South Eastern Avenue","highway":"primary","osm":"way/1067845102"},"geometry":{"type":"LineString","coordinates":[[-115.11896,36.15625],[-115.11896,36.15587]]}},{"type":"Feature","properties":{"name":"South Eastern Avenue","highway":"primary","osm":"way/1067845103"},"geometry":{"type":"LineString","coordinates":[[-115.11896,36.15587],[-115.11895,36.15485]]}},{"type":"Feature","properties":{"name":"Clark Avenue","highway":"secondary","osm":"way/1067916299"},"geometry":{"type":"LineString","coordinates":[[-115.14255,36.16408],[-115.14366,36.16456]]}},{"type":"Feature","properties":{"name":"East Bonanza Road","highway":"secondary","osm":"way/1068403938"},"geometry":{"type":"LineString","coordinates":[[-115.11615,36.17402],[-115.11628,36.17403]]}},{"type":"Feature","properties":{"name":"North Eastern Avenue","highway":"primary","osm":"way/1068403939"},"geometry":{"type":"LineString","coordinates":[[-115.11628,36.17403],[-115.11628,36.17387]]}},{"type":"Feature","properties":{"name":"North Las Vegas Boulevard","highway":"primary","osm":"way/1068439470"},"geometry":{"type":"LineString","coordinates":[[-115.13689,36.17512],[-115.13661,36.17553]]}},{"type":"Feature","properties":{"name":"North Las Vegas Boulevard","highway":"primary","osm":"way/1068439471"},"geometry":{"type":"LineString","coordinates":[[-115.13661,36.17553],[-115.13639,36.17586]]}},{"type":"Feature","properties":{"name":null,"highway":"primary_link","osm":"way/1068439472"},"geometry":{"type":"LineString","coordinates":[[-115.13538,36.17762],[-115.13556,36.17756]]}},{"type":"Feature","properties":{"name":"North Las Vegas Boulevard","highway":"primary","osm":"way/1068439473"},"geometry":{"type":"LineString","coordinates":[[-115.13639,36.17586],[-115.13561,36.17715]]}},{"type":"Feature","properties":{"name":"North Las Vegas Boulevard","highway":"primary","osm":"way/1068439474"},"geometry":{"type":"LineString","coordinates":[[-115.13561,36.17715],[-115.13538,36.17762]]}},{"type":"Feature","properties":{"name":"North Las Vegas Boulevard","highway":"primary","osm":"way/1068439475"},"geometry":{"type":"LineString","coordinates":[[-115.13538,36.17762],[-115.13504,36.17846]]}},{"type":"Feature","properties":{"name":"North Las Vegas Boulevard","highway":"primary","osm":"way/1068439476"},"geometry":{"type":"LineString","coordinates":[[-115.13504,36.17846],[-115.13495,36.17869]]}},{"type":"Feature","properties":{"name":"North Las Vegas Boulevard","highway":"primary","osm":"way/1068439477"},"geometry":{"type":"LineString","coordinates":[[-115.13495,36.17869],[-115.13471,36.17936]]}},{"type":"Feature","properties":{"name":"North Las Vegas Boulevard","highway":"primary","osm":"way/1068439478"},"geometry":{"type":"LineString","coordinates":[[-115.13471,36.17936],[-115.13456,36.17977]]}},{"type":"Feature","properties":{"name":null,"highway":"primary_link","osm":"way/1068439479"},"geometry":{"type":"LineString","coordinates":[[-115.13468,36.1798],[-115.13456,36.17977]]}},{"type":"Feature","properties":{"name":"North Las Vegas Boulevard","highway":"primary","osm":"way/1068439480"},"geometry":{"type":"LineString","coordinates":[[-115.13456,36.17977],[-115.1343,36.18054]]}},{"type":"Feature","properties":{"name":"North Las Vegas Boulevard","highway":"primary","osm":"way/1068439481"},"geometry":{"type":"LineString","coordinates":[[-115.1343,36.18054],[-115.13413,36.18113]]}},{"type":"Feature","properties":{"name":"North Las Vegas Boulevard","highway":"primary","osm":"way/1068439482"},"geometry":{"type":"LineString","coordinates":[[-115.13413,36.18113],[-115.13409,36.18127]]}},{"type":"Feature","properties":{"name":"North Bruce Street","highway":"secondary","osm":"way/1069927628"},"geometry":{"type":"LineString","coordinates":[[-115.12512,36.18631],[-115.12513,36.18513]]}},{"type":"Feature","properties":{"name":"North Bruce Street","highway":"secondary","osm":"way/1069927629"},"geometry":{"type":"LineString","coordinates":[[-115.12512,36.18662],[-115.12512,36.18631]]}},{"type":"Feature","properties":{"name":"North Bruce Street","highway":"secondary","osm":"way/1069927630"},"geometry":{"type":"LineString","coordinates":[[-115.12513,36.18513],[-115.12513,36.18483]]}},{"type":"Feature","properties":{"name":"Garces Avenue","highway":"tertiary","osm":"way/1070032434"},"geometry":{"type":"LineString","coordinates":[[-115.14519,36.16223],[-115.14467,36.16201]]}},{"type":"Feature","properties":{"name":"Garces Avenue","highway":"tertiary","osm":"way/1070032436"},"geometry":{"type":"LineString","coordinates":[[-115.14467,36.16201],[-115.14408,36.16175]]}},{"type":"Feature","properties":{"name":"South 6th Street","highway":"tertiary","osm":"way/1070032437"},"geometry":{"type":"LineString","coordinates":[[-115.14331,36.16293],[-115.1434,36.16278]]}},{"type":"Feature","properties":{"name":"East Bonneville Avenue","highway":"secondary","osm":"way/1070032438"},"geometry":{"type":"LineString","coordinates":[[-115.14442,36.16341],[-115.14389,36.16318]]}},{"type":"Feature","properties":{"name":"East Bonneville Avenue","highway":"secondary","osm":"way/1070032439"},"geometry":{"type":"LineString","coordinates":[[-115.14389,36.16318],[-115.14331,36.16293]]}},{"type":"Feature","properties":{"name":"South 6th Street","highway":"tertiary","osm":"way/1070032440"},"geometry":{"type":"LineString","coordinates":[[-115.1423,36.16447],[-115.14255,36.16408]]}},{"type":"Feature","properties":{"name":"Lewis Avenue","highway":"unclassified","osm":"way/1070032443"},"geometry":{"type":"LineString","coordinates":[[-115.14179,36.16525],[-115.14125,36.16501]]}},{"type":"Feature","properties":{"name":"South 7th Street","highway":"tertiary","osm":"way/1070032444"},"geometry":{"type":"LineString","coordinates":[[-115.1399,36.16593],[-115.14068,36.16477]]}},{"type":"Feature","properties":{"name":"Bridger Avenue","highway":"tertiary","osm":"way/1070032445"},"geometry":{"type":"LineString","coordinates":[[-115.14213,36.16689],[-115.14104,36.16642]]}},{"type":"Feature","properties":{"name":"Bridger Avenue","highway":"tertiary","osm":"way/1070032446"},"geometry":{"type":"LineString","coordinates":[[-115.13983,36.1659],[-115.13906,36.16557]]}},{"type":"Feature","properties":{"name":"Clark Avenue","highway":"secondary","osm":"way/1070032447"},"geometry":{"type":"LineString","coordinates":[[-115.13913,36.16261],[-115.14142,36.1636]]}},{"type":"Feature","properties":{"name":"Clark Avenue","highway":"secondary","osm":"way/1070032448"},"geometry":{"type":"LineString","coordinates":[[-115.13861,36.16239],[-115.13913,36.16261]]}},{"type":"Feature","properties":{"name":"Garces Avenue","highway":"residential","osm":"way/1070032449"},"geometry":{"type":"LineString","coordinates":[[-115.14013,36.16006],[-115.13839,36.15931]]}},{"type":"Feature","properties":{"name":"South 9th Street","highway":"residential","osm":"way/1070032450"},"geometry":{"type":"LineString","coordinates":[[-115.14094,36.15989],[-115.14146,36.15913]]}},{"type":"Feature","properties":{"name":"Garces Avenue","highway":"residential","osm":"way/1070032451"},"geometry":{"type":"LineString","coordinates":[[-115.14067,36.16028],[-115.14013,36.16006]]}},{"type":"Feature","properties":{"name":"South 9th Street","highway":"residential","osm":"way/1070032452"},"geometry":{"type":"LineString","coordinates":[[-115.14067,36.16028],[-115.14094,36.15989]]}},{"type":"Feature","properties":{"name":"South 8th Street","highway":"tertiary","osm":"way/1070032454"},"geometry":{"type":"LineString","coordinates":[[-115.14208,36.16037],[-115.14259,36.15963]]}},{"type":"Feature","properties":{"name":"South 8th Street","highway":"tertiary","osm":"way/1070032455"},"geometry":{"type":"LineString","coordinates":[[-115.1418,36.16077],[-115.14208,36.16037]]}},{"type":"Feature","properties":{"name":"Garces Avenue","highway":"residential","osm":"way/1070032456"},"geometry":{"type":"LineString","coordinates":[[-115.1418,36.16077],[-115.14067,36.16028]]}},{"type":"Feature","properties":{"name":"Garces Avenue","highway":"residential","osm":"way/1070032457"},"geometry":{"type":"LineString","coordinates":[[-115.1424,36.16103],[-115.1418,36.16077]]}},{"type":"Feature","properties":{"name":"South 7th Street","highway":"residential","osm":"way/1070032459"},"geometry":{"type":"LineString","coordinates":[[-115.1437,36.1601],[-115.1445,36.1589]]}},{"type":"Feature","properties":{"name":"Gass Avenue","highway":"tertiary","osm":"way/1070032460"},"geometry":{"type":"LineString","coordinates":[[-115.14486,36.1606],[-115.1437,36.1601]]}},{"type":"Feature","properties":{"name":"Gass Avenue","highway":"tertiary","osm":"way/1070032461"},"geometry":{"type":"LineString","coordinates":[[-115.1437,36.1601],[-115.14316,36.15987]]}},{"type":"Feature","properties":{"name":"South 7th Street","highway":"residential","osm":"way/1070032462"},"geometry":{"type":"LineString","coordinates":[[-115.14335,36.16065],[-115.1437,36.1601]]}},{"type":"Feature","properties":{"name":"Garces Avenue","highway":"residential","osm":"way/1070032465"},"geometry":{"type":"LineString","coordinates":[[-115.14408,36.16175],[-115.14355,36.16152]]}},{"type":"Feature","properties":{"name":"Via del Nord","highway":"unclassified","osm":"way/1070292815"},"geometry":{"type":"LineString","coordinates":[[-115.17542,36.11439],[-115.1755,36.11433]]}},{"type":"Feature","properties":{"name":"Via del Nord","highway":"unclassified","osm":"way/1070292816"},"geometry":{"type":"LineString","coordinates":[[-115.1752,36.11441],[-115.17542,36.11439]]}},{"type":"Feature","properties":{"name":"West Flamingo Road","highway":"primary","osm":"way/1070292817"},"geometry":{"type":"LineString","coordinates":[[-115.17518,36.11467],[-115.17442,36.11464]]}},{"type":"Feature","properties":{"name":"South Las Vegas Boulevard","highway":"primary","osm":"way/1070293856"},"geometry":{"type":"LineString","coordinates":[[-115.16703,36.12874],[-115.16602,36.13027]]}},{"type":"Feature","properties":{"name":"South Las Vegas Boulevard","highway":"primary","osm":"way/1070293857"},"geometry":{"type":"LineString","coordinates":[[-115.1672,36.12882],[-115.16765,36.12813]]}},{"type":"Feature","properties":{"name":"Howard Hughes Parkway","highway":"tertiary","osm":"way/1070297412"},"geometry":{"type":"LineString","coordinates":[[-115.15761,36.12176],[-115.15756,36.12189]]}},{"type":"Feature","properties":{"name":"Country Club Lane","highway":"unclassified","osm":"way/1070297414"},"geometry":{"type":"LineString","coordinates":[[-115.15756,36.12221],[-115.15768,36.12193]]}},{"type":"Feature","properties":{"name":"Country Club Lane","highway":"unclassified","osm":"way/1070297415"},"geometry":{"type":"LineString","coordinates":[[-115.15756,36.12221],[-115.15763,36.12237]]}},{"type":"Feature","properties":{"name":"South Las Vegas Boulevard","highway":"primary","osm":"way/1071482657"},"geometry":{"type":"LineString","coordinates":[[-115.16967,36.12509],[-115.17043,36.12391]]}},{"type":"Feature","properties":{"name":"South Las Vegas Boulevard","highway":"primary","osm":"way/1071482658"},"geometry":{"type":"LineString","coordinates":[[-115.17043,36.12391],[-115.17076,36.12341]]}},{"type":"Feature","properties":{"name":"South Las Vegas Boulevard","highway":"primary","osm":"way/1071482659"},"geometry":{"type":"LineString","coordinates":[[-115.17076,36.12341],[-115.17083,36.1233]]}},{"type":"Feature","properties":{"name":"South Las Vegas Boulevard","highway":"primary","osm":"way/1071482660"},"geometry":{"type":"LineString","coordinates":[[-115.17083,36.1233],[-115.17095,36.12313]]}},{"type":"Feature","properties":{"name":"South Las Vegas Boulevard","highway":"primary","osm":"way/1071482661"},"geometry":{"type":"LineString","coordinates":[[-115.17132,36.12261],[-115.17149,36.12237]]}},{"type":"Feature","properties":{"name":"South Las Vegas Boulevard","highway":"primary","osm":"way/1071482662"},"geometry":{"type":"LineString","coordinates":[[-115.17149,36.12237],[-115.17164,36.12216]]}},{"type":"Feature","properties":{"name":"South Las Vegas Boulevard","highway":"primary","osm":"way/1071482663"},"geometry":{"type":"LineString","coordinates":[[-115.17233,36.12063],[-115.17252,36.1201]]}},{"type":"Feature","properties":{"name":null,"highway":"primary_link","osm":"way/1071867032"},"geometry":{"type":"LineString","coordinates":[[-115.17117,36.1234],[-115.17095,36.12313]]}},{"type":"Feature","properties":{"name":"Mystère Dreams Avenue","highway":"unclassified","osm":"way/1071867033"},"geometry":{"type":"LineString","coordinates":[[-115.17117,36.1234],[-115.17083,36.1233]]}},{"type":"Feature","properties":{"name":"Mystère Dreams Avenue","highway":"unclassified","osm":"way/1071867034"},"geometry":{"type":"LineString","coordinates":[[-115.1713,36.12346],[-115.17117,36.1234]]}},{"type":"Feature","properties":{"name":"Mystère Dreams Avenue","highway":"unclassified","osm":"way/1071867035"},"geometry":{"type":"LineString","coordinates":[[-115.17311,36.12382],[-115.17263,36.12363]]}},{"type":"Feature","properties":{"name":"Convention Center Drive","highway":"tertiary","osm":"way/1072250109"},"geometry":{"type":"LineString","coordinates":[[-115.15492,36.13235],[-115.15573,36.13235]]}},{"type":"Feature","properties":{"name":"Convention Center Drive","highway":"tertiary","osm":"way/1072250110"},"geometry":{"type":"LineString","coordinates":[[-115.15589,36.13224],[-115.15492,36.13223]]}},{"type":"Feature","properties":{"name":"Convention Center Drive","highway":"tertiary","osm":"way/1072250111"},"geometry":{"type":"LineString","coordinates":[[-115.15492,36.13223],[-115.15473,36.13222]]}},{"type":"Feature","properties":{"name":"Paradise Road","highway":"primary","osm":"way/1072250112"},"geometry":{"type":"LineString","coordinates":[[-115.15492,36.13223],[-115.15491,36.1308]]}},{"type":"Feature","properties":{"name":null,"highway":"primary_link","osm":"way/1072659101"},"geometry":{"type":"LineString","coordinates":[[-115.15863,36.15895],[-115.15894,36.1589]]}},{"type":"Feature","properties":{"name":"West Owens Avenue","highway":"secondary","osm":"way/1074101723"},"geometry":{"type":"LineString","coordinates":[[-115.14475,36.18847],[-115.14659,36.18848]]}},{"type":"Feature","properties":{"name":"D Street","highway":"tertiary","osm":"way/1074101724"},"geometry":{"type":"LineString","coordinates":[[-115.14699,36.18191],[-115.14721,36.18802]]}},{"type":"Feature","properties":{"name":"West Owens Avenue","highway":"secondary","osm":"way/1074101725"},"geometry":{"type":"LineString","coordinates":[[-115.14659,36.18848],[-115.14723,36.18848]]}},{"type":"Feature","properties":{"name":"West Owens Avenue","highway":"secondary","osm":"way/1074101726"},"geometry":{"type":"LineString","coordinates":[[-115.15197,36.18847],[-115.15301,36.18841]]}},{"type":"Feature","properties":{"name":"West Owens Avenue","highway":"secondary","osm":"way/1074101727"},"geometry":{"type":"LineString","coordinates":[[-115.15148,36.18847],[-115.15186,36.18846]]}},{"type":"Feature","properties":{"name":"West Owens Avenue","highway":"secondary","osm":"way/1074101728"},"geometry":{"type":"LineString","coordinates":[[-115.15186,36.18846],[-115.15197,36.18847]]}},{"type":"Feature","properties":{"name":"South Las Vegas Boulevard","highway":"primary","osm":"way/1074799134"},"geometry":{"type":"LineString","coordinates":[[-115.17234,36.12008],[-115.17183,36.12132]]}},{"type":"Feature","properties":{"name":"East Washington Avenue","highway":"secondary","osm":"way/1076043560"},"geometry":{"type":"LineString","coordinates":[[-115.10878,36.18116],[-115.1104,36.18119]]}},{"type":"Feature","properties":{"name":"East Owens Avenue","highway":"secondary","osm":"way/1076529584"},"geometry":{"type":"LineString","coordinates":[[-115.1149,36.18846],[-115.11605,36.18854]]}},{"type":"Feature","properties":{"name":"North Eastern Avenue","highway":"primary","osm":"way/1076529585"},"geometry":{"type":"LineString","coordinates":[[-115.11605,36.18843],[-115.11605,36.18849]]}},{"type":"Feature","properties":{"name":"Civic Center Drive","highway":"primary","osm":"way/1076529586"},"geometry":{"type":"LineString","coordinates":[[-115.11605,36.18854],[-115.11609,36.18979]]}},{"type":"Feature","properties":{"name":"Stanley Avenue","highway":"residential","osm":"way/1076529587"},"geometry":{"type":"LineString","coordinates":[[-115.11615,36.18998],[-115.11609,36.18998]]}},{"type":"Feature","properties":{"name":"Civic Center Drive","highway":"primary","osm":"way/1076529588"},"geometry":{"type":"LineString","coordinates":[[-115.11609,36.18979],[-115.11609,36.18998]]}},{"type":"Feature","properties":{"name":"Civic Center Drive","highway":"primary","osm":"way/1076529589"},"geometry":{"type":"LineString","coordinates":[[-115.11609,36.18998],[-115.1161,36.1905]]}},{"type":"Feature","properties":{"name":"21st Street","highway":"residential","osm":"way/1076838621"},"geometry":{"type":"LineString","coordinates":[[-115.12059,36.17017],[-115.1206,36.17061]]}},{"type":"Feature","properties":{"name":"Convention Center Drive","highway":"tertiary","osm":"way/1077672934"},"geometry":{"type":"LineString","coordinates":[[-115.16368,36.13239],[-115.16455,36.13258]]}},{"type":"Feature","properties":{"name":"Convention Center Drive","highway":"tertiary","osm":"way/1077672935"},"geometry":{"type":"LineString","coordinates":[[-115.16461,36.13249],[-115.16368,36.1323]]}},{"type":"Feature","properties":{"name":"South Las Vegas Boulevard","highway":"primary","osm":"way/1077672936"},"geometry":{"type":"LineString","coordinates":[[-115.16473,36.13267],[-115.1648,36.13256]]}},{"type":"Feature","properties":{"name":"Convention Center Drive","highway":"tertiary","osm":"way/1077672937"},"geometry":{"type":"LineString","coordinates":[[-115.16455,36.13258],[-115.16473,36.13267]]}},{"type":"Feature","properties":{"name":"South Las Vegas Boulevard","highway":"primary","osm":"way/1077672938"},"geometry":{"type":"LineString","coordinates":[[-115.16455,36.13258],[-115.1637,36.13383]]}},{"type":"Feature","properties":{"name":"Purple Heart Highway","highway":"motorway","osm":"way/1079401105"},"geometry":{"type":"LineString","coordinates":[[-115.13305,36.17146],[-115.13148,36.17072]]}},{"type":"Feature","properties":{"name":"Aria Place","highway":"unclassified","osm":"way/1081676692"},"geometry":{"type":"LineString","coordinates":[[-115.17418,36.10669],[-115.17334,36.10646]]}},{"type":"Feature","properties":{"name":"Aria Place","highway":"unclassified","osm":"way/1081676693"},"geometry":{"type":"LineString","coordinates":[[-115.17334,36.10646],[-115.17317,36.10641]]}},{"type":"Feature","properties":{"name":"South Las Vegas Boulevard","highway":"primary","osm":"way/1081739954"},"geometry":{"type":"LineString","coordinates":[[-115.16533,36.13135],[-115.16527,36.13145]]}},{"type":"Feature","properties":{"name":null,"highway":"secondary_link","osm":"way/1082928722"},"geometry":{"type":"LineString","coordinates":[[-115.1271,36.17812],[-115.12707,36.17825]]}},{"type":"Feature","properties":{"name":"North Maryland Parkway","highway":"secondary","osm":"way/1082928723"},"geometry":{"type":"LineString","coordinates":[[-115.1305,36.17408],[-115.1305,36.17496]]}},{"type":"Feature","properties":{"name":"North Maryland Parkway","highway":"secondary","osm":"way/1082928724"},"geometry":{"type":"LineString","coordinates":[[-115.1305,36.17496],[-115.1305,36.17546]]}},{"type":"Feature","properties":{"name":"North Maryland Parkway","highway":"secondary","osm":"way/1082928725"},"geometry":{"type":"LineString","coordinates":[[-115.1305,36.17546],[-115.1305,36.17576]]}},{"type":"Feature","properties":{"name":"North Maryland Parkway","highway":"secondary","osm":"way/1082928727"},"geometry":{"type":"LineString","coordinates":[[-115.1305,36.17576],[-115.13038,36.17731],[-115.12985,36.17786],[-115.12912,36.17811]]}},{"type":"Feature","properties":{"name":"North Maryland Parkway","highway":"secondary","osm":"way/1082928728"},"geometry":{"type":"LineString","coordinates":[[-115.12912,36.17811],[-115.1279,36.17812]]}},{"type":"Feature","properties":{"name":"Audrie Street","highway":"unclassified","osm":"way/1082941295"},"geometry":{"type":"LineString","coordinates":[[-115.16949,36.11319],[-115.16764,36.11318]]}},{"type":"Feature","properties":{"name":"Audrie Street","highway":"unclassified","osm":"way/1082941296"},"geometry":{"type":"LineString","coordinates":[[-115.16962,36.11319],[-115.16949,36.11319]]}},{"type":"Feature","properties":{"name":"Purple Heart Highway","highway":"motorway","osm":"way/1083435968"},"geometry":{"type":"LineString","coordinates":[[-115.12044,36.1678],[-115.11857,36.16781]]}},{"type":"Feature","properties":{"name":"North Eastern Avenue","highway":"primary","osm":"way/1083728182"},"geometry":{"type":"LineString","coordinates":[[-115.11616,36.18486],[-115.11616,36.18412]]}},{"type":"Feature","properties":{"name":"North Eastern Avenue","highway":"primary","osm":"way/1083728183"},"geometry":{"type":"LineString","coordinates":[[-115.11616,36.18412],[-115.11615,36.18373]]}},{"type":"Feature","properties":{"name":"North Eastern Avenue","highway":"primary","osm":"way/1083728184"},"geometry":{"type":"LineString","coordinates":[[-115.11615,36.18168],[-115.11615,36.18128]]}},{"type":"Feature","properties":{"name":"North Eastern Avenue","highway":"primary","osm":"way/1083728185"},"geometry":{"type":"LineString","coordinates":[[-115.11615,36.18373],[-115.11615,36.18305]]}},{"type":"Feature","properties":{"name":null,"highway":"primary_link","osm":"way/1083728186"},"geometry":{"type":"LineString","coordinates":[[-115.11598,36.18262],[-115.11615,36.18305]]}},{"type":"Feature","properties":{"name":"Coolidge Avenue","highway":"unclassified","osm":"way/1083769198"},"geometry":{"type":"LineString","coordinates":[[-115.15087,36.1602],[-115.15035,36.15998]]}},{"type":"Feature","properties":{"name":"South 6th Street","highway":"tertiary","osm":"way/1084568756"},"geometry":{"type":"LineString","coordinates":[[-115.14575,36.1589],[-115.14584,36.15911]]}},{"type":"Feature","properties":{"name":"South 6th Street","highway":"tertiary","osm":"way/1084568757"},"geometry":{"type":"LineString","coordinates":[[-115.14584,36.15911],[-115.14607,36.1589]]}},{"type":"Feature","properties":{"name":"Bridger Avenue","highway":"tertiary","osm":"way/1085600773"},"geometry":{"type":"LineString","coordinates":[[-115.14104,36.16642],[-115.14001,36.16598]]}},{"type":"Feature","properties":{"name":"South 6th Street","highway":"tertiary","osm":"way/1085600774"},"geometry":{"type":"LineString","coordinates":[[-115.14122,36.16614],[-115.1423,36.16447]]}},{"type":"Feature","properties":{"name":"South 6th Street","highway":"tertiary","osm":"way/1085600775"},"geometry":{"type":"LineString","coordinates":[[-115.14091,36.1666],[-115.14104,36.16642]]}},{"type":"Feature","properties":{"name":"Horseshoe Drive","highway":"unclassified","osm":"way/1087159766"},"geometry":{"type":"LineString","coordinates":[[-115.17123,36.1146],[-115.17129,36.11417]]}},{"type":"Feature","properties":{"name":"Horseshoe Drive","highway":"unclassified","osm":"way/1087159771"},"geometry":{"type":"LineString","coordinates":[[-115.17129,36.11417],[-115.17129,36.11412]]}},{"type":"Feature","properties":{"name":"LINQ Lane","highway":"unclassified","osm":"way/1087830301"},"geometry":{"type":"LineString","coordinates":[[-115.16795,36.11739],[-115.16793,36.1166]]}},{"type":"Feature","properties":{"name":"Meyer Street","highway":"residential","osm":"way/1089800122"},"geometry":{"type":"LineString","coordinates":[[-115.1104,36.18119],[-115.11035,36.18362]]}},{"type":"Feature","properties":{"name":"East Washington Avenue","highway":"secondary","osm":"way/1089800123"},"geometry":{"type":"LineString","coordinates":[[-115.1104,36.18119],[-115.11488,36.18126]]}},{"type":"Feature","properties":{"name":"South Maryland Parkway","highway":"primary","osm":"way/1092266591"},"geometry":{"type":"LineString","coordinates":[[-115.13697,36.09677],[-115.13696,36.09615]]}},{"type":"Feature","properties":{"name":"South Maryland Parkway","highway":"primary","osm":"way/1092266592"},"geometry":{"type":"LineString","coordinates":[[-115.13696,36.09615],[-115.13696,36.09574]]}},{"type":"Feature","properties":{"name":"South Maryland Parkway","highway":"primary","osm":"way/1092266593"},"geometry":{"type":"LineString","coordinates":[[-115.13696,36.09574],[-115.13696,36.09562]]}},{"type":"Feature","properties":{"name":"South Maryland Parkway","highway":"primary","osm":"way/1092266594"},"geometry":{"type":"LineString","coordinates":[[-115.13696,36.09562],[-115.13694,36.09415]]}},{"type":"Feature","properties":{"name":"South Maryland Parkway","highway":"primary","osm":"way/1092266605"},"geometry":{"type":"LineString","coordinates":[[-115.1368,36.09574],[-115.1368,36.09645]]}},{"type":"Feature","properties":{"name":"South Maryland Parkway","highway":"primary","osm":"way/1092266606"},"geometry":{"type":"LineString","coordinates":[[-115.13679,36.09526],[-115.1368,36.09574]]}},{"type":"Feature","properties":{"name":"South Maryland Parkway","highway":"primary","osm":"way/1092266607"},"geometry":{"type":"LineString","coordinates":[[-115.13681,36.09698],[-115.13681,36.09732]]}},{"type":"Feature","properties":{"name":"North Eastern Avenue","highway":"primary","osm":"way/1092824681"},"geometry":{"type":"LineString","coordinates":[[-115.11615,36.17387],[-115.11615,36.17402]]}},{"type":"Feature","properties":{"name":"North Eastern Avenue","highway":"primary","osm":"way/1092824682"},"geometry":{"type":"LineString","coordinates":[[-115.11629,36.17421],[-115.11628,36.17403]]}},{"type":"Feature","properties":{"name":"East Bonanza Road","highway":"secondary","osm":"way/1092824684"},"geometry":{"type":"LineString","coordinates":[[-115.11729,36.17404],[-115.11749,36.17397]]}},{"type":"Feature","properties":{"name":null,"highway":"residential","osm":"way/1093790177"},"geometry":{"type":"LineString","coordinates":[[-115.14192,36.1247],[-115.14187,36.1247]]}},{"type":"Feature","properties":{"name":"South Casino Center Boulevard","highway":"secondary","osm":"way/1094450910"},"geometry":{"type":"LineString","coordinates":[[-115.15101,36.16026],[-115.15118,36.15979]]}},{"type":"Feature","properties":{"name":"Coolidge Avenue","highway":"unclassified","osm":"way/1094450911"},"geometry":{"type":"LineString","coordinates":[[-115.15121,36.16035],[-115.15101,36.16026]]}},{"type":"Feature","properties":{"name":"South Casino Center Boulevard","highway":"secondary","osm":"way/1094450913"},"geometry":{"type":"LineString","coordinates":[[-115.15064,36.16056],[-115.15011,36.16136]]}},{"type":"Feature","properties":{"name":"MGM Road","highway":"unclassified","osm":"way/1094452568"},"geometry":{"type":"LineString","coordinates":[[-115.16831,36.10406],[-115.16769,36.10406]]}},{"type":"Feature","properties":{"name":"MGM Road","highway":"unclassified","osm":"way/1094452569"},"geometry":{"type":"LineString","coordinates":[[-115.1698,36.10407],[-115.16974,36.10407]]}},{"type":"Feature","properties":{"name":"MGM Road","highway":"unclassified","osm":"way/1094452570"},"geometry":{"type":"LineString","coordinates":[[-115.17279,36.10391],[-115.17189,36.10392]]}},{"type":"Feature","properties":{"name":"MGM Road","highway":"unclassified","osm":"way/1094452571"},"geometry":{"type":"LineString","coordinates":[[-115.17189,36.10392],[-115.17182,36.10394]]}},{"type":"Feature","properties":{"name":"MGM Road","highway":"unclassified","osm":"way/1094452572"},"geometry":{"type":"LineString","coordinates":[[-115.16974,36.10407],[-115.16868,36.10407]]}},{"type":"Feature","properties":{"name":"MGM Road","highway":"unclassified","osm":"way/1094452573"},"geometry":{"type":"LineString","coordinates":[[-115.16868,36.10407],[-115.16831,36.10406]]}},{"type":"Feature","properties":{"name":"MGM Road","highway":"unclassified","osm":"way/1094452574"},"geometry":{"type":"LineString","coordinates":[[-115.16769,36.10406],[-115.16759,36.10406]]}},{"type":"Feature","properties":{"name":"Wilbur Street","highway":"unclassified","osm":"way/1094727676"},"geometry":{"type":"LineString","coordinates":[[-115.14158,36.10127],[-115.14142,36.10095]]}},{"type":"Feature","properties":{"name":"South 6th Street","highway":"tertiary","osm":"way/1094896096"},"geometry":{"type":"LineString","coordinates":[[-115.1434,36.16278],[-115.14408,36.16175]]}},{"type":"Feature","properties":{"name":null,"highway":"primary_link","osm":"way/1096421869"},"geometry":{"type":"LineString","coordinates":[[-115.16006,36.1597],[-115.15995,36.15994]]}},{"type":"Feature","properties":{"name":null,"highway":"primary_link","osm":"way/1096421870"},"geometry":{"type":"LineString","coordinates":[[-115.15986,36.16453],[-115.15945,36.16618]]}},{"type":"Feature","properties":{"name":"Sands Avenue","highway":"secondary","osm":"way/1101647962"},"geometry":{"type":"LineString","coordinates":[[-115.16699,36.12481],[-115.16798,36.12533]]}},{"type":"Feature","properties":{"name":"Sands Avenue","highway":"secondary","osm":"way/1101647963"},"geometry":{"type":"LineString","coordinates":[[-115.16658,36.12416],[-115.16666,36.12434]]}},{"type":"Feature","properties":{"name":"Sands Avenue","highway":"secondary","osm":"way/1101647964"},"geometry":{"type":"LineString","coordinates":[[-115.16666,36.12434],[-115.16689,36.12472]]}},{"type":"Feature","properties":{"name":"Sands Avenue","highway":"secondary","osm":"way/1101647965"},"geometry":{"type":"LineString","coordinates":[[-115.16689,36.12472],[-115.16699,36.12481]]}},{"type":"Feature","properties":{"name":"Sands Avenue","highway":"secondary","osm":"way/1101647966"},"geometry":{"type":"LineString","coordinates":[[-115.16798,36.12533],[-115.16873,36.12547]]}},{"type":"Feature","properties":{"name":"Sands Avenue","highway":"secondary","osm":"way/1101647967"},"geometry":{"type":"LineString","coordinates":[[-115.16873,36.12547],[-115.16915,36.12553]]}},{"type":"Feature","properties":{"name":"Robin Leach Lane","highway":"tertiary","osm":"way/1103511785"},"geometry":{"type":"LineString","coordinates":[[-115.15478,36.16858],[-115.1547,36.16854]]}},{"type":"Feature","properties":{"name":"East Harmon Avenue","highway":"secondary","osm":"way/1109971223"},"geometry":{"type":"LineString","coordinates":[[-115.16998,36.10812],[-115.17114,36.10812]]}},{"type":"Feature","properties":{"name":"Symphony Park Avenue","highway":"tertiary","osm":"way/1109977873"},"geometry":{"type":"LineString","coordinates":[[-115.15362,36.17038],[-115.15373,36.17043]]}},{"type":"Feature","properties":{"name":"West Twain Avenue","highway":"secondary","osm":"way/1111718651"},"geometry":{"type":"LineString","coordinates":[[-115.1818,36.11988],[-115.18145,36.1198]]}},{"type":"Feature","properties":{"name":"Dean Martin Drive","highway":"secondary","osm":"way/1111718652"},"geometry":{"type":"LineString","coordinates":[[-115.18156,36.11959],[-115.18172,36.1185],[-115.1823,36.11757]]}},{"type":"Feature","properties":{"name":"Buccaneer Boulevard","highway":"unclassified","osm":"way/1114889936"},"geometry":{"type":"LineString","coordinates":[[-115.17773,36.12326],[-115.17726,36.1239],[-115.1761,36.12361],[-115.17491,36.12383]]}},{"type":"Feature","properties":{"name":"East Harmon Avenue","highway":"unclassified","osm":"way/1114956200"},"geometry":{"type":"LineString","coordinates":[[-115.15042,36.1079],[-115.14858,36.10788]]}},{"type":"Feature","properties":{"name":"Fremont Street","highway":"primary","osm":"way/1115133952"},"geometry":{"type":"LineString","coordinates":[[-115.10577,36.14972],[-115.11229,36.15545]]}},{"type":"Feature","properties":{"name":"East Flamingo Road","highway":"primary","osm":"way/1115966415"},"geometry":{"type":"LineString","coordinates":[[-115.14727,36.11465],[-115.14638,36.11463]]}},{"type":"Feature","properties":{"name":"South Las Vegas Boulevard","highway":"primary","osm":"way/1119837129"},"geometry":{"type":"LineString","coordinates":[[-115.17305,36.11302],[-115.17308,36.11218]]}},{"type":"Feature","properties":{"name":"East Reno Avenue","highway":"tertiary","osm":"way/1119867009"},"geometry":{"type":"LineString","coordinates":[[-115.17146,36.09731],[-115.17077,36.09731]]}},{"type":"Feature","properties":{"name":"East Reno Avenue","highway":"tertiary","osm":"way/1119867010"},"geometry":{"type":"LineString","coordinates":[[-115.1721,36.09732],[-115.17179,36.09732]]}},{"type":"Feature","properties":{"name":"East Flamingo Road","highway":"primary","osm":"way/1119877275"},"geometry":{"type":"LineString","coordinates":[[-115.17193,36.11473],[-115.17224,36.11474]]}},{"type":"Feature","properties":{"name":"East Flamingo Road","highway":"primary","osm":"way/1120295971"},"geometry":{"type":"LineString","coordinates":[[-115.15652,36.11439],[-115.15825,36.11443]]}},{"type":"Feature","properties":{"name":"Sands Avenue","highway":"secondary","osm":"way/1120502194"},"geometry":{"type":"LineString","coordinates":[[-115.16299,36.12243],[-115.16361,36.12245]]}},{"type":"Feature","properties":{"name":"Sands Avenue","highway":"secondary","osm":"way/1120502195"},"geometry":{"type":"LineString","coordinates":[[-115.16229,36.12241],[-115.16299,36.12243]]}},{"type":"Feature","properties":{"name":"Sands Avenue","highway":"secondary","osm":"way/1120502196"},"geometry":{"type":"LineString","coordinates":[[-115.16361,36.12245],[-115.16404,36.12247]]}},{"type":"Feature","properties":{"name":"East Flamingo Road","highway":"primary","osm":"way/1120504861"},"geometry":{"type":"LineString","coordinates":[[-115.14761,36.11465],[-115.14727,36.11465]]}},{"type":"Feature","properties":{"name":null,"highway":"primary_link","osm":"way/1121210553"},"geometry":{"type":"LineString","coordinates":[[-115.14573,36.18101],[-115.14588,36.18086]]}},{"type":"Feature","properties":{"name":"New York New York","highway":"unclassified","osm":"way/1121213355"},"geometry":{"type":"LineString","coordinates":[[-115.17608,36.10314],[-115.17595,36.10265]]}},{"type":"Feature","properties":{"name":"University Center Drive","highway":"secondary","osm":"way/1121673950"},"geometry":{"type":"LineString","coordinates":[[-115.15042,36.10801],[-115.15044,36.1092]]}},{"type":"Feature","properties":{"name":"East Desert Inn Road","highway":"primary","osm":"way/1122261706"},"geometry":{"type":"LineString","coordinates":[[-115.13848,36.12971],[-115.1381,36.12971]]}},{"type":"Feature","properties":{"name":"East Desert Inn Road","highway":"primary","osm":"way/1122577912"},"geometry":{"type":"LineString","coordinates":[[-115.1562,36.12956],[-115.15493,36.12946]]}},{"type":"Feature","properties":{"name":"East Owens Avenue","highway":"secondary","osm":"way/1123103444"},"geometry":{"type":"LineString","coordinates":[[-115.13488,36.1885],[-115.13531,36.1885]]}},{"type":"Feature","properties":{"name":"North Main Street","highway":"secondary","osm":"way/1123103445"},"geometry":{"type":"LineString","coordinates":[[-115.13539,36.18839],[-115.13531,36.1885]]}},{"type":"Feature","properties":{"name":"East Owens Avenue","highway":"secondary","osm":"way/1123103446"},"geometry":{"type":"LineString","coordinates":[[-115.13531,36.1885],[-115.13546,36.1885]]}},{"type":"Feature","properties":{"name":"Paris Drive","highway":"unclassified","osm":"way/1123943153"},"geometry":{"type":"LineString","coordinates":[[-115.17311,36.11152],[-115.17281,36.11151]]}},{"type":"Feature","properties":{"name":null,"highway":"primary_link","osm":"way/1123954845"},"geometry":{"type":"LineString","coordinates":[[-115.17299,36.10651],[-115.17317,36.10665]]}},{"type":"Feature","properties":{"name":"South Las Vegas Boulevard","highway":"primary","osm":"way/1123959361"},"geometry":{"type":"LineString","coordinates":[[-115.17317,36.10382],[-115.17316,36.1032]]}},{"type":"Feature","properties":{"name":null,"highway":"primary_link","osm":"way/1123959362"},"geometry":{"type":"LineString","coordinates":[[-115.17302,36.10384],[-115.17317,36.10389]]}},{"type":"Feature","properties":{"name":"Wynn Main Gate Drive","highway":"unclassified","osm":"way/1124614071"},"geometry":{"type":"LineString","coordinates":[[-115.16737,36.12738],[-115.16702,36.12723]]}},{"type":"Feature","properties":{"name":"Wynn Main Gate Drive","highway":"unclassified","osm":"way/1124614072"},"geometry":{"type":"LineString","coordinates":[[-115.16728,36.12752],[-115.16749,36.1276]]}},{"type":"Feature","properties":{"name":"Wynn Main Gate Drive","highway":"unclassified","osm":"way/1124614073"},"geometry":{"type":"LineString","coordinates":[[-115.16753,36.12745],[-115.16737,36.12738]]}},{"type":"Feature","properties":{"name":"Goh Tong Way","highway":"unclassified","osm":"way/1124636691"},"geometry":{"type":"LineString","coordinates":[[-115.16945,36.13364],[-115.16976,36.13391]]}},{"type":"Feature","properties":{"name":"Goh Tong Way","highway":"unclassified","osm":"way/1124636692"},"geometry":{"type":"LineString","coordinates":[[-115.16956,36.13359],[-115.16932,36.13306]]}},{"type":"Feature","properties":{"name":"East Desert Inn Road","highway":"primary","osm":"way/1125377514"},"geometry":{"type":"LineString","coordinates":[[-115.14703,36.12952],[-115.14604,36.1297]]}},{"type":"Feature","properties":{"name":"North Eastern Avenue","highway":"primary","osm":"way/1126683297"},"geometry":{"type":"LineString","coordinates":[[-115.11597,36.18113],[-115.11597,36.18128]]}},{"type":"Feature","properties":{"name":"East Owens Avenue","highway":"secondary","osm":"way/1126943957"},"geometry":{"type":"LineString","coordinates":[[-115.11605,36.18843],[-115.1149,36.18846]]}},{"type":"Feature","properties":{"name":"East Owens Avenue","highway":"secondary","osm":"way/1126943958"},"geometry":{"type":"LineString","coordinates":[[-115.12065,36.18852],[-115.12499,36.1885]]}},{"type":"Feature","properties":{"name":"East Owens Avenue","highway":"secondary","osm":"way/1126943959"},"geometry":{"type":"LineString","coordinates":[[-115.11619,36.18844],[-115.11605,36.18843]]}},{"type":"Feature","properties":{"name":"North Eastern Avenue","highway":"primary","osm":"way/1126943960"},"geometry":{"type":"LineString","coordinates":[[-115.11619,36.18844],[-115.11616,36.18486]]}},{"type":"Feature","properties":{"name":"Sunrise Hospital Drive","highway":"unclassified","osm":"way/1131105056"},"geometry":{"type":"LineString","coordinates":[[-115.1369,36.13369],[-115.13631,36.13378]]}},{"type":"Feature","properties":{"name":"Paradise Road","highway":"primary","osm":"way/1135148060"},"geometry":{"type":"LineString","coordinates":[[-115.14876,36.0975],[-115.14865,36.09712]]}},{"type":"Feature","properties":{"name":"East Harmon Avenue","highway":"secondary","osm":"way/1136404369"},"geometry":{"type":"LineString","coordinates":[[-115.15424,36.10801],[-115.15345,36.108]]}},{"type":"Feature","properties":{"name":"East Harmon Avenue","highway":"secondary","osm":"way/1136404370"},"geometry":{"type":"LineString","coordinates":[[-115.15462,36.10802],[-115.15424,36.10801]]}},{"type":"Feature","properties":{"name":"East Harmon Avenue","highway":"secondary","osm":"way/1136404371"},"geometry":{"type":"LineString","coordinates":[[-115.15537,36.10802],[-115.15462,36.10802]]}},{"type":"Feature","properties":{"name":"East Harmon Avenue","highway":"secondary","osm":"way/1136404372"},"geometry":{"type":"LineString","coordinates":[[-115.15569,36.10802],[-115.15537,36.10802]]}},{"type":"Feature","properties":{"name":"East Harmon Avenue","highway":"secondary","osm":"way/1136404373"},"geometry":{"type":"LineString","coordinates":[[-115.15644,36.10802],[-115.15569,36.10802]]}},{"type":"Feature","properties":{"name":"East Harmon Avenue","highway":"secondary","osm":"way/1136404374"},"geometry":{"type":"LineString","coordinates":[[-115.1569,36.10803],[-115.15644,36.10802]]}},{"type":"Feature","properties":{"name":"South Las Vegas Boulevard","highway":"primary","osm":"way/1137569704"},"geometry":{"type":"LineString","coordinates":[[-115.1631,36.13476],[-115.16292,36.13504]]}},{"type":"Feature","properties":{"name":"South Maryland Parkway","highway":"primary","osm":"way/1152365744"},"geometry":{"type":"LineString","coordinates":[[-115.13682,36.09836],[-115.13682,36.09872]]}},{"type":"Feature","properties":{"name":"Purple Heart Highway","highway":"motorway","osm":"way/1154020332"},"geometry":{"type":"LineString","coordinates":[[-115.13148,36.17072],[-115.1305,36.17026]]}},{"type":"Feature","properties":{"name":"Lana Avenue","highway":"residential","osm":"way/1155325495"},"geometry":{"type":"LineString","coordinates":[[-115.15952,36.10894],[-115.15944,36.10894]]}},{"type":"Feature","properties":{"name":"Las Vegas Premium Outlets Drive","highway":"unclassified","osm":"way/1155737332"},"geometry":{"type":"LineString","coordinates":[[-115.15961,36.16234],[-115.15926,36.16216]]}},{"type":"Feature","properties":{"name":"Las Vegas Premium Outlets Drive","highway":"unclassified","osm":"way/1155737333"},"geometry":{"type":"LineString","coordinates":[[-115.15951,36.16299],[-115.15961,36.16311]]}},{"type":"Feature","properties":{"name":"Las Vegas Premium Outlets Drive","highway":"unclassified","osm":"way/1155737336"},"geometry":{"type":"LineString","coordinates":[[-115.15954,36.16258],[-115.15953,36.16266]]}},{"type":"Feature","properties":{"name":"Las Vegas Freeway","highway":"motorway","osm":"way/1164454622"},"geometry":{"type":"LineString","coordinates":[[-115.18085,36.11693],[-115.18085,36.11561]]}},{"type":"Feature","properties":{"name":"Las Vegas Freeway","highway":"motorway","osm":"way/1164454623"},"geometry":{"type":"LineString","coordinates":[[-115.18083,36.11014],[-115.18084,36.10796]]}},{"type":"Feature","properties":{"name":null,"highway":"motorway_link","osm":"way/1165030624"},"geometry":{"type":"LineString","coordinates":[[-115.159,36.16984],[-115.15928,36.16939]]}},{"type":"Feature","properties":{"name":null,"highway":"motorway_link","osm":"way/1165030625"},"geometry":{"type":"LineString","coordinates":[[-115.15928,36.16939],[-115.15963,36.16872]]}},{"type":"Feature","properties":{"name":"Las Vegas Freeway","highway":"motorway","osm":"way/1165039929"},"geometry":{"type":"LineString","coordinates":[[-115.18056,36.0927],[-115.18055,36.09779]]}},{"type":"Feature","properties":{"name":"Las Vegas Freeway","highway":"motorway","osm":"way/1165039930"},"geometry":{"type":"LineString","coordinates":[[-115.18055,36.0995],[-115.18054,36.10044]]}},{"type":"Feature","properties":{"name":"Las Vegas Freeway","highway":"motorway","osm":"way/1165039931"},"geometry":{"type":"LineString","coordinates":[[-115.18055,36.09779],[-115.18055,36.09862]]}},{"type":"Feature","properties":{"name":"Las Vegas Freeway","highway":"motorway","osm":"way/1165039932"},"geometry":{"type":"LineString","coordinates":[[-115.18052,36.10366],[-115.1805,36.10463]]}},{"type":"Feature","properties":{"name":"Las Vegas Freeway","highway":"motorway","osm":"way/1165039933"},"geometry":{"type":"LineString","coordinates":[[-115.18051,36.11233],[-115.18051,36.11271]]}},{"type":"Feature","properties":{"name":"Las Vegas Freeway","highway":"motorway","osm":"way/1165039934"},"geometry":{"type":"LineString","coordinates":[[-115.18051,36.11604],[-115.1805,36.1177]]}},{"type":"Feature","properties":{"name":"Coolidge Avenue","highway":"unclassified","osm":"way/1166291786"},"geometry":{"type":"LineString","coordinates":[[-115.15256,36.16096],[-115.1527,36.16109]]}},{"type":"Feature","properties":{"name":"Coolidge Avenue","highway":"unclassified","osm":"way/1166291788"},"geometry":{"type":"LineString","coordinates":[[-115.15277,36.16098],[-115.1526,36.1609]]}},{"type":"Feature","properties":{"name":null,"highway":"motorway_link","osm":"way/1167868379"},"geometry":{"type":"LineString","coordinates":[[-115.18065,36.10602],[-115.18064,36.10715]]}},{"type":"Feature","properties":{"name":null,"highway":"motorway_link","osm":"way/1167868380"},"geometry":{"type":"LineString","coordinates":[[-115.18072,36.10715],[-115.18072,36.10609]]}},{"type":"Feature","properties":{"name":null,"highway":"motorway_link","osm":"way/1167868381"},"geometry":{"type":"LineString","coordinates":[[-115.18064,36.10715],[-115.18064,36.10787]]}},{"type":"Feature","properties":{"name":null,"highway":"motorway_link","osm":"way/1167868382"},"geometry":{"type":"LineString","coordinates":[[-115.18071,36.10787],[-115.18072,36.10715]]}},{"type":"Feature","properties":{"name":"Jay Sarno Way","highway":"unclassified","osm":"way/1168128289"},"geometry":{"type":"LineString","coordinates":[[-115.17641,36.11814],[-115.17619,36.11818]]}},{"type":"Feature","properties":{"name":"Jay Sarno Way","highway":"unclassified","osm":"way/1168128290"},"geometry":{"type":"LineString","coordinates":[[-115.17619,36.11818],[-115.1753,36.11833]]}},{"type":"Feature","properties":{"name":"F Street","highway":"residential","osm":"way/1173163481"},"geometry":{"type":"LineString","coordinates":[[-115.14956,36.18939],[-115.14952,36.18847]]}},{"type":"Feature","properties":{"name":"J Street","highway":"residential","osm":"way/1173168779"},"geometry":{"type":"LineString","coordinates":[[-115.15631,36.17908],[-115.15627,36.18085]]}},{"type":"Feature","properties":{"name":"West Monroe Avenue","highway":"residential","osm":"way/1173168780"},"geometry":{"type":"LineString","coordinates":[[-115.15625,36.1849],[-115.15985,36.18492]]}},{"type":"Feature","properties":{"name":"West Monroe Avenue","highway":"residential","osm":"way/1173168781"},"geometry":{"type":"LineString","coordinates":[[-115.14457,36.18502],[-115.14708,36.18496]]}},{"type":"Feature","properties":{"name":"Dean Martin Drive","highway":"secondary","osm":"way/1174748624"},"geometry":{"type":"LineString","coordinates":[[-115.18293,36.11627],[-115.18345,36.11476]]}},{"type":"Feature","properties":{"name":"Dean Martin Drive","highway":"secondary","osm":"way/1174748625"},"geometry":{"type":"LineString","coordinates":[[-115.18292,36.11643],[-115.18293,36.11627]]}},{"type":"Feature","properties":{"name":"Dean Martin Drive","highway":"secondary","osm":"way/1174748627"},"geometry":{"type":"LineString","coordinates":[[-115.18293,36.11627],[-115.1826,36.11677]]}},{"type":"Feature","properties":{"name":"Dean Martin Drive","highway":"secondary","osm":"way/1174748628"},"geometry":{"type":"LineString","coordinates":[[-115.1826,36.11677],[-115.18237,36.1172]]}},{"type":"Feature","properties":{"name":"Dean Martin Drive","highway":"secondary","osm":"way/1174748629"},"geometry":{"type":"LineString","coordinates":[[-115.18248,36.11724],[-115.18292,36.11643]]}},{"type":"Feature","properties":{"name":"Dean Martin Drive","highway":"secondary","osm":"way/1174748631"},"geometry":{"type":"LineString","coordinates":[[-115.1823,36.11757],[-115.18248,36.11724]]}},{"type":"Feature","properties":{"name":"H Street","highway":"tertiary","osm":"way/1177775213"},"geometry":{"type":"LineString","coordinates":[[-115.1518,36.17717],[-115.15187,36.17819]]}},{"type":"Feature","properties":{"name":"Sunrise Avenue","highway":"residential","osm":"way/1179957764"},"geometry":{"type":"LineString","coordinates":[[-115.12493,36.16257],[-115.12462,36.1626]]}},{"type":"Feature","properties":{"name":"Sunrise Avenue","highway":"residential","osm":"way/1179957765"},"geometry":{"type":"LineString","coordinates":[[-115.12462,36.1626],[-115.12493,36.16257]]}},{"type":"Feature","properties":{"name":"Sunrise Avenue","highway":"residential","osm":"way/1179957766"},"geometry":{"type":"LineString","coordinates":[[-115.12502,36.16252],[-115.12493,36.16257]]}},{"type":"Feature","properties":{"name":"North Royal Crest Circle","highway":"residential","osm":"way/1185226535"},"geometry":{"type":"LineString","coordinates":[[-115.14983,36.12369],[-115.14976,36.12463],[-115.14928,36.12495],[-115.14791,36.12488],[-115.14758,36.12411]]}},{"type":"Feature","properties":{"name":"Royal Crest Circle","highway":"residential","osm":"way/1185226536"},"geometry":{"type":"LineString","coordinates":[[-115.14622,36.12405],[-115.1474,36.12409]]}},{"type":"Feature","properties":{"name":"Royal Crest Circle","highway":"residential","osm":"way/1185226537"},"geometry":{"type":"LineString","coordinates":[[-115.14758,36.12411],[-115.1474,36.12409]]}},{"type":"Feature","properties":{"name":"Royal Crest Circle","highway":"residential","osm":"way/1185226538"},"geometry":{"type":"LineString","coordinates":[[-115.14622,36.12405],[-115.14612,36.12405]]}},{"type":"Feature","properties":{"name":"Cottage Grove Avenue","highway":"residential","osm":"way/1185857078"},"geometry":{"type":"LineString","coordinates":[[-115.14369,36.11193],[-115.14216,36.11192]]}},{"type":"Feature","properties":{"name":"South Maryland Parkway","highway":"primary","osm":"way/1187607232"},"geometry":{"type":"LineString","coordinates":[[-115.1369,36.13517],[-115.1369,36.13493]]}},{"type":"Feature","properties":{"name":"South Maryland Parkway","highway":"primary","osm":"way/1187607233"},"geometry":{"type":"LineString","coordinates":[[-115.1369,36.13493],[-115.1369,36.13432]]}},{"type":"Feature","properties":{"name":null,"highway":"primary_link","osm":"way/1189125485"},"geometry":{"type":"LineString","coordinates":[[-115.15503,36.12395],[-115.15485,36.12296]]}},{"type":"Feature","properties":{"name":"Paradise Road","highway":"primary","osm":"way/1189125486"},"geometry":{"type":"LineString","coordinates":[[-115.15485,36.12296],[-115.15485,36.12427]]}},{"type":"Feature","properties":{"name":"Bridger Avenue","highway":"residential","osm":"way/1190393971"},"geometry":{"type":"LineString","coordinates":[[-115.13306,36.16299],[-115.13192,36.1625]]}},{"type":"Feature","properties":{"name":"Hoover Avenue","highway":"unclassified","osm":"way/1190406108"},"geometry":{"type":"LineString","coordinates":[[-115.1445,36.1589],[-115.14563,36.15944]]}},{"type":"Feature","properties":{"name":"Encore Resort Boulevard","highway":"unclassified","osm":"way/1191523872"},"geometry":{"type":"LineString","coordinates":[[-115.16299,36.1293],[-115.16224,36.12917]]}},{"type":"Feature","properties":{"name":"Country Club Lane","highway":"unclassified","osm":"way/1193775155"},"geometry":{"type":"LineString","coordinates":[[-115.16361,36.12267],[-115.16183,36.12259]]}},{"type":"Feature","properties":{"name":"Country Club Lane","highway":"unclassified","osm":"way/1193775156"},"geometry":{"type":"LineString","coordinates":[[-115.15782,36.12248],[-115.15851,36.12248]]}},{"type":"Feature","properties":{"name":"Country Club Lane","highway":"unclassified","osm":"way/1193775157"},"geometry":{"type":"LineString","coordinates":[[-115.15782,36.12248],[-115.15763,36.12237]]}},{"type":"Feature","properties":{"name":"Country Club Lane","highway":"unclassified","osm":"way/1193775158"},"geometry":{"type":"LineString","coordinates":[[-115.15851,36.12248],[-115.15782,36.12248]]}},{"type":"Feature","properties":{"name":"Country Club Lane","highway":"unclassified","osm":"way/1193775159"},"geometry":{"type":"LineString","coordinates":[[-115.16103,36.12263],[-115.16183,36.12259]]}},{"type":"Feature","properties":{"name":"Country Club Lane","highway":"unclassified","osm":"way/1193775160"},"geometry":{"type":"LineString","coordinates":[[-115.16044,36.12252],[-115.15851,36.12248]]}},{"type":"Feature","properties":{"name":"Country Club Lane","highway":"unclassified","osm":"way/1193775161"},"geometry":{"type":"LineString","coordinates":[[-115.16044,36.12252],[-115.16103,36.12263]]}},{"type":"Feature","properties":{"name":"Country Club Lane","highway":"unclassified","osm":"way/1193775162"},"geometry":{"type":"LineString","coordinates":[[-115.16183,36.12259],[-115.16044,36.12252]]}},{"type":"Feature","properties":{"name":"Sammy Davis Junior Drive","highway":"secondary","osm":"way/1196034375"},"geometry":{"type":"LineString","coordinates":[[-115.17477,36.12916],[-115.17515,36.12844]]}},{"type":"Feature","properties":{"name":"South Las Vegas Boulevard","highway":"primary","osm":"way/1197093735"},"geometry":{"type":"LineString","coordinates":[[-115.17059,36.12337],[-115.17051,36.12348]]}},{"type":"Feature","properties":{"name":"South Las Vegas Boulevard","highway":"primary","osm":"way/1197093736"},"geometry":{"type":"LineString","coordinates":[[-115.17051,36.12348],[-115.16926,36.12538]]}},{"type":"Feature","properties":{"name":"Hall Taxi Lane","highway":"unclassified","osm":"way/1197488748"},"geometry":{"type":"LineString","coordinates":[[-115.15383,36.12827],[-115.1537,36.12825]]}},{"type":"Feature","properties":{"name":"Convention Center Drive","highway":"tertiary","osm":"way/1199472259"},"geometry":{"type":"LineString","coordinates":[[-115.16359,36.13235],[-115.16027,36.13232]]}},{"type":"Feature","properties":{"name":"Convention Center Drive","highway":"tertiary","osm":"way/1199472262"},"geometry":{"type":"LineString","coordinates":[[-115.16368,36.1323],[-115.16359,36.13235]]}},{"type":"Feature","properties":{"name":"East Owens Avenue","highway":"secondary","osm":"way/1206061707"},"geometry":{"type":"LineString","coordinates":[[-115.13058,36.18842],[-115.12512,36.1884]]}},{"type":"Feature","properties":{"name":"Woodard Street","highway":"residential","osm":"way/1206061708"},"geometry":{"type":"LineString","coordinates":[[-115.13058,36.18851],[-115.1306,36.1921]]}},{"type":"Feature","properties":{"name":"East Owens Avenue","highway":"secondary","osm":"way/1206061709"},"geometry":{"type":"LineString","coordinates":[[-115.13058,36.18851],[-115.13105,36.18851]]}},{"type":"Feature","properties":{"name":"East Owens Avenue","highway":"secondary","osm":"way/1206061710"},"geometry":{"type":"LineString","coordinates":[[-115.13105,36.18851],[-115.13348,36.18851]]}},{"type":"Feature","properties":{"name":"Jay Sarno Way","highway":"unclassified","osm":"way/1213209328"},"geometry":{"type":"LineString","coordinates":[[-115.17634,36.11826],[-115.17644,36.11825]]}},{"type":"Feature","properties":{"name":null,"highway":"primary_link","osm":"way/1214735340"},"geometry":{"type":"LineString","coordinates":[[-115.15192,36.10825],[-115.15206,36.1084]]}},{"type":"Feature","properties":{"name":"Dean Martin Drive","highway":"secondary","osm":"way/1219475922"},"geometry":{"type":"LineString","coordinates":[[-115.18133,36.0951],[-115.18132,36.09364]]}},{"type":"Feature","properties":{"name":"Dean Martin Drive","highway":"secondary","osm":"way/1219475923"},"geometry":{"type":"LineString","coordinates":[[-115.18134,36.09544],[-115.18133,36.0951]]}},{"type":"Feature","properties":{"name":"Dean Martin Drive","highway":"secondary","osm":"way/1219475924"},"geometry":{"type":"LineString","coordinates":[[-115.18135,36.09576],[-115.18134,36.09544]]}},{"type":"Feature","properties":{"name":"Robin Leach Lane","highway":"tertiary","osm":"way/1219476850"},"geometry":{"type":"LineString","coordinates":[[-115.15345,36.16812],[-115.1547,36.16854]]}},{"type":"Feature","properties":{"name":"Palos Verdes Street","highway":"residential","osm":"way/1222553100"},"geometry":{"type":"LineString","coordinates":[[-115.15056,36.12124],[-115.15056,36.12093]]}},{"type":"Feature","properties":{"name":"Palos Verdes Street","highway":"residential","osm":"way/1222553101"},"geometry":{"type":"LineString","coordinates":[[-115.15057,36.11531],[-115.15058,36.11483]]}},{"type":"Feature","properties":{"name":"South Bruce Street","highway":"tertiary","osm":"way/1223132007"},"geometry":{"type":"LineString","coordinates":[[-115.12501,36.16201],[-115.12502,36.16235]]}},{"type":"Feature","properties":{"name":"South Bruce Street","highway":"tertiary","osm":"way/1223132008"},"geometry":{"type":"LineString","coordinates":[[-115.12512,36.16256],[-115.12512,36.16233]]}},{"type":"Feature","properties":{"name":"Fremont Street","highway":"primary","osm":"way/1223132009"},"geometry":{"type":"LineString","coordinates":[[-115.12153,36.16101],[-115.12043,36.16054]]}},{"type":"Feature","properties":{"name":"South Bruce Street","highway":"tertiary","osm":"way/1223132010"},"geometry":{"type":"LineString","coordinates":[[-115.12512,36.16233],[-115.1251,36.162]]}},{"type":"Feature","properties":{"name":"Fremont Street","highway":"primary","osm":"way/1223132012"},"geometry":{"type":"LineString","coordinates":[[-115.12531,36.16264],[-115.12512,36.16256]]}},{"type":"Feature","properties":{"name":"East Twain Avenue","highway":"secondary","osm":"way/1223154863"},"geometry":{"type":"LineString","coordinates":[[-115.15112,36.12124],[-115.15056,36.12124]]}},{"type":"Feature","properties":{"name":"East Twain Avenue","highway":"secondary","osm":"way/1223180945"},"geometry":{"type":"LineString","coordinates":[[-115.15056,36.12124],[-115.14997,36.12123]]}},{"type":"Feature","properties":{"name":"East Twain Avenue","highway":"secondary","osm":"way/1223181047"},"geometry":{"type":"LineString","coordinates":[[-115.14667,36.12159],[-115.14617,36.12174]]}},{"type":"Feature","properties":{"name":"Palo Verde Street","highway":"residential","osm":"way/1223181566"},"geometry":{"type":"LineString","coordinates":[[-115.15055,36.12159],[-115.15056,36.12124]]}},{"type":"Feature","properties":{"name":"Paradise Road","highway":"primary","osm":"way/1223257769"},"geometry":{"type":"LineString","coordinates":[[-115.15481,36.11688],[-115.15477,36.11675]]}},{"type":"Feature","properties":{"name":"East Harmon Avenue","highway":"secondary","osm":"way/1223479148"},"geometry":{"type":"LineString","coordinates":[[-115.17114,36.10812],[-115.17187,36.10813]]}},{"type":"Feature","properties":{"name":"Paradise Road","highway":"primary","osm":"way/1223712289"},"geometry":{"type":"LineString","coordinates":[[-115.14841,36.09635],[-115.14831,36.096]]}},{"type":"Feature","properties":{"name":"Sands Avenue","highway":"secondary","osm":"way/1224841827"},"geometry":{"type":"LineString","coordinates":[[-115.16052,36.12237],[-115.16229,36.12241]]}},{"type":"Feature","properties":{"name":"Koval Lane","highway":"secondary","osm":"way/1224841828"},"geometry":{"type":"LineString","coordinates":[[-115.16415,36.11909],[-115.16414,36.11878]]}},{"type":"Feature","properties":{"name":"Koval Lane","highway":"secondary","osm":"way/1224841829"},"geometry":{"type":"LineString","coordinates":[[-115.16393,36.11115],[-115.16393,36.11153]]}},{"type":"Feature","properties":{"name":"West Tropicana Avenue","highway":"primary","osm":"way/1227042191"},"geometry":{"type":"LineString","coordinates":[[-115.17617,36.10097],[-115.17841,36.10091]]}},{"type":"Feature","properties":{"name":"West Tropicana Avenue","highway":"primary","osm":"way/1227042192"},"geometry":{"type":"LineString","coordinates":[[-115.18166,36.1009],[-115.18264,36.10087]]}},{"type":"Feature","properties":{"name":"Paradise Road","highway":"primary","osm":"way/1227830217"},"geometry":{"type":"LineString","coordinates":[[-115.153,36.11108],[-115.15282,36.11052]]}},{"type":"Feature","properties":{"name":"Paradise Road","highway":"primary","osm":"way/1227830218"},"geometry":{"type":"LineString","coordinates":[[-115.15302,36.11116],[-115.153,36.11108]]}},{"type":"Feature","properties":{"name":"Paradise Road","highway":"primary","osm":"way/1227847533"},"geometry":{"type":"LineString","coordinates":[[-115.15282,36.11052],[-115.15278,36.11038]]}},{"type":"Feature","properties":{"name":"University Center Drive","highway":"secondary","osm":"way/1228381620"},"geometry":{"type":"LineString","coordinates":[[-115.14742,36.11328],[-115.14689,36.11358]]}},{"type":"Feature","properties":{"name":"East Harmon Avenue","highway":"unclassified","osm":"way/1228587171"},"geometry":{"type":"LineString","coordinates":[[-115.14858,36.10788],[-115.14982,36.108]]}},{"type":"Feature","properties":{"name":"Paradise Road","highway":"primary","osm":"way/1228642583"},"geometry":{"type":"LineString","coordinates":[[-115.15233,36.109],[-115.15224,36.10877]]}},{"type":"Feature","properties":{"name":"Paradise Road","highway":"primary","osm":"way/1228642584"},"geometry":{"type":"LineString","coordinates":[[-115.15248,36.10943],[-115.15233,36.109]]}},{"type":"Feature","properties":{"name":"Paradise Road","highway":"primary","osm":"way/1229866308"},"geometry":{"type":"LineString","coordinates":[[-115.15433,36.1154],[-115.15428,36.11524]]}},{"type":"Feature","properties":{"name":"East Harmon Avenue","highway":"secondary","osm":"way/1230059978"},"geometry":{"type":"LineString","coordinates":[[-115.15207,36.10804],[-115.15281,36.10805]]}},{"type":"Feature","properties":{"name":"Paradise Road","highway":"primary","osm":"way/1230179723"},"geometry":{"type":"LineString","coordinates":[[-115.15494,36.11746],[-115.15481,36.11688]]}},{"type":"Feature","properties":{"name":"Paradise Road","highway":"primary","osm":"way/1230268449"},"geometry":{"type":"LineString","coordinates":[[-115.15308,36.11136],[-115.15302,36.11116]]}},{"type":"Feature","properties":{"name":"East Twain Avenue","highway":"secondary","osm":"way/1232153668"},"geometry":{"type":"LineString","coordinates":[[-115.1424,36.12218],[-115.14178,36.12217]]}},{"type":"Feature","properties":{"name":"East Twain Avenue","highway":"secondary","osm":"way/1232153669"},"geometry":{"type":"LineString","coordinates":[[-115.14617,36.12174],[-115.14562,36.1219]]}},{"type":"Feature","properties":{"name":"University Center Drive","highway":"secondary","osm":"way/1232197275"},"geometry":{"type":"LineString","coordinates":[[-115.14617,36.12174],[-115.14617,36.12236]]}},{"type":"Feature","properties":{"name":"University Center Drive","highway":"secondary","osm":"way/1232197276"},"geometry":{"type":"LineString","coordinates":[[-115.14618,36.12144],[-115.14617,36.12174]]}},{"type":"Feature","properties":{"name":"Western Avenue","highway":"tertiary","osm":"way/1232966110"},"geometry":{"type":"LineString","coordinates":[[-115.15916,36.15696],[-115.15956,36.15674]]}},{"type":"Feature","properties":{"name":"Industrial Road","highway":"secondary","osm":"way/1232966111"},"geometry":{"type":"LineString","coordinates":[[-115.15916,36.15696],[-115.15913,36.15685]]}},{"type":"Feature","properties":{"name":"University Center Drive","highway":"secondary","osm":"way/1232999053"},"geometry":{"type":"LineString","coordinates":[[-115.14619,36.12114],[-115.14618,36.12144]]}},{"type":"Feature","properties":{"name":null,"highway":"primary_link","osm":"way/1233233677"},"geometry":{"type":"LineString","coordinates":[[-115.17299,36.10651],[-115.1728,36.10651]]}},{"type":"Feature","properties":{"name":"28th Street","highway":"tertiary","osm":"way/1234832662"},"geometry":{"type":"LineString","coordinates":[[-115.11154,36.15891],[-115.11151,36.16272]]}},{"type":"Feature","properties":{"name":"East Charleston Boulevard","highway":"primary","osm":"way/1234832663"},"geometry":{"type":"LineString","coordinates":[[-115.11154,36.15891],[-115.11614,36.15892]]}},{"type":"Feature","properties":{"name":"Cottage Grove Avenue","highway":"tertiary","osm":"way/1238233351"},"geometry":{"type":"LineString","coordinates":[[-115.13772,36.11114],[-115.13756,36.11112]]}},{"type":"Feature","properties":{"name":"South Maryland Parkway","highway":"primary","osm":"way/1238233352"},"geometry":{"type":"LineString","coordinates":[[-115.13772,36.11114],[-115.13763,36.10984]]}},{"type":"Feature","properties":{"name":"East Rochelle Avenue","highway":"tertiary","osm":"way/1238233353"},"geometry":{"type":"LineString","coordinates":[[-115.13661,36.11113],[-115.12839,36.11104]]}},{"type":"Feature","properties":{"name":"Sands Avenue","highway":"secondary","osm":"way/1238536330"},"geometry":{"type":"LineString","coordinates":[[-115.16369,36.12229],[-115.16041,36.12224]]}},{"type":"Feature","properties":{"name":"West Harmon Avenue","highway":"secondary","osm":"way/1239820873"},"geometry":{"type":"LineString","coordinates":[[-115.17535,36.10931],[-115.17675,36.10913]]}},{"type":"Feature","properties":{"name":"Ocean Drive","highway":"unclassified","osm":"way/1248129688"},"geometry":{"type":"LineString","coordinates":[[-115.1673,36.10135],[-115.16746,36.10147]]}},{"type":"Feature","properties":{"name":"Ocean Drive","highway":"unclassified","osm":"way/1248129689"},"geometry":{"type":"LineString","coordinates":[[-115.16746,36.10147],[-115.16757,36.10153]]}},{"type":"Feature","properties":{"name":null,"highway":"primary_link","osm":"way/1249454938"},"geometry":{"type":"LineString","coordinates":[[-115.14668,36.17131],[-115.14673,36.17103]]}},{"type":"Feature","properties":{"name":"South Main Street","highway":"primary","osm":"way/1249454939"},"geometry":{"type":"LineString","coordinates":[[-115.14673,36.17103],[-115.14653,36.17133]]}},{"type":"Feature","properties":{"name":"West Tropicana Avenue","highway":"primary","osm":"way/1253193950"},"geometry":{"type":"LineString","coordinates":[[-115.17462,36.10095],[-115.17598,36.10097]]}},{"type":"Feature","properties":{"name":"East Ogden Avenue","highway":"tertiary","osm":"way/1253901688"},"geometry":{"type":"LineString","coordinates":[[-115.14445,36.17236],[-115.14414,36.17223]]}},{"type":"Feature","properties":{"name":null,"highway":"residential","osm":"way/1262843767"},"geometry":{"type":"LineString","coordinates":[[-115.14187,36.12576],[-115.14186,36.12588]]}},{"type":"Feature","properties":{"name":"West Harmon Avenue","highway":"secondary","osm":"way/1267640053"},"geometry":{"type":"LineString","coordinates":[[-115.17649,36.10904],[-115.17622,36.10912]]}},{"type":"Feature","properties":{"name":"First Interstate Drive","highway":"unclassified","osm":"way/1281885798"},"geometry":{"type":"LineString","coordinates":[[-115.15592,36.11946],[-115.15604,36.11946]]}},{"type":"Feature","properties":{"name":"Aria Way","highway":"unclassified","osm":"way/1288336994"},"geometry":{"type":"LineString","coordinates":[[-115.17749,36.10825],[-115.17735,36.10833]]}},{"type":"Feature","properties":{"name":"Aria Way","highway":"unclassified","osm":"way/1288336995"},"geometry":{"type":"LineString","coordinates":[[-115.1776,36.10847],[-115.17755,36.10837]]}},{"type":"Feature","properties":{"name":"East Charleston Boulevard","highway":"primary","osm":"way/1293139525"},"geometry":{"type":"LineString","coordinates":[[-115.11614,36.15892],[-115.11656,36.15892]]}},{"type":"Feature","properties":{"name":"East Charleston Boulevard","highway":"primary","osm":"way/1293139526"},"geometry":{"type":"LineString","coordinates":[[-115.11665,36.15877],[-115.11635,36.15877]]}},{"type":"Feature","properties":{"name":null,"highway":"motorway_link","osm":"way/1295980639"},"geometry":{"type":"LineString","coordinates":[[-115.15442,36.17454],[-115.15413,36.17486]]}},{"type":"Feature","properties":{"name":null,"highway":"primary_link","osm":"way/1303204423"},"geometry":{"type":"LineString","coordinates":[[-115.11618,36.1871],[-115.11603,36.18686]]}},{"type":"Feature","properties":{"name":null,"highway":"primary_link","osm":"way/1303204424"},"geometry":{"type":"LineString","coordinates":[[-115.11603,36.18642],[-115.11618,36.18669]]}},{"type":"Feature","properties":{"name":"East Owens Avenue","highway":"secondary","osm":"way/1311908611"},"geometry":{"type":"LineString","coordinates":[[-115.12499,36.1884],[-115.12065,36.18842]]}},{"type":"Feature","properties":{"name":"East Owens Avenue","highway":"secondary","osm":"way/1311908612"},"geometry":{"type":"LineString","coordinates":[[-115.1162,36.18854],[-115.12065,36.18852]]}},{"type":"Feature","properties":{"name":"North Bruce Street","highway":"tertiary","osm":"way/1312272374"},"geometry":{"type":"LineString","coordinates":[[-115.12509,36.1628],[-115.12511,36.16454]]}},{"type":"Feature","properties":{"name":"North Bruce Street","highway":"tertiary","osm":"way/1312272375"},"geometry":{"type":"LineString","coordinates":[[-115.12509,36.16554],[-115.1251,36.16647]]}},{"type":"Feature","properties":{"name":"Fremont Street","highway":"primary","osm":"way/1312273554"},"geometry":{"type":"LineString","coordinates":[[-115.13086,36.16502],[-115.13039,36.16482]]}},{"type":"Feature","properties":{"name":null,"highway":"motorway_link","osm":"way/1313420536"},"geometry":{"type":"LineString","coordinates":[[-115.18078,36.10814],[-115.18106,36.10815]]}},{"type":"Feature","properties":{"name":null,"highway":"motorway_link","osm":"way/1313420537"},"geometry":{"type":"LineString","coordinates":[[-115.18106,36.10815],[-115.1811,36.10819]]}},{"type":"Feature","properties":{"name":null,"highway":"motorway_link","osm":"way/1313420538"},"geometry":{"type":"LineString","coordinates":[[-115.18064,36.10807],[-115.18068,36.10809]]}},{"type":"Feature","properties":{"name":null,"highway":"motorway_link","osm":"way/1313420539"},"geometry":{"type":"LineString","coordinates":[[-115.18029,36.10814],[-115.18059,36.10814]]}},{"type":"Feature","properties":{"name":null,"highway":"motorway_link","osm":"way/1313420540"},"geometry":{"type":"LineString","coordinates":[[-115.18068,36.10809],[-115.18078,36.10814]]}},{"type":"Feature","properties":{"name":null,"highway":"motorway_link","osm":"way/1313420541"},"geometry":{"type":"LineString","coordinates":[[-115.18068,36.10809],[-115.18071,36.10807]]}},{"type":"Feature","properties":{"name":"East Rochelle Avenue","highway":"tertiary","osm":"way/1314751053"},"geometry":{"type":"LineString","coordinates":[[-115.13689,36.11113],[-115.13757,36.1112]]}},{"type":"Feature","properties":{"name":"Cottage Grove Avenue","highway":"tertiary","osm":"way/1314751054"},"geometry":{"type":"LineString","coordinates":[[-115.13772,36.11122],[-115.13929,36.11189]]}},{"type":"Feature","properties":{"name":"East Rochelle Avenue","highway":"tertiary","osm":"way/1314751055"},"geometry":{"type":"LineString","coordinates":[[-115.1373,36.11111],[-115.13689,36.11113]]}},{"type":"Feature","properties":{"name":"Cottage Grove Avenue","highway":"tertiary","osm":"way/1314751056"},"geometry":{"type":"LineString","coordinates":[[-115.13929,36.11189],[-115.13772,36.11114]]}},{"type":"Feature","properties":{"name":"East Carson Avenue","highway":"tertiary","osm":"way/1318087249"},"geometry":{"type":"LineString","coordinates":[[-115.13914,36.16709],[-115.14028,36.16759]]}},{"type":"Feature","properties":{"name":"South Main Street","highway":"primary","osm":"way/1318103474"},"geometry":{"type":"LineString","coordinates":[[-115.14668,36.17131],[-115.14675,36.17121]]}},{"type":"Feature","properties":{"name":"North Las Vegas Boulevard","highway":"primary","osm":"way/1326492636"},"geometry":{"type":"LineString","coordinates":[[-115.14057,36.16951],[-115.14074,36.16927]]}},{"type":"Feature","properties":{"name":"North Las Vegas Boulevard","highway":"primary","osm":"way/1326523314"},"geometry":{"type":"LineString","coordinates":[[-115.13976,36.17073],[-115.13985,36.17059]]}},{"type":"Feature","properties":{"name":"South Las Vegas Boulevard","highway":"primary","osm":"way/1327141680"},"geometry":{"type":"LineString","coordinates":[[-115.14974,36.15527],[-115.14882,36.15669]]}},{"type":"Feature","properties":{"name":"South Las Vegas Boulevard","highway":"primary","osm":"way/1327141681"},"geometry":{"type":"LineString","coordinates":[[-115.14882,36.15669],[-115.14863,36.15698]]}},{"type":"Feature","properties":{"name":"South Las Vegas Boulevard","highway":"primary","osm":"way/1327189331"},"geometry":{"type":"LineString","coordinates":[[-115.14431,36.1638],[-115.14453,36.16346]]}},{"type":"Feature","properties":{"name":"East Charleston Boulevard","highway":"primary","osm":"way/1327918115"},"geometry":{"type":"LineString","coordinates":[[-115.10993,36.1589],[-115.11013,36.1589]]}},{"type":"Feature","properties":{"name":"East Charleston Boulevard","highway":"primary","osm":"way/1327918116"},"geometry":{"type":"LineString","coordinates":[[-115.11013,36.1589],[-115.11154,36.15891]]}},{"type":"Feature","properties":{"name":"Fremont Street","highway":"primary","osm":"way/1331871135"},"geometry":{"type":"LineString","coordinates":[[-115.13039,36.16482],[-115.12956,36.16446]]}},{"type":"Feature","properties":{"name":"Fremont Street","highway":"primary","osm":"way/1331871136"},"geometry":{"type":"LineString","coordinates":[[-115.12956,36.16446],[-115.12925,36.16433]]}},{"type":"Feature","properties":{"name":"Purple Heart Highway","highway":"motorway","osm":"way/1339992221"},"geometry":{"type":"LineString","coordinates":[[-115.14958,36.17486],[-115.15027,36.17467]]}},{"type":"Feature","properties":{"name":"Las Vegas Freeway","highway":"motorway","osm":"way/1339995304"},"geometry":{"type":"LineString","coordinates":[[-115.18086,36.0958],[-115.18086,36.09498]]}},{"type":"Feature","properties":{"name":"Purple Heart Highway","highway":"motorway","osm":"way/1339995427"},"geometry":{"type":"LineString","coordinates":[[-115.14682,36.17541],[-115.14656,36.17545]]}},{"type":"Feature","properties":{"name":"Las Vegas Freeway","highway":"motorway","osm":"way/1339997245"},"geometry":{"type":"LineString","coordinates":[[-115.18051,36.11271],[-115.18051,36.114]]}},{"type":"Feature","properties":{"name":"Las Vegas Freeway","highway":"motorway","osm":"way/1339998567"},"geometry":{"type":"LineString","coordinates":[[-115.15929,36.16754],[-115.15921,36.16772]]}},{"type":"Feature","properties":{"name":"Las Vegas Freeway","highway":"motorway","osm":"way/1339998568"},"geometry":{"type":"LineString","coordinates":[[-115.15894,36.16833],[-115.15881,36.16858]]}},{"type":"Feature","properties":{"name":"Las Vegas Freeway","highway":"motorway","osm":"way/1340061540"},"geometry":{"type":"LineString","coordinates":[[-115.18083,36.11991],[-115.18084,36.11968]]}},{"type":"Feature","properties":{"name":"Las Vegas Freeway","highway":"motorway","osm":"way/1343709982"},"geometry":{"type":"LineString","coordinates":[[-115.1805,36.11843],[-115.1805,36.11967]]}},{"type":"Feature","properties":{"name":"Las Vegas Freeway","highway":"motorway","osm":"way/1343753966"},"geometry":{"type":"LineString","coordinates":[[-115.18045,36.12913],[-115.18042,36.12987]]}},{"type":"Feature","properties":{"name":"Deliveries Only Way","highway":"secondary_link","osm":"way/1343756664"},"geometry":{"type":"LineString","coordinates":[[-115.18005,36.10651],[-115.17993,36.10651]]}},{"type":"Feature","properties":{"name":"Frank Sinatra Drive","highway":"secondary","osm":"way/1343756665"},"geometry":{"type":"LineString","coordinates":[[-115.18005,36.10651],[-115.1801,36.1047]]}},{"type":"Feature","properties":{"name":"Las Vegas Freeway","highway":"motorway","osm":"way/1343761443"},"geometry":{"type":"LineString","coordinates":[[-115.18084,36.123],[-115.18086,36.12189]]}},{"type":"Feature","properties":{"name":null,"highway":"motorway_link","osm":"way/1343787023"},"geometry":{"type":"LineString","coordinates":[[-115.15987,36.166],[-115.15977,36.16648]]}},{"type":"Feature","properties":{"name":null,"highway":"motorway_link","osm":"way/1343787024"},"geometry":{"type":"LineString","coordinates":[[-115.1599,36.16591],[-115.15987,36.166]]}},{"type":"Feature","properties":{"name":"North Eastern Avenue","highway":"primary","osm":"way/1345148366"},"geometry":{"type":"LineString","coordinates":[[-115.11809,36.16006],[-115.11769,36.16045]]}},{"type":"Feature","properties":{"name":"East Katie Avenue","highway":"tertiary","osm":"way/1345439613"},"geometry":{"type":"LineString","coordinates":[[-115.13744,36.12025],[-115.13691,36.12026]]}},{"type":"Feature","properties":{"name":"West Charleston Boulevard","highway":"primary","osm":"way/1345697538"},"geometry":{"type":"LineString","coordinates":[[-115.15599,36.15892],[-115.15746,36.15895]]}},{"type":"Feature","properties":{"name":"North 4th Street","highway":"secondary","osm":"way/1346128140"},"geometry":{"type":"LineString","coordinates":[[-115.14046,36.17379],[-115.14062,36.17428]]}},{"type":"Feature","properties":{"name":"Frank Sinatra Drive","highway":"secondary","osm":"way/1346160396"},"geometry":{"type":"LineString","coordinates":[[-115.18008,36.09363],[-115.18002,36.09731]]}},{"type":"Feature","properties":{"name":"Las Vegas Freeway","highway":"motorway","osm":"way/1346160400"},"geometry":{"type":"LineString","coordinates":[[-115.18055,36.09862],[-115.18055,36.0995]]}},{"type":"Feature","properties":{"name":"Las Vegas Freeway","highway":"motorway","osm":"way/1346160401"},"geometry":{"type":"LineString","coordinates":[[-115.18084,36.10155],[-115.18084,36.09944]]}},{"type":"Feature","properties":{"name":"North 1st Street","highway":"tertiary","osm":"way/1346392221"},"geometry":{"type":"LineString","coordinates":[[-115.14411,36.17289],[-115.14417,36.17286]]}},{"type":"Feature","properties":{"name":"North 1st Street","highway":"tertiary","osm":"way/1346392223"},"geometry":{"type":"LineString","coordinates":[[-115.14436,36.17244],[-115.14411,36.17283]]}},{"type":"Feature","properties":{"name":"North 1st Street","highway":"tertiary","osm":"way/1346392227"},"geometry":{"type":"LineString","coordinates":[[-115.14393,36.17319],[-115.14371,36.17353]]}},{"type":"Feature","properties":{"name":"North 1st Street","highway":"tertiary","osm":"way/1346392228"},"geometry":{"type":"LineString","coordinates":[[-115.14401,36.17305],[-115.14393,36.17319]]}},{"type":"Feature","properties":{"name":"Stewart Avenue","highway":"secondary","osm":"way/1346689401"},"geometry":{"type":"LineString","coordinates":[[-115.1387,36.17138],[-115.13805,36.1711]]}},{"type":"Feature","properties":{"name":"Stewart Avenue","highway":"secondary","osm":"way/1346689402"},"geometry":{"type":"LineString","coordinates":[[-115.13001,36.16765],[-115.12886,36.16715]]}},{"type":"Feature","properties":{"name":"North Main Street","highway":"secondary","osm":"way/1346692014"},"geometry":{"type":"LineString","coordinates":[[-115.14015,36.18125],[-115.13975,36.18185]]}},{"type":"Feature","properties":{"name":"D Street","highway":"tertiary","osm":"way/1346697141"},"geometry":{"type":"LineString","coordinates":[[-115.14721,36.18802],[-115.14723,36.18848]]}},{"type":"Feature","properties":{"name":"North Bruce Street","highway":"tertiary","osm":"way/1348286140"},"geometry":{"type":"LineString","coordinates":[[-115.12505,36.18921],[-115.12515,36.19572]]}},{"type":"Feature","properties":{"name":"Hoover Avenue","highway":"unclassified","osm":"way/1350175419"},"geometry":{"type":"LineString","coordinates":[[-115.1467,36.15989],[-115.14677,36.15992]]}},{"type":"Feature","properties":{"name":"South Las Vegas Boulevard","highway":"primary","osm":"way/1350175420"},"geometry":{"type":"LineString","coordinates":[[-115.14679,36.15975],[-115.1467,36.15989]]}},{"type":"Feature","properties":{"name":"East McWilliams Avenue","highway":"unclassified","osm":"way/1350994564"},"geometry":{"type":"LineString","coordinates":[[-115.13492,36.1771],[-115.13467,36.17699]]}},{"type":"Feature","properties":{"name":"Joey Bishop Drive","highway":"secondary","osm":"way/1352183138"},"geometry":{"type":"LineString","coordinates":[[-115.18142,36.10074],[-115.18111,36.09896]]}},{"type":"Feature","properties":{"name":null,"highway":"primary_link","osm":"way/1354072943"},"geometry":{"type":"LineString","coordinates":[[-115.16369,36.12956],[-115.16422,36.12979]]}},{"type":"Feature","properties":{"name":"Encore Resort Boulevard","highway":"unclassified","osm":"way/1354072944"},"geometry":{"type":"LineString","coordinates":[[-115.16365,36.12963],[-115.16428,36.12992]]}},{"type":"Feature","properties":{"name":"Wynn South Gate","highway":"unclassified","osm":"way/1354683789"},"geometry":{"type":"LineString","coordinates":[[-115.16715,36.1247],[-115.1673,36.12459]]}},{"type":"Feature","properties":{"name":"Wynn South Gate","highway":"unclassified","osm":"way/1354683790"},"geometry":{"type":"LineString","coordinates":[[-115.16699,36.12481],[-115.16715,36.1247]]}},{"type":"Feature","properties":{"name":"West Tropicana Avenue","highway":"primary","osm":"way/1355642931"},"geometry":{"type":"LineString","coordinates":[[-115.18071,36.10091],[-115.18166,36.1009]]}},{"type":"Feature","properties":{"name":null,"highway":"motorway_link","osm":"way/1355642933"},"geometry":{"type":"LineString","coordinates":[[-115.1812,36.10102],[-115.18166,36.1009]]}},{"type":"Feature","properties":{"name":"Dean Martin Drive","highway":"tertiary","osm":"way/1355642935"},"geometry":{"type":"LineString","coordinates":[[-115.18194,36.10246],[-115.18137,36.10255]]}},{"type":"Feature","properties":{"name":"Dean Martin Drive","highway":"secondary","osm":"way/1355642936"},"geometry":{"type":"LineString","coordinates":[[-115.18136,36.10296],[-115.18137,36.10261]]}},{"type":"Feature","properties":{"name":"Dean Martin Drive","highway":"tertiary","osm":"way/1355642937"},"geometry":{"type":"LineString","coordinates":[[-115.18302,36.10141],[-115.18282,36.10174]]}},{"type":"Feature","properties":{"name":"South Las Vegas Boulevard","highway":"primary","osm":"way/1357904575"},"geometry":{"type":"LineString","coordinates":[[-115.17282,36.10122],[-115.17279,36.10132]]}},{"type":"Feature","properties":{"name":"Dean Martin Drive","highway":"secondary","osm":"way/1360578923"},"geometry":{"type":"LineString","coordinates":[[-115.1835,36.11468],[-115.18349,36.11363]]}},{"type":"Feature","properties":{"name":"Dean Martin Drive","highway":"secondary","osm":"way/1360578924"},"geometry":{"type":"LineString","coordinates":[[-115.18336,36.11365],[-115.1834,36.11468]]}},{"type":"Feature","properties":{"name":"Dean Martin Drive","highway":"secondary","osm":"way/1360578925"},"geometry":{"type":"LineString","coordinates":[[-115.18334,36.11357],[-115.18336,36.11365]]}},{"type":"Feature","properties":{"name":"East Owens Avenue","highway":"secondary","osm":"way/1360610976"},"geometry":{"type":"LineString","coordinates":[[-115.13539,36.18839],[-115.13449,36.1884]]}},{"type":"Feature","properties":{"name":"South Road","highway":"unclassified","osm":"way/1361692986"},"geometry":{"type":"LineString","coordinates":[[-115.15319,36.12791],[-115.15389,36.12791]]}},{"type":"Feature","properties":{"name":"South Las Vegas Boulevard","highway":"primary","osm":"way/1362569857"},"geometry":{"type":"LineString","coordinates":[[-115.17299,36.11697],[-115.17299,36.11594]]}},{"type":"Feature","properties":{"name":"Caesars Palace Drive","highway":"unclassified","osm":"way/1362569858"},"geometry":{"type":"LineString","coordinates":[[-115.17339,36.11732],[-115.17299,36.11732]]}},{"type":"Feature","properties":{"name":"South Las Vegas Boulevard","highway":"primary","osm":"way/1362596921"},"geometry":{"type":"LineString","coordinates":[[-115.14689,36.15961],[-115.14679,36.15975]]}},{"type":"Feature","properties":{"name":"Wilbur Clark D.I. Road","highway":"primary","osm":"way/1362740115"},"geometry":{"type":"LineString","coordinates":[[-115.16478,36.13066],[-115.16561,36.13111]]}},{"type":"Feature","properties":{"name":"Wilbur Clark D.I. Road","highway":"primary","osm":"way/1362740116"},"geometry":{"type":"LineString","coordinates":[[-115.16568,36.13101],[-115.16488,36.13057]]}},{"type":"Feature","properties":{"name":"Garces Avenue","highway":"tertiary","osm":"way/1362830030"},"geometry":{"type":"LineString","coordinates":[[-115.14547,36.16235],[-115.1453,36.16228]]}},{"type":"Feature","properties":{"name":"West Ogden Avenue","highway":"secondary","osm":"way/1363010219"},"geometry":{"type":"LineString","coordinates":[[-115.1456,36.17285],[-115.14567,36.17288]]}},{"type":"Feature","properties":{"name":"West Owens Avenue","highway":"secondary","osm":"way/1363010222"},"geometry":{"type":"LineString","coordinates":[[-115.13873,36.18837],[-115.13793,36.18837]]}},{"type":"Feature","properties":{"name":null,"highway":"secondary_link","osm":"way/1363010223"},"geometry":{"type":"LineString","coordinates":[[-115.13733,36.1885],[-115.13793,36.18845]]}},{"type":"Feature","properties":{"name":"East Ogden Avenue","highway":"tertiary","osm":"way/1363694307"},"geometry":{"type":"LineString","coordinates":[[-115.13809,36.16962],[-115.13765,36.16944]]}},{"type":"Feature","properties":{"name":"East Ogden Avenue","highway":"tertiary","osm":"way/1363694308"},"geometry":{"type":"LineString","coordinates":[[-115.13811,36.16967],[-115.13824,36.16973]]}},{"type":"Feature","properties":{"name":"East Ogden Avenue","highway":"tertiary","osm":"way/1363694309"},"geometry":{"type":"LineString","coordinates":[[-115.13828,36.16967],[-115.13815,36.16961]]}},{"type":"Feature","properties":{"name":"Stewart Avenue","highway":"secondary","osm":"way/1364237990"},"geometry":{"type":"LineString","coordinates":[[-115.13578,36.17013],[-115.13115,36.16813]]}},{"type":"Feature","properties":{"name":"East Ogden Avenue","highway":"tertiary","osm":"way/1364241927"},"geometry":{"type":"LineString","coordinates":[[-115.13765,36.16944],[-115.13742,36.16934]]}},{"type":"Feature","properties":{"name":"East Ogden Avenue","highway":"tertiary","osm":"way/1364241928"},"geometry":{"type":"LineString","coordinates":[[-115.13742,36.16934],[-115.13651,36.16895]]}},{"type":"Feature","properties":{"name":"North 7th Street","highway":"tertiary","osm":"way/1364241929"},"geometry":{"type":"LineString","coordinates":[[-115.13774,36.16928],[-115.13765,36.16944]]}},{"type":"Feature","properties":{"name":"East Owens Avenue","highway":"secondary","osm":"way/1364436558"},"geometry":{"type":"LineString","coordinates":[[-115.11643,36.18844],[-115.11619,36.18844]]}},{"type":"Feature","properties":{"name":"East Carson Avenue","highway":"tertiary","osm":"way/1365461996"},"geometry":{"type":"LineString","coordinates":[[-115.1323,36.16415],[-115.13345,36.16465]]}},{"type":"Feature","properties":{"name":"South Maryland Parkway","highway":"secondary","osm":"way/1365461997"},"geometry":{"type":"LineString","coordinates":[[-115.13268,36.1658],[-115.13345,36.16465]]}},{"type":"Feature","properties":{"name":null,"highway":"motorway_link","osm":"way/1365663242"},"geometry":{"type":"LineString","coordinates":[[-115.13692,36.17277],[-115.1354,36.17229]]}},{"type":"Feature","properties":{"name":"Joey Bishop Drive","highway":"secondary","osm":"way/1366112142"},"geometry":{"type":"LineString","coordinates":[[-115.18142,36.10074],[-115.18139,36.10193]]}},{"type":"Feature","properties":{"name":"Dean Martin Drive","highway":"secondary","osm":"way/1366112144"},"geometry":{"type":"LineString","coordinates":[[-115.18127,36.10369],[-115.1813,36.10334]]}},{"type":"Feature","properties":{"name":null,"highway":"motorway_link","osm":"way/1366112145"},"geometry":{"type":"LineString","coordinates":[[-115.18121,36.10214],[-115.18108,36.10053]]}},{"type":"Feature","properties":{"name":null,"highway":"motorway_link","osm":"way/1366112146"},"geometry":{"type":"LineString","coordinates":[[-115.18031,36.09886],[-115.1803,36.09924]]}},{"type":"Feature","properties":{"name":null,"highway":"motorway_link","osm":"way/1366112149"},"geometry":{"type":"LineString","coordinates":[[-115.18001,36.10022],[-115.18004,36.10046]]}},{"type":"Feature","properties":{"name":null,"highway":"secondary_link","osm":"way/1368773214"},"geometry":{"type":"LineString","coordinates":[[-115.18111,36.09896],[-115.18159,36.09884]]}},{"type":"Feature","properties":{"name":"Dean Martin Drive","highway":"secondary","osm":"way/1368773215"},"geometry":{"type":"LineString","coordinates":[[-115.18129,36.09817],[-115.18119,36.09859]]}},{"type":"Feature","properties":{"name":"Joey Bishop Drive","highway":"secondary","osm":"way/1368773216"},"geometry":{"type":"LineString","coordinates":[[-115.18121,36.09883],[-115.18129,36.09863]]}},{"type":"Feature","properties":{"name":"North Las Vegas Boulevard","highway":"primary","osm":"way/1371267754"},"geometry":{"type":"LineString","coordinates":[[-115.13737,36.17466],[-115.13742,36.17458]]}},{"type":"Feature","properties":{"name":"West Washington Avenue","highway":"primary","osm":"way/1372215111"},"geometry":{"type":"LineString","coordinates":[[-115.14267,36.18135],[-115.14277,36.18133]]}},{"type":"Feature","properties":{"name":"West Washington Avenue","highway":"primary","osm":"way/1372215112"},"geometry":{"type":"LineString","coordinates":[[-115.14404,36.18093],[-115.14368,36.181]]}},{"type":"Feature","properties":{"name":"East Washington Avenue","highway":"secondary","osm":"way/1372215113"},"geometry":{"type":"LineString","coordinates":[[-115.12515,36.18127],[-115.12581,36.18127]]}},{"type":"Feature","properties":{"name":"West Owens Avenue","highway":"secondary","osm":"way/1373475038"},"geometry":{"type":"LineString","coordinates":[[-115.14405,36.18842],[-115.14475,36.18847]]}},{"type":"Feature","properties":{"name":"Harrison Avenue","highway":"secondary","osm":"way/1373475039"},"geometry":{"type":"LineString","coordinates":[[-115.1447,36.18818],[-115.14446,36.18826]]}},{"type":"Feature","properties":{"name":"South Eastern Avenue","highway":"primary","osm":"way/1375724083"},"geometry":{"type":"LineString","coordinates":[[-115.11855,36.15972],[-115.11858,36.15968]]}},{"type":"Feature","properties":{"name":"South Eastern Avenue","highway":"primary","osm":"way/1375724084"},"geometry":{"type":"LineString","coordinates":[[-115.11844,36.15962],[-115.11841,36.15966]]}},{"type":"Feature","properties":{"name":"Sammy Davis Junior Drive","highway":"secondary","osm":"way/1377166729"},"geometry":{"type":"LineString","coordinates":[[-115.17357,36.13098],[-115.17383,36.13058]]}},{"type":"Feature","properties":{"name":"Sammy Davis Junior Drive","highway":"secondary","osm":"way/1377166730"},"geometry":{"type":"LineString","coordinates":[[-115.17383,36.13058],[-115.17392,36.13044]]}},{"type":"Feature","properties":{"name":"Stewart Avenue","highway":"primary","osm":"way/1377425736"},"geometry":{"type":"LineString","coordinates":[[-115.14407,36.17369],[-115.14371,36.17353]]}},{"type":"Feature","properties":{"name":"Stewart Avenue","highway":"primary","osm":"way/1377425737"},"geometry":{"type":"LineString","coordinates":[[-115.14431,36.17379],[-115.14407,36.17369]]}},{"type":"Feature","properties":{"name":"Lowe's","highway":"residential","osm":"way/1377915819"},"geometry":{"type":"LineString","coordinates":[[-115.11261,36.15541],[-115.11347,36.1548]]}},{"type":"Feature","properties":{"name":"East Charleston Boulevard","highway":"primary","osm":"way/1379010956"},"geometry":{"type":"LineString","coordinates":[[-115.11158,36.15877],[-115.1086,36.15877]]}},{"type":"Feature","properties":{"name":"West Desert Inn Road","highway":"tertiary","osm":"way/1379017394"},"geometry":{"type":"LineString","coordinates":[[-115.18315,36.12957],[-115.18114,36.12992]]}},{"type":"Feature","properties":{"name":"North Casino Center Boulevard","highway":"unclassified","osm":"way/1379358522"},"geometry":{"type":"LineString","coordinates":[[-115.14122,36.17516],[-115.14141,36.17493]]}},{"type":"Feature","properties":{"name":"North Casino Center Boulevard","highway":"secondary","osm":"way/1379358523"},"geometry":{"type":"LineString","coordinates":[[-115.14153,36.17463],[-115.14139,36.17487]]}},{"type":"Feature","properties":{"name":"Genting Boulevard","highway":"tertiary","osm":"way/1379914519"},"geometry":{"type":"LineString","coordinates":[[-115.17143,36.13172],[-115.17188,36.13173]]}},{"type":"Feature","properties":{"name":"South Rancho Drive","highway":"tertiary","osm":"way/1380189691"},"geometry":{"type":"LineString","coordinates":[[-115.1809,36.13161],[-115.18115,36.13036]]}},{"type":"Feature","properties":{"name":"University Center Drive","highway":"primary","osm":"way/1380466044"},"geometry":{"type":"LineString","coordinates":[[-115.15042,36.10801],[-115.15042,36.1079]]}},{"type":"Feature","properties":{"name":"East Harmon Avenue","highway":"secondary","osm":"way/1381561592"},"geometry":{"type":"LineString","coordinates":[[-115.17298,36.10868],[-115.17281,36.10853]]}},{"type":"Feature","properties":{"name":"East Harmon Avenue","highway":"secondary","osm":"way/1381561593"},"geometry":{"type":"LineString","coordinates":[[-115.17281,36.10875],[-115.17298,36.10889]]}},{"type":"Feature","properties":{"name":"Joe W. Brown Drive","highway":"tertiary","osm":"way/1382140627"},"geometry":{"type":"LineString","coordinates":[[-115.14631,36.13063],[-115.14757,36.1313],[-115.14782,36.13309],[-115.14905,36.13398]]}},{"type":"Feature","properties":{"name":"Maudie Frazier Way","highway":"unclassified","osm":"way/1382227769"},"geometry":{"type":"LineString","coordinates":[[-115.13748,36.10775],[-115.13793,36.10781]]}},{"type":"Feature","properties":{"name":"East Harmon Avenue","highway":"secondary","osm":"way/1382227771"},"geometry":{"type":"LineString","coordinates":[[-115.13708,36.10775],[-115.13607,36.10772]]}},{"type":"Feature","properties":{"name":"South Maryland Parkway","highway":"primary","osm":"way/1382227776"},"geometry":{"type":"LineString","coordinates":[[-115.13734,36.10821],[-115.13752,36.11061]]}},{"type":"Feature","properties":{"name":"South Maryland Parkway","highway":"primary","osm":"way/1382227777"},"geometry":{"type":"LineString","coordinates":[[-115.13733,36.10798],[-115.13734,36.10821]]}},{"type":"Feature","properties":{"name":"South Maryland Parkway","highway":"primary","osm":"way/1382227778"},"geometry":{"type":"LineString","coordinates":[[-115.13732,36.10783],[-115.13733,36.10798]]}},{"type":"Feature","properties":{"name":"South Road","highway":"unclassified","osm":"way/1382446133"},"geometry":{"type":"LineString","coordinates":[[-115.14712,36.12808],[-115.14644,36.1281]]}},{"type":"Feature","properties":{"name":"West Bonanza Road","highway":"secondary","osm":"way/1382483389"},"geometry":{"type":"LineString","coordinates":[[-115.14287,36.17715],[-115.14281,36.17713]]}},{"type":"Feature","properties":{"name":"East Bonanza Road","highway":"secondary","osm":"way/1382483390"},"geometry":{"type":"LineString","coordinates":[[-115.1427,36.1772],[-115.14276,36.17722]]}},{"type":"Feature","properties":{"name":"East Tropicana Avenue","highway":"primary","osm":"way/1383830932"},"geometry":{"type":"LineString","coordinates":[[-115.17296,36.10076],[-115.17283,36.10077]]}},{"type":"Feature","properties":{"name":"East Tropicana Avenue","highway":"primary","osm":"way/1383830933"},"geometry":{"type":"LineString","coordinates":[[-115.17283,36.10097],[-115.17296,36.10097]]}},{"type":"Feature","properties":{"name":"Spring Mountain Road","highway":"secondary","osm":"way/1384171926"},"geometry":{"type":"LineString","coordinates":[[-115.18327,36.12622],[-115.18243,36.12619]]}},{"type":"Feature","properties":{"name":"Sammy Davis Junior Drive","highway":"secondary","osm":"way/1384554952"},"geometry":{"type":"LineString","coordinates":[[-115.17774,36.12435],[-115.17767,36.12458]]}},{"type":"Feature","properties":{"name":"Sammy Davis Junior Drive","highway":"secondary","osm":"way/1384554953"},"geometry":{"type":"LineString","coordinates":[[-115.17756,36.12474],[-115.17767,36.12458]]}},{"type":"Feature","properties":{"name":"Frank Sinatra Drive","highway":"secondary","osm":"way/1384803101"},"geometry":{"type":"LineString","coordinates":[[-115.17979,36.11294],[-115.17931,36.11391]]}},{"type":"Feature","properties":{"name":null,"highway":"secondary_link","osm":"way/1384803102"},"geometry":{"type":"LineString","coordinates":[[-115.17947,36.11394],[-115.17931,36.11391]]}},{"type":"Feature","properties":{"name":null,"highway":"secondary_link","osm":"way/1384815499"},"geometry":{"type":"LineString","coordinates":[[-115.18013,36.1265],[-115.18102,36.12639]]}},{"type":"Feature","properties":{"name":null,"highway":"primary_link","osm":"way/1384815500"},"geometry":{"type":"LineString","coordinates":[[-115.17909,36.12771],[-115.179,36.12764]]}},{"type":"Feature","properties":{"name":"East Tompkins Avenue","highway":"residential","osm":"way/1384817935"},"geometry":{"type":"LineString","coordinates":[[-115.16285,36.10446],[-115.16389,36.10448]]}},{"type":"Feature","properties":{"name":null,"highway":"residential","osm":"way/1386165064"},"geometry":{"type":"LineString","coordinates":[[-115.14866,36.09715],[-115.14592,36.09717]]}},{"type":"Feature","properties":{"name":null,"highway":"residential","osm":"way/1386357192"},"geometry":{"type":"LineString","coordinates":[[-115.14571,36.12329],[-115.14394,36.12329],[-115.14394,36.12448]]}},{"type":"Feature","properties":{"name":"East Desert Inn Road","highway":"primary","osm":"way/1386357194"},"geometry":{"type":"LineString","coordinates":[[-115.15493,36.12961],[-115.1566,36.12975]]}},{"type":"Feature","properties":{"name":null,"highway":"primary_link","osm":"way/1387388419"},"geometry":{"type":"LineString","coordinates":[[-115.13737,36.10627],[-115.13718,36.10588]]}},{"type":"Feature","properties":{"name":null,"highway":"motorway_link","osm":"way/1388134702"},"geometry":{"type":"LineString","coordinates":[[-115.13688,36.17284],[-115.1354,36.17229]]}},{"type":"Feature","properties":{"name":"Veterans Memorial Drive","highway":"tertiary","osm":"way/1388134703"},"geometry":{"type":"LineString","coordinates":[[-115.13999,36.17642],[-115.13985,36.1766]]}},{"type":"Feature","properties":{"name":"East Washington Avenue","highway":"secondary","osm":"way/1388642224"},"geometry":{"type":"LineString","coordinates":[[-115.11488,36.18126],[-115.11597,36.18128]]}},{"type":"Feature","properties":{"name":"West Bonneville Avenue","highway":"secondary","osm":"way/1389697756"},"geometry":{"type":"LineString","coordinates":[[-115.15945,36.16618],[-115.15846,36.16621]]}},{"type":"Feature","properties":{"name":"West Bonneville Avenue","highway":"secondary","osm":"way/1389697758"},"geometry":{"type":"LineString","coordinates":[[-115.16001,36.16617],[-115.1596,36.16617]]}},{"type":"Feature","properties":{"name":"Iron Horse Court","highway":"tertiary","osm":"way/1389966023"},"geometry":{"type":"LineString","coordinates":[[-115.15776,36.16055],[-115.15832,36.16054]]}},{"type":"Feature","properties":{"name":"East Carson Avenue","highway":"unclassified","osm":"way/1391537273"},"geometry":{"type":"LineString","coordinates":[[-115.14718,36.17056],[-115.14707,36.17051]]}},{"type":"Feature","properties":{"name":"Wilbur Clark D.I. Road","highway":"primary","osm":"way/1392275549"},"geometry":{"type":"LineString","coordinates":[[-115.1849,36.12982],[-115.18275,36.12973],[-115.18151,36.12995]]}},{"type":"Feature","properties":{"name":"Wilbur Clark D.I. Road","highway":"primary","osm":"way/1392275550"},"geometry":{"type":"LineString","coordinates":[[-115.17918,36.13111],[-115.17768,36.13141]]}},{"type":"Feature","properties":{"name":"West Desert Inn Road","highway":"tertiary","osm":"way/1392275553"},"geometry":{"type":"LineString","coordinates":[[-115.18454,36.12967],[-115.18315,36.12957]]}},{"type":"Feature","properties":{"name":null,"highway":"motorway_link","osm":"way/1392349785"},"geometry":{"type":"LineString","coordinates":[[-115.18013,36.09923],[-115.18001,36.10022]]}},{"type":"Feature","properties":{"name":null,"highway":"motorway_link","osm":"way/1392349786"},"geometry":{"type":"LineString","coordinates":[[-115.18107,36.09834],[-115.1811,36.09662]]}},{"type":"Feature","properties":{"name":"Clark Avenue","highway":"secondary","osm":"way/1393690266"},"geometry":{"type":"LineString","coordinates":[[-115.14667,36.16585],[-115.14707,36.16602]]}},{"type":"Feature","properties":{"name":"Highland Drive","highway":"unclassified","osm":"way/1394867209"},"geometry":{"type":"LineString","coordinates":[[-115.18128,36.1248],[-115.1813,36.12367]]}},{"type":"Feature","properties":{"name":"Highland Drive","highway":"unclassified","osm":"way/1394867210"},"geometry":{"type":"LineString","coordinates":[[-115.1814,36.12551],[-115.18128,36.1248]]}},{"type":"Feature","properties":{"name":"D Street Connector","highway":"secondary","osm":"way/1395049297"},"geometry":{"type":"LineString","coordinates":[[-115.14699,36.17841],[-115.14685,36.17858]]}},{"type":"Feature","properties":{"name":"North Eastern Avenue","highway":"primary","osm":"way/1395074262"},"geometry":{"type":"LineString","coordinates":[[-115.11571,36.16682],[-115.11571,36.16738]]}},{"type":"Feature","properties":{"name":"North Eastern Avenue","highway":"primary","osm":"way/1395074263"},"geometry":{"type":"LineString","coordinates":[[-115.11596,36.16737],[-115.11589,36.16657]]}},{"type":"Feature","properties":{"name":"North Eastern Avenue","highway":"primary","osm":"way/1395074264"},"geometry":{"type":"LineString","coordinates":[[-115.11572,36.16602],[-115.11571,36.16657]]}},{"type":"Feature","properties":{"name":"North Eastern Avenue","highway":"primary","osm":"way/1395074265"},"geometry":{"type":"LineString","coordinates":[[-115.11571,36.16657],[-115.11571,36.16682]]}},{"type":"Feature","properties":{"name":"North Eastern Avenue","highway":"primary","osm":"way/1395074266"},"geometry":{"type":"LineString","coordinates":[[-115.11573,36.16587],[-115.11572,36.16602]]}},{"type":"Feature","properties":{"name":"North Eastern Avenue","highway":"primary","osm":"way/1395074267"},"geometry":{"type":"LineString","coordinates":[[-115.11608,36.1702],[-115.11606,36.16973]]}},{"type":"Feature","properties":{"name":"Dean Martin Drive","highway":"tertiary","osm":"way/1395091071"},"geometry":{"type":"LineString","coordinates":[[-115.18241,36.10215],[-115.18207,36.10244]]}},{"type":"Feature","properties":{"name":"West Tompkins Avenue","highway":"tertiary","osm":"way/1395091080"},"geometry":{"type":"LineString","coordinates":[[-115.18449,36.10457],[-115.18555,36.10458]]}},{"type":"Feature","properties":{"name":"Dorothy Avenue","highway":"unclassified","osm":"way/1395126457"},"geometry":{"type":"LineString","coordinates":[[-115.13716,36.10322],[-115.1359,36.10321]]}},{"type":"Feature","properties":{"name":null,"highway":"motorway_link","osm":"way/1396508509"},"geometry":{"type":"LineString","coordinates":[[-115.15974,36.15878],[-115.15947,36.15891]]}},{"type":"Feature","properties":{"name":"28th Street","highway":"tertiary","osm":"way/1409643087"},"geometry":{"type":"LineString","coordinates":[[-115.11158,36.15877],[-115.11154,36.15891]]}},{"type":"Feature","properties":{"name":"West Ogden Avenue","highway":"secondary","osm":"way/1409643137"},"geometry":{"type":"LineString","coordinates":[[-115.14749,36.17365],[-115.14858,36.17364]]}},{"type":"Feature","properties":{"name":"West Ogden Avenue","highway":"secondary","osm":"way/1409643139"},"geometry":{"type":"LineString","coordinates":[[-115.14567,36.17288],[-115.14574,36.17292]]}},{"type":"Feature","properties":{"name":"28th Street","highway":"tertiary","osm":"way/1409954625"},"geometry":{"type":"LineString","coordinates":[[-115.11151,36.16272],[-115.11164,36.16546]]}},{"type":"Feature","properties":{"name":"28th Street","highway":"tertiary","osm":"way/1409954626"},"geometry":{"type":"LineString","coordinates":[[-115.11168,36.16763],[-115.11168,36.16802]]}},{"type":"Feature","properties":{"name":"North Eastern Avenue","highway":"primary","osm":"way/1409954627"},"geometry":{"type":"LineString","coordinates":[[-115.11571,36.16738],[-115.11574,36.16776]]}},{"type":"Feature","properties":{"name":"North Eastern Avenue","highway":"primary","osm":"way/1409954628"},"geometry":{"type":"LineString","coordinates":[[-115.11599,36.16775],[-115.11596,36.16737]]}},{"type":"Feature","properties":{"name":"North Eastern Avenue","highway":"primary","osm":"way/1409954629"},"geometry":{"type":"LineString","coordinates":[[-115.116,36.16808],[-115.11599,36.16775]]}},{"type":"Feature","properties":{"name":"North Eastern Avenue","highway":"primary","osm":"way/1409954630"},"geometry":{"type":"LineString","coordinates":[[-115.11574,36.16776],[-115.11576,36.16808]]}},{"type":"Feature","properties":{"name":"21st Street","highway":"residential","osm":"way/1409954631"},"geometry":{"type":"LineString","coordinates":[[-115.12067,36.16653],[-115.12067,36.16765]]}},{"type":"Feature","properties":{"name":"21st Street","highway":"residential","osm":"way/1409954632"},"geometry":{"type":"LineString","coordinates":[[-115.12067,36.16765],[-115.12067,36.16808]]}},{"type":"Feature","properties":{"name":null,"highway":"motorway_link","osm":"way/1409954633"},"geometry":{"type":"LineString","coordinates":[[-115.1193,36.16809],[-115.12024,36.16796]]}},{"type":"Feature","properties":{"name":"North Bruce Street","highway":"tertiary","osm":"way/1409954636"},"geometry":{"type":"LineString","coordinates":[[-115.1251,36.16647],[-115.12514,36.16797]]}},{"type":"Feature","properties":{"name":"North Bruce Street","highway":"tertiary","osm":"way/1409954637"},"geometry":{"type":"LineString","coordinates":[[-115.12514,36.16817],[-115.12514,36.16837]]}},{"type":"Feature","properties":{"name":"North 16th Street","highway":"residential","osm":"way/1409954638"},"geometry":{"type":"LineString","coordinates":[[-115.12683,36.16644],[-115.12602,36.1675],[-115.12602,36.1682]]}},{"type":"Feature","properties":{"name":"North 16th Street","highway":"residential","osm":"way/1409954639"},"geometry":{"type":"LineString","coordinates":[[-115.12602,36.1682],[-115.12603,36.16862]]}},{"type":"Feature","properties":{"name":"North 15th Street","highway":"residential","osm":"way/1409954640"},"geometry":{"type":"LineString","coordinates":[[-115.12789,36.16674],[-115.12712,36.16789],[-115.1271,36.16857]]}},{"type":"Feature","properties":{"name":"North 15th Street","highway":"residential","osm":"way/1409954641"},"geometry":{"type":"LineString","coordinates":[[-115.1271,36.16857],[-115.12711,36.16901]]}},{"type":"Feature","properties":{"name":"North 14th Street","highway":"residential","osm":"way/1409954643"},"geometry":{"type":"LineString","coordinates":[[-115.12886,36.16715],[-115.12814,36.16832]]}},{"type":"Feature","properties":{"name":"North 14th Street","highway":"residential","osm":"way/1409954644"},"geometry":{"type":"LineString","coordinates":[[-115.12818,36.16834],[-115.1282,36.16905]]}},{"type":"Feature","properties":{"name":"North 14th Street","highway":"residential","osm":"way/1409954645"},"geometry":{"type":"LineString","coordinates":[[-115.1282,36.16905],[-115.12819,36.16952]]}},{"type":"Feature","properties":{"name":"North 13th Street","highway":"secondary","osm":"way/1409954646"},"geometry":{"type":"LineString","coordinates":[[-115.1298,36.17028],[-115.1298,36.17073]]}},{"type":"Feature","properties":{"name":"North 13th Street","highway":"secondary","osm":"way/1409954647"},"geometry":{"type":"LineString","coordinates":[[-115.12979,36.16979],[-115.1298,36.17028]]}},{"type":"Feature","properties":{"name":"North Maryland Parkway","highway":"secondary","osm":"way/1409954648"},"geometry":{"type":"LineString","coordinates":[[-115.13017,36.17237],[-115.12996,36.17138]]}},{"type":"Feature","properties":{"name":"North Maryland Parkway","highway":"secondary","osm":"way/1409954649"},"geometry":{"type":"LineString","coordinates":[[-115.12997,36.17036],[-115.13006,36.16992]]}},{"type":"Feature","properties":{"name":"North 10th Street","highway":"residential","osm":"way/1409954650"},"geometry":{"type":"LineString","coordinates":[[-115.13343,36.16911],[-115.13273,36.17021],[-115.13271,36.17117]]}},{"type":"Feature","properties":{"name":"North 10th Street","highway":"residential","osm":"way/1409954651"},"geometry":{"type":"LineString","coordinates":[[-115.13271,36.17117],[-115.13271,36.17165]]}},{"type":"Feature","properties":{"name":"North 9th Street","highway":"residential","osm":"way/1409954655"},"geometry":{"type":"LineString","coordinates":[[-115.13397,36.17231],[-115.13396,36.17404]]}},{"type":"Feature","properties":{"name":"North 9th Street","highway":"residential","osm":"way/1409954656"},"geometry":{"type":"LineString","coordinates":[[-115.13397,36.17174],[-115.13397,36.17231]]}},{"type":"Feature","properties":{"name":"North 8th Street","highway":"residential","osm":"way/1409954657"},"geometry":{"type":"LineString","coordinates":[[-115.13434,36.17251],[-115.13398,36.1731]]}},{"type":"Feature","properties":{"name":"North 8th Street","highway":"residential","osm":"way/1409954658"},"geometry":{"type":"LineString","coordinates":[[-115.13457,36.17212],[-115.13434,36.17251]]}},{"type":"Feature","properties":{"name":"North 8th Street","highway":"residential","osm":"way/1409954659"},"geometry":{"type":"LineString","coordinates":[[-115.13466,36.17198],[-115.1346,36.17207]]}},{"type":"Feature","properties":{"name":"North 8th Street","highway":"residential","osm":"way/1409954660"},"geometry":{"type":"LineString","coordinates":[[-115.1346,36.17207],[-115.13457,36.17212]]}},{"type":"Feature","properties":{"name":"North 7th Street","highway":"tertiary","osm":"way/1409954666"},"geometry":{"type":"LineString","coordinates":[[-115.13539,36.17308],[-115.13487,36.1741]]}},{"type":"Feature","properties":{"name":"North 7th Street","highway":"tertiary","osm":"way/1409954667"},"geometry":{"type":"LineString","coordinates":[[-115.13566,36.17264],[-115.13549,36.17292]]}},{"type":"Feature","properties":{"name":"North 7th Street","highway":"tertiary","osm":"way/1409954668"},"geometry":{"type":"LineString","coordinates":[[-115.13549,36.17292],[-115.13545,36.17299]]}},{"type":"Feature","properties":{"name":"North 7th Street","highway":"tertiary","osm":"way/1409954669"},"geometry":{"type":"LineString","coordinates":[[-115.13545,36.17299],[-115.13539,36.17308]]}},{"type":"Feature","properties":{"name":"West Bonneville Avenue","highway":"secondary","osm":"way/1409954682"},"geometry":{"type":"LineString","coordinates":[[-115.1596,36.16617],[-115.15945,36.16618]]}},{"type":"Feature","properties":{"name":"West Bonneville Avenue","highway":"secondary","osm":"way/1409954683"},"geometry":{"type":"LineString","coordinates":[[-115.15939,36.1663],[-115.15956,36.1663]]}},{"type":"Feature","properties":{"name":"West Charleston Boulevard","highway":"primary","osm":"way/1409954686"},"geometry":{"type":"LineString","coordinates":[[-115.16028,36.1589],[-115.15996,36.15891]]}},{"type":"Feature","properties":{"name":"West Charleston Boulevard","highway":"primary","osm":"way/1409954687"},"geometry":{"type":"LineString","coordinates":[[-115.15999,36.15916],[-115.1603,36.15916]]}},{"type":"Feature","properties":{"name":"Hoover Avenue","highway":"unclassified","osm":"way/1410713658"},"geometry":{"type":"LineString","coordinates":[[-115.14677,36.15992],[-115.14681,36.15995]]}},{"type":"Feature","properties":{"name":"South Commerce Street","highway":"primary","osm":"way/1410713659"},"geometry":{"type":"LineString","coordinates":[[-115.15264,36.16247],[-115.15472,36.15927]]}},{"type":"Feature","properties":{"name":"South 4th Street","highway":"tertiary","osm":"way/1410713660"},"geometry":{"type":"LineString","coordinates":[[-115.14893,36.15886],[-115.14889,36.15892]]}},{"type":"Feature","properties":{"name":"Sirius Avenue","highway":"tertiary","osm":"way/1410727319"},"geometry":{"type":"LineString","coordinates":[[-115.1803,36.13347],[-115.18745,36.1337]]}},{"type":"Feature","properties":{"name":"East Owens Avenue","highway":"secondary","osm":"way/1410738757"},"geometry":{"type":"LineString","coordinates":[[-115.1149,36.18846],[-115.11121,36.18839]]}},{"type":"Feature","properties":{"name":"North Bruce Street","highway":"tertiary","osm":"way/1410738778"},"geometry":{"type":"LineString","coordinates":[[-115.12514,36.16797],[-115.12514,36.16817]]}},{"type":"Feature","properties":{"name":"East Bonanza Road","highway":"secondary","osm":"way/1410738779"},"geometry":{"type":"LineString","coordinates":[[-115.12964,36.17403],[-115.12513,36.174]]}},{"type":"Feature","properties":{"name":"28th Street","highway":"residential","osm":"way/1410738781"},"geometry":{"type":"LineString","coordinates":[[-115.11208,36.18114],[-115.11208,36.18115]]}},{"type":"Feature","properties":{"name":"Jansen Avenue","highway":"residential","osm":"way/1410738782"},"geometry":{"type":"LineString","coordinates":[[-115.11598,36.18236],[-115.11322,36.18231]]}},{"type":"Feature","properties":{"name":"Jansen Avenue","highway":"residential","osm":"way/1410738783"},"geometry":{"type":"LineString","coordinates":[[-115.11322,36.18231],[-115.11206,36.18229]]}},{"type":"Feature","properties":{"name":"Searles Avenue","highway":"tertiary","osm":"way/1410738784"},"geometry":{"type":"LineString","coordinates":[[-115.11601,36.18486],[-115.11315,36.18481]]}},{"type":"Feature","properties":{"name":"Searles Avenue","highway":"tertiary","osm":"way/1410738785"},"geometry":{"type":"LineString","coordinates":[[-115.11315,36.18481],[-115.11164,36.18478],[-115.11091,36.18503]]}},{"type":"Feature","properties":{"name":"Searles Avenue","highway":"tertiary","osm":"way/1410738786"},"geometry":{"type":"LineString","coordinates":[[-115.12506,36.18483],[-115.12513,36.18483]]}},{"type":"Feature","properties":{"name":"West Bonanza Road","highway":"secondary","osm":"way/1410738790"},"geometry":{"type":"LineString","coordinates":[[-115.15119,36.17718],[-115.1518,36.17717]]}},{"type":"Feature","properties":{"name":"East Desert Inn Road","highway":"primary","osm":"way/1411622361"},"geometry":{"type":"LineString","coordinates":[[-115.14461,36.12986],[-115.14536,36.12986]]}},{"type":"Feature","properties":{"name":"East Desert Inn Road","highway":"primary","osm":"way/1411622362"},"geometry":{"type":"LineString","coordinates":[[-115.14536,36.12986],[-115.14591,36.12984]]}},{"type":"Feature","properties":{"name":"East Desert Inn Road","highway":"primary","osm":"way/1411622363"},"geometry":{"type":"LineString","coordinates":[[-115.14271,36.12978],[-115.14223,36.12978]]}},{"type":"Feature","properties":{"name":"East Desert Inn Road","highway":"primary","osm":"way/1411622364"},"geometry":{"type":"LineString","coordinates":[[-115.14092,36.12985],[-115.14141,36.12985]]}},{"type":"Feature","properties":{"name":"East Desert Inn Road","highway":"primary","osm":"way/1411622365"},"geometry":{"type":"LineString","coordinates":[[-115.14093,36.12971],[-115.14058,36.12978]]}},{"type":"Feature","properties":{"name":"East Desert Inn Road","highway":"primary","osm":"way/1411622366"},"geometry":{"type":"LineString","coordinates":[[-115.14058,36.12978],[-115.14092,36.12985]]}},{"type":"Feature","properties":{"name":"East Desert Inn Road","highway":"primary","osm":"way/1411622367"},"geometry":{"type":"LineString","coordinates":[[-115.14141,36.12972],[-115.14093,36.12971]]}},{"type":"Feature","properties":{"name":"East Desert Inn Road","highway":"primary","osm":"way/1411622368"},"geometry":{"type":"LineString","coordinates":[[-115.1421,36.12972],[-115.14141,36.12972]]}},{"type":"Feature","properties":{"name":"East Desert Inn Road","highway":"primary","osm":"way/1411622369"},"geometry":{"type":"LineString","coordinates":[[-115.15655,36.12959],[-115.1562,36.12956]]}},{"type":"Feature","properties":{"name":"East Desert Inn Road","highway":"primary","osm":"way/1411622370"},"geometry":{"type":"LineString","coordinates":[[-115.16357,36.12983],[-115.16263,36.12959]]}},{"type":"Feature","properties":{"name":"East Desert Inn Road","highway":"primary","osm":"way/1411622371"},"geometry":{"type":"LineString","coordinates":[[-115.16395,36.13],[-115.16357,36.12983]]}},{"type":"Feature","properties":{"name":"Wilbur Clark D.I. Road","highway":"primary","osm":"way/1411622372"},"geometry":{"type":"LineString","coordinates":[[-115.16488,36.13057],[-115.16395,36.13]]}},{"type":"Feature","properties":{"name":null,"highway":"primary_link","osm":"way/1411622374"},"geometry":{"type":"LineString","coordinates":[[-115.1793,36.131],[-115.17918,36.13111]]}},{"type":"Feature","properties":{"name":null,"highway":"primary_link","osm":"way/1411622375"},"geometry":{"type":"LineString","coordinates":[[-115.18086,36.13025],[-115.18055,36.13033]]}},{"type":"Feature","properties":{"name":null,"highway":"motorway_link","osm":"way/1411622378"},"geometry":{"type":"LineString","coordinates":[[-115.18024,36.12231],[-115.18022,36.12316]]}},{"type":"Feature","properties":{"name":null,"highway":"motorway_link","osm":"way/1411622379"},"geometry":{"type":"LineString","coordinates":[[-115.18022,36.12215],[-115.18019,36.12231]]}},{"type":"Feature","properties":{"name":null,"highway":"secondary_link","osm":"way/1411622380"},"geometry":{"type":"LineString","coordinates":[[-115.17976,36.12672],[-115.18013,36.1265]]}},{"type":"Feature","properties":{"name":null,"highway":"motorway_link","osm":"way/1411622381"},"geometry":{"type":"LineString","coordinates":[[-115.17972,36.12665],[-115.18013,36.1265]]}},{"type":"Feature","properties":{"name":null,"highway":"primary_link","osm":"way/1411622383"},"geometry":{"type":"LineString","coordinates":[[-115.179,36.12764],[-115.17894,36.12742]]}},{"type":"Feature","properties":{"name":null,"highway":"motorway_link","osm":"way/1411622384"},"geometry":{"type":"LineString","coordinates":[[-115.17878,36.12743],[-115.17884,36.12777]]}},{"type":"Feature","properties":{"name":null,"highway":"motorway_link","osm":"way/1411622385"},"geometry":{"type":"LineString","coordinates":[[-115.17871,36.12715],[-115.17878,36.12739]]}},{"type":"Feature","properties":{"name":null,"highway":"motorway_link","osm":"way/1411622386"},"geometry":{"type":"LineString","coordinates":[[-115.17835,36.12653],[-115.17839,36.12663]]}},{"type":"Feature","properties":{"name":null,"highway":"motorway_link","osm":"way/1411622387"},"geometry":{"type":"LineString","coordinates":[[-115.17835,36.12653],[-115.17845,36.1266]]}},{"type":"Feature","properties":{"name":"West Twain Avenue","highway":"secondary","osm":"way/1411622388"},"geometry":{"type":"LineString","coordinates":[[-115.18015,36.11977],[-115.18,36.11977]]}},{"type":"Feature","properties":{"name":"West Twain Avenue","highway":"secondary","osm":"way/1411622389"},"geometry":{"type":"LineString","coordinates":[[-115.18118,36.11977],[-115.18103,36.11977]]}},{"type":"Feature","properties":{"name":null,"highway":"motorway_link","osm":"way/1411622390"},"geometry":{"type":"LineString","coordinates":[[-115.18051,36.114],[-115.18032,36.11477]]}},{"type":"Feature","properties":{"name":null,"highway":"primary_link","osm":"way/1411622391"},"geometry":{"type":"LineString","coordinates":[[-115.17884,36.12777],[-115.17898,36.12785]]}},{"type":"Feature","properties":{"name":"Western Avenue","highway":"unclassified","osm":"way/1411622392"},"geometry":{"type":"LineString","coordinates":[[-115.17837,36.12778],[-115.17858,36.12776]]}},{"type":"Feature","properties":{"name":"Highland Drive","highway":"tertiary","osm":"way/1411622393"},"geometry":{"type":"LineString","coordinates":[[-115.17884,36.12838],[-115.17884,36.12777]]}},{"type":"Feature","properties":{"name":null,"highway":"primary_link","osm":"way/1411622394"},"geometry":{"type":"LineString","coordinates":[[-115.17919,36.1278],[-115.17909,36.12771]]}},{"type":"Feature","properties":{"name":"South Rancho Drive","highway":"tertiary","osm":"way/1411622396"},"geometry":{"type":"LineString","coordinates":[[-115.18114,36.12992],[-115.18107,36.1304]]}},{"type":"Feature","properties":{"name":"West Desert Inn Road","highway":"primary","osm":"way/1411622397"},"geometry":{"type":"LineString","coordinates":[[-115.18789,36.12995],[-115.1849,36.12982]]}},{"type":"Feature","properties":{"name":null,"highway":"motorway_link","osm":"way/1411646513"},"geometry":{"type":"LineString","coordinates":[[-115.15963,36.16763],[-115.16008,36.16688]]}},{"type":"Feature","properties":{"name":"Fremont Street","highway":"primary","osm":"way/1412397505"},"geometry":{"type":"LineString","coordinates":[[-115.11689,36.15892],[-115.11665,36.15877]]}},{"type":"Feature","properties":{"name":"West Flamingo Road","highway":"primary","osm":"way/1412610417"},"geometry":{"type":"LineString","coordinates":[[-115.17288,36.11477],[-115.17298,36.11477]]}},{"type":"Feature","properties":{"name":"East Flamingo Road","highway":"primary","osm":"way/1412610418"},"geometry":{"type":"LineString","coordinates":[[-115.17288,36.1146],[-115.17277,36.11459]]}},{"type":"Feature","properties":{"name":"South Main Street","highway":"primary","osm":"way/1412637269"},"geometry":{"type":"LineString","coordinates":[[-115.15012,36.16604],[-115.15012,36.16592]]}},{"type":"Feature","properties":{"name":"South Main Street","highway":"primary","osm":"way/1412637270"},"geometry":{"type":"LineString","coordinates":[[-115.15012,36.16592],[-115.15,36.16602]]}},{"type":"Feature","properties":{"name":"East Bonneville Avenue","highway":"secondary","osm":"way/1412637271"},"geometry":{"type":"LineString","coordinates":[[-115.14966,36.16572],[-115.15012,36.16592]]}},{"type":"Feature","properties":{"name":"Davis Place","highway":"residential","osm":"way/1412637297"},"geometry":{"type":"LineString","coordinates":[[-115.13793,36.18837],[-115.13793,36.18842]]}},{"type":"Feature","properties":{"name":"Davis Place","highway":"residential","osm":"way/1412637298"},"geometry":{"type":"LineString","coordinates":[[-115.13793,36.1885],[-115.13793,36.1889]]}},{"type":"Feature","properties":{"name":null,"highway":"motorway_link","osm":"way/1413153331"},"geometry":{"type":"LineString","coordinates":[[-115.18001,36.10022],[-115.17988,36.10043]]}},{"type":"Feature","properties":{"name":null,"highway":"motorway_link","osm":"way/1413153332"},"geometry":{"type":"LineString","coordinates":[[-115.18103,36.1008],[-115.1812,36.10047]]}},{"type":"Feature","properties":{"name":"West Tropicana Avenue","highway":"primary","osm":"way/1413153333"},"geometry":{"type":"LineString","coordinates":[[-115.18272,36.10062],[-115.18213,36.10061]]}},{"type":"Feature","properties":{"name":"East Ogden Avenue","highway":"tertiary","osm":"way/1413999305"},"geometry":{"type":"LineString","coordinates":[[-115.1452,36.17274],[-115.14543,36.17284]]}},{"type":"Feature","properties":{"name":"East Ogden Avenue","highway":"tertiary","osm":"way/1413999308"},"geometry":{"type":"LineString","coordinates":[[-115.14506,36.17268],[-115.1452,36.17274]]}},{"type":"Feature","properties":{"name":"East Ogden Avenue","highway":"tertiary","osm":"way/1413999309"},"geometry":{"type":"LineString","coordinates":[[-115.14497,36.17264],[-115.14506,36.17268]]}},{"type":"Feature","properties":{"name":"North 1st Street","highway":"tertiary","osm":"way/1413999310"},"geometry":{"type":"LineString","coordinates":[[-115.14424,36.17274],[-115.14442,36.17246]]}},{"type":"Feature","properties":{"name":"North 1st Street","highway":"tertiary","osm":"way/1413999311"},"geometry":{"type":"LineString","coordinates":[[-115.14417,36.17286],[-115.14424,36.17274]]}},{"type":"Feature","properties":{"name":"North 1st Street","highway":"tertiary","osm":"way/1413999312"},"geometry":{"type":"LineString","coordinates":[[-115.14411,36.17283],[-115.14411,36.17289]]}},{"type":"Feature","properties":{"name":"North 1st Street","highway":"tertiary","osm":"way/1413999313"},"geometry":{"type":"LineString","coordinates":[[-115.14445,36.17236],[-115.14436,36.17244]]}},{"type":"Feature","properties":{"name":"North 1st Street","highway":"tertiary","osm":"way/1413999314"},"geometry":{"type":"LineString","coordinates":[[-115.14442,36.17246],[-115.14445,36.17236]]}},{"type":"Feature","properties":{"name":"East Ogden Avenue","highway":"residential","osm":"way/1413999319"},"geometry":{"type":"LineString","coordinates":[[-115.1159,36.16455],[-115.11573,36.16454]]}},{"type":"Feature","properties":{"name":"East Ogden Avenue","highway":"residential","osm":"way/1413999320"},"geometry":{"type":"LineString","coordinates":[[-115.1181,36.16454],[-115.1159,36.16455]]}},{"type":"Feature","properties":{"name":"East Ogden Avenue","highway":"residential","osm":"way/1413999323"},"geometry":{"type":"LineString","coordinates":[[-115.12511,36.16454],[-115.12388,36.16454]]}},{"type":"Feature","properties":{"name":"East Ogden Avenue","highway":"residential","osm":"way/1413999324"},"geometry":{"type":"LineString","coordinates":[[-115.12832,36.16576],[-115.12511,36.16454]]}},{"type":"Feature","properties":{"name":"East Ogden Avenue","highway":"tertiary","osm":"way/1413999325"},"geometry":{"type":"LineString","coordinates":[[-115.13815,36.16961],[-115.13809,36.16962]]}},{"type":"Feature","properties":{"name":"East Ogden Avenue","highway":"tertiary","osm":"way/1413999326"},"geometry":{"type":"LineString","coordinates":[[-115.13809,36.16962],[-115.13811,36.16967]]}},{"type":"Feature","properties":{"name":"East Ogden Avenue","highway":"tertiary","osm":"way/1413999327"},"geometry":{"type":"LineString","coordinates":[[-115.13824,36.16973],[-115.13831,36.16972]]}},{"type":"Feature","properties":{"name":"East Ogden Avenue","highway":"tertiary","osm":"way/1413999328"},"geometry":{"type":"LineString","coordinates":[[-115.13831,36.16972],[-115.13828,36.16967]]}},{"type":"Feature","properties":{"name":"East Ogden Avenue","highway":"tertiary","osm":"way/1413999329"},"geometry":{"type":"LineString","coordinates":[[-115.14073,36.1708],[-115.14092,36.17088]]}},{"type":"Feature","properties":{"name":"East Ogden Avenue","highway":"tertiary","osm":"way/1413999330"},"geometry":{"type":"LineString","coordinates":[[-115.14078,36.17073],[-115.14049,36.17065]]}},{"type":"Feature","properties":{"name":"East Ogden Avenue","highway":"tertiary","osm":"way/1413999331"},"geometry":{"type":"LineString","coordinates":[[-115.14092,36.17088],[-115.14103,36.17091]]}},{"type":"Feature","properties":{"name":"East Ogden Avenue","highway":"tertiary","osm":"way/1413999332"},"geometry":{"type":"LineString","coordinates":[[-115.14049,36.17065],[-115.14073,36.1708]]}},{"type":"Feature","properties":{"name":"East Ogden Avenue","highway":"tertiary","osm":"way/1413999333"},"geometry":{"type":"LineString","coordinates":[[-115.14103,36.17091],[-115.14097,36.17081]]}},{"type":"Feature","properties":{"name":"East Ogden Avenue","highway":"tertiary","osm":"way/1413999334"},"geometry":{"type":"LineString","coordinates":[[-115.14049,36.17065],[-115.13996,36.17043]]}},{"type":"Feature","properties":{"name":"East Ogden Avenue","highway":"tertiary","osm":"way/1413999335"},"geometry":{"type":"LineString","coordinates":[[-115.1416,36.17116],[-115.14103,36.17091]]}},{"type":"Feature","properties":{"name":"East Ogden Avenue","highway":"tertiary","osm":"way/1413999336"},"geometry":{"type":"LineString","coordinates":[[-115.14224,36.17144],[-115.14217,36.17141]]}},{"type":"Feature","properties":{"name":"East Ogden Avenue","highway":"tertiary","osm":"way/1413999337"},"geometry":{"type":"LineString","coordinates":[[-115.14251,36.17155],[-115.14224,36.17144]]}},{"type":"Feature","properties":{"name":"East Ogden Avenue","highway":"tertiary","osm":"way/1413999338"},"geometry":{"type":"LineString","coordinates":[[-115.14295,36.17172],[-115.14251,36.17155]]}},{"type":"Feature","properties":{"name":"East Ogden Avenue","highway":"tertiary","osm":"way/1413999339"},"geometry":{"type":"LineString","coordinates":[[-115.14331,36.17188],[-115.14295,36.17172]]}},{"type":"Feature","properties":{"name":"East Ogden Avenue","highway":"tertiary","osm":"way/1413999340"},"geometry":{"type":"LineString","coordinates":[[-115.14344,36.17193],[-115.14331,36.17188]]}},{"type":"Feature","properties":{"name":"East Ogden Avenue","highway":"tertiary","osm":"way/1413999341"},"geometry":{"type":"LineString","coordinates":[[-115.14381,36.17209],[-115.14349,36.17195]]}},{"type":"Feature","properties":{"name":"East Ogden Avenue","highway":"tertiary","osm":"way/1413999342"},"geometry":{"type":"LineString","coordinates":[[-115.14414,36.17223],[-115.14386,36.17211]]}},{"type":"Feature","properties":{"name":"East Ogden Avenue","highway":"tertiary","osm":"way/1413999343"},"geometry":{"type":"LineString","coordinates":[[-115.14445,36.17236],[-115.14452,36.17245]]}},{"type":"Feature","properties":{"name":"East Ogden Avenue","highway":"tertiary","osm":"way/1413999344"},"geometry":{"type":"LineString","coordinates":[[-115.14459,36.17236],[-115.14445,36.17236]]}},{"type":"Feature","properties":{"name":"East Ogden Avenue","highway":"tertiary","osm":"way/1413999345"},"geometry":{"type":"LineString","coordinates":[[-115.14479,36.17244],[-115.14459,36.17236]]}},{"type":"Feature","properties":{"name":"East Ogden Avenue","highway":"tertiary","osm":"way/1413999346"},"geometry":{"type":"LineString","coordinates":[[-115.14493,36.1725],[-115.14479,36.17244]]}},{"type":"Feature","properties":{"name":"East Ogden Avenue","highway":"tertiary","osm":"way/1413999348"},"geometry":{"type":"LineString","coordinates":[[-115.14543,36.17284],[-115.14556,36.17283]]}},{"type":"Feature","properties":{"name":"East Ogden Avenue","highway":"tertiary","osm":"way/1413999349"},"geometry":{"type":"LineString","coordinates":[[-115.14556,36.17283],[-115.14549,36.17274]]}},{"type":"Feature","properties":{"name":"East Ogden Avenue","highway":"tertiary","osm":"way/1413999350"},"geometry":{"type":"LineString","coordinates":[[-115.14452,36.17245],[-115.14497,36.17264]]}},{"type":"Feature","properties":{"name":"West Ogden Avenue","highway":"secondary","osm":"way/1413999351"},"geometry":{"type":"LineString","coordinates":[[-115.14602,36.17304],[-115.14624,36.17314]]}},{"type":"Feature","properties":{"name":"South City Parkway","highway":"tertiary","osm":"way/1414001371"},"geometry":{"type":"LineString","coordinates":[[-115.149,36.17275],[-115.14899,36.17263]]}},{"type":"Feature","properties":{"name":"North City Parkway","highway":"secondary","osm":"way/1414001373"},"geometry":{"type":"LineString","coordinates":[[-115.14925,36.174],[-115.14929,36.17396]]}},{"type":"Feature","properties":{"name":"North City Parkway","highway":"secondary","osm":"way/1414001375"},"geometry":{"type":"LineString","coordinates":[[-115.14929,36.17396],[-115.14921,36.17367]]}},{"type":"Feature","properties":{"name":"North City Parkway","highway":"secondary","osm":"way/1414001376"},"geometry":{"type":"LineString","coordinates":[[-115.1492,36.17397],[-115.14925,36.174]]}},{"type":"Feature","properties":{"name":"North City Parkway","highway":"secondary","osm":"way/1414001377"},"geometry":{"type":"LineString","coordinates":[[-115.14912,36.17369],[-115.1492,36.17397]]}},{"type":"Feature","properties":{"name":"South City Parkway","highway":"tertiary","osm":"way/1414001378"},"geometry":{"type":"LineString","coordinates":[[-115.14913,36.17351],[-115.149,36.17275]]}},{"type":"Feature","properties":{"name":"Koval Lane","highway":"secondary","osm":"way/1415265195"},"geometry":{"type":"LineString","coordinates":[[-115.16402,36.10749],[-115.16394,36.10741]]}},{"type":"Feature","properties":{"name":"Koval Lane","highway":"secondary","osm":"way/1415265196"},"geometry":{"type":"LineString","coordinates":[[-115.16389,36.10437],[-115.16396,36.10421]]}},{"type":"Feature","properties":{"name":"Koval Lane","highway":"secondary","osm":"way/1415265198"},"geometry":{"type":"LineString","coordinates":[[-115.16394,36.10025],[-115.16387,36.10014]]}},{"type":"Feature","properties":{"name":"Koval Lane","highway":"secondary","osm":"way/1415265204"},"geometry":{"type":"LineString","coordinates":[[-115.1638,36.09795],[-115.16386,36.09802]]}},{"type":"Feature","properties":{"name":"Koval Lane","highway":"secondary","osm":"way/1415265205"},"geometry":{"type":"LineString","coordinates":[[-115.16393,36.09795],[-115.16394,36.09779]]}},{"type":"Feature","properties":{"name":"Dean Martin Drive","highway":"secondary","osm":"way/1415641802"},"geometry":{"type":"LineString","coordinates":[[-115.1802,36.12072],[-115.18038,36.12063]]}},{"type":"Feature","properties":{"name":"Fremont Street","highway":"primary","osm":"way/1415713103"},"geometry":{"type":"LineString","coordinates":[[-115.11952,36.16015],[-115.11945,36.16007]]}},{"type":"Feature","properties":{"name":"Fremont Street","highway":"primary","osm":"way/1415713104"},"geometry":{"type":"LineString","coordinates":[[-115.11939,36.16016],[-115.11952,36.16015]]}},{"type":"Feature","properties":{"name":"Olive Street","highway":"residential","osm":"way/1416220097"},"geometry":{"type":"LineString","coordinates":[[-115.11229,36.15574],[-115.11242,36.15565]]}},{"type":"Feature","properties":{"name":"Olive Street","highway":"residential","osm":"way/1416220098"},"geometry":{"type":"LineString","coordinates":[[-115.11221,36.15569],[-115.11223,36.15575]]}},{"type":"Feature","properties":{"name":"Olive Street","highway":"residential","osm":"way/1416220099"},"geometry":{"type":"LineString","coordinates":[[-115.11242,36.15565],[-115.11243,36.15557]]}},{"type":"Feature","properties":{"name":"Olive Street","highway":"residential","osm":"way/1416220100"},"geometry":{"type":"LineString","coordinates":[[-115.11234,36.15558],[-115.11221,36.15569]]}},{"type":"Feature","properties":{"name":"Olive Street","highway":"residential","osm":"way/1416220101"},"geometry":{"type":"LineString","coordinates":[[-115.11243,36.15557],[-115.11234,36.15558]]}},{"type":"Feature","properties":{"name":"Olive Street","highway":"residential","osm":"way/1416220102"},"geometry":{"type":"LineString","coordinates":[[-115.11261,36.15541],[-115.11243,36.15557]]}},{"type":"Feature","properties":{"name":"Olive Street","highway":"residential","osm":"way/1416220103"},"geometry":{"type":"LineString","coordinates":[[-115.11223,36.15575],[-115.11229,36.15574]]}},{"type":"Feature","properties":{"name":"Las Vegas Freeway","highway":"motorway","osm":"way/1416345602"},"geometry":{"type":"LineString","coordinates":[[-115.14512,36.18109],[-115.14546,36.18073]]}},{"type":"Feature","properties":{"name":null,"highway":"motorway_link","osm":"way/1416345603"},"geometry":{"type":"LineString","coordinates":[[-115.1452,36.18113],[-115.1456,36.18073]]}},{"type":"Feature","properties":{"name":"Symphony Park Avenue","highway":"tertiary","osm":"way/1416390192"},"geometry":{"type":"LineString","coordinates":[[-115.15373,36.17043],[-115.15415,36.17061]]}},{"type":"Feature","properties":{"name":"Grand Central Parkway","highway":"secondary","osm":"way/1416390202"},"geometry":{"type":"LineString","coordinates":[[-115.15414,36.16936],[-115.15406,36.16949]]}},{"type":"Feature","properties":{"name":"Symphony Park Avenue","highway":"tertiary","osm":"way/1416390210"},"geometry":{"type":"LineString","coordinates":[[-115.16065,36.17166],[-115.15904,36.17154]]}},{"type":"Feature","properties":{"name":"Symphony Park Avenue","highway":"tertiary","osm":"way/1416390213"},"geometry":{"type":"LineString","coordinates":[[-115.15985,36.17175],[-115.15993,36.17175]]}},{"type":"Feature","properties":{"name":"Symphony Park Avenue","highway":"tertiary","osm":"way/1416390214"},"geometry":{"type":"LineString","coordinates":[[-115.15993,36.17175],[-115.16066,36.17176]]}},{"type":"Feature","properties":{"name":"Symphony Park Avenue","highway":"tertiary","osm":"way/1416390218"},"geometry":{"type":"LineString","coordinates":[[-115.15272,36.1702],[-115.15282,36.17021]]}},{"type":"Feature","properties":{"name":"Symphony Park Avenue","highway":"tertiary","osm":"way/1416390219"},"geometry":{"type":"LineString","coordinates":[[-115.15282,36.17021],[-115.15337,36.17036]]}},{"type":"Feature","properties":{"name":"East Tropicana Avenue","highway":"primary","osm":"way/1417068313"},"geometry":{"type":"LineString","coordinates":[[-115.14481,36.10094],[-115.14497,36.10102]]}},{"type":"Feature","properties":{"name":null,"highway":"primary_link","osm":"way/1417068314"},"geometry":{"type":"LineString","coordinates":[[-115.15029,36.10092],[-115.15019,36.10081]]}},{"type":"Feature","properties":{"name":"East Tropicana Avenue","highway":"primary","osm":"way/1417068315"},"geometry":{"type":"LineString","coordinates":[[-115.15553,36.10086],[-115.15357,36.10088]]}},{"type":"Feature","properties":{"name":null,"highway":"primary_link","osm":"way/1417068316"},"geometry":{"type":"LineString","coordinates":[[-115.16381,36.10027],[-115.16373,36.10042]]}},{"type":"Feature","properties":{"name":null,"highway":"primary_link","osm":"way/1417068317"},"geometry":{"type":"LineString","coordinates":[[-115.16345,36.1007],[-115.16331,36.10077]]}},{"type":"Feature","properties":{"name":"East Tropicana Avenue","highway":"primary","osm":"way/1417068318"},"geometry":{"type":"LineString","coordinates":[[-115.16508,36.1008],[-115.16487,36.1008]]}},{"type":"Feature","properties":{"name":null,"highway":"primary_link","osm":"way/1417068319"},"geometry":{"type":"LineString","coordinates":[[-115.17272,36.10123],[-115.17279,36.10132]]}},{"type":"Feature","properties":{"name":null,"highway":"primary_link","osm":"way/1417068320"},"geometry":{"type":"LineString","coordinates":[[-115.17231,36.10097],[-115.17244,36.10104]]}},{"type":"Feature","properties":{"name":"East Tropicana Avenue","highway":"primary","osm":"way/1417068321"},"geometry":{"type":"LineString","coordinates":[[-115.16295,36.10077],[-115.16283,36.10077]]}},{"type":"Feature","properties":{"name":null,"highway":"primary_link","osm":"way/1417068322"},"geometry":{"type":"LineString","coordinates":[[-115.16769,36.1008],[-115.1676,36.1009]]}},{"type":"Feature","properties":{"name":"East Tropicana Avenue","highway":"primary","osm":"way/1417068323"},"geometry":{"type":"LineString","coordinates":[[-115.16887,36.1008],[-115.16841,36.1008]]}},{"type":"Feature","properties":{"name":null,"highway":"primary_link","osm":"way/1417068324"},"geometry":{"type":"LineString","coordinates":[[-115.17642,36.1007],[-115.17575,36.1006]]}},{"type":"Feature","properties":{"name":"West Tropicana Avenue","highway":"primary","osm":"way/1417068325"},"geometry":{"type":"LineString","coordinates":[[-115.17642,36.1007],[-115.17563,36.10072]]}},{"type":"Feature","properties":{"name":null,"highway":"motorway_link","osm":"way/1417068326"},"geometry":{"type":"LineString","coordinates":[[-115.1781,36.10058],[-115.1774,36.10068]]}},{"type":"Feature","properties":{"name":null,"highway":"motorway_link","osm":"way/1417068328"},"geometry":{"type":"LineString","coordinates":[[-115.1812,36.10228],[-115.18121,36.10214]]}},{"type":"Feature","properties":{"name":null,"highway":"motorway_link","osm":"way/1417068329"},"geometry":{"type":"LineString","coordinates":[[-115.18102,36.10429],[-115.18103,36.1042]]}},{"type":"Feature","properties":{"name":null,"highway":"motorway_link","osm":"way/1417068330"},"geometry":{"type":"LineString","coordinates":[[-115.18086,36.10528],[-115.18102,36.10429]]}},{"type":"Feature","properties":{"name":"West Tropicana Avenue","highway":"primary","osm":"way/1417068331"},"geometry":{"type":"LineString","coordinates":[[-115.1796,36.10061],[-115.17918,36.10061]]}},{"type":"Feature","properties":{"name":null,"highway":"secondary_link","osm":"way/1417073613"},"geometry":{"type":"LineString","coordinates":[[-115.12516,36.18121],[-115.12501,36.18119]]}},{"type":"Feature","properties":{"name":null,"highway":"secondary_link","osm":"way/1417073614"},"geometry":{"type":"LineString","coordinates":[[-115.12396,36.18127],[-115.12501,36.18119]]}},{"type":"Feature","properties":{"name":"East Washington Avenue","highway":"secondary","osm":"way/1417073615"},"geometry":{"type":"LineString","coordinates":[[-115.12706,36.18111],[-115.12627,36.18113]]}},{"type":"Feature","properties":{"name":null,"highway":"secondary_link","osm":"way/1417073616"},"geometry":{"type":"LineString","coordinates":[[-115.12627,36.18113],[-115.12617,36.18115]]}},{"type":"Feature","properties":{"name":null,"highway":"secondary_link","osm":"way/1417073617"},"geometry":{"type":"LineString","coordinates":[[-115.12617,36.18115],[-115.12516,36.18121]]}},{"type":"Feature","properties":{"name":null,"highway":"motorway_link","osm":"way/1417454717"},"geometry":{"type":"LineString","coordinates":[[-115.17903,36.12579],[-115.17857,36.12588]]}},{"type":"Feature","properties":{"name":null,"highway":"motorway_link","osm":"way/1417454718"},"geometry":{"type":"LineString","coordinates":[[-115.18217,36.12618],[-115.1817,36.12603]]}},{"type":"Feature","properties":{"name":"Spring Mountain Road","highway":"secondary","osm":"way/1417454722"},"geometry":{"type":"LineString","coordinates":[[-115.17858,36.12605],[-115.1773,36.12593]]}},{"type":"Feature","properties":{"name":"Spring Mountain Road","highway":"primary","osm":"way/1417454723"},"geometry":{"type":"LineString","coordinates":[[-115.16927,36.12555],[-115.16938,36.12556]]}},{"type":"Feature","properties":{"name":"Sands Avenue","highway":"primary","osm":"way/1417454724"},"geometry":{"type":"LineString","coordinates":[[-115.16937,36.1254],[-115.16926,36.12538]]}},{"type":"Feature","properties":{"name":"Franklin Avenue","highway":"residential","osm":"way/1418140950"},"geometry":{"type":"LineString","coordinates":[[-115.13286,36.15508],[-115.13156,36.15487],[-115.12973,36.15497]]}},{"type":"Feature","properties":{"name":"South 10th Street","highway":"tertiary","osm":"way/1418554904"},"geometry":{"type":"LineString","coordinates":[[-115.14096,36.15885],[-115.14096,36.15878]]}},{"type":"Feature","properties":{"name":"Civic Center Drive","highway":"primary","osm":"way/1418554909"},"geometry":{"type":"LineString","coordinates":[[-115.11605,36.18849],[-115.11605,36.18854]]}},{"type":"Feature","properties":{"name":"North Eastern Avenue","highway":"primary","osm":"way/1418554910"},"geometry":{"type":"LineString","coordinates":[[-115.1162,36.18849],[-115.11619,36.18844]]}},{"type":"Feature","properties":{"name":"University Center Drive","highway":"secondary","osm":"way/1418554913"},"geometry":{"type":"LineString","coordinates":[[-115.14592,36.12971],[-115.14592,36.12978]]}},{"type":"Feature","properties":{"name":"Wynn Main Gate Drive","highway":"unclassified","osm":"way/1419057377"},"geometry":{"type":"LineString","coordinates":[[-115.16758,36.12747],[-115.16753,36.12745]]}},{"type":"Feature","properties":{"name":null,"highway":"unclassified","osm":"way/1419075070"},"geometry":{"type":"LineString","coordinates":[[-115.17189,36.11167],[-115.17186,36.11148]]}},{"type":"Feature","properties":{"name":"Paris Drive","highway":"unclassified","osm":"way/1419075071"},"geometry":{"type":"LineString","coordinates":[[-115.17186,36.11148],[-115.17166,36.11136]]}},{"type":"Feature","properties":{"name":null,"highway":"unclassified","osm":"way/1419075072"},"geometry":{"type":"LineString","coordinates":[[-115.17166,36.11136],[-115.17131,36.11154]]}},{"type":"Feature","properties":{"name":null,"highway":"primary_link","osm":"way/1419075073"},"geometry":{"type":"LineString","coordinates":[[-115.17324,36.11138],[-115.17339,36.11133]]}},{"type":"Feature","properties":{"name":"Bellagio Drive","highway":"unclassified","osm":"way/1419075076"},"geometry":{"type":"LineString","coordinates":[[-115.17282,36.11119],[-115.17312,36.11121]]}},{"type":"Feature","properties":{"name":null,"highway":"primary_link","osm":"way/1419080678"},"geometry":{"type":"LineString","coordinates":[[-115.1728,36.10574],[-115.17294,36.10588]]}},{"type":"Feature","properties":{"name":"Frank Sinatra Drive","highway":"secondary","osm":"way/1419745792"},"geometry":{"type":"LineString","coordinates":[[-115.18012,36.09825],[-115.18012,36.09773]]}},{"type":"Feature","properties":{"name":"Sammy Davis Junior Drive","highway":"secondary","osm":"way/1419745794"},"geometry":{"type":"LineString","coordinates":[[-115.1801,36.12066],[-115.18006,36.12068]]}},{"type":"Feature","properties":{"name":"Dean Martin Drive","highway":"secondary","osm":"way/1419745795"},"geometry":{"type":"LineString","coordinates":[[-115.18017,36.12074],[-115.1802,36.12072]]}},{"type":"Feature","properties":{"name":"Sammy Davis Junior Drive","highway":"secondary","osm":"way/1419745796"},"geometry":{"type":"LineString","coordinates":[[-115.18013,36.12076],[-115.18017,36.12074]]}},{"type":"Feature","properties":{"name":"West Harmon Avenue","highway":"secondary","osm":"way/1419748783"},"geometry":{"type":"LineString","coordinates":[[-115.18344,36.10809],[-115.18311,36.10809]]}},{"type":"Feature","properties":{"name":"Aria Way","highway":"unclassified","osm":"way/1419748784"},"geometry":{"type":"LineString","coordinates":[[-115.17735,36.10833],[-115.17746,36.10843]]}},{"type":"Feature","properties":{"name":"Paradise Road","highway":"primary","osm":"way/1420630722"},"geometry":{"type":"LineString","coordinates":[[-115.15216,36.10873],[-115.15224,36.10877]]}},{"type":"Feature","properties":{"name":"Paradise Road","highway":"primary","osm":"way/1420630723"},"geometry":{"type":"LineString","coordinates":[[-115.15224,36.10877],[-115.15228,36.10871]]}},{"type":"Feature","properties":{"name":"East Harmon Avenue","highway":"secondary","osm":"way/1420630724"},"geometry":{"type":"LineString","coordinates":[[-115.15334,36.10805],[-115.15345,36.108]]}},{"type":"Feature","properties":{"name":"East Harmon Avenue","highway":"secondary","osm":"way/1420630725"},"geometry":{"type":"LineString","coordinates":[[-115.15334,36.10794],[-115.15289,36.10793]]}},{"type":"Feature","properties":{"name":null,"highway":"primary_link","osm":"way/1420630726"},"geometry":{"type":"LineString","coordinates":[[-115.15151,36.10803],[-115.15172,36.10814]]}},{"type":"Feature","properties":{"name":"South Maryland Parkway","highway":"primary","osm":"way/1420630727"},"geometry":{"type":"LineString","coordinates":[[-115.13756,36.11112],[-115.13757,36.1112]]}},{"type":"Feature","properties":{"name":"East Harmon Avenue","highway":"secondary","osm":"way/1420630728"},"geometry":{"type":"LineString","coordinates":[[-115.13748,36.10775],[-115.13731,36.10775]]}},{"type":"Feature","properties":{"name":"Wayne Newton Boulevard","highway":"secondary","osm":"way/1420633182"},"geometry":{"type":"LineString","coordinates":[[-115.14811,36.0954],[-115.14805,36.09469]]}},{"type":"Feature","properties":{"name":"Paradise Road","highway":"primary","osm":"way/1420633184"},"geometry":{"type":"LineString","coordinates":[[-115.15033,36.1024],[-115.15002,36.10153]]}},{"type":"Feature","properties":{"name":"North 13th Street","highway":"secondary","osm":"way/1420863125"},"geometry":{"type":"LineString","coordinates":[[-115.1298,36.17073],[-115.1298,36.17104]]}},{"type":"Feature","properties":{"name":null,"highway":"secondary_link","osm":"way/1420863127"},"geometry":{"type":"LineString","coordinates":[[-115.13589,36.16078],[-115.13578,36.16105]]}},{"type":"Feature","properties":{"name":"North Maryland Parkway","highway":"secondary","osm":"way/1420863134"},"geometry":{"type":"LineString","coordinates":[[-115.12996,36.17138],[-115.12996,36.17105]]}},{"type":"Feature","properties":{"name":"North Maryland Parkway","highway":"secondary","osm":"way/1420863135"},"geometry":{"type":"LineString","coordinates":[[-115.12996,36.17105],[-115.12997,36.17036]]}},{"type":"Feature","properties":{"name":"North Maryland Parkway","highway":"secondary","osm":"way/1420863136"},"geometry":{"type":"LineString","coordinates":[[-115.13029,36.1726],[-115.13017,36.17237]]}},{"type":"Feature","properties":{"name":"North Maryland Parkway","highway":"secondary","osm":"way/1420863137"},"geometry":{"type":"LineString","coordinates":[[-115.13066,36.17443],[-115.13066,36.17408]]}},{"type":"Feature","properties":{"name":"North Maryland Parkway","highway":"secondary","osm":"way/1420863138"},"geometry":{"type":"LineString","coordinates":[[-115.13066,36.17446],[-115.13066,36.17443]]}},{"type":"Feature","properties":{"name":"North Maryland Parkway","highway":"secondary","osm":"way/1420863139"},"geometry":{"type":"LineString","coordinates":[[-115.13065,36.17608],[-115.13065,36.17577]]}},{"type":"Feature","properties":{"name":"North Maryland Parkway","highway":"secondary","osm":"way/1420863140"},"geometry":{"type":"LineString","coordinates":[[-115.13065,36.17577],[-115.13065,36.17467]]}},{"type":"Feature","properties":{"name":"North Maryland Parkway","highway":"secondary","osm":"way/1420863141"},"geometry":{"type":"LineString","coordinates":[[-115.12707,36.17825],[-115.1279,36.17824]]}},{"type":"Feature","properties":{"name":"North Maryland Parkway","highway":"secondary","osm":"way/1420863142"},"geometry":{"type":"LineString","coordinates":[[-115.1254,36.17862],[-115.12598,36.17829],[-115.12707,36.17825]]}},{"type":"Feature","properties":{"name":"North Maryland Parkway","highway":"secondary","osm":"way/1420863143"},"geometry":{"type":"LineString","coordinates":[[-115.12727,36.17812],[-115.1271,36.17812]]}},{"type":"Feature","properties":{"name":"North Maryland Parkway","highway":"secondary","osm":"way/1420863144"},"geometry":{"type":"LineString","coordinates":[[-115.1279,36.17812],[-115.12727,36.17812]]}},{"type":"Feature","properties":{"name":"South Maryland Parkway","highway":"primary","osm":"way/1420864604"},"geometry":{"type":"LineString","coordinates":[[-115.13699,36.13416],[-115.13698,36.13388]]}},{"type":"Feature","properties":{"name":"University Center Drive","highway":"secondary","osm":"way/1421078786"},"geometry":{"type":"LineString","coordinates":[[-115.14617,36.1269],[-115.14608,36.12627]]}},{"type":"Feature","properties":{"name":"East Desert Inn Road","highway":"primary","osm":"way/1421078788"},"geometry":{"type":"LineString","coordinates":[[-115.1472,36.12961],[-115.15151,36.12947]]}},{"type":"Feature","properties":{"name":"Sierra Vista Drive","highway":"unclassified","osm":"way/1421078789"},"geometry":{"type":"LineString","coordinates":[[-115.14539,36.12693],[-115.14605,36.12697]]}},{"type":"Feature","properties":{"name":null,"highway":"secondary_link","osm":"way/1421078791"},"geometry":{"type":"LineString","coordinates":[[-115.14593,36.12925],[-115.14605,36.12925]]}},{"type":"Feature","properties":{"name":"Sierra Vista Drive","highway":"residential","osm":"way/1421078792"},"geometry":{"type":"LineString","coordinates":[[-115.14378,36.12693],[-115.14154,36.12693]]}},{"type":"Feature","properties":{"name":"Sierra Vista Drive","highway":"unclassified","osm":"way/1421078793"},"geometry":{"type":"LineString","coordinates":[[-115.14617,36.12697],[-115.14686,36.12692]]}},{"type":"Feature","properties":{"name":"University Center Drive","highway":"secondary","osm":"way/1421078794"},"geometry":{"type":"LineString","coordinates":[[-115.14617,36.12697],[-115.14617,36.1269]]}},{"type":"Feature","properties":{"name":"University Center Drive","highway":"secondary","osm":"way/1421078795"},"geometry":{"type":"LineString","coordinates":[[-115.1461,36.1276],[-115.14599,36.12908]]}},{"type":"Feature","properties":{"name":"East Desert Inn Road","highway":"primary","osm":"way/1421078799"},"geometry":{"type":"LineString","coordinates":[[-115.14604,36.1297],[-115.14592,36.12971]]}},{"type":"Feature","properties":{"name":"Bel Air Drive","highway":"residential","osm":"way/1421078801"},"geometry":{"type":"LineString","coordinates":[[-115.14603,36.13093],[-115.14599,36.13107]]}},{"type":"Feature","properties":{"name":"Bel Air Drive","highway":"residential","osm":"way/1421078802"},"geometry":{"type":"LineString","coordinates":[[-115.14623,36.13073],[-115.14631,36.13063]]}},{"type":"Feature","properties":{"name":"University Center Drive","highway":"secondary","osm":"way/1421078804"},"geometry":{"type":"LineString","coordinates":[[-115.14603,36.12977],[-115.14604,36.1297]]}},{"type":"Feature","properties":{"name":"University Center Drive","highway":"secondary","osm":"way/1421078805"},"geometry":{"type":"LineString","coordinates":[[-115.14608,36.12627],[-115.14605,36.1269]]}},{"type":"Feature","properties":{"name":"University Center Drive","highway":"secondary","osm":"way/1421078806"},"geometry":{"type":"LineString","coordinates":[[-115.14593,36.12925],[-115.14592,36.12971]]}},{"type":"Feature","properties":{"name":"University Center Drive","highway":"secondary","osm":"way/1421078807"},"geometry":{"type":"LineString","coordinates":[[-115.14605,36.12697],[-115.1461,36.1276]]}},{"type":"Feature","properties":{"name":"University Center Drive","highway":"secondary","osm":"way/1421078808"},"geometry":{"type":"LineString","coordinates":[[-115.14599,36.12908],[-115.14593,36.12925]]}},{"type":"Feature","properties":{"name":"University Center Drive","highway":"secondary","osm":"way/1421078809"},"geometry":{"type":"LineString","coordinates":[[-115.14604,36.1297],[-115.14605,36.12925]]}},{"type":"Feature","properties":{"name":"Sierra Vista Drive","highway":"unclassified","osm":"way/1421078810"},"geometry":{"type":"LineString","coordinates":[[-115.14605,36.12697],[-115.14617,36.12697]]}},{"type":"Feature","properties":{"name":"Joe W. Brown Drive","highway":"tertiary","osm":"way/1421078811"},"geometry":{"type":"LineString","coordinates":[[-115.14607,36.1304],[-115.14603,36.12983]]}},{"type":"Feature","properties":{"name":"University Center Drive","highway":"secondary","osm":"way/1421078813"},"geometry":{"type":"LineString","coordinates":[[-115.1461,36.1276],[-115.14617,36.12697]]}},{"type":"Feature","properties":{"name":"University Center Drive","highway":"secondary","osm":"way/1421078814"},"geometry":{"type":"LineString","coordinates":[[-115.14605,36.12925],[-115.14599,36.12908]]}},{"type":"Feature","properties":{"name":"Bel Air Drive","highway":"residential","osm":"way/1421078815"},"geometry":{"type":"LineString","coordinates":[[-115.14599,36.13107],[-115.14611,36.13096]]}},{"type":"Feature","properties":{"name":"Sierra Vista Drive","highway":"unclassified","osm":"way/1421078816"},"geometry":{"type":"LineString","coordinates":[[-115.14617,36.1269],[-115.14605,36.1269]]}},{"type":"Feature","properties":{"name":"Joe W. Brown Drive","highway":"secondary","osm":"way/1421078817"},"geometry":{"type":"LineString","coordinates":[[-115.14603,36.12983],[-115.14603,36.12977]]}},{"type":"Feature","properties":{"name":"Bel Air Drive","highway":"residential","osm":"way/1421078818"},"geometry":{"type":"LineString","coordinates":[[-115.14616,36.13075],[-115.14603,36.13093]]}},{"type":"Feature","properties":{"name":"Bel Air Drive","highway":"residential","osm":"way/1421078819"},"geometry":{"type":"LineString","coordinates":[[-115.14611,36.13096],[-115.14624,36.13078]]}},{"type":"Feature","properties":{"name":"Blue Entrance","highway":"unclassified","osm":"way/1421196939"},"geometry":{"type":"LineString","coordinates":[[-115.14878,36.13364],[-115.14891,36.13332]]}},{"type":"Feature","properties":{"name":"Blue Entrance","highway":"unclassified","osm":"way/1421196940"},"geometry":{"type":"LineString","coordinates":[[-115.14891,36.13332],[-115.1489,36.13309]]}},{"type":"Feature","properties":{"name":"Blue Entrance","highway":"unclassified","osm":"way/1421196941"},"geometry":{"type":"LineString","coordinates":[[-115.1489,36.13309],[-115.14891,36.13284]]}},{"type":"Feature","properties":{"name":"Blue Entrance","highway":"unclassified","osm":"way/1421196963"},"geometry":{"type":"LineString","coordinates":[[-115.14821,36.13206],[-115.14793,36.13205]]}},{"type":"Feature","properties":{"name":"Blue Entrance","highway":"unclassified","osm":"way/1421196964"},"geometry":{"type":"LineString","coordinates":[[-115.14891,36.13229],[-115.14863,36.13206]]}},{"type":"Feature","properties":{"name":"Blue Entrance","highway":"unclassified","osm":"way/1421196967"},"geometry":{"type":"LineString","coordinates":[[-115.14863,36.13206],[-115.14821,36.13206]]}},{"type":"Feature","properties":{"name":"Blue Entrance","highway":"unclassified","osm":"way/1421196968"},"geometry":{"type":"LineString","coordinates":[[-115.14793,36.13205],[-115.14774,36.13205]]}},{"type":"Feature","properties":{"name":"Sierra Vista Drive","highway":"unclassified","osm":"way/1421196970"},"geometry":{"type":"LineString","coordinates":[[-115.14539,36.12693],[-115.14378,36.12693]]}},{"type":"Feature","properties":{"name":"South Road","highway":"unclassified","osm":"way/1421196973"},"geometry":{"type":"LineString","coordinates":[[-115.15319,36.12791],[-115.15288,36.12791]]}},{"type":"Feature","properties":{"name":"South Road","highway":"unclassified","osm":"way/1421196975"},"geometry":{"type":"LineString","coordinates":[[-115.15288,36.12791],[-115.15276,36.12787]]}},{"type":"Feature","properties":{"name":"South Road","highway":"unclassified","osm":"way/1421196976"},"geometry":{"type":"LineString","coordinates":[[-115.147,36.12817],[-115.14712,36.12808]]}},{"type":"Feature","properties":{"name":"Center Circle","highway":"unclassified","osm":"way/1421200211"},"geometry":{"type":"LineString","coordinates":[[-115.15663,36.11675],[-115.15633,36.11653],[-115.15528,36.11645]]}},{"type":"Feature","properties":{"name":"Sammy Davis Junior Drive","highway":"secondary","osm":"way/1421893863"},"geometry":{"type":"LineString","coordinates":[[-115.17139,36.13403],[-115.17116,36.13437]]}},{"type":"Feature","properties":{"name":"Sammy Davis Junior Drive","highway":"secondary","osm":"way/1421893865"},"geometry":{"type":"LineString","coordinates":[[-115.17154,36.13397],[-115.17139,36.13403]]}},{"type":"Feature","properties":{"name":"Sammy Davis Junior Drive","highway":"secondary","osm":"way/1421893866"},"geometry":{"type":"LineString","coordinates":[[-115.17132,36.13444],[-115.17155,36.13409]]}},{"type":"Feature","properties":{"name":"Sammy Davis Junior Drive","highway":"secondary","osm":"way/1421893867"},"geometry":{"type":"LineString","coordinates":[[-115.17155,36.13409],[-115.17154,36.13397]]}},{"type":"Feature","properties":{"name":"First Interstate Drive","highway":"unclassified","osm":"way/1421968659"},"geometry":{"type":"LineString","coordinates":[[-115.15886,36.1191],[-115.15736,36.11923]]}},{"type":"Feature","properties":{"name":"Line Renaud Road","highway":"unclassified","osm":"way/1422113644"},"geometry":{"type":"LineString","coordinates":[[-115.17532,36.11497],[-115.17532,36.11506]]}},{"type":"Feature","properties":{"name":"Lexington Street","highway":"unclassified","osm":"way/1422113654"},"geometry":{"type":"LineString","coordinates":[[-115.17284,36.12618],[-115.17393,36.12662]]}},{"type":"Feature","properties":{"name":"Fashion Lane","highway":"unclassified","osm":"way/1422113655"},"geometry":{"type":"LineString","coordinates":[[-115.17093,36.12614],[-115.17121,36.12614]]}},{"type":"Feature","properties":{"name":"Peru Lane","highway":"unclassified","osm":"way/1422113660"},"geometry":{"type":"LineString","coordinates":[[-115.17405,36.12705],[-115.17448,36.1271]]}},{"type":"Feature","properties":{"name":"Columbia Drive","highway":"unclassified","osm":"way/1422113661"},"geometry":{"type":"LineString","coordinates":[[-115.17448,36.1271],[-115.17506,36.12719]]}},{"type":"Feature","properties":{"name":"Olympic Boulevard","highway":"unclassified","osm":"way/1422113662"},"geometry":{"type":"LineString","coordinates":[[-115.17506,36.12719],[-115.17499,36.12773]]}},{"type":"Feature","properties":{"name":"Paris Avenue","highway":"unclassified","osm":"way/1422113665"},"geometry":{"type":"LineString","coordinates":[[-115.17499,36.12773],[-115.17484,36.12837]]}},{"type":"Feature","properties":{"name":"Fashion Lane","highway":"unclassified","osm":"way/1422113666"},"geometry":{"type":"LineString","coordinates":[[-115.17366,36.12827],[-115.17359,36.12862]]}},{"type":"Feature","properties":{"name":"Sammy Davis Junior Drive","highway":"secondary","osm":"way/1422271340"},"geometry":{"type":"LineString","coordinates":[[-115.17672,36.12595],[-115.17696,36.1256]]}},{"type":"Feature","properties":{"name":"Encore Resort Boulevard","highway":"unclassified","osm":"way/1422273842"},"geometry":{"type":"LineString","coordinates":[[-115.16517,36.1305],[-115.16557,36.13103]]}},{"type":"Feature","properties":{"name":"Encore Resort Boulevard","highway":"unclassified","osm":"way/1422273843"},"geometry":{"type":"LineString","coordinates":[[-115.16482,36.13021],[-115.16517,36.1305]]}},{"type":"Feature","properties":{"name":"Encore Resort Boulevard","highway":"unclassified","osm":"way/1422273844"},"geometry":{"type":"LineString","coordinates":[[-115.16452,36.13005],[-115.16482,36.13021]]}},{"type":"Feature","properties":{"name":"Encore Resort Boulevard","highway":"unclassified","osm":"way/1422273845"},"geometry":{"type":"LineString","coordinates":[[-115.16428,36.12992],[-115.16452,36.13005]]}},{"type":"Feature","properties":{"name":"West Desert Inn Road","highway":"tertiary","osm":"way/1422384476"},"geometry":{"type":"LineString","coordinates":[[-115.17498,36.12952],[-115.17486,36.12948]]}},{"type":"Feature","properties":{"name":"Fashion Show Drive","highway":"tertiary","osm":"way/1422384478"},"geometry":{"type":"LineString","coordinates":[[-115.17302,36.12881],[-115.1728,36.12881]]}},{"type":"Feature","properties":{"name":"Fashion Show Drive","highway":"tertiary","osm":"way/1422384479"},"geometry":{"type":"LineString","coordinates":[[-115.1728,36.12881],[-115.17273,36.12886]]}},{"type":"Feature","properties":{"name":"Fashion Show Drive","highway":"tertiary","osm":"way/1422384480"},"geometry":{"type":"LineString","coordinates":[[-115.17273,36.12886],[-115.17281,36.1289]]}},{"type":"Feature","properties":{"name":"Fashion Show Drive","highway":"tertiary","osm":"way/1422384481"},"geometry":{"type":"LineString","coordinates":[[-115.17302,36.12891],[-115.1732,36.12892]]}},{"type":"Feature","properties":{"name":"Fashion Show Drive","highway":"tertiary","osm":"way/1422384482"},"geometry":{"type":"LineString","coordinates":[[-115.17148,36.12885],[-115.17273,36.12886]]}},{"type":"Feature","properties":{"name":"Fashion Show Drive","highway":"tertiary","osm":"way/1422384483"},"geometry":{"type":"LineString","coordinates":[[-115.17005,36.12885],[-115.17011,36.12882]]}},{"type":"Feature","properties":{"name":"Fashion Show Drive","highway":"tertiary","osm":"way/1422384484"},"geometry":{"type":"LineString","coordinates":[[-115.17011,36.12882],[-115.1705,36.12885]]}},{"type":"Feature","properties":{"name":"Fashion Show Drive","highway":"tertiary","osm":"way/1422384485"},"geometry":{"type":"LineString","coordinates":[[-115.16982,36.12873],[-115.16996,36.12879]]}},{"type":"Feature","properties":{"name":"Fashion Show Drive","highway":"tertiary","osm":"way/1422384486"},"geometry":{"type":"LineString","coordinates":[[-115.17002,36.12875],[-115.16996,36.12879]]}},{"type":"Feature","properties":{"name":"Fashion Show Drive","highway":"tertiary","osm":"way/1422384487"},"geometry":{"type":"LineString","coordinates":[[-115.17011,36.12882],[-115.17007,36.12877]]}},{"type":"Feature","properties":{"name":"Fashion Show Drive","highway":"tertiary","osm":"way/1422384488"},"geometry":{"type":"LineString","coordinates":[[-115.17007,36.12877],[-115.17002,36.12875]]}},{"type":"Feature","properties":{"name":"Fashion Show Drive","highway":"tertiary","osm":"way/1422384489"},"geometry":{"type":"LineString","coordinates":[[-115.16996,36.12879],[-115.16999,36.12884]]}},{"type":"Feature","properties":{"name":"Fashion Show Drive","highway":"tertiary","osm":"way/1422384490"},"geometry":{"type":"LineString","coordinates":[[-115.16999,36.12884],[-115.17005,36.12885]]}},{"type":"Feature","properties":{"name":"Fashion Show Drive","highway":"tertiary","osm":"way/1422384494"},"geometry":{"type":"LineString","coordinates":[[-115.16939,36.12848],[-115.16982,36.12873]]}},{"type":"Feature","properties":{"name":"Fashion Show Drive","highway":"tertiary","osm":"way/1422384495"},"geometry":{"type":"LineString","coordinates":[[-115.16878,36.1281],[-115.169,36.12824]]}},{"type":"Feature","properties":{"name":"Fashion Show Drive","highway":"tertiary","osm":"way/1422384496"},"geometry":{"type":"LineString","coordinates":[[-115.169,36.12824],[-115.16878,36.1281]]}},{"type":"Feature","properties":{"name":"Bel Air Drive","highway":"residential","osm":"way/1422392922"},"geometry":{"type":"LineString","coordinates":[[-115.14624,36.13078],[-115.14623,36.13073]]}},{"type":"Feature","properties":{"name":"Bel Air Drive","highway":"residential","osm":"way/1422392923"},"geometry":{"type":"LineString","coordinates":[[-115.14623,36.13073],[-115.14616,36.13075]]}},{"type":"Feature","properties":{"name":"Joe W. Brown Drive","highway":"tertiary","osm":"way/1422392933"},"geometry":{"type":"LineString","coordinates":[[-115.14594,36.13021],[-115.14607,36.1304]]}},{"type":"Feature","properties":{"name":"East Desert Inn Road","highway":"primary","osm":"way/1422392936"},"geometry":{"type":"LineString","coordinates":[[-115.14592,36.12971],[-115.14461,36.12972]]}},{"type":"Feature","properties":{"name":"East Desert Inn Road","highway":"primary","osm":"way/1422392945"},"geometry":{"type":"LineString","coordinates":[[-115.14141,36.12985],[-115.14209,36.12985]]}},{"type":"Feature","properties":{"name":"Genting Boulevard","highway":"tertiary","osm":"way/1422745561"},"geometry":{"type":"LineString","coordinates":[[-115.17282,36.13185],[-115.17296,36.13191]]}},{"type":"Feature","properties":{"name":"Resorts World Connector","highway":"unclassified","osm":"way/1423019339"},"geometry":{"type":"LineString","coordinates":[[-115.16036,36.13367],[-115.16018,36.13359]]}},{"type":"Feature","properties":{"name":"Resorts World Connector","highway":"unclassified","osm":"way/1423019340"},"geometry":{"type":"LineString","coordinates":[[-115.16018,36.13359],[-115.15961,36.13335],[-115.15968,36.13318]]}},{"type":"Feature","properties":{"name":"Resorts World Connector","highway":"unclassified","osm":"way/1423019341"},"geometry":{"type":"LineString","coordinates":[[-115.16022,36.1334],[-115.16018,36.13359]]}},{"type":"Feature","properties":{"name":"Wilbur Clark D.I. Road","highway":"primary","osm":"way/1423411178"},"geometry":{"type":"LineString","coordinates":[[-115.1619,36.12966],[-115.16328,36.12985],[-115.16478,36.13066]]}},{"type":"Feature","properties":{"name":"Hughes Center Drive","highway":"unclassified","osm":"way/1423442821"},"geometry":{"type":"LineString","coordinates":[[-115.1591,36.116],[-115.15915,36.11597]]}},{"type":"Feature","properties":{"name":"Hughes Center Drive","highway":"unclassified","osm":"way/1423442822"},"geometry":{"type":"LineString","coordinates":[[-115.15912,36.11595],[-115.1591,36.116]]}},{"type":"Feature","properties":{"name":"East Naples Drive","highway":"unclassified","osm":"way/1423620931"},"geometry":{"type":"LineString","coordinates":[[-115.14982,36.10569],[-115.14949,36.10568]]}},{"type":"Feature","properties":{"name":"East Naples Drive","highway":"unclassified","osm":"way/1423620932"},"geometry":{"type":"LineString","coordinates":[[-115.14949,36.10568],[-115.14982,36.10569]]}},{"type":"Feature","properties":{"name":"Sierra Vista Drive","highway":"unclassified","osm":"way/1423694317"},"geometry":{"type":"LineString","coordinates":[[-115.14686,36.12692],[-115.14617,36.1269]]}},{"type":"Feature","properties":{"name":"Sierra Vista Drive","highway":"unclassified","osm":"way/1423929173"},"geometry":{"type":"LineString","coordinates":[[-115.15372,36.12683],[-115.15354,36.12683]]}},{"type":"Feature","properties":{"name":"Sierra Vista Drive","highway":"unclassified","osm":"way/1423929174"},"geometry":{"type":"LineString","coordinates":[[-115.15354,36.12683],[-115.14686,36.12692]]}},{"type":"Feature","properties":{"name":"Sierra Vista Drive","highway":"unclassified","osm":"way/1423929177"},"geometry":{"type":"LineString","coordinates":[[-115.15482,36.12682],[-115.15372,36.12683]]}},{"type":"Feature","properties":{"name":"Las Vegas Encore Loop","highway":"unclassified","osm":"way/1423951442"},"geometry":{"type":"LineString","coordinates":[[-115.15323,36.13086],[-115.15314,36.131]]}},{"type":"Feature","properties":{"name":"Las Vegas Encore Loop","highway":"unclassified","osm":"way/1423951445"},"geometry":{"type":"LineString","coordinates":[[-115.16047,36.12931],[-115.16057,36.12937]]}},{"type":"Feature","properties":{"name":"Las Vegas Encore Loop","highway":"unclassified","osm":"way/1423951446"},"geometry":{"type":"LineString","coordinates":[[-115.16034,36.1293],[-115.16047,36.12931]]}},{"type":"Feature","properties":{"name":"Las Vegas Encore Loop","highway":"unclassified","osm":"way/1423951448"},"geometry":{"type":"LineString","coordinates":[[-115.1608,36.12936],[-115.16047,36.12931]]}},{"type":"Feature","properties":{"name":"Las Vegas Encore Loop","highway":"unclassified","osm":"way/1423951449"},"geometry":{"type":"LineString","coordinates":[[-115.16034,36.1293],[-115.15577,36.12928],[-115.15394,36.13004],[-115.15323,36.13086]]}},{"type":"Feature","properties":{"name":"Resorts World Connector","highway":"unclassified","osm":"way/1423990616"},"geometry":{"type":"LineString","coordinates":[[-115.15976,36.13596],[-115.161,36.13609],[-115.1623,36.1359],[-115.16442,36.13293],[-115.16482,36.13271],[-115.16636,36.13283],[-115.16663,36.13332]]}},{"type":"Feature","properties":{"name":"Vegas Loop","highway":"unclassified","osm":"way/1423990617"},"geometry":{"type":"LineString","coordinates":[[-115.15928,36.13528],[-115.16036,36.13367]]}},{"type":"Feature","properties":{"name":"Encore Resort Boulevard","highway":"unclassified","osm":"way/1423990619"},"geometry":{"type":"LineString","coordinates":[[-115.1635,36.12943],[-115.16299,36.1293]]}},{"type":"Feature","properties":{"name":"Encore Resort Boulevard","highway":"unclassified","osm":"way/1423990620"},"geometry":{"type":"LineString","coordinates":[[-115.16372,36.1295],[-115.1635,36.12943]]}},{"type":"Feature","properties":{"name":"Encore Resort Boulevard","highway":"tertiary","osm":"way/1423990621"},"geometry":{"type":"LineString","coordinates":[[-115.16461,36.12994],[-115.16372,36.1295]]}},{"type":"Feature","properties":{"name":"Encore Resort Boulevard","highway":"unclassified","osm":"way/1423990622"},"geometry":{"type":"LineString","coordinates":[[-115.1621,36.12928],[-115.16365,36.12963]]}},{"type":"Feature","properties":{"name":"Encore Resort Boulevard","highway":"unclassified","osm":"way/1423990623"},"geometry":{"type":"LineString","coordinates":[[-115.16224,36.12917],[-115.16246,36.12838]]}},{"type":"Feature","properties":{"name":"Las Vegas Encore Loop","highway":"unclassified","osm":"way/1423990624"},"geometry":{"type":"LineString","coordinates":[[-115.1608,36.12936],[-115.1621,36.12928]]}},{"type":"Feature","properties":{"name":"Las Vegas Encore Loop","highway":"unclassified","osm":"way/1423990625"},"geometry":{"type":"LineString","coordinates":[[-115.16057,36.12937],[-115.1608,36.12936]]}},{"type":"Feature","properties":{"name":null,"highway":"primary_link","osm":"way/1423993625"},"geometry":{"type":"LineString","coordinates":[[-115.13509,36.17872],[-115.13495,36.17869]]}},{"type":"Feature","properties":{"name":null,"highway":"motorway_link","osm":"way/1424006895"},"geometry":{"type":"LineString","coordinates":[[-115.13818,36.1734],[-115.13802,36.17331]]}},{"type":"Feature","properties":{"name":"Market Center Service Driveway","highway":"primary_link","osm":"way/1424326334"},"geometry":{"type":"LineString","coordinates":[[-115.15945,36.16618],[-115.15939,36.1663]]}},{"type":"Feature","properties":{"name":"Convention Center Drive","highway":"tertiary","osm":"way/1424473296"},"geometry":{"type":"LineString","coordinates":[[-115.16359,36.13235],[-115.16368,36.13239]]}},{"type":"Feature","properties":{"name":"Convention Center Drive","highway":"tertiary","osm":"way/1424473299"},"geometry":{"type":"LineString","coordinates":[[-115.15915,36.13226],[-115.15886,36.13226]]}},{"type":"Feature","properties":{"name":"Convention Center Drive","highway":"tertiary","osm":"way/1424473300"},"geometry":{"type":"LineString","coordinates":[[-115.15914,36.13236],[-115.15924,36.13231]]}},{"type":"Feature","properties":{"name":"Convention Center Drive","highway":"tertiary","osm":"way/1424473301"},"geometry":{"type":"LineString","coordinates":[[-115.15886,36.13226],[-115.15877,36.1323]]}},{"type":"Feature","properties":{"name":"Convention Center Drive","highway":"tertiary","osm":"way/1424473302"},"geometry":{"type":"LineString","coordinates":[[-115.15877,36.1323],[-115.15887,36.13236]]}},{"type":"Feature","properties":{"name":"Convention Center Drive","highway":"tertiary","osm":"way/1424473313"},"geometry":{"type":"LineString","coordinates":[[-115.15797,36.13233],[-115.15805,36.1323]]}},{"type":"Feature","properties":{"name":"Convention Center Drive","highway":"tertiary","osm":"way/1424473314"},"geometry":{"type":"LineString","coordinates":[[-115.15805,36.1323],[-115.15797,36.13225]]}},{"type":"Feature","properties":{"name":"Convention Center Drive","highway":"tertiary","osm":"way/1424473315"},"geometry":{"type":"LineString","coordinates":[[-115.15704,36.13224],[-115.15694,36.13229]]}},{"type":"Feature","properties":{"name":"Convention Center Drive","highway":"tertiary","osm":"way/1424473316"},"geometry":{"type":"LineString","coordinates":[[-115.15703,36.13233],[-115.15736,36.13233]]}},{"type":"Feature","properties":{"name":"Convention Center Drive","highway":"tertiary","osm":"way/1424473317"},"geometry":{"type":"LineString","coordinates":[[-115.15588,36.13235],[-115.15598,36.13229]]}},{"type":"Feature","properties":{"name":"Convention Center Drive","highway":"tertiary","osm":"way/1424473318"},"geometry":{"type":"LineString","coordinates":[[-115.15598,36.13229],[-115.15589,36.13224]]}},{"type":"Feature","properties":{"name":"Convention Center Drive","highway":"unclassified","osm":"way/1424473321"},"geometry":{"type":"LineString","coordinates":[[-115.15362,36.132],[-115.15332,36.13199]]}},{"type":"Feature","properties":{"name":"Convention Center Drive","highway":"unclassified","osm":"way/1424473322"},"geometry":{"type":"LineString","coordinates":[[-115.15395,36.132],[-115.15362,36.132]]}},{"type":"Feature","properties":{"name":"Convention Center Drive","highway":"unclassified","osm":"way/1424473323"},"geometry":{"type":"LineString","coordinates":[[-115.15332,36.13199],[-115.15294,36.13142]]}},{"type":"Feature","properties":{"name":"Convention Center Drive","highway":"tertiary","osm":"way/1424473325"},"geometry":{"type":"LineString","coordinates":[[-115.15573,36.13235],[-115.15588,36.13235]]}},{"type":"Feature","properties":{"name":"Convention Center Drive","highway":"tertiary","osm":"way/1424473326"},"geometry":{"type":"LineString","coordinates":[[-115.15736,36.13233],[-115.15797,36.13233]]}},{"type":"Feature","properties":{"name":"Convention Center Drive","highway":"tertiary","osm":"way/1424473328"},"geometry":{"type":"LineString","coordinates":[[-115.15694,36.13229],[-115.15703,36.13233]]}},{"type":"Feature","properties":{"name":"Convention Center Drive","highway":"tertiary","osm":"way/1424473329"},"geometry":{"type":"LineString","coordinates":[[-115.15797,36.13225],[-115.15704,36.13224]]}},{"type":"Feature","properties":{"name":"Convention Center Drive","highway":"tertiary","osm":"way/1424473330"},"geometry":{"type":"LineString","coordinates":[[-115.15694,36.13229],[-115.15598,36.13229]]}},{"type":"Feature","properties":{"name":"Convention Center Drive","highway":"tertiary","osm":"way/1424473331"},"geometry":{"type":"LineString","coordinates":[[-115.16027,36.13232],[-115.15924,36.13231]]}},{"type":"Feature","properties":{"name":"Convention Center Drive","highway":"tertiary","osm":"way/1424473332"},"geometry":{"type":"LineString","coordinates":[[-115.15887,36.13236],[-115.15914,36.13236]]}},{"type":"Feature","properties":{"name":"Convention Center Drive","highway":"tertiary","osm":"way/1424473333"},"geometry":{"type":"LineString","coordinates":[[-115.15877,36.1323],[-115.15805,36.1323]]}},{"type":"Feature","properties":{"name":"Convention Center Drive","highway":"tertiary","osm":"way/1424473334"},"geometry":{"type":"LineString","coordinates":[[-115.15924,36.13231],[-115.15915,36.13226]]}},{"type":"Feature","properties":{"name":null,"highway":"primary_link","osm":"way/1424479818"},"geometry":{"type":"LineString","coordinates":[[-115.17254,36.10072],[-115.17231,36.10078]]}},{"type":"Feature","properties":{"name":null,"highway":"primary_link","osm":"way/1424479819"},"geometry":{"type":"LineString","coordinates":[[-115.17284,36.10033],[-115.17276,36.10054]]}},{"type":"Feature","properties":{"name":"West Tropicana Avenue","highway":"primary","osm":"way/1425416618"},"geometry":{"type":"LineString","coordinates":[[-115.18003,36.10092],[-115.18071,36.10091]]}},{"type":"Feature","properties":{"name":null,"highway":"motorway_link","osm":"way/1425416619"},"geometry":{"type":"LineString","coordinates":[[-115.18002,36.1006],[-115.18003,36.10092]]}},{"type":"Feature","properties":{"name":"West Tropicana Avenue","highway":"primary","osm":"way/1425416620"},"geometry":{"type":"LineString","coordinates":[[-115.18002,36.1006],[-115.1796,36.10061]]}},{"type":"Feature","properties":{"name":"Wilbur Street","highway":"unclassified","osm":"way/1425881235"},"geometry":{"type":"LineString","coordinates":[[-115.14143,36.10134],[-115.14181,36.10131]]}},{"type":"Feature","properties":{"name":"West Bonneville Avenue","highway":"secondary","osm":"way/1426105870"},"geometry":{"type":"LineString","coordinates":[[-115.15956,36.1663],[-115.15996,36.1663]]}},{"type":"Feature","properties":{"name":"West Bonneville Avenue","highway":"secondary","osm":"way/1426105871"},"geometry":{"type":"LineString","coordinates":[[-115.15996,36.1663],[-115.16007,36.1663]]}},{"type":"Feature","properties":{"name":"Grand Central Parkway","highway":"secondary","osm":"way/1426303874"},"geometry":{"type":"LineString","coordinates":[[-115.15863,36.15895],[-115.15861,36.15908]]}},{"type":"Feature","properties":{"name":"West Charleston Boulevard","highway":"primary","osm":"way/1426303875"},"geometry":{"type":"LineString","coordinates":[[-115.15831,36.15886],[-115.15676,36.15881]]}},{"type":"Feature","properties":{"name":"Morgan Cashmans Way","highway":"unclassified","osm":"way/1426477299"},"geometry":{"type":"LineString","coordinates":[[-115.18178,36.12264],[-115.18206,36.12219]]}},{"type":"Feature","properties":{"name":null,"highway":"secondary_link","osm":"way/1426477312"},"geometry":{"type":"LineString","coordinates":[[-115.18102,36.12639],[-115.18139,36.12633]]}},{"type":"Feature","properties":{"name":"Promenade Place","highway":"unclassified","osm":"way/1426509226"},"geometry":{"type":"LineString","coordinates":[[-115.15384,36.16736],[-115.15345,36.16812]]}},{"type":"Feature","properties":{"name":"Promenade Place","highway":"unclassified","osm":"way/1426509227"},"geometry":{"type":"LineString","coordinates":[[-115.15345,36.16812],[-115.15292,36.16894]]}},{"type":"Feature","properties":{"name":"Promenade Place","highway":"unclassified","osm":"way/1426509228"},"geometry":{"type":"LineString","coordinates":[[-115.15292,36.16894],[-115.15249,36.16959]]}},{"type":"Feature","properties":{"name":"Promenade Place","highway":"unclassified","osm":"way/1426509229"},"geometry":{"type":"LineString","coordinates":[[-115.15249,36.16959],[-115.15217,36.17006]]}},{"type":"Feature","properties":{"name":"Promenade Place","highway":"unclassified","osm":"way/1426509230"},"geometry":{"type":"LineString","coordinates":[[-115.15217,36.17006],[-115.15063,36.17159]]}},{"type":"Feature","properties":{"name":"Symphony Park Avenue","highway":"tertiary","osm":"way/1426509231"},"geometry":{"type":"LineString","coordinates":[[-115.15217,36.17006],[-115.15272,36.1702]]}},{"type":"Feature","properties":{"name":"East Carson Avenue","highway":"tertiary","osm":"way/1426509245"},"geometry":{"type":"LineString","coordinates":[[-115.14028,36.16759],[-115.14138,36.16805]]}},{"type":"Feature","properties":{"name":"Stewart Avenue","highway":"secondary","osm":"way/1426509246"},"geometry":{"type":"LineString","coordinates":[[-115.13805,36.1711],[-115.13691,36.17062]]}},{"type":"Feature","properties":{"name":"South 1st Street","highway":"unclassified","osm":"way/1426562669"},"geometry":{"type":"LineString","coordinates":[[-115.14904,36.16534],[-115.14923,36.16504]]}},{"type":"Feature","properties":{"name":"Marlin Avenue","highway":"residential","osm":"way/1426730775"},"geometry":{"type":"LineString","coordinates":[[-115.12979,36.16896],[-115.12928,36.16884]]}},{"type":"Feature","properties":{"name":"Franklin Avenue","highway":"unclassified","osm":"way/1426772078"},"geometry":{"type":"LineString","coordinates":[[-115.14388,36.15505],[-115.1405,36.15509]]}},{"type":"Feature","properties":{"name":"Franklin Avenue","highway":"residential","osm":"way/1426772079"},"geometry":{"type":"LineString","coordinates":[[-115.14615,36.15514],[-115.14388,36.15505]]}},{"type":"Feature","properties":{"name":null,"highway":"motorway_link","osm":"way/1426772138"},"geometry":{"type":"LineString","coordinates":[[-115.17908,36.11448],[-115.17895,36.11449]]}},{"type":"Feature","properties":{"name":"West Flamingo Road","highway":"primary","osm":"way/1426772140"},"geometry":{"type":"LineString","coordinates":[[-115.17909,36.11456],[-115.17862,36.11461]]}},{"type":"Feature","properties":{"name":"Fremont Street","highway":"primary","osm":"way/1426918443"},"geometry":{"type":"LineString","coordinates":[[-115.14062,36.16922],[-115.14032,36.16909]]}},{"type":"Feature","properties":{"name":"Fremont Street","highway":"primary","osm":"way/1426918444"},"geometry":{"type":"LineString","coordinates":[[-115.14032,36.16909],[-115.14,36.16895]]}},{"type":"Feature","properties":{"name":"South 1st Street","highway":"unclassified","osm":"way/1426925916"},"geometry":{"type":"LineString","coordinates":[[-115.14932,36.1649],[-115.14951,36.16463]]}},{"type":"Feature","properties":{"name":"South Casino Center Boulevard","highway":"secondary","osm":"way/1427207954"},"geometry":{"type":"LineString","coordinates":[[-115.14413,36.17074],[-115.14437,36.17028]]}},{"type":"Feature","properties":{"name":"North Casino Center Boulevard","highway":"secondary","osm":"way/1427207955"},"geometry":{"type":"LineString","coordinates":[[-115.14404,36.1707],[-115.14376,36.17121]]}},{"type":"Feature","properties":{"name":"North Casino Center Boulevard","highway":"secondary","osm":"way/1427207956"},"geometry":{"type":"LineString","coordinates":[[-115.14376,36.17121],[-115.14413,36.17074]]}},{"type":"Feature","properties":{"name":"South Casino Center Boulevard","highway":"secondary","osm":"way/1427207957"},"geometry":{"type":"LineString","coordinates":[[-115.14437,36.17028],[-115.14404,36.1707]]}},{"type":"Feature","properties":{"name":"Iron Horse Court","highway":"secondary","osm":"way/1427207965"},"geometry":{"type":"LineString","coordinates":[[-115.15782,36.16162],[-115.15797,36.16169]]}},{"type":"Feature","properties":{"name":"South Casino Center Boulevard","highway":"secondary","osm":"way/1427209655"},"geometry":{"type":"LineString","coordinates":[[-115.1477,36.16532],[-115.14795,36.16495]]}},{"type":"Feature","properties":{"name":"East Twain Avenue","highway":"unclassified","osm":"way/1428415130"},"geometry":{"type":"LineString","coordinates":[[-115.13589,36.12172],[-115.13494,36.12166]]}},{"type":"Feature","properties":{"name":"East Twain Avenue","highway":"secondary","osm":"way/1428415131"},"geometry":{"type":"LineString","coordinates":[[-115.13793,36.12215],[-115.13748,36.12214]]}},{"type":"Feature","properties":{"name":"East Twain Avenue","highway":"unclassified","osm":"way/1428415132"},"geometry":{"type":"LineString","coordinates":[[-115.13589,36.12172],[-115.13652,36.12213]]}},{"type":"Feature","properties":{"name":"East Twain Avenue","highway":"secondary","osm":"way/1428415133"},"geometry":{"type":"LineString","coordinates":[[-115.13747,36.12223],[-115.13843,36.12221]]}},{"type":"Feature","properties":{"name":"East Twain Avenue","highway":"unclassified","osm":"way/1428415134"},"geometry":{"type":"LineString","coordinates":[[-115.13652,36.12213],[-115.13687,36.1222]]}},{"type":"Feature","properties":{"name":"East Twain Avenue","highway":"unclassified","osm":"way/1428415135"},"geometry":{"type":"LineString","coordinates":[[-115.13687,36.1222],[-115.13731,36.12222]]}},{"type":"Feature","properties":{"name":"East Twain Avenue","highway":"secondary","osm":"way/1428415136"},"geometry":{"type":"LineString","coordinates":[[-115.13731,36.12222],[-115.13747,36.12223]]}},{"type":"Feature","properties":{"name":"South Maryland Parkway","highway":"primary","osm":"way/1428415137"},"geometry":{"type":"LineString","coordinates":[[-115.13732,36.12209],[-115.13731,36.12222]]}},{"type":"Feature","properties":{"name":"East Twain Avenue","highway":"secondary","osm":"way/1428415138"},"geometry":{"type":"LineString","coordinates":[[-115.14178,36.12217],[-115.14131,36.12217]]}},{"type":"Feature","properties":{"name":"East Twain Avenue","highway":"secondary","osm":"way/1428415139"},"geometry":{"type":"LineString","coordinates":[[-115.13843,36.12221],[-115.13856,36.12217]]}},{"type":"Feature","properties":{"name":"West Flamingo Road","highway":"primary","osm":"way/1428896521"},"geometry":{"type":"LineString","coordinates":[[-115.18156,36.1143],[-115.18124,36.11434]]}},{"type":"Feature","properties":{"name":"Western Avenue","highway":"tertiary","osm":"way/1428896540"},"geometry":{"type":"LineString","coordinates":[[-115.15956,36.15674],[-115.15957,36.1558]]}},{"type":"Feature","properties":{"name":"East Desert Inn Road","highway":"primary","osm":"way/1428906156"},"geometry":{"type":"LineString","coordinates":[[-115.15409,36.12955],[-115.15421,36.12956]]}},{"type":"Feature","properties":{"name":"East Desert Inn Road","highway":"primary","osm":"way/1428906157"},"geometry":{"type":"LineString","coordinates":[[-115.15421,36.12956],[-115.15428,36.12957]]}},{"type":"Feature","properties":{"name":"East Desert Inn Road","highway":"primary","osm":"way/1428906159"},"geometry":{"type":"LineString","coordinates":[[-115.15421,36.1294],[-115.1541,36.12939]]}},{"type":"Feature","properties":{"name":"East Desert Inn Road","highway":"primary","osm":"way/1428906160"},"geometry":{"type":"LineString","coordinates":[[-115.15429,36.12941],[-115.15421,36.1294]]}},{"type":"Feature","properties":{"name":"East Desert Inn Road","highway":"primary","osm":"way/1428906163"},"geometry":{"type":"LineString","coordinates":[[-115.1541,36.12939],[-115.15395,36.12938]]}},{"type":"Feature","properties":{"name":"East Desert Inn Road","highway":"primary","osm":"way/1428906165"},"geometry":{"type":"LineString","coordinates":[[-115.15394,36.12954],[-115.15409,36.12955]]}},{"type":"Feature","properties":{"name":"East Desert Inn Road","highway":"primary","osm":"way/1428906168"},"geometry":{"type":"LineString","coordinates":[[-115.15255,36.12948],[-115.15279,36.12948]]}},{"type":"Feature","properties":{"name":"East Desert Inn Road","highway":"primary","osm":"way/1428906169"},"geometry":{"type":"LineString","coordinates":[[-115.15279,36.12948],[-115.15306,36.12948]]}},{"type":"Feature","properties":{"name":"East Desert Inn Road","highway":"primary","osm":"way/1428906170"},"geometry":{"type":"LineString","coordinates":[[-115.15306,36.12936],[-115.15279,36.12936]]}},{"type":"Feature","properties":{"name":"East Desert Inn Road","highway":"primary","osm":"way/1428906171"},"geometry":{"type":"LineString","coordinates":[[-115.15279,36.12936],[-115.15255,36.12935]]}},{"type":"Feature","properties":{"name":"East Desert Inn Road","highway":"primary","osm":"way/1428906174"},"geometry":{"type":"LineString","coordinates":[[-115.14603,36.12983],[-115.1472,36.12961]]}},{"type":"Feature","properties":{"name":"East Desert Inn Road","highway":"primary","osm":"way/1428906175"},"geometry":{"type":"LineString","coordinates":[[-115.14717,36.12949],[-115.14703,36.12952]]}},{"type":"Feature","properties":{"name":"East Desert Inn Road","highway":"primary","osm":"way/1429050249"},"geometry":{"type":"LineString","coordinates":[[-115.14209,36.12985],[-115.14223,36.12978]]}},{"type":"Feature","properties":{"name":"East Desert Inn Road","highway":"primary","osm":"way/1429050250"},"geometry":{"type":"LineString","coordinates":[[-115.14223,36.12978],[-115.1421,36.12972]]}},{"type":"Feature","properties":{"name":"East Mesquite Avenue","highway":"unclassified","osm":"way/1429421616"},"geometry":{"type":"LineString","coordinates":[[-115.13835,36.17273],[-115.13619,36.17179]]}},{"type":"Feature","properties":{"name":"South 11th Street","highway":"unclassified","osm":"way/1429421617"},"geometry":{"type":"LineString","coordinates":[[-115.13382,36.1663],[-115.13458,36.16513]]}},{"type":"Feature","properties":{"name":"Park Paseo","highway":"unclassified","osm":"way/1429421618"},"geometry":{"type":"LineString","coordinates":[[-115.14873,36.15702],[-115.14753,36.15697]]}},{"type":"Feature","properties":{"name":"West Harmon Avenue","highway":"secondary","osm":"way/1430104055"},"geometry":{"type":"LineString","coordinates":[[-115.18471,36.10811],[-115.18401,36.1081]]}},{"type":"Feature","properties":{"name":"Del Mar Street","highway":"unclassified","osm":"way/1431036966"},"geometry":{"type":"LineString","coordinates":[[-115.13569,36.10597],[-115.13611,36.10601]]}},{"type":"Feature","properties":{"name":"Del Mar Street","highway":"residential","osm":"way/1431036967"},"geometry":{"type":"LineString","coordinates":[[-115.13569,36.10581],[-115.13562,36.10579]]}},{"type":"Feature","properties":{"name":"University Road","highway":"unclassified","osm":"way/1431036992"},"geometry":{"type":"LineString","coordinates":[[-115.13725,36.10447],[-115.13739,36.10449]]}},{"type":"Feature","properties":{"name":"University Road","highway":"unclassified","osm":"way/1431036993"},"geometry":{"type":"LineString","coordinates":[[-115.13738,36.10443],[-115.13725,36.10447]]}},{"type":"Feature","properties":{"name":"University Road","highway":"unclassified","osm":"way/1431036994"},"geometry":{"type":"LineString","coordinates":[[-115.13811,36.10446],[-115.13806,36.10443]]}},{"type":"Feature","properties":{"name":"University Road","highway":"unclassified","osm":"way/1431036995"},"geometry":{"type":"LineString","coordinates":[[-115.13806,36.10449],[-115.13811,36.10446]]}},{"type":"Feature","properties":{"name":"East Charleston Boulevard","highway":"primary","osm":"way/1431317668"},"geometry":{"type":"LineString","coordinates":[[-115.11635,36.15877],[-115.11597,36.15877]]}},{"type":"Feature","properties":{"name":"Fremont Street","highway":"primary","osm":"way/1431317669"},"geometry":{"type":"LineString","coordinates":[[-115.11635,36.15877],[-115.11656,36.15892]]}},{"type":"Feature","properties":{"name":"East Charleston Boulevard","highway":"primary","osm":"way/1431317670"},"geometry":{"type":"LineString","coordinates":[[-115.11656,36.15892],[-115.11689,36.15892]]}},{"type":"Feature","properties":{"name":"Fremont Street","highway":"primary","osm":"way/1431317671"},"geometry":{"type":"LineString","coordinates":[[-115.11632,36.15856],[-115.11361,36.15623]]}},{"type":"Feature","properties":{"name":"Fremont Street","highway":"primary","osm":"way/1431317672"},"geometry":{"type":"LineString","coordinates":[[-115.1165,36.15868],[-115.11632,36.15856]]}},{"type":"Feature","properties":{"name":"East Reno Avenue","highway":"tertiary","osm":"way/1432135483"},"geometry":{"type":"LineString","coordinates":[[-115.17179,36.09732],[-115.17146,36.09731]]}},{"type":"Feature","properties":{"name":null,"highway":"primary_link","osm":"way/1432448184"},"geometry":{"type":"LineString","coordinates":[[-115.1453,36.17343],[-115.14518,36.17342]]}},{"type":"Feature","properties":{"name":null,"highway":"primary_link","osm":"way/1432448185"},"geometry":{"type":"LineString","coordinates":[[-115.14518,36.17342],[-115.14526,36.17349]]}},{"type":"Feature","properties":{"name":null,"highway":"primary_link","osm":"way/1432448186"},"geometry":{"type":"LineString","coordinates":[[-115.1475,36.16987],[-115.14757,36.16995]]}},{"type":"Feature","properties":{"name":null,"highway":"primary_link","osm":"way/1432504886"},"geometry":{"type":"LineString","coordinates":[[-115.17788,36.10079],[-115.17598,36.10097]]}},{"type":"Feature","properties":{"name":"East Rochelle Avenue","highway":"tertiary","osm":"way/1432639302"},"geometry":{"type":"LineString","coordinates":[[-115.13689,36.11113],[-115.13661,36.11113]]}},{"type":"Feature","properties":{"name":null,"highway":"motorway_link","osm":"way/1432666669"},"geometry":{"type":"LineString","coordinates":[[-115.18084,36.13082],[-115.18086,36.13066]]}},{"type":"Feature","properties":{"name":null,"highway":"motorway_link","osm":"way/1432666672"},"geometry":{"type":"LineString","coordinates":[[-115.15977,36.16648],[-115.15958,36.16733]]}},{"type":"Feature","properties":{"name":"21st Street","highway":"tertiary","osm":"way/1432688709"},"geometry":{"type":"LineString","coordinates":[[-115.12065,36.18842],[-115.12065,36.18846]]}},{"type":"Feature","properties":{"name":"McDaniel Street","highway":"tertiary","osm":"way/1432688710"},"geometry":{"type":"LineString","coordinates":[[-115.12065,36.18846],[-115.12065,36.18852]]}},{"type":"Feature","properties":{"name":"25th Street","highway":"unclassified","osm":"way/1432688711"},"geometry":{"type":"LineString","coordinates":[[-115.11614,36.16129],[-115.11606,36.16073]]}},{"type":"Feature","properties":{"name":"28th Street","highway":"tertiary","osm":"way/1432692137"},"geometry":{"type":"LineString","coordinates":[[-115.11164,36.16546],[-115.11151,36.16272]]}},{"type":"Feature","properties":{"name":"Sunrise Avenue","highway":"tertiary","osm":"way/1432692140"},"geometry":{"type":"LineString","coordinates":[[-115.10912,36.16267],[-115.11151,36.16272]]}},{"type":"Feature","properties":{"name":"28th Street","highway":"tertiary","osm":"way/1432692141"},"geometry":{"type":"LineString","coordinates":[[-115.11164,36.16546],[-115.11168,36.16763]]}},{"type":"Feature","properties":{"name":"Escondido Street","highway":"residential","osm":"way/1433139878"},"geometry":{"type":"LineString","coordinates":[[-115.13519,36.10941],[-115.13512,36.1077]]}},{"type":"Feature","properties":{"name":"Las Vegas Freeway","highway":"motorway","osm":"way/1433667342"},"geometry":{"type":"LineString","coordinates":[[-115.1451,36.18116],[-115.1451,36.18116]]}},{"type":"Feature","properties":{"name":"East Bonneville Avenue","highway":"secondary","osm":"way/1433877548"},"geometry":{"type":"LineString","coordinates":[[-115.15018,36.16583],[-115.14964,36.16559]]}},{"type":"Feature","properties":{"name":"University Center Drive","highway":"primary","osm":"way/1433959221"},"geometry":{"type":"LineString","coordinates":[[-115.14982,36.10569],[-115.15013,36.10662]]}},{"type":"Feature","properties":{"name":"Dean Martin Drive","highway":"secondary","osm":"way/1433960938"},"geometry":{"type":"LineString","coordinates":[[-115.18237,36.1172],[-115.18202,36.11782]]}},{"type":"Feature","properties":{"name":"West Monroe Avenue","highway":"tertiary","osm":"way/1433983154"},"geometry":{"type":"LineString","coordinates":[[-115.1519,36.18487],[-115.15625,36.1849]]}},{"type":"Feature","properties":{"name":"H Street","highway":"tertiary","osm":"way/1433983155"},"geometry":{"type":"LineString","coordinates":[[-115.1519,36.18487],[-115.15193,36.18791]]}},{"type":"Feature","properties":{"name":"F Street","highway":"tertiary","osm":"way/1433983156"},"geometry":{"type":"LineString","coordinates":[[-115.14952,36.18847],[-115.14971,36.18796]]}},{"type":"Feature","properties":{"name":"Excalibur Way","highway":"unclassified","osm":"way/1433985896"},"geometry":{"type":"LineString","coordinates":[[-115.17664,36.10011],[-115.17505,36.10012]]}},{"type":"Feature","properties":{"name":"Franklin Avenue","highway":"residential","osm":"way/1433999251"},"geometry":{"type":"LineString","coordinates":[[-115.1405,36.15509],[-115.13756,36.15508]]}},{"type":"Feature","properties":{"name":"North Main Street","highway":"secondary","osm":"way/1433999252"},"geometry":{"type":"LineString","coordinates":[[-115.13531,36.1885],[-115.13476,36.1893]]}},{"type":"Feature","properties":{"name":"North Main Street","highway":"secondary","osm":"way/1433999253"},"geometry":{"type":"LineString","coordinates":[[-115.13501,36.18913],[-115.13506,36.18905]]}},{"type":"Feature","properties":{"name":"Harrison Avenue","highway":"secondary","osm":"way/1434004652"},"geometry":{"type":"LineString","coordinates":[[-115.14971,36.18796],[-115.1447,36.18818]]}},{"type":"Feature","properties":{"name":"West Owens Avenue","highway":"secondary","osm":"way/1434004653"},"geometry":{"type":"LineString","coordinates":[[-115.14952,36.18847],[-115.15148,36.18847]]}},{"type":"Feature","properties":{"name":"Symphony Park Avenue","highway":"tertiary","osm":"way/1434404998"},"geometry":{"type":"LineString","coordinates":[[-115.15249,36.16959],[-115.15112,36.16901]]}},{"type":"Feature","properties":{"name":"East Bonanza Road","highway":"secondary","osm":"way/1434404999"},"geometry":{"type":"LineString","coordinates":[[-115.11843,36.17398],[-115.11749,36.17397]]}},{"type":"Feature","properties":{"name":"East Wilson Avenue","highway":"residential","osm":"way/1435012050"},"geometry":{"type":"LineString","coordinates":[[-115.13136,36.17577],[-115.13065,36.17577]]}},{"type":"Feature","properties":{"name":"East Wilson Avenue","highway":"residential","osm":"way/1435012051"},"geometry":{"type":"LineString","coordinates":[[-115.1305,36.17576],[-115.12992,36.17573]]}},{"type":"Feature","properties":{"name":"North Bruce Street","highway":"tertiary","osm":"way/1435014313"},"geometry":{"type":"LineString","coordinates":[[-115.12512,36.17101],[-115.12513,36.174]]}},{"type":"Feature","properties":{"name":"Sagman Street","highway":"residential","osm":"way/1435014541"},"geometry":{"type":"LineString","coordinates":[[-115.12707,36.17825],[-115.12706,36.1787]]}},{"type":"Feature","properties":{"name":"Demetrius Avenue","highway":"residential","osm":"way/1435017548"},"geometry":{"type":"LineString","coordinates":[[-115.12353,36.18362],[-115.12062,36.18372]]}},{"type":"Feature","properties":{"name":"I Street","highway":"residential","osm":"way/1435021554"},"geometry":{"type":"LineString","coordinates":[[-115.154,36.18082],[-115.15398,36.18176]]}},{"type":"Feature","properties":{"name":"South City Parkway","highway":"tertiary","osm":"way/1435023395"},"geometry":{"type":"LineString","coordinates":[[-115.14899,36.17263],[-115.1497,36.17118]]}},{"type":"Feature","properties":{"name":"J Street","highway":"tertiary","osm":"way/1435029449"},"geometry":{"type":"LineString","coordinates":[[-115.15626,36.18171],[-115.15626,36.18178]]}},{"type":"Feature","properties":{"name":"J Street","highway":"tertiary","osm":"way/1435029450"},"geometry":{"type":"LineString","coordinates":[[-115.15627,36.18085],[-115.15626,36.18171]]}},{"type":"Feature","properties":{"name":"North 15th Street","highway":"residential","osm":"way/1435029459"},"geometry":{"type":"LineString","coordinates":[[-115.12711,36.16901],[-115.12709,36.17101]]}},{"type":"Feature","properties":{"name":"East Mesquite Avenue","highway":"residential","osm":"way/1435029460"},"geometry":{"type":"LineString","coordinates":[[-115.12709,36.17101],[-115.12512,36.17101]]}},{"type":"Feature","properties":{"name":"East Mesquite Avenue","highway":"residential","osm":"way/1435029461"},"geometry":{"type":"LineString","coordinates":[[-115.12512,36.17101],[-115.11613,36.17108]]}},{"type":"Feature","properties":{"name":"North Maryland Parkway","highway":"secondary","osm":"way/1435029462"},"geometry":{"type":"LineString","coordinates":[[-115.1271,36.17812],[-115.12614,36.17812]]}},{"type":"Feature","properties":{"name":"North Bruce Street","highway":"tertiary","osm":"way/1435029463"},"geometry":{"type":"LineString","coordinates":[[-115.1254,36.17793],[-115.1254,36.17764]]}},{"type":"Feature","properties":{"name":"South 11th Street","highway":"residential","osm":"way/1435030513"},"geometry":{"type":"LineString","coordinates":[[-115.13795,36.15509],[-115.13793,36.15232]]}},{"type":"Feature","properties":{"name":"H Street","highway":"tertiary","osm":"way/1435030514"},"geometry":{"type":"LineString","coordinates":[[-115.15186,36.18177],[-115.1519,36.18487]]}},{"type":"Feature","properties":{"name":"North Bruce Street","highway":"tertiary","osm":"way/1435030516"},"geometry":{"type":"LineString","coordinates":[[-115.12511,36.16454],[-115.12509,36.16554]]}},{"type":"Feature","properties":{"name":"East Mesquite Avenue","highway":"residential","osm":"way/1435032822"},"geometry":{"type":"LineString","coordinates":[[-115.12819,36.17104],[-115.12709,36.17101]]}},{"type":"Feature","properties":{"name":"South Las Vegas Boulevard","highway":"primary","osm":"way/1435042393"},"geometry":{"type":"LineString","coordinates":[[-115.14873,36.15702],[-115.14985,36.15532]]}},{"type":"Feature","properties":{"name":"South Las Vegas Boulevard","highway":"primary","osm":"way/1435042397"},"geometry":{"type":"LineString","coordinates":[[-115.14781,36.1582],[-115.14743,36.15878]]}},{"type":"Feature","properties":{"name":"South Las Vegas Boulevard","highway":"primary","osm":"way/1435042401"},"geometry":{"type":"LineString","coordinates":[[-115.14759,36.15878],[-115.14797,36.15821]]}},{"type":"Feature","properties":{"name":"28th Street","highway":"tertiary","osm":"way/1435050797"},"geometry":{"type":"LineString","coordinates":[[-115.11172,36.1719],[-115.11173,36.17385]]}},{"type":"Feature","properties":{"name":"Marlin Avenue","highway":"residential","osm":"way/1435057502"},"geometry":{"type":"LineString","coordinates":[[-115.12513,36.16739],[-115.12292,36.16741]]}},{"type":"Feature","properties":{"name":"Marlin Avenue","highway":"residential","osm":"way/1435057504"},"geometry":{"type":"LineString","coordinates":[[-115.12611,36.16746],[-115.12514,36.16705]]}},{"type":"Feature","properties":{"name":"Clark Avenue","highway":"residential","osm":"way/1436006407"},"geometry":{"type":"LineString","coordinates":[[-115.13563,36.16109],[-115.13459,36.16065]]}},{"type":"Feature","properties":{"name":null,"highway":"secondary_link","osm":"way/1436140576"},"geometry":{"type":"LineString","coordinates":[[-115.18151,36.10286],[-115.18172,36.10265]]}},{"type":"Feature","properties":{"name":"Dean Martin Drive","highway":"secondary","osm":"way/1436142472"},"geometry":{"type":"LineString","coordinates":[[-115.1813,36.10334],[-115.18136,36.10296]]}},{"type":"Feature","properties":{"name":null,"highway":"motorway_link","osm":"way/1436311006"},"geometry":{"type":"LineString","coordinates":[[-115.17982,36.1141],[-115.17972,36.11429]]}},{"type":"Feature","properties":{"name":"Palo Verde Street","highway":"residential","osm":"way/1436518000"},"geometry":{"type":"LineString","coordinates":[[-115.14983,36.12369],[-115.14996,36.12367]]}},{"type":"Feature","properties":{"name":"Elm Drive","highway":"residential","osm":"way/1436518001"},"geometry":{"type":"LineString","coordinates":[[-115.15115,36.12299],[-115.15052,36.12297]]}},{"type":"Feature","properties":{"name":"Hazelwood Street","highway":"residential","osm":"way/1436518002"},"geometry":{"type":"LineString","coordinates":[[-115.14818,36.12172],[-115.14818,36.12121]]}},{"type":"Feature","properties":{"name":"East Twain Avenue","highway":"secondary","osm":"way/1436518003"},"geometry":{"type":"LineString","coordinates":[[-115.14762,36.12132],[-115.14667,36.12159]]}},{"type":"Feature","properties":{"name":"Blue Entrance","highway":"unclassified","osm":"way/1436529414"},"geometry":{"type":"LineString","coordinates":[[-115.14891,36.13284],[-115.14891,36.13261]]}},{"type":"Feature","properties":{"name":"Bellagio Drive","highway":"unclassified","osm":"way/1436542129"},"geometry":{"type":"LineString","coordinates":[[-115.17325,36.11105],[-115.17313,36.11106]]}},{"type":"Feature","properties":{"name":"Western Avenue","highway":"unclassified","osm":"way/1436542446"},"geometry":{"type":"LineString","coordinates":[[-115.17653,36.12966],[-115.17682,36.12923]]}},{"type":"Feature","properties":{"name":"Western Avenue","highway":"unclassified","osm":"way/1436542447"},"geometry":{"type":"LineString","coordinates":[[-115.17799,36.12789],[-115.17837,36.12778]]}},{"type":"Feature","properties":{"name":"South Road","highway":"unclassified","osm":"way/1436548244"},"geometry":{"type":"LineString","coordinates":[[-115.15389,36.12791],[-115.15428,36.12794]]}},{"type":"Feature","properties":{"name":"Silver Drive","highway":"unclassified","osm":"way/1436548245"},"geometry":{"type":"LineString","coordinates":[[-115.15405,36.1281],[-115.15383,36.12827]]}},{"type":"Feature","properties":{"name":"Silver Drive","highway":"unclassified","osm":"way/1436548246"},"geometry":{"type":"LineString","coordinates":[[-115.15383,36.12827],[-115.15306,36.1289]]}},{"type":"Feature","properties":{"name":"Vegas Plaza Drive","highway":"unclassified","osm":"way/1436554066"},"geometry":{"type":"LineString","coordinates":[[-115.17492,36.12449],[-115.17491,36.12383]]}},{"type":"Feature","properties":{"name":"Vegas Plaza Drive","highway":"unclassified","osm":"way/1436554067"},"geometry":{"type":"LineString","coordinates":[[-115.17492,36.12494],[-115.17492,36.12449]]}},{"type":"Feature","properties":{"name":"Fredrika Drive","highway":"residential","osm":"way/1436561802"},"geometry":{"type":"LineString","coordinates":[[-115.15061,36.11679],[-115.15027,36.11677]]}},{"type":"Feature","properties":{"name":"Audrie Street","highway":"unclassified","osm":"way/1436568239"},"geometry":{"type":"LineString","coordinates":[[-115.16764,36.11318],[-115.16762,36.11183]]}},{"type":"Feature","properties":{"name":"Audrie Street","highway":"unclassified","osm":"way/1436568240"},"geometry":{"type":"LineString","coordinates":[[-115.16762,36.11183],[-115.16762,36.11133]]}},{"type":"Feature","properties":{"name":"East Desert Inn Road","highway":"primary","osm":"way/1436570093"},"geometry":{"type":"LineString","coordinates":[[-115.1566,36.12975],[-115.15914,36.12973]]}},{"type":"Feature","properties":{"name":"Fashion Show Drive","highway":"tertiary","osm":"way/1436571429"},"geometry":{"type":"LineString","coordinates":[[-115.169,36.12824],[-115.16939,36.12848]]}},{"type":"Feature","properties":{"name":"Stan Mallin Drive","highway":"unclassified","osm":"way/1436573986"},"geometry":{"type":"LineString","coordinates":[[-115.17985,36.11977],[-115.17881,36.11975]]}},{"type":"Feature","properties":{"name":"Jay Sarno Way","highway":"unclassified","osm":"way/1436576141"},"geometry":{"type":"LineString","coordinates":[[-115.17492,36.11846],[-115.17529,36.11843]]}},{"type":"Feature","properties":{"name":"Westwood Drive","highway":"unclassified","osm":"way/1436577538"},"geometry":{"type":"LineString","coordinates":[[-115.17794,36.13337],[-115.17902,36.13172]]}},{"type":"Feature","properties":{"name":"Spring Mountain Road","highway":"primary","osm":"way/1436715589"},"geometry":{"type":"LineString","coordinates":[[-115.17449,36.12562],[-115.17324,36.1255]]}},{"type":"Feature","properties":{"name":"Lexington Street","highway":"unclassified","osm":"way/1436721639"},"geometry":{"type":"LineString","coordinates":[[-115.17136,36.12612],[-115.17226,36.12604]]}},{"type":"Feature","properties":{"name":"Fashion Lane","highway":"unclassified","osm":"way/1436721640"},"geometry":{"type":"LineString","coordinates":[[-115.17121,36.12614],[-115.17136,36.12612]]}},{"type":"Feature","properties":{"name":"Lexington Street","highway":"unclassified","osm":"way/1436721641"},"geometry":{"type":"LineString","coordinates":[[-115.17226,36.12604],[-115.17284,36.12618]]}},{"type":"Feature","properties":{"name":"Lexington Street","highway":"unclassified","osm":"way/1436721644"},"geometry":{"type":"LineString","coordinates":[[-115.17387,36.12695],[-115.17387,36.12701]]}},{"type":"Feature","properties":{"name":"Peru Lane","highway":"unclassified","osm":"way/1436721645"},"geometry":{"type":"LineString","coordinates":[[-115.17387,36.12701],[-115.17405,36.12705]]}},{"type":"Feature","properties":{"name":"Joe W. Brown Drive","highway":"tertiary","osm":"way/1436723916"},"geometry":{"type":"LineString","coordinates":[[-115.14607,36.1304],[-115.14631,36.13063]]}},{"type":"Feature","properties":{"name":"Cambridge Street","highway":"tertiary","osm":"way/1436727204"},"geometry":{"type":"LineString","coordinates":[[-115.14141,36.12985],[-115.14154,36.12693]]}},{"type":"Feature","properties":{"name":"Lexington Street","highway":"unclassified","osm":"way/1436736646"},"geometry":{"type":"LineString","coordinates":[[-115.17393,36.12662],[-115.17387,36.12695]]}},{"type":"Feature","properties":{"name":"London Drive","highway":"unclassified","osm":"way/1436736647"},"geometry":{"type":"LineString","coordinates":[[-115.17484,36.12837],[-115.17437,36.12833]]}},{"type":"Feature","properties":{"name":"Fashion Lane","highway":"unclassified","osm":"way/1436736648"},"geometry":{"type":"LineString","coordinates":[[-115.17084,36.12613],[-115.17093,36.12614]]}},{"type":"Feature","properties":{"name":"West Ali Baba Lane","highway":"unclassified","osm":"way/1436743291"},"geometry":{"type":"LineString","coordinates":[[-115.18134,36.09544],[-115.18558,36.09544]]}},{"type":"Feature","properties":{"name":"Kelch Drive","highway":"unclassified","osm":"way/1436758849"},"geometry":{"type":"LineString","coordinates":[[-115.15673,36.10168],[-115.15722,36.10234],[-115.15713,36.10343]]}},{"type":"Feature","properties":{"name":"East Naples Drive","highway":"unclassified","osm":"way/1436758850"},"geometry":{"type":"LineString","coordinates":[[-115.1549,36.10577],[-115.15358,36.10575]]}},{"type":"Feature","properties":{"name":"East Naples Drive","highway":"unclassified","osm":"way/1436758851"},"geometry":{"type":"LineString","coordinates":[[-115.15137,36.10572],[-115.14982,36.10569]]}},{"type":"Feature","properties":{"name":"Monterey Circle","highway":"residential","osm":"way/1436759718"},"geometry":{"type":"LineString","coordinates":[[-115.15827,36.10627],[-115.15839,36.10477]]}},{"type":"Feature","properties":{"name":"East Harmon Avenue","highway":"secondary","osm":"way/1436762463"},"geometry":{"type":"LineString","coordinates":[[-115.16524,36.10795],[-115.16473,36.10795]]}},{"type":"Feature","properties":{"name":"East Harmon Avenue","highway":"secondary","osm":"way/1436762464"},"geometry":{"type":"LineString","coordinates":[[-115.16577,36.10809],[-115.16604,36.10809]]}},{"type":"Feature","properties":{"name":"Haven Street","highway":"unclassified","osm":"way/1436765963"},"geometry":{"type":"LineString","coordinates":[[-115.16832,36.09728],[-115.16832,36.0964]]}},{"type":"Feature","properties":{"name":"Haven Street","highway":"unclassified","osm":"way/1436765964"},"geometry":{"type":"LineString","coordinates":[[-115.16829,36.09537],[-115.16819,36.09521],[-115.16811,36.09536]]}},{"type":"Feature","properties":{"name":"South Las Vegas Boulevard","highway":"primary","osm":"way/1436769040"},"geometry":{"type":"LineString","coordinates":[[-115.17314,36.10944],[-115.17314,36.109]]}},{"type":"Feature","properties":{"name":"West Harmon Avenue","highway":"secondary","osm":"way/1436769041"},"geometry":{"type":"LineString","coordinates":[[-115.17314,36.109],[-115.1736,36.10925]]}},{"type":"Feature","properties":{"name":"Buccaneer Boulevard","highway":"unclassified","osm":"way/1436777789"},"geometry":{"type":"LineString","coordinates":[[-115.17823,36.12345],[-115.17773,36.12326]]}},{"type":"Feature","properties":{"name":"South 6th Street","highway":"tertiary","osm":"way/1436819058"},"geometry":{"type":"LineString","coordinates":[[-115.14408,36.16175],[-115.14486,36.1606]]}},{"type":"Feature","properties":{"name":"Gass Avenue","highway":"tertiary","osm":"way/1436819059"},"geometry":{"type":"LineString","coordinates":[[-115.1457,36.16096],[-115.14486,36.1606]]}},{"type":"Feature","properties":{"name":"Bridger Avenue","highway":"tertiary","osm":"way/1436819060"},"geometry":{"type":"LineString","coordinates":[[-115.13877,36.16544],[-115.13794,36.16508]]}},{"type":"Feature","properties":{"name":"East Bonneville Avenue","highway":"secondary","osm":"way/1436819061"},"geometry":{"type":"LineString","coordinates":[[-115.13938,36.16123],[-115.13879,36.16097]]}},{"type":"Feature","properties":{"name":"East Bonneville Avenue","highway":"secondary","osm":"way/1436819062"},"geometry":{"type":"LineString","coordinates":[[-115.1399,36.16146],[-115.13938,36.16123]]}},{"type":"Feature","properties":{"name":"South Las Vegas Boulevard","highway":"primary","osm":"way/1436820384"},"geometry":{"type":"LineString","coordinates":[[-115.17318,36.10756],[-115.17317,36.10701]]}},{"type":"Feature","properties":{"name":"West Reno Avenue","highway":"tertiary","osm":"way/1436912321"},"geometry":{"type":"LineString","coordinates":[[-115.17775,36.09732],[-115.17619,36.09733]]}},{"type":"Feature","properties":{"name":"West Reno Avenue","highway":"tertiary","osm":"way/1436912322"},"geometry":{"type":"LineString","coordinates":[[-115.17827,36.09732],[-115.17775,36.09732]]}},{"type":"Feature","properties":{"name":"Luxor Drive","highway":"unclassified","osm":"way/1436981673"},"geometry":{"type":"LineString","coordinates":[[-115.17775,36.09732],[-115.17775,36.09776]]}},{"type":"Feature","properties":{"name":"Aria Place","highway":"unclassified","osm":"way/1436983789"},"geometry":{"type":"LineString","coordinates":[[-115.17562,36.10758],[-115.17604,36.10746]]}},{"type":"Feature","properties":{"name":"Aria Place","highway":"unclassified","osm":"way/1436983790"},"geometry":{"type":"LineString","coordinates":[[-115.17524,36.10728],[-115.17562,36.10758]]}},{"type":"Feature","properties":{"name":"Dean Martin Drive","highway":"tertiary","osm":"way/1436985147"},"geometry":{"type":"LineString","coordinates":[[-115.18293,36.10018],[-115.18193,36.09919]]}},{"type":"Feature","properties":{"name":"Aldebaran Avenue","highway":"unclassified","osm":"way/1437008869"},"geometry":{"type":"LineString","coordinates":[[-115.18331,36.11081],[-115.18331,36.11051]]}},{"type":"Feature","properties":{"name":"East Tropicana Avenue","highway":"primary","osm":"way/1437011717"},"geometry":{"type":"LineString","coordinates":[[-115.16506,36.10101],[-115.16553,36.10101]]}},{"type":"Feature","properties":{"name":"Audrie Street","highway":"unclassified","osm":"way/1437019236"},"geometry":{"type":"LineString","coordinates":[[-115.1676,36.10795],[-115.1676,36.10679]]}},{"type":"Feature","properties":{"name":"Audrie Street","highway":"unclassified","osm":"way/1437019237"},"geometry":{"type":"LineString","coordinates":[[-115.16759,36.10527],[-115.16759,36.10435]]}},{"type":"Feature","properties":{"name":"Bruno Mars Drive","highway":"tertiary","osm":"way/1437024314"},"geometry":{"type":"LineString","coordinates":[[-115.17428,36.10372],[-115.17512,36.10349],[-115.17627,36.10392]]}},{"type":"Feature","properties":{"name":"South Main Street","highway":"primary","osm":"way/1442003624"},"geometry":{"type":"LineString","coordinates":[[-115.14972,36.16664],[-115.14986,36.16644]]}},{"type":"Feature","properties":{"name":"South Main Street","highway":"primary","osm":"way/1442003625"},"geometry":{"type":"LineString","coordinates":[[-115.14962,36.1666],[-115.14964,36.16668]]}},{"type":"Feature","properties":{"name":"South Main Street","highway":"primary","osm":"way/1442003626"},"geometry":{"type":"LineString","coordinates":[[-115.14913,36.16755],[-115.14911,36.16749]]}},{"type":"Feature","properties":{"name":"South Main Street","highway":"primary","osm":"way/1442003627"},"geometry":{"type":"LineString","coordinates":[[-115.14911,36.16749],[-115.14901,36.16754]]}},{"type":"Feature","properties":{"name":"West Bonanza Road","highway":"secondary","osm":"way/1442023222"},"geometry":{"type":"LineString","coordinates":[[-115.15966,36.17711],[-115.15985,36.17717]]}},{"type":"Feature","properties":{"name":"West Bonanza Road","highway":"secondary","osm":"way/1442023223"},"geometry":{"type":"LineString","coordinates":[[-115.15985,36.17704],[-115.15966,36.17711]]}},{"type":"Feature","properties":{"name":"East Bonanza Road","highway":"secondary","osm":"way/1442023224"},"geometry":{"type":"LineString","coordinates":[[-115.14216,36.17692],[-115.14223,36.17701]]}},{"type":"Feature","properties":{"name":"East Bonanza Road","highway":"secondary","osm":"way/1442023225"},"geometry":{"type":"LineString","coordinates":[[-115.14227,36.17692],[-115.14216,36.17692]]}},{"type":"Feature","properties":{"name":"North Casino Center Boulevard","highway":"secondary","osm":"way/1442026260"},"geometry":{"type":"LineString","coordinates":[[-115.1411,36.17523],[-115.141,36.17537]]}},{"type":"Feature","properties":{"name":"North Casino Center Boulevard","highway":"secondary","osm":"way/1442026261"},"geometry":{"type":"LineString","coordinates":[[-115.141,36.17537],[-115.14096,36.17549]]}},{"type":"Feature","properties":{"name":"North Casino Center Boulevard","highway":"secondary","osm":"way/1442026262"},"geometry":{"type":"LineString","coordinates":[[-115.14096,36.17549],[-115.14106,36.17539]]}},{"type":"Feature","properties":{"name":"North Casino Center Boulevard","highway":"secondary","osm":"way/1442026263"},"geometry":{"type":"LineString","coordinates":[[-115.14073,36.17577],[-115.14063,36.17587]]}},{"type":"Feature","properties":{"name":"East Bonanza Road","highway":"secondary","osm":"way/1442026264"},"geometry":{"type":"LineString","coordinates":[[-115.14097,36.17646],[-115.14027,36.17618]]}},{"type":"Feature","properties":{"name":"North Casino Center Boulevard","highway":"unclassified","osm":"way/1442026265"},"geometry":{"type":"LineString","coordinates":[[-115.14141,36.17493],[-115.14139,36.17487]]}},{"type":"Feature","properties":{"name":"North Casino Center Boulevard","highway":"secondary","osm":"way/1442026266"},"geometry":{"type":"LineString","coordinates":[[-115.14132,36.1749],[-115.1411,36.17523]]}},{"type":"Feature","properties":{"name":"North 4th Street","highway":"secondary","osm":"way/1442026267"},"geometry":{"type":"LineString","coordinates":[[-115.14113,36.17507],[-115.1411,36.17523]]}},{"type":"Feature","properties":{"name":"North Casino Center Boulevard","highway":"secondary","osm":"way/1442026268"},"geometry":{"type":"LineString","coordinates":[[-115.14139,36.17487],[-115.14132,36.1749]]}},{"type":"Feature","properties":{"name":"East Ogden Avenue","highway":"tertiary","osm":"way/1442767527"},"geometry":{"type":"LineString","coordinates":[[-115.14349,36.17195],[-115.14344,36.17193]]}},{"type":"Feature","properties":{"name":"East Ogden Avenue","highway":"tertiary","osm":"way/1442767528"},"geometry":{"type":"LineString","coordinates":[[-115.14386,36.17211],[-115.14381,36.17209]]}},{"type":"Feature","properties":{"name":"Genting Boulevard","highway":"tertiary","osm":"way/1444323828"},"geometry":{"type":"LineString","coordinates":[[-115.16785,36.1317],[-115.16872,36.13171]]}},{"type":"Feature","properties":{"name":"Claymont Street","highway":"tertiary","osm":"way/1445970155"},"geometry":{"type":"LineString","coordinates":[[-115.14226,36.11435],[-115.14216,36.11192]]}},{"type":"Feature","properties":{"name":"West Bonanza Road","highway":"secondary","osm":"way/1446258192"},"geometry":{"type":"LineString","coordinates":[[-115.14683,36.17729],[-115.14721,36.17728]]}},{"type":"Feature","properties":{"name":null,"highway":"motorway_link","osm":"way/1446634559"},"geometry":{"type":"LineString","coordinates":[[-115.14404,36.1816],[-115.14348,36.1829]]}},{"type":"Feature","properties":{"name":"West Washington Avenue","highway":"primary","osm":"way/1446634561"},"geometry":{"type":"LineString","coordinates":[[-115.14356,36.18113],[-115.14399,36.18106]]}},{"type":"Feature","properties":{"name":"South 3rd Street","highway":"tertiary","osm":"way/1446636387"},"geometry":{"type":"LineString","coordinates":[[-115.15117,36.1554],[-115.15117,36.15569]]}},{"type":"Feature","properties":{"name":"South 3rd Street","highway":"tertiary","osm":"way/1446636388"},"geometry":{"type":"LineString","coordinates":[[-115.15113,36.15598],[-115.1511,36.15625]]}},{"type":"Feature","properties":{"name":"South 3rd Street","highway":"tertiary","osm":"way/1446636389"},"geometry":{"type":"LineString","coordinates":[[-115.1511,36.15625],[-115.15094,36.1584]]}},{"type":"Feature","properties":{"name":"Paradise Road","highway":"primary","osm":"way/1447286604"},"geometry":{"type":"LineString","coordinates":[[-115.14831,36.096],[-115.14811,36.0954]]}},{"type":"Feature","properties":{"name":"Fremont Street","highway":"primary","osm":"way/1447304226"},"geometry":{"type":"LineString","coordinates":[[-115.12925,36.16433],[-115.1289,36.16418]]}},{"type":"Feature","properties":{"name":"Fremont Street","highway":"primary","osm":"way/1447304227"},"geometry":{"type":"LineString","coordinates":[[-115.12866,36.16408],[-115.12832,36.16393]]}},{"type":"Feature","properties":{"name":"Fremont Street","highway":"primary","osm":"way/1447304228"},"geometry":{"type":"LineString","coordinates":[[-115.12832,36.16393],[-115.12866,36.16408]]}},{"type":"Feature","properties":{"name":"Fremont Street","highway":"primary","osm":"way/1447304229"},"geometry":{"type":"LineString","coordinates":[[-115.12791,36.16375],[-115.12742,36.16348]]}},{"type":"Feature","properties":{"name":"Fremont Street","highway":"primary","osm":"way/1447304230"},"geometry":{"type":"LineString","coordinates":[[-115.12832,36.16393],[-115.12791,36.16375]]}},{"type":"Feature","properties":{"name":"Fremont Street","highway":"primary","osm":"way/1447304232"},"geometry":{"type":"LineString","coordinates":[[-115.12722,36.16346],[-115.12791,36.16375]]}},{"type":"Feature","properties":{"name":"Fremont Street","highway":"primary","osm":"way/1447304234"},"geometry":{"type":"LineString","coordinates":[[-115.12621,36.16302],[-115.12531,36.16264]]}},{"type":"Feature","properties":{"name":"Fremont Street","highway":"primary","osm":"way/1447304235"},"geometry":{"type":"LineString","coordinates":[[-115.12653,36.16316],[-115.12621,36.16302]]}},{"type":"Feature","properties":{"name":"Fremont Street","highway":"primary","osm":"way/1447304236"},"geometry":{"type":"LineString","coordinates":[[-115.12621,36.16302],[-115.12653,36.16316]]}},{"type":"Feature","properties":{"name":"North Bruce Street","highway":"tertiary","osm":"way/1447304238"},"geometry":{"type":"LineString","coordinates":[[-115.12502,36.16252],[-115.12503,36.16275]]}},{"type":"Feature","properties":{"name":"South Bruce Street","highway":"tertiary","osm":"way/1447304239"},"geometry":{"type":"LineString","coordinates":[[-115.12502,36.16235],[-115.12502,36.16252]]}},{"type":"Feature","properties":{"name":"North Bruce Street","highway":"tertiary","osm":"way/1447304240"},"geometry":{"type":"LineString","coordinates":[[-115.12512,36.16275],[-115.12512,36.16256]]}},{"type":"Feature","properties":{"name":"North Bruce Street","highway":"tertiary","osm":"way/1447304241"},"geometry":{"type":"LineString","coordinates":[[-115.12509,36.1628],[-115.12512,36.16275]]}},{"type":"Feature","properties":{"name":"South Bruce Street","highway":"tertiary","osm":"way/1447304242"},"geometry":{"type":"LineString","coordinates":[[-115.12506,36.16193],[-115.12501,36.16201]]}},{"type":"Feature","properties":{"name":"North Bruce Street","highway":"tertiary","osm":"way/1447304243"},"geometry":{"type":"LineString","coordinates":[[-115.12503,36.16275],[-115.12509,36.1628]]}},{"type":"Feature","properties":{"name":"South Bruce Street","highway":"tertiary","osm":"way/1447304244"},"geometry":{"type":"LineString","coordinates":[[-115.1251,36.162],[-115.12506,36.16193]]}},{"type":"Feature","properties":{"name":"Bridger Avenue","highway":"tertiary","osm":"way/1447626833"},"geometry":{"type":"LineString","coordinates":[[-115.13906,36.16557],[-115.13877,36.16544]]}},{"type":"Feature","properties":{"name":"East Desert Inn Road","highway":"primary","osm":"way/1448338724"},"geometry":{"type":"LineString","coordinates":[[-115.14461,36.12972],[-115.14447,36.12979]]}},{"type":"Feature","properties":{"name":"East Desert Inn Road","highway":"primary","osm":"way/1448338725"},"geometry":{"type":"LineString","coordinates":[[-115.14447,36.12979],[-115.14461,36.12986]]}},{"type":"Feature","properties":{"name":"West Ogden Avenue","highway":"secondary","osm":"way/1448505075"},"geometry":{"type":"LineString","coordinates":[[-115.14749,36.17365],[-115.1474,36.17358]]}},{"type":"Feature","properties":{"name":"West Ogden Avenue","highway":"secondary","osm":"way/1448505076"},"geometry":{"type":"LineString","coordinates":[[-115.14735,36.17366],[-115.14749,36.17365]]}},{"type":"Feature","properties":{"name":"North City Parkway","highway":"secondary","osm":"way/1448505078"},"geometry":{"type":"LineString","coordinates":[[-115.14921,36.17367],[-115.14913,36.17351]]}},{"type":"Feature","properties":{"name":"North City Parkway","highway":"secondary","osm":"way/1448505079"},"geometry":{"type":"LineString","coordinates":[[-115.14913,36.17351],[-115.14912,36.17369]]}},{"type":"Feature","properties":{"name":"Grand Central Parkway","highway":"secondary","osm":"way/1448505080"},"geometry":{"type":"LineString","coordinates":[[-115.14929,36.17338],[-115.14913,36.17351]]}},{"type":"Feature","properties":{"name":"Grand Central Parkway","highway":"secondary","osm":"way/1448505081"},"geometry":{"type":"LineString","coordinates":[[-115.14913,36.17351],[-115.14934,36.17353]]}},{"type":"Feature","properties":{"name":null,"highway":"motorway_link","osm":"way/1450400123"},"geometry":{"type":"LineString","coordinates":[[-115.18028,36.10313],[-115.18031,36.10354]]}},{"type":"Feature","properties":{"name":"Las Vegas Freeway","highway":"motorway","osm":"way/1450400124"},"geometry":{"type":"LineString","coordinates":[[-115.1805,36.10463],[-115.18048,36.10547]]}},{"type":"Feature","properties":{"name":null,"highway":"motorway_link","osm":"way/1450400125"},"geometry":{"type":"LineString","coordinates":[[-115.18048,36.10547],[-115.18065,36.10602]]}},{"type":"Feature","properties":{"name":null,"highway":"motorway_link","osm":"way/1450400126"},"geometry":{"type":"LineString","coordinates":[[-115.18072,36.10609],[-115.18084,36.10567]]}},{"type":"Feature","properties":{"name":null,"highway":"motorway_link","osm":"way/1450400127"},"geometry":{"type":"LineString","coordinates":[[-115.18059,36.10814],[-115.18068,36.10809]]}},{"type":"Feature","properties":{"name":null,"highway":"motorway_link","osm":"way/1450400128"},"geometry":{"type":"LineString","coordinates":[[-115.18018,36.10818],[-115.18029,36.10814]]}},{"type":"Feature","properties":{"name":null,"highway":"motorway_link","osm":"way/1450400129"},"geometry":{"type":"LineString","coordinates":[[-115.18064,36.10787],[-115.18064,36.10807]]}},{"type":"Feature","properties":{"name":null,"highway":"motorway_link","osm":"way/1450400130"},"geometry":{"type":"LineString","coordinates":[[-115.18071,36.10807],[-115.18071,36.10787]]}},{"type":"Feature","properties":{"name":"Joe W. Brown Drive","highway":"tertiary","osm":"way/1450430801"},"geometry":{"type":"LineString","coordinates":[[-115.14905,36.13398],[-115.1491,36.13461]]}},{"type":"Feature","properties":{"name":"Joe W. Brown Drive","highway":"tertiary","osm":"way/1450430802"},"geometry":{"type":"LineString","coordinates":[[-115.1491,36.13461],[-115.1491,36.13476]]}},{"type":"Feature","properties":{"name":"Joe W. Brown Drive","highway":"tertiary","osm":"way/1450447755"},"geometry":{"type":"LineString","coordinates":[[-115.1491,36.13476],[-115.14911,36.13584],[-115.14989,36.1365]]}},{"type":"Feature","properties":{"name":"Grand Central Parkway","highway":"secondary","osm":"way/1450773463"},"geometry":{"type":"LineString","coordinates":[[-115.1589,36.15911],[-115.15892,36.15901]]}},{"type":"Feature","properties":{"name":"South Maryland Parkway","highway":"primary","osm":"way/1450996394"},"geometry":{"type":"LineString","coordinates":[[-115.13744,36.12257],[-115.13747,36.12223]]}},{"type":"Feature","properties":{"name":"South Maryland Parkway","highway":"primary","osm":"way/1450996395"},"geometry":{"type":"LineString","coordinates":[[-115.13747,36.12223],[-115.13748,36.12214]]}},{"type":"Feature","properties":{"name":null,"highway":"unclassified","osm":"way/1451876742"},"geometry":{"type":"LineString","coordinates":[[-115.14181,36.10131],[-115.14348,36.10139]]}},{"type":"Feature","properties":{"name":"Paradise Road","highway":"primary","osm":"way/1452240566"},"geometry":{"type":"LineString","coordinates":[[-115.15371,36.11334],[-115.15367,36.11343]]}},{"type":"Feature","properties":{"name":"Paradise Road","highway":"primary","osm":"way/1452240567"},"geometry":{"type":"LineString","coordinates":[[-115.1538,36.1134],[-115.15371,36.11334]]}},{"type":"Feature","properties":{"name":"Paradise Road","highway":"primary","osm":"way/1452240568"},"geometry":{"type":"LineString","coordinates":[[-115.15421,36.11517],[-115.15428,36.11524]]}},{"type":"Feature","properties":{"name":"Paradise Road","highway":"primary","osm":"way/1452240569"},"geometry":{"type":"LineString","coordinates":[[-115.15428,36.11524],[-115.1543,36.11516]]}},{"type":"Feature","properties":{"name":"Paradise Road","highway":"primary","osm":"way/1452240570"},"geometry":{"type":"LineString","coordinates":[[-115.15502,36.11768],[-115.15497,36.1176]]}},{"type":"Feature","properties":{"name":"Paradise Road","highway":"primary","osm":"way/1452240571"},"geometry":{"type":"LineString","coordinates":[[-115.15497,36.1176],[-115.15492,36.11769]]}},{"type":"Feature","properties":{"name":"Paradise Road","highway":"primary","osm":"way/1452240572"},"geometry":{"type":"LineString","coordinates":[[-115.15503,36.12029],[-115.15494,36.12041]]}},{"type":"Feature","properties":{"name":"Paradise Road","highway":"primary","osm":"way/1452240573"},"geometry":{"type":"LineString","coordinates":[[-115.15508,36.12039],[-115.15503,36.12029]]}},{"type":"Feature","properties":{"name":"Paradise Road","highway":"primary","osm":"way/1452240574"},"geometry":{"type":"LineString","coordinates":[[-115.15492,36.12183],[-115.15498,36.12195]]}},{"type":"Feature","properties":{"name":"Paradise Road","highway":"primary","osm":"way/1452240575"},"geometry":{"type":"LineString","coordinates":[[-115.15498,36.12195],[-115.15506,36.12183]]}},{"type":"Feature","properties":{"name":"Paradise Road","highway":"primary","osm":"way/1452240576"},"geometry":{"type":"LineString","coordinates":[[-115.15503,36.1229],[-115.15496,36.1228]]}},{"type":"Feature","properties":{"name":"Paradise Road","highway":"primary","osm":"way/1452240577"},"geometry":{"type":"LineString","coordinates":[[-115.15496,36.1228],[-115.15485,36.1229]]}},{"type":"Feature","properties":{"name":null,"highway":"motorway_link","osm":"way/1452240578"},"geometry":{"type":"LineString","coordinates":[[-115.15881,36.16858],[-115.15861,36.16869]]}},{"type":"Feature","properties":{"name":"South Royal Crest Circle","highway":"residential","osm":"way/1452252944"},"geometry":{"type":"LineString","coordinates":[[-115.14758,36.12411],[-115.14777,36.12351],[-115.14846,36.12317],[-115.14942,36.12323],[-115.14983,36.12369]]}},{"type":"Feature","properties":{"name":null,"highway":"motorway_link","osm":"way/1452953894"},"geometry":{"type":"LineString","coordinates":[[-115.1811,36.095],[-115.18107,36.09347]]}},{"type":"Feature","properties":{"name":"Frank Sinatra Drive","highway":"secondary","osm":"way/1452953895"},"geometry":{"type":"LineString","coordinates":[[-115.17963,36.0999],[-115.17977,36.09953]]}},{"type":"Feature","properties":{"name":"Frank Sinatra Drive","highway":"secondary","osm":"way/1452953896"},"geometry":{"type":"LineString","coordinates":[[-115.18009,36.09865],[-115.18012,36.09825]]}},{"type":"Feature","properties":{"name":"Frank Sinatra Drive","highway":"secondary","osm":"way/1452953897"},"geometry":{"type":"LineString","coordinates":[[-115.17977,36.09953],[-115.18009,36.09865]]}},{"type":"Feature","properties":{"name":"Frank Sinatra Drive","highway":"secondary","osm":"way/1452953898"},"geometry":{"type":"LineString","coordinates":[[-115.18012,36.09773],[-115.18014,36.09731]]}},{"type":"Feature","properties":{"name":null,"highway":"motorway_link","osm":"way/1452953899"},"geometry":{"type":"LineString","coordinates":[[-115.18029,36.09782],[-115.18031,36.09886]]}},{"type":"Feature","properties":{"name":"Las Vegas Freeway","highway":"motorway","osm":"way/1452953900"},"geometry":{"type":"LineString","coordinates":[[-115.18086,36.10528],[-115.18084,36.10447]]}},{"type":"Feature","properties":{"name":null,"highway":"motorway_link","osm":"way/1452953901"},"geometry":{"type":"LineString","coordinates":[[-115.18034,36.09578],[-115.18029,36.09712]]}},{"type":"Feature","properties":{"name":"Palms Center Drive","highway":"unclassified","osm":"way/1452953902"},"geometry":{"type":"LineString","coordinates":[[-115.1839,36.10362],[-115.18128,36.10348]]}},{"type":"Feature","properties":{"name":"Palms Center Drive","highway":"unclassified","osm":"way/1452953903"},"geometry":{"type":"LineString","coordinates":[[-115.18378,36.10367],[-115.1839,36.10362]]}},{"type":"Feature","properties":{"name":"Palms Center Drive","highway":"unclassified","osm":"way/1452953904"},"geometry":{"type":"LineString","coordinates":[[-115.18127,36.10369],[-115.18378,36.10367]]}},{"type":"Feature","properties":{"name":null,"highway":"secondary_link","osm":"way/1452953905"},"geometry":{"type":"LineString","coordinates":[[-115.18136,36.10296],[-115.18151,36.10286]]}},{"type":"Feature","properties":{"name":"Dean Martin Drive","highway":"tertiary","osm":"way/1452953906"},"geometry":{"type":"LineString","coordinates":[[-115.18207,36.10244],[-115.18194,36.10246]]}},{"type":"Feature","properties":{"name":"Dean Martin Drive","highway":"tertiary","osm":"way/1452953907"},"geometry":{"type":"LineString","coordinates":[[-115.18197,36.10252],[-115.18207,36.10244]]}},{"type":"Feature","properties":{"name":"Dean Martin Drive","highway":"tertiary","osm":"way/1452953908"},"geometry":{"type":"LineString","coordinates":[[-115.18182,36.10257],[-115.18197,36.10252]]}},{"type":"Feature","properties":{"name":null,"highway":"secondary_link","osm":"way/1452953909"},"geometry":{"type":"LineString","coordinates":[[-115.18172,36.10265],[-115.18182,36.10257]]}},{"type":"Feature","properties":{"name":"Dean Martin Drive","highway":"tertiary","osm":"way/1452953910"},"geometry":{"type":"LineString","coordinates":[[-115.18137,36.10261],[-115.18182,36.10257]]}},{"type":"Feature","properties":{"name":"Dean Martin Drive","highway":"tertiary","osm":"way/1452953911"},"geometry":{"type":"LineString","coordinates":[[-115.18282,36.10174],[-115.18241,36.10215]]}},{"type":"Feature","properties":{"name":"Joey Bishop Drive","highway":"secondary","osm":"way/1452953912"},"geometry":{"type":"LineString","coordinates":[[-115.18143,36.10202],[-115.18139,36.10193]]}},{"type":"Feature","properties":{"name":"Joey Bishop Drive","highway":"secondary","osm":"way/1452953913"},"geometry":{"type":"LineString","coordinates":[[-115.18143,36.10244],[-115.18143,36.10202]]}},{"type":"Feature","properties":{"name":"Joey Bishop Drive","highway":"secondary","osm":"way/1452953914"},"geometry":{"type":"LineString","coordinates":[[-115.18137,36.10255],[-115.18143,36.10244]]}},{"type":"Feature","properties":{"name":"Joey Bishop Drive","highway":"secondary","osm":"way/1452953915"},"geometry":{"type":"LineString","coordinates":[[-115.18133,36.10244],[-115.18137,36.10255]]}},{"type":"Feature","properties":{"name":"Joey Bishop Drive","highway":"secondary","osm":"way/1452953916"},"geometry":{"type":"LineString","coordinates":[[-115.18135,36.10202],[-115.18133,36.10244]]}},{"type":"Feature","properties":{"name":"Joey Bishop Drive","highway":"secondary","osm":"way/1452953917"},"geometry":{"type":"LineString","coordinates":[[-115.18139,36.10193],[-115.18135,36.10202]]}},{"type":"Feature","properties":{"name":"Joey Bishop Drive","highway":"secondary","osm":"way/1452953922"},"geometry":{"type":"LineString","coordinates":[[-115.18119,36.09859],[-115.18112,36.09882]]}},{"type":"Feature","properties":{"name":"Joey Bishop Drive","highway":"secondary","osm":"way/1452953923"},"geometry":{"type":"LineString","coordinates":[[-115.18112,36.09882],[-115.18113,36.09889]]}},{"type":"Feature","properties":{"name":"Joey Bishop Drive","highway":"secondary","osm":"way/1452953924"},"geometry":{"type":"LineString","coordinates":[[-115.18113,36.09889],[-115.18121,36.09883]]}},{"type":"Feature","properties":{"name":"Dean Martin Drive","highway":"tertiary","osm":"way/1452953925"},"geometry":{"type":"LineString","coordinates":[[-115.18129,36.09863],[-115.18119,36.09859]]}},{"type":"Feature","properties":{"name":"Dean Martin Drive","highway":"secondary","osm":"way/1452953926"},"geometry":{"type":"LineString","coordinates":[[-115.18142,36.09806],[-115.18135,36.09799]]}},{"type":"Feature","properties":{"name":"Dean Martin Drive","highway":"secondary","osm":"way/1452953927"},"geometry":{"type":"LineString","coordinates":[[-115.18129,36.09806],[-115.18129,36.09817]]}},{"type":"Feature","properties":{"name":"Dean Martin Drive","highway":"secondary","osm":"way/1452953928"},"geometry":{"type":"LineString","coordinates":[[-115.18135,36.09799],[-115.18129,36.09806]]}},{"type":"Feature","properties":{"name":"Dean Martin Drive","highway":"tertiary","osm":"way/1452953929"},"geometry":{"type":"LineString","coordinates":[[-115.18159,36.09884],[-115.18129,36.09863]]}},{"type":"Feature","properties":{"name":"Dean Martin Drive","highway":"secondary","osm":"way/1452953930"},"geometry":{"type":"LineString","coordinates":[[-115.18129,36.09863],[-115.18142,36.09806]]}},{"type":"Feature","properties":{"name":"Dean Martin Drive","highway":"secondary","osm":"way/1452953931"},"geometry":{"type":"LineString","coordinates":[[-115.18135,36.09799],[-115.18135,36.09576]]}},{"type":"Feature","properties":{"name":"West Tropicana Avenue","highway":"primary","osm":"way/1452953933"},"geometry":{"type":"LineString","coordinates":[[-115.18499,36.10092],[-115.18559,36.10102]]}},{"type":"Feature","properties":{"name":"West Tropicana Avenue","highway":"primary","osm":"way/1452953934"},"geometry":{"type":"LineString","coordinates":[[-115.18359,36.10084],[-115.18376,36.10083]]}},{"type":"Feature","properties":{"name":"Dean Martin Drive","highway":"tertiary","osm":"way/1452953935"},"geometry":{"type":"LineString","coordinates":[[-115.18338,36.10096],[-115.18359,36.10084]]}},{"type":"Feature","properties":{"name":"Dean Martin Drive","highway":"tertiary","osm":"way/1452953937"},"geometry":{"type":"LineString","coordinates":[[-115.18264,36.10087],[-115.18294,36.10099]]}},{"type":"Feature","properties":{"name":"West Tropicana Avenue","highway":"primary","osm":"way/1452953938"},"geometry":{"type":"LineString","coordinates":[[-115.17913,36.10091],[-115.17931,36.10091]]}},{"type":"Feature","properties":{"name":null,"highway":"motorway_link","osm":"way/1452953939"},"geometry":{"type":"LineString","coordinates":[[-115.17931,36.10091],[-115.17977,36.10103]]}},{"type":"Feature","properties":{"name":"West Tropicana Avenue","highway":"primary","osm":"way/1452953940"},"geometry":{"type":"LineString","coordinates":[[-115.1785,36.10091],[-115.17913,36.10091]]}},{"type":"Feature","properties":{"name":"West Tropicana Avenue","highway":"primary","osm":"way/1452953941"},"geometry":{"type":"LineString","coordinates":[[-115.17841,36.10091],[-115.1785,36.10091]]}},{"type":"Feature","properties":{"name":"West Tropicana Avenue","highway":"primary","osm":"way/1452953942"},"geometry":{"type":"LineString","coordinates":[[-115.17598,36.10097],[-115.17617,36.10097]]}},{"type":"Feature","properties":{"name":null,"highway":"primary_link","osm":"way/1452953943"},"geometry":{"type":"LineString","coordinates":[[-115.17575,36.1006],[-115.17551,36.10041]]}},{"type":"Feature","properties":{"name":null,"highway":"motorway_link","osm":"way/1452953944"},"geometry":{"type":"LineString","coordinates":[[-115.17976,36.10054],[-115.1796,36.10061]]}},{"type":"Feature","properties":{"name":null,"highway":"motorway_link","osm":"way/1452953945"},"geometry":{"type":"LineString","coordinates":[[-115.18004,36.10046],[-115.18002,36.1006]]}},{"type":"Feature","properties":{"name":null,"highway":"primary_link","osm":"way/1452953946"},"geometry":{"type":"LineString","coordinates":[[-115.17826,36.10064],[-115.17788,36.10079]]}},{"type":"Feature","properties":{"name":null,"highway":"motorway_link","osm":"way/1452953947"},"geometry":{"type":"LineString","coordinates":[[-115.1813,36.10044],[-115.18119,36.10035]]}},{"type":"Feature","properties":{"name":null,"highway":"motorway_link","osm":"way/1452953948"},"geometry":{"type":"LineString","coordinates":[[-115.18151,36.10053],[-115.1813,36.10044]]}},{"type":"Feature","properties":{"name":"West Tropicana Avenue","highway":"primary","osm":"way/1452953949"},"geometry":{"type":"LineString","coordinates":[[-115.1812,36.1006],[-115.18002,36.1006]]}},{"type":"Feature","properties":{"name":null,"highway":"motorway_link","osm":"way/1452953950"},"geometry":{"type":"LineString","coordinates":[[-115.18071,36.10091],[-115.18103,36.1008]]}},{"type":"Feature","properties":{"name":null,"highway":"motorway_link","osm":"way/1452953951"},"geometry":{"type":"LineString","coordinates":[[-115.1812,36.10047],[-115.18119,36.10035]]}},{"type":"Feature","properties":{"name":null,"highway":"motorway_link","osm":"way/1452953952"},"geometry":{"type":"LineString","coordinates":[[-115.18213,36.10061],[-115.18164,36.10055]]}},{"type":"Feature","properties":{"name":"West Tropicana Avenue","highway":"primary","osm":"way/1452953953"},"geometry":{"type":"LineString","coordinates":[[-115.18402,36.10063],[-115.18379,36.10062]]}},{"type":"Feature","properties":{"name":null,"highway":"motorway_link","osm":"way/1452991867"},"geometry":{"type":"LineString","coordinates":[[-115.18164,36.10055],[-115.18151,36.10053]]}},{"type":"Feature","properties":{"name":null,"highway":"primary_link","osm":"way/1453728712"},"geometry":{"type":"LineString","coordinates":[[-115.15492,36.12508],[-115.15485,36.12494]]}},{"type":"Feature","properties":{"name":null,"highway":"primary_link","osm":"way/1453992034"},"geometry":{"type":"LineString","coordinates":[[-115.16546,36.11453],[-115.16543,36.11459]]}},{"type":"Feature","properties":{"name":"East Flamingo Road","highway":"primary","osm":"way/1454051971"},"geometry":{"type":"LineString","coordinates":[[-115.16248,36.11441],[-115.16182,36.1144]]}},{"type":"Feature","properties":{"name":"East Flamingo Road","highway":"primary","osm":"way/1454051973"},"geometry":{"type":"LineString","coordinates":[[-115.16583,36.11446],[-115.16512,36.11445]]}},{"type":"Feature","properties":{"name":null,"highway":"primary_link","osm":"way/1454051974"},"geometry":{"type":"LineString","coordinates":[[-115.16599,36.11447],[-115.16561,36.11452]]}},{"type":"Feature","properties":{"name":"University Road","highway":"unclassified","osm":"way/1454074504"},"geometry":{"type":"LineString","coordinates":[[-115.13819,36.10446],[-115.13811,36.10446]]}},{"type":"Feature","properties":{"name":"University Road","highway":"unclassified","osm":"way/1454074505"},"geometry":{"type":"LineString","coordinates":[[-115.13842,36.10446],[-115.13819,36.10446]]}},{"type":"Feature","properties":{"name":"Las Vegas Premium Outlets Drive","highway":"unclassified","osm":"way/1454266363"},"geometry":{"type":"LineString","coordinates":[[-115.15803,36.1616],[-115.15788,36.16153]]}},{"type":"Feature","properties":{"name":"Grand Central Parkway","highway":"secondary","osm":"way/1454266364"},"geometry":{"type":"LineString","coordinates":[[-115.15685,36.16345],[-115.15777,36.162]]}},{"type":"Feature","properties":{"name":"Grand Central Parkway","highway":"secondary","osm":"way/1454266365"},"geometry":{"type":"LineString","coordinates":[[-115.15582,36.16503],[-115.15685,36.16345]]}},{"type":"Feature","properties":{"name":"Grand Central Parkway","highway":"secondary","osm":"way/1454266366"},"geometry":{"type":"LineString","coordinates":[[-115.15541,36.16585],[-115.15582,36.16503]]}},{"type":"Feature","properties":{"name":"Grand Central Parkway","highway":"secondary","osm":"way/1454266367"},"geometry":{"type":"LineString","coordinates":[[-115.15545,36.16659],[-115.15541,36.16585]]}},{"type":"Feature","properties":{"name":"South Casino Center Boulevard","highway":"secondary","osm":"way/1454277225"},"geometry":{"type":"LineString","coordinates":[[-115.14544,36.16879],[-115.14568,36.16842]]}},{"type":"Feature","properties":{"name":"South Casino Center Boulevard","highway":"secondary","osm":"way/1454277226"},"geometry":{"type":"LineString","coordinates":[[-115.14568,36.16842],[-115.14643,36.16724]]}},{"type":"Feature","properties":{"name":"South Casino Center Boulevard","highway":"secondary","osm":"way/1454277227"},"geometry":{"type":"LineString","coordinates":[[-115.14488,36.16942],[-115.14485,36.16955]]}},{"type":"Feature","properties":{"name":"Westchester Drive","highway":"unclassified","osm":"way/1454797796"},"geometry":{"type":"LineString","coordinates":[[-115.15952,36.11915],[-115.16119,36.11917]]}},{"type":"Feature","properties":{"name":"Westchester Drive","highway":"unclassified","osm":"way/1454797797"},"geometry":{"type":"LineString","coordinates":[[-115.164,36.11921],[-115.16415,36.11921]]}},{"type":"Feature","properties":{"name":"Sands Avenue","highway":"secondary","osm":"way/1454797798"},"geometry":{"type":"LineString","coordinates":[[-115.16041,36.12224],[-115.15832,36.12199]]}},{"type":"Feature","properties":{"name":null,"highway":"secondary_link","osm":"way/1454803897"},"geometry":{"type":"LineString","coordinates":[[-115.16624,36.10809],[-115.16624,36.10795]]}},{"type":"Feature","properties":{"name":null,"highway":"secondary_link","osm":"way/1454803898"},"geometry":{"type":"LineString","coordinates":[[-115.16396,36.11338],[-115.1641,36.11338]]}},{"type":"Feature","properties":{"name":"Kempton Street","highway":"residential","osm":"way/1455833973"},"geometry":{"type":"LineString","coordinates":[[-115.11642,36.1607],[-115.11635,36.15934]]}},{"type":"Feature","properties":{"name":"Leawood Lane","highway":"residential","osm":"way/1455833974"},"geometry":{"type":"LineString","coordinates":[[-115.1161,36.15986],[-115.11651,36.15986]]}},{"type":"Feature","properties":{"name":"Acherson Lane","highway":"residential","osm":"way/1455857351"},"geometry":{"type":"LineString","coordinates":[[-115.11651,36.16068],[-115.11623,36.16074]]}},{"type":"Feature","properties":{"name":"East Harmon Avenue","highway":"secondary","osm":"way/1456078471"},"geometry":{"type":"LineString","coordinates":[[-115.1718,36.10798],[-115.17091,36.10797]]}},{"type":"Feature","properties":{"name":"Sands Avenue","highway":"secondary","osm":"way/1456078472"},"geometry":{"type":"LineString","coordinates":[[-115.166,36.12307],[-115.16658,36.12416]]}},{"type":"Feature","properties":{"name":"Joey Bishop Drive","highway":"secondary","osm":"way/1457065508"},"geometry":{"type":"LineString","coordinates":[[-115.18111,36.09896],[-115.18113,36.09889]]}},{"type":"Feature","properties":{"name":"Tarkanian Way","highway":"unclassified","osm":"way/1457655407"},"geometry":{"type":"LineString","coordinates":[[-115.14611,36.10795],[-115.14605,36.1065]]}},{"type":"Feature","properties":{"name":"Tarkanian Way","highway":"unclassified","osm":"way/1457655408"},"geometry":{"type":"LineString","coordinates":[[-115.14573,36.10414],[-115.14543,36.10387]]}},{"type":"Feature","properties":{"name":"Westwood Drive","highway":"unclassified","osm":"way/1457657014"},"geometry":{"type":"LineString","coordinates":[[-115.17759,36.13391],[-115.17794,36.13337]]}},{"type":"Feature","properties":{"name":"North 4th Street","highway":"secondary","osm":"way/1457696968"},"geometry":{"type":"LineString","coordinates":[[-115.14027,36.17306],[-115.14041,36.17356]]}},{"type":"Feature","properties":{"name":"South 4th Street","highway":"tertiary","osm":"way/1458951477"},"geometry":{"type":"LineString","coordinates":[[-115.14524,36.16448],[-115.14511,36.16468]]}},{"type":"Feature","properties":{"name":"East Mesquite Avenue","highway":"unclassified","osm":"way/1458951480"},"geometry":{"type":"LineString","coordinates":[[-115.13619,36.17179],[-115.13565,36.17156]]}},{"type":"Feature","properties":{"name":"East Mesquite Avenue","highway":"residential","osm":"way/1458951484"},"geometry":{"type":"LineString","coordinates":[[-115.13565,36.17156],[-115.13508,36.17131]]}},{"type":"Feature","properties":{"name":"North 8th Street","highway":"residential","osm":"way/1458951485"},"geometry":{"type":"LineString","coordinates":[[-115.13508,36.17131],[-115.13466,36.17198]]}},{"type":"Feature","properties":{"name":"North 7th Street","highway":"tertiary","osm":"way/1458951487"},"geometry":{"type":"LineString","coordinates":[[-115.13691,36.17062],[-115.13619,36.17179]]}},{"type":"Feature","properties":{"name":"Stewart Avenue","highway":"secondary","osm":"way/1458951488"},"geometry":{"type":"LineString","coordinates":[[-115.13691,36.17062],[-115.13578,36.17013]]}},{"type":"Feature","properties":{"name":"Stewart Avenue","highway":"secondary","osm":"way/1458951504"},"geometry":{"type":"LineString","coordinates":[[-115.13115,36.16813],[-115.13001,36.16765]]}},{"type":"Feature","properties":{"name":"East Carson Avenue","highway":"tertiary","osm":"way/1458951506"},"geometry":{"type":"LineString","coordinates":[[-115.13573,36.16562],[-115.13687,36.16612]]}},{"type":"Feature","properties":{"name":"East Carson Avenue","highway":"tertiary","osm":"way/1458951507"},"geometry":{"type":"LineString","coordinates":[[-115.13687,36.16612],[-115.13802,36.16661]]}},{"type":"Feature","properties":{"name":"East Carson Avenue","highway":"tertiary","osm":"way/1458951508"},"geometry":{"type":"LineString","coordinates":[[-115.13345,36.16465],[-115.13458,36.16513]]}},{"type":"Feature","properties":{"name":"East Ogden Avenue","highway":"tertiary","osm":"way/1458951509"},"geometry":{"type":"LineString","coordinates":[[-115.13877,36.16992],[-115.13831,36.16972]]}},{"type":"Feature","properties":{"name":"Hotel Rio Drive","highway":"secondary","osm":"way/1459414604"},"geometry":{"type":"LineString","coordinates":[[-115.1836,36.11352],[-115.18346,36.11355]]}},{"type":"Feature","properties":{"name":"Fremont Street","highway":"primary","osm":"way/1461754767"},"geometry":{"type":"LineString","coordinates":[[-115.12742,36.16348],[-115.12722,36.16346]]}},{"type":"Feature","properties":{"name":"Fremont Street","highway":"primary","osm":"way/1461754768"},"geometry":{"type":"LineString","coordinates":[[-115.12722,36.16346],[-115.12698,36.16336]]}},{"type":"Feature","properties":{"name":"Hotel Rio Drive","highway":"unclassified","osm":"way/1462662509"},"geometry":{"type":"LineString","coordinates":[[-115.18468,36.12057],[-115.18463,36.12036]]}},{"type":"Feature","properties":{"name":"Wyndham Resorts Drive","highway":"unclassified","osm":"way/1462662510"},"geometry":{"type":"LineString","coordinates":[[-115.18408,36.12121],[-115.18404,36.12129]]}},{"type":"Feature","properties":{"name":"Wyndham Resorts Drive","highway":"unclassified","osm":"way/1462662511"},"geometry":{"type":"LineString","coordinates":[[-115.18417,36.12136],[-115.18423,36.12128]]}},{"type":"Feature","properties":{"name":null,"highway":"residential","osm":"way/1462663217"},"geometry":{"type":"LineString","coordinates":[[-115.18182,36.12209],[-115.18221,36.12159],[-115.18282,36.12148]]}},{"type":"Feature","properties":{"name":"Bridger Avenue","highway":"tertiary","osm":"way/1463644542"},"geometry":{"type":"LineString","coordinates":[[-115.13761,36.16494],[-115.13677,36.16458]]}},{"type":"Feature","properties":{"name":"Bridger Avenue","highway":"tertiary","osm":"way/1463644543"},"geometry":{"type":"LineString","coordinates":[[-115.13677,36.16458],[-115.13647,36.16445]]}},{"type":"Feature","properties":{"name":"Bridger Avenue","highway":"tertiary","osm":"way/1463646120"},"geometry":{"type":"LineString","coordinates":[[-115.13794,36.16508],[-115.13761,36.16494]]}},{"type":"Feature","properties":{"name":null,"highway":"secondary_link","osm":"way/1464020140"},"geometry":{"type":"LineString","coordinates":[[-115.18012,36.09825],[-115.18,36.09825]]}},{"type":"Feature","properties":{"name":null,"highway":"secondary_link","osm":"way/1464020141"},"geometry":{"type":"LineString","coordinates":[[-115.18004,36.11036],[-115.17991,36.11036]]}},{"type":"Feature","properties":{"name":"Dean Martin Drive","highway":"secondary","osm":"way/1464021366"},"geometry":{"type":"LineString","coordinates":[[-115.18132,36.11978],[-115.18128,36.11984]]}},{"type":"Feature","properties":{"name":null,"highway":"motorway_link","osm":"way/1464039535"},"geometry":{"type":"LineString","coordinates":[[-115.18106,36.12615],[-115.17966,36.12599]]}},{"type":"Feature","properties":{"name":null,"highway":"motorway_link","osm":"way/1464039536"},"geometry":{"type":"LineString","coordinates":[[-115.18026,36.12564],[-115.18032,36.12582]]}},{"type":"Feature","properties":{"name":"Spring Mountain Road","highway":"primary","osm":"way/1464039537"},"geometry":{"type":"LineString","coordinates":[[-115.1769,36.12588],[-115.1765,36.12584]]}},{"type":"Feature","properties":{"name":"Spring Mountain Road","highway":"primary","osm":"way/1464039538"},"geometry":{"type":"LineString","coordinates":[[-115.17616,36.12597],[-115.1764,36.126]]}},{"type":"Feature","properties":{"name":null,"highway":"motorway_link","osm":"way/1464039539"},"geometry":{"type":"LineString","coordinates":[[-115.17616,36.12597],[-115.17637,36.12605]]}},{"type":"Feature","properties":{"name":"Spring Mountain Road","highway":"secondary","osm":"way/1464039540"},"geometry":{"type":"LineString","coordinates":[[-115.18243,36.12619],[-115.18217,36.12618]]}},{"type":"Feature","properties":{"name":null,"highway":"primary_link","osm":"way/1464039541"},"geometry":{"type":"LineString","coordinates":[[-115.17947,36.12789],[-115.17919,36.1278]]}},{"type":"Feature","properties":{"name":"Western Avenue","highway":"unclassified","osm":"way/1464039542"},"geometry":{"type":"LineString","coordinates":[[-115.17858,36.12776],[-115.17884,36.12777]]}},{"type":"Feature","properties":{"name":"East Desert Inn Road","highway":"primary","osm":"way/1465225413"},"geometry":{"type":"LineString","coordinates":[[-115.13859,36.12978],[-115.13848,36.12971]]}},{"type":"Feature","properties":{"name":"East Desert Inn Road","highway":"primary","osm":"way/1465225414"},"geometry":{"type":"LineString","coordinates":[[-115.13847,36.12985],[-115.13859,36.12978]]}},{"type":"Feature","properties":{"name":"Fremont Street","highway":"primary","osm":"way/1465295398"},"geometry":{"type":"LineString","coordinates":[[-115.1289,36.16418],[-115.12866,36.16408]]}},{"type":"Feature","properties":{"name":"West Washington Avenue","highway":"primary","osm":"way/1465739092"},"geometry":{"type":"LineString","coordinates":[[-115.14689,36.1809],[-115.14702,36.1809]]}},{"type":"Feature","properties":{"name":null,"highway":"motorway_link","osm":"way/1465740465"},"geometry":{"type":"LineString","coordinates":[[-115.14439,36.18104],[-115.14434,36.18111]]}},{"type":"Feature","properties":{"name":"East Washington Avenue","highway":"primary","osm":"way/1465740466"},"geometry":{"type":"LineString","coordinates":[[-115.13991,36.18112],[-115.13982,36.18115]]}},{"type":"Feature","properties":{"name":"East Washington Avenue","highway":"primary","osm":"way/1465740467"},"geometry":{"type":"LineString","coordinates":[[-115.13982,36.18115],[-115.13989,36.18121]]}},{"type":"Feature","properties":{"name":"Charlotte Drive","highway":"residential","osm":"way/1466476349"},"geometry":{"type":"LineString","coordinates":[[-115.15881,36.11182],[-115.15869,36.11162]]}},{"type":"Feature","properties":{"name":"Fremont Street","highway":"primary","osm":"way/1466760999"},"geometry":{"type":"LineString","coordinates":[[-115.12512,36.16256],[-115.12502,36.16252]]}},{"type":"Feature","properties":{"name":"B Street","highway":"residential","osm":"way/1467359989"},"geometry":{"type":"LineString","coordinates":[[-115.1447,36.18818],[-115.14475,36.18847]]}},{"type":"Feature","properties":{"name":null,"highway":"motorway_link","osm":"way/1467383324"},"geometry":{"type":"LineString","coordinates":[[-115.18109,36.10127],[-115.1812,36.10102]]}},{"type":"Feature","properties":{"name":"Paradise Road","highway":"primary","osm":"way/1467464980"},"geometry":{"type":"LineString","coordinates":[[-115.15278,36.11007],[-115.15266,36.11002]]}},{"type":"Feature","properties":{"name":"Paradise Road","highway":"primary","osm":"way/1467464981"},"geometry":{"type":"LineString","coordinates":[[-115.15266,36.11002],[-115.15263,36.11009]]}},{"type":"Feature","properties":{"name":"Paradise Road","highway":"primary","osm":"way/1467464982"},"geometry":{"type":"LineString","coordinates":[[-115.15271,36.11035],[-115.15278,36.11038]]}},{"type":"Feature","properties":{"name":"Paradise Road","highway":"primary","osm":"way/1467464983"},"geometry":{"type":"LineString","coordinates":[[-115.15278,36.11038],[-115.15285,36.11033]]}},{"type":"Feature","properties":{"name":"East Bonanza Road","highway":"secondary","osm":"way/1469018562"},"geometry":{"type":"LineString","coordinates":[[-115.13125,36.17408],[-115.13139,36.17404]]}},{"type":"Feature","properties":{"name":"East Wilson Avenue","highway":"residential","osm":"way/1469019099"},"geometry":{"type":"LineString","coordinates":[[-115.13065,36.17577],[-115.1305,36.17576]]}},{"type":"Feature","properties":{"name":null,"highway":"secondary_link","osm":"way/1469021679"},"geometry":{"type":"LineString","coordinates":[[-115.1279,36.17812],[-115.1279,36.17824]]}},{"type":"Feature","properties":{"name":null,"highway":"secondary_link","osm":"way/1469021681"},"geometry":{"type":"LineString","coordinates":[[-115.12803,36.17824],[-115.12803,36.17812]]}},{"type":"Feature","properties":{"name":null,"highway":"secondary_link","osm":"way/1469021682"},"geometry":{"type":"LineString","coordinates":[[-115.12514,36.18242],[-115.125,36.18242]]}},{"type":"Feature","properties":{"name":null,"highway":"secondary_link","osm":"way/1469021683"},"geometry":{"type":"LineString","coordinates":[[-115.125,36.18274],[-115.12514,36.18274]]}},{"type":"Feature","properties":{"name":null,"highway":"secondary_link","osm":"way/1469021685"},"geometry":{"type":"LineString","coordinates":[[-115.12512,36.18658],[-115.12542,36.18631]]}},{"type":"Feature","properties":{"name":"Foremaster Lane","highway":"unclassified","osm":"way/1469021686"},"geometry":{"type":"LineString","coordinates":[[-115.12512,36.18631],[-115.12498,36.18631]]}},{"type":"Feature","properties":{"name":"North Bruce Street","highway":"secondary","osm":"way/1469021687"},"geometry":{"type":"LineString","coordinates":[[-115.12498,36.18631],[-115.12499,36.1884]]}},{"type":"Feature","properties":{"name":"North Maryland Parkway","highway":"secondary","osm":"way/1469021688"},"geometry":{"type":"LineString","coordinates":[[-115.1254,36.17845],[-115.12502,36.17902]]}},{"type":"Feature","properties":{"name":"North Bruce Street","highway":"tertiary","osm":"way/1469021689"},"geometry":{"type":"LineString","coordinates":[[-115.1254,36.17845],[-115.1254,36.17793]]}},{"type":"Feature","properties":{"name":"North Bruce Street","highway":"tertiary","osm":"way/1469021690"},"geometry":{"type":"LineString","coordinates":[[-115.12536,36.17752],[-115.12531,36.17764]]}},{"type":"Feature","properties":{"name":"North Bruce Street","highway":"tertiary","osm":"way/1469021691"},"geometry":{"type":"LineString","coordinates":[[-115.1254,36.17764],[-115.12536,36.17752]]}},{"type":"Feature","properties":{"name":"South 13th Street","highway":"secondary","osm":"way/1469029963"},"geometry":{"type":"LineString","coordinates":[[-115.13177,36.16497],[-115.13155,36.16531]]}},{"type":"Feature","properties":{"name":"North Maryland Parkway","highway":"secondary","osm":"way/1469029964"},"geometry":{"type":"LineString","coordinates":[[-115.13039,36.17317],[-115.1305,36.17362]]}},{"type":"Feature","properties":{"name":"East Bonanza Road","highway":"secondary","osm":"way/1469029965"},"geometry":{"type":"LineString","coordinates":[[-115.12969,36.17398],[-115.12964,36.17403]]}},{"type":"Feature","properties":{"name":"East Bonanza Road","highway":"secondary","osm":"way/1469029966"},"geometry":{"type":"LineString","coordinates":[[-115.12964,36.17403],[-115.1297,36.17408]]}},{"type":"Feature","properties":{"name":"East Bonanza Road","highway":"secondary","osm":"way/1469029967"},"geometry":{"type":"LineString","coordinates":[[-115.13139,36.17404],[-115.13125,36.17398]]}},{"type":"Feature","properties":{"name":null,"highway":"secondary_link","osm":"way/1469029968"},"geometry":{"type":"LineString","coordinates":[[-115.12614,36.17812],[-115.12585,36.1781]]}},{"type":"Feature","properties":{"name":"North Maryland Parkway","highway":"secondary","osm":"way/1469029969"},"geometry":{"type":"LineString","coordinates":[[-115.13065,36.17467],[-115.13066,36.17446]]}},{"type":"Feature","properties":{"name":"South Casino Center Boulevard","highway":"secondary","osm":"way/1469033347"},"geometry":{"type":"LineString","coordinates":[[-115.15089,36.15889],[-115.15093,36.15929]]}},{"type":"Feature","properties":{"name":"South 3rd Street","highway":"tertiary","osm":"way/1469033348"},"geometry":{"type":"LineString","coordinates":[[-115.15121,36.15689],[-115.15125,36.15635]]}},{"type":"Feature","properties":{"name":"South 3rd Street","highway":"tertiary","osm":"way/1469033350"},"geometry":{"type":"LineString","coordinates":[[-115.15125,36.15635],[-115.15127,36.156]]}},{"type":"Feature","properties":{"name":"South 3rd Street","highway":"tertiary","osm":"way/1469033351"},"geometry":{"type":"LineString","coordinates":[[-115.15127,36.156],[-115.15136,36.15459]]}},{"type":"Feature","properties":{"name":"North Las Vegas Boulevard","highway":"primary","osm":"way/1469037427"},"geometry":{"type":"LineString","coordinates":[[-115.14045,36.16969],[-115.14057,36.16951]]}},{"type":"Feature","properties":{"name":"South Casino Center Boulevard","highway":"secondary","osm":"way/1469037428"},"geometry":{"type":"LineString","coordinates":[[-115.145,36.16945],[-115.14513,36.16926]]}},{"type":"Feature","properties":{"name":"South 3rd Street","highway":"tertiary","osm":"way/1469037430"},"geometry":{"type":"LineString","coordinates":[[-115.15117,36.15569],[-115.15113,36.15598]]}},{"type":"Feature","properties":{"name":"Bridger Avenue","highway":"tertiary","osm":"way/1469354542"},"geometry":{"type":"LineString","coordinates":[[-115.14001,36.16598],[-115.1399,36.16593]]}},{"type":"Feature","properties":{"name":"Bridger Avenue","highway":"tertiary","osm":"way/1469354547"},"geometry":{"type":"LineString","coordinates":[[-115.1399,36.16593],[-115.13983,36.1659]]}},{"type":"Feature","properties":{"name":"Hoover Avenue","highway":"unclassified","osm":"way/1470154632"},"geometry":{"type":"LineString","coordinates":[[-115.15174,36.16206],[-115.15195,36.16223]]}},{"type":"Feature","properties":{"name":"Hoover Avenue","highway":"unclassified","osm":"way/1470154634"},"geometry":{"type":"LineString","coordinates":[[-115.152,36.16216],[-115.15183,36.16208]]}},{"type":"Feature","properties":{"name":"Hoover Avenue","highway":"unclassified","osm":"way/1470154635"},"geometry":{"type":"LineString","coordinates":[[-115.15183,36.16208],[-115.15174,36.16206]]}},{"type":"Feature","properties":{"name":"Coolidge Avenue","highway":"unclassified","osm":"way/1470154636"},"geometry":{"type":"LineString","coordinates":[[-115.15247,36.16088],[-115.15256,36.16096]]}},{"type":"Feature","properties":{"name":"Coolidge Avenue","highway":"unclassified","osm":"way/1470154637"},"geometry":{"type":"LineString","coordinates":[[-115.1526,36.1609],[-115.15247,36.16088]]}},{"type":"Feature","properties":{"name":"Gass Avenue","highway":"tertiary","osm":"way/1470154643"},"geometry":{"type":"LineString","coordinates":[[-115.15089,36.16319],[-115.15053,36.16304]]}},{"type":"Feature","properties":{"name":"Gass Avenue","highway":"tertiary","osm":"way/1470154644"},"geometry":{"type":"LineString","coordinates":[[-115.15089,36.16319],[-115.15128,36.16342]]}},{"type":"Feature","properties":{"name":"South Main Street","highway":"primary","osm":"way/1470154645"},"geometry":{"type":"LineString","coordinates":[[-115.15119,36.1641],[-115.15114,36.16436]]}},{"type":"Feature","properties":{"name":"South Commerce Street","highway":"primary","osm":"way/1470154646"},"geometry":{"type":"LineString","coordinates":[[-115.15114,36.16436],[-115.15133,36.16413]]}},{"type":"Feature","properties":{"name":"South Commerce Street","highway":"primary","osm":"way/1470154647"},"geometry":{"type":"LineString","coordinates":[[-115.15133,36.16413],[-115.15162,36.16393]]}},{"type":"Feature","properties":{"name":"South Commerce Street","highway":"primary","osm":"way/1470154651"},"geometry":{"type":"LineString","coordinates":[[-115.15484,36.1591],[-115.15487,36.15892]]}},{"type":"Feature","properties":{"name":"South Commerce Street","highway":"secondary","osm":"way/1470154652"},"geometry":{"type":"LineString","coordinates":[[-115.15486,36.15877],[-115.15491,36.15813]]}},{"type":"Feature","properties":{"name":"West California Avenue","highway":"unclassified","osm":"way/1470154655"},"geometry":{"type":"LineString","coordinates":[[-115.15469,36.1575],[-115.15497,36.1575]]}},{"type":"Feature","properties":{"name":"South Main Street","highway":"primary","osm":"way/1470154664"},"geometry":{"type":"LineString","coordinates":[[-115.1511,36.16442],[-115.15114,36.16436]]}},{"type":"Feature","properties":{"name":"South Main Street","highway":"primary","osm":"way/1470154665"},"geometry":{"type":"LineString","coordinates":[[-115.15068,36.16507],[-115.15092,36.1647]]}},{"type":"Feature","properties":{"name":"South Main Street","highway":"primary","osm":"way/1470154666"},"geometry":{"type":"LineString","coordinates":[[-115.15045,36.16542],[-115.15068,36.16507]]}},{"type":"Feature","properties":{"name":"North Main Street","highway":"secondary","osm":"way/1470162999"},"geometry":{"type":"LineString","coordinates":[[-115.13397,36.18983],[-115.13354,36.19011]]}},{"type":"Feature","properties":{"name":"North Main Street","highway":"secondary","osm":"way/1470163000"},"geometry":{"type":"LineString","coordinates":[[-115.13975,36.18185],[-115.13936,36.18245]]}},{"type":"Feature","properties":{"name":"North Main Street","highway":"secondary","osm":"way/1470163001"},"geometry":{"type":"LineString","coordinates":[[-115.1408,36.18023],[-115.14048,36.18075]]}},{"type":"Feature","properties":{"name":"North Main Street","highway":"secondary","osm":"way/1470163002"},"geometry":{"type":"LineString","coordinates":[[-115.14233,36.1779],[-115.14216,36.17815]]}},{"type":"Feature","properties":{"name":"North Main Street","highway":"secondary","osm":"way/1470163003"},"geometry":{"type":"LineString","coordinates":[[-115.14257,36.17762],[-115.14267,36.17747]]}},{"type":"Feature","properties":{"name":"North Main Street","highway":"secondary","osm":"way/1470163004"},"geometry":{"type":"LineString","coordinates":[[-115.14234,36.17775],[-115.14233,36.1779]]}},{"type":"Feature","properties":{"name":"North Main Street","highway":"secondary","osm":"way/1470163005"},"geometry":{"type":"LineString","coordinates":[[-115.14233,36.1779],[-115.14245,36.1778]]}},{"type":"Feature","properties":{"name":"North Main Street","highway":"secondary","osm":"way/1470163006"},"geometry":{"type":"LineString","coordinates":[[-115.14298,36.17678],[-115.14294,36.17684]]}},{"type":"Feature","properties":{"name":"North Main Street","highway":"secondary","osm":"way/1470163007"},"geometry":{"type":"LineString","coordinates":[[-115.14406,36.17515],[-115.14408,36.17522]]}},{"type":"Feature","properties":{"name":"North Main Street","highway":"secondary","osm":"way/1470163008"},"geometry":{"type":"LineString","coordinates":[[-115.14408,36.17522],[-115.14416,36.17519]]}},{"type":"Feature","properties":{"name":"South Main Street","highway":"primary","osm":"way/1470163010"},"geometry":{"type":"LineString","coordinates":[[-115.14917,36.1674],[-115.1493,36.16729]]}},{"type":"Feature","properties":{"name":"South Main Street","highway":"primary","osm":"way/1470163011"},"geometry":{"type":"LineString","coordinates":[[-115.1493,36.16729],[-115.1494,36.16714]]}},{"type":"Feature","properties":{"name":"South Main Street","highway":"primary","osm":"way/1470163012"},"geometry":{"type":"LineString","coordinates":[[-115.1492,36.16725],[-115.14917,36.1674]]}},{"type":"Feature","properties":{"name":"South Main Street","highway":"primary","osm":"way/1470163013"},"geometry":{"type":"LineString","coordinates":[[-115.1493,36.1671],[-115.1492,36.16725]]}},{"type":"Feature","properties":{"name":"South Main Street","highway":"primary","osm":"way/1470163014"},"geometry":{"type":"LineString","coordinates":[[-115.1494,36.16714],[-115.14941,36.16703]]}},{"type":"Feature","properties":{"name":"South Main Street","highway":"primary","osm":"way/1470163015"},"geometry":{"type":"LineString","coordinates":[[-115.14941,36.16703],[-115.1493,36.1671]]}},{"type":"Feature","properties":{"name":"South Main Street","highway":"primary","osm":"way/1470163016"},"geometry":{"type":"LineString","coordinates":[[-115.14968,36.16651],[-115.14962,36.1666]]}},{"type":"Feature","properties":{"name":"South Main Street","highway":"primary","osm":"way/1470163018"},"geometry":{"type":"LineString","coordinates":[[-115.14964,36.16668],[-115.1496,36.16673]]}},{"type":"Feature","properties":{"name":"Resorts World Connector","highway":"unclassified","osm":"way/1470169988"},"geometry":{"type":"LineString","coordinates":[[-115.16632,36.1334],[-115.16663,36.13332]]}},{"type":"Feature","properties":{"name":"Resorts World Connector","highway":"unclassified","osm":"way/1470169989"},"geometry":{"type":"LineString","coordinates":[[-115.16632,36.1334],[-115.16627,36.1334]]}},{"type":"Feature","properties":{"name":"Resorts World Connector","highway":"unclassified","osm":"way/1470169990"},"geometry":{"type":"LineString","coordinates":[[-115.16627,36.13343],[-115.16632,36.1334]]}},{"type":"Feature","properties":{"name":"Resorts World Connector","highway":"unclassified","osm":"way/1470169991"},"geometry":{"type":"LineString","coordinates":[[-115.16627,36.1334],[-115.16576,36.1336],[-115.16627,36.13343]]}},{"type":"Feature","properties":{"name":"South Road","highway":"unclassified","osm":"way/1471861737"},"geometry":{"type":"LineString","coordinates":[[-115.14796,36.12797],[-115.14712,36.12808]]}},{"type":"Feature","properties":{"name":"Center Circle","highway":"unclassified","osm":"way/1471866464"},"geometry":{"type":"LineString","coordinates":[[-115.15663,36.11675],[-115.1566,36.11711]]}},{"type":"Feature","properties":{"name":"East Colorado Avenue","highway":"tertiary","osm":"way/1476295224"},"geometry":{"type":"LineString","coordinates":[[-115.15127,36.156],[-115.1512,36.15599]]}},{"type":"Feature","properties":{"name":"North Main Street","highway":"secondary","osm":"way/1476623835"},"geometry":{"type":"LineString","coordinates":[[-115.14313,36.17677],[-115.14318,36.17669]]}},{"type":"Feature","properties":{"name":"Genting Boulevard","highway":"tertiary","osm":"way/1476943919"},"geometry":{"type":"LineString","coordinates":[[-115.16561,36.13111],[-115.16566,36.13117]]}},{"type":"Feature","properties":{"name":"Encore Resort Boulevard","highway":"tertiary","osm":"way/1476943920"},"geometry":{"type":"LineString","coordinates":[[-115.1657,36.13099],[-115.16566,36.13092]]}},{"type":"Feature","properties":{"name":"Horseshoe Drive","highway":"unclassified","osm":"way/1479859626"},"geometry":{"type":"LineString","coordinates":[[-115.17078,36.11442],[-115.17078,36.11446]]}},{"type":"Feature","properties":{"name":"Horseshoe Drive","highway":"unclassified","osm":"way/1479897391"},"geometry":{"type":"LineString","coordinates":[[-115.17107,36.11364],[-115.17081,36.11385]]}},{"type":"Feature","properties":{"name":"Horseshoe Drive","highway":"unclassified","osm":"way/1479897392"},"geometry":{"type":"LineString","coordinates":[[-115.17129,36.11412],[-115.17125,36.1137]]}},{"type":"Feature","properties":{"name":"Horseshoe Drive","highway":"unclassified","osm":"way/1479897393"},"geometry":{"type":"LineString","coordinates":[[-115.17121,36.11361],[-115.17107,36.11364]]}},{"type":"Feature","properties":{"name":"Symphony Park Avenue","highway":"tertiary","osm":"way/1479910186"},"geometry":{"type":"LineString","coordinates":[[-115.15442,36.17072],[-115.15608,36.17137]]}},{"type":"Feature","properties":{"name":"Symphony Park Avenue","highway":"tertiary","osm":"way/1479910187"},"geometry":{"type":"LineString","coordinates":[[-115.15643,36.17134],[-115.15608,36.17137]]}},{"type":"Feature","properties":{"name":"Symphony Park Avenue","highway":"tertiary","osm":"way/1479910188"},"geometry":{"type":"LineString","coordinates":[[-115.15608,36.17137],[-115.15642,36.17145]]}},{"type":"Feature","properties":{"name":"Symphony Park Avenue","highway":"tertiary","osm":"way/1479910189"},"geometry":{"type":"LineString","coordinates":[[-115.15415,36.17061],[-115.15442,36.17072]]}},{"type":"Feature","properties":{"name":"Symphony Park Avenue","highway":"tertiary","osm":"way/1479910190"},"geometry":{"type":"LineString","coordinates":[[-115.15337,36.17036],[-115.15351,36.17033]]}},{"type":"Feature","properties":{"name":"Symphony Park Avenue","highway":"tertiary","osm":"way/1479910191"},"geometry":{"type":"LineString","coordinates":[[-115.15351,36.17033],[-115.15345,36.17024]]}},{"type":"Feature","properties":{"name":"Thomas and Mack Drive","highway":"unclassified","osm":"way/1480423071"},"geometry":{"type":"LineString","coordinates":[[-115.14676,36.10265],[-115.14602,36.10333]]}},{"type":"Feature","properties":{"name":"Las Vegas Freeway","highway":"motorway","osm":"way/1480566913"},"geometry":{"type":"LineString","coordinates":[[-115.18084,36.10567],[-115.18086,36.10528]]}},{"type":"Feature","properties":{"name":"Las Vegas Freeway","highway":"motorway","osm":"way/1480598687"},"geometry":{"type":"LineString","coordinates":[[-115.1599,36.16591],[-115.15987,36.166]]}},{"type":"Feature","properties":{"name":"West Carson Avenue","highway":"unclassified","osm":"way/1481630962"},"geometry":{"type":"LineString","coordinates":[[-115.15123,36.17215],[-115.15139,36.17229]]}},{"type":"Feature","properties":{"name":"Caesars Palace Drive","highway":"unclassified","osm":"way/1485126930"},"geometry":{"type":"LineString","coordinates":[[-115.17281,36.11737],[-115.17298,36.11741]]}},{"type":"Feature","properties":{"name":"Caesars Palace Drive","highway":"unclassified","osm":"way/1485126931"},"geometry":{"type":"LineString","coordinates":[[-115.17299,36.11732],[-115.17281,36.11737]]}},{"type":"Feature","properties":{"name":"MGM Road","highway":"tertiary","osm":"way/1485275051"},"geometry":{"type":"LineString","coordinates":[[-115.17279,36.10391],[-115.17298,36.1039]]}},{"type":"Feature","properties":{"name":"South Bruce Street","highway":"tertiary","osm":"way/1486786069"},"geometry":{"type":"LineString","coordinates":[[-115.12508,36.15904],[-115.12508,36.15892]]}},{"type":"Feature","properties":{"name":"South Eastern Avenue","highway":"primary","osm":"way/1486793849"},"geometry":{"type":"LineString","coordinates":[[-115.11896,36.15897],[-115.11897,36.15892]]}},{"type":"Feature","properties":{"name":"South Las Vegas Boulevard","highway":"primary","osm":"way/1486896083"},"geometry":{"type":"LineString","coordinates":[[-115.17298,36.11741],[-115.17299,36.11732]]}},{"type":"Feature","properties":{"name":"Linden Avenue","highway":"residential","osm":"way/1487414324"},"geometry":{"type":"LineString","coordinates":[[-115.12906,36.17284],[-115.12526,36.17283]]}},{"type":"Feature","properties":{"name":"North 16th Street","highway":"residential","osm":"way/1487414326"},"geometry":{"type":"LineString","coordinates":[[-115.12603,36.16862],[-115.12601,36.17108]]}},{"type":"Feature","properties":{"name":"21st Street","highway":"residential","osm":"way/1487414329"},"geometry":{"type":"LineString","coordinates":[[-115.12068,36.1701],[-115.12068,36.17017]]}},{"type":"Feature","properties":{"name":"19th Street","highway":"residential","osm":"way/1487414330"},"geometry":{"type":"LineString","coordinates":[[-115.12291,36.17008],[-115.12292,36.17399]]}},{"type":"Feature","properties":{"name":"North 14th Street","highway":"residential","osm":"way/1487511496"},"geometry":{"type":"LineString","coordinates":[[-115.12819,36.16952],[-115.12819,36.1711]]}},{"type":"Feature","properties":{"name":"West Charleston Boulevard","highway":"primary","osm":"way/1489460663"},"geometry":{"type":"LineString","coordinates":[[-115.15357,36.15891],[-115.15417,36.15892]]}},{"type":"Feature","properties":{"name":"Cottage Grove Avenue","highway":"tertiary","osm":"way/1491386362"},"geometry":{"type":"LineString","coordinates":[[-115.13757,36.1112],[-115.13772,36.11122]]}},{"type":"Feature","properties":{"name":"Fremont Street","highway":"primary","osm":"way/1493750005"},"geometry":{"type":"LineString","coordinates":[[-115.12502,36.16252],[-115.12431,36.16221]]}},{"type":"Feature","properties":{"name":"Fremont Street","highway":"primary","osm":"way/1493750007"},"geometry":{"type":"LineString","coordinates":[[-115.12431,36.16221],[-115.12399,36.16207]]}},{"type":"Feature","properties":{"name":"Fremont Street","highway":"primary","osm":"way/1493750008"},"geometry":{"type":"LineString","coordinates":[[-115.12399,36.16207],[-115.12297,36.16163]]}},{"type":"Feature","properties":{"name":"Fremont Street","highway":"primary","osm":"way/1493750010"},"geometry":{"type":"LineString","coordinates":[[-115.12269,36.16151],[-115.12297,36.16163]]}},{"type":"Feature","properties":{"name":"Fremont Street","highway":"primary","osm":"way/1493750011"},"geometry":{"type":"LineString","coordinates":[[-115.12399,36.16207],[-115.12431,36.16221]]}},{"type":"Feature","properties":{"name":"Fremont Street","highway":"primary","osm":"way/1493750012"},"geometry":{"type":"LineString","coordinates":[[-115.12297,36.16163],[-115.12269,36.16151]]}},{"type":"Feature","properties":{"name":"Fremont Street","highway":"primary","osm":"way/1493750013"},"geometry":{"type":"LineString","coordinates":[[-115.12269,36.16151],[-115.12174,36.1611]]}},{"type":"Feature","properties":{"name":"Fremont Street","highway":"primary","osm":"way/1493750015"},"geometry":{"type":"LineString","coordinates":[[-115.12174,36.1611],[-115.12153,36.16101]]}},{"type":"Feature","properties":{"name":"Fremont Street","highway":"primary","osm":"way/1493750016"},"geometry":{"type":"LineString","coordinates":[[-115.12153,36.16101],[-115.12174,36.1611]]}},{"type":"Feature","properties":{"name":"Fremont Street","highway":"primary","osm":"way/1493750017"},"geometry":{"type":"LineString","coordinates":[[-115.12015,36.16042],[-115.11952,36.16015]]}},{"type":"Feature","properties":{"name":"Fremont Street","highway":"primary","osm":"way/1493750019"},"geometry":{"type":"LineString","coordinates":[[-115.12015,36.16042],[-115.12043,36.16054]]}},{"type":"Feature","properties":{"name":"Fremont Street","highway":"primary","osm":"way/1493750020"},"geometry":{"type":"LineString","coordinates":[[-115.12043,36.16054],[-115.12015,36.16042]]}},{"type":"Feature","properties":{"name":"West Harmon Avenue","highway":"secondary","osm":"way/1494470911"},"geometry":{"type":"LineString","coordinates":[[-115.18064,36.10807],[-115.17928,36.10805]]}},{"type":"Feature","properties":{"name":"West Harmon Avenue","highway":"secondary","osm":"way/1494470912"},"geometry":{"type":"LineString","coordinates":[[-115.18071,36.10807],[-115.18064,36.10807]]}},{"type":"Feature","properties":{"name":null,"highway":"primary_link","osm":"way/1497491283"},"geometry":{"type":"LineString","coordinates":[[-115.11707,36.1609],[-115.11769,36.16045]]}},{"type":"Feature","properties":{"name":"East Bonanza Road","highway":"secondary","osm":"way/1497491284"},"geometry":{"type":"LineString","coordinates":[[-115.11749,36.17397],[-115.11729,36.17389]]}},{"type":"Feature","properties":{"name":"East Bonanza Road","highway":"secondary","osm":"way/1497491285"},"geometry":{"type":"LineString","coordinates":[[-115.11432,36.1738],[-115.11405,36.17385]]}},{"type":"Feature","properties":{"name":"Lewis Avenue","highway":"residential","osm":"way/1498729021"},"geometry":{"type":"LineString","coordinates":[[-115.13381,36.16184],[-115.1315,36.16083]]}},{"type":"Feature","properties":{"name":"South Maryland Parkway","highway":"secondary","osm":"way/1498729022"},"geometry":{"type":"LineString","coordinates":[[-115.13496,36.16232],[-115.13579,36.16118]]}},{"type":"Feature","properties":{"name":"Lewis Avenue","highway":"residential","osm":"way/1498729023"},"geometry":{"type":"LineString","coordinates":[[-115.13496,36.16232],[-115.13381,36.16184]]}},{"type":"Feature","properties":{"name":"South 13th Street","highway":"secondary","osm":"way/1498729024"},"geometry":{"type":"LineString","coordinates":[[-115.13396,36.16167],[-115.13381,36.16184]]}},{"type":"Feature","properties":{"name":"Grand Central Parkway","highway":"secondary","osm":"way/1500129563"},"geometry":{"type":"LineString","coordinates":[[-115.15797,36.16169],[-115.15803,36.1616]]}},{"type":"Feature","properties":{"name":null,"highway":"primary_link","osm":"way/1500146180"},"geometry":{"type":"LineString","coordinates":[[-115.15755,36.15896],[-115.15817,36.15893]]}},{"type":"Feature","properties":{"name":"East Charleston Boulevard","highway":"primary","osm":"way/1500146181"},"geometry":{"type":"LineString","coordinates":[[-115.13536,36.15888],[-115.13545,36.15895]]}},{"type":"Feature","properties":{"name":"East Charleston Boulevard","highway":"primary","osm":"way/1500146182"},"geometry":{"type":"LineString","coordinates":[[-115.13546,36.15881],[-115.13536,36.15888]]}},{"type":"Feature","properties":{"name":"Art Way","highway":"tertiary","osm":"way/1500146183"},"geometry":{"type":"LineString","coordinates":[[-115.1517,36.15929],[-115.15198,36.15912]]}},{"type":"Feature","properties":{"name":"Art Way","highway":"tertiary","osm":"way/1500146184"},"geometry":{"type":"LineString","coordinates":[[-115.15145,36.15955],[-115.15156,36.15942]]}},{"type":"Feature","properties":{"name":"Grand Central Parkway","highway":"secondary","osm":"way/1501509632"},"geometry":{"type":"LineString","coordinates":[[-115.15788,36.16153],[-115.15782,36.16162]]}},{"type":"Feature","properties":{"name":null,"highway":"motorway_link","osm":"way/1504673228"},"geometry":{"type":"LineString","coordinates":[[-115.15413,36.17486],[-115.15404,36.17496]]}},{"type":"Feature","properties":{"name":"Las Vegas Freeway","highway":"motorway","osm":"way/1504673229"},"geometry":{"type":"LineString","coordinates":[[-115.15415,36.17487],[-115.15404,36.17496]]}},{"type":"Feature","properties":{"name":"North Casino Center Boulevard","highway":"secondary","osm":"way/1504711877"},"geometry":{"type":"LineString","coordinates":[[-115.14331,36.17188],[-115.14318,36.17208]]}},{"type":"Feature","properties":{"name":"North Casino Center Boulevard","highway":"secondary","osm":"way/1504711878"},"geometry":{"type":"LineString","coordinates":[[-115.14318,36.17208],[-115.14291,36.17239]]}},{"type":"Feature","properties":{"name":"North Casino Center Boulevard","highway":"secondary","osm":"way/1504711879"},"geometry":{"type":"LineString","coordinates":[[-115.14262,36.17307],[-115.14301,36.17242]]}},{"type":"Feature","properties":{"name":"North Casino Center Boulevard","highway":"secondary","osm":"way/1504711880"},"geometry":{"type":"LineString","coordinates":[[-115.14301,36.17242],[-115.14318,36.17208]]}},{"type":"Feature","properties":{"name":null,"highway":"primary_link","osm":"way/1506125777"},"geometry":{"type":"LineString","coordinates":[[-115.13697,36.09677],[-115.13681,36.09677]]}},{"type":"Feature","properties":{"name":"East Charleston Boulevard","highway":"primary","osm":"way/1508786312"},"geometry":{"type":"LineString","coordinates":[[-115.13331,36.15895],[-115.13343,36.15888]]}},{"type":"Feature","properties":{"name":"East Charleston Boulevard","highway":"primary","osm":"way/1508786313"},"geometry":{"type":"LineString","coordinates":[[-115.13214,36.15881],[-115.13198,36.15888]]}},{"type":"Feature","properties":{"name":"East Charleston Boulevard","highway":"primary","osm":"way/1508786314"},"geometry":{"type":"LineString","coordinates":[[-115.13343,36.15888],[-115.13332,36.15881]]}},{"type":"Feature","properties":{"name":"West Flamingo Road","highway":"primary","osm":"way/1509237372"},"geometry":{"type":"LineString","coordinates":[[-115.17531,36.11483],[-115.17544,36.11483]]}},{"type":"Feature","properties":{"name":"Via del Nord","highway":"unclassified","osm":"way/1509237373"},"geometry":{"type":"LineString","coordinates":[[-115.17531,36.11468],[-115.17531,36.11483]]}},{"type":"Feature","properties":{"name":null,"highway":"motorway_link","osm":"way/1509237374"},"geometry":{"type":"LineString","coordinates":[[-115.17982,36.1141],[-115.17984,36.11429]]}},{"type":"Feature","properties":{"name":null,"highway":"motorway_link","osm":"way/1509237375"},"geometry":{"type":"LineString","coordinates":[[-115.17895,36.11449],[-115.17862,36.11461]]}},{"type":"Feature","properties":{"name":null,"highway":"motorway_link","osm":"way/1509237376"},"geometry":{"type":"LineString","coordinates":[[-115.17949,36.11478],[-115.17957,36.11479]]}},{"type":"Feature","properties":{"name":null,"highway":"motorway_link","osm":"way/1509237377"},"geometry":{"type":"LineString","coordinates":[[-115.17899,36.11481],[-115.17949,36.11478]]}},{"type":"Feature","properties":{"name":null,"highway":"motorway_link","osm":"way/1509237378"},"geometry":{"type":"LineString","coordinates":[[-115.17772,36.11486],[-115.17899,36.11481]]}},{"type":"Feature","properties":{"name":null,"highway":"motorway_link","osm":"way/1509237379"},"geometry":{"type":"LineString","coordinates":[[-115.18085,36.11561],[-115.181,36.11374]]}},{"type":"Feature","properties":{"name":null,"highway":"motorway_link","osm":"way/1509237380"},"geometry":{"type":"LineString","coordinates":[[-115.18217,36.11412],[-115.18156,36.1143]]}},{"type":"Feature","properties":{"name":"West Flamingo Road","highway":"primary","osm":"way/1509303001"},"geometry":{"type":"LineString","coordinates":[[-115.18308,36.11442],[-115.18321,36.11442]]}},{"type":"Feature","properties":{"name":null,"highway":"motorway_link","osm":"way/1509303002"},"geometry":{"type":"LineString","coordinates":[[-115.18258,36.11452],[-115.18308,36.11442]]}},{"type":"Feature","properties":{"name":"South 1st Street","highway":"unclassified","osm":"way/1510000671"},"geometry":{"type":"LineString","coordinates":[[-115.14904,36.16534],[-115.14898,36.16543]]}},{"type":"Feature","properties":{"name":"East Bonneville Avenue","highway":"secondary","osm":"way/1510000672"},"geometry":{"type":"LineString","coordinates":[[-115.14898,36.16543],[-115.14966,36.16572]]}},{"type":"Feature","properties":{"name":"South Main Street","highway":"primary","osm":"way/1510000673"},"geometry":{"type":"LineString","coordinates":[[-115.15012,36.16592],[-115.15018,36.16583]]}},{"type":"Feature","properties":{"name":"South 1st Street","highway":"unclassified","osm":"way/1510000674"},"geometry":{"type":"LineString","coordinates":[[-115.14951,36.16463],[-115.14967,36.1644]]}},{"type":"Feature","properties":{"name":"North Maryland Parkway","highway":"secondary","osm":"way/1511126857"},"geometry":{"type":"LineString","coordinates":[[-115.1324,36.16624],[-115.13268,36.1658]]}},{"type":"Feature","properties":{"name":"South Maryland Parkway","highway":"primary","osm":"way/1511149182"},"geometry":{"type":"LineString","coordinates":[[-115.13681,36.13052],[-115.13691,36.13077]]}},{"type":"Feature","properties":{"name":"South Maryland Parkway","highway":"primary","osm":"way/1511149183"},"geometry":{"type":"LineString","coordinates":[[-115.13697,36.12877],[-115.13689,36.12889]]}},{"type":"Feature","properties":{"name":"South Maryland Parkway","highway":"primary","osm":"way/1511149184"},"geometry":{"type":"LineString","coordinates":[[-115.13705,36.12888],[-115.13697,36.12877]]}},{"type":"Feature","properties":{"name":"South Maryland Parkway","highway":"primary","osm":"way/1511149185"},"geometry":{"type":"LineString","coordinates":[[-115.13699,36.13052],[-115.13699,36.13043]]}},{"type":"Feature","properties":{"name":"South Maryland Parkway","highway":"primary","osm":"way/1511149186"},"geometry":{"type":"LineString","coordinates":[[-115.1369,36.13369],[-115.1369,36.13351]]}},{"type":"Feature","properties":{"name":"Sunrise Hospital Drive","highway":"unclassified","osm":"way/1511149187"},"geometry":{"type":"LineString","coordinates":[[-115.13631,36.13378],[-115.13614,36.13388]]}},{"type":"Feature","properties":{"name":"South Maryland Parkway","highway":"primary","osm":"way/1512103682"},"geometry":{"type":"LineString","coordinates":[[-115.13772,36.11122],[-115.13772,36.11114]]}},{"type":"Feature","properties":{"name":"Palo Verde Road","highway":"residential","osm":"way/1512296082"},"geometry":{"type":"LineString","coordinates":[[-115.14761,36.09773],[-115.14749,36.09716]]}},{"type":"Feature","properties":{"name":"Paradise Road","highway":"primary","osm":"way/1512296085"},"geometry":{"type":"LineString","coordinates":[[-115.14881,36.09769],[-115.14876,36.0975]]}},{"type":"Feature","properties":{"name":"Dean Martin Drive","highway":"secondary","osm":"way/1516258043"},"geometry":{"type":"LineString","coordinates":[[-115.18137,36.10261],[-115.18137,36.10255]]}},{"type":"Feature","properties":{"name":"East Owens Avenue","highway":"secondary","osm":"way/1516696734"},"geometry":{"type":"LineString","coordinates":[[-115.13348,36.18851],[-115.13398,36.18851]]}},{"type":"Feature","properties":{"name":"East Owens Avenue","highway":"secondary","osm":"way/1516696735"},"geometry":{"type":"LineString","coordinates":[[-115.13449,36.1884],[-115.13413,36.1884]]}},{"type":"Feature","properties":{"name":"East Owens Avenue","highway":"secondary","osm":"way/1516696736"},"geometry":{"type":"LineString","coordinates":[[-115.13553,36.18839],[-115.13539,36.18839]]}},{"type":"Feature","properties":{"name":"North Las Vegas Boulevard","highway":"primary","osm":"way/1516733237"},"geometry":{"type":"LineString","coordinates":[[-115.13414,36.18775],[-115.13409,36.18751]]}},{"type":"Feature","properties":{"name":"North Las Vegas Boulevard","highway":"primary","osm":"way/1516733238"},"geometry":{"type":"LineString","coordinates":[[-115.13413,36.18888],[-115.13413,36.18851]]}},{"type":"Feature","properties":{"name":"North Main Street","highway":"secondary","osm":"way/1516733239"},"geometry":{"type":"LineString","coordinates":[[-115.13428,36.19017],[-115.13481,36.18943]]}},{"type":"Feature","properties":{"name":"North Las Vegas Boulevard","highway":"primary","osm":"way/1516733242"},"geometry":{"type":"LineString","coordinates":[[-115.13411,36.19027],[-115.1341,36.18977]]}},{"type":"Feature","properties":{"name":"Market Center Service Driveway","highway":"secondary_link","osm":"way/1517791956"},"geometry":{"type":"LineString","coordinates":[[-115.15946,36.1663],[-115.15951,36.16617]]}},{"type":"Feature","properties":{"name":"Stewart Avenue","highway":"secondary","osm":"way/1518007946"},"geometry":{"type":"LineString","coordinates":[[-115.13909,36.17155],[-115.1387,36.17138]]}},{"type":"Feature","properties":{"name":"Stewart Avenue","highway":"primary","osm":"way/1518007947"},"geometry":{"type":"LineString","coordinates":[[-115.13945,36.1717],[-115.13921,36.1716]]}},{"type":"Feature","properties":{"name":"North 4th Street","highway":"secondary","osm":"way/1518007948"},"geometry":{"type":"LineString","coordinates":[[-115.14027,36.17211],[-115.14021,36.17219]]}},{"type":"Feature","properties":{"name":"Stewart Avenue","highway":"primary","osm":"way/1518007950"},"geometry":{"type":"LineString","coordinates":[[-115.14001,36.17194],[-115.14011,36.17204]]}},{"type":"Feature","properties":{"name":"Stewart Avenue","highway":"primary","osm":"way/1518007951"},"geometry":{"type":"LineString","coordinates":[[-115.14016,36.17195],[-115.14001,36.17194]]}},{"type":"Feature","properties":{"name":"Stewart Avenue","highway":"primary","osm":"way/1518007952"},"geometry":{"type":"LineString","coordinates":[[-115.14077,36.17232],[-115.14095,36.17234]]}},{"type":"Feature","properties":{"name":"Stewart Avenue","highway":"primary","osm":"way/1518007953"},"geometry":{"type":"LineString","coordinates":[[-115.14095,36.17234],[-115.14086,36.17226]]}},{"type":"Feature","properties":{"name":"Stewart Avenue","highway":"primary","osm":"way/1518007954"},"geometry":{"type":"LineString","coordinates":[[-115.14262,36.17307],[-115.14251,36.17302]]}},{"type":"Feature","properties":{"name":"Stewart Avenue","highway":"primary","osm":"way/1518007955"},"geometry":{"type":"LineString","coordinates":[[-115.14299,36.17322],[-115.14262,36.17307]]}},{"type":"Feature","properties":{"name":"Stewart Avenue","highway":"primary","osm":"way/1518007956"},"geometry":{"type":"LineString","coordinates":[[-115.14371,36.17353],[-115.14327,36.17334]]}},{"type":"Feature","properties":{"name":null,"highway":"primary_link","osm":"way/1521952038"},"geometry":{"type":"LineString","coordinates":[[-115.17994,36.12855],[-115.17947,36.12789]]}},{"type":"Feature","properties":{"name":"Las Vegas Freeway","highway":"motorway","osm":"way/1521973415"},"geometry":{"type":"LineString","coordinates":[[-115.1597,36.16648],[-115.15969,36.16651]]}},{"type":"Feature","properties":{"name":"Las Vegas Freeway","highway":"motorway","osm":"way/1521973420"},"geometry":{"type":"LineString","coordinates":[[-115.18042,36.12987],[-115.18009,36.13185]]}},{"type":"Feature","properties":{"name":"Hotel Rio Drive","highway":"secondary","osm":"way/1524471021"},"geometry":{"type":"LineString","coordinates":[[-115.18346,36.11355],[-115.18334,36.11357]]}},{"type":"Feature","properties":{"name":"Dean Martin Drive","highway":"secondary","osm":"way/1524471022"},"geometry":{"type":"LineString","coordinates":[[-115.1814,36.11167],[-115.18139,36.1115]]}},{"type":"Feature","properties":{"name":"Dean Martin Drive","highway":"secondary","osm":"way/1524471023"},"geometry":{"type":"LineString","coordinates":[[-115.18176,36.11213],[-115.1814,36.11167]]}},{"type":"Feature","properties":{"name":null,"highway":"secondary_link","osm":"way/1524471024"},"geometry":{"type":"LineString","coordinates":[[-115.18285,36.11291],[-115.18293,36.11284]]}},{"type":"Feature","properties":{"name":"Dean Martin Drive","highway":"secondary","osm":"way/1524471025"},"geometry":{"type":"LineString","coordinates":[[-115.18139,36.1115],[-115.18131,36.11082]]}},{"type":"Feature","properties":{"name":"Dean Martin Drive","highway":"secondary","osm":"way/1524471026"},"geometry":{"type":"LineString","coordinates":[[-115.18346,36.11355],[-115.18304,36.11292],[-115.18225,36.11239]]}},{"type":"Feature","properties":{"name":"Hotel Rio Drive","highway":"secondary","osm":"way/1524471027"},"geometry":{"type":"LineString","coordinates":[[-115.18349,36.11363],[-115.18384,36.11359]]}},{"type":"Feature","properties":{"name":"Dean Martin Drive","highway":"secondary","osm":"way/1524471028"},"geometry":{"type":"LineString","coordinates":[[-115.18124,36.11055],[-115.1812,36.11082]]}},{"type":"Feature","properties":{"name":"Dean Martin Drive","highway":"secondary","osm":"way/1524471029"},"geometry":{"type":"LineString","coordinates":[[-115.18131,36.11082],[-115.18124,36.11055]]}},{"type":"Feature","properties":{"name":"Dean Martin Drive","highway":"secondary","osm":"way/1524471030"},"geometry":{"type":"LineString","coordinates":[[-115.1818,36.11222],[-115.18253,36.1127]]}},{"type":"Feature","properties":{"name":"Dean Martin Drive","highway":"secondary","osm":"way/1524471031"},"geometry":{"type":"LineString","coordinates":[[-115.1812,36.11082],[-115.18128,36.11152]]}},{"type":"Feature","properties":{"name":"Dean Martin Drive","highway":"secondary","osm":"way/1524471032"},"geometry":{"type":"LineString","coordinates":[[-115.18128,36.11152],[-115.1814,36.11167]]}},{"type":"Feature","properties":{"name":"Dean Martin Drive","highway":"secondary","osm":"way/1524471033"},"geometry":{"type":"LineString","coordinates":[[-115.18188,36.11215],[-115.18176,36.11213]]}},{"type":"Feature","properties":{"name":"Dean Martin Drive","highway":"secondary","osm":"way/1524471034"},"geometry":{"type":"LineString","coordinates":[[-115.18345,36.11476],[-115.1835,36.11468]]}},{"type":"Feature","properties":{"name":"Dean Martin Drive","highway":"secondary","osm":"way/1524471035"},"geometry":{"type":"LineString","coordinates":[[-115.1834,36.11468],[-115.18345,36.11476]]}},{"type":"Feature","properties":{"name":"Dean Martin Drive","highway":"secondary","osm":"way/1524471036"},"geometry":{"type":"LineString","coordinates":[[-115.18176,36.11213],[-115.1818,36.11222]]}},{"type":"Feature","properties":{"name":"Dean Martin Drive","highway":"secondary","osm":"way/1524471037"},"geometry":{"type":"LineString","coordinates":[[-115.18225,36.11239],[-115.18188,36.11215]]}},{"type":"Feature","properties":{"name":"Dean Martin Drive","highway":"secondary","osm":"way/1524471038"},"geometry":{"type":"LineString","coordinates":[[-115.18253,36.1127],[-115.18334,36.11357]]}},{"type":"Feature","properties":{"name":null,"highway":"motorway_link","osm":"way/1525001821"},"geometry":{"type":"LineString","coordinates":[[-115.15986,36.1583],[-115.15995,36.1587]]}},{"type":"Feature","properties":{"name":null,"highway":"motorway_link","osm":"way/1525001822"},"geometry":{"type":"LineString","coordinates":[[-115.15986,36.1583],[-115.1598,36.15869]]}},{"type":"Feature","properties":{"name":"West Bonneville Avenue","highway":"secondary","osm":"way/1526237093"},"geometry":{"type":"LineString","coordinates":[[-115.15012,36.16592],[-115.1527,36.16695]]}},{"type":"Feature","properties":{"name":"West Bonneville Avenue","highway":"secondary","osm":"way/1526237098"},"geometry":{"type":"LineString","coordinates":[[-115.15139,36.16635],[-115.15093,36.16615]]}},{"type":"Feature","properties":{"name":null,"highway":"motorway_link","osm":"way/1526551891"},"geometry":{"type":"LineString","coordinates":[[-115.17958,36.10166],[-115.17938,36.10167]]}},{"type":"Feature","properties":{"name":"Purple Heart Highway","highway":"motorway","osm":"way/1527088342"},"geometry":{"type":"LineString","coordinates":[[-115.12024,36.16796],[-115.12044,36.16796]]}},{"type":"Feature","properties":{"name":"South Main Street","highway":"primary","osm":"way/1527664524"},"geometry":{"type":"LineString","coordinates":[[-115.1475,36.16987],[-115.1473,36.17019]]}},{"type":"Feature","properties":{"name":"Western Avenue","highway":"tertiary","osm":"way/1528684346"},"geometry":{"type":"LineString","coordinates":[[-115.15957,36.1558],[-115.15957,36.15565]]}},{"type":"Feature","properties":{"name":"Western Avenue","highway":"tertiary","osm":"way/1528684347"},"geometry":{"type":"LineString","coordinates":[[-115.15957,36.15565],[-115.15948,36.15579]]}},{"type":"Feature","properties":{"name":"West Bonanza Road","highway":"secondary","osm":"way/1531121909"},"geometry":{"type":"LineString","coordinates":[[-115.14371,36.17736],[-115.14413,36.17735]]}},{"type":"Feature","properties":{"name":"West Bonanza Road","highway":"secondary","osm":"way/1531121910"},"geometry":{"type":"LineString","coordinates":[[-115.14413,36.17735],[-115.14456,36.17734]]}},{"type":"Feature","properties":{"name":"West Bonanza Road","highway":"secondary","osm":"way/1531121911"},"geometry":{"type":"LineString","coordinates":[[-115.14574,36.17723],[-115.14463,36.17726]]}},{"type":"Feature","properties":{"name":"West Bonanza Road","highway":"secondary","osm":"way/1531121912"},"geometry":{"type":"LineString","coordinates":[[-115.14463,36.17726],[-115.14415,36.17727]]}},{"type":"Feature","properties":{"name":"West Reno Avenue","highway":"tertiary","osm":"way/1535871512"},"geometry":{"type":"LineString","coordinates":[[-115.18002,36.09731],[-115.17827,36.09732]]}},{"type":"Feature","properties":{"name":"West Bonneville Avenue","highway":"secondary","osm":"way/1536936816"},"geometry":{"type":"LineString","coordinates":[[-115.1527,36.16695],[-115.15322,36.16698]]}},{"type":"Feature","properties":{"name":"Horseshoe Drive","highway":"unclassified","osm":"way/1537320664"},"geometry":{"type":"LineString","coordinates":[[-115.17125,36.1137],[-115.17121,36.11367]]}},{"type":"Feature","properties":{"name":"Horseshoe Drive","highway":"unclassified","osm":"way/1537320666"},"geometry":{"type":"LineString","coordinates":[[-115.17121,36.11367],[-115.17121,36.11361]]}},{"type":"Feature","properties":{"name":"East Carson Avenue","highway":"tertiary","osm":"way/1543108452"},"geometry":{"type":"LineString","coordinates":[[-115.14321,36.16884],[-115.14259,36.16858]]}},{"type":"Feature","properties":{"name":"South 3rd Street","highway":"unclassified","osm":"way/1543108453"},"geometry":{"type":"LineString","coordinates":[[-115.14356,36.16923],[-115.14369,36.16904]]}},{"type":"Feature","properties":{"name":"South 3rd Street","highway":"unclassified","osm":"way/1543108454"},"geometry":{"type":"LineString","coordinates":[[-115.14351,36.16931],[-115.14356,36.16923]]}},{"type":"Feature","properties":{"name":"South 3rd Street","highway":"unclassified","osm":"way/1543108455"},"geometry":{"type":"LineString","coordinates":[[-115.14344,36.16943],[-115.14351,36.16931]]}},{"type":"Feature","properties":{"name":"J Street","highway":"tertiary","osm":"way/1543212633"},"geometry":{"type":"LineString","coordinates":[[-115.15633,36.18849],[-115.15633,36.18886]]}},{"type":"Feature","properties":{"name":"South Casino Center Boulevard","highway":"secondary","osm":"way/1543336029"},"geometry":{"type":"LineString","coordinates":[[-115.15108,36.15929],[-115.15106,36.15889]]}},{"type":"Feature","properties":{"name":"South 3rd Street","highway":"tertiary","osm":"way/1543336030"},"geometry":{"type":"LineString","coordinates":[[-115.15094,36.1584],[-115.1509,36.15876]]}},{"type":"Feature","properties":{"name":"West Charleston Boulevard","highway":"primary","osm":"way/1543336037"},"geometry":{"type":"LineString","coordinates":[[-115.15534,36.15892],[-115.15599,36.15892]]}},{"type":"Feature","properties":{"name":"West Charleston Boulevard","highway":"primary","osm":"way/1543336038"},"geometry":{"type":"LineString","coordinates":[[-115.15676,36.15881],[-115.15534,36.15892]]}},{"type":"Feature","properties":{"name":"East Bonneville Avenue","highway":"secondary","osm":"way/1543355009"},"geometry":{"type":"LineString","coordinates":[[-115.14964,36.16559],[-115.14937,36.16547]]}},{"type":"Feature","properties":{"name":"West Bonneville Avenue","highway":"secondary","osm":"way/1543355010"},"geometry":{"type":"LineString","coordinates":[[-115.15436,36.16672],[-115.15396,36.16677]]}},{"type":"Feature","properties":{"name":null,"highway":"primary_link","osm":"way/1543721077"},"geometry":{"type":"LineString","coordinates":[[-115.13703,36.1579],[-115.13685,36.15766]]}},{"type":"Feature","properties":{"name":"South Casino Center Boulevard","highway":"secondary","osm":"way/1543915811"},"geometry":{"type":"LineString","coordinates":[[-115.15087,36.1602],[-115.15064,36.16056]]}},{"type":"Feature","properties":{"name":"South Casino Center Boulevard","highway":"secondary","osm":"way/1543915813"},"geometry":{"type":"LineString","coordinates":[[-115.15118,36.15979],[-115.15117,36.15956]]}},{"type":"Feature","properties":{"name":"South Casino Center Boulevard","highway":"secondary","osm":"way/1543920764"},"geometry":{"type":"LineString","coordinates":[[-115.14935,36.16253],[-115.14915,36.16283]]}},{"type":"Feature","properties":{"name":"South Casino Center Boulevard","highway":"secondary","osm":"way/1543920765"},"geometry":{"type":"LineString","coordinates":[[-115.14926,36.16294],[-115.14949,36.16259]]}},{"type":"Feature","properties":{"name":"South Casino Center Boulevard","highway":"secondary","osm":"way/1543920767"},"geometry":{"type":"LineString","coordinates":[[-115.15025,36.16142],[-115.15042,36.16117]]}},{"type":"Feature","properties":{"name":"South Casino Center Boulevard","highway":"secondary","osm":"way/1543920768"},"geometry":{"type":"LineString","coordinates":[[-115.14962,36.16212],[-115.14935,36.16253]]}},{"type":"Feature","properties":{"name":"South Casino Center Boulevard","highway":"secondary","osm":"way/1543924385"},"geometry":{"type":"LineString","coordinates":[[-115.14781,36.16489],[-115.14758,36.16524]]}},{"type":"Feature","properties":{"name":"South Casino Center Boulevard","highway":"secondary","osm":"way/1543924387"},"geometry":{"type":"LineString","coordinates":[[-115.14872,36.16375],[-115.14902,36.1633]]}},{"type":"Feature","properties":{"name":"Clark Avenue","highway":"secondary","osm":"way/1543928113"},"geometry":{"type":"LineString","coordinates":[[-115.14634,36.16571],[-115.14667,36.16585]]}},{"type":"Feature","properties":{"name":"Clark Avenue","highway":"secondary","osm":"way/1543928114"},"geometry":{"type":"LineString","coordinates":[[-115.14634,36.16571],[-115.14667,36.16585]]}},{"type":"Feature","properties":{"name":"East Harmon Avenue","highway":"secondary","osm":"way/1543936079"},"geometry":{"type":"LineString","coordinates":[[-115.13607,36.10772],[-115.13561,36.10771]]}},{"type":"Feature","properties":{"name":"East Bonneville Avenue","highway":"secondary","osm":"way/1544287860"},"geometry":{"type":"LineString","coordinates":[[-115.14861,36.16519],[-115.14844,36.16516]]}},{"type":"Feature","properties":{"name":"West Bonneville Avenue","highway":"secondary","osm":"way/1544293262"},"geometry":{"type":"LineString","coordinates":[[-115.15708,36.16653],[-115.15726,36.1665]]}},{"type":"Feature","properties":{"name":"West Bonneville Avenue","highway":"secondary","osm":"way/1544293263"},"geometry":{"type":"LineString","coordinates":[[-115.15481,36.1668],[-115.15522,36.16676]]}},{"type":"Feature","properties":{"name":"South Main Street","highway":"secondary","osm":"way/1545125524"},"geometry":{"type":"LineString","coordinates":[[-115.1536,36.15855],[-115.15358,36.15877]]}},{"type":"Feature","properties":{"name":"North 4th Street","highway":"secondary","osm":"way/1545485233"},"geometry":{"type":"LineString","coordinates":[[-115.14062,36.17428],[-115.14087,36.17467]]}},{"type":"Feature","properties":{"name":null,"highway":"secondary_link","osm":"way/1545485234"},"geometry":{"type":"LineString","coordinates":[[-115.14062,36.17428],[-115.14096,36.17462]]}},{"type":"Feature","properties":{"name":"North 4th Street","highway":"secondary","osm":"way/1545485235"},"geometry":{"type":"LineString","coordinates":[[-115.14041,36.17356],[-115.14046,36.17379]]}},{"type":"Feature","properties":{"name":"North 4th Street","highway":"secondary","osm":"way/1545485236"},"geometry":{"type":"LineString","coordinates":[[-115.14017,36.17265],[-115.14027,36.17306]]}},{"type":"Feature","properties":{"name":"North 4th Street","highway":"secondary","osm":"way/1545485237"},"geometry":{"type":"LineString","coordinates":[[-115.14021,36.17219],[-115.14016,36.17231]]}},{"type":"Feature","properties":{"name":"South 4th Street","highway":"tertiary","osm":"way/1545485238"},"geometry":{"type":"LineString","coordinates":[[-115.14925,36.15836],[-115.14896,36.15879]]}},{"type":"Feature","properties":{"name":"South 4th Street","highway":"tertiary","osm":"way/1545485239"},"geometry":{"type":"LineString","coordinates":[[-115.15086,36.15567],[-115.15077,36.1559]]}},{"type":"Feature","properties":{"name":null,"highway":"secondary_link","osm":"way/1545894252"},"geometry":{"type":"LineString","coordinates":[[-115.17341,36.13124],[-115.17327,36.13119]]}},{"type":"Feature","properties":{"name":"South Maryland Parkway","highway":"secondary","osm":"way/1546966033"},"geometry":{"type":"LineString","coordinates":[[-115.13685,36.15912],[-115.13672,36.15949]]}},{"type":"Feature","properties":{"name":"East Charleston Boulevard","highway":"primary","osm":"way/1546966034"},"geometry":{"type":"LineString","coordinates":[[-115.13725,36.15881],[-115.13703,36.15881]]}},{"type":"Feature","properties":{"name":"South 13th Street","highway":"secondary","osm":"way/1546969120"},"geometry":{"type":"LineString","coordinates":[[-115.13245,36.16392],[-115.1323,36.16415]]}},{"type":"Feature","properties":{"name":"South Las Vegas Boulevard","highway":"primary","osm":"way/1547082474"},"geometry":{"type":"LineString","coordinates":[[-115.17095,36.12313],[-115.17132,36.12261]]}},{"type":"Feature","properties":{"name":"East Charleston Boulevard","highway":"primary","osm":"way/1550928081"},"geometry":{"type":"LineString","coordinates":[[-115.12439,36.15881],[-115.12422,36.15886]]}},{"type":"Feature","properties":{"name":"East Charleston Boulevard","highway":"primary","osm":"way/1550928082"},"geometry":{"type":"LineString","coordinates":[[-115.12422,36.15886],[-115.12439,36.15891]]}},{"type":"Feature","properties":{"name":"East Charleston Boulevard","highway":"primary","osm":"way/1550928083"},"geometry":{"type":"LineString","coordinates":[[-115.12566,36.15892],[-115.12579,36.15886]]}},{"type":"Feature","properties":{"name":"East Charleston Boulevard","highway":"primary","osm":"way/1550928084"},"geometry":{"type":"LineString","coordinates":[[-115.12579,36.15886],[-115.12565,36.15881]]}},{"type":"Feature","properties":{"name":"East Charleston Boulevard","highway":"primary","osm":"way/1550928085"},"geometry":{"type":"LineString","coordinates":[[-115.12832,36.15882],[-115.12822,36.15887]]}},{"type":"Feature","properties":{"name":"East Charleston Boulevard","highway":"primary","osm":"way/1550928086"},"geometry":{"type":"LineString","coordinates":[[-115.12952,36.15888],[-115.12939,36.15882]]}},{"type":"Feature","properties":{"name":"East Charleston Boulevard","highway":"primary","osm":"way/1550928087"},"geometry":{"type":"LineString","coordinates":[[-115.12939,36.15893],[-115.12952,36.15888]]}},{"type":"Feature","properties":{"name":"East Charleston Boulevard","highway":"primary","osm":"way/1550928088"},"geometry":{"type":"LineString","coordinates":[[-115.12822,36.15887],[-115.12832,36.15893]]}},{"type":"Feature","properties":{"name":"East Charleston Boulevard","highway":"primary","osm":"way/1550960785"},"geometry":{"type":"LineString","coordinates":[[-115.112,36.15877],[-115.11158,36.15877]]}},{"type":"Feature","properties":{"name":"East Charleston Boulevard","highway":"primary","osm":"way/1550960786"},"geometry":{"type":"LineString","coordinates":[[-115.11307,36.15877],[-115.11274,36.15877]]}},{"type":"Feature","properties":{"name":"East Charleston Boulevard","highway":"primary","osm":"way/1550960787"},"geometry":{"type":"LineString","coordinates":[[-115.11391,36.15877],[-115.11307,36.15877]]}},{"type":"Feature","properties":{"name":"East Charleston Boulevard","highway":"primary","osm":"way/1550960788"},"geometry":{"type":"LineString","coordinates":[[-115.11455,36.15877],[-115.11391,36.15877]]}},{"type":"Feature","properties":{"name":"East Charleston Boulevard","highway":"primary","osm":"way/1550960789"},"geometry":{"type":"LineString","coordinates":[[-115.11597,36.15877],[-115.11455,36.15877]]}},{"type":"Feature","properties":{"name":"East Charleston Boulevard","highway":"primary","osm":"way/1550960790"},"geometry":{"type":"LineString","coordinates":[[-115.11728,36.15877],[-115.11665,36.15877]]}},{"type":"Feature","properties":{"name":"East Charleston Boulevard","highway":"primary","osm":"way/1550960791"},"geometry":{"type":"LineString","coordinates":[[-115.11965,36.15885],[-115.11951,36.15885]]}},{"type":"Feature","properties":{"name":"East Charleston Boulevard","highway":"primary","osm":"way/1550960792"},"geometry":{"type":"LineString","coordinates":[[-115.11951,36.15885],[-115.11943,36.15877]]}}]}