{"type":"FeatureCollection","metadata":{"regionId":"phoenix","source":"osm","attribution":"Data (c) OpenStreetMap contributors, ODbL, via Overpass API.","fetchedAt":"2026-08-26T12:50:24.854Z"},"features":[{"type":"Feature","properties":{"kind":"vegetation","name":"Nuestro Park","osm":"way/28886539"},"geometry":{"type":"Polygon","coordinates":[[[-112.06298,33.434313],[-112.062959,33.434313],[-112.062321,33.434315],[-112.062319,33.434098],[-112.062318,33.43397],[-112.061673,33.433966],[-112.061648,33.433965],[-112.061648,33.43395],[-112.061695,33.433919],[-112.061712,33.433894],[-112.061736,33.433849],[-112.061724,33.433798],[-112.061688,33.433751],[-112.061655,33.43373],[-112.061598,33.433714],[-112.061549,33.433718],[-112.0615,33.433735],[-112.061447,33.433792],[-112.06144,33.433853],[-112.061455,33.433889],[-112.061503,33.433941],[-112.061529,33.433962],[-112.06086,33.433965],[-112.060859,33.433368],[-112.060859,33.433225],[-112.062916,33.433205],[-112.062954,33.433223],[-112.06297,33.43324],[-112.06298,33.434313]]]}},{"type":"Feature","properties":{"kind":"vegetation","name":"Barrios Unidos Park","osm":"way/28886558"},"geometry":{"type":"Polygon","coordinates":[[[-112.052158,33.429141],[-112.052137,33.429121],[-112.052109,33.429112],[-112.052085,33.429112],[-112.050294,33.429104],[-112.050295,33.429125],[-112.049972,33.429128],[-112.049688,33.429358],[-112.049609,33.429358],[-112.04961,33.429368],[-112.049535,33.429368],[-112.049535,33.429359],[-112.049456,33.429359],[-112.049456,33.429347],[-112.049376,33.429347],[-112.049376,33.42936],[-112.049324,33.42936],[-112.049324,33.429379],[-112.048902,33.429382],[-112.047913,33.429373],[-112.04791,33.430543],[-112.049198,33.430557],[-112.049436,33.430552],[-112.049766,33.43055],[-112.050111,33.430556],[-112.050299,33.430594],[-112.050439,33.430661],[-112.050552,33.430751],[-112.050636,33.430897],[-112.050676,33.431046],[-112.050673,33.431326],[-112.052168,33.431322],[-112.052193,33.431316],[-112.052212,33.431302],[-112.052229,33.431282],[-112.052282,33.429631],[-112.052282,33.429481],[-112.052253,33.429356],[-112.05221,33.429243],[-112.052158,33.429141]]]}},{"type":"Feature","properties":{"kind":"vegetation","name":"Eastlake Park","osm":"way/28887103"},"geometry":{"type":"Polygon","coordinates":[[[-112.049847,33.447111],[-112.049828,33.447121],[-112.049798,33.447124],[-112.048871,33.447128],[-112.048782,33.447128],[-112.047996,33.447131],[-112.047945,33.447127],[-112.047905,33.4471],[-112.047884,33.447063],[-112.047901,33.44525],[-112.049825,33.445239],[-112.049844,33.445247],[-112.049866,33.445258],[-112.049877,33.445274],[-112.049874,33.445692],[-112.049873,33.445824],[-112.049874,33.445873],[-112.049872,33.446138],[-112.049873,33.446189],[-112.049872,33.44638],[-112.049872,33.446576],[-112.049871,33.447059],[-112.049867,33.447089],[-112.049847,33.447111]]]}},{"type":"Feature","properties":{"kind":"water","name":null,"osm":"way/30101906"},"geometry":{"type":"Polygon","coordinates":[[[-112.006718,33.422303],[-112.009925,33.419247],[-112.010144,33.419054],[-112.010323,33.418923],[-112.010524,33.418798],[-112.01074,33.418674],[-112.010962,33.418575],[-112.011331,33.418521],[-112.011622,33.418493],[-112.011987,33.418507],[-112.012235,33.418597],[-112.012394,33.418712],[-112.012537,33.418848],[-112.012585,33.419031],[-112.012639,33.419237],[-112.012698,33.419448],[-112.012656,33.419663],[-112.012552,33.419837],[-112.01243,33.419991],[-112.012233,33.420087],[-112.010976,33.420719],[-112.010055,33.421242],[-112.009503,33.421546],[-112.008356,33.422075],[-112.007743,33.422315],[-112.007371,33.422456],[-112.007164,33.422574],[-112.007004,33.422644],[-112.006846,33.422688],[-112.006637,33.422739],[-112.006554,33.422675],[-112.006601,33.4225],[-112.006718,33.422303]]]}},{"type":"Feature","properties":{"kind":"vegetation","name":"Wesley Bolin Plaza","osm":"way/30694519"},"geometry":{"type":"Polygon","coordinates":[[[-112.095678,33.449095],[-112.095043,33.4491],[-112.094878,33.449098],[-112.094621,33.449101],[-112.09425,33.449103],[-112.094128,33.449101],[-112.09407,33.449093],[-112.093954,33.449056],[-112.093819,33.448994],[-112.093682,33.448905],[-112.093573,33.448825],[-112.093394,33.448648],[-112.093269,33.448516],[-112.093162,33.448418],[-112.093103,33.448368],[-112.092998,33.448301],[-112.09287,33.448232],[-112.092733,33.448174],[-112.092677,33.448153],[-112.092677,33.448123],[-112.092805,33.448072],[-112.092971,33.447998],[-112.093093,33.447931],[-112.093174,33.447877],[-112.093226,33.447835],[-112.093277,33.447793],[-112.093353,33.447721],[-112.093447,33.447602],[-112.093512,33.447512],[-112.093576,33.447401],[-112.093619,33.447275],[-112.093639,33.447167],[-112.094732,33.447163],[-112.095647,33.447157],[-112.095672,33.448786],[-112.095678,33.449095]]]}},{"type":"Feature","properties":{"kind":"vegetation","name":"Pioneer and Military Memorial Park","osm":"way/30704505"},"geometry":{"type":"Polygon","coordinates":[[[-112.09049,33.446129],[-112.090489,33.446106],[-112.091303,33.4461],[-112.0913,33.446908],[-112.090486,33.446927],[-112.090485,33.446867],[-112.09049,33.446129]]]}},{"type":"Feature","properties":{"kind":"vegetation","name":"Pioneer and Military Memorial Park","osm":"way/30704525"},"geometry":{"type":"Polygon","coordinates":[[[-112.091247,33.445877],[-112.090472,33.445881],[-112.090472,33.445856],[-112.090438,33.445856],[-112.090399,33.445857],[-112.090368,33.445857],[-112.090369,33.445882],[-112.089379,33.445888],[-112.089363,33.444247],[-112.089455,33.444245],[-112.09122,33.444236],[-112.091312,33.444304],[-112.091319,33.44572],[-112.091247,33.445877]]]}},{"type":"Feature","properties":{"kind":"vegetation","name":"Library Park","osm":"way/30720669"},"geometry":{"type":"Polygon","coordinates":[[[-112.087962,33.448061],[-112.086068,33.448054],[-112.08606,33.447238],[-112.087974,33.447231],[-112.087962,33.448061]]]}},{"type":"Feature","properties":{"kind":"water","name":"Bird Lake","osm":"way/30752275"},"geometry":{"type":"Polygon","coordinates":[[[-112.070198,33.49917],[-112.070069,33.499224],[-112.069966,33.499234],[-112.069893,33.49924],[-112.069813,33.499229],[-112.069706,33.499201],[-112.069592,33.499207],[-112.069492,33.499197],[-112.069461,33.499204],[-112.069435,33.499213],[-112.069411,33.499224],[-112.069348,33.49929],[-112.069305,33.499328],[-112.069254,33.49936],[-112.069204,33.499378],[-112.06917,33.499392],[-112.069114,33.499435],[-112.069096,33.49946],[-112.069085,33.499486],[-112.069085,33.499506],[-112.069093,33.499528],[-112.069109,33.499551],[-112.069131,33.499569],[-112.069165,33.499583],[-112.069201,33.49958],[-112.069243,33.499571],[-112.069268,33.499562],[-112.069301,33.499552],[-112.069338,33.499546],[-112.069383,33.499547],[-112.06943,33.499555],[-112.069472,33.499569],[-112.069515,33.499587],[-112.069556,33.499609],[-112.069608,33.499631],[-112.069642,33.499648],[-112.06968,33.499662],[-112.069735,33.499677],[-112.069791,33.499688],[-112.069849,33.4997],[-112.069887,33.499711],[-112.069939,33.499743],[-112.069991,33.499781],[-112.070031,33.499823],[-112.070062,33.499868],[-112.070131,33.499979],[-112.070152,33.500026],[-112.070156,33.500039],[-112.070154,33.500052],[-112.070099,33.50022],[-112.070068,33.500299],[-112.070037,33.500338],[-112.069989,33.500391],[-112.069932,33.500437],[-112.069846,33.500497],[-112.069783,33.500543],[-112.069721,33.500586],[-112.069626,33.500647],[-112.069614,33.500664],[-112.069622,33.500678],[-112.069842,33.500584],[-112.069968,33.500534],[-112.070052,33.500507],[-112.070133,33.500507],[-112.070206,33.500543],[-112.070292,33.500543],[-112.070329,33.500537],[-112.070346,33.500527],[-112.07036,33.500516],[-112.070376,33.500487],[-112.07038,33.500452],[-112.07037,33.500387],[-112.070351,33.500321],[-112.070323,33.500192],[-112.070324,33.500113],[-112.070329,33.500071],[-112.070342,33.50004],[-112.070358,33.500007],[-112.070377,33.499985],[-112.070403,33.499953],[-112.070444,33.499922],[-112.070497,33.499892],[-112.070579,33.499856],[-112.070612,33.499846],[-112.070648,33.49984],[-112.070735,33.499845],[-112.070839,33.499839],[-112.07091,33.499864],[-112.070944,33.49989],[-112.071003,33.499964],[-112.071034,33.499993],[-112.071061,33.500009],[-112.071086,33.50002],[-112.071111,33.500022],[-112.071129,33.50002],[-112.071144,33.500015],[-112.071159,33.500006],[-112.071169,33.5],[-112.071178,33.499987],[-112.071184,33.49996],[-112.071184,33.499895],[-112.071156,33.499831],[-112.071113,33.499759],[-112.071086,33.499733],[-112.071052,33.499713],[-112.071007,33.499693],[-112.070952,33.49968],[-112.070915,33.499665],[-112.070879,33.499646],[-112.070848,33.49962],[-112.070817,33.499583],[-112.070787,33.499522],[-112.070784,33.499494],[-112.070784,33.499462],[-112.070791,33.499422],[-112.070808,33.49938],[-112.070869,33.49931],[-112.070905,33.499287],[-112.070936,33.499276],[-112.070989,33.499252],[-112.071009,33.499237],[-112.071019,33.499217],[-112.071019,33.499192],[-112.071003,33.499158],[-112.070986,33.499147],[-112.070964,33.499135],[-112.070932,33.499133],[-112.07082,33.499174],[-112.070739,33.499201],[-112.070657,33.499204],[-112.070558,33.499183],[-112.070481,33.49917],[-112.070445,33.49922],[-112.070385,33.499245],[-112.070344,33.499251],[-112.070292,33.499235],[-112.070256,33.499218],[-112.070198,33.49917]]]}},{"type":"Feature","properties":{"kind":"water","name":"Garden Pond","osm":"way/30752288"},"geometry":{"type":"Polygon","coordinates":[[[-112.069907,33.496984],[-112.069912,33.496919],[-112.069913,33.496894],[-112.069922,33.496857],[-112.069929,33.496832],[-112.069993,33.496769],[-112.070049,33.496738],[-112.070081,33.496712],[-112.070126,33.496667],[-112.070179,33.496597],[-112.070221,33.496548],[-112.070261,33.496499],[-112.070297,33.496489],[-112.070349,33.496489],[-112.070383,33.496489],[-112.070443,33.496555],[-112.070459,33.496597],[-112.070469,33.49664],[-112.070493,33.49669],[-112.070506,33.496711],[-112.070534,33.496737],[-112.070601,33.496763],[-112.070656,33.496785],[-112.070706,33.496812],[-112.070749,33.496878],[-112.070779,33.496953],[-112.070775,33.496981],[-112.070657,33.496948],[-112.070539,33.496925],[-112.07042,33.496909],[-112.070374,33.496879],[-112.070374,33.496845],[-112.070352,33.496846],[-112.070307,33.496845],[-112.070307,33.496873],[-112.070258,33.496914],[-112.070127,33.496923],[-112.070005,33.496954],[-112.069907,33.496984]]]}},{"type":"Feature","properties":{"kind":"vegetation","name":"Phoenix Country Club","osm":"way/33011519"},"geometry":{"type":"Polygon","coordinates":[[[-112.061033,33.481696],[-112.060073,33.481689],[-112.058652,33.48168],[-112.056421,33.481651],[-112.056369,33.487332],[-112.058763,33.487337],[-112.063355,33.487347],[-112.063342,33.486858],[-112.063396,33.482957],[-112.063388,33.482196],[-112.063371,33.481664],[-112.061164,33.481694],[-112.061033,33.481696]]]}},{"type":"Feature","properties":{"kind":"vegetation","name":"Edison Park","osm":"way/48947279"},"geometry":{"type":"Polygon","coordinates":[[[-112.039104,33.458557],[-112.039125,33.458583],[-112.039155,33.458596],[-112.041052,33.45861],[-112.04108,33.458599],[-112.041105,33.458577],[-112.041118,33.458557],[-112.04112,33.457579],[-112.0411,33.457579],[-112.039138,33.457564],[-112.039101,33.457563],[-112.039099,33.458528],[-112.039104,33.458557]]]}},{"type":"Feature","properties":{"kind":"vegetation","name":"Los Olivos Park","osm":"way/61568711"},"geometry":{"type":"Polygon","coordinates":[[[-112.021545,33.498642],[-112.021547,33.496497],[-112.019612,33.496542],[-112.01959,33.496561],[-112.019574,33.496594],[-112.01957,33.496824],[-112.019559,33.496871],[-112.019489,33.496934],[-112.019418,33.496959],[-112.018683,33.496976],[-112.017417,33.497005],[-112.016207,33.497043],[-112.016213,33.497325],[-112.01627,33.497328],[-112.016269,33.497422],[-112.01623,33.497421],[-112.016238,33.498773],[-112.017309,33.498746],[-112.018122,33.498722],[-112.021169,33.498655],[-112.021545,33.498642]]]}},{"type":"Feature","properties":{"kind":"vegetation","name":null,"osm":"way/66190601"},"geometry":{"type":"Polygon","coordinates":[[[-112.098514,33.474645],[-112.098616,33.47465],[-112.09866,33.474628],[-112.098707,33.474551],[-112.09831,33.474408],[-112.09773,33.474243],[-112.097274,33.474131],[-112.096818,33.474055],[-112.09648,33.473983],[-112.096405,33.473996],[-112.096303,33.474086],[-112.0964,33.474157],[-112.096754,33.47422],[-112.097242,33.47435],[-112.09765,33.47443],[-112.097934,33.474489],[-112.09817,33.474578],[-112.098374,33.474636],[-112.098514,33.474645]]]}},{"type":"Feature","properties":{"kind":"vegetation","name":null,"osm":"way/66200585"},"geometry":{"type":"Polygon","coordinates":[[[-112.096175,33.474395],[-112.09618,33.474332],[-112.096132,33.474283],[-112.096057,33.47426],[-112.095982,33.474283],[-112.095912,33.474359],[-112.095949,33.474439],[-112.096024,33.474484],[-112.096077,33.474489],[-112.096153,33.474484],[-112.096175,33.474395]]]}},{"type":"Feature","properties":{"kind":"water","name":null,"osm":"way/66200616"},"geometry":{"type":"Polygon","coordinates":[[[-112.096888,33.479554],[-112.096906,33.479537],[-112.096915,33.479518],[-112.09692,33.479495],[-112.096907,33.479464],[-112.096893,33.479441],[-112.096868,33.479422],[-112.096831,33.479404],[-112.096814,33.4794],[-112.096787,33.479399],[-112.096764,33.479403],[-112.096724,33.479414],[-112.096697,33.479425],[-112.096678,33.479426],[-112.096659,33.479422],[-112.096623,33.47941],[-112.096556,33.47938],[-112.096517,33.479361],[-112.096461,33.479345],[-112.096378,33.479332],[-112.096336,33.479328],[-112.096312,33.479332],[-112.096286,33.479339],[-112.096217,33.479365],[-112.09619,33.479379],[-112.096174,33.479391],[-112.096165,33.479405],[-112.096152,33.479432],[-112.096147,33.479458],[-112.096147,33.479478],[-112.096166,33.479511],[-112.096215,33.479555],[-112.096272,33.479587],[-112.096333,33.479611],[-112.096432,33.479638],[-112.096479,33.47965],[-112.096508,33.479653],[-112.096564,33.479653],[-112.09662,33.479648],[-112.096684,33.479634],[-112.096718,33.479626],[-112.096756,33.479613],[-112.096815,33.479592],[-112.096859,33.479574],[-112.096888,33.479554]]]}},{"type":"Feature","properties":{"kind":"vegetation","name":null,"osm":"way/66200625"},"geometry":{"type":"Polygon","coordinates":[[[-112.096255,33.476784],[-112.096212,33.476753],[-112.096126,33.47673],[-112.096024,33.476735],[-112.095949,33.476798],[-112.095998,33.476896],[-112.096078,33.476932],[-112.096191,33.476909],[-112.096244,33.476878],[-112.096249,33.476837],[-112.096255,33.476784]]]}},{"type":"Feature","properties":{"kind":"vegetation","name":null,"osm":"way/66200635"},"geometry":{"type":"Polygon","coordinates":[[[-112.096271,33.474766],[-112.096303,33.475173],[-112.096244,33.475536],[-112.096191,33.475777],[-112.096062,33.476113],[-112.095982,33.476444],[-112.09588,33.476704],[-112.095826,33.476833],[-112.095751,33.476775],[-112.095783,33.476516],[-112.095831,33.476194],[-112.095837,33.475894],[-112.095896,33.475755],[-112.09596,33.475554],[-112.095992,33.475299],[-112.095965,33.475093],[-112.095976,33.474784],[-112.095992,33.474574],[-112.096084,33.474564],[-112.09618,33.474574],[-112.096271,33.474766]]]}},{"type":"Feature","properties":{"kind":"vegetation","name":null,"osm":"way/66200645"},"geometry":{"type":"Polygon","coordinates":[[[-112.098101,33.47635],[-112.098052,33.476431],[-112.098015,33.476502],[-112.09791,33.476448],[-112.097864,33.476381],[-112.097902,33.476256],[-112.098031,33.476055],[-112.098133,33.47588],[-112.098224,33.475652],[-112.098288,33.475513],[-112.098337,33.475451],[-112.098396,33.475415],[-112.098449,33.475415],[-112.098514,33.4755],[-112.098476,33.475665],[-112.09832,33.47588],[-112.09824,33.476046],[-112.098101,33.47635]]]}},{"type":"Feature","properties":{"kind":"vegetation","name":null,"osm":"way/66200652"},"geometry":{"type":"Polygon","coordinates":[[[-112.097956,33.476578],[-112.097902,33.47652],[-112.09787,33.476511],[-112.097789,33.476529],[-112.097666,33.476583],[-112.097634,33.47665],[-112.097687,33.476712],[-112.097763,33.476739],[-112.097843,33.476735],[-112.097913,33.476708],[-112.097956,33.476645],[-112.097956,33.476578]]]}},{"type":"Feature","properties":{"kind":"vegetation","name":null,"osm":"way/66200670"},"geometry":{"type":"Polygon","coordinates":[[[-112.096861,33.476355],[-112.096818,33.476323],[-112.096766,33.476319],[-112.0967,33.476341],[-112.096658,33.476377],[-112.096641,33.476422],[-112.096668,33.476484],[-112.096727,33.476511],[-112.096802,33.476511],[-112.096861,33.476498],[-112.096888,33.476435],[-112.096861,33.476355]]]}},{"type":"Feature","properties":{"kind":"vegetation","name":null,"osm":"way/66200677"},"geometry":{"type":"Polygon","coordinates":[[[-112.097784,33.475437],[-112.097768,33.475379],[-112.09772,33.475352],[-112.097628,33.475357],[-112.097591,33.475384],[-112.097559,33.475442],[-112.097564,33.475509],[-112.097591,33.475536],[-112.097639,33.47555],[-112.097714,33.475554],[-112.097789,33.475522],[-112.097784,33.475437]]]}},{"type":"Feature","properties":{"kind":"vegetation","name":null,"osm":"way/66200684"},"geometry":{"type":"Polygon","coordinates":[[[-112.097226,33.476708],[-112.097215,33.476632],[-112.097253,33.476444],[-112.09735,33.476086],[-112.097441,33.475836],[-112.097516,33.475679],[-112.097559,33.475594],[-112.097591,33.475576],[-112.097625,33.47559],[-112.097693,33.475648],[-112.097655,33.475826],[-112.097548,33.476099],[-112.097473,33.476305],[-112.097398,33.476498],[-112.097312,33.476619],[-112.097274,33.476708],[-112.097226,33.476708]]]}},{"type":"Feature","properties":{"kind":"vegetation","name":null,"osm":"way/66200689"},"geometry":{"type":"Polygon","coordinates":[[[-112.097376,33.47685],[-112.097409,33.476914],[-112.097494,33.476905],[-112.097634,33.476896],[-112.097736,33.476892],[-112.097773,33.47686],[-112.097757,33.476824],[-112.097693,33.476811],[-112.097586,33.476807],[-112.097473,33.476807],[-112.097387,33.47682],[-112.097376,33.47685]]]}},{"type":"Feature","properties":{"kind":"vegetation","name":null,"osm":"way/66200692"},"geometry":{"type":"Polygon","coordinates":[[[-112.097178,33.4769],[-112.097237,33.476887],[-112.097237,33.476848],[-112.097215,33.476802],[-112.097108,33.476793],[-112.096899,33.47678],[-112.096684,33.47678],[-112.096545,33.476784],[-112.096421,33.476784],[-112.09632,33.476793],[-112.096298,33.476838],[-112.096309,33.476905],[-112.09647,33.4769],[-112.096738,33.476905],[-112.096995,33.476892],[-112.097178,33.4769]]]}},{"type":"Feature","properties":{"kind":"vegetation","name":null,"osm":"way/66200700"},"geometry":{"type":"Polygon","coordinates":[[[-112.097317,33.474889],[-112.097307,33.474838],[-112.097269,33.474779],[-112.097183,33.474753],[-112.097108,33.474762],[-112.09706,33.474824],[-112.097049,33.474909],[-112.097087,33.474972],[-112.097156,33.474985],[-112.097237,33.474981],[-112.097291,33.474967],[-112.097317,33.474889]]]}},{"type":"Feature","properties":{"kind":"vegetation","name":null,"osm":"way/66200706"},"geometry":{"type":"Polygon","coordinates":[[[-112.098557,33.475044],[-112.098465,33.474999],[-112.098347,33.474999],[-112.098149,33.474972],[-112.097924,33.474941],[-112.097704,33.474909],[-112.097489,33.474874],[-112.09736,33.474838],[-112.097317,33.474889],[-112.097333,33.474985],[-112.097344,33.475061],[-112.097462,33.475084],[-112.097596,33.475066],[-112.097811,33.47507],[-112.09809,33.475102],[-112.098202,33.47512],[-112.098331,33.475138],[-112.098433,33.475151],[-112.098508,33.475138],[-112.098567,33.475124],[-112.098557,33.475044]]]}},{"type":"Feature","properties":{"kind":"vegetation","name":null,"osm":"way/66200712"},"geometry":{"type":"Polygon","coordinates":[[[-112.096888,33.475594],[-112.096883,33.475352],[-112.096883,33.475066],[-112.096861,33.474775],[-112.096851,33.474596],[-112.096867,33.474506],[-112.09684,33.474462],[-112.096759,33.474475],[-112.096717,33.474596],[-112.096663,33.475263],[-112.096641,33.4758],[-112.096641,33.476113],[-112.096658,33.476243],[-112.096695,33.47627],[-112.096767,33.476274],[-112.096872,33.476279],[-112.096883,33.476167],[-112.096883,33.475867],[-112.096888,33.475594]]]}},{"type":"Feature","properties":{"kind":"water","name":null,"osm":"way/68710427"},"geometry":{"type":"Polygon","coordinates":[[[-112.061643,33.485214],[-112.061669,33.485239],[-112.061709,33.485327],[-112.061777,33.485411],[-112.061803,33.485489],[-112.06184,33.485633],[-112.061906,33.48574],[-112.062042,33.485816],[-112.062129,33.485943],[-112.062317,33.486002],[-112.062397,33.486037],[-112.062496,33.486109],[-112.062529,33.48615],[-112.062538,33.486248],[-112.062507,33.486397],[-112.062507,33.486495],[-112.0625,33.486514],[-112.062478,33.486527],[-112.062442,33.486544],[-112.062411,33.48655],[-112.06236,33.486536],[-112.062315,33.486521],[-112.062234,33.486479],[-112.062027,33.486416],[-112.061902,33.48629],[-112.061788,33.486198],[-112.061644,33.486137],[-112.061561,33.486059],[-112.061543,33.486032],[-112.061533,33.485968],[-112.06153,33.485865],[-112.061502,33.485734],[-112.061405,33.485571],[-112.061258,33.485484],[-112.06126,33.485453],[-112.061342,33.485354],[-112.061464,33.485266],[-112.061532,33.485218],[-112.061587,33.485203],[-112.061643,33.485214]]]}},{"type":"Feature","properties":{"kind":"water","name":null,"osm":"way/68777005"},"geometry":{"type":"Polygon","coordinates":[[[-112.016768,33.512892],[-112.016778,33.512993],[-112.016785,33.513055],[-112.016855,33.513141],[-112.016917,33.513238],[-112.016935,33.513292],[-112.016925,33.513343],[-112.016871,33.513377],[-112.016823,33.513393],[-112.016726,33.513396],[-112.016654,33.513391],[-112.016555,33.513372],[-112.016504,33.513414],[-112.016483,33.513473],[-112.016503,33.513556],[-112.016507,33.513608],[-112.016504,33.513681],[-112.016486,33.513723],[-112.016459,33.51375],[-112.016417,33.513766],[-112.016361,33.513776],[-112.016292,33.513779],[-112.016236,33.513779],[-112.016188,33.513778],[-112.016156,33.513765],[-112.016123,33.513744],[-112.016096,33.5137],[-112.01615,33.513677],[-112.016152,33.513648],[-112.016176,33.513618],[-112.016207,33.513567],[-112.016235,33.513537],[-112.016271,33.513471],[-112.016324,33.513348],[-112.016365,33.51322],[-112.016365,33.51309],[-112.016379,33.513018],[-112.01642,33.512996],[-112.016454,33.512896],[-112.016534,33.512871],[-112.016571,33.512853],[-112.016639,33.512823],[-112.016679,33.512834],[-112.016743,33.512861],[-112.016768,33.512892]]]}},{"type":"Feature","properties":{"kind":"vegetation","name":null,"osm":"way/84673929"},"geometry":{"type":"Polygon","coordinates":[[[-112.073573,33.505487],[-112.073047,33.505487],[-112.072983,33.505478],[-112.07294,33.505384],[-112.072929,33.504691],[-112.07294,33.504646],[-112.072988,33.504601],[-112.073578,33.504597],[-112.073573,33.505487]]]}},{"type":"Feature","properties":{"kind":"vegetation","name":null,"osm":"way/84690891"},"geometry":{"type":"Polygon","coordinates":[[[-112.070802,33.503245],[-112.070115,33.503241],[-112.07012,33.502624],[-112.070808,33.502628],[-112.070802,33.503245]]]}},{"type":"Feature","properties":{"kind":"vegetation","name":"Colter Park","osm":"way/97516866"},"geometry":{"type":"Polygon","coordinates":[[[-112.082593,33.51308],[-112.082591,33.51343],[-112.0827,33.51348],[-112.082802,33.513486],[-112.083096,33.513545],[-112.083368,33.513579],[-112.08362,33.513608],[-112.083788,33.513652],[-112.084602,33.513874],[-112.085281,33.514023],[-112.085757,33.514071],[-112.086238,33.514073],[-112.086293,33.514053],[-112.086338,33.514023],[-112.086367,33.513974],[-112.086376,33.513148],[-112.086374,33.513088],[-112.082667,33.513028],[-112.082625,33.513036],[-112.082599,33.513061],[-112.082593,33.51308]]]}},{"type":"Feature","properties":{"kind":"vegetation","name":null,"osm":"way/109838143"},"geometry":{"type":"Polygon","coordinates":[[[-112.086052,33.448402],[-112.086048,33.448322],[-112.08798,33.44831],[-112.08798,33.448397],[-112.087577,33.4484],[-112.087579,33.448742],[-112.087531,33.448787],[-112.087507,33.448812],[-112.087087,33.448813],[-112.087083,33.449124],[-112.086918,33.449132],[-112.086899,33.448814],[-112.086971,33.448814],[-112.08697,33.448715],[-112.086899,33.448716],[-112.086895,33.448456],[-112.086834,33.448456],[-112.086834,33.448409],[-112.086052,33.448402]]]}},{"type":"Feature","properties":{"kind":"vegetation","name":"Roosevelt Park","osm":"way/110360825"},"geometry":{"type":"Polygon","coordinates":[[[-112.077119,33.457754],[-112.077658,33.457753],[-112.077653,33.458303],[-112.077121,33.458304],[-112.077119,33.457754]]]}},{"type":"Feature","properties":{"kind":"vegetation","name":null,"osm":"way/112550212"},"geometry":{"type":"Polygon","coordinates":[[[-112.065252,33.446144],[-112.065267,33.446784],[-112.06528,33.447039],[-112.06533,33.447055],[-112.065526,33.447052],[-112.06577,33.447034],[-112.06611,33.446951],[-112.0663,33.446893],[-112.066515,33.446795],[-112.066741,33.446683],[-112.066876,33.446617],[-112.066992,33.446557],[-112.067251,33.446429],[-112.067248,33.446407],[-112.067234,33.446379],[-112.066961,33.446458],[-112.066693,33.446474],[-112.066431,33.446448],[-112.066171,33.446354],[-112.06601,33.446267],[-112.06594,33.446205],[-112.065856,33.446205],[-112.065858,33.44624],[-112.065738,33.446239],[-112.065735,33.446197],[-112.06549,33.446191],[-112.065496,33.445698],[-112.065432,33.445696],[-112.065421,33.445595],[-112.065254,33.445597],[-112.065252,33.446144]]]}},{"type":"Feature","properties":{"kind":"vegetation","name":null,"osm":"way/112550229"},"geometry":{"type":"Polygon","coordinates":[[[-112.066912,33.446579],[-112.066834,33.446599],[-112.066837,33.446619],[-112.06692,33.44659],[-112.066912,33.446579]]]}},{"type":"Feature","properties":{"kind":"vegetation","name":null,"osm":"way/112550261"},"geometry":{"type":"Polygon","coordinates":[[[-112.066998,33.446545],[-112.066998,33.446561],[-112.06707,33.446525],[-112.067065,33.446514],[-112.066998,33.446545]]]}},{"type":"Feature","properties":{"kind":"vegetation","name":null,"osm":"way/112550262"},"geometry":{"type":"Polygon","coordinates":[[[-112.067389,33.446373],[-112.067403,33.446393],[-112.067526,33.446343],[-112.067762,33.446283],[-112.068486,33.446285],[-112.068483,33.446263],[-112.067765,33.446265],[-112.067641,33.446285],[-112.067504,33.446323],[-112.067389,33.446373]]]}},{"type":"Feature","properties":{"kind":"water","name":null,"osm":"way/114986509"},"geometry":{"type":"Polygon","coordinates":[[[-112.076506,33.448718],[-112.076559,33.448736],[-112.076602,33.448671],[-112.076657,33.448607],[-112.076602,33.448562],[-112.076577,33.448571],[-112.076552,33.448583],[-112.076521,33.448604],[-112.076501,33.44863],[-112.076488,33.448663],[-112.07649,33.448691],[-112.076506,33.448718]]]}},{"type":"Feature","properties":{"kind":"vegetation","name":"Patriots Park","osm":"way/114986521"},"geometry":{"type":"Polygon","coordinates":[[[-112.07395,33.447571],[-112.073957,33.448109],[-112.073993,33.448145],[-112.074076,33.447923],[-112.074283,33.447968],[-112.074288,33.44795],[-112.074449,33.447985],[-112.074445,33.448003],[-112.074642,33.448048],[-112.074643,33.448084],[-112.074643,33.448143],[-112.074794,33.448143],[-112.074962,33.448117],[-112.074961,33.448009],[-112.074905,33.447996],[-112.074875,33.447989],[-112.074875,33.448002],[-112.074832,33.447992],[-112.074744,33.447973],[-112.074652,33.447955],[-112.07465,33.447962],[-112.074589,33.447948],[-112.074591,33.447836],[-112.0746,33.447837],[-112.0746,33.447643],[-112.074557,33.447643],[-112.07453,33.447619],[-112.074504,33.447596],[-112.074503,33.447569],[-112.074162,33.447571],[-112.074162,33.447601],[-112.074066,33.447602],[-112.074066,33.447596],[-112.07395,33.447571]]]}},{"type":"Feature","properties":{"kind":"vegetation","name":"Civic Space Park","osm":"way/115012139"},"geometry":{"type":"Polygon","coordinates":[[[-112.073959,33.45259],[-112.074011,33.453881],[-112.07436,33.453883],[-112.074613,33.453883],[-112.07496,33.45388],[-112.074967,33.453483],[-112.074933,33.452781],[-112.074973,33.452706],[-112.074973,33.452645],[-112.074409,33.452637],[-112.074409,33.452556],[-112.074231,33.452555],[-112.074231,33.452595],[-112.07403,33.452592],[-112.073959,33.45259]]]}},{"type":"Feature","properties":{"kind":"vegetation","name":null,"osm":"way/115940364"},"geometry":{"type":"Polygon","coordinates":[[[-112.065594,33.459855],[-112.065595,33.459652],[-112.0654,33.45965],[-112.0654,33.45977],[-112.06541,33.459786],[-112.065423,33.459801],[-112.065438,33.459817],[-112.065455,33.459834],[-112.065465,33.459846],[-112.065478,33.459852],[-112.065503,33.459854],[-112.065594,33.459855]]]}},{"type":"Feature","properties":{"kind":"water","name":null,"osm":"way/116291193"},"geometry":{"type":"Polygon","coordinates":[[[-112.068935,33.45085],[-112.068932,33.450851],[-112.068928,33.450853],[-112.068925,33.450854],[-112.068922,33.450855],[-112.06892,33.450857],[-112.068918,33.450858],[-112.068917,33.45086],[-112.068915,33.450862],[-112.068914,33.450864],[-112.068912,33.450867],[-112.068911,33.450869],[-112.068911,33.450872],[-112.068911,33.450875],[-112.068911,33.450877],[-112.068912,33.450881],[-112.068913,33.450883],[-112.068914,33.450886],[-112.068916,33.450888],[-112.068919,33.450891],[-112.068922,33.450893],[-112.068925,33.450895],[-112.06893,33.450897],[-112.068934,33.450898],[-112.068939,33.450898],[-112.068944,33.450898],[-112.068949,33.450897],[-112.068952,33.450896],[-112.068955,33.450895],[-112.06896,33.450892],[-112.068964,33.450888],[-112.068966,33.450886],[-112.068968,33.450884],[-112.068968,33.450881],[-112.068969,33.450878],[-112.068969,33.450875],[-112.068969,33.450871],[-112.068968,33.450868],[-112.068967,33.450865],[-112.068966,33.450862],[-112.068964,33.45086],[-112.068961,33.450857],[-112.068959,33.450855],[-112.068956,33.450854],[-112.068953,33.450852],[-112.06895,33.450851],[-112.068946,33.450851],[-112.068943,33.45085],[-112.068938,33.45085],[-112.068935,33.45085]]]}},{"type":"Feature","properties":{"kind":"water","name":null,"osm":"way/116513534"},"geometry":{"type":"Polygon","coordinates":[[[-112.068712,33.452224],[-112.068693,33.452241],[-112.068707,33.452263],[-112.068735,33.452244],[-112.068712,33.452224]]]}},{"type":"Feature","properties":{"kind":"water","name":null,"osm":"way/116513538"},"geometry":{"type":"Polygon","coordinates":[[[-112.068775,33.4522],[-112.068774,33.452228],[-112.068817,33.452229],[-112.068816,33.452197],[-112.068775,33.4522]]]}},{"type":"Feature","properties":{"kind":"water","name":null,"osm":"way/116513545"},"geometry":{"type":"Polygon","coordinates":[[[-112.068749,33.452398],[-112.068733,33.452423],[-112.06876,33.452433],[-112.068815,33.452436],[-112.068852,33.452426],[-112.068896,33.4524],[-112.068915,33.452379],[-112.068931,33.452355],[-112.06894,33.452299],[-112.068928,33.452263],[-112.068897,33.452281],[-112.06891,33.452339],[-112.068896,33.452371],[-112.068867,33.452386],[-112.068828,33.452407],[-112.068792,33.452406],[-112.068749,33.452398]]]}},{"type":"Feature","properties":{"kind":"water","name":null,"osm":"way/116513546"},"geometry":{"type":"Polygon","coordinates":[[[-112.069325,33.452723],[-112.06931,33.452748],[-112.06931,33.45276],[-112.069294,33.452762],[-112.069283,33.452758],[-112.069284,33.452752],[-112.069262,33.452753],[-112.069261,33.45274],[-112.069268,33.452732],[-112.069271,33.45272],[-112.069286,33.452715],[-112.069295,33.452703],[-112.069308,33.452698],[-112.069322,33.4527],[-112.069325,33.452723]]]}},{"type":"Feature","properties":{"kind":"water","name":null,"osm":"way/116513548"},"geometry":{"type":"Polygon","coordinates":[[[-112.068777,33.452297],[-112.068762,33.452309],[-112.068762,33.452328],[-112.068782,33.452341],[-112.068801,33.452338],[-112.068813,33.452326],[-112.068812,33.452309],[-112.068796,33.452297],[-112.068777,33.452297]]]}},{"type":"Feature","properties":{"kind":"water","name":null,"osm":"way/116513551"},"geometry":{"type":"Polygon","coordinates":[[[-112.068693,33.452297],[-112.068693,33.452329],[-112.068663,33.452329],[-112.068662,33.452294],[-112.068693,33.452297]]]}},{"type":"Feature","properties":{"kind":"water","name":null,"osm":"way/116513552"},"geometry":{"type":"Polygon","coordinates":[[[-112.06893,33.452115],[-112.068985,33.452074],[-112.06891,33.452047],[-112.06881,33.452044],[-112.068738,33.452058],[-112.068645,33.452103],[-112.068594,33.452156],[-112.068531,33.452259],[-112.068592,33.452279],[-112.068598,33.452245],[-112.068611,33.452214],[-112.06864,33.4522],[-112.06865,33.452174],[-112.068661,33.452152],[-112.068689,33.452141],[-112.068718,33.452144],[-112.068743,33.45213],[-112.068772,33.452105],[-112.068787,33.452102],[-112.068809,33.452106],[-112.06883,33.45211],[-112.068859,33.452103],[-112.068896,33.452098],[-112.068913,33.452102],[-112.06893,33.452115]]]}},{"type":"Feature","properties":{"kind":"vegetation","name":"Verde Park","osm":"way/118191295"},"geometry":{"type":"Polygon","coordinates":[[[-112.060821,33.451468],[-112.06082,33.451658],[-112.06082,33.45178],[-112.060817,33.452824],[-112.061376,33.452823],[-112.061933,33.452822],[-112.061964,33.452767],[-112.061964,33.452712],[-112.061964,33.452522],[-112.061965,33.452158],[-112.061965,33.452138],[-112.061966,33.451926],[-112.061967,33.451657],[-112.061967,33.451569],[-112.061967,33.451538],[-112.061968,33.451466],[-112.061551,33.451467],[-112.060821,33.451468]]]}},{"type":"Feature","properties":{"kind":"vegetation","name":"Grant Park","osm":"way/118416125"},"geometry":{"type":"Polygon","coordinates":[[[-112.077217,33.441041],[-112.077215,33.440204],[-112.077197,33.440171],[-112.077161,33.440154],[-112.076318,33.440152],[-112.076295,33.440165],[-112.076277,33.440183],[-112.076269,33.441063],[-112.076292,33.441094],[-112.076328,33.441106],[-112.077134,33.441108],[-112.077173,33.44109],[-112.077193,33.441072],[-112.077217,33.441041]]]}},{"type":"Feature","properties":{"kind":"vegetation","name":null,"osm":"way/118945023"},"geometry":{"type":"Polygon","coordinates":[[[-112.035029,33.436059],[-112.035028,33.436076],[-112.03497,33.436075],[-112.03497,33.436285],[-112.035018,33.436286],[-112.035028,33.436292],[-112.035026,33.436302],[-112.034984,33.436338],[-112.035192,33.436519],[-112.035244,33.436482],[-112.035263,33.436481],[-112.035268,33.436493],[-112.035268,33.436531],[-112.035458,33.43653],[-112.035458,33.436492],[-112.035469,33.436485],[-112.035531,33.436476],[-112.035533,33.436484],[-112.035541,33.436499],[-112.035548,33.436507],[-112.035557,33.436517],[-112.035573,33.436528],[-112.035555,33.436581],[-112.035525,33.436599],[-112.035494,33.436613],[-112.03508,33.436611],[-112.034959,33.43661],[-112.034935,33.436599],[-112.034886,33.436556],[-112.034871,33.436531],[-112.034872,33.436474],[-112.034873,33.43637],[-112.034875,33.436335],[-112.034851,33.436234],[-112.034853,33.436071],[-112.034859,33.436059],[-112.034882,33.436046],[-112.034921,33.436039],[-112.034958,33.436039],[-112.034957,33.436057],[-112.035029,33.436059]]]}},{"type":"Feature","properties":{"kind":"vegetation","name":null,"osm":"way/118945024"},"geometry":{"type":"Polygon","coordinates":[[[-112.03558,33.436346],[-112.035605,33.436341],[-112.035603,33.436316],[-112.035261,33.436315],[-112.035262,33.43609],[-112.035189,33.43609],[-112.035193,33.436293],[-112.035241,33.436341],[-112.035532,33.436342],[-112.03558,33.436346]]]}},{"type":"Feature","properties":{"kind":"vegetation","name":null,"osm":"way/118945026"},"geometry":{"type":"Polygon","coordinates":[[[-112.035953,33.436416],[-112.035933,33.436396],[-112.035934,33.436342],[-112.035702,33.436343],[-112.035704,33.436316],[-112.035933,33.436317],[-112.035953,33.436317],[-112.035953,33.436416]]]}},{"type":"Feature","properties":{"kind":"vegetation","name":null,"osm":"way/118945029"},"geometry":{"type":"Polygon","coordinates":[[[-112.035734,33.43648],[-112.03579,33.436487],[-112.03579,33.436543],[-112.035946,33.436543],[-112.035947,33.436491],[-112.036026,33.43649],[-112.03603,33.436499],[-112.036014,33.436544],[-112.036001,33.436572],[-112.035978,33.436568],[-112.035948,33.436591],[-112.035902,33.436608],[-112.035859,33.436616],[-112.035813,33.436617],[-112.035769,33.436608],[-112.035738,33.436597],[-112.035711,33.436574],[-112.035683,33.436533],[-112.035698,33.436525],[-112.035713,33.436513],[-112.035721,33.436503],[-112.035728,33.436492],[-112.035734,33.43648]]]}},{"type":"Feature","properties":{"kind":"vegetation","name":null,"osm":"way/118946800"},"geometry":{"type":"Polygon","coordinates":[[[-112.035972,33.435786],[-112.036072,33.435786],[-112.036087,33.435796],[-112.036094,33.43582],[-112.036093,33.43584],[-112.036161,33.435839],[-112.036157,33.436461],[-112.036093,33.436464],[-112.036094,33.43659],[-112.036214,33.43659],[-112.036208,33.43646],[-112.036254,33.435627],[-112.035194,33.43563],[-112.034894,33.43563],[-112.034893,33.435777],[-112.034846,33.43578],[-112.034811,33.435785],[-112.034814,33.435848],[-112.034825,33.435864],[-112.034837,33.435877],[-112.034863,33.435883],[-112.034895,33.435884],[-112.034921,33.435883],[-112.034922,33.435777],[-112.035002,33.435777],[-112.035191,33.435777],[-112.035191,33.435671],[-112.035972,33.435671],[-112.035972,33.435701],[-112.036114,33.4357],[-112.036114,33.435743],[-112.035972,33.435744],[-112.035972,33.435786]]]}},{"type":"Feature","properties":{"kind":"vegetation","name":null,"osm":"way/121747683"},"geometry":{"type":"Polygon","coordinates":[[[-112.025126,33.437703],[-112.025169,33.437681],[-112.025205,33.437653],[-112.025228,33.437616],[-112.025237,33.437581],[-112.025238,33.437549],[-112.025225,33.437509],[-112.025182,33.437475],[-112.025146,33.437461],[-112.024878,33.437441],[-112.024774,33.437451],[-112.024692,33.437451],[-112.024012,33.437448],[-112.023948,33.437453],[-112.0239,33.437473],[-112.023854,33.437503],[-112.023817,33.437552],[-112.023813,33.437609],[-112.023819,33.43766],[-112.023831,33.437692],[-112.023856,33.437719],[-112.023888,33.437735],[-112.024184,33.437741],[-112.024595,33.437708],[-112.025072,33.43771],[-112.025126,33.437703]]]}},{"type":"Feature","properties":{"kind":"vegetation","name":null,"osm":"way/121747685"},"geometry":{"type":"Polygon","coordinates":[[[-112.021944,33.437161],[-112.022073,33.437212],[-112.022398,33.437177],[-112.022722,33.437167],[-112.023132,33.437179],[-112.023144,33.43719],[-112.02353,33.43723],[-112.023897,33.437264],[-112.024145,33.437282],[-112.024153,33.437254],[-112.023793,33.437187],[-112.022578,33.436965],[-112.022565,33.436983],[-112.022544,33.436993],[-112.02252,33.436995],[-112.022396,33.437002],[-112.022212,33.437018],[-112.022171,33.437025],[-112.022127,33.437035],[-112.022078,33.437058],[-112.022028,33.437083],[-112.021976,33.437123],[-112.021944,33.437161]]]}},{"type":"Feature","properties":{"kind":"vegetation","name":null,"osm":"way/121747687"},"geometry":{"type":"Polygon","coordinates":[[[-112.022107,33.437367],[-112.02224,33.437458],[-112.02247,33.437606],[-112.022576,33.437644],[-112.022709,33.437685],[-112.022849,33.437714],[-112.022966,33.437733],[-112.023106,33.437741],[-112.023744,33.43774],[-112.023746,33.437605],[-112.023754,33.437543],[-112.023773,33.437495],[-112.023809,33.437449],[-112.02389,33.437405],[-112.023968,33.43739],[-112.024095,33.437392],[-112.0241,33.437364],[-112.023516,33.437307],[-112.023111,33.437267],[-112.022807,33.437246],[-112.022587,33.437258],[-112.022311,33.437279],[-112.022166,33.437295],[-112.022107,33.437367]]]}},{"type":"Feature","properties":{"kind":"vegetation","name":null,"osm":"way/121747688"},"geometry":{"type":"Polygon","coordinates":[[[-112.021828,33.437388],[-112.021758,33.437371],[-112.021697,33.437346],[-112.020594,33.437456],[-112.020129,33.437489],[-112.019656,33.437489],[-112.019551,33.437492],[-112.019462,33.437505],[-112.019359,33.437521],[-112.019143,33.43752],[-112.019146,33.437554],[-112.021625,33.437554],[-112.021627,33.437481],[-112.021687,33.437473],[-112.021741,33.437461],[-112.021776,33.437446],[-112.021811,33.437422],[-112.021828,33.437388]]]}},{"type":"Feature","properties":{"kind":"vegetation","name":null,"osm":"way/121748153"},"geometry":{"type":"Polygon","coordinates":[[[-112.011588,33.436412],[-112.011591,33.436519],[-112.011552,33.436527],[-112.011506,33.436547],[-112.011425,33.43659],[-112.011353,33.436631],[-112.011281,33.436664],[-112.01121,33.436683],[-112.011132,33.43669],[-112.011089,33.436691],[-112.011047,33.436693],[-112.011041,33.436526],[-112.011057,33.436471],[-112.011106,33.436435],[-112.011155,33.436424],[-112.011219,33.436415],[-112.011474,33.436417],[-112.011588,33.436412]]]}},{"type":"Feature","properties":{"kind":"vegetation","name":null,"osm":"way/121748156"},"geometry":{"type":"Polygon","coordinates":[[[-112.01057,33.436344],[-112.010547,33.436328],[-112.010511,33.43627],[-112.010475,33.43621],[-112.010431,33.436136],[-112.010394,33.436079],[-112.010359,33.436017],[-112.010323,33.435961],[-112.010299,33.435929],[-112.010266,33.435891],[-112.010242,33.435868],[-112.010217,33.435849],[-112.010218,33.435842],[-112.010259,33.435819],[-112.010289,33.4358],[-112.010319,33.435777],[-112.010345,33.435754],[-112.010368,33.435729],[-112.010397,33.435696],[-112.01041,33.435697],[-112.010412,33.435744],[-112.010416,33.435832],[-112.010422,33.435908],[-112.010434,33.435984],[-112.010455,33.436074],[-112.010482,33.436149],[-112.010503,33.43621],[-112.010537,33.436282],[-112.01057,33.436344]]]}},{"type":"Feature","properties":{"kind":"vegetation","name":null,"osm":"way/121748160"},"geometry":{"type":"Polygon","coordinates":[[[-112.015522,33.43797],[-112.014985,33.437974],[-112.014983,33.43794],[-112.01509,33.437936],[-112.015193,33.437925],[-112.015293,33.437906],[-112.015402,33.43788],[-112.015531,33.437837],[-112.015653,33.437789],[-112.015771,33.437734],[-112.015878,33.437672],[-112.01597,33.437621],[-112.016072,33.437556],[-112.016193,33.43745],[-112.016502,33.437194],[-112.016573,33.437151],[-112.016631,33.437127],[-112.016684,33.437112],[-112.016729,33.437107],[-112.016784,33.437107],[-112.016828,33.437113],[-112.016875,33.437128],[-112.016917,33.437145],[-112.016955,33.437166],[-112.016991,33.437195],[-112.017022,33.437227],[-112.017046,33.43726],[-112.01706,33.437296],[-112.01707,33.437326],[-112.017072,33.437357],[-112.01707,33.437404],[-112.017059,33.437453],[-112.017039,33.437495],[-112.017019,33.437526],[-112.016989,33.437558],[-112.016942,33.437596],[-112.016896,33.437622],[-112.016604,33.437758],[-112.01644,33.437825],[-112.016272,33.437877],[-112.016191,33.4379],[-112.016101,33.437921],[-112.015969,33.437942],[-112.015842,33.437957],[-112.015695,33.437965],[-112.015522,33.43797]]]}},{"type":"Feature","properties":{"kind":"vegetation","name":null,"osm":"way/121748166"},"geometry":{"type":"Polygon","coordinates":[[[-112.01153,33.43736],[-112.01134,33.437129],[-112.011087,33.436758],[-112.011047,33.436693],[-112.011089,33.436691],[-112.011132,33.43669],[-112.01121,33.436683],[-112.011281,33.436664],[-112.011353,33.436631],[-112.011425,33.43659],[-112.011506,33.436547],[-112.011552,33.436527],[-112.01162,33.436512],[-112.01162,33.436596],[-112.011543,33.436631],[-112.011477,33.436673],[-112.011423,33.436725],[-112.011386,33.436785],[-112.011366,33.436843],[-112.011357,33.436908],[-112.011359,33.436974],[-112.011372,33.437041],[-112.011399,33.437111],[-112.01153,33.43736]]]}},{"type":"Feature","properties":{"kind":"water","name":null,"osm":"way/125119948"},"geometry":{"type":"Polygon","coordinates":[[[-112.059236,33.486809],[-112.059352,33.486824],[-112.059472,33.486805],[-112.059581,33.486807],[-112.059661,33.486796],[-112.059747,33.486759],[-112.059759,33.486733],[-112.059777,33.486694],[-112.059787,33.486618],[-112.059717,33.486546],[-112.059604,33.486523],[-112.059515,33.486522],[-112.05941,33.486551],[-112.059295,33.486577],[-112.059246,33.486616],[-112.059209,33.486674],[-112.059195,33.486722],[-112.059187,33.486776],[-112.059236,33.486809]]]}},{"type":"Feature","properties":{"kind":"water","name":null,"osm":"way/125119949"},"geometry":{"type":"Polygon","coordinates":[[[-112.063024,33.482983],[-112.063125,33.482981],[-112.063202,33.482954],[-112.063287,33.482881],[-112.063351,33.482676],[-112.063369,33.48245],[-112.063369,33.482361],[-112.063361,33.482291],[-112.06331,33.482249],[-112.063253,33.482239],[-112.063158,33.482246],[-112.063111,33.482283],[-112.063081,33.482345],[-112.063097,33.482396],[-112.063115,33.482474],[-112.06313,33.482549],[-112.063118,33.482651],[-112.063007,33.482821],[-112.062955,33.482898],[-112.062972,33.482953],[-112.063024,33.482983]]]}},{"type":"Feature","properties":{"kind":"vegetation","name":"Matthew Henson Park","osm":"way/126018723"},"geometry":{"type":"Polygon","coordinates":[[[-112.084644,33.439073],[-112.084498,33.439058],[-112.08444,33.439064],[-112.084416,33.439066],[-112.08419,33.439068],[-112.084124,33.439047],[-112.083965,33.439057],[-112.083882,33.439082],[-112.083735,33.439085],[-112.083743,33.439814],[-112.083757,33.439833],[-112.083776,33.439847],[-112.083798,33.439855],[-112.084592,33.439849],[-112.084611,33.439846],[-112.084627,33.439835],[-112.084644,33.439817],[-112.084644,33.439073]]]}},{"type":"Feature","properties":{"kind":"vegetation","name":null,"osm":"way/126234634"},"geometry":{"type":"Polygon","coordinates":[[[-112.085898,33.437289],[-112.085898,33.437363],[-112.085849,33.437363],[-112.085849,33.437394],[-112.085849,33.437439],[-112.085867,33.437439],[-112.085867,33.437474],[-112.086119,33.437475],[-112.086118,33.437726],[-112.085855,33.437725],[-112.085855,33.437765],[-112.085845,33.437765],[-112.085845,33.43781],[-112.085845,33.437845],[-112.085853,33.437845],[-112.085853,33.43789],[-112.085654,33.437892],[-112.085654,33.437843],[-112.085663,33.437843],[-112.085663,33.437807],[-112.085663,33.437767],[-112.085645,33.437767],[-112.085645,33.437733],[-112.085382,33.437735],[-112.08538,33.437478],[-112.085674,33.437477],[-112.085673,33.437439],[-112.085693,33.437439],[-112.085693,33.437392],[-112.085693,33.437363],[-112.085651,33.437363],[-112.085651,33.43729],[-112.085898,33.437289]]]}},{"type":"Feature","properties":{"kind":"vegetation","name":null,"osm":"way/126328890"},"geometry":{"type":"Polygon","coordinates":[[[-112.084373,33.437565],[-112.084356,33.437565],[-112.084306,33.437566],[-112.084306,33.437577],[-112.084222,33.437577],[-112.084222,33.437564],[-112.084165,33.437565],[-112.084164,33.437492],[-112.083726,33.437493],[-112.083728,33.437915],[-112.084162,33.437913],[-112.084162,33.437813],[-112.084225,33.437813],[-112.084225,33.437799],[-112.084264,33.437799],[-112.084302,33.437799],[-112.084305,33.437814],[-112.084354,33.437814],[-112.084376,33.437815],[-112.084373,33.437565]]]}},{"type":"Feature","properties":{"kind":"vegetation","name":null,"osm":"way/126987048"},"geometry":{"type":"Polygon","coordinates":[[[-112.062549,33.443446],[-112.063317,33.443118],[-112.063314,33.442612],[-112.063183,33.442617],[-112.063192,33.442992],[-112.062503,33.443303],[-112.062549,33.443446]]]}},{"type":"Feature","properties":{"kind":"vegetation","name":null,"osm":"way/127471555"},"geometry":{"type":"Polygon","coordinates":[[[-112.063766,33.498261],[-112.064131,33.498259],[-112.064129,33.498475],[-112.064097,33.498502],[-112.064063,33.498473],[-112.063999,33.498525],[-112.064033,33.498554],[-112.064,33.498582],[-112.063797,33.498582],[-112.06378,33.49857],[-112.063748,33.498569],[-112.063748,33.498275],[-112.063766,33.498261]]]}},{"type":"Feature","properties":{"kind":"vegetation","name":null,"osm":"way/127636331"},"geometry":{"type":"Polygon","coordinates":[[[-112.065866,33.496903],[-112.065679,33.496902],[-112.06568,33.496775],[-112.065867,33.496777],[-112.065866,33.496903]]]}},{"type":"Feature","properties":{"kind":"water","name":null,"osm":"way/127695687"},"geometry":{"type":"Polygon","coordinates":[[[-112.075751,33.448023],[-112.075746,33.448026],[-112.075742,33.448032],[-112.075741,33.448037],[-112.075743,33.448042],[-112.075746,33.448046],[-112.075754,33.44805],[-112.07576,33.44805],[-112.075766,33.448048],[-112.075771,33.448045],[-112.075774,33.44804],[-112.075775,33.448035],[-112.075774,33.44803],[-112.075771,33.448026],[-112.075764,33.448023],[-112.075759,33.448022],[-112.075751,33.448023]]]}},{"type":"Feature","properties":{"kind":"vegetation","name":null,"osm":"way/127703344"},"geometry":{"type":"Polygon","coordinates":[[[-112.055744,33.510857],[-112.055878,33.510858],[-112.055879,33.510767],[-112.055683,33.510765],[-112.055682,33.510856],[-112.055744,33.510857]]]}},{"type":"Feature","properties":{"kind":"vegetation","name":null,"osm":"way/127703398"},"geometry":{"type":"Polygon","coordinates":[[[-112.055622,33.51086],[-112.055563,33.510859],[-112.055491,33.510859],[-112.055492,33.510769],[-112.055623,33.51077],[-112.055622,33.51086]]]}},{"type":"Feature","properties":{"kind":"vegetation","name":null,"osm":"way/127703427"},"geometry":{"type":"Polygon","coordinates":[[[-112.06418,33.508881],[-112.064054,33.508881],[-112.063953,33.508881],[-112.063953,33.508822],[-112.063973,33.50881],[-112.063984,33.508807],[-112.063993,33.508795],[-112.064004,33.50878],[-112.06418,33.50878],[-112.06418,33.508881]]]}},{"type":"Feature","properties":{"kind":"vegetation","name":null,"osm":"way/128141456"},"geometry":{"type":"Polygon","coordinates":[[[-112.074468,33.459549],[-112.074438,33.459549],[-112.074438,33.459568],[-112.074339,33.459567],[-112.074383,33.459424],[-112.074432,33.459424],[-112.074433,33.459403],[-112.074469,33.459403],[-112.074468,33.459549]]]}},{"type":"Feature","properties":{"kind":"vegetation","name":null,"osm":"way/128141482"},"geometry":{"type":"Polygon","coordinates":[[[-112.070428,33.457454],[-112.070312,33.457453],[-112.070313,33.457415],[-112.070429,33.457417],[-112.070428,33.457454]]]}},{"type":"Feature","properties":{"kind":"vegetation","name":null,"osm":"way/128149935"},"geometry":{"type":"Polygon","coordinates":[[[-112.070124,33.459756],[-112.069729,33.459756],[-112.069729,33.459662],[-112.070124,33.459662],[-112.070124,33.459756]]]}},{"type":"Feature","properties":{"kind":"vegetation","name":null,"osm":"way/128289807"},"geometry":{"type":"Polygon","coordinates":[[[-112.009755,33.509619],[-112.009665,33.509624],[-112.009665,33.509575],[-112.009232,33.509591],[-112.00923,33.509625],[-112.009134,33.509631],[-112.009134,33.509467],[-112.009725,33.509461],[-112.009697,33.509485],[-112.009755,33.509485],[-112.009755,33.509619]]]}},{"type":"Feature","properties":{"kind":"vegetation","name":null,"osm":"way/128289817"},"geometry":{"type":"Polygon","coordinates":[[[-112.025813,33.505134],[-112.024464,33.505135],[-112.024466,33.504802],[-112.025815,33.504804],[-112.025813,33.505134]]]}},{"type":"Feature","properties":{"kind":"vegetation","name":null,"osm":"way/128817275"},"geometry":{"type":"Polygon","coordinates":[[[-112.045029,33.495032],[-112.045032,33.495079],[-112.04498,33.495121],[-112.044797,33.495122],[-112.044794,33.495064],[-112.044834,33.495032],[-112.045029,33.495032]]]}},{"type":"Feature","properties":{"kind":"vegetation","name":null,"osm":"way/128823560"},"geometry":{"type":"Polygon","coordinates":[[[-112.059487,33.477089],[-112.058362,33.477079],[-112.058366,33.476751],[-112.059491,33.476761],[-112.059487,33.477089]]]}},{"type":"Feature","properties":{"kind":"vegetation","name":null,"osm":"way/128823562"},"geometry":{"type":"Polygon","coordinates":[[[-112.058319,33.477046],[-112.057964,33.477046],[-112.057964,33.476718],[-112.058319,33.476719],[-112.058319,33.477046]]]}},{"type":"Feature","properties":{"kind":"vegetation","name":null,"osm":"way/129816625"},"geometry":{"type":"Polygon","coordinates":[[[-112.094391,33.506708],[-112.09402,33.506704],[-112.094025,33.506371],[-112.094396,33.506375],[-112.094391,33.506708]]]}},{"type":"Feature","properties":{"kind":"vegetation","name":null,"osm":"way/136807581"},"geometry":{"type":"Polygon","coordinates":[[[-111.985052,33.4615],[-111.985052,33.461484],[-111.985069,33.461484],[-111.98507,33.461261],[-111.985052,33.461261],[-111.985052,33.461233],[-111.985106,33.461188],[-111.98514,33.461188],[-111.98514,33.461211],[-111.985525,33.461211],[-111.985525,33.461188],[-111.985547,33.461188],[-111.985582,33.461212],[-111.985609,33.461236],[-111.985609,33.461263],[-111.985581,33.461263],[-111.985581,33.461477],[-111.985581,33.461484],[-111.985594,33.461484],[-111.985593,33.461503],[-111.985621,33.461508],[-111.985581,33.461537],[-111.985558,33.461553],[-111.985548,33.461559],[-111.985517,33.461559],[-111.985517,33.461536],[-111.985134,33.461536],[-111.985134,33.46155],[-111.985103,33.46155],[-111.985052,33.4615]]]}},{"type":"Feature","properties":{"kind":"vegetation","name":null,"osm":"way/136807583"},"geometry":{"type":"Polygon","coordinates":[[[-112.00694,33.462373],[-112.00665,33.462376],[-112.006649,33.462278],[-112.006938,33.462275],[-112.00694,33.462373]]]}},{"type":"Feature","properties":{"kind":"vegetation","name":null,"osm":"way/136807584"},"geometry":{"type":"Polygon","coordinates":[[[-112.006933,33.46204],[-112.006644,33.462043],[-112.006643,33.461946],[-112.006932,33.461943],[-112.006933,33.46204]]]}},{"type":"Feature","properties":{"kind":"vegetation","name":null,"osm":"way/136807585"},"geometry":{"type":"Polygon","coordinates":[[[-112.007318,33.462181],[-112.007243,33.462182],[-112.007244,33.462292],[-112.007275,33.462292],[-112.007276,33.462344],[-112.007321,33.462344],[-112.007318,33.462181]]]}},{"type":"Feature","properties":{"kind":"vegetation","name":null,"osm":"way/136807586"},"geometry":{"type":"Polygon","coordinates":[[[-112.007319,33.462128],[-112.007243,33.462129],[-112.007242,33.462019],[-112.007273,33.462019],[-112.007272,33.461967],[-112.007317,33.461966],[-112.007319,33.462128]]]}},{"type":"Feature","properties":{"kind":"vegetation","name":null,"osm":"way/137614963"},"geometry":{"type":"Polygon","coordinates":[[[-111.993597,33.448889],[-111.99343,33.448889],[-111.99343,33.448827],[-111.993597,33.448827],[-111.993597,33.448889]]]}},{"type":"Feature","properties":{"kind":"vegetation","name":null,"osm":"way/137619991"},"geometry":{"type":"Polygon","coordinates":[[[-112.030924,33.474657],[-112.030541,33.47466],[-112.03054,33.474537],[-112.030922,33.474535],[-112.030924,33.474657]]]}},{"type":"Feature","properties":{"kind":"water","name":null,"osm":"way/143353733"},"geometry":{"type":"Polygon","coordinates":[[[-112.093245,33.448136],[-112.093241,33.448133],[-112.09323,33.448135],[-112.093223,33.448142],[-112.093223,33.44815],[-112.093225,33.448157],[-112.093237,33.448161],[-112.093243,33.44816],[-112.093246,33.448159],[-112.093251,33.448166],[-112.093258,33.448171],[-112.093271,33.448176],[-112.093284,33.448175],[-112.093295,33.448173],[-112.093309,33.448161],[-112.093313,33.448145],[-112.093303,33.448126],[-112.093284,33.448117],[-112.093264,33.448119],[-112.093249,33.448128],[-112.093245,33.448136]]]}},{"type":"Feature","properties":{"kind":"water","name":null,"osm":"way/143354905"},"geometry":{"type":"Polygon","coordinates":[[[-112.072817,33.447676],[-112.072694,33.447669],[-112.072695,33.447656],[-112.072819,33.447663],[-112.072817,33.447676]]]}},{"type":"Feature","properties":{"kind":"water","name":null,"osm":"way/143516318"},"geometry":{"type":"Polygon","coordinates":[[[-112.066928,33.450897],[-112.066923,33.450902],[-112.06692,33.450908],[-112.06692,33.450915],[-112.066923,33.450921],[-112.066928,33.450927],[-112.066935,33.450931],[-112.066943,33.450933],[-112.066952,33.450932],[-112.06696,33.450929],[-112.066966,33.450924],[-112.06697,33.450917],[-112.066971,33.45091],[-112.066968,33.450903],[-112.066964,33.450897],[-112.066957,33.450893],[-112.06695,33.450891],[-112.066942,33.450891],[-112.066934,33.450893],[-112.066928,33.450897]]]}},{"type":"Feature","properties":{"kind":"vegetation","name":null,"osm":"way/144058760"},"geometry":{"type":"Polygon","coordinates":[[[-112.072506,33.472368],[-112.072506,33.472571],[-112.072731,33.472576],[-112.072729,33.47265],[-112.072694,33.472651],[-112.072777,33.472811],[-112.072838,33.472822],[-112.07287,33.472848],[-112.072886,33.472862],[-112.072928,33.472891],[-112.073064,33.472865],[-112.073149,33.472854],[-112.073401,33.472863],[-112.073567,33.472856],[-112.073695,33.472834],[-112.073695,33.472806],[-112.073695,33.47248],[-112.073695,33.472406],[-112.073709,33.472135],[-112.072985,33.472129],[-112.072834,33.472114],[-112.072832,33.472156],[-112.072911,33.472237],[-112.072838,33.472306],[-112.072792,33.472273],[-112.072703,33.472273],[-112.072705,33.472297],[-112.072736,33.472297],[-112.072736,33.472372],[-112.072506,33.472368]]]}},{"type":"Feature","properties":{"kind":"water","name":null,"osm":"way/144058761"},"geometry":{"type":"Polygon","coordinates":[[[-112.074163,33.469298],[-112.074182,33.469309],[-112.074209,33.469318],[-112.074237,33.469324],[-112.074268,33.469324],[-112.074303,33.469316],[-112.074342,33.469297],[-112.074367,33.469271],[-112.074384,33.469245],[-112.074389,33.46922],[-112.074388,33.469185],[-112.07438,33.469155],[-112.074364,33.469126],[-112.074357,33.469094],[-112.074356,33.469065],[-112.074369,33.469035],[-112.074387,33.469009],[-112.074412,33.468988],[-112.074442,33.468972],[-112.074476,33.468954],[-112.074501,33.468937],[-112.074522,33.468921],[-112.074536,33.468897],[-112.074545,33.468878],[-112.074553,33.468855],[-112.074552,33.468826],[-112.074549,33.468799],[-112.074536,33.46877],[-112.074518,33.468753],[-112.074486,33.468729],[-112.074477,33.468745],[-112.074494,33.468755],[-112.074516,33.468775],[-112.074528,33.468796],[-112.074534,33.468815],[-112.074536,33.468851],[-112.074531,33.468873],[-112.07451,33.468908],[-112.074454,33.468928],[-112.074403,33.468931],[-112.074354,33.468947],[-112.074275,33.468995],[-112.074251,33.469035],[-112.074245,33.469078],[-112.074262,33.469121],[-112.074288,33.469161],[-112.074306,33.469193],[-112.074299,33.469242],[-112.074275,33.469272],[-112.074252,33.469284],[-112.074222,33.469282],[-112.074183,33.469277],[-112.074163,33.469298]]]}},{"type":"Feature","properties":{"kind":"vegetation","name":null,"osm":"way/144114797"},"geometry":{"type":"Polygon","coordinates":[[[-112.073559,33.460551],[-112.073314,33.46055],[-112.073314,33.460528],[-112.073559,33.460529],[-112.073559,33.460551]]]}},{"type":"Feature","properties":{"kind":"vegetation","name":"Viad Park","osm":"way/144358766"},"geometry":{"type":"Polygon","coordinates":[[[-112.075615,33.469282],[-112.075618,33.469405],[-112.075759,33.469396],[-112.075827,33.469342],[-112.075824,33.468161],[-112.075625,33.468136],[-112.07569,33.468174],[-112.075687,33.468724],[-112.075686,33.468763],[-112.075678,33.46928],[-112.075615,33.469282]]]}},{"type":"Feature","properties":{"kind":"vegetation","name":"Viad Park","osm":"way/144358767"},"geometry":{"type":"Polygon","coordinates":[[[-112.073982,33.469355],[-112.074258,33.469379],[-112.074442,33.469381],[-112.074651,33.469378],[-112.075522,33.469408],[-112.075523,33.46928],[-112.074919,33.469273],[-112.074916,33.469049],[-112.074923,33.468755],[-112.074923,33.468742],[-112.074848,33.468743],[-112.074815,33.468713],[-112.074677,33.468587],[-112.074642,33.468555],[-112.074633,33.468564],[-112.074448,33.468562],[-112.074273,33.46856],[-112.074101,33.468413],[-112.074103,33.468378],[-112.074282,33.468239],[-112.074457,33.468241],[-112.074629,33.468243],[-112.074728,33.468325],[-112.074803,33.468325],[-112.074803,33.468169],[-112.073978,33.468142],[-112.073991,33.468667],[-112.073982,33.469355]]]}},{"type":"Feature","properties":{"kind":"vegetation","name":null,"osm":"way/144358774"},"geometry":{"type":"Polygon","coordinates":[[[-112.074449,33.47091],[-112.074284,33.470909],[-112.074285,33.470844],[-112.07445,33.470845],[-112.074449,33.47091]]]}},{"type":"Feature","properties":{"kind":"water","name":null,"osm":"way/144358780"},"geometry":{"type":"Polygon","coordinates":[[[-112.072846,33.481192],[-112.072863,33.48118],[-112.072884,33.481172],[-112.072915,33.481168],[-112.072949,33.481173],[-112.072984,33.481192],[-112.073002,33.481212],[-112.073013,33.48124],[-112.073014,33.48125],[-112.073005,33.481283],[-112.072985,33.481308],[-112.072954,33.481326],[-112.072933,33.481331],[-112.072915,33.481333],[-112.072899,33.481331],[-112.072886,33.481329],[-112.072863,33.48132],[-112.072845,33.481308],[-112.072825,33.481283],[-112.072816,33.48125],[-112.072825,33.481216],[-112.072846,33.481192]]]}},{"type":"Feature","properties":{"kind":"water","name":null,"osm":"way/144358784"},"geometry":{"type":"Polygon","coordinates":[[[-112.074079,33.469893],[-112.074077,33.470002],[-112.074205,33.470004],[-112.074206,33.469948],[-112.07414,33.469947],[-112.074141,33.469894],[-112.074079,33.469893]]]}},{"type":"Feature","properties":{"kind":"vegetation","name":"Cancer Survivors Park","osm":"way/144486968"},"geometry":{"type":"Polygon","coordinates":[[[-112.072511,33.464345],[-112.072484,33.46449],[-112.072469,33.464532],[-112.072475,33.46464],[-112.072472,33.464773],[-112.07247,33.464847],[-112.072502,33.464945],[-112.072508,33.465055],[-112.072506,33.465123],[-112.072503,33.465177],[-112.072507,33.465225],[-112.072503,33.465313],[-112.072504,33.465446],[-112.072477,33.465518],[-112.072466,33.465552],[-112.072464,33.465587],[-112.07248,33.465627],[-112.072504,33.465644],[-112.072536,33.465652],[-112.072582,33.465647],[-112.072602,33.465636],[-112.072625,33.465603],[-112.072625,33.465558],[-112.072617,33.465515],[-112.072607,33.465499],[-112.072604,33.465472],[-112.072594,33.465447],[-112.072587,33.465368],[-112.072591,33.465351],[-112.072595,33.46522],[-112.072607,33.465138],[-112.072627,33.465056],[-112.072631,33.464996],[-112.07261,33.464918],[-112.072594,33.464852],[-112.072591,33.464764],[-112.072623,33.46464],[-112.072632,33.464597],[-112.072623,33.464497],[-112.072595,33.464405],[-112.072593,33.464278],[-112.072612,33.464148],[-112.072621,33.464032],[-112.072613,33.464016],[-112.072602,33.464008],[-112.072593,33.464004],[-112.072525,33.464002],[-112.072498,33.464009],[-112.072485,33.464028],[-112.072485,33.464051],[-112.072508,33.464223],[-112.072511,33.464345]]]}},{"type":"Feature","properties":{"kind":"water","name":null,"osm":"way/145385706"},"geometry":{"type":"Polygon","coordinates":[[[-112.072826,33.471711],[-112.072765,33.471711],[-112.072765,33.471572],[-112.072826,33.471572],[-112.072826,33.471711]]]}},{"type":"Feature","properties":{"kind":"water","name":null,"osm":"way/147227066"},"geometry":{"type":"Polygon","coordinates":[[[-112.07636,33.461188],[-112.076387,33.461211],[-112.076437,33.46123],[-112.076489,33.461235],[-112.076529,33.461232],[-112.076563,33.461225],[-112.076593,33.461213],[-112.076628,33.461192],[-112.07666,33.461168],[-112.07668,33.461128],[-112.076693,33.461092],[-112.076695,33.461059],[-112.076682,33.461033],[-112.076667,33.461003],[-112.076652,33.460991],[-112.07662,33.461006],[-112.076605,33.461004],[-112.076591,33.460998],[-112.076585,33.460989],[-112.076581,33.46095],[-112.076592,33.460928],[-112.076591,33.460897],[-112.076585,33.460881],[-112.076561,33.460864],[-112.076532,33.460857],[-112.076501,33.460852],[-112.076474,33.460855],[-112.076413,33.460903],[-112.076392,33.460914],[-112.07636,33.460891],[-112.076322,33.460868],[-112.076248,33.460858],[-112.076179,33.460895],[-112.076089,33.460939],[-112.076008,33.461013],[-112.075981,33.461027],[-112.075948,33.461029],[-112.075927,33.461013],[-112.075934,33.460993],[-112.075942,33.460986],[-112.075945,33.460978],[-112.075932,33.460972],[-112.075915,33.460973],[-112.075895,33.460976],[-112.075888,33.460975],[-112.075877,33.460966],[-112.075866,33.460955],[-112.07586,33.460945],[-112.075867,33.460925],[-112.075864,33.460914],[-112.075839,33.460906],[-112.075821,33.460901],[-112.075805,33.4609],[-112.075799,33.460909],[-112.075792,33.460914],[-112.075782,33.460918],[-112.075768,33.460908],[-112.07576,33.460898],[-112.075718,33.46088],[-112.075693,33.460883],[-112.075675,33.460931],[-112.075681,33.460956],[-112.075695,33.460989],[-112.075697,33.461027],[-112.075674,33.461076],[-112.075674,33.461119],[-112.075737,33.461128],[-112.07578,33.461103],[-112.075787,33.461085],[-112.0758,33.461082],[-112.075823,33.461091],[-112.075853,33.461107],[-112.075839,33.461123],[-112.075861,33.461137],[-112.075887,33.461157],[-112.075913,33.461161],[-112.075936,33.461168],[-112.075941,33.461172],[-112.075964,33.461189],[-112.075979,33.461182],[-112.07599,33.461177],[-112.076034,33.461157],[-112.076038,33.461122],[-112.076098,33.461158],[-112.076143,33.46116],[-112.076178,33.461156],[-112.0762,33.461136],[-112.076244,33.461094],[-112.076264,33.461083],[-112.076249,33.461063],[-112.076274,33.461054],[-112.076298,33.461075],[-112.076318,33.46106],[-112.076353,33.461045],[-112.076371,33.461062],[-112.076349,33.461129],[-112.076346,33.461157],[-112.07636,33.461188]]]}},{"type":"Feature","properties":{"kind":"vegetation","name":"Margaret T. Hance Park","osm":"way/155109495"},"geometry":{"type":"Polygon","coordinates":[[[-112.070267,33.46269],[-112.070268,33.462734],[-112.071105,33.462741],[-112.071106,33.46272],[-112.071167,33.462722],[-112.071164,33.462684],[-112.071184,33.462636],[-112.071238,33.462595],[-112.071308,33.46257],[-112.071509,33.462569],[-112.071592,33.462138],[-112.072393,33.462137],[-112.072417,33.461998],[-112.072877,33.461991],[-112.072875,33.461809],[-112.073453,33.461822],[-112.073472,33.462056],[-112.073514,33.462134],[-112.073565,33.462366],[-112.073669,33.462372],[-112.073666,33.462129],[-112.073998,33.462127],[-112.073992,33.462305],[-112.073991,33.46243],[-112.074027,33.462441],[-112.074937,33.462452],[-112.075005,33.462472],[-112.075353,33.462486],[-112.076347,33.462498],[-112.076367,33.462489],[-112.076642,33.462494],[-112.076656,33.462502],[-112.077787,33.462508],[-112.078005,33.462519],[-112.078121,33.462494],[-112.0783,33.46252],[-112.07835,33.462564],[-112.078746,33.462632],[-112.078879,33.462638],[-112.079123,33.462662],[-112.07943,33.462656],[-112.079614,33.462619],[-112.079985,33.462622],[-112.080065,33.462591],[-112.079872,33.46207],[-112.079851,33.461952],[-112.080043,33.461922],[-112.080072,33.462025],[-112.08009,33.462133],[-112.080355,33.462128],[-112.08035,33.461808],[-112.080316,33.461809],[-112.080211,33.461823],[-112.080028,33.461835],[-112.079796,33.461868],[-112.079615,33.461897],[-112.079479,33.461947],[-112.079351,33.462025],[-112.079238,33.462108],[-112.07913,33.462189],[-112.079081,33.462204],[-112.078994,33.462203],[-112.078828,33.462202],[-112.078765,33.462167],[-112.078659,33.462104],[-112.078432,33.462022],[-112.078228,33.461983],[-112.078178,33.46198],[-112.078158,33.46198],[-112.078128,33.46198],[-112.077971,33.46198],[-112.077955,33.461931],[-112.077829,33.461585],[-112.077778,33.461408],[-112.077742,33.461233],[-112.077661,33.461196],[-112.077662,33.460629],[-112.077658,33.460103],[-112.077049,33.460094],[-112.077053,33.460629],[-112.07537,33.460649],[-112.074009,33.460637],[-112.074056,33.460727],[-112.074052,33.460874],[-112.073668,33.460874],[-112.073638,33.460873],[-112.073555,33.460873],[-112.073529,33.460872],[-112.073192,33.460871],[-112.073192,33.460931],[-112.073129,33.460931],[-112.072802,33.46093],[-112.072791,33.46093],[-112.072712,33.46093],[-112.072716,33.461249],[-112.07262,33.461251],[-112.072585,33.461318],[-112.07248,33.46139],[-112.072308,33.461428],[-112.072181,33.461427],[-112.069538,33.461411],[-112.069535,33.461884],[-112.069492,33.461924],[-112.069499,33.462685],[-112.070267,33.46269]]]}},{"type":"Feature","properties":{"kind":"vegetation","name":"Arizona Biltmore Estates Course","osm":"way/156824815"},"geometry":{"type":"Polygon","coordinates":[[[-112.022699,33.512963],[-112.02315,33.513026],[-112.023572,33.513192],[-112.023881,33.513402],[-112.024206,33.513827],[-112.024322,33.514186],[-112.02441,33.514567],[-112.02435,33.515028],[-112.024282,33.515691],[-112.024289,33.516192],[-112.024346,33.51685],[-112.024426,33.517495],[-112.024505,33.517974],[-112.024499,33.518325],[-112.024506,33.51836],[-112.024383,33.518801],[-112.024223,33.519277],[-112.023998,33.519782],[-112.023782,33.520275],[-112.023508,33.5209],[-112.024205,33.521163],[-112.024068,33.521456],[-112.02402,33.521533],[-112.023961,33.521631],[-112.023657,33.52188],[-112.023393,33.522027],[-112.023291,33.522081],[-112.022378,33.522042],[-112.022132,33.522079],[-112.021989,33.522097],[-112.021916,33.521964],[-112.021756,33.521887],[-112.021619,33.521729],[-112.021458,33.521416],[-112.021401,33.521434],[-112.021194,33.521003],[-112.021216,33.520932],[-112.021006,33.520095],[-112.020665,33.519889],[-112.020067,33.520044],[-112.020041,33.520079],[-112.019982,33.520083],[-112.019972,33.520154],[-112.019896,33.520275],[-112.019861,33.52033],[-112.019861,33.52041],[-112.020831,33.52199],[-112.02085,33.522093],[-112.020822,33.522123],[-112.020803,33.522121],[-112.020645,33.522028],[-112.020599,33.522],[-112.020578,33.521965],[-112.020546,33.521929],[-112.020513,33.521903],[-112.020438,33.521871],[-112.020286,33.521808],[-112.020304,33.521756],[-112.020287,33.52171],[-112.020246,33.521679],[-112.020187,33.521643],[-112.020141,33.521628],[-112.0201,33.52162],[-112.020042,33.521617],[-112.02001,33.52161],[-112.019917,33.521572],[-112.019898,33.521555],[-112.019867,33.521521],[-112.019861,33.5215],[-112.019838,33.521382],[-112.019823,33.521329],[-112.019812,33.521311],[-112.019777,33.521275],[-112.019756,33.521259],[-112.019713,33.521241],[-112.019628,33.521222],[-112.019562,33.521205],[-112.019536,33.521171],[-112.019515,33.521117],[-112.019447,33.520986],[-112.019367,33.52092],[-112.019313,33.520877],[-112.019237,33.520846],[-112.019167,33.520832],[-112.019125,33.520821],[-112.019093,33.520809],[-112.01906,33.520783],[-112.019029,33.520751],[-112.019009,33.520712],[-112.018976,33.520668],[-112.018949,33.52064],[-112.018877,33.520584],[-112.018846,33.520565],[-112.018809,33.520542],[-112.018794,33.52052],[-112.018782,33.520501],[-112.018775,33.520468],[-112.018771,33.520441],[-112.018772,33.520323],[-112.018765,33.520269],[-112.018638,33.520038],[-112.018722,33.520012],[-112.018515,33.519632],[-112.018498,33.518846],[-112.018456,33.518254],[-112.018423,33.517749],[-112.018446,33.517671],[-112.018405,33.51706],[-112.018395,33.516885],[-112.01837,33.516503],[-112.018316,33.516502],[-112.018315,33.516477],[-112.018334,33.516312],[-112.01835,33.516309],[-112.018358,33.516188],[-112.018401,33.515885],[-112.018417,33.515736],[-112.018453,33.515311],[-112.018508,33.51511],[-112.018805,33.514809],[-112.018897,33.514868],[-112.019348,33.514581],[-112.019272,33.514476],[-112.019687,33.514222],[-112.019787,33.51416],[-112.020203,33.513989],[-112.020249,33.51397],[-112.020725,33.513704],[-112.021114,33.513493],[-112.02117,33.513422],[-112.021645,33.513209],[-112.022058,33.513049],[-112.022186,33.512995],[-112.022619,33.51297],[-112.022699,33.512963]]]}},{"type":"Feature","properties":{"kind":"water","name":null,"osm":"way/157274234"},"geometry":{"type":"Polygon","coordinates":[[[-112.015138,33.515345],[-112.0151,33.515343],[-112.015054,33.515329],[-112.015027,33.515312],[-112.014982,33.515299],[-112.014911,33.515273],[-112.014851,33.515247],[-112.014735,33.515194],[-112.014696,33.51518],[-112.014663,33.515172],[-112.01455,33.515165],[-112.014364,33.515165],[-112.014165,33.515169],[-112.013975,33.515174],[-112.013889,33.515172],[-112.01382,33.515165],[-112.013759,33.515164],[-112.013734,33.515153],[-112.013721,33.515136],[-112.013712,33.515122],[-112.013701,33.515086],[-112.013698,33.515067],[-112.013694,33.515049],[-112.013701,33.51502],[-112.013719,33.514998],[-112.013742,33.514988],[-112.013799,33.514978],[-112.013914,33.514973],[-112.014085,33.514964],[-112.014217,33.514961],[-112.014323,33.51494],[-112.01446,33.514887],[-112.014581,33.514835],[-112.01471,33.51479],[-112.014782,33.51476],[-112.014838,33.514722],[-112.014905,33.514668],[-112.014969,33.514617],[-112.015037,33.514553],[-112.015179,33.514429],[-112.015256,33.514367],[-112.015293,33.514353],[-112.015321,33.514348],[-112.01536,33.514344],[-112.015384,33.514346],[-112.015433,33.514356],[-112.01547,33.514381],[-112.015496,33.514407],[-112.01551,33.514427],[-112.015514,33.514486],[-112.015504,33.514543],[-112.015495,33.51459],[-112.015462,33.514625],[-112.015388,33.514662],[-112.015366,33.514677],[-112.015326,33.514692],[-112.015244,33.51477],[-112.015225,33.5148],[-112.015209,33.514838],[-112.015201,33.514894],[-112.015201,33.514956],[-112.015216,33.515026],[-112.015238,33.51509],[-112.015256,33.515182],[-112.015258,33.515245],[-112.015246,33.515288],[-112.01522,33.51532],[-112.015138,33.515345]]]}},{"type":"Feature","properties":{"kind":"water","name":null,"osm":"way/157274239"},"geometry":{"type":"Polygon","coordinates":[[[-112.018013,33.511471],[-112.018087,33.511427],[-112.018178,33.511401],[-112.018266,33.511392],[-112.01834,33.511402],[-112.018423,33.511518],[-112.018444,33.511644],[-112.018414,33.511779],[-112.018308,33.511887],[-112.018083,33.512087],[-112.018009,33.51219],[-112.017989,33.512284],[-112.01795,33.512532],[-112.017888,33.512646],[-112.017788,33.512732],[-112.017708,33.512749],[-112.01762,33.512742],[-112.017537,33.512707],[-112.017413,33.512631],[-112.017259,33.512589],[-112.017112,33.512586],[-112.016973,33.512604],[-112.016849,33.512586],[-112.0169,33.512452],[-112.017202,33.511966],[-112.017451,33.511866],[-112.017616,33.511819],[-112.017729,33.511749],[-112.017859,33.511649],[-112.01795,33.511553],[-112.018013,33.511471]]]}},{"type":"Feature","properties":{"kind":"water","name":null,"osm":"way/157274240"},"geometry":{"type":"Polygon","coordinates":[[[-112.020506,33.510225],[-112.020526,33.510245],[-112.020538,33.510263],[-112.02055,33.510284],[-112.020554,33.510301],[-112.020558,33.510321],[-112.020554,33.510345],[-112.020539,33.51038],[-112.020528,33.510401],[-112.020527,33.510425],[-112.020529,33.510447],[-112.020528,33.510467],[-112.020494,33.510548],[-112.020456,33.510637],[-112.020431,33.510688],[-112.020413,33.510715],[-112.020376,33.510763],[-112.020342,33.510801],[-112.020311,33.510829],[-112.020276,33.510851],[-112.020232,33.510871],[-112.020166,33.510885],[-112.020113,33.510891],[-112.020055,33.510892],[-112.019964,33.510897],[-112.019913,33.510911],[-112.019779,33.510948],[-112.019662,33.510989],[-112.019589,33.511029],[-112.01956,33.511053],[-112.019427,33.511179],[-112.019384,33.511224],[-112.019336,33.511258],[-112.019263,33.51128],[-112.019163,33.511289],[-112.019029,33.511287],[-112.01892,33.511272],[-112.0188,33.511257],[-112.018761,33.511249],[-112.018722,33.511232],[-112.0187,33.511216],[-112.018699,33.511188],[-112.018699,33.511166],[-112.018721,33.511149],[-112.018805,33.511097],[-112.018906,33.511035],[-112.018961,33.510996],[-112.019058,33.510912],[-112.019096,33.510867],[-112.019118,33.510829],[-112.019129,33.510803],[-112.019152,33.510751],[-112.019161,33.510688],[-112.019159,33.510627],[-112.019145,33.51058],[-112.019109,33.510499],[-112.019095,33.510468],[-112.019092,33.510442],[-112.019078,33.510351],[-112.019076,33.510296],[-112.019101,33.510241],[-112.01912,33.510201],[-112.01912,33.510193],[-112.019113,33.510186],[-112.019098,33.510172],[-112.019114,33.510173],[-112.019121,33.510174],[-112.019143,33.51018],[-112.019163,33.510176],[-112.019185,33.510167],[-112.019229,33.510149],[-112.019262,33.510147],[-112.019368,33.510168],[-112.019437,33.510193],[-112.01955,33.510228],[-112.019617,33.510243],[-112.019679,33.510252],[-112.019735,33.51026],[-112.019774,33.510265],[-112.019961,33.510266],[-112.020004,33.510263],[-112.02011,33.51025],[-112.020154,33.51024],[-112.020216,33.510236],[-112.020254,33.510227],[-112.020299,33.510224],[-112.020319,33.510222],[-112.020358,33.510217],[-112.020406,33.510214],[-112.020431,33.510213],[-112.020453,33.510213],[-112.020479,33.510216],[-112.020497,33.510221],[-112.020506,33.510225]]]}},{"type":"Feature","properties":{"kind":"vegetation","name":"S'edav Va'aki Museum","osm":"way/202024614"},"geometry":{"type":"Polygon","coordinates":[[[-111.981552,33.444212],[-111.982005,33.444372],[-111.983111,33.444739],[-111.983627,33.444936],[-111.983735,33.444973],[-111.983786,33.445009],[-111.98383,33.445037],[-111.983939,33.445118],[-111.984027,33.445026],[-111.984111,33.445069],[-111.984501,33.445267],[-111.985674,33.445845],[-111.985914,33.445973],[-111.98587,33.446042],[-111.98624,33.446223],[-111.98635,33.44629],[-111.986758,33.446464],[-111.986764,33.447014],[-111.986762,33.447479],[-111.986762,33.447638],[-111.986743,33.447742],[-111.986707,33.447814],[-111.986631,33.447843],[-111.986533,33.447851],[-111.98631,33.447846],[-111.986216,33.447845],[-111.986216,33.447828],[-111.986087,33.447826],[-111.986021,33.44782],[-111.985935,33.447819],[-111.98566,33.447817],[-111.98566,33.447847],[-111.985378,33.44784],[-111.985378,33.447813],[-111.985084,33.447809],[-111.985084,33.447796],[-111.984982,33.447795],[-111.984709,33.447792],[-111.98471,33.447705],[-111.984606,33.447701],[-111.984608,33.44762],[-111.984507,33.447613],[-111.98428,33.447575],[-111.984262,33.447575],[-111.984257,33.447641],[-111.984152,33.447637],[-111.984152,33.447724],[-111.983826,33.447705],[-111.983565,33.447722],[-111.983563,33.447676],[-111.983437,33.447675],[-111.983436,33.447657],[-111.983317,33.447658],[-111.983098,33.447638],[-111.982706,33.447539],[-111.982283,33.446395],[-111.981954,33.445529],[-111.981568,33.444501],[-111.981523,33.444222],[-111.981552,33.444212]]]}},{"type":"Feature","properties":{"kind":"vegetation","name":null,"osm":"way/203047002"},"geometry":{"type":"Polygon","coordinates":[[[-112.087993,33.495346],[-112.087973,33.495346],[-112.087973,33.495397],[-112.087915,33.495397],[-112.087915,33.495344],[-112.087888,33.495344],[-112.087888,33.495519],[-112.087871,33.495519],[-112.087871,33.495593],[-112.08801,33.495593],[-112.088011,33.495516],[-112.087993,33.495516],[-112.087993,33.495346]]]}},{"type":"Feature","properties":{"kind":"vegetation","name":null,"osm":"way/203047004"},"geometry":{"type":"Polygon","coordinates":[[[-112.088419,33.495276],[-112.088419,33.495194],[-112.088509,33.495194],[-112.088509,33.495276],[-112.088419,33.495276]]]}},{"type":"Feature","properties":{"kind":"vegetation","name":null,"osm":"way/203047005"},"geometry":{"type":"Polygon","coordinates":[[[-112.088508,33.495351],[-112.088508,33.495474],[-112.088519,33.495474],[-112.088519,33.495589],[-112.088404,33.495589],[-112.088403,33.495473],[-112.088418,33.495473],[-112.088418,33.495352],[-112.088508,33.495351]]]}},{"type":"Feature","properties":{"kind":"vegetation","name":null,"osm":"way/203047006"},"geometry":{"type":"Polygon","coordinates":[[[-112.094243,33.494593],[-112.094036,33.494593],[-112.094036,33.494558],[-112.094148,33.494558],[-112.094148,33.494448],[-112.094036,33.494448],[-112.094036,33.494406],[-112.094243,33.494406],[-112.094243,33.494593]]]}},{"type":"Feature","properties":{"kind":"vegetation","name":null,"osm":"way/203047007"},"geometry":{"type":"Polygon","coordinates":[[[-112.087887,33.49533],[-112.087915,33.49533],[-112.087915,33.495306],[-112.087974,33.495306],[-112.087973,33.495331],[-112.087992,33.495331],[-112.087994,33.495159],[-112.087889,33.495158],[-112.087887,33.49533]]]}},{"type":"Feature","properties":{"kind":"vegetation","name":"Green Valley Park","osm":"way/211459820"},"geometry":{"type":"Polygon","coordinates":[[[-112.052074,33.427137],[-112.051179,33.427003],[-112.050238,33.426894],[-112.050084,33.426882],[-112.050051,33.426866],[-112.050034,33.426847],[-112.05003,33.426818],[-112.050032,33.42599],[-112.050043,33.425972],[-112.050061,33.425959],[-112.050087,33.425954],[-112.052074,33.425959],[-112.05211,33.425974],[-112.052118,33.425997],[-112.052123,33.426018],[-112.052127,33.427056],[-112.052105,33.427117],[-112.052074,33.427137]]]}},{"type":"Feature","properties":{"kind":"water","name":null,"osm":"way/220535349"},"geometry":{"type":"Polygon","coordinates":[[[-112.072138,33.423963],[-112.071737,33.42407],[-112.071702,33.423978],[-112.071761,33.423857],[-112.071764,33.423828],[-112.071748,33.423806],[-112.071723,33.423781],[-112.071683,33.42377],[-112.07163,33.423768],[-112.071581,33.42377],[-112.071538,33.423752],[-112.071514,33.423716],[-112.071506,33.423671],[-112.071495,33.423636],[-112.071468,33.423595],[-112.071463,33.42355],[-112.071477,33.423517],[-112.071504,33.42349],[-112.071552,33.423477],[-112.071624,33.42349],[-112.071844,33.423566],[-112.071986,33.423647],[-112.07205,33.423671],[-112.072107,33.423676],[-112.072171,33.423658],[-112.072338,33.423678],[-112.072466,33.423705],[-112.072598,33.423707],[-112.072619,33.423801],[-112.07212,33.423938],[-112.072138,33.423963]]]}},{"type":"Feature","properties":{"kind":"vegetation","name":"Central Park","osm":"way/220680232"},"geometry":{"type":"Polygon","coordinates":[[[-112.072391,33.439003],[-112.071382,33.439002],[-112.071317,33.438918],[-112.07131,33.438851],[-112.071311,33.438583],[-112.07131,33.438274],[-112.071309,33.438173],[-112.071431,33.438175],[-112.072105,33.438179],[-112.07239,33.43818],[-112.07239,33.438402],[-112.072391,33.439003]]]}},{"type":"Feature","properties":{"kind":"vegetation","name":null,"osm":"way/225646429"},"geometry":{"type":"Polygon","coordinates":[[[-112.057964,33.477046],[-112.057964,33.476718],[-112.057675,33.476705],[-112.057681,33.477181],[-112.057735,33.477194],[-112.057806,33.477195],[-112.057802,33.477089],[-112.057888,33.477094],[-112.057885,33.47705],[-112.057964,33.477046]]]}},{"type":"Feature","properties":{"kind":"vegetation","name":null,"osm":"way/225648221"},"geometry":{"type":"Polygon","coordinates":[[[-112.059058,33.479696],[-112.058842,33.479696],[-112.058816,33.479684],[-112.058574,33.479684],[-112.058497,33.479685],[-112.058501,33.479517],[-112.058257,33.479513],[-112.058217,33.479608],[-112.058162,33.479603],[-112.058153,33.479602],[-112.05814,33.479553],[-112.058121,33.479538],[-112.058085,33.479508],[-112.058042,33.479491],[-112.057969,33.479497],[-112.057908,33.479521],[-112.057851,33.479604],[-112.057792,33.479608],[-112.057736,33.479603],[-112.057737,33.479472],[-112.057674,33.479473],[-112.057556,33.479474],[-112.057492,33.479475],[-112.057456,33.479475],[-112.057433,33.479475],[-112.057432,33.479411],[-112.057318,33.479408],[-112.057313,33.479348],[-112.057314,33.479222],[-112.057242,33.479223],[-112.057242,33.479043],[-112.057226,33.479042],[-112.057226,33.479025],[-112.057435,33.479025],[-112.057436,33.478862],[-112.057464,33.478824],[-112.057463,33.478792],[-112.058536,33.478788],[-112.05855,33.478991],[-112.058525,33.478991],[-112.058519,33.478991],[-112.05852,33.479061],[-112.058573,33.47906],[-112.058574,33.479169],[-112.058841,33.479168],[-112.058841,33.479206],[-112.058996,33.479205],[-112.058996,33.479163],[-112.059055,33.479162],[-112.059058,33.479696]]]}},{"type":"Feature","properties":{"kind":"vegetation","name":"Encanto School Field","osm":"way/225765125"},"geometry":{"type":"Polygon","coordinates":[[[-112.090369,33.488337],[-112.090125,33.48855],[-112.090101,33.488549],[-112.089328,33.48854],[-112.089181,33.488541],[-112.089164,33.488542],[-112.089137,33.488544],[-112.08913,33.488467],[-112.089112,33.488367],[-112.089088,33.488305],[-112.089101,33.488305],[-112.08911,33.488304],[-112.089078,33.48823],[-112.089073,33.488158],[-112.089069,33.488088],[-112.089068,33.48802],[-112.089072,33.487916],[-112.089176,33.487826],[-112.090287,33.487846],[-112.090376,33.487919],[-112.090369,33.488337]]]}},{"type":"Feature","properties":{"kind":"vegetation","name":null,"osm":"way/225891108"},"geometry":{"type":"Polygon","coordinates":[[[-112.091044,33.489272],[-112.090635,33.489267],[-112.09062,33.489098],[-112.090359,33.489093],[-112.090332,33.489094],[-112.090336,33.489266],[-112.090024,33.489262],[-112.090021,33.48914],[-112.089985,33.489138],[-112.0897,33.489137],[-112.089656,33.489139],[-112.089646,33.489297],[-112.089602,33.489297],[-112.08954,33.489295],[-112.089541,33.489181],[-112.089508,33.489181],[-112.089509,33.489046],[-112.089336,33.489044],[-112.089335,33.48908],[-112.089231,33.489079],[-112.089229,33.489015],[-112.089317,33.488999],[-112.089317,33.488891],[-112.089551,33.488894],[-112.089591,33.488901],[-112.089591,33.488872],[-112.089744,33.488874],[-112.089745,33.488828],[-112.089799,33.488829],[-112.089782,33.488893],[-112.089836,33.488893],[-112.089883,33.488894],[-112.089872,33.488837],[-112.089986,33.488839],[-112.089986,33.488872],[-112.090153,33.488884],[-112.090267,33.488887],[-112.090271,33.4889],[-112.090386,33.488902],[-112.090392,33.488936],[-112.090463,33.488921],[-112.090463,33.488958],[-112.090627,33.488959],[-112.090736,33.488958],[-112.090738,33.488786],[-112.091041,33.488782],[-112.091039,33.488858],[-112.09097,33.488859],[-112.090972,33.488993],[-112.09098,33.489066],[-112.090982,33.489201],[-112.091044,33.489202],[-112.091044,33.489272]]]}},{"type":"Feature","properties":{"kind":"vegetation","name":null,"osm":"way/225903445"},"geometry":{"type":"Polygon","coordinates":[[[-112.088495,33.490068],[-112.087799,33.490051],[-112.087634,33.490048],[-112.087032,33.490039],[-112.087032,33.488894],[-112.087035,33.488529],[-112.087036,33.488047],[-112.08708,33.488048],[-112.087145,33.488048],[-112.087221,33.488051],[-112.087271,33.488053],[-112.08739,33.488062],[-112.087513,33.488085],[-112.087631,33.488128],[-112.087694,33.488162],[-112.087794,33.488222],[-112.087887,33.488292],[-112.087983,33.488381],[-112.088095,33.488566],[-112.088126,33.488659],[-112.088157,33.488739],[-112.08818,33.488826],[-112.088365,33.48882],[-112.088364,33.488809],[-112.088486,33.488807],[-112.088489,33.488846],[-112.088498,33.488845],[-112.088498,33.488985],[-112.088475,33.489034],[-112.088475,33.489117],[-112.088504,33.489241],[-112.088502,33.489541],[-112.088496,33.489582],[-112.088495,33.490068]]]}},{"type":"Feature","properties":{"kind":"vegetation","name":null,"osm":"way/225981820"},"geometry":{"type":"Polygon","coordinates":[[[-112.087217,33.487816],[-112.087216,33.487799],[-112.087131,33.487798],[-112.087095,33.487805],[-112.087082,33.487816],[-112.087061,33.487839],[-112.087057,33.487876],[-112.087051,33.488043],[-112.08709,33.488044],[-112.087148,33.488044],[-112.087218,33.488047],[-112.087222,33.487992],[-112.087219,33.487912],[-112.087217,33.487816]]]}},{"type":"Feature","properties":{"kind":"vegetation","name":null,"osm":"way/225981821"},"geometry":{"type":"Polygon","coordinates":[[[-112.088358,33.487989],[-112.088259,33.487922],[-112.088255,33.487806],[-112.088256,33.48779],[-112.088812,33.487796],[-112.088856,33.487799],[-112.088916,33.487837],[-112.088946,33.487927],[-112.088597,33.48792],[-112.088571,33.487904],[-112.08846,33.487903],[-112.088472,33.48793],[-112.088358,33.487929],[-112.088358,33.487989]]]}},{"type":"Feature","properties":{"kind":"vegetation","name":null,"osm":"way/225999392"},"geometry":{"type":"Polygon","coordinates":[[[-112.091173,33.488428],[-112.091173,33.487917],[-112.091105,33.487912],[-112.091106,33.487868],[-112.090523,33.487864],[-112.090527,33.487842],[-112.091124,33.48785],[-112.091183,33.487851],[-112.091231,33.48789],[-112.091239,33.487899],[-112.091249,33.487899],[-112.091253,33.487901],[-112.091253,33.488429],[-112.091245,33.48843],[-112.091173,33.488428]]]}},{"type":"Feature","properties":{"kind":"vegetation","name":null,"osm":"way/226043129"},"geometry":{"type":"Polygon","coordinates":[[[-112.088691,33.490902],[-112.088599,33.490902],[-112.088599,33.490789],[-112.088692,33.49079],[-112.088691,33.490902]]]}},{"type":"Feature","properties":{"kind":"vegetation","name":null,"osm":"way/226043130"},"geometry":{"type":"Polygon","coordinates":[[[-112.088559,33.490901],[-112.08823,33.490899],[-112.08824,33.490466],[-112.088565,33.490473],[-112.088564,33.490497],[-112.088559,33.490901]]]}},{"type":"Feature","properties":{"kind":"vegetation","name":null,"osm":"way/226043131"},"geometry":{"type":"Polygon","coordinates":[[[-112.088549,33.490472],[-112.08824,33.490466],[-112.08824,33.49038],[-112.088513,33.490383],[-112.088549,33.490383],[-112.088549,33.490472]]]}},{"type":"Feature","properties":{"kind":"vegetation","name":null,"osm":"way/226043132"},"geometry":{"type":"Polygon","coordinates":[[[-112.088191,33.490899],[-112.087651,33.490894],[-112.087653,33.490809],[-112.088188,33.490813],[-112.088191,33.490899]]]}},{"type":"Feature","properties":{"kind":"vegetation","name":null,"osm":"way/226043133"},"geometry":{"type":"Polygon","coordinates":[[[-112.087611,33.490894],[-112.08736,33.490892],[-112.087361,33.490807],[-112.087611,33.490809],[-112.087611,33.490894]]]}},{"type":"Feature","properties":{"kind":"vegetation","name":null,"osm":"way/226043134"},"geometry":{"type":"Polygon","coordinates":[[[-112.088192,33.490693],[-112.087636,33.490693],[-112.087629,33.490641],[-112.087822,33.490644],[-112.087823,33.490585],[-112.088196,33.490588],[-112.088192,33.490693]]]}},{"type":"Feature","properties":{"kind":"vegetation","name":null,"osm":"way/226043135"},"geometry":{"type":"Polygon","coordinates":[[[-112.088198,33.490477],[-112.08763,33.490472],[-112.087631,33.490376],[-112.087653,33.490375],[-112.088198,33.49038],[-112.088198,33.490477]]]}},{"type":"Feature","properties":{"kind":"vegetation","name":null,"osm":"way/226043136"},"geometry":{"type":"Polygon","coordinates":[[[-112.087044,33.491119],[-112.087052,33.490195],[-112.087146,33.490193],[-112.08715,33.490299],[-112.087602,33.490305],[-112.087632,33.490311],[-112.087632,33.490335],[-112.087631,33.490376],[-112.08763,33.490472],[-112.087631,33.490471],[-112.08763,33.490522],[-112.087575,33.490528],[-112.087534,33.490543],[-112.087505,33.490553],[-112.087483,33.49057],[-112.087463,33.490591],[-112.087449,33.490617],[-112.08744,33.490641],[-112.087435,33.490671],[-112.087436,33.490701],[-112.087223,33.490693],[-112.087225,33.491015],[-112.087312,33.491016],[-112.087305,33.491194],[-112.08713,33.491191],[-112.087095,33.491176],[-112.087067,33.491157],[-112.087044,33.491119]]]}},{"type":"Feature","properties":{"kind":"vegetation","name":null,"osm":"way/226044648"},"geometry":{"type":"Polygon","coordinates":[[[-112.087415,33.491203],[-112.087415,33.491164],[-112.088554,33.491173],[-112.088549,33.491211],[-112.087415,33.491203]]]}},{"type":"Feature","properties":{"kind":"vegetation","name":null,"osm":"way/226044649"},"geometry":{"type":"Polygon","coordinates":[[[-112.088699,33.491204],[-112.0887,33.491048],[-112.088868,33.491045],[-112.088886,33.491031],[-112.089066,33.49103],[-112.08906,33.491152],[-112.089049,33.491194],[-112.089006,33.491207],[-112.088699,33.491204]]]}},{"type":"Feature","properties":{"kind":"vegetation","name":null,"osm":"way/226044650"},"geometry":{"type":"Polygon","coordinates":[[[-112.089064,33.490865],[-112.089031,33.490864],[-112.089029,33.490411],[-112.089063,33.490411],[-112.089064,33.490865]]]}},{"type":"Feature","properties":{"kind":"vegetation","name":null,"osm":"way/226212225"},"geometry":{"type":"Polygon","coordinates":[[[-112.087851,33.507118],[-112.087739,33.507118],[-112.087742,33.506689],[-112.087755,33.506659],[-112.087779,33.506648],[-112.087804,33.506644],[-112.088013,33.506644],[-112.088054,33.50665],[-112.088078,33.506665],[-112.088092,33.506683],[-112.088095,33.507115],[-112.087989,33.507116],[-112.087953,33.507083],[-112.087876,33.507084],[-112.087851,33.507118]]]}},{"type":"Feature","properties":{"kind":"vegetation","name":null,"osm":"way/226212226"},"geometry":{"type":"Polygon","coordinates":[[[-112.088203,33.507102],[-112.088166,33.507103],[-112.088147,33.507098],[-112.088134,33.507086],[-112.088132,33.506806],[-112.088136,33.506627],[-112.088157,33.506626],[-112.088202,33.506634],[-112.088227,33.506655],[-112.088258,33.506681],[-112.088272,33.506704],[-112.088169,33.506703],[-112.088168,33.506788],[-112.088168,33.506876],[-112.088448,33.506876],[-112.088449,33.506787],[-112.088515,33.506787],[-112.088559,33.507008],[-112.088418,33.507008],[-112.088323,33.507009],[-112.088323,33.506973],[-112.088203,33.506973],[-112.088203,33.507102]]]}},{"type":"Feature","properties":{"kind":"vegetation","name":null,"osm":"way/226212227"},"geometry":{"type":"Polygon","coordinates":[[[-112.087656,33.50706],[-112.087668,33.507048],[-112.087684,33.50703],[-112.087674,33.507013],[-112.087648,33.506994],[-112.087611,33.506981],[-112.087566,33.506979],[-112.08754,33.506981],[-112.087529,33.507004],[-112.087527,33.507023],[-112.087544,33.507043],[-112.087655,33.507042],[-112.087656,33.50706]]]}},{"type":"Feature","properties":{"kind":"vegetation","name":null,"osm":"way/226212228"},"geometry":{"type":"Polygon","coordinates":[[[-112.087688,33.506947],[-112.087646,33.506957],[-112.087636,33.506966],[-112.087658,33.506981],[-112.087676,33.506989],[-112.087689,33.506989],[-112.087699,33.506985],[-112.0877,33.50695],[-112.087688,33.506947]]]}},{"type":"Feature","properties":{"kind":"vegetation","name":null,"osm":"way/226212229"},"geometry":{"type":"Polygon","coordinates":[[[-112.087645,33.50692],[-112.08769,33.506917],[-112.087699,33.50691],[-112.0877,33.506901],[-112.087698,33.50678],[-112.087693,33.506772],[-112.087679,33.506767],[-112.087643,33.50677],[-112.087645,33.50692]]]}},{"type":"Feature","properties":{"kind":"vegetation","name":null,"osm":"way/226212230"},"geometry":{"type":"Polygon","coordinates":[[[-112.087642,33.50674],[-112.087685,33.506739],[-112.087696,33.506738],[-112.087697,33.506723],[-112.087696,33.506652],[-112.087694,33.506638],[-112.087677,33.506635],[-112.087654,33.50664],[-112.087654,33.506654],[-112.087545,33.506655],[-112.087544,33.506597],[-112.087511,33.506596],[-112.087502,33.506606],[-112.08749,33.506618],[-112.087491,33.506638],[-112.087494,33.506665],[-112.087507,33.506676],[-112.087559,33.506692],[-112.087595,33.506709],[-112.087642,33.50674]]]}},{"type":"Feature","properties":{"kind":"vegetation","name":null,"osm":"way/226212231"},"geometry":{"type":"Polygon","coordinates":[[[-112.088021,33.506479],[-112.088004,33.506613],[-112.08803,33.506612],[-112.088058,33.506598],[-112.088066,33.506584],[-112.088069,33.506417],[-112.088021,33.506422],[-112.088021,33.506479]]]}},{"type":"Feature","properties":{"kind":"vegetation","name":null,"osm":"way/226212232"},"geometry":{"type":"Polygon","coordinates":[[[-112.087218,33.506742],[-112.087216,33.50657],[-112.087351,33.506445],[-112.087679,33.506444],[-112.087704,33.506453],[-112.087716,33.506468],[-112.087718,33.506595],[-112.087674,33.506598],[-112.087692,33.506571],[-112.08769,33.506477],[-112.087364,33.50648],[-112.087366,33.506573],[-112.087293,33.506574],[-112.087295,33.506741],[-112.087218,33.506742]]]}},{"type":"Feature","properties":{"kind":"vegetation","name":null,"osm":"way/226212233"},"geometry":{"type":"Polygon","coordinates":[[[-112.087357,33.506399],[-112.08736,33.506314],[-112.087367,33.506306],[-112.087376,33.506299],[-112.08746,33.506303],[-112.087461,33.506408],[-112.087455,33.506415],[-112.087378,33.506414],[-112.08736,33.506407],[-112.087357,33.506399]]]}},{"type":"Feature","properties":{"kind":"vegetation","name":null,"osm":"way/226212234"},"geometry":{"type":"Polygon","coordinates":[[[-112.087497,33.506246],[-112.087367,33.506242],[-112.087362,33.506108],[-112.0875,33.50611],[-112.087512,33.506114],[-112.087528,33.506221],[-112.087498,33.506222],[-112.087497,33.506246]]]}},{"type":"Feature","properties":{"kind":"vegetation","name":null,"osm":"way/226212235"},"geometry":{"type":"Polygon","coordinates":[[[-112.087561,33.506221],[-112.087546,33.506112],[-112.087585,33.506111],[-112.087606,33.506112],[-112.087614,33.506117],[-112.08763,33.506152],[-112.087597,33.506152],[-112.087596,33.50622],[-112.087561,33.506221]]]}},{"type":"Feature","properties":{"kind":"vegetation","name":null,"osm":"way/226212236"},"geometry":{"type":"Polygon","coordinates":[[[-112.08777,33.506152],[-112.087756,33.506113],[-112.088068,33.506113],[-112.08807,33.506244],[-112.087948,33.506251],[-112.087947,33.506244],[-112.087881,33.506244],[-112.087875,33.506178],[-112.08777,33.506181],[-112.08777,33.506152]]]}},{"type":"Feature","properties":{"kind":"vegetation","name":null,"osm":"way/226212237"},"geometry":{"type":"Polygon","coordinates":[[[-112.088561,33.506403],[-112.088515,33.506403],[-112.088516,33.506229],[-112.088442,33.506229],[-112.088442,33.506137],[-112.088229,33.506136],[-112.088229,33.506221],[-112.088163,33.506221],[-112.088163,33.506319],[-112.088273,33.506316],[-112.088301,33.506316],[-112.0883,33.506255],[-112.088356,33.506255],[-112.088357,33.506405],[-112.088181,33.506403],[-112.088127,33.506397],[-112.088124,33.506112],[-112.088547,33.50611],[-112.088561,33.506403]]]}},{"type":"Feature","properties":{"kind":"vegetation","name":null,"osm":"way/226212238"},"geometry":{"type":"Polygon","coordinates":[[[-112.088139,33.507339],[-112.08812,33.507339],[-112.08812,33.507217],[-112.087824,33.507217],[-112.087824,33.507292],[-112.087811,33.507292],[-112.0878,33.50718],[-112.087851,33.507185],[-112.08799,33.507185],[-112.088114,33.507187],[-112.088122,33.507189],[-112.088139,33.507339]]]}},{"type":"Feature","properties":{"kind":"vegetation","name":null,"osm":"way/226212239"},"geometry":{"type":"Polygon","coordinates":[[[-112.08814,33.507493],[-112.088139,33.507366],[-112.088168,33.507361],[-112.088183,33.507366],[-112.088197,33.507375],[-112.0882,33.507489],[-112.08814,33.507493]]]}},{"type":"Feature","properties":{"kind":"vegetation","name":null,"osm":"way/226212240"},"geometry":{"type":"Polygon","coordinates":[[[-112.088266,33.507308],[-112.088252,33.507395],[-112.088318,33.507478],[-112.088324,33.507395],[-112.088319,33.507395],[-112.088319,33.507308],[-112.088291,33.507308],[-112.088266,33.507308]]]}},{"type":"Feature","properties":{"kind":"vegetation","name":null,"osm":"way/226213482"},"geometry":{"type":"Polygon","coordinates":[[[-112.086997,33.507494],[-112.086993,33.506684],[-112.087049,33.506682],[-112.087088,33.506696],[-112.087099,33.50673],[-112.087101,33.507466],[-112.087074,33.507487],[-112.087054,33.507496],[-112.086997,33.507494]]]}},{"type":"Feature","properties":{"kind":"vegetation","name":null,"osm":"way/226337631"},"geometry":{"type":"Polygon","coordinates":[[[-112.088628,33.509292],[-112.08835,33.509283],[-112.088347,33.509329],[-112.087987,33.509316],[-112.087424,33.509304],[-112.087269,33.509301],[-112.087268,33.509258],[-112.087016,33.509207],[-112.087001,33.507835],[-112.087015,33.507803],[-112.087172,33.507766],[-112.087287,33.507738],[-112.08735,33.507808],[-112.088624,33.507818],[-112.088626,33.508564],[-112.088628,33.509292]]]}},{"type":"Feature","properties":{"kind":"water","name":"Demonstration Wetland","osm":"way/232990922"},"geometry":{"type":"Polygon","coordinates":[[[-112.073129,33.422721],[-112.072993,33.422717],[-112.07285,33.422751],[-112.072779,33.422794],[-112.072538,33.422852],[-112.072319,33.422857],[-112.072129,33.422897],[-112.071869,33.42286],[-112.071707,33.422858],[-112.071533,33.422877],[-112.071496,33.422904],[-112.071527,33.422933],[-112.071649,33.422983],[-112.072007,33.423042],[-112.072374,33.423167],[-112.072483,33.423169],[-112.072689,33.423125],[-112.072831,33.423052],[-112.072938,33.422967],[-112.073126,33.422816],[-112.073154,33.422747],[-112.073129,33.422721]]]}},{"type":"Feature","properties":{"kind":"vegetation","name":null,"osm":"way/232990924"},"geometry":{"type":"Polygon","coordinates":[[[-112.070791,33.421642],[-112.07071,33.421522],[-112.070545,33.421385],[-112.070359,33.421331],[-112.069818,33.421256],[-112.069295,33.421216],[-112.068665,33.42113],[-112.068367,33.421218],[-112.06834,33.421286],[-112.068574,33.421426],[-112.069163,33.421506],[-112.069752,33.421491],[-112.06998,33.421587],[-112.070497,33.421647],[-112.070791,33.421642]]]}},{"type":"Feature","properties":{"kind":"water","name":null,"osm":"way/232990936"},"geometry":{"type":"Polygon","coordinates":[[[-112.078659,33.419993],[-112.078791,33.420032],[-112.078824,33.420051],[-112.078849,33.420113],[-112.078813,33.420157],[-112.078734,33.420193],[-112.078655,33.420254],[-112.078561,33.420388],[-112.078502,33.420439],[-112.078403,33.42059],[-112.078313,33.42066],[-112.078194,33.420694],[-112.078135,33.420682],[-112.078053,33.420612],[-112.078035,33.420549],[-112.078088,33.420398],[-112.078182,33.420308],[-112.078227,33.420301],[-112.0783,33.420313],[-112.078407,33.420299],[-112.078503,33.420269],[-112.078534,33.420227],[-112.078545,33.420133],[-112.078551,33.420077],[-112.078581,33.420014],[-112.078659,33.419993]]]}},{"type":"Feature","properties":{"kind":"water","name":null,"osm":"way/232990938"},"geometry":{"type":"Polygon","coordinates":[[[-112.080721,33.418904],[-112.080569,33.418979],[-112.080426,33.419023],[-112.080242,33.419099],[-112.079889,33.419319],[-112.079668,33.419441],[-112.079538,33.419565],[-112.079379,33.419741],[-112.079205,33.419836],[-112.079082,33.419826],[-112.078998,33.419785],[-112.078942,33.419734],[-112.078928,33.419678],[-112.078956,33.419606],[-112.07915,33.419507],[-112.079346,33.419445],[-112.079483,33.419377],[-112.079898,33.419167],[-112.0803,33.419],[-112.080579,33.418864],[-112.080664,33.418839],[-112.080719,33.418867],[-112.080721,33.418904]]]}},{"type":"Feature","properties":{"kind":"water","name":null,"osm":"way/232990942"},"geometry":{"type":"Polygon","coordinates":[[[-112.07738,33.420819],[-112.077387,33.420863],[-112.077384,33.420889],[-112.077268,33.420969],[-112.077121,33.42104],[-112.077105,33.421072],[-112.07709,33.421137],[-112.077026,33.421163],[-112.076962,33.421164],[-112.07691,33.421143],[-112.07686,33.42114],[-112.076669,33.421228],[-112.076562,33.421224],[-112.07642,33.421242],[-112.076313,33.421299],[-112.07621,33.421313],[-112.07601,33.421277],[-112.075811,33.421293],[-112.075701,33.421372],[-112.075537,33.421403],[-112.075421,33.421397],[-112.07535,33.421378],[-112.075329,33.421338],[-112.075423,33.421121],[-112.075485,33.42109],[-112.075652,33.421083],[-112.075824,33.421091],[-112.075898,33.421073],[-112.075961,33.421029],[-112.07609,33.421037],[-112.076108,33.421055],[-112.076141,33.421153],[-112.076173,33.421175],[-112.076261,33.421178],[-112.076421,33.421143],[-112.076613,33.421149],[-112.076718,33.421092],[-112.076806,33.420955],[-112.076867,33.420897],[-112.076994,33.420896],[-112.07705,33.420874],[-112.077172,33.420792],[-112.077274,33.420769],[-112.077362,33.420779],[-112.07738,33.420819]]]}},{"type":"Feature","properties":{"kind":"water","name":null,"osm":"way/232990964"},"geometry":{"type":"Polygon","coordinates":[[[-112.081949,33.418241],[-112.081898,33.418252],[-112.081625,33.418391],[-112.081612,33.418449],[-112.081639,33.418514],[-112.081681,33.418529],[-112.081772,33.418523],[-112.081848,33.418472],[-112.081916,33.418456],[-112.081975,33.418422],[-112.082009,33.418372],[-112.082022,33.41832],[-112.082007,33.418268],[-112.081949,33.418241]]]}},{"type":"Feature","properties":{"kind":"vegetation","name":"Coronado Park","osm":"way/238138338"},"geometry":{"type":"Polygon","coordinates":[[[-112.054315,33.467157],[-112.056301,33.467153],[-112.056331,33.46927],[-112.056318,33.469296],[-112.056297,33.469311],[-112.056273,33.469314],[-112.054375,33.469316],[-112.054338,33.469308],[-112.054315,33.469288],[-112.054309,33.46926],[-112.054315,33.467157]]]}},{"type":"Feature","properties":{"kind":"water","name":null,"osm":"way/258298391"},"geometry":{"type":"Polygon","coordinates":[[[-112.07248,33.419236],[-112.072497,33.419234],[-112.072515,33.419236],[-112.07253,33.41926],[-112.072541,33.419294],[-112.072532,33.419306],[-112.072474,33.419338],[-112.072368,33.419423],[-112.072341,33.419435],[-112.0723,33.419435],[-112.072211,33.419482],[-112.072176,33.419491],[-112.072088,33.419493],[-112.072039,33.419484],[-112.072015,33.419472],[-112.071915,33.41945],[-112.071895,33.419464],[-112.071868,33.419498],[-112.071849,33.419505],[-112.0718,33.419513],[-112.071781,33.419507],[-112.071766,33.419492],[-112.071737,33.419412],[-112.071742,33.419375],[-112.071758,33.419342],[-112.071782,33.41931],[-112.071831,33.419277],[-112.072149,33.419201],[-112.072338,33.419211],[-112.072357,33.419242],[-112.07236,33.419276],[-112.072373,33.419307],[-112.07244,33.419303],[-112.072473,33.419294],[-112.07248,33.419236]]]}},{"type":"Feature","properties":{"kind":"water","name":null,"osm":"way/258342039"},"geometry":{"type":"Polygon","coordinates":[[[-112.081641,33.420559],[-112.08166,33.420578],[-112.081667,33.420606],[-112.08164,33.420637],[-112.081607,33.42066],[-112.081551,33.420704],[-112.081455,33.420747],[-112.081404,33.420775],[-112.081362,33.420794],[-112.081303,33.4208],[-112.08125,33.42079],[-112.081216,33.420759],[-112.081208,33.42072],[-112.081204,33.420673],[-112.08119,33.420615],[-112.081189,33.420564],[-112.081193,33.420536],[-112.081227,33.420492],[-112.081276,33.420476],[-112.081345,33.420459],[-112.081413,33.420447],[-112.08148,33.42047],[-112.081529,33.4205],[-112.08156,33.420525],[-112.08162,33.420537],[-112.081641,33.420559]]]}},{"type":"Feature","properties":{"kind":"water","name":null,"osm":"way/258342043"},"geometry":{"type":"Polygon","coordinates":[[[-112.063963,33.419469],[-112.063875,33.419511],[-112.063778,33.419492],[-112.0637,33.419477],[-112.063608,33.419492],[-112.063548,33.419517],[-112.063505,33.419562],[-112.063454,33.419633],[-112.063395,33.419678],[-112.063355,33.419694],[-112.063315,33.419705],[-112.063266,33.419703],[-112.063217,33.419688],[-112.063176,33.419668],[-112.063152,33.419655],[-112.063132,33.419632],[-112.06311,33.41961],[-112.063101,33.419583],[-112.063095,33.419547],[-112.063103,33.419502],[-112.063125,33.419466],[-112.063166,33.419423],[-112.063203,33.419399],[-112.063232,33.419386],[-112.063271,33.419378],[-112.063323,33.419375],[-112.063349,33.41938],[-112.06339,33.419378],[-112.063434,33.419359],[-112.063477,33.419322],[-112.063531,33.419299],[-112.063582,33.419288],[-112.063612,33.419288],[-112.063638,33.419296],[-112.06366,33.419308],[-112.063676,33.419319],[-112.063692,33.41936],[-112.063732,33.419366],[-112.063786,33.419338],[-112.063853,33.419327],[-112.063914,33.419348],[-112.063955,33.41938],[-112.063973,33.419413],[-112.063963,33.419469]]]}},{"type":"Feature","properties":{"kind":"water","name":null,"osm":"way/260310777"},"geometry":{"type":"Polygon","coordinates":[[[-112.056053,33.421485],[-112.056037,33.421501],[-112.055953,33.421534],[-112.055812,33.421604],[-112.055766,33.421602],[-112.055719,33.421558],[-112.055652,33.421492],[-112.055557,33.421426],[-112.05549,33.4214],[-112.055426,33.421365],[-112.055391,33.421341],[-112.055432,33.421329],[-112.055534,33.421352],[-112.05564,33.421372],[-112.055757,33.421404],[-112.055949,33.421452],[-112.056033,33.421475],[-112.056053,33.421485]]]}},{"type":"Feature","properties":{"kind":"vegetation","name":"Encanto 9 Hole Executive Golf Course","osm":"way/262279510"},"geometry":{"type":"Polygon","coordinates":[[[-112.098665,33.476916],[-112.098665,33.475062],[-112.099875,33.475077],[-112.099881,33.473385],[-112.099881,33.473344],[-112.099851,33.473318],[-112.099818,33.473302],[-112.099782,33.473301],[-112.096931,33.473321],[-112.096067,33.473298],[-112.095746,33.473281],[-112.095692,33.473325],[-112.095697,33.474569],[-112.09567,33.47546],[-112.095649,33.476874],[-112.096177,33.47715],[-112.098665,33.476916]]]}},{"type":"Feature","properties":{"kind":"vegetation","name":null,"osm":"way/274664103"},"geometry":{"type":"Polygon","coordinates":[[[-111.996855,33.514019],[-111.996855,33.513689],[-111.996357,33.51369],[-111.996129,33.513689],[-111.996129,33.514019],[-111.996855,33.514019]]]}},{"type":"Feature","properties":{"kind":"vegetation","name":"Kachina Park","osm":"way/286188272"},"geometry":{"type":"Polygon","coordinates":[[[-111.991053,33.503237],[-111.990933,33.503233],[-111.989607,33.503188],[-111.989639,33.502567],[-111.989651,33.50235],[-111.989965,33.502362],[-111.990353,33.502377],[-111.990988,33.502399],[-111.991016,33.502401],[-111.991036,33.502408],[-111.991056,33.502424],[-111.991064,33.502442],[-111.991053,33.503237]]]}},{"type":"Feature","properties":{"kind":"vegetation","name":"Pueblo Grande Museum and Archaeological Park","osm":"way/288584206"},"geometry":{"type":"Polygon","coordinates":[[[-111.986941,33.443792],[-111.986941,33.443869],[-111.985812,33.443806],[-111.985239,33.443777],[-111.984207,33.443697],[-111.982734,33.443607],[-111.982308,33.443575],[-111.98186,33.443471],[-111.981252,33.443301],[-111.981115,33.443159],[-111.98107,33.442627],[-111.980565,33.441228],[-111.980283,33.440237],[-111.982779,33.440307],[-111.982921,33.440291],[-111.983054,33.440274],[-111.984256,33.440257],[-111.984804,33.440469],[-111.986615,33.441154],[-111.986757,33.441213],[-111.986994,33.441387],[-111.987166,33.441655],[-111.987212,33.441846],[-111.987208,33.44251],[-111.987207,33.443232],[-111.9872,33.443795],[-111.986941,33.443792]]]}},{"type":"Feature","properties":{"kind":"vegetation","name":"Pueblo Grande Museum and Archaeological Park","osm":"way/288584207"},"geometry":{"type":"Polygon","coordinates":[[[-111.986887,33.444425],[-111.985474,33.444336],[-111.98418,33.444255],[-111.984145,33.444628],[-111.986845,33.445928],[-111.986931,33.444991],[-111.986887,33.444425]]]}},{"type":"Feature","properties":{"kind":"vegetation","name":null,"osm":"way/319477375"},"geometry":{"type":"Polygon","coordinates":[[[-112.073509,33.467888],[-112.073416,33.467888],[-112.073417,33.467588],[-112.073517,33.467588],[-112.073517,33.467626],[-112.073484,33.467626],[-112.073484,33.467661],[-112.073511,33.467661],[-112.073509,33.467888]]]}},{"type":"Feature","properties":{"kind":"vegetation","name":"University Park","osm":"way/357170792"},"geometry":{"type":"Polygon","coordinates":[[[-112.088332,33.451445],[-112.086468,33.451458],[-112.086425,33.451465],[-112.086408,33.451476],[-112.086403,33.451499],[-112.086405,33.45232],[-112.086409,33.453218],[-112.086415,33.453236],[-112.086438,33.453254],[-112.086466,33.453269],[-112.088326,33.453259],[-112.088364,33.453247],[-112.088391,33.453207],[-112.088383,33.451504],[-112.088379,33.451469],[-112.088359,33.451451],[-112.088332,33.451445]]]}},{"type":"Feature","properties":{"kind":"vegetation","name":"Steele Indian School Park","osm":"way/361131405"},"geometry":{"type":"Polygon","coordinates":[[[-112.071529,33.494955],[-112.071528,33.495034],[-112.071516,33.497252],[-112.072356,33.497957],[-112.07288,33.497958],[-112.073465,33.497962],[-112.073536,33.497962],[-112.073599,33.497962],[-112.073609,33.498155],[-112.073608,33.498518],[-112.073558,33.498518],[-112.072003,33.498507],[-112.072,33.499193],[-112.072001,33.499894],[-112.071993,33.501222],[-112.071988,33.50203],[-112.068517,33.502012],[-112.067102,33.502006],[-112.067067,33.502005],[-112.067071,33.500409],[-112.067071,33.500325],[-112.067071,33.500313],[-112.067079,33.49898],[-112.067081,33.498388],[-112.067541,33.498393],[-112.068133,33.497908],[-112.06821,33.497845],[-112.068253,33.49781],[-112.068896,33.497275],[-112.068919,33.497255],[-112.068959,33.497226],[-112.069198,33.497027],[-112.069184,33.495183],[-112.069192,33.494862],[-112.069646,33.494869],[-112.071529,33.494888],[-112.071529,33.494955]]]}},{"type":"Feature","properties":{"kind":"vegetation","name":"Longview Park","osm":"way/361132951"},"geometry":{"type":"Polygon","coordinates":[[[-112.053157,33.494533],[-112.053159,33.494496],[-112.053117,33.494485],[-112.053116,33.494175],[-112.053114,33.493563],[-112.053072,33.493544],[-112.05301,33.493462],[-112.052966,33.493471],[-112.052472,33.493469],[-112.052425,33.493457],[-112.052393,33.493434],[-112.052393,33.493458],[-112.051987,33.493458],[-112.051987,33.493402],[-112.051528,33.493403],[-112.051524,33.493403],[-112.051522,33.493587],[-112.051522,33.493639],[-112.051522,33.493656],[-112.051522,33.494097],[-112.051519,33.494558],[-112.051531,33.494577],[-112.052567,33.49458],[-112.052942,33.494577],[-112.052963,33.494575],[-112.05301,33.494557],[-112.053052,33.494544],[-112.053085,33.494537],[-112.053157,33.494533]]]}},{"type":"Feature","properties":{"kind":"vegetation","name":"Madison Park","osm":"way/361132953"},"geometry":{"type":"Polygon","coordinates":[[[-112.051815,33.500167],[-112.049682,33.500155],[-112.048948,33.500151],[-112.04775,33.500151],[-112.047692,33.500151],[-112.047699,33.499615],[-112.0477,33.499441],[-112.047701,33.499272],[-112.047705,33.498393],[-112.047711,33.498364],[-112.047734,33.498343],[-112.047775,33.498335],[-112.049742,33.49834],[-112.049915,33.498344],[-112.050084,33.498353],[-112.050263,33.498372],[-112.050435,33.498397],[-112.050847,33.498447],[-112.051051,33.498458],[-112.051178,33.49846],[-112.051741,33.498463],[-112.051781,33.498486],[-112.05181,33.498517],[-112.051825,33.498561],[-112.051815,33.500167]]]}},{"type":"Feature","properties":{"kind":"water","name":null,"osm":"way/384895011"},"geometry":{"type":"Polygon","coordinates":[[[-112.002698,33.458657],[-112.004771,33.458566],[-112.004913,33.458413],[-112.004913,33.45825],[-112.004861,33.458108],[-112.002645,33.456538],[-112.002698,33.458657]]]}},{"type":"Feature","properties":{"kind":"vegetation","name":null,"osm":"way/386589754"},"geometry":{"type":"Polygon","coordinates":[[[-112.072203,33.444934],[-112.072121,33.444934],[-112.072043,33.444933],[-112.072043,33.444558],[-112.072052,33.444558],[-112.072061,33.444558],[-112.072061,33.444686],[-112.072146,33.444686],[-112.072146,33.44467],[-112.072204,33.444671],[-112.072204,33.444695],[-112.07216,33.444695],[-112.072159,33.444797],[-112.072203,33.444797],[-112.072203,33.444934]]]}},{"type":"Feature","properties":{"kind":"vegetation","name":null,"osm":"way/386667675"},"geometry":{"type":"Polygon","coordinates":[[[-112.081594,33.44796],[-112.081568,33.447951],[-112.08158,33.447927],[-112.081606,33.447936],[-112.081594,33.44796]]]}},{"type":"Feature","properties":{"kind":"vegetation","name":null,"osm":"way/386667676"},"geometry":{"type":"Polygon","coordinates":[[[-112.081617,33.447915],[-112.081591,33.447906],[-112.081604,33.447882],[-112.081629,33.447891],[-112.081617,33.447915]]]}},{"type":"Feature","properties":{"kind":"vegetation","name":null,"osm":"way/386667678"},"geometry":{"type":"Polygon","coordinates":[[[-112.081552,33.44805],[-112.081527,33.448041],[-112.081539,33.448017],[-112.081565,33.448026],[-112.081552,33.44805]]]}},{"type":"Feature","properties":{"kind":"vegetation","name":null,"osm":"way/386667680"},"geometry":{"type":"Polygon","coordinates":[[[-112.08166,33.447823],[-112.081635,33.447813],[-112.081647,33.447789],[-112.081673,33.447798],[-112.08166,33.447823]]]}},{"type":"Feature","properties":{"kind":"vegetation","name":null,"osm":"way/386667681"},"geometry":{"type":"Polygon","coordinates":[[[-112.081635,33.447869],[-112.08161,33.44786],[-112.081622,33.447835],[-112.081648,33.447845],[-112.081635,33.447869]]]}},{"type":"Feature","properties":{"kind":"vegetation","name":null,"osm":"way/386667683"},"geometry":{"type":"Polygon","coordinates":[[[-112.081574,33.448003],[-112.081548,33.447994],[-112.08156,33.44797],[-112.081586,33.447979],[-112.081574,33.448003]]]}},{"type":"Feature","properties":{"kind":"vegetation","name":null,"osm":"way/386667684"},"geometry":{"type":"Polygon","coordinates":[[[-112.082063,33.447807],[-112.082035,33.447806],[-112.082037,33.44778],[-112.082065,33.447781],[-112.082063,33.447807]]]}},{"type":"Feature","properties":{"kind":"vegetation","name":null,"osm":"way/386667686"},"geometry":{"type":"Polygon","coordinates":[[[-112.082052,33.44786],[-112.082024,33.447859],[-112.082026,33.447832],[-112.082054,33.447834],[-112.082052,33.44786]]]}},{"type":"Feature","properties":{"kind":"vegetation","name":null,"osm":"way/386667687"},"geometry":{"type":"Polygon","coordinates":[[[-112.082047,33.447907],[-112.08202,33.447905],[-112.082022,33.447879],[-112.082049,33.44788],[-112.082047,33.447907]]]}},{"type":"Feature","properties":{"kind":"vegetation","name":null,"osm":"way/386667689"},"geometry":{"type":"Polygon","coordinates":[[[-112.082029,33.448],[-112.082001,33.447999],[-112.082003,33.447972],[-112.082031,33.447974],[-112.082029,33.448]]]}},{"type":"Feature","properties":{"kind":"vegetation","name":null,"osm":"way/386667690"},"geometry":{"type":"Polygon","coordinates":[[[-112.082037,33.447953],[-112.082009,33.447952],[-112.082011,33.447925],[-112.082039,33.447927],[-112.082037,33.447953]]]}},{"type":"Feature","properties":{"kind":"vegetation","name":null,"osm":"way/386667691"},"geometry":{"type":"Polygon","coordinates":[[[-112.082022,33.448055],[-112.081994,33.448053],[-112.081996,33.448027],[-112.082024,33.448029],[-112.082022,33.448055]]]}},{"type":"Feature","properties":{"kind":"vegetation","name":"Monterey Park","osm":"way/388610316"},"geometry":{"type":"Polygon","coordinates":[[[-112.068492,33.473967],[-112.068501,33.47309],[-112.068487,33.47309],[-112.067538,33.473087],[-112.067333,33.473087],[-112.06626,33.473084],[-112.066258,33.474021],[-112.066257,33.474762],[-112.067483,33.474767],[-112.067514,33.474767],[-112.067877,33.474769],[-112.067915,33.474744],[-112.067916,33.474721],[-112.06795,33.474722],[-112.067958,33.474722],[-112.067955,33.474035],[-112.067955,33.473964],[-112.068492,33.473967]]]}},{"type":"Feature","properties":{"kind":"vegetation","name":null,"osm":"way/404649214"},"geometry":{"type":"Polygon","coordinates":[[[-112.030596,33.430364],[-112.030617,33.429611],[-112.030614,33.428841],[-112.030608,33.42874],[-112.030578,33.428629],[-112.030529,33.428537],[-112.030486,33.428403],[-112.030441,33.428271],[-112.030404,33.428184],[-112.030361,33.428151],[-112.03031,33.428141],[-112.03024,33.428144],[-112.03017,33.428151],[-112.030057,33.428162],[-112.029926,33.428146],[-112.029826,33.428121],[-112.029732,33.42808],[-112.029628,33.428017],[-112.02954,33.427946],[-112.029446,33.427847],[-112.029321,33.427725],[-112.029233,33.427643],[-112.02915,33.42758],[-112.029068,33.427532],[-112.028977,33.427491],[-112.028807,33.427438],[-112.028524,33.427354],[-112.028448,33.427336],[-112.028353,33.427326],[-112.028201,33.427326],[-112.025538,33.427329],[-112.025533,33.42756],[-112.026614,33.427568],[-112.026807,33.427618],[-112.026974,33.427704],[-112.027058,33.427772],[-112.027129,33.42785],[-112.027191,33.427955],[-112.02722,33.428121],[-112.027227,33.428553],[-112.028429,33.428558],[-112.028423,33.429167],[-112.02723,33.429175],[-112.027221,33.429721],[-112.028407,33.429721],[-112.029555,33.429721],[-112.029622,33.429721],[-112.029719,33.429739],[-112.029799,33.429769],[-112.029862,33.429802],[-112.029942,33.429853],[-112.030204,33.430071],[-112.030575,33.430374],[-112.030596,33.430364]]]}},{"type":"Feature","properties":{"kind":"vegetation","name":null,"osm":"way/407720055"},"geometry":{"type":"Polygon","coordinates":[[[-112.005345,33.431803],[-112.005264,33.431825],[-112.005183,33.431844],[-112.005094,33.431857],[-112.004981,33.431869],[-112.004789,33.431888],[-112.004573,33.431905],[-112.004411,33.431914],[-112.004238,33.431905],[-112.004026,33.431881],[-112.003883,33.43186],[-112.003772,33.431832],[-112.003738,33.431816],[-112.003707,33.431788],[-112.003697,33.431748],[-112.0037,33.431695],[-112.003714,33.431665],[-112.003739,33.431639],[-112.003777,33.431614],[-112.003825,33.431593],[-112.003897,33.431566],[-112.004014,33.431528],[-112.004161,33.431485],[-112.004293,33.431453],[-112.004445,33.431428],[-112.004601,33.43141],[-112.004872,33.4314],[-112.005292,33.431396],[-112.005549,33.431394],[-112.005625,33.431396],[-112.005697,33.431411],[-112.005734,33.431443],[-112.005754,33.431484],[-112.005755,33.431536],[-112.005743,33.431573],[-112.005708,33.431608],[-112.005643,33.431658],[-112.005553,33.431712],[-112.005463,33.43176],[-112.005345,33.431803]]]}},{"type":"Feature","properties":{"kind":"vegetation","name":null,"osm":"way/424325914"},"geometry":{"type":"Polygon","coordinates":[[[-112.030604,33.430534],[-112.030604,33.430459],[-112.030569,33.430422],[-112.030151,33.430076],[-112.029839,33.429826],[-112.029758,33.429787],[-112.029649,33.429759],[-112.029502,33.42975],[-112.02746,33.429752],[-112.027224,33.429755],[-112.027226,33.430062],[-112.027538,33.43006],[-112.027537,33.430245],[-112.027417,33.430302],[-112.027355,33.430357],[-112.027319,33.430426],[-112.02731,33.430511],[-112.027317,33.430602],[-112.027363,33.430682],[-112.027422,33.43073],[-112.027526,33.430757],[-112.027723,33.43076],[-112.028424,33.430756],[-112.028424,33.431365],[-112.027551,33.431362],[-112.027551,33.431547],[-112.027716,33.431634],[-112.027714,33.43187],[-112.029732,33.431869],[-112.02972,33.43259],[-112.02981,33.432584],[-112.029892,33.432578],[-112.030002,33.43255],[-112.030098,33.432516],[-112.03018,33.432464],[-112.030232,33.432422],[-112.030285,33.432372],[-112.030341,33.432286],[-112.030385,33.432192],[-112.030499,33.431882],[-112.030611,33.431577],[-112.030656,33.431438],[-112.030673,33.431338],[-112.030684,33.431223],[-112.030682,33.431048],[-112.030675,33.430967],[-112.030608,33.430638],[-112.030604,33.430534]]]}},{"type":"Feature","properties":{"kind":"vegetation","name":null,"osm":"way/424325916"},"geometry":{"type":"Polygon","coordinates":[[[-112.004262,33.428544],[-112.004247,33.427824],[-112.003966,33.427928],[-112.003779,33.42798],[-112.003616,33.427999],[-112.003493,33.427997],[-112.001517,33.427843],[-112.001166,33.427836],[-111.998302,33.427833],[-111.998179,33.427838],[-111.998077,33.427858],[-111.994443,33.428709],[-111.994514,33.428894],[-111.994569,33.42896],[-111.994668,33.429016],[-111.994932,33.429141],[-111.995385,33.42936],[-111.995534,33.429448],[-111.995727,33.429592],[-111.995899,33.429741],[-112.0004,33.429741],[-112.000883,33.429707],[-112.000877,33.429153],[-112.000243,33.429146],[-112.000237,33.428543],[-112.004262,33.428544]]]}},{"type":"Feature","properties":{"kind":"vegetation","name":null,"osm":"way/431701323"},"geometry":{"type":"Polygon","coordinates":[[[-112.008032,33.431824],[-112.008214,33.431759],[-112.008395,33.43166],[-112.008489,33.43156],[-112.008505,33.431491],[-112.008458,33.431434],[-112.008369,33.431395],[-112.008094,33.431395],[-112.007715,33.431404],[-112.007325,33.431443],[-112.006941,33.431547],[-112.006748,33.431634],[-112.006701,33.43172],[-112.006738,33.431798],[-112.006857,33.43185],[-112.007122,33.431885],[-112.007398,33.431898],[-112.00773,33.431876],[-112.008032,33.431824]]]}},{"type":"Feature","properties":{"kind":"vegetation","name":null,"osm":"way/431780211"},"geometry":{"type":"Polygon","coordinates":[[[-111.995789,33.429744],[-111.995634,33.429608],[-111.995491,33.429495],[-111.995236,33.429366],[-111.994783,33.429147],[-111.994528,33.429011],[-111.994454,33.428937],[-111.994369,33.428737],[-111.994126,33.428824],[-111.993839,33.428963],[-111.993597,33.429113],[-111.993331,33.429328],[-111.993154,33.429445],[-111.992996,33.429519],[-111.992809,33.429576],[-111.992574,33.429625],[-111.99234,33.429637],[-111.992145,33.429677],[-111.991777,33.429793],[-111.990891,33.430086],[-111.990177,33.430314],[-111.99,33.430383],[-111.989864,33.430484],[-111.989777,33.430588],[-111.989719,33.430724],[-111.989705,33.430878],[-111.989703,33.431061],[-111.989727,33.431256],[-111.989781,33.431397],[-111.989874,33.431541],[-111.990022,33.431695],[-111.990317,33.431986],[-111.990339,33.432003],[-111.990369,33.432019],[-111.990409,33.432027],[-111.991282,33.432028],[-111.991341,33.43203],[-111.991395,33.432036],[-111.991456,33.432053],[-111.991516,33.432078],[-111.991576,33.432113],[-111.99163,33.432164],[-111.991668,33.432227],[-111.991694,33.432291],[-111.991708,33.432354],[-111.99173,33.432411],[-111.991731,33.432556],[-111.992044,33.432558],[-111.992073,33.432438],[-111.992133,33.432274],[-111.992228,33.432151],[-111.992431,33.43197],[-111.992674,33.431772],[-111.992829,33.431636],[-111.992945,33.431549],[-111.992947,33.431343],[-111.992039,33.431339],[-111.992041,33.430739],[-111.992966,33.430734],[-111.993016,33.430722],[-111.993076,33.430685],[-111.993108,33.430626],[-111.99312,33.430534],[-111.99312,33.430408],[-111.993108,33.430338],[-111.993066,33.430281],[-111.993004,33.430239],[-111.992937,33.430232],[-111.992939,33.429736],[-111.995789,33.429744]]]}},{"type":"Feature","properties":{"kind":"vegetation","name":null,"osm":"way/433285350"},"geometry":{"type":"Polygon","coordinates":[[[-111.99449,33.431661],[-111.994362,33.43173],[-111.994235,33.431789],[-111.994132,33.431809],[-111.994034,33.431802],[-111.993958,33.431779],[-111.993869,33.431724],[-111.99382,33.431649],[-111.993805,33.431578],[-111.993813,33.431492],[-111.993855,33.431435],[-111.993926,33.431396],[-111.994063,33.431383],[-111.994453,33.431383],[-111.994546,33.4314],[-111.994596,33.431434],[-111.99462,33.431485],[-111.994613,33.431534],[-111.994588,33.431582],[-111.994542,33.431627],[-111.99449,33.431661]]]}},{"type":"Feature","properties":{"kind":"vegetation","name":null,"osm":"way/433285351"},"geometry":{"type":"Polygon","coordinates":[[[-111.99453,33.430697],[-111.994579,33.430666],[-111.994608,33.430624],[-111.99462,33.430579],[-111.994596,33.430517],[-111.994515,33.430439],[-111.994387,33.430352],[-111.99422,33.430287],[-111.994091,33.430269],[-111.99397,33.43029],[-111.993884,33.430338],[-111.993828,33.430417],[-111.993801,33.430487],[-111.993805,33.430573],[-111.99384,33.430641],[-111.993911,33.43068],[-111.994019,33.430698],[-111.994198,33.430704],[-111.994436,33.430703],[-111.99453,33.430697]]]}},{"type":"Feature","properties":{"kind":"vegetation","name":null,"osm":"way/433285352"},"geometry":{"type":"Polygon","coordinates":[[[-111.997386,33.430699],[-111.996649,33.430695],[-111.996347,33.430673],[-111.995992,33.430596],[-111.995679,33.430499],[-111.995598,33.430445],[-111.995557,33.430383],[-111.995555,33.430332],[-111.995598,33.430282],[-111.995664,33.430253],[-111.995812,33.430227],[-111.996197,33.430175],[-111.996506,33.430143],[-111.996974,33.430139],[-111.997469,33.430147],[-111.99789,33.430173],[-111.998422,33.430223],[-111.998679,33.430266],[-111.998881,33.430342],[-111.999078,33.430469],[-111.999123,33.43054],[-111.999128,33.430618],[-111.99909,33.430667],[-111.999019,33.430697],[-111.998814,33.430703],[-111.997386,33.430699]]]}},{"type":"Feature","properties":{"kind":"vegetation","name":null,"osm":"way/433285355"},"geometry":{"type":"Polygon","coordinates":[[[-111.998717,33.43181],[-111.998914,33.431725],[-111.999057,33.431626],[-111.999126,33.431552],[-111.999133,33.431489],[-111.999107,33.431433],[-111.999031,33.431393],[-111.9988,33.431385],[-111.997117,33.431385],[-111.996591,33.431391],[-111.996306,33.431415],[-111.995988,33.431489],[-111.995736,33.431564],[-111.995605,33.431626],[-111.995557,33.431693],[-111.995545,33.431753],[-111.995569,33.431804],[-111.995667,33.431836],[-111.996047,33.431889],[-111.996503,33.431937],[-111.996965,33.431947],[-111.997476,33.431939],[-111.997901,33.431913],[-111.99837,33.43187],[-111.998599,33.431837],[-111.998717,33.43181]]]}},{"type":"Feature","properties":{"kind":"vegetation","name":null,"osm":"way/436306487"},"geometry":{"type":"Polygon","coordinates":[[[-112.002595,33.431686],[-112.00234,33.431808],[-112.001985,33.431879],[-112.001475,33.431916],[-112.001103,33.43194],[-112.000788,33.431919],[-112.000343,33.431872],[-112.000133,33.431811],[-112.000084,33.43174],[-112.000096,33.431676],[-112.000137,33.431619],[-112.000291,33.431558],[-112.000667,33.43146],[-112.000986,33.431406],[-112.001423,33.431393],[-112.002607,33.431396],[-112.002692,33.431417],[-112.002741,33.431464],[-112.002749,33.431525],[-112.00272,33.431585],[-112.002595,33.431686]]]}},{"type":"Feature","properties":{"kind":"vegetation","name":null,"osm":"way/436306488"},"geometry":{"type":"Polygon","coordinates":[[[-112.002599,33.430708],[-112.002708,33.430661],[-112.002728,33.43058],[-112.002692,33.430495],[-112.002518,33.430371],[-112.002227,33.430256],[-112.001892,33.430205],[-112.001326,33.430151],[-112.000836,33.430165],[-112.000291,33.430222],[-112.000121,33.430269],[-112.000064,33.430357],[-112.000084,33.430414],[-112.000145,33.430468],[-112.000379,33.430563],[-112.000654,33.430634],[-112.000994,33.430691],[-112.001916,33.430711],[-112.002599,33.430708]]]}},{"type":"Feature","properties":{"kind":"vegetation","name":null,"osm":"way/436306489"},"geometry":{"type":"Polygon","coordinates":[[[-112.003948,33.429636],[-112.004136,33.429559],[-112.004316,33.429442],[-112.004484,33.429308],[-112.004584,33.429212],[-112.004588,33.429185],[-112.004564,33.429158],[-112.004436,33.429148],[-112.002826,33.429148],[-112.002258,33.429141],[-112.002134,33.429188],[-112.00209,33.429255],[-112.002078,33.429452],[-112.002094,33.429582],[-112.002158,33.429646],[-112.002254,33.429676],[-112.00271,33.429723],[-112.002959,33.429733],[-112.003523,33.429693],[-112.003948,33.429636]]]}},{"type":"Feature","properties":{"kind":"vegetation","name":"Arizona State Hospital Cemetery","osm":"way/463274043"},"geometry":{"type":"Polygon","coordinates":[[[-112.022334,33.458484],[-112.021657,33.458479],[-112.021595,33.458391],[-112.021595,33.458031],[-112.021597,33.455047],[-112.022246,33.455044],[-112.022296,33.455048],[-112.022307,33.455048],[-112.022314,33.455048],[-112.022333,33.457164],[-112.022335,33.457906],[-112.022334,33.458327],[-112.022334,33.458484]]]}},{"type":"Feature","properties":{"kind":"vegetation","name":"Perry Park","osm":"way/468926977"},"geometry":{"type":"Polygon","coordinates":[[[-112.014987,33.47858],[-112.013097,33.478601],[-112.013054,33.478589],[-112.013031,33.478559],[-112.01303,33.476906],[-112.01304,33.476867],[-112.013081,33.476846],[-112.014987,33.476836],[-112.015022,33.476853],[-112.015036,33.476889],[-112.015034,33.478538],[-112.015016,33.478564],[-112.014987,33.47858]]]}},{"type":"Feature","properties":{"kind":"vegetation","name":"Woodland Parkway","osm":"way/470728554"},"geometry":{"type":"Polygon","coordinates":[[[-112.09132,33.45112],[-112.091329,33.451146],[-112.091316,33.451185],[-112.091281,33.451242],[-112.091222,33.451267],[-112.09119,33.451272],[-112.091153,33.451278],[-112.088956,33.451286],[-112.084938,33.451312],[-112.0849,33.451303],[-112.084889,33.451285],[-112.084875,33.45124],[-112.08487,33.451187],[-112.084877,33.451159],[-112.084897,33.451144],[-112.084915,33.451133],[-112.084957,33.451132],[-112.091231,33.451087],[-112.091272,33.451088],[-112.091304,33.451098],[-112.09132,33.45112]]]}},{"type":"Feature","properties":{"kind":"vegetation","name":null,"osm":"way/480302615"},"geometry":{"type":"Polygon","coordinates":[[[-112.08845,33.486779],[-112.088452,33.486588],[-112.087738,33.486582],[-112.087735,33.486774],[-112.088091,33.486777],[-112.08809,33.486906],[-112.087985,33.486905],[-112.087981,33.487239],[-112.088267,33.487242],[-112.088269,33.487071],[-112.088217,33.487071],[-112.088219,33.486937],[-112.088359,33.486939],[-112.088361,33.486778],[-112.08845,33.486779]]]}},{"type":"Feature","properties":{"kind":"water","name":null,"osm":"way/480302617"},"geometry":{"type":"Polygon","coordinates":[[[-112.088459,33.482573],[-112.088459,33.482599],[-112.088488,33.482599],[-112.088488,33.482573],[-112.088459,33.482573]]]}},{"type":"Feature","properties":{"kind":"vegetation","name":null,"osm":"way/480308365"},"geometry":{"type":"Polygon","coordinates":[[[-112.09124,33.487675],[-112.091257,33.487657],[-112.091265,33.487636],[-112.091264,33.487312],[-112.090348,33.487302],[-112.090342,33.487676],[-112.091181,33.487684],[-112.091217,33.487685],[-112.09124,33.487675]]]}},{"type":"Feature","properties":{"kind":"vegetation","name":null,"osm":"way/482699830"},"geometry":{"type":"Polygon","coordinates":[[[-112.046874,33.415899],[-112.04689,33.415892],[-112.046904,33.415881],[-112.046911,33.415867],[-112.046912,33.415851],[-112.046907,33.415836],[-112.046896,33.415823],[-112.046881,33.415814],[-112.046862,33.415811],[-112.046844,33.415812],[-112.046827,33.415819],[-112.046814,33.41583],[-112.046806,33.415845],[-112.046805,33.41586],[-112.04681,33.415876],[-112.046821,33.415888],[-112.046837,33.415897],[-112.046855,33.415901],[-112.046874,33.415899]]]}},{"type":"Feature","properties":{"kind":"vegetation","name":"Tawa Park","osm":"way/484162924"},"geometry":{"type":"Polygon","coordinates":[[[-112.087432,33.50398],[-112.087428,33.503958],[-112.087405,33.503807],[-112.086952,33.503805],[-112.086933,33.503805],[-112.086932,33.503966],[-112.086942,33.503972],[-112.086957,33.503975],[-112.086976,33.503975],[-112.087432,33.50398]]]}},{"type":"Feature","properties":{"kind":"water","name":"Cudia City Wash Sediment Basin","osm":"way/494716646"},"geometry":{"type":"Polygon","coordinates":[[[-112.000035,33.513703],[-112.000002,33.513688],[-111.999936,33.513666],[-111.999868,33.513644],[-111.999673,33.513668],[-111.998578,33.51365],[-111.99722,33.513636],[-111.997158,33.514445],[-111.99708,33.514698],[-111.997939,33.515102],[-111.998338,33.514939],[-111.999118,33.51479],[-111.99945,33.514651],[-111.999648,33.514531],[-111.999742,33.514501],[-111.999895,33.514472],[-111.999939,33.514468],[-111.999973,33.514456],[-112.000011,33.51441],[-112.000016,33.514367],[-112.000445,33.514432],[-112.000635,33.514463],[-112.001243,33.51456],[-112.001267,33.514504],[-112.00128,33.514463],[-112.000927,33.514265],[-112.000874,33.514175],[-112.000497,33.51396],[-112.000386,33.513857],[-112.000184,33.51377],[-112.00015,33.51375],[-112.000115,33.513734],[-112.000094,33.513725],[-112.000035,33.513703]]]}},{"type":"Feature","properties":{"kind":"vegetation","name":null,"osm":"way/503531849"},"geometry":{"type":"Polygon","coordinates":[[[-112.056422,33.441026],[-112.056447,33.441019],[-112.05646,33.441003],[-112.056461,33.440883],[-112.056453,33.44087],[-112.056438,33.440864],[-112.055765,33.440866],[-112.055753,33.440872],[-112.055745,33.440885],[-112.055744,33.441],[-112.055754,33.441015],[-112.055785,33.441027],[-112.056422,33.441026]]]}},{"type":"Feature","properties":{"kind":"vegetation","name":null,"osm":"way/503533849"},"geometry":{"type":"Polygon","coordinates":[[[-112.059527,33.442469],[-112.060485,33.442459],[-112.060518,33.442451],[-112.060551,33.442427],[-112.060573,33.442391],[-112.060577,33.442373],[-112.060567,33.442175],[-112.060558,33.442157],[-112.060538,33.442141],[-112.060511,33.442137],[-112.059493,33.442133],[-112.059485,33.442139],[-112.059484,33.442418],[-112.059487,33.442434],[-112.059493,33.442447],[-112.059507,33.442461],[-112.059527,33.442469]]]}},{"type":"Feature","properties":{"kind":"vegetation","name":"Townsend Park","osm":"way/529219384"},"geometry":{"type":"Polygon","coordinates":[[[-112.066407,33.464982],[-112.067343,33.464985],[-112.067342,33.465602],[-112.066442,33.4656],[-112.066397,33.465619],[-112.066324,33.465618],[-112.066322,33.465317],[-112.066323,33.465251],[-112.066407,33.465253],[-112.066409,33.46501],[-112.066407,33.464982]]]}},{"type":"Feature","properties":{"kind":"water","name":null,"osm":"way/533472173"},"geometry":{"type":"Polygon","coordinates":[[[-112.057415,33.482102],[-112.05733,33.482197],[-112.05727,33.48225],[-112.057247,33.482287],[-112.057227,33.482307],[-112.057192,33.482324],[-112.057151,33.48233],[-112.057105,33.482314],[-112.05706,33.482281],[-112.057032,33.482237],[-112.057027,33.482203],[-112.057034,33.482171],[-112.057057,33.482147],[-112.05713,33.482076],[-112.057187,33.482031],[-112.057227,33.482002],[-112.057286,33.481932],[-112.057329,33.481892],[-112.057369,33.481865],[-112.057412,33.481851],[-112.057458,33.481846],[-112.057501,33.481853],[-112.057554,33.481859],[-112.057589,33.481874],[-112.057611,33.481891],[-112.057619,33.481907],[-112.057619,33.481924],[-112.057611,33.481944],[-112.057596,33.48196],[-112.05754,33.481988],[-112.057499,33.482007],[-112.057473,33.482031],[-112.057441,33.482069],[-112.057415,33.482102]]]}},{"type":"Feature","properties":{"kind":"vegetation","name":"Desert Storm Park","osm":"way/546646873"},"geometry":{"type":"Polygon","coordinates":[[[-112.046087,33.514348],[-112.046087,33.514624],[-112.046037,33.514617],[-112.046014,33.514595],[-112.046006,33.514587],[-112.045998,33.514539],[-112.045984,33.514495],[-112.045955,33.514463],[-112.045913,33.514443],[-112.045864,33.514433],[-112.045819,33.514438],[-112.045769,33.514457],[-112.045734,33.514487],[-112.04572,33.514515],[-112.045714,33.514542],[-112.045718,33.51458],[-112.045725,33.514596],[-112.045738,33.514617],[-112.045748,33.514633],[-112.04577,33.514651],[-112.045668,33.514651],[-112.045343,33.514653],[-112.045341,33.514668],[-112.044901,33.514667],[-112.044943,33.514418],[-112.044942,33.513884],[-112.044961,33.513807],[-112.044959,33.513573],[-112.044978,33.513499],[-112.044979,33.513241],[-112.044981,33.513101],[-112.045019,33.51306],[-112.045051,33.513036],[-112.045091,33.513018],[-112.045146,33.512997],[-112.04519,33.512987],[-112.045249,33.512982],[-112.046084,33.512976],[-112.046084,33.513048],[-112.046089,33.513769],[-112.046087,33.514348]]]}},{"type":"Feature","properties":{"kind":"vegetation","name":"Hu-O-Te Park","osm":"way/573746678"},"geometry":{"type":"Polygon","coordinates":[[[-112.086932,33.456573],[-112.086934,33.456829],[-112.086926,33.456849],[-112.086907,33.456858],[-112.086468,33.45686],[-112.086471,33.456575],[-112.086932,33.456573]]]}},{"type":"Feature","properties":{"kind":"vegetation","name":null,"osm":"way/573746682"},"geometry":{"type":"Polygon","coordinates":[[[-112.086632,33.456831],[-112.086632,33.456776],[-112.086632,33.456629],[-112.08689,33.456629],[-112.08689,33.45683],[-112.086632,33.456831]]]}},{"type":"Feature","properties":{"kind":"vegetation","name":null,"osm":"way/595167598"},"geometry":{"type":"Polygon","coordinates":[[[-112.046598,33.471641],[-112.046599,33.471579],[-112.046644,33.471579],[-112.046652,33.471581],[-112.046654,33.471587],[-112.046647,33.471609],[-112.046598,33.471641]]]}},{"type":"Feature","properties":{"kind":"vegetation","name":null,"osm":"way/595167600"},"geometry":{"type":"Polygon","coordinates":[[[-112.046785,33.471534],[-112.046786,33.471512],[-112.046745,33.471511],[-112.046736,33.471518],[-112.046736,33.47153],[-112.046745,33.471534],[-112.046785,33.471534]]]}},{"type":"Feature","properties":{"kind":"vegetation","name":null,"osm":"way/595167601"},"geometry":{"type":"Polygon","coordinates":[[[-112.046398,33.471594],[-112.046399,33.471613],[-112.04638,33.471613],[-112.046381,33.47165],[-112.046368,33.471647],[-112.046353,33.471635],[-112.046344,33.471618],[-112.046342,33.471603],[-112.046351,33.471594],[-112.046398,33.471594]]]}},{"type":"Feature","properties":{"kind":"vegetation","name":null,"osm":"way/595167607"},"geometry":{"type":"Polygon","coordinates":[[[-112.046588,33.471792],[-112.046753,33.471793],[-112.046752,33.471845],[-112.046836,33.471846],[-112.046837,33.472005],[-112.046588,33.472005],[-112.046588,33.471792]]]}},{"type":"Feature","properties":{"kind":"vegetation","name":null,"osm":"way/595167608"},"geometry":{"type":"Polygon","coordinates":[[[-112.046394,33.471775],[-112.046293,33.471775],[-112.046293,33.471791],[-112.046394,33.471791],[-112.046394,33.471775]]]}},{"type":"Feature","properties":{"kind":"vegetation","name":null,"osm":"way/595167610"},"geometry":{"type":"Polygon","coordinates":[[[-112.046479,33.471323],[-112.046479,33.471255],[-112.046354,33.471255],[-112.046346,33.471318],[-112.046429,33.471318],[-112.04643,33.471323],[-112.046479,33.471323]]]}},{"type":"Feature","properties":{"kind":"vegetation","name":null,"osm":"way/595167611"},"geometry":{"type":"Polygon","coordinates":[[[-112.046512,33.471255],[-112.046642,33.471254],[-112.046651,33.471293],[-112.046652,33.471313],[-112.046638,33.471313],[-112.046639,33.471323],[-112.046513,33.471321],[-112.046512,33.471255]]]}},{"type":"Feature","properties":{"kind":"vegetation","name":null,"osm":"way/595167612"},"geometry":{"type":"Polygon","coordinates":[[[-112.04625,33.471325],[-112.046254,33.471318],[-112.046248,33.471256],[-112.046124,33.471257],[-112.046126,33.471672],[-112.046134,33.471674],[-112.046245,33.471674],[-112.046256,33.47167],[-112.04626,33.471661],[-112.046257,33.471655],[-112.046206,33.471652],[-112.046203,33.471325],[-112.04625,33.471325]]]}},{"type":"Feature","properties":{"kind":"vegetation","name":"Zen Garden","osm":"way/604756035"},"geometry":{"type":"Polygon","coordinates":[[[-112.049362,33.505277],[-112.04937,33.505013],[-112.049213,33.505012],[-112.049218,33.505274],[-112.049362,33.505277]]]}},{"type":"Feature","properties":{"kind":"vegetation","name":null,"osm":"way/625674384"},"geometry":{"type":"Polygon","coordinates":[[[-112.026523,33.430689],[-112.026046,33.430705],[-112.025946,33.430689],[-112.025882,33.430642],[-112.025861,33.430568],[-112.025917,33.430481],[-112.026233,33.430295],[-112.026375,33.430268],[-112.026477,33.430284],[-112.026606,33.430371],[-112.02666,33.43047],[-112.026654,33.430609],[-112.02659,33.430669],[-112.026523,33.430689]]]}},{"type":"Feature","properties":{"kind":"vegetation","name":null,"osm":"way/625674385"},"geometry":{"type":"Polygon","coordinates":[[[-112.026494,33.431397],[-112.026029,33.431388],[-112.025925,33.43141],[-112.025863,33.431457],[-112.025858,33.431529],[-112.025917,33.431607],[-112.026105,33.43173],[-112.026306,33.431808],[-112.02644,33.431815],[-112.026528,33.431768],[-112.026609,33.431701],[-112.02666,33.431602],[-112.026654,33.431497],[-112.026585,33.431428],[-112.026494,33.431397]]]}},{"type":"Feature","properties":{"kind":"vegetation","name":null,"osm":"way/625674386"},"geometry":{"type":"Polygon","coordinates":[[[-112.024691,33.431855],[-112.023999,33.431934],[-112.023565,33.431938],[-112.022135,33.431938],[-112.021169,33.431844],[-112.020979,33.431804],[-112.02077,33.431719],[-112.020544,33.431569],[-112.020515,33.431486],[-112.02056,33.431415],[-112.020678,33.431376],[-112.023843,33.431392],[-112.024238,33.431439],[-112.024648,33.431535],[-112.024876,33.431638],[-112.024924,33.431723],[-112.024898,33.431791],[-112.02482,33.43184],[-112.024691,33.431855]]]}},{"type":"Feature","properties":{"kind":"vegetation","name":null,"osm":"way/625674387"},"geometry":{"type":"Polygon","coordinates":[[[-112.024836,33.430472],[-112.024576,33.430573],[-112.024265,33.430645],[-112.023862,33.430696],[-112.016365,33.430689],[-112.016245,33.430662],[-112.016194,33.430584],[-112.016221,33.430499],[-112.016532,33.430304],[-112.016867,33.430224],[-112.017787,33.43015],[-112.023833,33.430152],[-112.024294,33.430192],[-112.02482,33.430248],[-112.024898,33.430295],[-112.024938,33.430362],[-112.0249,33.430439],[-112.024836,33.430472]]]}},{"type":"Feature","properties":{"kind":"vegetation","name":null,"osm":"way/625674388"},"geometry":{"type":"Polygon","coordinates":[[[-112.018195,33.43139],[-112.016368,33.431383],[-112.01628,33.431408],[-112.016207,33.431453],[-112.016213,33.431535],[-112.016277,33.431602],[-112.016607,33.431797],[-112.016897,33.431855],[-112.017766,33.431927],[-112.018584,33.431923],[-112.018798,33.431909],[-112.019423,33.431849],[-112.019549,33.431791],[-112.019576,33.431717],[-112.019536,33.431632],[-112.019327,33.431535],[-112.018868,33.431428],[-112.018543,33.43139],[-112.018195,33.43139]]]}},{"type":"Feature","properties":{"kind":"vegetation","name":null,"osm":"way/625674389"},"geometry":{"type":"Polygon","coordinates":[[[-112.015152,33.431825],[-112.014568,33.43191],[-112.014449,33.431906],[-112.013811,33.431842],[-112.013683,33.431811],[-112.013466,33.431701],[-112.013278,33.43158],[-112.013238,33.431491],[-112.013278,33.431423],[-112.013375,33.431383],[-112.014281,33.43139],[-112.014515,33.431423],[-112.014855,33.431495],[-112.015142,33.431596],[-112.015244,33.431658],[-112.015266,33.431748],[-112.015239,33.431795],[-112.015152,33.431825]]]}},{"type":"Feature","properties":{"kind":"vegetation","name":null,"osm":"way/625674390"},"geometry":{"type":"Polygon","coordinates":[[[-112.012189,33.431826],[-112.01135,33.431934],[-112.010414,33.431936],[-112.009585,33.431833],[-112.009488,33.431793],[-112.009451,33.431717],[-112.00948,33.431656],[-112.009569,33.431585],[-112.009834,33.431495],[-112.010116,33.431428],[-112.010408,33.431394],[-112.011267,33.431385],[-112.011613,33.431417],[-112.011945,33.431495],[-112.012232,33.431598],[-112.012321,33.431681],[-112.012323,33.431757],[-112.012262,33.431804],[-112.012189,33.431826]]]}},{"type":"Feature","properties":{"kind":"vegetation","name":null,"osm":"way/625674391"},"geometry":{"type":"Polygon","coordinates":[[[-112.00929,33.43068],[-112.009279,33.430347],[-112.009311,33.430273],[-112.009368,33.430224],[-112.009456,33.430203],[-112.010245,33.430134],[-112.014244,33.430143],[-112.015118,33.430244],[-112.01522,33.430277],[-112.015266,33.43032],[-112.015266,33.430414],[-112.015196,33.430479],[-112.015011,33.430548],[-112.014416,33.430676],[-112.013965,33.430696],[-112.00929,33.43068]]]}},{"type":"Feature","properties":{"kind":"vegetation","name":null,"osm":"way/625674392"},"geometry":{"type":"Polygon","coordinates":[[[-112.006758,33.430248],[-112.006712,33.430322],[-112.006715,33.430394],[-112.006819,33.430477],[-112.007361,33.430638],[-112.007565,33.430669],[-112.007774,33.430685],[-112.008622,33.430692],[-112.00863,33.430336],[-112.008598,33.430257],[-112.008528,33.430208],[-112.007678,33.430134],[-112.007294,33.430177],[-112.006758,33.430248]]]}},{"type":"Feature","properties":{"kind":"vegetation","name":null,"osm":"way/625674393"},"geometry":{"type":"Polygon","coordinates":[[[-112.00561,33.430687],[-112.004725,33.430674],[-112.004408,33.430653],[-112.004137,33.430602],[-112.003896,33.430512],[-112.003754,33.430443],[-112.003689,33.430369],[-112.003697,33.430291],[-112.003754,33.430242],[-112.003893,33.430219],[-112.004347,33.430165],[-112.00458,33.430161],[-112.005143,33.430212],[-112.005358,33.430273],[-112.005629,33.430407],[-112.005744,33.430521],[-112.005757,33.430593],[-112.005717,33.430662],[-112.00561,33.430687]]]}},{"type":"Feature","properties":{"kind":"vegetation","name":null,"osm":"way/699349455"},"geometry":{"type":"Polygon","coordinates":[[[-112.02827,33.509133],[-112.028253,33.508889],[-112.028263,33.508868],[-112.028282,33.508874],[-112.028483,33.509021],[-112.028491,33.509148],[-112.028466,33.509149],[-112.028464,33.509111],[-112.028435,33.50911],[-112.028439,33.509151],[-112.028117,33.509172],[-112.027972,33.509157],[-112.027982,33.509148],[-112.02827,33.509133]]]}},{"type":"Feature","properties":{"kind":"vegetation","name":null,"osm":"way/699349459"},"geometry":{"type":"Polygon","coordinates":[[[-112.026936,33.50892],[-112.026961,33.508891],[-112.026964,33.50888],[-112.026964,33.508871],[-112.02695,33.508865],[-112.026677,33.508872],[-112.02682,33.50898],[-112.026835,33.508991],[-112.02685,33.508993],[-112.026858,33.508993],[-112.026936,33.50892]]]}},{"type":"Feature","properties":{"kind":"vegetation","name":"Country Club Oval Park","osm":"way/699672664"},"geometry":{"type":"Polygon","coordinates":[[[-112.061826,33.478209],[-112.061741,33.478258],[-112.061676,33.478324],[-112.061642,33.478396],[-112.061627,33.478461],[-112.061643,33.478541],[-112.061671,33.478604],[-112.061729,33.478662],[-112.061795,33.47871],[-112.061914,33.47875],[-112.062035,33.478779],[-112.062147,33.478797],[-112.062277,33.478798],[-112.062411,33.478795],[-112.06255,33.478775],[-112.06265,33.478749],[-112.062751,33.478711],[-112.062824,33.478669],[-112.062889,33.478597],[-112.062927,33.478471],[-112.062914,33.478391],[-112.062875,33.478307],[-112.062817,33.478262],[-112.062749,33.478222],[-112.062652,33.478187],[-112.062551,33.47816],[-112.062416,33.478138],[-112.062281,33.478128],[-112.062165,33.478137],[-112.062054,33.478153],[-112.061938,33.478175],[-112.061826,33.478209]]]}},{"type":"Feature","properties":{"kind":"vegetation","name":null,"osm":"way/699792885"},"geometry":{"type":"Polygon","coordinates":[[[-112.084919,33.471297],[-112.084922,33.471315],[-112.084831,33.471563],[-112.084735,33.471348],[-112.084725,33.471309],[-112.084732,33.471297],[-112.084919,33.471297]]]}},{"type":"Feature","properties":{"kind":"vegetation","name":null,"osm":"way/699792886"},"geometry":{"type":"Polygon","coordinates":[[[-112.084911,33.471174],[-112.084922,33.47116],[-112.084848,33.470939],[-112.084832,33.470915],[-112.084813,33.470919],[-112.084727,33.471148],[-112.084727,33.471171],[-112.084911,33.471174]]]}},{"type":"Feature","properties":{"kind":"vegetation","name":null,"osm":"way/699961810"},"geometry":{"type":"Polygon","coordinates":[[[-112.07852,33.470798],[-112.078508,33.470813],[-112.078494,33.470827],[-112.078329,33.470827],[-112.078293,33.4708],[-112.078286,33.470771],[-112.078286,33.470715],[-112.078287,33.470688],[-112.078308,33.470672],[-112.078343,33.470659],[-112.078463,33.470659],[-112.078499,33.470659],[-112.078513,33.470676],[-112.078519,33.470693],[-112.07852,33.470798]]]}},{"type":"Feature","properties":{"kind":"vegetation","name":null,"osm":"way/699980849"},"geometry":{"type":"Polygon","coordinates":[[[-112.084922,33.473418],[-112.084898,33.473452],[-112.084856,33.473487],[-112.084827,33.473501],[-112.084803,33.47351],[-112.084777,33.473513],[-112.084749,33.473512],[-112.084721,33.473504],[-112.084689,33.473485],[-112.084667,33.473464],[-112.084652,33.473441],[-112.084648,33.473417],[-112.084653,33.473392],[-112.084664,33.47337],[-112.084679,33.473352],[-112.084705,33.473342],[-112.084732,33.473339],[-112.084764,33.473341],[-112.084795,33.473338],[-112.084824,33.473338],[-112.084859,33.473341],[-112.084892,33.473345],[-112.084911,33.473355],[-112.084924,33.473374],[-112.084928,33.473385],[-112.084928,33.473401],[-112.084922,33.473418]]]}},{"type":"Feature","properties":{"kind":"vegetation","name":null,"osm":"way/736903250"},"geometry":{"type":"Polygon","coordinates":[[[-112.094212,33.510368],[-112.094197,33.510356],[-112.094186,33.510366],[-112.094202,33.510378],[-112.094212,33.510368]]]}},{"type":"Feature","properties":{"kind":"vegetation","name":null,"osm":"way/736903251"},"geometry":{"type":"Polygon","coordinates":[[[-112.094244,33.51039],[-112.094229,33.510377],[-112.094218,33.510387],[-112.094234,33.510399],[-112.094244,33.51039]]]}},{"type":"Feature","properties":{"kind":"vegetation","name":null,"osm":"way/736903252"},"geometry":{"type":"Polygon","coordinates":[[[-112.094281,33.510416],[-112.094266,33.510404],[-112.094255,33.510414],[-112.094271,33.510426],[-112.094281,33.510416]]]}},{"type":"Feature","properties":{"kind":"vegetation","name":null,"osm":"way/736903253"},"geometry":{"type":"Polygon","coordinates":[[[-112.094279,33.510363],[-112.094264,33.510351],[-112.094253,33.510361],[-112.094269,33.510373],[-112.094279,33.510363]]]}},{"type":"Feature","properties":{"kind":"vegetation","name":null,"osm":"way/736903254"},"geometry":{"type":"Polygon","coordinates":[[[-112.094311,33.510388],[-112.094296,33.510376],[-112.094285,33.510385],[-112.094301,33.510397],[-112.094311,33.510388]]]}},{"type":"Feature","properties":{"kind":"vegetation","name":null,"osm":"way/736903255"},"geometry":{"type":"Polygon","coordinates":[[[-112.094342,33.510408],[-112.094327,33.510396],[-112.094316,33.510405],[-112.094332,33.510417],[-112.094342,33.510408]]]}},{"type":"Feature","properties":{"kind":"vegetation","name":null,"osm":"way/736903256"},"geometry":{"type":"Polygon","coordinates":[[[-112.094322,33.510339],[-112.094307,33.510327],[-112.094296,33.510337],[-112.094311,33.510349],[-112.094322,33.510339]]]}},{"type":"Feature","properties":{"kind":"vegetation","name":null,"osm":"way/736903257"},"geometry":{"type":"Polygon","coordinates":[[[-112.094352,33.510358],[-112.094336,33.510346],[-112.094326,33.510355],[-112.094341,33.510367],[-112.094352,33.510358]]]}},{"type":"Feature","properties":{"kind":"vegetation","name":null,"osm":"way/736903258"},"geometry":{"type":"Polygon","coordinates":[[[-112.09438,33.51039],[-112.094364,33.510377],[-112.094354,33.510387],[-112.094369,33.510399],[-112.09438,33.51039]]]}},{"type":"Feature","properties":{"kind":"vegetation","name":null,"osm":"way/736903259"},"geometry":{"type":"Polygon","coordinates":[[[-112.094353,33.510301],[-112.094338,33.510289],[-112.094327,33.510298],[-112.094342,33.510311],[-112.094353,33.510301]]]}},{"type":"Feature","properties":{"kind":"vegetation","name":null,"osm":"way/736903260"},"geometry":{"type":"Polygon","coordinates":[[[-112.09438,33.510327],[-112.094364,33.510315],[-112.094354,33.510324],[-112.094369,33.510336],[-112.09438,33.510327]]]}},{"type":"Feature","properties":{"kind":"vegetation","name":null,"osm":"way/736903261"},"geometry":{"type":"Polygon","coordinates":[[[-112.094415,33.510352],[-112.0944,33.51034],[-112.094389,33.510349],[-112.094405,33.510361],[-112.094415,33.510352]]]}},{"type":"Feature","properties":{"kind":"vegetation","name":null,"osm":"way/736903262"},"geometry":{"type":"Polygon","coordinates":[[[-112.094371,33.510256],[-112.094356,33.510244],[-112.094345,33.510253],[-112.09436,33.510265],[-112.094371,33.510256]]]}},{"type":"Feature","properties":{"kind":"vegetation","name":null,"osm":"way/736903263"},"geometry":{"type":"Polygon","coordinates":[[[-112.094409,33.510286],[-112.094394,33.510274],[-112.094383,33.510283],[-112.094399,33.510295],[-112.094409,33.510286]]]}},{"type":"Feature","properties":{"kind":"vegetation","name":null,"osm":"way/736903264"},"geometry":{"type":"Polygon","coordinates":[[[-112.094436,33.510313],[-112.094421,33.510301],[-112.09441,33.51031],[-112.094425,33.510322],[-112.094436,33.510313]]]}},{"type":"Feature","properties":{"kind":"vegetation","name":null,"osm":"way/736903265"},"geometry":{"type":"Polygon","coordinates":[[[-112.094406,33.510231],[-112.094391,33.510219],[-112.09438,33.510228],[-112.094395,33.51024],[-112.094406,33.510231]]]}},{"type":"Feature","properties":{"kind":"vegetation","name":null,"osm":"way/736903266"},"geometry":{"type":"Polygon","coordinates":[[[-112.094431,33.510254],[-112.094415,33.510242],[-112.094405,33.510251],[-112.09442,33.510263],[-112.094431,33.510254]]]}},{"type":"Feature","properties":{"kind":"vegetation","name":null,"osm":"way/736903267"},"geometry":{"type":"Polygon","coordinates":[[[-112.094446,33.510207],[-112.09443,33.510195],[-112.09442,33.510204],[-112.094435,33.510217],[-112.094446,33.510207]]]}},{"type":"Feature","properties":{"kind":"vegetation","name":"CamelBackyard Community Food Hub","osm":"way/736903271"},"geometry":{"type":"Polygon","coordinates":[[[-112.094556,33.510198],[-112.094555,33.509868],[-112.094559,33.509678],[-112.094002,33.50965],[-112.094003,33.509851],[-112.094003,33.51017],[-112.093999,33.510442],[-112.094,33.510477],[-112.094555,33.510486],[-112.094552,33.510453],[-112.094556,33.510198]]]}},{"type":"Feature","properties":{"kind":"vegetation","name":"Ninos Park","osm":"way/743355746"},"geometry":{"type":"Polygon","coordinates":[[[-112.089786,33.439803],[-112.089785,33.439749],[-112.089781,33.43934],[-112.089617,33.43934],[-112.089274,33.43934],[-112.089215,33.43934],[-112.089218,33.439763],[-112.089241,33.439788],[-112.089275,33.439807],[-112.089786,33.439803]]]}},{"type":"Feature","properties":{"kind":"vegetation","name":"Alkire Park","osm":"way/756938294"},"geometry":{"type":"Polygon","coordinates":[[[-112.095534,33.433952],[-112.095549,33.433948],[-112.095562,33.43394],[-112.095566,33.433936],[-112.095568,33.433928],[-112.095564,33.433214],[-112.095546,33.433185],[-112.095526,33.433171],[-112.095506,33.433166],[-112.09341,33.433164],[-112.093415,33.433952],[-112.095534,33.433952]]]}},{"type":"Feature","properties":{"kind":"vegetation","name":null,"osm":"way/761561456"},"geometry":{"type":"Polygon","coordinates":[[[-112.073597,33.46445],[-112.073389,33.464474],[-112.073345,33.464475],[-112.073194,33.46445],[-112.073194,33.464265],[-112.073597,33.464265],[-112.073597,33.46445]]]}},{"type":"Feature","properties":{"kind":"water","name":null,"osm":"way/778345682"},"geometry":{"type":"Polygon","coordinates":[[[-112.072031,33.515088],[-112.071972,33.515042],[-112.071965,33.515006],[-112.071965,33.514938],[-112.072031,33.514875],[-112.072083,33.514864],[-112.072132,33.514897],[-112.072159,33.514938],[-112.072159,33.515003],[-112.072136,33.515042],[-112.072123,33.515096],[-112.0721,33.515118],[-112.072077,33.515165],[-112.0721,33.515236],[-112.072208,33.515288],[-112.072303,33.515324],[-112.072352,33.51537],[-112.072415,33.515395],[-112.072539,33.515406],[-112.072608,33.515384],[-112.072631,33.515356],[-112.072694,33.515291],[-112.072828,33.515247],[-112.072901,33.515277],[-112.072953,33.515351],[-112.072933,33.515386],[-112.072884,33.515411],[-112.072841,33.515411],[-112.072755,33.515403],[-112.072707,33.51543],[-112.072666,33.515431],[-112.072644,33.515419],[-112.072503,33.515428],[-112.072293,33.515408],[-112.072159,33.515422],[-112.072129,33.515493],[-112.072103,33.515564],[-112.072152,33.515636],[-112.072152,33.515701],[-112.072146,33.515783],[-112.072083,33.515813],[-112.072014,33.515813],[-112.071975,33.515761],[-112.071975,33.515698],[-112.072004,33.515655],[-112.072004,33.515608],[-112.071995,33.515529],[-112.071972,33.515493],[-112.072014,33.515419],[-112.072024,33.515397],[-112.071985,33.515326],[-112.071981,33.515296],[-112.072027,33.515236],[-112.07205,33.515167],[-112.072031,33.515088]]]}},{"type":"Feature","properties":{"kind":"vegetation","name":null,"osm":"way/778345687"},"geometry":{"type":"Polygon","coordinates":[[[-112.068552,33.511085],[-112.06851,33.511085],[-112.068437,33.511088],[-112.068402,33.511103],[-112.068378,33.51112],[-112.068379,33.511141],[-112.0684,33.511159],[-112.068457,33.511174],[-112.06854,33.51118],[-112.068599,33.511178],[-112.068646,33.511174],[-112.068684,33.511168],[-112.068722,33.511159],[-112.068737,33.511141],[-112.068737,33.511124],[-112.068727,33.511109],[-112.068707,33.511103],[-112.068656,33.511089],[-112.068629,33.511087],[-112.068552,33.511085]]]}},{"type":"Feature","properties":{"kind":"vegetation","name":"Pioneer and Military Memorial Park","osm":"way/819823831"},"geometry":{"type":"Polygon","coordinates":[[[-112.09049,33.446129],[-112.090485,33.446867],[-112.090375,33.446869],[-112.090212,33.44687],[-112.090212,33.446928],[-112.089976,33.44693],[-112.089972,33.446678],[-112.08997,33.446491],[-112.090268,33.446489],[-112.090272,33.446131],[-112.090377,33.44613],[-112.09049,33.446129]]]}},{"type":"Feature","properties":{"kind":"vegetation","name":"Pioneer and Military Memorial Park","osm":"way/819823832"},"geometry":{"type":"Polygon","coordinates":[[[-112.090272,33.446131],[-112.090268,33.446489],[-112.08997,33.446491],[-112.089366,33.446487],[-112.089364,33.446116],[-112.090272,33.446108],[-112.090272,33.446131]]]}},{"type":"Feature","properties":{"kind":"vegetation","name":"Bio Garden","osm":"way/828025107"},"geometry":{"type":"Polygon","coordinates":[[[-112.087268,33.481042],[-112.08712,33.481044],[-112.087118,33.48093],[-112.087266,33.480929],[-112.087268,33.481042]]]}},{"type":"Feature","properties":{"kind":"vegetation","name":null,"osm":"way/894457811"},"geometry":{"type":"Polygon","coordinates":[[[-112.064579,33.508234],[-112.064637,33.508235],[-112.064636,33.508305],[-112.064578,33.508305],[-112.064579,33.508234]]]}},{"type":"Feature","properties":{"kind":"vegetation","name":null,"osm":"way/895126089"},"geometry":{"type":"Polygon","coordinates":[[[-112.07324,33.493033],[-112.073286,33.493034],[-112.073285,33.493103],[-112.073239,33.493103],[-112.07324,33.493033]]]}},{"type":"Feature","properties":{"kind":"vegetation","name":null,"osm":"way/895126101"},"geometry":{"type":"Polygon","coordinates":[[[-112.070305,33.497096],[-112.070167,33.496981],[-112.070122,33.496987],[-112.070046,33.497006],[-112.069994,33.497021],[-112.069899,33.497054],[-112.069827,33.49709],[-112.069746,33.497134],[-112.069685,33.497178],[-112.069615,33.497234],[-112.069563,33.497289],[-112.069537,33.497316],[-112.069537,33.497392],[-112.070306,33.497385],[-112.070305,33.497096]]]}},{"type":"Feature","properties":{"kind":"vegetation","name":null,"osm":"way/895126102"},"geometry":{"type":"Polygon","coordinates":[[[-112.071076,33.497243],[-112.071076,33.497364],[-112.070384,33.497377],[-112.070381,33.497092],[-112.070516,33.496981],[-112.070605,33.496996],[-112.070698,33.497023],[-112.070782,33.497054],[-112.070878,33.497102],[-112.070935,33.497135],[-112.07101,33.497188],[-112.071045,33.497217],[-112.071076,33.497243]]]}},{"type":"Feature","properties":{"kind":"water","name":null,"osm":"way/895126103"},"geometry":{"type":"Polygon","coordinates":[[[-112.070289,33.497002],[-112.070289,33.497065],[-112.070198,33.496989],[-112.070265,33.496981],[-112.070289,33.497002]]]}},{"type":"Feature","properties":{"kind":"water","name":null,"osm":"way/895126104"},"geometry":{"type":"Polygon","coordinates":[[[-112.070487,33.496989],[-112.070395,33.497064],[-112.070396,33.497002],[-112.070417,33.496982],[-112.070487,33.496989]]]}},{"type":"Feature","properties":{"kind":"water","name":null,"osm":"way/895126106"},"geometry":{"type":"Polygon","coordinates":[[[-112.070325,33.495681],[-112.070346,33.495681],[-112.070369,33.495686],[-112.07038,33.495693],[-112.070391,33.495704],[-112.070399,33.495718],[-112.070381,33.49572],[-112.070381,33.495729],[-112.070378,33.495741],[-112.070371,33.495753],[-112.070362,33.495759],[-112.070365,33.495778],[-112.070333,33.495774],[-112.070313,33.495762],[-112.070302,33.495752],[-112.0703,33.49574],[-112.070299,33.495723],[-112.070301,33.495712],[-112.070308,33.495706],[-112.070321,33.4957],[-112.070331,33.495695],[-112.070325,33.495681]]]}},{"type":"Feature","properties":{"kind":"vegetation","name":null,"osm":"way/895445279"},"geometry":{"type":"Polygon","coordinates":[[[-112.072665,33.488023],[-112.072699,33.48799],[-112.072746,33.487956],[-112.072801,33.487929],[-112.072867,33.487902],[-112.072926,33.487889],[-112.072982,33.487884],[-112.073024,33.487884],[-112.073074,33.487895],[-112.073062,33.487924],[-112.073145,33.487976],[-112.073166,33.487956],[-112.073188,33.487978],[-112.073212,33.488009],[-112.073232,33.488045],[-112.07324,33.48808],[-112.073249,33.488119],[-112.073249,33.488156],[-112.073239,33.4882],[-112.073222,33.488251],[-112.073199,33.488291],[-112.073179,33.488318],[-112.073139,33.488306],[-112.073104,33.488346],[-112.07312,33.488357],[-112.073097,33.488372],[-112.073061,33.488383],[-112.073019,33.488387],[-112.07297,33.488384],[-112.072933,33.488379],[-112.072897,33.488374],[-112.072904,33.488351],[-112.072811,33.488319],[-112.0728,33.488337],[-112.072754,33.488316],[-112.072719,33.488292],[-112.072689,33.488269],[-112.072666,33.488243],[-112.072745,33.488202],[-112.072728,33.488177],[-112.072716,33.488149],[-112.072714,33.488119],[-112.072729,33.488086],[-112.0727,33.488069],[-112.072711,33.488046],[-112.072665,33.488023]]]}},{"type":"Feature","properties":{"kind":"vegetation","name":null,"osm":"way/895445280"},"geometry":{"type":"Polygon","coordinates":[[[-112.072845,33.487623],[-112.073291,33.487629],[-112.073263,33.487691],[-112.073163,33.487666],[-112.073077,33.487656],[-112.072967,33.487655],[-112.072848,33.487667],[-112.072845,33.487623]]]}},{"type":"Feature","properties":{"kind":"vegetation","name":null,"osm":"way/900236201"},"geometry":{"type":"Polygon","coordinates":[[[-112.071781,33.492931],[-112.071695,33.492922],[-112.071694,33.493245],[-112.071789,33.493239],[-112.071795,33.493071],[-112.071797,33.492962],[-112.071782,33.492962],[-112.071781,33.492931]]]}},{"type":"Feature","properties":{"kind":"vegetation","name":null,"osm":"way/900236202"},"geometry":{"type":"Polygon","coordinates":[[[-112.071742,33.492907],[-112.071697,33.492909],[-112.071697,33.492463],[-112.071702,33.49245],[-112.071714,33.492432],[-112.071714,33.492445],[-112.071717,33.492453],[-112.071785,33.492509],[-112.071784,33.492603],[-112.071765,33.492619],[-112.071765,33.492671],[-112.071795,33.492693],[-112.071795,33.492874],[-112.071773,33.492874],[-112.071742,33.492907]]]}},{"type":"Feature","properties":{"kind":"vegetation","name":null,"osm":"way/900236203"},"geometry":{"type":"Polygon","coordinates":[[[-112.072205,33.492416],[-112.072205,33.492475],[-112.071922,33.492477],[-112.071862,33.492443],[-112.071833,33.492439],[-112.071769,33.492436],[-112.071769,33.492411],[-112.072205,33.492416]]]}},{"type":"Feature","properties":{"kind":"vegetation","name":null,"osm":"way/900236204"},"geometry":{"type":"Polygon","coordinates":[[[-112.072239,33.492415],[-112.072341,33.492415],[-112.072339,33.492476],[-112.072225,33.492477],[-112.072239,33.492415]]]}},{"type":"Feature","properties":{"kind":"vegetation","name":null,"osm":"way/900236205"},"geometry":{"type":"Polygon","coordinates":[[[-112.071837,33.493486],[-112.071758,33.493481],[-112.071758,33.493459],[-112.07179,33.493454],[-112.071803,33.493448],[-112.071817,33.493441],[-112.071837,33.493443],[-112.071837,33.493486]]]}},{"type":"Feature","properties":{"kind":"vegetation","name":null,"osm":"way/900236209"},"geometry":{"type":"Polygon","coordinates":[[[-112.074073,33.490833],[-112.074062,33.490832],[-112.073983,33.490874],[-112.07398,33.490993],[-112.07399,33.491007],[-112.07401,33.491005],[-112.074008,33.490968],[-112.074013,33.490958],[-112.074022,33.490946],[-112.074035,33.490938],[-112.074054,33.490927],[-112.074064,33.490915],[-112.074069,33.490904],[-112.074073,33.490833]]]}},{"type":"Feature","properties":{"kind":"vegetation","name":null,"osm":"way/902420179"},"geometry":{"type":"Polygon","coordinates":[[[-112.07072,33.500294],[-112.070748,33.500296],[-112.070774,33.50029],[-112.070796,33.500277],[-112.070812,33.500259],[-112.070819,33.500237],[-112.070816,33.500214],[-112.070805,33.500194],[-112.070786,33.500178],[-112.070761,33.500168],[-112.070734,33.500166],[-112.070708,33.500172],[-112.070689,33.500182],[-112.070674,33.500197],[-112.070665,33.500214],[-112.070662,33.500233],[-112.070666,33.500252],[-112.070676,33.500269],[-112.070696,33.500285],[-112.07072,33.500294]]]}},{"type":"Feature","properties":{"kind":"vegetation","name":null,"osm":"way/902420191"},"geometry":{"type":"Polygon","coordinates":[[[-112.070728,33.497427],[-112.070384,33.497436],[-112.070381,33.497687],[-112.070393,33.497687],[-112.070393,33.497709],[-112.070435,33.49771],[-112.070436,33.497745],[-112.070456,33.497745],[-112.070457,33.497822],[-112.070447,33.497822],[-112.070447,33.497832],[-112.070432,33.497832],[-112.070432,33.497868],[-112.070393,33.497868],[-112.070393,33.497896],[-112.070383,33.497896],[-112.070382,33.49816],[-112.070633,33.498161],[-112.070636,33.49773],[-112.070623,33.49773],[-112.070622,33.497657],[-112.070636,33.497657],[-112.070637,33.497538],[-112.070728,33.497537],[-112.070728,33.497427]]]}},{"type":"Feature","properties":{"kind":"vegetation","name":null,"osm":"way/902420192"},"geometry":{"type":"Polygon","coordinates":[[[-112.07006,33.497487],[-112.070057,33.49744],[-112.070298,33.497433],[-112.070301,33.497689],[-112.070288,33.49769],[-112.070289,33.497711],[-112.070248,33.49771],[-112.070248,33.497745],[-112.070231,33.497745],[-112.070232,33.497822],[-112.070246,33.497822],[-112.070248,33.497865],[-112.07029,33.497866],[-112.070289,33.497896],[-112.0703,33.497896],[-112.070304,33.498161],[-112.070077,33.498163],[-112.070069,33.497942],[-112.07018,33.497935],[-112.070177,33.49774],[-112.070169,33.497679],[-112.070167,33.497573],[-112.070158,33.497572],[-112.070159,33.497541],[-112.07015,33.497521],[-112.070137,33.497506],[-112.070121,33.497496],[-112.070099,33.497489],[-112.07006,33.497487]]]}},{"type":"Feature","properties":{"kind":"vegetation","name":null,"osm":"way/907210331"},"geometry":{"type":"Polygon","coordinates":[[[-112.072492,33.492485],[-112.07249,33.49243],[-112.072484,33.492425],[-112.072477,33.492421],[-112.072464,33.492417],[-112.072424,33.492416],[-112.072423,33.492484],[-112.072492,33.492485]]]}},{"type":"Feature","properties":{"kind":"vegetation","name":null,"osm":"way/907210333"},"geometry":{"type":"Polygon","coordinates":[[[-112.072521,33.493342],[-112.07252,33.493353],[-112.071817,33.493363],[-112.071798,33.49337],[-112.071779,33.493375],[-112.0717,33.493384],[-112.071693,33.493376],[-112.071693,33.493313],[-112.071761,33.49331],[-112.07176,33.493352],[-112.072521,33.493342]]]}},{"type":"Feature","properties":{"kind":"vegetation","name":null,"osm":"way/907210334"},"geometry":{"type":"Polygon","coordinates":[[[-112.07355,33.493454],[-112.073358,33.493615],[-112.073359,33.493514],[-112.073387,33.493513],[-112.073395,33.493432],[-112.073426,33.493432],[-112.073444,33.493435],[-112.073467,33.493442],[-112.073497,33.493448],[-112.07355,33.493454]]]}},{"type":"Feature","properties":{"kind":"vegetation","name":null,"osm":"way/907210335"},"geometry":{"type":"Polygon","coordinates":[[[-112.073428,33.494265],[-112.073429,33.494292],[-112.073399,33.494293],[-112.073399,33.494255],[-112.073584,33.494255],[-112.073586,33.49443],[-112.073541,33.494431],[-112.073525,33.494421],[-112.073539,33.494409],[-112.073547,33.494417],[-112.073575,33.494416],[-112.073573,33.494264],[-112.073428,33.494265]]]}},{"type":"Feature","properties":{"kind":"vegetation","name":null,"osm":"way/907210336"},"geometry":{"type":"Polygon","coordinates":[[[-112.073426,33.494308],[-112.073528,33.494396],[-112.073516,33.494406],[-112.073402,33.494315],[-112.073426,33.494308]]]}},{"type":"Feature","properties":{"kind":"vegetation","name":null,"osm":"way/907210337"},"geometry":{"type":"Polygon","coordinates":[[[-112.071734,33.493504],[-112.071798,33.493509],[-112.071793,33.494113],[-112.071858,33.494113],[-112.071858,33.494163],[-112.071833,33.494168],[-112.071815,33.494169],[-112.071725,33.494169],[-112.071734,33.494128],[-112.071734,33.493504]]]}},{"type":"Feature","properties":{"kind":"vegetation","name":null,"osm":"way/907210348"},"geometry":{"type":"Polygon","coordinates":[[[-112.066695,33.493137],[-112.066719,33.493137],[-112.066741,33.493129],[-112.066759,33.493117],[-112.066771,33.4931],[-112.066776,33.49308],[-112.066772,33.493061],[-112.066761,33.493043],[-112.066744,33.49303],[-112.066723,33.493022],[-112.066701,33.49302],[-112.066678,33.493024],[-112.066659,33.493034],[-112.066644,33.493048],[-112.066636,33.493066],[-112.066634,33.493085],[-112.066641,33.493104],[-112.066653,33.493119],[-112.066672,33.493131],[-112.066695,33.493137]]]}},{"type":"Feature","properties":{"kind":"vegetation","name":null,"osm":"way/907210369"},"geometry":{"type":"Polygon","coordinates":[[[-112.070002,33.494316],[-112.070002,33.49428],[-112.070003,33.494275],[-112.070009,33.494274],[-112.070057,33.494275],[-112.070056,33.494316],[-112.070002,33.494316]]]}},{"type":"Feature","properties":{"kind":"vegetation","name":null,"osm":"way/907210378"},"geometry":{"type":"Polygon","coordinates":[[[-112.069615,33.492406],[-112.06956,33.492471],[-112.069554,33.49275],[-112.069961,33.492755],[-112.069963,33.492654],[-112.069868,33.492653],[-112.06987,33.492582],[-112.069928,33.492582],[-112.069929,33.492512],[-112.069903,33.492511],[-112.069903,33.492528],[-112.06971,33.492526],[-112.069711,33.49247],[-112.069899,33.492472],[-112.069899,33.492493],[-112.069924,33.492494],[-112.069925,33.49246],[-112.070126,33.492462],[-112.070127,33.492411],[-112.069615,33.492406]]]}},{"type":"Feature","properties":{"kind":"vegetation","name":null,"osm":"way/907210379"},"geometry":{"type":"Polygon","coordinates":[[[-112.070178,33.49264],[-112.070384,33.49264],[-112.070384,33.492752],[-112.070177,33.492752],[-112.070178,33.49264]]]}},{"type":"Feature","properties":{"kind":"vegetation","name":null,"osm":"way/907210380"},"geometry":{"type":"Polygon","coordinates":[[[-112.070529,33.49241],[-112.07059,33.492411],[-112.070589,33.49247],[-112.070528,33.492469],[-112.070529,33.49241]]]}},{"type":"Feature","properties":{"kind":"vegetation","name":null,"osm":"way/907210381"},"geometry":{"type":"Polygon","coordinates":[[[-112.070171,33.492412],[-112.070509,33.492415],[-112.070509,33.492474],[-112.070515,33.492476],[-112.070514,33.4926],[-112.070464,33.492599],[-112.070464,33.492536],[-112.070451,33.492536],[-112.070452,33.492461],[-112.070384,33.492461],[-112.070384,33.492472],[-112.070171,33.49247],[-112.070171,33.492412]]]}},{"type":"Feature","properties":{"kind":"vegetation","name":null,"osm":"way/907210382"},"geometry":{"type":"Polygon","coordinates":[[[-112.071157,33.491619],[-112.071153,33.491695],[-112.071132,33.491696],[-112.071133,33.491751],[-112.070951,33.49175],[-112.070954,33.491638],[-112.070956,33.491628],[-112.070963,33.491622],[-112.070974,33.491617],[-112.071157,33.491619]]]}},{"type":"Feature","properties":{"kind":"vegetation","name":null,"osm":"way/909413367"},"geometry":{"type":"Polygon","coordinates":[[[-112.023331,33.511148],[-112.023349,33.511163],[-112.023378,33.511192],[-112.023408,33.511214],[-112.023447,33.511217],[-112.023486,33.511206],[-112.023495,33.511185],[-112.023492,33.511155],[-112.023457,33.511102],[-112.023416,33.511019],[-112.023386,33.510982],[-112.023329,33.510949],[-112.023304,33.510946],[-112.023245,33.510959],[-112.023205,33.511002],[-112.02319,33.511034],[-112.023191,33.511063],[-112.023201,33.511087],[-112.02322,33.511105],[-112.023267,33.511125],[-112.023331,33.511148]]]}},{"type":"Feature","properties":{"kind":"vegetation","name":null,"osm":"way/910307697"},"geometry":{"type":"Polygon","coordinates":[[[-112.074767,33.492632],[-112.07485,33.492632],[-112.074845,33.49305],[-112.074769,33.493085],[-112.074767,33.492632]]]}},{"type":"Feature","properties":{"kind":"vegetation","name":null,"osm":"way/910307739"},"geometry":{"type":"Polygon","coordinates":[[[-112.069629,33.49225],[-112.06958,33.492208],[-112.06958,33.4922],[-112.069588,33.492188],[-112.069603,33.492176],[-112.069604,33.49217],[-112.069602,33.492164],[-112.069579,33.492144],[-112.069575,33.492134],[-112.069577,33.492124],[-112.069585,33.492117],[-112.069598,33.492107],[-112.0696,33.4921],[-112.069594,33.492089],[-112.069574,33.492077],[-112.069575,33.492067],[-112.069571,33.492052],[-112.069574,33.492042],[-112.069586,33.492035],[-112.0696,33.492033],[-112.069608,33.492033],[-112.06961,33.49204],[-112.069603,33.492051],[-112.069603,33.492061],[-112.069619,33.492074],[-112.069629,33.492089],[-112.069628,33.49211],[-112.069619,33.492122],[-112.069611,33.492129],[-112.069611,33.492136],[-112.069622,33.492152],[-112.069628,33.492167],[-112.069628,33.492185],[-112.069618,33.492194],[-112.069611,33.492202],[-112.069614,33.492211],[-112.069635,33.492227],[-112.069646,33.492236],[-112.069646,33.492244],[-112.069643,33.492249],[-112.069629,33.49225]]]}},{"type":"Feature","properties":{"kind":"vegetation","name":null,"osm":"way/910307743"},"geometry":{"type":"Polygon","coordinates":[[[-112.070488,33.492239],[-112.07057,33.492239],[-112.07057,33.492293],[-112.070488,33.492293],[-112.070488,33.492239]]]}},{"type":"Feature","properties":{"kind":"vegetation","name":null,"osm":"way/910307744"},"geometry":{"type":"Polygon","coordinates":[[[-112.070975,33.492205],[-112.071347,33.492212],[-112.071382,33.492252],[-112.071469,33.492256],[-112.071471,33.49229],[-112.070995,33.492289],[-112.070975,33.492205]]]}},{"type":"Feature","properties":{"kind":"vegetation","name":null,"osm":"way/910307745"},"geometry":{"type":"Polygon","coordinates":[[[-112.070954,33.492207],[-112.070889,33.492207],[-112.07089,33.492234],[-112.0709,33.49229],[-112.070957,33.492289],[-112.070954,33.492207]]]}},{"type":"Feature","properties":{"kind":"vegetation","name":null,"osm":"way/910307746"},"geometry":{"type":"Polygon","coordinates":[[[-112.070817,33.492206],[-112.070758,33.492206],[-112.070764,33.492287],[-112.070797,33.492287],[-112.070817,33.492206]]]}},{"type":"Feature","properties":{"kind":"vegetation","name":null,"osm":"way/910706802"},"geometry":{"type":"Polygon","coordinates":[[[-112.044328,33.494406],[-112.044191,33.49455],[-112.044224,33.494567],[-112.044404,33.494565],[-112.044419,33.494544],[-112.044386,33.494503],[-112.044372,33.494481],[-112.044359,33.494451],[-112.044352,33.494421],[-112.044347,33.494408],[-112.04434,33.494403],[-112.044328,33.494406]]]}},{"type":"Feature","properties":{"kind":"vegetation","name":null,"osm":"way/915364689"},"geometry":{"type":"Polygon","coordinates":[[[-112.070116,33.494607],[-112.070392,33.494607],[-112.070392,33.494552],[-112.070438,33.49455],[-112.070438,33.49463],[-112.070413,33.494656],[-112.070159,33.494652],[-112.070116,33.494607]]]}},{"type":"Feature","properties":{"kind":"vegetation","name":null,"osm":"way/915364690"},"geometry":{"type":"Polygon","coordinates":[[[-112.069955,33.494616],[-112.069867,33.494651],[-112.069595,33.494649],[-112.069553,33.494606],[-112.069549,33.494589],[-112.069549,33.494344],[-112.069561,33.494337],[-112.06957,33.494336],[-112.069587,33.494334],[-112.069588,33.494324],[-112.0696,33.494325],[-112.069611,33.494328],[-112.069618,33.494334],[-112.06962,33.49434],[-112.069613,33.494348],[-112.069602,33.494544],[-112.069661,33.494598],[-112.069763,33.494599],[-112.069763,33.494608],[-112.069869,33.494608],[-112.06987,33.4946],[-112.069943,33.4946],[-112.069956,33.4946],[-112.069955,33.494616]]]}},{"type":"Feature","properties":{"kind":"vegetation","name":null,"osm":"way/917156404"},"geometry":{"type":"Polygon","coordinates":[[[-112.072843,33.49246],[-112.072829,33.492461],[-112.072829,33.492455],[-112.072839,33.492432],[-112.072843,33.492432],[-112.072843,33.49246]]]}},{"type":"Feature","properties":{"kind":"vegetation","name":null,"osm":"way/917156405"},"geometry":{"type":"Polygon","coordinates":[[[-112.072853,33.49243],[-112.072877,33.49243],[-112.072887,33.492431],[-112.072894,33.492432],[-112.072904,33.492435],[-112.072916,33.49244],[-112.072923,33.492444],[-112.072933,33.492448],[-112.072938,33.492448],[-112.073053,33.492449],[-112.073053,33.492456],[-112.073045,33.49246],[-112.072852,33.492457],[-112.072853,33.49243]]]}},{"type":"Feature","properties":{"kind":"vegetation","name":null,"osm":"way/917156415"},"geometry":{"type":"Polygon","coordinates":[[[-112.076691,33.494543],[-112.076689,33.494694],[-112.077002,33.494696],[-112.077,33.494544],[-112.076978,33.494544],[-112.076691,33.494543]]]}},{"type":"Feature","properties":{"kind":"vegetation","name":null,"osm":"way/917156416"},"geometry":{"type":"Polygon","coordinates":[[[-112.076605,33.494543],[-112.076605,33.494694],[-112.076289,33.494691],[-112.076291,33.494609],[-112.076345,33.494608],[-112.076346,33.494541],[-112.076358,33.494542],[-112.076605,33.494543]]]}},{"type":"Feature","properties":{"kind":"vegetation","name":null,"osm":"way/917156417"},"geometry":{"type":"Polygon","coordinates":[[[-112.076196,33.49461],[-112.076196,33.494687],[-112.076119,33.494686],[-112.076108,33.49468],[-112.076099,33.494674],[-112.076093,33.494664],[-112.076089,33.494654],[-112.076088,33.494644],[-112.076087,33.494052],[-112.076097,33.494036],[-112.076096,33.494027],[-112.076194,33.494012],[-112.076202,33.494015],[-112.076204,33.494022],[-112.0762,33.494029],[-112.076196,33.494034],[-112.076188,33.494039],[-112.076145,33.494038],[-112.07614,33.49461],[-112.076196,33.49461]]]}},{"type":"Feature","properties":{"kind":"vegetation","name":null,"osm":"way/917156418"},"geometry":{"type":"Polygon","coordinates":[[[-112.074503,33.494602],[-112.074542,33.494608],[-112.074555,33.494622],[-112.074562,33.494637],[-112.074566,33.49465],[-112.074066,33.494645],[-112.074028,33.49462],[-112.074028,33.494277],[-112.074045,33.494283],[-112.074078,33.494312],[-112.074072,33.494371],[-112.074061,33.494507],[-112.074072,33.494533],[-112.074091,33.494559],[-112.074115,33.494578],[-112.07415,33.494598],[-112.074174,33.494605],[-112.074503,33.494602]]]}},{"type":"Feature","properties":{"kind":"vegetation","name":null,"osm":"way/917156419"},"geometry":{"type":"Polygon","coordinates":[[[-112.074743,33.494558],[-112.074841,33.494559],[-112.07484,33.494646],[-112.074835,33.494655],[-112.074825,33.494663],[-112.074811,33.49467],[-112.074797,33.494675],[-112.074748,33.494675],[-112.074725,33.494655],[-112.074713,33.494655],[-112.074713,33.494607],[-112.074743,33.494558]]]}},{"type":"Feature","properties":{"kind":"vegetation","name":null,"osm":"way/919030920"},"geometry":{"type":"Polygon","coordinates":[[[-112.069261,33.49512],[-112.069262,33.494978],[-112.069208,33.494976],[-112.069211,33.494882],[-112.069081,33.49488],[-112.06908,33.49498],[-112.069131,33.494981],[-112.06913,33.495031],[-112.069136,33.49506],[-112.069148,33.495083],[-112.069159,33.495095],[-112.069178,33.495106],[-112.069203,33.495115],[-112.069225,33.495119],[-112.069261,33.49512]]]}},{"type":"Feature","properties":{"kind":"vegetation","name":null,"osm":"way/919030921"},"geometry":{"type":"Polygon","coordinates":[[[-112.069935,33.495023],[-112.069935,33.495],[-112.069736,33.494997],[-112.069734,33.495018],[-112.06973,33.495049],[-112.069723,33.495069],[-112.069706,33.49509],[-112.06967,33.49511],[-112.069646,33.495117],[-112.069601,33.495122],[-112.069601,33.494977],[-112.071527,33.494993],[-112.071513,33.497254],[-112.072288,33.497908],[-112.072161,33.497982],[-112.072136,33.497951],[-112.072098,33.497918],[-112.072055,33.497894],[-112.072011,33.497885],[-112.071971,33.497875],[-112.071929,33.49787],[-112.071889,33.497871],[-112.071856,33.497879],[-112.071837,33.497886],[-112.071815,33.497897],[-112.071799,33.497902],[-112.071825,33.497878],[-112.071838,33.497859],[-112.071847,33.497838],[-112.071854,33.497812],[-112.071855,33.497783],[-112.071852,33.497756],[-112.071845,33.497727],[-112.071829,33.497696],[-112.071805,33.497667],[-112.071777,33.49764],[-112.071752,33.497622],[-112.071728,33.497608],[-112.071689,33.497594],[-112.071653,33.497586],[-112.071607,33.49758],[-112.071571,33.497582],[-112.071541,33.49759],[-112.071512,33.497597],[-112.071491,33.497606],[-112.071464,33.49762],[-112.071436,33.497638],[-112.071416,33.497652],[-112.0714,33.497668],[-112.071387,33.497687],[-112.071375,33.497705],[-112.071371,33.497717],[-112.071368,33.497726],[-112.071364,33.497701],[-112.071359,33.497665],[-112.07135,33.497624],[-112.071341,33.497593],[-112.071331,33.497554],[-112.071313,33.497508],[-112.071292,33.497464],[-112.07127,33.497414],[-112.071247,33.497382],[-112.071214,33.497335],[-112.071188,33.497297],[-112.071156,33.497263],[-112.071123,33.497228],[-112.071093,33.497194],[-112.07104,33.497154],[-112.070993,33.497121],[-112.070955,33.497099],[-112.070924,33.497079],[-112.070914,33.49707],[-112.070912,33.497058],[-112.070918,33.497044],[-112.07092,33.497024],[-112.070914,33.497008],[-112.070892,33.496986],[-112.070867,33.496964],[-112.070853,33.496947],[-112.070832,33.496917],[-112.070818,33.496888],[-112.070807,33.496859],[-112.070803,33.496837],[-112.070802,33.496815],[-112.0708,33.496799],[-112.070809,33.496787],[-112.070818,33.496772],[-112.07083,33.496759],[-112.070832,33.496744],[-112.070834,33.496724],[-112.070833,33.496706],[-112.070832,33.496689],[-112.070825,33.496672],[-112.07083,33.496664],[-112.07083,33.496651],[-112.070824,33.496643],[-112.070812,33.496635],[-112.070802,33.49663],[-112.070779,33.496631],[-112.070763,33.496643],[-112.070758,33.496659],[-112.070762,33.496672],[-112.070771,33.496682],[-112.070787,33.496689],[-112.070801,33.49669],[-112.070806,33.496705],[-112.070808,33.496723],[-112.070806,33.496741],[-112.070797,33.496762],[-112.070781,33.496778],[-112.070773,33.496794],[-112.070771,33.49681],[-112.070771,33.496827],[-112.070771,33.496843],[-112.070726,33.496839],[-112.070716,33.496821],[-112.070706,33.496807],[-112.070681,33.496791],[-112.070663,33.496781],[-112.070627,33.496765],[-112.070589,33.496754],[-112.070557,33.496741],[-112.070538,33.49673],[-112.070519,33.496712],[-112.070505,33.496699],[-112.070488,33.496674],[-112.070478,33.496647],[-112.070466,33.496613],[-112.07046,33.496583],[-112.070448,33.496552],[-112.070463,33.496538],[-112.070474,33.496517],[-112.070481,33.496496],[-112.070492,33.496468],[-112.070498,33.496447],[-112.070513,33.496421],[-112.070539,33.496403],[-112.070774,33.496298],[-112.070869,33.496234],[-112.070955,33.496159],[-112.071013,33.496085],[-112.071039,33.496047],[-112.07106,33.496004],[-112.071082,33.49596],[-112.071099,33.495901],[-112.071113,33.495839],[-112.071123,33.495789],[-112.071131,33.495745],[-112.071129,33.495714],[-112.071124,33.495663],[-112.071114,33.49563],[-112.071105,33.495593],[-112.071095,33.495558],[-112.071081,33.495527],[-112.070996,33.495353],[-112.0708,33.495214],[-112.070559,33.495131],[-112.070421,33.495121],[-112.070314,33.49512],[-112.070264,33.495128],[-112.070198,33.495139],[-112.070146,33.495152],[-112.070071,33.495178],[-112.070022,33.4952],[-112.069971,33.495228],[-112.069937,33.495246],[-112.069903,33.495269],[-112.069874,33.495289],[-112.069844,33.495321],[-112.069782,33.495389],[-112.06976,33.495406],[-112.069737,33.495424],[-112.069694,33.495436],[-112.069653,33.495441],[-112.069625,33.495442],[-112.069631,33.495238],[-112.069661,33.49524],[-112.0697,33.495235],[-112.069728,33.495225],[-112.069758,33.495214],[-112.06979,33.495197],[-112.069817,33.495169],[-112.069842,33.495142],[-112.069863,33.49511],[-112.069875,33.495078],[-112.06988,33.495046],[-112.06988,33.495023],[-112.069935,33.495023]]]}},{"type":"Feature","properties":{"kind":"vegetation","name":null,"osm":"way/923987965"},"geometry":{"type":"Polygon","coordinates":[[[-112.058788,33.436627],[-112.058775,33.436113],[-112.058943,33.436116],[-112.059006,33.436032],[-112.059081,33.436055],[-112.059116,33.436059],[-112.059148,33.436059],[-112.059598,33.436059],[-112.05963,33.43607],[-112.059645,33.436088],[-112.059654,33.436106],[-112.05966,33.43615],[-112.059757,33.43615],[-112.059738,33.436248],[-112.059742,33.436341],[-112.059777,33.436337],[-112.059777,33.436352],[-112.059783,33.436718],[-112.059273,33.436722],[-112.058788,33.436627]]]}},{"type":"Feature","properties":{"kind":"water","name":null,"osm":"way/928660728"},"geometry":{"type":"Polygon","coordinates":[[[-112.025594,33.415191],[-112.025621,33.415182],[-112.025655,33.415168],[-112.025677,33.41515],[-112.025689,33.415126],[-112.025693,33.415099],[-112.025675,33.415069],[-112.025651,33.415044],[-112.025638,33.415035],[-112.025492,33.415037],[-112.025489,33.415057],[-112.025484,33.415096],[-112.025488,33.415132],[-112.025491,33.415153],[-112.025506,33.415174],[-112.025525,33.415193],[-112.025559,33.415199],[-112.025594,33.415191]]]}},{"type":"Feature","properties":{"kind":"vegetation","name":null,"osm":"way/929481551"},"geometry":{"type":"Polygon","coordinates":[[[-112.00381,33.469752],[-112.00373,33.469761],[-112.003587,33.469739],[-112.003378,33.469734],[-112.003244,33.469745],[-112.003115,33.46977],[-112.003,33.469801],[-112.002901,33.469857],[-112.002724,33.469877],[-112.002622,33.469886],[-112.002493,33.4699],[-112.002383,33.469906],[-112.002319,33.469902],[-112.002233,33.469823],[-112.002233,33.469741],[-112.002183,33.469739],[-112.002181,33.469272],[-112.00363,33.469263],[-112.003842,33.469396],[-112.003845,33.469736],[-112.00381,33.469752]]]}},{"type":"Feature","properties":{"kind":"vegetation","name":"Monorchid Park","osm":"way/931136148"},"geometry":{"type":"Polygon","coordinates":[[[-112.071102,33.458785],[-112.071102,33.459058],[-112.070653,33.459057],[-112.070653,33.458784],[-112.071102,33.458785]]]}},{"type":"Feature","properties":{"kind":"vegetation","name":null,"osm":"way/931850094"},"geometry":{"type":"Polygon","coordinates":[[[-112.017154,33.513066],[-112.017161,33.513014],[-112.01718,33.512986],[-112.017196,33.512954],[-112.017193,33.512919],[-112.017178,33.5129],[-112.017143,33.512889],[-112.017076,33.512879],[-112.017052,33.512877],[-112.017029,33.512882],[-112.017015,33.512897],[-112.017017,33.512918],[-112.017025,33.512935],[-112.017055,33.512959],[-112.017066,33.51298],[-112.017066,33.513004],[-112.017049,33.513029],[-112.017039,33.513058],[-112.017043,33.51308],[-112.01706,33.513098],[-112.01708,33.513099],[-112.017113,33.513101],[-112.017139,33.513094],[-112.017154,33.513066]]]}},{"type":"Feature","properties":{"kind":"vegetation","name":null,"osm":"way/931850099"},"geometry":{"type":"Polygon","coordinates":[[[-112.016546,33.513881],[-112.016639,33.513771],[-112.016739,33.513631],[-112.016754,33.513609],[-112.016744,33.513576],[-112.016728,33.513562],[-112.016701,33.513555],[-112.016671,33.51357],[-112.016645,33.513595],[-112.016639,33.513663],[-112.016606,33.513734],[-112.016546,33.513807],[-112.016502,33.513835],[-112.016479,33.51385],[-112.016468,33.513869],[-112.016468,33.513883],[-112.016487,33.513898],[-112.016511,33.513897],[-112.016546,33.513881]]]}},{"type":"Feature","properties":{"kind":"vegetation","name":null,"osm":"way/931850100"},"geometry":{"type":"Polygon","coordinates":[[[-112.016407,33.513886],[-112.016434,33.5139],[-112.016448,33.513912],[-112.01645,33.513929],[-112.016428,33.513946],[-112.016398,33.513943],[-112.016376,33.513929],[-112.016371,33.513917],[-112.016374,33.513898],[-112.016385,33.51389],[-112.016407,33.513886]]]}},{"type":"Feature","properties":{"kind":"vegetation","name":null,"osm":"way/931850101"},"geometry":{"type":"Polygon","coordinates":[[[-112.01742,33.513084],[-112.017494,33.513016],[-112.01752,33.512989],[-112.017522,33.512969],[-112.017506,33.512947],[-112.017477,33.512935],[-112.017441,33.512939],[-112.017414,33.512956],[-112.017387,33.512992],[-112.017367,33.513021],[-112.017354,33.513051],[-112.017358,33.513063],[-112.017375,33.513077],[-112.0174,33.513085],[-112.01742,33.513084]]]}},{"type":"Feature","properties":{"kind":"vegetation","name":null,"osm":"way/931860571"},"geometry":{"type":"Polygon","coordinates":[[[-112.07452,33.490007],[-112.074519,33.490038],[-112.074508,33.490041],[-112.074504,33.490102],[-112.07431,33.490229],[-112.074241,33.490229],[-112.073981,33.490014],[-112.073978,33.489982],[-112.073997,33.489982],[-112.073996,33.489968],[-112.07401,33.489968],[-112.074011,33.489956],[-112.074029,33.489955],[-112.074029,33.489943],[-112.074055,33.489941],[-112.074065,33.489958],[-112.074083,33.489982],[-112.074096,33.489996],[-112.07412,33.490024],[-112.074133,33.490032],[-112.074153,33.490047],[-112.074223,33.490032],[-112.074482,33.490031],[-112.074482,33.490008],[-112.07452,33.490007]]]}},{"type":"Feature","properties":{"kind":"vegetation","name":null,"osm":"way/931860572"},"geometry":{"type":"Polygon","coordinates":[[[-112.075043,33.489775],[-112.075044,33.489719],[-112.075332,33.489721],[-112.075332,33.489751],[-112.075297,33.489751],[-112.075297,33.489776],[-112.075043,33.489775]]]}},{"type":"Feature","properties":{"kind":"vegetation","name":null,"osm":"way/931860573"},"geometry":{"type":"Polygon","coordinates":[[[-112.075024,33.489717],[-112.075023,33.489779],[-112.07474,33.489781],[-112.074739,33.489728],[-112.074761,33.489725],[-112.074762,33.489717],[-112.075024,33.489717]]]}},{"type":"Feature","properties":{"kind":"vegetation","name":null,"osm":"way/931860577"},"geometry":{"type":"Polygon","coordinates":[[[-112.074778,33.487271],[-112.074896,33.487373],[-112.074897,33.487425],[-112.074155,33.48742],[-112.074155,33.487388],[-112.074144,33.487376],[-112.074111,33.487359],[-112.07409,33.487349],[-112.074075,33.487337],[-112.074072,33.487323],[-112.07407,33.487274],[-112.074102,33.487266],[-112.074125,33.487258],[-112.074152,33.487247],[-112.074217,33.487305],[-112.074391,33.487306],[-112.07443,33.487267],[-112.074468,33.487295],[-112.074491,33.487304],[-112.074516,33.487305],[-112.074541,33.487305],[-112.07456,33.487298],[-112.074584,33.487293],[-112.074602,33.487297],[-112.074633,33.487306],[-112.074652,33.487312],[-112.074691,33.48731],[-112.074717,33.487305],[-112.074743,33.487295],[-112.074778,33.487271]]]}},{"type":"Feature","properties":{"kind":"vegetation","name":null,"osm":"way/931860578"},"geometry":{"type":"Polygon","coordinates":[[[-112.071076,33.498218],[-112.070383,33.498219],[-112.070378,33.498553],[-112.070439,33.498604],[-112.070501,33.498597],[-112.07063,33.498578],[-112.070796,33.498518],[-112.070883,33.498472],[-112.071009,33.498396],[-112.071075,33.498333],[-112.071076,33.498218]]]}},{"type":"Feature","properties":{"kind":"vegetation","name":null,"osm":"way/931860579"},"geometry":{"type":"Polygon","coordinates":[[[-112.070893,33.498518],[-112.07081,33.498556],[-112.070732,33.498583],[-112.070729,33.498588],[-112.070731,33.498595],[-112.070735,33.498601],[-112.070742,33.498604],[-112.070861,33.498652],[-112.070869,33.498656],[-112.070875,33.498656],[-112.070882,33.498654],[-112.070886,33.498651],[-112.070889,33.498647],[-112.070906,33.49853],[-112.070905,33.498524],[-112.070902,33.49852],[-112.070893,33.498518]]]}},{"type":"Feature","properties":{"kind":"vegetation","name":null,"osm":"way/931860580"},"geometry":{"type":"Polygon","coordinates":[[[-112.071179,33.498291],[-112.071292,33.498344],[-112.07122,33.498479],[-112.07118,33.498569],[-112.071149,33.498666],[-112.071125,33.498785],[-112.071118,33.498822],[-112.071111,33.498833],[-112.071086,33.498844],[-112.071055,33.498847],[-112.071041,33.498846],[-112.071022,33.498842],[-112.071014,33.498835],[-112.070938,33.498722],[-112.070928,33.498697],[-112.070924,33.498669],[-112.070924,33.498641],[-112.070931,33.498587],[-112.070947,33.49852],[-112.070955,33.498499],[-112.07097,33.498484],[-112.070964,33.498475],[-112.071002,33.498447],[-112.071075,33.498391],[-112.071125,33.498345],[-112.071179,33.498291]]]}},{"type":"Feature","properties":{"kind":"vegetation","name":null,"osm":"way/931860581"},"geometry":{"type":"Polygon","coordinates":[[[-112.0703,33.498216],[-112.069543,33.498218],[-112.069541,33.498265],[-112.0696,33.498323],[-112.069669,33.498385],[-112.06975,33.498447],[-112.06989,33.49852],[-112.070022,33.498564],[-112.070138,33.498592],[-112.07025,33.498612],[-112.070299,33.498571],[-112.0703,33.498216]]]}},{"type":"Feature","properties":{"kind":"vegetation","name":null,"osm":"way/931860582"},"geometry":{"type":"Polygon","coordinates":[[[-112.069785,33.498519],[-112.069695,33.498459],[-112.069612,33.498522],[-112.069611,33.498527],[-112.069615,33.498532],[-112.069624,33.498535],[-112.069633,33.498536],[-112.06973,33.498529],[-112.069762,33.498531],[-112.069771,33.498531],[-112.069783,33.498529],[-112.069786,33.498524],[-112.069785,33.498519]]]}},{"type":"Feature","properties":{"kind":"vegetation","name":null,"osm":"way/931860583"},"geometry":{"type":"Polygon","coordinates":[[[-112.06967,33.49844],[-112.069619,33.498476],[-112.06945,33.498318],[-112.069411,33.49827],[-112.069368,33.498203],[-112.069442,33.4982],[-112.069503,33.498282],[-112.069573,33.498359],[-112.06967,33.49844]]]}},{"type":"Feature","properties":{"kind":"vegetation","name":null,"osm":"way/931860584"},"geometry":{"type":"Polygon","coordinates":[[[-112.069391,33.498121],[-112.069358,33.498046],[-112.0693,33.498062],[-112.069334,33.498124],[-112.069391,33.498121]]]}},{"type":"Feature","properties":{"kind":"vegetation","name":null,"osm":"way/931860585"},"geometry":{"type":"Polygon","coordinates":[[[-112.070052,33.49794],[-112.070057,33.498161],[-112.069537,33.498162],[-112.069539,33.498114],[-112.069441,33.498116],[-112.069403,33.498025],[-112.069368,33.497883],[-112.069477,33.497788],[-112.069371,33.497693],[-112.0694,33.497564],[-112.069445,33.497454],[-112.069464,33.497499],[-112.069518,33.497544],[-112.069537,33.497891],[-112.069564,33.497892],[-112.069574,33.497903],[-112.069575,33.497927],[-112.069848,33.497918],[-112.069852,33.497952],[-112.069884,33.497949],[-112.069883,33.497914],[-112.069946,33.497909],[-112.069999,33.497939],[-112.070052,33.49794]]]}},{"type":"Feature","properties":{"kind":"vegetation","name":null,"osm":"way/931860586"},"geometry":{"type":"Polygon","coordinates":[[[-112.06932,33.497887],[-112.069347,33.498011],[-112.069257,33.498034],[-112.069228,33.497916],[-112.069269,33.497908],[-112.06932,33.497887]]]}},{"type":"Feature","properties":{"kind":"vegetation","name":null,"osm":"way/931860587"},"geometry":{"type":"Polygon","coordinates":[[[-112.069224,33.497897],[-112.069206,33.497805],[-112.069255,33.497804],[-112.069312,33.49785],[-112.069317,33.497868],[-112.069292,33.497882],[-112.06926,33.497894],[-112.069224,33.497897]]]}},{"type":"Feature","properties":{"kind":"vegetation","name":null,"osm":"way/931860591"},"geometry":{"type":"Polygon","coordinates":[[[-112.06938,33.497486],[-112.069362,33.497486],[-112.069338,33.497489],[-112.069309,33.497503],[-112.069276,33.497527],[-112.069244,33.497557],[-112.069219,33.49759],[-112.06925,33.497613],[-112.069269,33.49763],[-112.069288,33.497653],[-112.069292,33.497676],[-112.069291,33.497694],[-112.069289,33.497713],[-112.069278,33.497732],[-112.069289,33.497743],[-112.069319,33.497725],[-112.06932,33.49769],[-112.069331,33.49763],[-112.069345,33.497575],[-112.06938,33.497486]]]}},{"type":"Feature","properties":{"kind":"vegetation","name":null,"osm":"way/931860592"},"geometry":{"type":"Polygon","coordinates":[[[-112.069208,33.497609],[-112.069241,33.497634],[-112.069259,33.49766],[-112.069264,33.497679],[-112.069264,33.497705],[-112.069255,33.497729],[-112.069236,33.497746],[-112.069214,33.497758],[-112.069199,33.497763],[-112.06917,33.497768],[-112.069144,33.497765],[-112.069118,33.497755],[-112.069089,33.497739],[-112.069076,33.497718],[-112.069076,33.497709],[-112.069083,33.49769],[-112.069105,33.497673],[-112.069156,33.497655],[-112.069179,33.497641],[-112.069208,33.497609]]]}},{"type":"Feature","properties":{"kind":"vegetation","name":null,"osm":"way/931860593"},"geometry":{"type":"Polygon","coordinates":[[[-112.069623,33.497514],[-112.06958,33.497517],[-112.069566,33.497522],[-112.069545,33.497533],[-112.069493,33.49749],[-112.069468,33.497447],[-112.069617,33.497446],[-112.069623,33.497514]]]}},{"type":"Feature","properties":{"kind":"vegetation","name":null,"osm":"way/931860594"},"geometry":{"type":"Polygon","coordinates":[[[-112.069714,33.497446],[-112.069866,33.497449],[-112.069838,33.497487],[-112.069821,33.497504],[-112.069793,33.497532],[-112.069783,33.497525],[-112.06977,33.497519],[-112.069753,33.497514],[-112.069714,33.497514],[-112.069714,33.497446]]]}},{"type":"Feature","properties":{"kind":"vegetation","name":null,"osm":"way/931860599"},"geometry":{"type":"Polygon","coordinates":[[[-112.070039,33.497441],[-112.069898,33.497445],[-112.069881,33.497473],[-112.069864,33.497495],[-112.069844,33.497516],[-112.06982,33.497535],[-112.069807,33.497544],[-112.069815,33.497566],[-112.069817,33.4976],[-112.06982,33.497786],[-112.069823,33.497886],[-112.069849,33.497884],[-112.069846,33.497871],[-112.069947,33.497868],[-112.069937,33.497573],[-112.069953,33.497572],[-112.069953,33.497557],[-112.069957,33.49754],[-112.069961,33.497528],[-112.069974,33.497515],[-112.069987,33.497506],[-112.069998,33.4975],[-112.070011,33.497498],[-112.070039,33.497496],[-112.070039,33.497441]]]}},{"type":"Feature","properties":{"kind":"vegetation","name":null,"osm":"way/931860600"},"geometry":{"type":"Polygon","coordinates":[[[-112.069242,33.498017],[-112.06921,33.498021],[-112.06916,33.498023],[-112.06916,33.497988],[-112.069234,33.497984],[-112.069242,33.498017]]]}},{"type":"Feature","properties":{"kind":"vegetation","name":null,"osm":"way/931860601"},"geometry":{"type":"Polygon","coordinates":[[[-112.071318,33.497857],[-112.071251,33.497802],[-112.071145,33.497802],[-112.071141,33.498161],[-112.071215,33.498163],[-112.071252,33.498097],[-112.071276,33.49804],[-112.071303,33.497956],[-112.071318,33.497857]]]}},{"type":"Feature","properties":{"kind":"vegetation","name":null,"osm":"way/931860602"},"geometry":{"type":"Polygon","coordinates":[[[-112.071619,33.49801],[-112.071566,33.498002],[-112.071494,33.497973],[-112.071439,33.497942],[-112.071395,33.497899],[-112.07137,33.497862],[-112.071358,33.49793],[-112.071327,33.498049],[-112.071294,33.498113],[-112.071265,33.498163],[-112.071221,33.498233],[-112.071323,33.498285],[-112.071441,33.498166],[-112.071619,33.49801]]]}},{"type":"Feature","properties":{"kind":"vegetation","name":null,"osm":"way/931860603"},"geometry":{"type":"Polygon","coordinates":[[[-112.071139,33.497412],[-112.071215,33.497412],[-112.071261,33.497507],[-112.071292,33.497587],[-112.071309,33.497652],[-112.07132,33.497721],[-112.071256,33.497776],[-112.071143,33.497775],[-112.071139,33.497412]]]}},{"type":"Feature","properties":{"kind":"vegetation","name":null,"osm":"way/931860606"},"geometry":{"type":"Polygon","coordinates":[[[-112.070768,33.497428],[-112.07091,33.497426],[-112.070912,33.497535],[-112.07077,33.497537],[-112.070768,33.497428]]]}},{"type":"Feature","properties":{"kind":"vegetation","name":null,"osm":"way/931860607"},"geometry":{"type":"Polygon","coordinates":[[[-112.070952,33.49742],[-112.071036,33.49742],[-112.071036,33.497448],[-112.071076,33.497448],[-112.071077,33.497675],[-112.070973,33.497676],[-112.070973,33.497539],[-112.070953,33.497539],[-112.070952,33.49742]]]}},{"type":"Feature","properties":{"kind":"water","name":null,"osm":"way/931860608"},"geometry":{"type":"Polygon","coordinates":[[[-112.070332,33.497819],[-112.070343,33.49782],[-112.070356,33.497818],[-112.070366,33.497813],[-112.070374,33.497806],[-112.070379,33.497797],[-112.07038,33.497787],[-112.070377,33.497777],[-112.070371,33.497769],[-112.070361,33.497762],[-112.07035,33.497759],[-112.070342,33.497759],[-112.070338,33.497759],[-112.070326,33.497762],[-112.070316,33.497768],[-112.070309,33.497777],[-112.070306,33.497787],[-112.070307,33.497797],[-112.070313,33.497807],[-112.070321,33.497814],[-112.070332,33.497819]]]}},{"type":"Feature","properties":{"kind":"vegetation","name":"Japanese Friendship Garden","osm":"way/932542869"},"geometry":{"type":"Polygon","coordinates":[[[-112.077662,33.460629],[-112.077661,33.461196],[-112.077598,33.461234],[-112.076996,33.461239],[-112.076837,33.461386],[-112.076721,33.461444],[-112.076625,33.461473],[-112.076529,33.461488],[-112.076439,33.461486],[-112.075948,33.461386],[-112.075807,33.461382],[-112.075657,33.461412],[-112.075626,33.461407],[-112.07537,33.461313],[-112.075271,33.461304],[-112.075225,33.461293],[-112.075194,33.461276],[-112.075176,33.461252],[-112.075167,33.461223],[-112.075155,33.461084],[-112.075374,33.461079],[-112.075371,33.461054],[-112.07537,33.460649],[-112.077053,33.460629],[-112.077662,33.460629]]]}},{"type":"Feature","properties":{"kind":"vegetation","name":null,"osm":"way/932648361"},"geometry":{"type":"Polygon","coordinates":[[[-112.079131,33.43599],[-112.07913,33.435927],[-112.079114,33.43593],[-112.079088,33.435931],[-112.079058,33.435929],[-112.079028,33.435923],[-112.079003,33.435914],[-112.078987,33.435905],[-112.078971,33.435896],[-112.078951,33.43588],[-112.07894,33.435864],[-112.078926,33.435842],[-112.078919,33.435824],[-112.078916,33.435805],[-112.078849,33.435805],[-112.078852,33.43599],[-112.079131,33.43599]]]}},{"type":"Feature","properties":{"kind":"vegetation","name":null,"osm":"way/932648364"},"geometry":{"type":"Polygon","coordinates":[[[-112.079414,33.435786],[-112.0794,33.435812],[-112.079398,33.43584],[-112.079405,33.435868],[-112.079423,33.435892],[-112.079449,33.435911],[-112.079481,33.435921],[-112.079515,33.435923],[-112.079548,33.435916],[-112.079576,33.435901],[-112.079599,33.435877],[-112.079611,33.435848],[-112.079611,33.435818],[-112.079598,33.435789],[-112.079575,33.435765],[-112.079543,33.43575],[-112.079507,33.435744],[-112.079471,33.435749],[-112.079438,33.435763],[-112.079414,33.435786]]]}},{"type":"Feature","properties":{"kind":"vegetation","name":"Virginia Park","osm":"way/933060487"},"geometry":{"type":"Polygon","coordinates":[[[-112.049817,33.4767],[-112.049819,33.477023],[-112.049785,33.477022],[-112.049197,33.477021],[-112.049195,33.476676],[-112.049195,33.476664],[-112.049622,33.476663],[-112.049767,33.476657],[-112.04979,33.476665],[-112.04981,33.47668],[-112.049817,33.4767]]]}},{"type":"Feature","properties":{"kind":"vegetation","name":"Florence Crittenden Home","osm":"way/933654463"},"geometry":{"type":"Polygon","coordinates":[[[-112.060249,33.45803],[-112.060006,33.45803],[-112.060006,33.457817],[-112.060248,33.457817],[-112.060249,33.45803]]]}},{"type":"Feature","properties":{"kind":"water","name":null,"osm":"way/935685460"},"geometry":{"type":"Polygon","coordinates":[[[-112.012762,33.462806],[-112.012723,33.462513],[-112.012711,33.462403],[-112.012687,33.462096],[-112.012665,33.461529],[-112.012522,33.46137],[-112.01136,33.460988],[-112.008695,33.460045],[-112.008671,33.460189],[-112.008709,33.460314],[-112.009023,33.460415],[-112.011484,33.46212],[-112.012533,33.462848],[-112.012762,33.462806]]]}},{"type":"Feature","properties":{"kind":"water","name":null,"osm":"way/936578432"},"geometry":{"type":"Polygon","coordinates":[[[-112.049265,33.419168],[-112.04916,33.419145],[-112.049027,33.419087],[-112.048942,33.419074],[-112.048891,33.419062],[-112.048775,33.419051],[-112.048688,33.419041],[-112.048566,33.419014],[-112.04783,33.418811],[-112.047713,33.418777],[-112.047713,33.418721],[-112.047741,33.418705],[-112.047787,33.418651],[-112.047975,33.418628],[-112.048374,33.418748],[-112.048592,33.418775],[-112.048789,33.418794],[-112.048949,33.418831],[-112.049082,33.418858],[-112.04924,33.41888],[-112.049397,33.41887],[-112.049529,33.418871],[-112.049556,33.418906],[-112.04953,33.418996],[-112.049451,33.419213],[-112.049265,33.419168]]]}},{"type":"Feature","properties":{"kind":"vegetation","name":null,"osm":"way/941105305"},"geometry":{"type":"Polygon","coordinates":[[[-112.01999,33.511263],[-112.020042,33.511309],[-112.020087,33.511329],[-112.020114,33.511318],[-112.02014,33.511293],[-112.020148,33.511267],[-112.020143,33.51123],[-112.020112,33.511204],[-112.020049,33.511193],[-112.02001,33.511182],[-112.019982,33.51115],[-112.019961,33.511119],[-112.019932,33.511104],[-112.019903,33.511104],[-112.019865,33.511115],[-112.019865,33.511173],[-112.01987,33.5112],[-112.01989,33.511228],[-112.01992,33.511253],[-112.019945,33.511256],[-112.01999,33.511263]]]}},{"type":"Feature","properties":{"kind":"vegetation","name":null,"osm":"way/941105308"},"geometry":{"type":"Polygon","coordinates":[[[-112.018877,33.511642],[-112.019119,33.51149],[-112.019293,33.51145],[-112.019426,33.511375],[-112.019582,33.511289],[-112.019737,33.511171],[-112.019796,33.511161],[-112.019865,33.511173],[-112.01987,33.5112],[-112.01989,33.511228],[-112.01992,33.511253],[-112.019836,33.511339],[-112.019774,33.511426],[-112.019516,33.511572],[-112.019168,33.511794],[-112.01891,33.511928],[-112.01874,33.512108],[-112.018505,33.51228],[-112.01834,33.512425],[-112.018263,33.512468],[-112.018179,33.512487],[-112.018092,33.512451],[-112.018088,33.512377],[-112.018153,33.512226],[-112.01835,33.512054],[-112.018877,33.511642]]]}},{"type":"Feature","properties":{"kind":"vegetation","name":null,"osm":"way/941105309"},"geometry":{"type":"Polygon","coordinates":[[[-112.022521,33.510937],[-112.022544,33.51094],[-112.022558,33.510933],[-112.022567,33.510923],[-112.022565,33.51087],[-112.022235,33.510881],[-112.022116,33.510967],[-112.022117,33.510981],[-112.022128,33.510995],[-112.022156,33.511012],[-112.02218,33.511012],[-112.02222,33.511],[-112.022262,33.510971],[-112.022358,33.510938],[-112.022388,33.510934],[-112.022464,33.510933],[-112.022521,33.510937]]]}},{"type":"Feature","properties":{"kind":"vegetation","name":null,"osm":"way/941105311"},"geometry":{"type":"Polygon","coordinates":[[[-112.024387,33.511717],[-112.024477,33.511809],[-112.024553,33.51191],[-112.024606,33.511956],[-112.024648,33.511998],[-112.024668,33.512024],[-112.024671,33.512048],[-112.024652,33.512066],[-112.024611,33.512072],[-112.024575,33.512049],[-112.024558,33.512004],[-112.024534,33.511961],[-112.02448,33.511938],[-112.024449,33.511901],[-112.024412,33.511833],[-112.024384,33.511792],[-112.024361,33.511771],[-112.024355,33.51175],[-112.024351,33.511741],[-112.024353,33.511727],[-112.024364,33.511717],[-112.024387,33.511717]]]}},{"type":"Feature","properties":{"kind":"vegetation","name":null,"osm":"way/941105312"},"geometry":{"type":"Polygon","coordinates":[[[-112.024863,33.512425],[-112.024875,33.512438],[-112.024909,33.51244],[-112.024923,33.512418],[-112.024908,33.512387],[-112.024881,33.512368],[-112.024864,33.512372],[-112.024848,33.51238],[-112.024847,33.512401],[-112.024863,33.512425]]]}},{"type":"Feature","properties":{"kind":"vegetation","name":null,"osm":"way/941105313"},"geometry":{"type":"Polygon","coordinates":[[[-112.025169,33.512999],[-112.025231,33.512975],[-112.025292,33.512974],[-112.025357,33.51301],[-112.025477,33.513144],[-112.025657,33.513486],[-112.025828,33.513967],[-112.025942,33.514416],[-112.025958,33.514491],[-112.025917,33.514531],[-112.025866,33.514563],[-112.025828,33.514563],[-112.025795,33.514569],[-112.025775,33.514569],[-112.025757,33.514569],[-112.025688,33.514519],[-112.02564,33.514398],[-112.02544,33.513854],[-112.025275,33.513441],[-112.025162,33.513242],[-112.025111,33.513162],[-112.025078,33.513096],[-112.025082,33.513078],[-112.025098,33.513039],[-112.025128,33.513011],[-112.025169,33.512999]]]}},{"type":"Feature","properties":{"kind":"vegetation","name":null,"osm":"way/941105314"},"geometry":{"type":"Polygon","coordinates":[[[-112.025828,33.514563],[-112.025858,33.514576],[-112.025898,33.514609],[-112.025922,33.51464],[-112.025948,33.514662],[-112.025971,33.514685],[-112.02598,33.514718],[-112.025974,33.514745],[-112.025914,33.514762],[-112.02584,33.51478],[-112.0258,33.51478],[-112.025762,33.514761],[-112.025754,33.514712],[-112.025745,33.514659],[-112.025735,33.514618],[-112.02574,33.514601],[-112.025775,33.514569],[-112.025795,33.514569],[-112.025828,33.514563]]]}},{"type":"Feature","properties":{"kind":"vegetation","name":null,"osm":"way/945832206"},"geometry":{"type":"Polygon","coordinates":[[[-112.053167,33.49359],[-112.053879,33.493619],[-112.053946,33.493659],[-112.054092,33.493842],[-112.05418,33.493897],[-112.054319,33.493922],[-112.054487,33.493908],[-112.054471,33.494473],[-112.053159,33.494447],[-112.053167,33.49359]]]}},{"type":"Feature","properties":{"kind":"vegetation","name":null,"osm":"way/945832238"},"geometry":{"type":"Polygon","coordinates":[[[-112.06522,33.494876],[-112.065195,33.494852],[-112.065193,33.494822],[-112.065198,33.494817],[-112.065207,33.494815],[-112.065283,33.494815],[-112.06529,33.494817],[-112.065292,33.494821],[-112.06529,33.494827],[-112.06522,33.494876]]]}},{"type":"Feature","properties":{"kind":"vegetation","name":null,"osm":"way/945832239"},"geometry":{"type":"Polygon","coordinates":[[[-112.065207,33.494889],[-112.065184,33.494868],[-112.065174,33.494864],[-112.065164,33.494863],[-112.06516,33.494865],[-112.065158,33.494875],[-112.065163,33.49492],[-112.065166,33.494925],[-112.06517,33.494927],[-112.065175,33.494928],[-112.065179,33.494924],[-112.065207,33.494889]]]}},{"type":"Feature","properties":{"kind":"vegetation","name":"Hilaria Rodriguez Park","osm":"way/947883108"},"geometry":{"type":"Polygon","coordinates":[[[-112.02148,33.449232],[-112.02145,33.449242],[-112.020649,33.449235],[-112.020648,33.448801],[-112.021509,33.448806],[-112.021501,33.449205],[-112.02148,33.449232]]]}},{"type":"Feature","properties":{"kind":"vegetation","name":"Entry Garden","osm":"way/948291953"},"geometry":{"type":"Polygon","coordinates":[[[-112.069668,33.495846],[-112.069799,33.496026],[-112.069977,33.496129],[-112.070075,33.496212],[-112.070153,33.496339],[-112.070311,33.496392],[-112.070536,33.496398],[-112.070771,33.496297],[-112.070865,33.496233],[-112.070951,33.496157],[-112.071069,33.495976],[-112.071116,33.495758],[-112.071089,33.495558],[-112.070993,33.495359],[-112.0708,33.495219],[-112.07056,33.495134],[-112.070431,33.495125],[-112.070301,33.495127],[-112.070172,33.495152],[-112.070055,33.495194],[-112.069953,33.495248],[-112.069869,33.49531],[-112.069791,33.495388],[-112.069736,33.495468],[-112.069666,33.495653],[-112.069668,33.495846]]]}},{"type":"Feature","properties":{"kind":"vegetation","name":"Lewis Park","osm":"way/949844399"},"geometry":{"type":"Polygon","coordinates":[[[-112.053752,33.435453],[-112.053752,33.435474],[-112.053752,33.435486],[-112.05375,33.435848],[-112.053749,33.435889],[-112.053347,33.435887],[-112.053301,33.435887],[-112.053307,33.435451],[-112.053667,33.435453],[-112.053752,33.435453]]]}},{"type":"Feature","properties":{"kind":"vegetation","name":null,"osm":"way/952169994"},"geometry":{"type":"Polygon","coordinates":[[[-112.072692,33.492464],[-112.072693,33.492444],[-112.072691,33.492439],[-112.072681,33.492427],[-112.072686,33.492424],[-112.072695,33.492421],[-112.072702,33.49242],[-112.072705,33.49242],[-112.072714,33.492427],[-112.072718,33.492433],[-112.07272,33.492441],[-112.072723,33.492464],[-112.072692,33.492464]]]}},{"type":"Feature","properties":{"kind":"vegetation","name":null,"osm":"way/952169995"},"geometry":{"type":"Polygon","coordinates":[[[-112.072519,33.492447],[-112.07265,33.492447],[-112.072655,33.492449],[-112.072657,33.492452],[-112.072658,33.492458],[-112.072659,33.49247],[-112.07265,33.49247],[-112.07265,33.492486],[-112.072518,33.492485],[-112.072508,33.492485],[-112.072492,33.492485],[-112.07249,33.49243],[-112.072499,33.492438],[-112.072508,33.492443],[-112.072519,33.492447]]]}},{"type":"Feature","properties":{"kind":"water","name":null,"osm":"way/952395805"},"geometry":{"type":"Polygon","coordinates":[[[-111.985889,33.482698],[-111.985891,33.482603],[-111.985917,33.482594],[-111.985929,33.482576],[-111.985929,33.482554],[-111.985922,33.482539],[-111.985983,33.482487],[-111.986003,33.482503],[-111.986024,33.48251],[-111.986046,33.482505],[-111.986063,33.482496],[-111.986072,33.482485],[-111.986081,33.482469],[-111.986081,33.482452],[-111.986071,33.482442],[-111.986103,33.482445],[-111.986285,33.482606],[-111.986282,33.482707],[-111.985889,33.482698]]]}},{"type":"Feature","properties":{"kind":"vegetation","name":null,"osm":"way/952800259"},"geometry":{"type":"Polygon","coordinates":[[[-112.084084,33.439722],[-112.0841,33.439723],[-112.08412,33.439725],[-112.084137,33.43973],[-112.084153,33.439739],[-112.084165,33.439745],[-112.084186,33.439742],[-112.084199,33.439742],[-112.084213,33.439744],[-112.084237,33.439748],[-112.084255,33.439752],[-112.084273,33.439757],[-112.084294,33.439762],[-112.084315,33.439767],[-112.084338,33.43977],[-112.084361,33.439772],[-112.084389,33.439769],[-112.08441,33.439766],[-112.084429,33.439758],[-112.084446,33.439749],[-112.084463,33.43974],[-112.084482,33.439729],[-112.084495,33.439718],[-112.084506,33.439706],[-112.084519,33.439689],[-112.084525,33.439673],[-112.084532,33.439657],[-112.084535,33.439638],[-112.084538,33.439618],[-112.084534,33.439537],[-112.084533,33.439482],[-112.08453,33.439376],[-112.084478,33.439377],[-112.084479,33.439342],[-112.084532,33.439342],[-112.084531,33.439224],[-112.084514,33.439225],[-112.084512,33.439203],[-112.084528,33.439201],[-112.084528,33.439175],[-112.084527,33.439171],[-112.08452,33.43917],[-112.084308,33.43917],[-112.084309,33.439217],[-112.084265,33.439216],[-112.084267,33.439173],[-112.084258,33.439171],[-112.084213,33.43917],[-112.084195,33.439173],[-112.084173,33.439181],[-112.084146,33.439196],[-112.084156,33.439208],[-112.084134,33.439222],[-112.084125,33.439211],[-112.084118,33.439211],[-112.084055,33.439245],[-112.084029,33.439253],[-112.084005,33.439257],[-112.083988,33.439262],[-112.083988,33.439276],[-112.083959,33.439272],[-112.083962,33.439261],[-112.08396,33.439257],[-112.083902,33.439249],[-112.083886,33.439313],[-112.083881,33.439367],[-112.083878,33.439405],[-112.083879,33.439433],[-112.08408,33.439433],[-112.084084,33.439722]]]}},{"type":"Feature","properties":{"kind":"vegetation","name":null,"osm":"way/954761894"},"geometry":{"type":"Polygon","coordinates":[[[-112.089609,33.439708],[-112.089629,33.439714],[-112.089647,33.439725],[-112.089669,33.439736],[-112.089692,33.439739],[-112.089708,33.439736],[-112.089732,33.439727],[-112.089771,33.439693],[-112.089779,33.439655],[-112.089778,33.439609],[-112.089776,33.439575],[-112.089777,33.439547],[-112.089771,33.439517],[-112.089759,33.439498],[-112.089748,33.439487],[-112.089601,33.439615],[-112.08961,33.43963],[-112.089617,33.439656],[-112.089604,33.439661],[-112.08961,33.439686],[-112.089609,33.439708]]]}},{"type":"Feature","properties":{"kind":"vegetation","name":null,"osm":"way/954761895"},"geometry":{"type":"Polygon","coordinates":[[[-112.089356,33.439557],[-112.089339,33.439563],[-112.089313,33.439584],[-112.089297,33.439609],[-112.089292,33.439643],[-112.089304,33.439678],[-112.089325,33.4397],[-112.089348,33.439718],[-112.089372,33.439728],[-112.089404,33.439738],[-112.089439,33.439742],[-112.08947,33.43974],[-112.089502,33.439725],[-112.08952,33.43971],[-112.089528,33.439702],[-112.089526,33.439695],[-112.08951,33.439693],[-112.089479,33.439679],[-112.08945,33.439665],[-112.089421,33.439645],[-112.089397,33.439621],[-112.089373,33.439589],[-112.089365,33.43957],[-112.089356,33.439557]]]}},{"type":"Feature","properties":{"kind":"vegetation","name":null,"osm":"way/954761896"},"geometry":{"type":"Polygon","coordinates":[[[-112.089606,33.439368],[-112.08958,33.439359],[-112.089555,33.439351],[-112.089518,33.43935],[-112.089495,33.439359],[-112.089467,33.439365],[-112.089437,33.439365],[-112.08941,33.439357],[-112.089378,33.439349],[-112.089352,33.439353],[-112.089332,33.43936],[-112.089313,33.439373],[-112.089301,33.439387],[-112.089297,33.439402],[-112.089295,33.439418],[-112.089305,33.439438],[-112.08931,33.439439],[-112.089374,33.439438],[-112.089375,33.439475],[-112.089406,33.439479],[-112.089438,33.439487],[-112.089453,33.439492],[-112.08946,33.439493],[-112.089606,33.439368]]]}},{"type":"Feature","properties":{"kind":"vegetation","name":null,"osm":"way/958036862"},"geometry":{"type":"Polygon","coordinates":[[[-112.061737,33.433229],[-112.061636,33.433323],[-112.061624,33.433314],[-112.061592,33.433342],[-112.061608,33.433356],[-112.061563,33.433396],[-112.061538,33.433402],[-112.061504,33.433413],[-112.061482,33.433414],[-112.061441,33.433399],[-112.061457,33.433362],[-112.061498,33.43337],[-112.061519,33.43336],[-112.061513,33.433346],[-112.061506,33.433341],[-112.061504,33.433335],[-112.061449,33.433327],[-112.061437,33.433361],[-112.061423,33.433393],[-112.061098,33.433244],[-112.061099,33.433232],[-112.061737,33.433229]]]}},{"type":"Feature","properties":{"kind":"vegetation","name":null,"osm":"way/958036863"},"geometry":{"type":"Polygon","coordinates":[[[-112.062933,33.434115],[-112.062942,33.434123],[-112.062955,33.43412],[-112.062962,33.434107],[-112.062951,33.433248],[-112.062933,33.433228],[-112.062903,33.433219],[-112.062271,33.433223],[-112.062273,33.433285],[-112.062204,33.433286],[-112.062204,33.433253],[-112.062251,33.433252],[-112.062251,33.433221],[-112.06177,33.433227],[-112.061703,33.433288],[-112.0617,33.433306],[-112.061715,33.433319],[-112.06174,33.433324],[-112.061775,33.433335],[-112.061816,33.433362],[-112.061837,33.433389],[-112.061858,33.433427],[-112.061858,33.43347],[-112.061844,33.433514],[-112.061817,33.433543],[-112.061779,33.433565],[-112.061757,33.433575],[-112.061731,33.433601],[-112.061722,33.433625],[-112.061724,33.433654],[-112.061736,33.433678],[-112.061829,33.433739],[-112.061974,33.433812],[-112.062007,33.433816],[-112.062025,33.433828],[-112.062057,33.433844],[-112.062223,33.433872],[-112.062294,33.433883],[-112.062359,33.433883],[-112.062408,33.433878],[-112.062482,33.433873],[-112.062567,33.433879],[-112.062624,33.433892],[-112.062705,33.433918],[-112.06277,33.433951],[-112.062831,33.433997],[-112.062884,33.434048],[-112.062915,33.434087],[-112.062933,33.434115]]]}},{"type":"Feature","properties":{"kind":"vegetation","name":null,"osm":"way/958036866"},"geometry":{"type":"Polygon","coordinates":[[[-112.06296,33.43431],[-112.062959,33.434248],[-112.062945,33.434189],[-112.062919,33.434127],[-112.062883,33.434084],[-112.062842,33.434035],[-112.062813,33.434011],[-112.062769,33.433976],[-112.062728,33.433954],[-112.062674,33.433932],[-112.062615,33.433914],[-112.062554,33.433901],[-112.06248,33.433896],[-112.062418,33.433898],[-112.062351,33.433905],[-112.062295,33.433903],[-112.062204,33.433895],[-112.062111,33.433872],[-112.062034,33.433854],[-112.061971,33.433831],[-112.061909,33.433806],[-112.061886,33.433795],[-112.061854,33.433836],[-112.061799,33.433806],[-112.061832,33.433763],[-112.061746,33.433706],[-112.061716,33.43369],[-112.061707,33.433692],[-112.061647,33.433723],[-112.061692,33.433749],[-112.061718,33.433778],[-112.061738,33.433817],[-112.061743,33.433851],[-112.061719,33.433897],[-112.061692,33.43393],[-112.061656,33.43395],[-112.061651,33.433963],[-112.062321,33.433967],[-112.062319,33.434098],[-112.062322,33.434312],[-112.06296,33.43431]]]}},{"type":"Feature","properties":{"kind":"vegetation","name":null,"osm":"way/963335359"},"geometry":{"type":"Polygon","coordinates":[[[-112.073614,33.493549],[-112.073604,33.493549],[-112.073602,33.493691],[-112.073471,33.493693],[-112.07347,33.493701],[-112.073616,33.493699],[-112.073614,33.493549]]]}},{"type":"Feature","properties":{"kind":"vegetation","name":null,"osm":"way/963335360"},"geometry":{"type":"Polygon","coordinates":[[[-112.073416,33.493662],[-112.073371,33.493699],[-112.073417,33.4937],[-112.073416,33.493662]]]}},{"type":"Feature","properties":{"kind":"vegetation","name":null,"osm":"way/963501950"},"geometry":{"type":"Polygon","coordinates":[[[-112.075384,33.46],[-112.07542,33.459997],[-112.075452,33.459981],[-112.075474,33.459956],[-112.075481,33.459926],[-112.075473,33.459896],[-112.075451,33.459871],[-112.075419,33.459856],[-112.075383,33.459853],[-112.075348,33.459863],[-112.07532,33.459883],[-112.075306,33.459911],[-112.075306,33.459942],[-112.075321,33.45997],[-112.075349,33.459991],[-112.075384,33.46]]]}},{"type":"Feature","properties":{"kind":"vegetation","name":null,"osm":"way/963501951"},"geometry":{"type":"Polygon","coordinates":[[[-112.076406,33.460007],[-112.076441,33.460004],[-112.076473,33.45999],[-112.076495,33.459967],[-112.076505,33.459939],[-112.076501,33.459909],[-112.076484,33.459883],[-112.076457,33.459865],[-112.076423,33.459856],[-112.076387,33.459859],[-112.076356,33.459873],[-112.076334,33.459896],[-112.076324,33.459925],[-112.076328,33.459954],[-112.076345,33.45998],[-112.076372,33.459999],[-112.076406,33.460007]]]}},{"type":"Feature","properties":{"kind":"vegetation","name":null,"osm":"way/963501953"},"geometry":{"type":"Polygon","coordinates":[[[-112.075654,33.459863],[-112.075628,33.459863],[-112.075603,33.459873],[-112.075586,33.459885],[-112.075574,33.459902],[-112.075568,33.459918],[-112.075566,33.459936],[-112.075568,33.459957],[-112.075583,33.459977],[-112.075609,33.45999],[-112.075636,33.459997],[-112.076151,33.46],[-112.076182,33.459995],[-112.076203,33.459988],[-112.076219,33.459979],[-112.076233,33.459955],[-112.07624,33.459929],[-112.076234,33.459906],[-112.076223,33.459889],[-112.07621,33.459876],[-112.076189,33.459869],[-112.076157,33.459863],[-112.075654,33.459863]]]}},{"type":"Feature","properties":{"kind":"vegetation","name":null,"osm":"way/963778069"},"geometry":{"type":"Polygon","coordinates":[[[-112.074065,33.459856],[-112.074067,33.459774],[-112.074207,33.459774],[-112.074205,33.459797],[-112.074187,33.459806],[-112.074171,33.459817],[-112.074158,33.459829],[-112.074148,33.45984],[-112.074136,33.459852],[-112.074125,33.459861],[-112.074105,33.459868],[-112.074085,33.459871],[-112.074085,33.459857],[-112.074065,33.459856]]]}},{"type":"Feature","properties":{"kind":"vegetation","name":null,"osm":"way/963778865"},"geometry":{"type":"Polygon","coordinates":[[[-112.077668,33.459889],[-112.077667,33.459787],[-112.077423,33.459787],[-112.077423,33.459808],[-112.077454,33.459822],[-112.077476,33.459832],[-112.077497,33.459845],[-112.077517,33.45986],[-112.077539,33.459876],[-112.077561,33.459882],[-112.077615,33.459886],[-112.077616,33.459873],[-112.077642,33.459873],[-112.077643,33.459889],[-112.077668,33.459889]]]}},{"type":"Feature","properties":{"kind":"vegetation","name":null,"osm":"way/963778866"},"geometry":{"type":"Polygon","coordinates":[[[-112.077421,33.460085],[-112.077421,33.46007],[-112.077436,33.460066],[-112.077451,33.460061],[-112.077468,33.460053],[-112.077485,33.460045],[-112.077495,33.460037],[-112.077505,33.460031],[-112.077514,33.460023],[-112.077523,33.460014],[-112.077535,33.460006],[-112.077546,33.46],[-112.077559,33.459995],[-112.077574,33.459989],[-112.077592,33.459985],[-112.077621,33.459983],[-112.077658,33.459984],[-112.07765,33.460084],[-112.077421,33.460085]]]}},{"type":"Feature","properties":{"kind":"vegetation","name":null,"osm":"way/965041985"},"geometry":{"type":"Polygon","coordinates":[[[-112.077401,33.457758],[-112.07759,33.45776],[-112.07759,33.457851],[-112.0774,33.457851],[-112.077401,33.457758]]]}},{"type":"Feature","properties":{"kind":"vegetation","name":null,"osm":"way/965041986"},"geometry":{"type":"Polygon","coordinates":[[[-112.077605,33.457548],[-112.077653,33.457548],[-112.077651,33.458567],[-112.077621,33.458584],[-112.077608,33.458587],[-112.077603,33.458586],[-112.077605,33.457548]]]}},{"type":"Feature","properties":{"kind":"vegetation","name":null,"osm":"way/965281442"},"geometry":{"type":"Polygon","coordinates":[[[-112.064553,33.475556],[-112.064983,33.475558],[-112.064981,33.475839],[-112.064556,33.475834],[-112.064553,33.475556]]]}},{"type":"Feature","properties":{"kind":"vegetation","name":null,"osm":"way/965430004"},"geometry":{"type":"Polygon","coordinates":[[[-112.074142,33.486004],[-112.074087,33.486053],[-112.074057,33.486083],[-112.074035,33.486099],[-112.074017,33.48611],[-112.073994,33.486121],[-112.073994,33.486196],[-112.074008,33.486198],[-112.074006,33.486255],[-112.073996,33.486265],[-112.073991,33.486324],[-112.074164,33.486465],[-112.074165,33.486479],[-112.074123,33.48648],[-112.07412,33.486627],[-112.074744,33.486626],[-112.074822,33.486608],[-112.074843,33.486602],[-112.07486,33.486602],[-112.074873,33.486608],[-112.07491,33.486644],[-112.075185,33.486407],[-112.075181,33.48636],[-112.075077,33.48636],[-112.075056,33.486349],[-112.075009,33.486312],[-112.074995,33.486305],[-112.074986,33.486302],[-112.074959,33.486301],[-112.074957,33.486266],[-112.074653,33.486015],[-112.074561,33.486012],[-112.074508,33.485974],[-112.074331,33.48612],[-112.074161,33.485983],[-112.074142,33.486004]]]}},{"type":"Feature","properties":{"kind":"vegetation","name":null,"osm":"way/965430005"},"geometry":{"type":"Polygon","coordinates":[[[-112.073472,33.488088],[-112.073448,33.488092],[-112.07343,33.488093],[-112.073412,33.488093],[-112.073387,33.488091],[-112.073368,33.488088],[-112.073362,33.48809],[-112.073365,33.488101],[-112.073367,33.488117],[-112.073368,33.488134],[-112.073367,33.488148],[-112.073367,33.48816],[-112.073364,33.488173],[-112.073362,33.488181],[-112.073366,33.488184],[-112.073377,33.488182],[-112.073394,33.48818],[-112.073414,33.488179],[-112.07343,33.488179],[-112.073447,33.48818],[-112.07346,33.488182],[-112.073473,33.488185],[-112.073477,33.488183],[-112.073473,33.488168],[-112.073471,33.48815],[-112.07347,33.48813],[-112.073473,33.488107],[-112.073477,33.488091],[-112.073472,33.488088]]]}},{"type":"Feature","properties":{"kind":"vegetation","name":null,"osm":"way/966332797"},"geometry":{"type":"Polygon","coordinates":[[[-112.070333,33.500897],[-112.070339,33.500877],[-112.070356,33.500853],[-112.070378,33.50083],[-112.070398,33.500811],[-112.070414,33.500801],[-112.070437,33.500786],[-112.070454,33.500775],[-112.070477,33.500766],[-112.070502,33.500756],[-112.070519,33.500752],[-112.070552,33.500747],[-112.070572,33.500745],[-112.070594,33.500744],[-112.070616,33.500745],[-112.070629,33.500748],[-112.070587,33.50079],[-112.070565,33.500791],[-112.070537,33.500796],[-112.070504,33.50081],[-112.070475,33.500825],[-112.070455,33.50084],[-112.070434,33.500858],[-112.07042,33.50087],[-112.070405,33.50089],[-112.070392,33.500909],[-112.070384,33.500923],[-112.07038,33.50093],[-112.070346,33.500918],[-112.070341,33.500907],[-112.070333,33.500897]]]}},{"type":"Feature","properties":{"kind":"vegetation","name":null,"osm":"way/966332800"},"geometry":{"type":"Polygon","coordinates":[[[-112.070255,33.500944],[-112.070229,33.500948],[-112.0702,33.500954],[-112.070161,33.50097],[-112.070126,33.500984],[-112.070093,33.500999],[-112.070073,33.501018],[-112.070053,33.501039],[-112.070035,33.501065],[-112.070016,33.501089],[-112.070008,33.501107],[-112.070003,33.501129],[-112.070006,33.501157],[-112.070012,33.501192],[-112.070016,33.501226],[-112.070019,33.501263],[-112.070022,33.501301],[-112.070026,33.501326],[-112.070034,33.501348],[-112.070052,33.501377],[-112.070069,33.501413],[-112.070087,33.50144],[-112.070107,33.50147],[-112.070129,33.501496],[-112.070161,33.50153],[-112.070189,33.501559],[-112.070212,33.501579],[-112.070239,33.501595],[-112.070272,33.501617],[-112.070309,33.501636],[-112.070341,33.50165],[-112.070373,33.501663],[-112.070408,33.50167],[-112.070451,33.501675],[-112.070478,33.501676],[-112.070521,33.501673],[-112.070569,33.501665],[-112.070618,33.501651],[-112.070652,33.501639],[-112.070694,33.501619],[-112.070727,33.5016],[-112.07075,33.501582],[-112.070779,33.501562],[-112.070808,33.501533],[-112.070828,33.501511],[-112.070847,33.501489],[-112.070864,33.501464],[-112.070874,33.501447],[-112.070867,33.501442],[-112.070862,33.501431],[-112.07086,33.50142],[-112.070861,33.501413],[-112.07083,33.501406],[-112.070794,33.501391],[-112.070758,33.501377],[-112.07073,33.501363],[-112.070694,33.501343],[-112.070655,33.501322],[-112.07062,33.501301],[-112.070604,33.501316],[-112.070569,33.501294],[-112.070584,33.501278],[-112.070533,33.501249],[-112.070478,33.501227],[-112.07042,33.501198],[-112.070382,33.501174],[-112.070345,33.501138],[-112.070326,33.501112],[-112.070309,33.501083],[-112.070298,33.501056],[-112.070287,33.50103],[-112.070275,33.500993],[-112.070265,33.500968],[-112.070255,33.500944]]]}},{"type":"Feature","properties":{"kind":"vegetation","name":null,"osm":"way/966332801"},"geometry":{"type":"Polygon","coordinates":[[[-112.070364,33.500806],[-112.070347,33.500824],[-112.070328,33.500848],[-112.070316,33.50087],[-112.070309,33.500885],[-112.070305,33.500893],[-112.070295,33.500892],[-112.070284,33.500893],[-112.070276,33.500897],[-112.070268,33.500904],[-112.07026,33.500915],[-112.070256,33.500921],[-112.070229,33.500924],[-112.070202,33.50093],[-112.070179,33.500934],[-112.070167,33.500935],[-112.070152,33.500907],[-112.070145,33.500883],[-112.070139,33.500855],[-112.070136,33.500832],[-112.070133,33.500805],[-112.070136,33.500783],[-112.070138,33.500758],[-112.070144,33.500734],[-112.070152,33.500713],[-112.070163,33.500692],[-112.070169,33.500681],[-112.070177,33.500668],[-112.070183,33.500657],[-112.070195,33.500669],[-112.070203,33.500679],[-112.070208,33.500693],[-112.070216,33.500714],[-112.070225,33.500729],[-112.070236,33.500743],[-112.07025,33.500757],[-112.070265,33.500768],[-112.070285,33.500782],[-112.0703,33.500788],[-112.070321,33.50079],[-112.070334,33.500791],[-112.070346,33.500795],[-112.070364,33.500806]]]}},{"type":"Feature","properties":{"kind":"vegetation","name":null,"osm":"way/966332802"},"geometry":{"type":"Polygon","coordinates":[[[-112.070648,33.500675],[-112.070633,33.50068],[-112.070611,33.500666],[-112.070592,33.500657],[-112.070566,33.500645],[-112.070543,33.500638],[-112.070522,33.500633],[-112.070502,33.500628],[-112.070475,33.500625],[-112.070477,33.500602],[-112.070472,33.500586],[-112.070463,33.500576],[-112.070447,33.500561],[-112.07043,33.500552],[-112.070389,33.500535],[-112.070357,33.500522],[-112.070367,33.500511],[-112.070373,33.500499],[-112.070379,33.500488],[-112.070383,33.500474],[-112.070384,33.500468],[-112.070381,33.500437],[-112.070378,33.500411],[-112.070375,33.500391],[-112.070365,33.500356],[-112.070355,33.500319],[-112.070328,33.500197],[-112.070329,33.50013],[-112.070333,33.500092],[-112.070335,33.500072],[-112.070338,33.500054],[-112.070346,33.500039],[-112.07036,33.500018],[-112.070366,33.500007],[-112.070373,33.499994],[-112.070402,33.499962],[-112.070426,33.499938],[-112.070444,33.499928],[-112.070474,33.49991],[-112.070499,33.499895],[-112.070514,33.499886],[-112.070542,33.499875],[-112.070567,33.499867],[-112.070591,33.499857],[-112.070615,33.499849],[-112.070637,33.499846],[-112.070662,33.499844],[-112.070681,33.499845],[-112.0707,33.499848],[-112.070722,33.499849],[-112.07074,33.499849],[-112.070762,33.499848],[-112.070784,33.499846],[-112.070807,33.499844],[-112.070826,33.499844],[-112.070839,33.499845],[-112.070863,33.499851],[-112.070886,33.49986],[-112.070907,33.499868],[-112.070918,33.499874],[-112.070939,33.49989],[-112.071008,33.499976],[-112.071021,33.499987],[-112.071034,33.499998],[-112.071049,33.500007],[-112.071067,33.500018],[-112.071085,33.500024],[-112.07111,33.500025],[-112.07113,33.500024],[-112.071154,33.500016],[-112.071166,33.500007],[-112.071175,33.499996],[-112.071183,33.499983],[-112.071187,33.499969],[-112.071191,33.499936],[-112.071192,33.499911],[-112.071185,33.499886],[-112.071157,33.499824],[-112.071129,33.49978],[-112.071113,33.499753],[-112.071091,33.499733],[-112.071069,33.499714],[-112.07105,33.499704],[-112.070981,33.499684],[-112.070942,33.499672],[-112.070892,33.499648],[-112.070873,33.499637],[-112.070853,33.499617],[-112.070835,33.4996],[-112.070814,33.499569],[-112.070802,33.49954],[-112.070792,33.499521],[-112.070788,33.499501],[-112.070786,33.499475],[-112.070789,33.49945],[-112.070792,33.499427],[-112.070802,33.499404],[-112.070809,33.499387],[-112.070824,33.499362],[-112.070847,33.499336],[-112.070866,33.49932],[-112.070884,33.499306],[-112.070909,33.49929],[-112.070925,33.499281],[-112.070945,33.499273],[-112.070972,33.499265],[-112.070991,33.499255],[-112.071007,33.499245],[-112.071017,33.499232],[-112.071024,33.499218],[-112.071024,33.499203],[-112.071021,33.499188],[-112.071016,33.499172],[-112.071007,33.499155],[-112.070985,33.499138],[-112.070968,33.49913],[-112.070949,33.499128],[-112.070925,33.499129],[-112.070906,33.499136],[-112.070876,33.499151],[-112.070829,33.499168],[-112.070784,33.499181],[-112.070756,33.499192],[-112.070736,33.499197],[-112.070656,33.499201],[-112.070659,33.499189],[-112.070653,33.499173],[-112.070638,33.499164],[-112.070633,33.499159],[-112.070632,33.499142],[-112.070677,33.49914],[-112.070706,33.499136],[-112.07071,33.499153],[-112.070731,33.49915],[-112.070726,33.499133],[-112.070743,33.499132],[-112.070781,33.499125],[-112.07082,33.499121],[-112.070847,33.499113],[-112.070873,33.499106],[-112.070896,33.499093],[-112.07092,33.499081],[-112.070944,33.499066],[-112.07097,33.499054],[-112.070983,33.499041],[-112.070997,33.499033],[-112.07103,33.499023],[-112.071057,33.499017],[-112.07109,33.499008],[-112.071124,33.499004],[-112.071154,33.499004],[-112.071182,33.499007],[-112.071204,33.499012],[-112.071221,33.499034],[-112.071243,33.499065],[-112.071289,33.49912],[-112.071311,33.499147],[-112.071329,33.499172],[-112.071339,33.499203],[-112.071347,33.499234],[-112.071359,33.499272],[-112.071366,33.49929],[-112.071384,33.499354],[-112.071388,33.499401],[-112.071394,33.499454],[-112.071398,33.499524],[-112.071398,33.49957],[-112.071396,33.499632],[-112.071391,33.499716],[-112.071386,33.499759],[-112.071378,33.499801],[-112.07136,33.499798],[-112.071356,33.499828],[-112.071372,33.499831],[-112.071364,33.499871],[-112.071353,33.49992],[-112.071337,33.499963],[-112.071325,33.500007],[-112.071305,33.500056],[-112.071287,33.500102],[-112.071266,33.500139],[-112.07125,33.500173],[-112.071234,33.500203],[-112.071184,33.500181],[-112.07115,33.500167],[-112.071127,33.500158],[-112.071101,33.500151],[-112.071069,33.500147],[-112.07104,33.50015],[-112.071013,33.500159],[-112.07099,33.500172],[-112.070975,33.500181],[-112.070874,33.500044],[-112.070825,33.500071],[-112.070787,33.500018],[-112.070476,33.500183],[-112.070519,33.50024],[-112.070469,33.500266],[-112.070571,33.500393],[-112.070547,33.500408],[-112.07053,33.500429],[-112.070521,33.500455],[-112.070523,33.500469],[-112.070529,33.500489],[-112.070547,33.500512],[-112.070562,33.500534],[-112.070577,33.500549],[-112.070599,33.500568],[-112.070614,33.500582],[-112.070628,33.5006],[-112.070637,33.500623],[-112.070643,33.500644],[-112.070648,33.500675]]]}},{"type":"Feature","properties":{"kind":"vegetation","name":null,"osm":"way/966332803"},"geometry":{"type":"Polygon","coordinates":[[[-112.070707,33.500706],[-112.070703,33.500694],[-112.070697,33.500688],[-112.070688,33.500681],[-112.070676,33.500676],[-112.070671,33.500652],[-112.070667,33.500628],[-112.070661,33.500608],[-112.070651,33.500588],[-112.070643,33.500574],[-112.070634,33.500565],[-112.070613,33.500547],[-112.070598,33.500534],[-112.070588,33.500524],[-112.070579,33.500512],[-112.07057,33.500498],[-112.07056,33.500484],[-112.070554,33.500474],[-112.070553,33.500463],[-112.070551,33.500453],[-112.070554,33.500446],[-112.07056,33.500435],[-112.070565,33.500427],[-112.070574,33.500419],[-112.070629,33.500391],[-112.070679,33.500457],[-112.070743,33.500421],[-112.070771,33.500458],[-112.070963,33.500358],[-112.070933,33.500318],[-112.070997,33.500283],[-112.070954,33.500229],[-112.071022,33.500193],[-112.071037,33.500187],[-112.071053,33.500183],[-112.07107,33.500181],[-112.071085,33.500182],[-112.071099,33.500186],[-112.071113,33.50019],[-112.071202,33.500226],[-112.071188,33.50025],[-112.071204,33.500258],[-112.071137,33.500357],[-112.071107,33.500393],[-112.071077,33.500428],[-112.071058,33.500448],[-112.071038,33.50047],[-112.07102,33.500489],[-112.07101,33.500483],[-112.070993,33.500499],[-112.071005,33.500507],[-112.070975,33.500533],[-112.070932,33.500569],[-112.07091,33.50059],[-112.070878,33.500618],[-112.070834,33.500649],[-112.070813,33.500663],[-112.070778,33.500683],[-112.070749,33.500694],[-112.070735,33.500699],[-112.070707,33.500706]]]}},{"type":"Feature","properties":{"kind":"vegetation","name":null,"osm":"way/966332804"},"geometry":{"type":"Polygon","coordinates":[[[-112.071026,33.500838],[-112.070956,33.500911],[-112.070925,33.500888],[-112.070898,33.500863],[-112.070881,33.500838],[-112.070853,33.500813],[-112.070829,33.500798],[-112.070809,33.500782],[-112.070786,33.50077],[-112.070755,33.500757],[-112.070724,33.500747],[-112.070701,33.500737],[-112.070708,33.500729],[-112.070745,33.500723],[-112.070773,33.500711],[-112.0708,33.500697],[-112.070838,33.500676],[-112.070861,33.500661],[-112.070889,33.500644],[-112.070918,33.500625],[-112.070944,33.500607],[-112.070965,33.500591],[-112.070965,33.500617],[-112.07096,33.500656],[-112.07096,33.500687],[-112.070969,33.500725],[-112.070976,33.500755],[-112.070991,33.500782],[-112.071009,33.500808],[-112.071026,33.500838]]]}},{"type":"Feature","properties":{"kind":"vegetation","name":null,"osm":"way/966332805"},"geometry":{"type":"Polygon","coordinates":[[[-112.071197,33.500996],[-112.071197,33.50089],[-112.071157,33.500885],[-112.071136,33.50088],[-112.071116,33.500874],[-112.071096,33.500866],[-112.071084,33.500859],[-112.071073,33.500869],[-112.071061,33.500859],[-112.070988,33.500933],[-112.071009,33.500945],[-112.071029,33.500956],[-112.07105,33.500964],[-112.071068,33.500971],[-112.071089,33.500978],[-112.071111,33.500983],[-112.071139,33.50099],[-112.071163,33.500994],[-112.071184,33.500996],[-112.071197,33.500996]]]}},{"type":"Feature","properties":{"kind":"vegetation","name":null,"osm":"way/966332806"},"geometry":{"type":"Polygon","coordinates":[[[-112.071197,33.501152],[-112.071158,33.50115],[-112.071121,33.501146],[-112.071087,33.501141],[-112.071055,33.501134],[-112.071016,33.501124],[-112.070985,33.501112],[-112.070941,33.501094],[-112.070913,33.501081],[-112.070886,33.501067],[-112.070867,33.501055],[-112.070969,33.50095],[-112.071004,33.50097],[-112.071044,33.500988],[-112.071081,33.501001],[-112.071117,33.501008],[-112.071158,33.501012],[-112.071198,33.501018],[-112.071197,33.501152]]]}},{"type":"Feature","properties":{"kind":"vegetation","name":null,"osm":"way/966332807"},"geometry":{"type":"Polygon","coordinates":[[[-112.071165,33.501448],[-112.071174,33.501436],[-112.071187,33.501429],[-112.071199,33.501424],[-112.071199,33.501175],[-112.071131,33.501173],[-112.071086,33.501165],[-112.07104,33.501155],[-112.071007,33.501144],[-112.070963,33.501129],[-112.070916,33.501111],[-112.070881,33.501092],[-112.070849,33.501072],[-112.070635,33.501282],[-112.070688,33.501311],[-112.070732,33.501334],[-112.070771,33.501354],[-112.070824,33.501375],[-112.070855,33.50139],[-112.07087,33.501394],[-112.070887,33.50138],[-112.070907,33.501376],[-112.070932,33.501378],[-112.070951,33.501393],[-112.070959,33.501404],[-112.070961,33.501413],[-112.07096,33.50142],[-112.071002,33.50143],[-112.071055,33.501439],[-112.071095,33.501444],[-112.071134,33.501447],[-112.071165,33.501448]]]}},{"type":"Feature","properties":{"kind":"vegetation","name":null,"osm":"way/966332808"},"geometry":{"type":"Polygon","coordinates":[[[-112.070723,33.501639],[-112.070779,33.501694],[-112.070824,33.501732],[-112.070876,33.501764],[-112.070934,33.501792],[-112.071006,33.501808],[-112.071088,33.501817],[-112.071143,33.50182],[-112.071219,33.501815],[-112.071284,33.5018],[-112.071341,33.501787],[-112.071407,33.501765],[-112.071466,33.501737],[-112.071517,33.501709],[-112.071565,33.501677],[-112.071615,33.501637],[-112.071657,33.501595],[-112.071691,33.501547],[-112.071724,33.501506],[-112.07174,33.501468],[-112.071761,33.501399],[-112.071784,33.501337],[-112.071791,33.501291],[-112.071788,33.501211],[-112.071773,33.501157],[-112.071757,33.501094],[-112.071734,33.501045],[-112.071713,33.500991],[-112.071667,33.500936],[-112.071627,33.500886],[-112.071583,33.500844],[-112.071541,33.500816],[-112.0715,33.500793],[-112.071482,33.500783],[-112.071446,33.50081],[-112.07148,33.500861],[-112.07149,33.500915],[-112.071492,33.500956],[-112.071478,33.50099],[-112.071458,33.501023],[-112.071426,33.501056],[-112.071388,33.501088],[-112.071361,33.501104],[-112.071332,33.501118],[-112.071289,33.501128],[-112.071255,33.501133],[-112.071233,33.501133],[-112.071234,33.501152],[-112.07136,33.501153],[-112.071366,33.501149],[-112.071377,33.501148],[-112.07139,33.501148],[-112.071398,33.50115],[-112.071405,33.501154],[-112.071495,33.501154],[-112.071494,33.501013],[-112.071699,33.501015],[-112.071699,33.501178],[-112.071427,33.501176],[-112.071431,33.501185],[-112.071433,33.501194],[-112.071431,33.501199],[-112.071427,33.501205],[-112.071535,33.501205],[-112.071534,33.501368],[-112.07133,33.501368],[-112.071331,33.501204],[-112.071329,33.501194],[-112.071328,33.501184],[-112.071332,33.501175],[-112.071232,33.501175],[-112.071231,33.501427],[-112.071371,33.501428],[-112.071371,33.501732],[-112.071056,33.501731],[-112.071056,33.501503],[-112.071207,33.501505],[-112.071193,33.501499],[-112.07118,33.501492],[-112.071171,33.501485],[-112.071166,33.501476],[-112.071165,33.50147],[-112.071135,33.501471],[-112.07111,33.501469],[-112.071081,33.501466],[-112.071057,33.501462],[-112.071033,33.501458],[-112.071013,33.501455],[-112.070991,33.501451],[-112.070972,33.501446],[-112.070951,33.501441],[-112.070945,33.501448],[-112.070935,33.501455],[-112.070922,33.501458],[-112.070907,33.501459],[-112.070896,33.501476],[-112.070851,33.501533],[-112.070827,33.50156],[-112.070799,33.501584],[-112.070774,33.501605],[-112.070751,33.50162],[-112.07073,33.501633],[-112.070723,33.501639]]]}},{"type":"Feature","properties":{"kind":"vegetation","name":null,"osm":"way/966336612"},"geometry":{"type":"Polygon","coordinates":[[[-112.06984,33.499204],[-112.069844,33.499168],[-112.069808,33.499164],[-112.069768,33.499162],[-112.069723,33.499154],[-112.069698,33.49915],[-112.069634,33.499138],[-112.069604,33.49913],[-112.069569,33.499117],[-112.069539,33.499105],[-112.06953,33.499101],[-112.069512,33.499114],[-112.06952,33.499132],[-112.069517,33.499153],[-112.0695,33.49917],[-112.06948,33.499176],[-112.069461,33.499172],[-112.069448,33.499164],[-112.06944,33.499148],[-112.069441,33.499137],[-112.069421,33.499137],[-112.069408,33.499133],[-112.069401,33.499129],[-112.069376,33.499173],[-112.069355,33.499211],[-112.069336,33.499239],[-112.069316,33.499266],[-112.069294,33.499289],[-112.069273,33.499304],[-112.069244,33.499325],[-112.069214,33.499342],[-112.069185,33.499353],[-112.06915,33.499365],[-112.069121,33.499375],[-112.069091,33.499389],[-112.069069,33.499403],[-112.069041,33.499422],[-112.069024,33.499437],[-112.069004,33.499458],[-112.06899,33.499477],[-112.068981,33.499498],[-112.068969,33.499524],[-112.068961,33.499546],[-112.06896,33.499567],[-112.068967,33.499589],[-112.068977,33.49961],[-112.068992,33.499632],[-112.069007,33.49965],[-112.069029,33.499669],[-112.069054,33.499685],[-112.069122,33.499696],[-112.069177,33.499699],[-112.069221,33.499703],[-112.069261,33.499713],[-112.069309,33.499723],[-112.069339,33.499731],[-112.069381,33.499746],[-112.069437,33.499775],[-112.069485,33.499798],[-112.069524,33.499828],[-112.069546,33.49985],[-112.069573,33.499871],[-112.069601,33.499898],[-112.069619,33.499924],[-112.069641,33.49996],[-112.069661,33.499991],[-112.069678,33.500022],[-112.069692,33.50006],[-112.069704,33.5001],[-112.069712,33.500141],[-112.069718,33.500189],[-112.069719,33.500217],[-112.069719,33.500259],[-112.069713,33.5003],[-112.069704,33.500329],[-112.069695,33.500357],[-112.069686,33.500379],[-112.069723,33.50039],[-112.06976,33.500396],[-112.069802,33.500401],[-112.069852,33.5004],[-112.069893,33.500394],[-112.069941,33.500384],[-112.069981,33.500368],[-112.070006,33.500355],[-112.070022,33.500348],[-112.070036,33.50033],[-112.070058,33.500309],[-112.07007,33.50029],[-112.07009,33.500239],[-112.070106,33.500196],[-112.070114,33.500166],[-112.070125,33.500135],[-112.070135,33.500107],[-112.070145,33.500075],[-112.070152,33.500049],[-112.070152,33.500036],[-112.070147,33.500022],[-112.070133,33.499988],[-112.070115,33.499956],[-112.07009,33.499921],[-112.070075,33.499896],[-112.070057,33.499868],[-112.07003,33.499826],[-112.070005,33.499799],[-112.069979,33.499778],[-112.069955,33.499757],[-112.069926,33.49974],[-112.069901,33.499724],[-112.069874,33.499711],[-112.069836,33.499701],[-112.069773,33.499688],[-112.069726,33.499679],[-112.069684,33.499666],[-112.069654,33.499656],[-112.069624,33.499644],[-112.06959,33.499628],[-112.069545,33.499607],[-112.069513,33.49959],[-112.06948,33.499576],[-112.069442,33.499563],[-112.069412,33.499556],[-112.069391,33.499552],[-112.069375,33.49955],[-112.069347,33.49955],[-112.069314,33.499554],[-112.069285,33.499561],[-112.069264,33.499568],[-112.069237,33.499576],[-112.069208,33.499583],[-112.069181,33.499586],[-112.069157,33.499584],[-112.069137,33.499577],[-112.069113,33.49956],[-112.069102,33.499547],[-112.069089,33.49953],[-112.069082,33.499516],[-112.069079,33.499493],[-112.069084,33.499474],[-112.069094,33.499458],[-112.069107,33.499437],[-112.069128,33.499421],[-112.069149,33.499404],[-112.069176,33.499387],[-112.069202,33.499375],[-112.06923,33.499365],[-112.06926,33.49935],[-112.069287,33.499334],[-112.069319,33.49931],[-112.069343,33.499291],[-112.069364,33.499269],[-112.069379,33.499253],[-112.069409,33.499221],[-112.069434,33.49921],[-112.069462,33.499201],[-112.069493,33.499194],[-112.069532,33.499198],[-112.06957,33.499203],[-112.069601,33.499204],[-112.069705,33.499198],[-112.069791,33.499219],[-112.069797,33.499193],[-112.06984,33.499204]]]}},{"type":"Feature","properties":{"kind":"vegetation","name":null,"osm":"way/966336613"},"geometry":{"type":"Polygon","coordinates":[[[-112.070629,33.499113],[-112.070744,33.499103],[-112.070742,33.499078],[-112.070733,33.49904],[-112.070712,33.499],[-112.070692,33.498966],[-112.070673,33.498941],[-112.070641,33.49891],[-112.070618,33.498886],[-112.070577,33.498865],[-112.070545,33.498847],[-112.070509,33.498828],[-112.070474,33.498818],[-112.070429,33.498807],[-112.070382,33.498799],[-112.070321,33.498796],[-112.070276,33.498802],[-112.070226,33.498812],[-112.070174,33.498831],[-112.070142,33.498846],[-112.070102,33.498866],[-112.070068,33.498887],[-112.07004,33.498908],[-112.070006,33.498944],[-112.069986,33.498972],[-112.069968,33.499004],[-112.069953,33.499036],[-112.069941,33.49907],[-112.069935,33.499104],[-112.069932,33.499124],[-112.069929,33.499145],[-112.070052,33.499135],[-112.070057,33.499104],[-112.070064,33.499065],[-112.070081,33.49903],[-112.070106,33.498998],[-112.070131,33.498975],[-112.070163,33.498951],[-112.070198,33.498929],[-112.070206,33.498915],[-112.070225,33.498898],[-112.07025,33.498883],[-112.07029,33.498869],[-112.070331,33.498863],[-112.070377,33.498868],[-112.070412,33.498876],[-112.070438,33.498888],[-112.070462,33.498905],[-112.07048,33.498919],[-112.070486,33.49893],[-112.070521,33.498948],[-112.070546,33.498968],[-112.070566,33.498988],[-112.070588,33.499009],[-112.070599,33.499029],[-112.070612,33.499051],[-112.070621,33.499076],[-112.070629,33.499113]]]}},{"type":"Feature","properties":{"kind":"vegetation","name":null,"osm":"way/966336621"},"geometry":{"type":"Polygon","coordinates":[[[-112.070778,33.499092],[-112.070822,33.499083],[-112.070851,33.499078],[-112.070882,33.499065],[-112.070914,33.499052],[-112.070942,33.499037],[-112.070964,33.499018],[-112.070991,33.498991],[-112.071003,33.498973],[-112.071011,33.498965],[-112.071011,33.498927],[-112.07101,33.498903],[-112.071003,33.49888],[-112.070987,33.498853],[-112.070963,33.498819],[-112.070943,33.49879],[-112.070929,33.498766],[-112.070914,33.49874],[-112.070897,33.498721],[-112.070861,33.498693],[-112.070834,33.498675],[-112.070798,33.498655],[-112.070766,33.498644],[-112.070736,33.498633],[-112.070699,33.498626],[-112.070672,33.498623],[-112.070644,33.498626],[-112.070637,33.498613],[-112.070614,33.498621],[-112.070564,33.49863],[-112.070507,33.498641],[-112.070464,33.498644],[-112.070433,33.498646],[-112.070415,33.498655],[-112.070367,33.498691],[-112.070373,33.498701],[-112.070396,33.4987],[-112.070412,33.498703],[-112.070456,33.498719],[-112.070491,33.498741],[-112.070515,33.49876],[-112.07053,33.498779],[-112.070544,33.498795],[-112.070548,33.498801],[-112.070558,33.498794],[-112.070576,33.498791],[-112.07059,33.498795],[-112.070599,33.498801],[-112.070602,33.498809],[-112.070602,33.498819],[-112.070598,33.498828],[-112.070586,33.498838],[-112.070617,33.498857],[-112.07063,33.498866],[-112.070656,33.498887],[-112.070683,33.498911],[-112.070704,33.498935],[-112.070721,33.498958],[-112.070736,33.498985],[-112.070749,33.499009],[-112.070759,33.499031],[-112.070764,33.499051],[-112.070772,33.499074],[-112.070778,33.499092]]]}},{"type":"Feature","properties":{"kind":"vegetation","name":null,"osm":"way/966558998"},"geometry":{"type":"Polygon","coordinates":[[[-112.067683,33.500656],[-112.067721,33.500693],[-112.067753,33.500725],[-112.067775,33.500748],[-112.067801,33.500766],[-112.067836,33.500781],[-112.067873,33.500799],[-112.067908,33.500812],[-112.067949,33.500827],[-112.067999,33.500837],[-112.06804,33.500844],[-112.068079,33.500846],[-112.068121,33.500843],[-112.068158,33.500837],[-112.068198,33.500829],[-112.068236,33.500813],[-112.068278,33.500793],[-112.068314,33.500777],[-112.068365,33.500757],[-112.068424,33.500739],[-112.068474,33.500727],[-112.068517,33.50072],[-112.068566,33.500714],[-112.068613,33.500706],[-112.068691,33.500699],[-112.068753,33.500696],[-112.06883,33.500699],[-112.068897,33.500699],[-112.069037,33.500697],[-112.069122,33.500695],[-112.06917,33.500694],[-112.06922,33.500689],[-112.069283,33.500675],[-112.069336,33.500659],[-112.069375,33.500643],[-112.06941,33.500625],[-112.069471,33.500591],[-112.069505,33.500563],[-112.069538,33.50054],[-112.06956,33.500515],[-112.069589,33.500487],[-112.069624,33.500434],[-112.069645,33.50039],[-112.069653,33.500372],[-112.069668,33.500333],[-112.069676,33.500298],[-112.069672,33.500246],[-112.069674,33.500195],[-112.069676,33.500148],[-112.069673,33.500114],[-112.069669,33.500087],[-112.069631,33.500098],[-112.06964,33.500112],[-112.069639,33.50013],[-112.06963,33.500143],[-112.069621,33.50015],[-112.069609,33.500154],[-112.069593,33.500157],[-112.069581,33.500155],[-112.069572,33.500164],[-112.069558,33.500158],[-112.069567,33.500148],[-112.069557,33.500141],[-112.069548,33.500127],[-112.06955,33.500113],[-112.069555,33.500105],[-112.06956,33.500096],[-112.069551,33.500087],[-112.069562,33.500078],[-112.069573,33.500089],[-112.069586,33.500083],[-112.069595,33.500083],[-112.069596,33.500071],[-112.06961,33.500073],[-112.069607,33.500086],[-112.069617,33.500089],[-112.069661,33.500075],[-112.069668,33.500072],[-112.069656,33.50004],[-112.069638,33.500002],[-112.069613,33.499969],[-112.069591,33.499942],[-112.06956,33.499906],[-112.069532,33.499881],[-112.069497,33.499852],[-112.069446,33.499822],[-112.069412,33.499798],[-112.069331,33.499764],[-112.069288,33.499747],[-112.069243,33.499735],[-112.069182,33.499725],[-112.069137,33.499722],[-112.069072,33.499719],[-112.06902,33.499718],[-112.068968,33.499711],[-112.068925,33.499705],[-112.068813,33.49968],[-112.068762,33.499663],[-112.068707,33.499647],[-112.068654,33.499624],[-112.068578,33.499589],[-112.068532,33.499571],[-112.068494,33.499551],[-112.068458,33.499542],[-112.068414,33.499536],[-112.068388,33.499537],[-112.068349,33.499539],[-112.068315,33.499545],[-112.068274,33.499557],[-112.068242,33.499568],[-112.068218,33.499585],[-112.068203,33.499598],[-112.06817,33.499628],[-112.068154,33.499651],[-112.06815,33.499681],[-112.06815,33.499714],[-112.068164,33.499741],[-112.068185,33.499767],[-112.068192,33.499789],[-112.068188,33.499817],[-112.068178,33.499836],[-112.06816,33.499855],[-112.068137,33.499868],[-112.068109,33.499872],[-112.068088,33.499871],[-112.068072,33.499871],[-112.06803,33.499871],[-112.068005,33.49987],[-112.067965,33.499865],[-112.067938,33.499859],[-112.067902,33.499841],[-112.067857,33.499813],[-112.067792,33.499829],[-112.067756,33.499847],[-112.06773,33.499872],[-112.067715,33.499897],[-112.067694,33.499933],[-112.067685,33.499961],[-112.067687,33.499988],[-112.067696,33.500014],[-112.067732,33.500147],[-112.067743,33.500194],[-112.067751,33.500233],[-112.067751,33.500271],[-112.067751,33.50031],[-112.067749,33.500355],[-112.067768,33.500359],[-112.067764,33.500393],[-112.067746,33.500392],[-112.067741,33.50042],[-112.067727,33.500472],[-112.067718,33.500507],[-112.067704,33.500538],[-112.067692,33.500575],[-112.06768,33.500606],[-112.067679,33.500631],[-112.067683,33.500656]]]}},{"type":"Feature","properties":{"kind":"vegetation","name":null,"osm":"way/966558999"},"geometry":{"type":"Polygon","coordinates":[[[-112.06995,33.501074],[-112.069903,33.501076],[-112.069877,33.501081],[-112.069863,33.501084],[-112.069852,33.501078],[-112.069841,33.501086],[-112.069852,33.501093],[-112.069843,33.501104],[-112.069837,33.501116],[-112.069842,33.501129],[-112.069852,33.501141],[-112.069844,33.501148],[-112.069857,33.501155],[-112.069862,33.501149],[-112.069875,33.501154],[-112.06989,33.501154],[-112.069903,33.501148],[-112.069916,33.501134],[-112.069914,33.501125],[-112.069903,33.50111],[-112.069915,33.501096],[-112.069952,33.501088],[-112.069961,33.501101],[-112.069964,33.501121],[-112.069969,33.501151],[-112.069971,33.501193],[-112.06997,33.501235],[-112.069966,33.501265],[-112.069953,33.501303],[-112.069938,33.501332],[-112.06992,33.50136],[-112.06989,33.5014],[-112.069863,33.501438],[-112.069842,33.501458],[-112.069813,33.501481],[-112.069781,33.501502],[-112.069749,33.501519],[-112.069721,33.501531],[-112.069681,33.50154],[-112.069497,33.50156],[-112.069422,33.501575],[-112.069379,33.501582],[-112.069348,33.501588],[-112.069307,33.501599],[-112.0689,33.501748],[-112.068869,33.501759],[-112.068825,33.50177],[-112.06879,33.501781],[-112.068761,33.50179],[-112.068713,33.5018],[-112.06866,33.501812],[-112.068565,33.501834],[-112.06852,33.501839],[-112.068483,33.501845],[-112.068424,33.501849],[-112.068355,33.501854],[-112.068294,33.501859],[-112.068235,33.501863],[-112.068193,33.501864],[-112.068147,33.501865],[-112.068109,33.501861],[-112.068054,33.50185],[-112.068007,33.50184],[-112.067948,33.501829],[-112.067893,33.501808],[-112.067839,33.50179],[-112.06781,33.501778],[-112.067789,33.501768],[-112.067796,33.501734],[-112.067811,33.501736],[-112.067866,33.501469],[-112.067887,33.501391],[-112.067895,33.501347],[-112.067904,33.501317],[-112.067916,33.501283],[-112.067928,33.501244],[-112.06794,33.501217],[-112.067954,33.501194],[-112.067964,33.501172],[-112.067983,33.501139],[-112.068023,33.501086],[-112.068046,33.501056],[-112.068068,33.501034],[-112.068096,33.501003],[-112.068119,33.500986],[-112.068146,33.500963],[-112.068172,33.500943],[-112.068195,33.500926],[-112.068219,33.500912],[-112.06825,33.500891],[-112.06828,33.500876],[-112.068314,33.500859],[-112.068353,33.500842],[-112.068392,33.500828],[-112.06845,33.500811],[-112.068494,33.500797],[-112.068539,33.500789],[-112.068594,33.500779],[-112.06865,33.500774],[-112.068692,33.500774],[-112.06875,33.500773],[-112.068805,33.500772],[-112.068893,33.500771],[-112.068944,33.500774],[-112.068994,33.500772],[-112.069034,33.50077],[-112.069053,33.50077],[-112.069053,33.500793],[-112.069037,33.500791],[-112.069031,33.500793],[-112.069026,33.500784],[-112.069015,33.500789],[-112.069019,33.500799],[-112.069011,33.500804],[-112.069005,33.500812],[-112.069003,33.500815],[-112.06899,33.500813],[-112.068988,33.500825],[-112.069001,33.500825],[-112.069001,33.500834],[-112.068999,33.500843],[-112.069004,33.500851],[-112.069015,33.500858],[-112.069028,33.500862],[-112.069042,33.500864],[-112.069055,33.500866],[-112.069062,33.500874],[-112.069076,33.500868],[-112.069068,33.500858],[-112.069079,33.50085],[-112.069085,33.500839],[-112.069087,33.500828],[-112.069085,33.500816],[-112.069078,33.500806],[-112.06907,33.500799],[-112.069071,33.50077],[-112.069279,33.50077],[-112.069313,33.500768],[-112.06935,33.500764],[-112.069386,33.500756],[-112.069423,33.500749],[-112.069459,33.500741],[-112.069487,33.500733],[-112.069517,33.500723],[-112.069535,33.500717],[-112.069584,33.500744],[-112.069611,33.500769],[-112.069635,33.500807],[-112.069652,33.500827],[-112.069669,33.50084],[-112.069693,33.500864],[-112.069713,33.500883],[-112.069728,33.5009],[-112.069751,33.500919],[-112.069776,33.500932],[-112.069815,33.500945],[-112.069844,33.500957],[-112.069871,33.500973],[-112.069895,33.500993],[-112.069913,33.501012],[-112.069927,33.501029],[-112.069942,33.501044],[-112.06995,33.501074]]]}},{"type":"Feature","properties":{"kind":"vegetation","name":null,"osm":"way/966559002"},"geometry":{"type":"Polygon","coordinates":[[[-112.06845,33.498931],[-112.068454,33.498946],[-112.068456,33.498962],[-112.068453,33.498983],[-112.068447,33.499008],[-112.068438,33.499037],[-112.068431,33.499057],[-112.068425,33.499073],[-112.068417,33.499087],[-112.068415,33.499093],[-112.068396,33.499088],[-112.068379,33.499083],[-112.068361,33.499078],[-112.068345,33.499062],[-112.06833,33.499058],[-112.068313,33.499057],[-112.068298,33.499061],[-112.068287,33.499068],[-112.068281,33.499079],[-112.068278,33.499096],[-112.068281,33.499107],[-112.068291,33.499119],[-112.068305,33.499124],[-112.068304,33.499139],[-112.068316,33.499139],[-112.068317,33.499125],[-112.068328,33.499127],[-112.068343,33.499126],[-112.068356,33.499115],[-112.068361,33.499107],[-112.068364,33.499098],[-112.068397,33.499109],[-112.068391,33.49912],[-112.068403,33.499124],[-112.068386,33.499151],[-112.068375,33.499168],[-112.068368,33.499192],[-112.068363,33.499214],[-112.068357,33.499235],[-112.06835,33.499263],[-112.068344,33.499297],[-112.068333,33.499322],[-112.068323,33.49935],[-112.068309,33.49938],[-112.068299,33.499406],[-112.068286,33.499426],[-112.068271,33.499455],[-112.068256,33.499476],[-112.068244,33.499494],[-112.068219,33.499526],[-112.068201,33.499548],[-112.06818,33.499572],[-112.068162,33.499592],[-112.068146,33.499608],[-112.068129,33.499626],[-112.068113,33.499642],[-112.068091,33.499659],[-112.068071,33.499673],[-112.068046,33.499691],[-112.068026,33.499705],[-112.068017,33.499696],[-112.068006,33.499705],[-112.068015,33.499715],[-112.067998,33.499725],[-112.067975,33.499737],[-112.067952,33.499749],[-112.067929,33.499759],[-112.067905,33.499767],[-112.067882,33.499777],[-112.067848,33.499786],[-112.067814,33.499792],[-112.06778,33.499795],[-112.067754,33.499797],[-112.067726,33.499798],[-112.067688,33.499796],[-112.067655,33.499793],[-112.067614,33.499787],[-112.067587,33.499778],[-112.067555,33.499767],[-112.067521,33.499753],[-112.067486,33.499733],[-112.067463,33.49972],[-112.067437,33.499701],[-112.067417,33.499682],[-112.067395,33.499663],[-112.067377,33.499645],[-112.067358,33.499624],[-112.06734,33.499595],[-112.067328,33.499576],[-112.067315,33.499556],[-112.06731,33.499546],[-112.067349,33.499529],[-112.067358,33.499535],[-112.067366,33.499536],[-112.067366,33.499546],[-112.067379,33.499545],[-112.067378,33.499535],[-112.067386,33.499533],[-112.067394,33.499527],[-112.067405,33.499536],[-112.067414,33.499528],[-112.067404,33.499521],[-112.067411,33.499513],[-112.067411,33.4995],[-112.067413,33.499489],[-112.067407,33.499477],[-112.067396,33.499469],[-112.067381,33.499462],[-112.067365,33.499459],[-112.067348,33.499463],[-112.067339,33.499473],[-112.067331,33.499482],[-112.067328,33.499493],[-112.067328,33.499505],[-112.067332,33.499517],[-112.067335,33.499523],[-112.067304,33.499536],[-112.067294,33.499517],[-112.067286,33.499487],[-112.067278,33.499463],[-112.067268,33.499437],[-112.067258,33.499411],[-112.067253,33.49939],[-112.067249,33.49937],[-112.067245,33.49935],[-112.067245,33.49932],[-112.067242,33.499297],[-112.067242,33.499275],[-112.067243,33.499251],[-112.067246,33.499226],[-112.067252,33.49919],[-112.067257,33.49916],[-112.067265,33.499137],[-112.06727,33.499113],[-112.067286,33.499082],[-112.0673,33.499052],[-112.067317,33.499023],[-112.067332,33.498995],[-112.067345,33.498969],[-112.067367,33.498942],[-112.067385,33.498923],[-112.067405,33.498902],[-112.06744,33.498875],[-112.06747,33.498847],[-112.067497,33.498828],[-112.067519,33.498809],[-112.067537,33.498797],[-112.067563,33.498776],[-112.06758,33.49876],[-112.067606,33.498735],[-112.06766,33.498691],[-112.067711,33.498649],[-112.06774,33.498631],[-112.067776,33.498615],[-112.067802,33.498598],[-112.067815,33.498575],[-112.067827,33.498545],[-112.067837,33.49852],[-112.067846,33.498489],[-112.067861,33.498466],[-112.067883,33.498442],[-112.067905,33.498425],[-112.067934,33.498421],[-112.067971,33.498417],[-112.068008,33.49842],[-112.068047,33.498435],[-112.06807,33.498456],[-112.068102,33.498494],[-112.068123,33.498524],[-112.068195,33.498657],[-112.068207,33.49868],[-112.06822,33.4987],[-112.068234,33.498719],[-112.068258,33.498754],[-112.068279,33.498785],[-112.068309,33.498818],[-112.068334,33.498844],[-112.068356,33.498869],[-112.068385,33.498887],[-112.068411,33.498905],[-112.068433,33.498917],[-112.06845,33.498931]]]}},{"type":"Feature","properties":{"kind":"vegetation","name":null,"osm":"way/966559005"},"geometry":{"type":"Polygon","coordinates":[[[-112.069375,33.499117],[-112.069353,33.49916],[-112.069324,33.499212],[-112.069289,33.499259],[-112.069249,33.499292],[-112.069218,33.499311],[-112.069186,33.499325],[-112.069141,33.49934],[-112.069108,33.499354],[-112.069079,33.499368],[-112.069047,33.499384],[-112.069026,33.499404],[-112.068995,33.499432],[-112.068974,33.499458],[-112.068955,33.49948],[-112.068945,33.49951],[-112.068934,33.499536],[-112.068924,33.49956],[-112.068907,33.499582],[-112.068892,33.499601],[-112.068864,33.499617],[-112.068839,33.499631],[-112.068815,33.499637],[-112.068791,33.499637],[-112.068764,33.499634],[-112.068716,33.499614],[-112.068673,33.499599],[-112.068628,33.49958],[-112.068583,33.499557],[-112.068543,33.499538],[-112.068526,33.499528],[-112.068555,33.49952],[-112.06858,33.499506],[-112.068606,33.499486],[-112.068626,33.499467],[-112.06864,33.49944],[-112.068642,33.499409],[-112.068629,33.499378],[-112.068612,33.499362],[-112.068579,33.499344],[-112.068545,33.499334],[-112.068518,33.499335],[-112.068495,33.499344],[-112.068477,33.499356],[-112.068467,33.499373],[-112.068459,33.499384],[-112.068457,33.499402],[-112.068453,33.49941],[-112.068428,33.499409],[-112.068411,33.499378],[-112.068402,33.499342],[-112.068395,33.499294],[-112.068394,33.499258],[-112.068394,33.499226],[-112.0684,33.499196],[-112.06841,33.49917],[-112.068414,33.499147],[-112.068426,33.499127],[-112.068441,33.499099],[-112.068457,33.499077],[-112.068478,33.499052],[-112.068498,33.499033],[-112.068522,33.499013],[-112.068542,33.498998],[-112.068563,33.498983],[-112.068589,33.49898],[-112.068632,33.498983],[-112.068679,33.49899],[-112.068732,33.498993],[-112.068766,33.498993],[-112.068781,33.49899],[-112.068807,33.499018],[-112.06884,33.499042],[-112.068878,33.49906],[-112.06892,33.499068],[-112.068953,33.49907],[-112.068978,33.49907],[-112.069007,33.499071],[-112.069021,33.499065],[-112.069031,33.499059],[-112.069049,33.499056],[-112.069072,33.499049],[-112.069098,33.499037],[-112.069111,33.499027],[-112.069125,33.499014],[-112.069141,33.499001],[-112.069182,33.499011],[-112.069223,33.499018],[-112.06926,33.499023],[-112.069289,33.499023],[-112.069321,33.499028],[-112.069349,33.499035],[-112.069351,33.499049],[-112.069328,33.499047],[-112.06931,33.499054],[-112.069298,33.499072],[-112.069306,33.499089],[-112.069319,33.499102],[-112.069338,33.499106],[-112.069352,33.499106],[-112.069363,33.499099],[-112.069375,33.499117]]]}},{"type":"Feature","properties":{"kind":"vegetation","name":null,"osm":"way/966559006"},"geometry":{"type":"Polygon","coordinates":[[[-112.070313,33.4987],[-112.070315,33.498691],[-112.070267,33.498647],[-112.070226,33.498644],[-112.070166,33.498638],[-112.070113,33.498627],[-112.07003,33.49861],[-112.069977,33.498594],[-112.069932,33.498577],[-112.069892,33.498563],[-112.069865,33.498549],[-112.069856,33.498573],[-112.069814,33.498563],[-112.069779,33.49856],[-112.069729,33.49856],[-112.069688,33.498561],[-112.06964,33.498565],[-112.0696,33.49857],[-112.069568,33.498579],[-112.069547,33.498589],[-112.069512,33.49861],[-112.069455,33.498646],[-112.069163,33.498839],[-112.069112,33.498866],[-112.069082,33.498884],[-112.069059,33.4989],[-112.069057,33.498909],[-112.069066,33.498922],[-112.069096,33.498942],[-112.069127,33.498959],[-112.069142,33.498967],[-112.069194,33.498981],[-112.069237,33.498989],[-112.069284,33.498994],[-112.069333,33.499],[-112.069363,33.499005],[-112.069377,33.498993],[-112.069395,33.498981],[-112.069415,33.498974],[-112.069434,33.49897],[-112.069457,33.49897],[-112.069479,33.498973],[-112.069492,33.49898],[-112.069497,33.49897],[-112.069507,33.498964],[-112.06953,33.498961],[-112.069542,33.498966],[-112.069557,33.498975],[-112.069562,33.498986],[-112.069561,33.499002],[-112.069553,33.499011],[-112.069545,33.499016],[-112.069535,33.499019],[-112.069541,33.499031],[-112.069544,33.499047],[-112.069544,33.499064],[-112.069542,33.499071],[-112.069568,33.499083],[-112.069591,33.499093],[-112.069613,33.499098],[-112.069638,33.499104],[-112.069675,33.499115],[-112.069722,33.499124],[-112.069756,33.49913],[-112.069802,33.499133],[-112.06984,33.499136],[-112.069878,33.499141],[-112.069902,33.499143],[-112.069906,33.499112],[-112.069914,33.499061],[-112.069927,33.499031],[-112.069937,33.499001],[-112.069953,33.498963],[-112.069986,33.498925],[-112.070011,33.498896],[-112.070047,33.498872],[-112.070068,33.498857],[-112.070093,33.498842],[-112.070083,33.498824],[-112.070083,33.498801],[-112.070093,33.49879],[-112.07011,33.498779],[-112.07013,33.498781],[-112.07014,33.498788],[-112.070146,33.498801],[-112.070153,33.498791],[-112.070167,33.498765],[-112.070182,33.498749],[-112.070202,33.498739],[-112.070224,33.498726],[-112.070241,33.498715],[-112.070271,33.498707],[-112.070301,33.4987],[-112.070313,33.4987]]]}},{"type":"Feature","properties":{"kind":"vegetation","name":null,"osm":"way/966626761"},"geometry":{"type":"Polygon","coordinates":[[[-112.073602,33.498154],[-112.073539,33.498154],[-112.073539,33.49812],[-112.073429,33.498119],[-112.073429,33.498137],[-112.073436,33.498156],[-112.073443,33.498174],[-112.073454,33.498187],[-112.073469,33.4982],[-112.073484,33.498208],[-112.073505,33.498215],[-112.073527,33.498215],[-112.073553,33.498215],[-112.073552,33.49831],[-112.073517,33.498309],[-112.073484,33.498305],[-112.073459,33.498296],[-112.073435,33.498289],[-112.073411,33.498277],[-112.073389,33.49826],[-112.073372,33.498247],[-112.07335,33.498223],[-112.073337,33.498205],[-112.073326,33.49818],[-112.073322,33.498163],[-112.073317,33.498138],[-112.073315,33.498118],[-112.072574,33.498116],[-112.072576,33.498277],[-112.072583,33.498303],[-112.072593,33.498325],[-112.072609,33.498351],[-112.07262,33.498369],[-112.07264,33.498388],[-112.072664,33.498404],[-112.072693,33.498415],[-112.072729,33.498427],[-112.07277,33.498442],[-112.073602,33.498444],[-112.073602,33.498154]]]}},{"type":"Feature","properties":{"kind":"vegetation","name":null,"osm":"way/968931658"},"geometry":{"type":"Polygon","coordinates":[[[-112.067359,33.464986],[-112.067406,33.464986],[-112.067404,33.465584],[-112.067358,33.465585],[-112.067359,33.464986]]]}},{"type":"Feature","properties":{"kind":"vegetation","name":null,"osm":"way/968931659"},"geometry":{"type":"Polygon","coordinates":[[[-112.067145,33.465598],[-112.067145,33.46557],[-112.06715,33.465562],[-112.067156,33.465548],[-112.067156,33.465537],[-112.067149,33.465527],[-112.067138,33.465522],[-112.06713,33.465519],[-112.067116,33.465519],[-112.067109,33.465522],[-112.067099,33.465528],[-112.067085,33.465533],[-112.067078,33.465515],[-112.067066,33.46549],[-112.067054,33.465471],[-112.067042,33.465458],[-112.067023,33.465446],[-112.066999,33.465438],[-112.066965,33.46543],[-112.066943,33.465422],[-112.066919,33.465412],[-112.066908,33.465401],[-112.066896,33.465393],[-112.066832,33.465339],[-112.066809,33.465319],[-112.066787,33.465302],[-112.066766,33.465286],[-112.066715,33.465248],[-112.066717,33.465243],[-112.066718,33.465236],[-112.066731,33.465233],[-112.066746,33.465228],[-112.06677,33.465216],[-112.066786,33.465205],[-112.0668,33.465191],[-112.066806,33.465174],[-112.066808,33.465153],[-112.066808,33.465136],[-112.066803,33.46512],[-112.066792,33.465107],[-112.066775,33.465093],[-112.066762,33.465084],[-112.066751,33.465074],[-112.066751,33.464982],[-112.067017,33.464983],[-112.067017,33.465022],[-112.06701,33.465028],[-112.067006,33.465034],[-112.067007,33.465064],[-112.067011,33.465071],[-112.067018,33.465077],[-112.067026,33.465081],[-112.067035,33.465081],[-112.067042,33.465079],[-112.067049,33.465073],[-112.067052,33.465067],[-112.067053,33.465037],[-112.06705,33.465029],[-112.067046,33.465024],[-112.067042,33.465021],[-112.067037,33.465019],[-112.067039,33.464983],[-112.067341,33.464986],[-112.067341,33.465599],[-112.067145,33.465598]]]}},{"type":"Feature","properties":{"kind":"vegetation","name":null,"osm":"way/968931660"},"geometry":{"type":"Polygon","coordinates":[[[-112.066688,33.465598],[-112.066688,33.465337],[-112.066718,33.465326],[-112.066741,33.465317],[-112.066765,33.465304],[-112.066879,33.465399],[-112.066895,33.465413],[-112.066907,33.465422],[-112.066924,33.465432],[-112.066942,33.465438],[-112.066964,33.465445],[-112.066994,33.465452],[-112.067014,33.46546],[-112.067027,33.465467],[-112.067038,33.465475],[-112.067043,33.465485],[-112.067051,33.465501],[-112.067072,33.465544],[-112.067077,33.465557],[-112.06708,33.465573],[-112.067082,33.465592],[-112.067081,33.465599],[-112.066688,33.465598]]]}},{"type":"Feature","properties":{"kind":"vegetation","name":null,"osm":"way/972970568"},"geometry":{"type":"Polygon","coordinates":[[[-112.049801,33.476936],[-112.049801,33.476704],[-112.04979,33.476689],[-112.049779,33.476678],[-112.049759,33.476673],[-112.049628,33.476677],[-112.049346,33.476675],[-112.049342,33.476725],[-112.049356,33.476726],[-112.049375,33.476729],[-112.049392,33.476732],[-112.049411,33.476738],[-112.049429,33.476745],[-112.049448,33.476755],[-112.049462,33.476765],[-112.049479,33.476777],[-112.049498,33.476796],[-112.049511,33.476814],[-112.049522,33.476833],[-112.049528,33.476852],[-112.049532,33.476868],[-112.049533,33.476886],[-112.049568,33.476885],[-112.049591,33.476887],[-112.049616,33.476893],[-112.049639,33.476903],[-112.049668,33.476915],[-112.049695,33.476923],[-112.049729,33.476929],[-112.049758,33.476933],[-112.049782,33.476935],[-112.049801,33.476936]]]}},{"type":"Feature","properties":{"kind":"vegetation","name":null,"osm":"way/977085091"},"geometry":{"type":"Polygon","coordinates":[[[-112.054723,33.469263],[-112.054714,33.469178],[-112.054728,33.469153],[-112.054712,33.469123],[-112.054716,33.469072],[-112.054728,33.469032],[-112.054736,33.468977],[-112.054735,33.468935],[-112.054834,33.468923],[-112.054867,33.468931],[-112.054893,33.468919],[-112.054941,33.46891],[-112.05503,33.468904],[-112.055044,33.469014],[-112.055086,33.469034],[-112.055166,33.469029],[-112.055231,33.469024],[-112.055249,33.468998],[-112.055229,33.468941],[-112.055233,33.46891],[-112.055249,33.468897],[-112.055587,33.468887],[-112.055614,33.468892],[-112.055623,33.468909],[-112.055623,33.469005],[-112.055621,33.469038],[-112.05563,33.469063],[-112.055633,33.469268],[-112.055616,33.46928],[-112.055427,33.46928],[-112.055294,33.469282],[-112.055217,33.469278],[-112.055167,33.469274],[-112.055139,33.469262],[-112.055115,33.469273],[-112.055091,33.46927],[-112.055042,33.469271],[-112.054882,33.46927],[-112.054771,33.469271],[-112.054745,33.469275],[-112.054723,33.469263]]]}},{"type":"Feature","properties":{"kind":"vegetation","name":null,"osm":"way/977085092"},"geometry":{"type":"Polygon","coordinates":[[[-112.054385,33.468939],[-112.054362,33.46895],[-112.05435,33.468968],[-112.054341,33.469122],[-112.054358,33.469194],[-112.054348,33.469243],[-112.054356,33.46928],[-112.054432,33.469273],[-112.054502,33.469275],[-112.054547,33.469273],[-112.0546,33.469278],[-112.054631,33.469274],[-112.054651,33.469274],[-112.054671,33.469263],[-112.054663,33.469183],[-112.054655,33.469156],[-112.054665,33.469129],[-112.054663,33.468945],[-112.054637,33.468931],[-112.054588,33.468936],[-112.054475,33.468944],[-112.054413,33.468943],[-112.054385,33.468939]]]}},{"type":"Feature","properties":{"kind":"vegetation","name":null,"osm":"way/977085093"},"geometry":{"type":"Polygon","coordinates":[[[-112.054329,33.468647],[-112.05434,33.468639],[-112.054405,33.46864],[-112.054413,33.468655],[-112.054411,33.468856],[-112.054441,33.468858],[-112.054444,33.468918],[-112.054356,33.468921],[-112.054345,33.468901],[-112.054328,33.468855],[-112.054329,33.468647]]]}},{"type":"Feature","properties":{"kind":"vegetation","name":null,"osm":"way/977085095"},"geometry":{"type":"Polygon","coordinates":[[[-112.055043,33.468861],[-112.05557,33.46885],[-112.055608,33.46881],[-112.055601,33.468608],[-112.055629,33.468578],[-112.055609,33.468042],[-112.055591,33.468016],[-112.055567,33.467987],[-112.055555,33.467703],[-112.055498,33.467685],[-112.05542,33.467683],[-112.05502,33.467693],[-112.054913,33.467678],[-112.054329,33.467704],[-112.054329,33.4683],[-112.054329,33.468606],[-112.054342,33.468614],[-112.054399,33.468613],[-112.054398,33.468479],[-112.054508,33.468477],[-112.054499,33.468364],[-112.054578,33.468361],[-112.054682,33.468361],[-112.054799,33.468382],[-112.054905,33.468421],[-112.054984,33.468491],[-112.055044,33.468582],[-112.055067,33.468682],[-112.055078,33.468754],[-112.055078,33.468804],[-112.055065,33.468825],[-112.055043,33.468861]]]}},{"type":"Feature","properties":{"kind":"vegetation","name":null,"osm":"way/977093770"},"geometry":{"type":"Polygon","coordinates":[[[-112.054362,33.467279],[-112.054354,33.467257],[-112.05436,33.46722],[-112.054372,33.467199],[-112.054387,33.467187],[-112.054449,33.467193],[-112.054673,33.467197],[-112.054712,33.46718],[-112.05577,33.467179],[-112.055773,33.467209],[-112.055744,33.467232],[-112.055708,33.467231],[-112.055688,33.467245],[-112.055563,33.467245],[-112.055553,33.467264],[-112.05554,33.467282],[-112.05552,33.467293],[-112.055298,33.467291],[-112.05503,33.467291],[-112.055032,33.467249],[-112.054971,33.467248],[-112.054972,33.467282],[-112.054905,33.467281],[-112.054905,33.467293],[-112.054418,33.467295],[-112.054378,33.467285],[-112.054362,33.467279]]]}},{"type":"Feature","properties":{"kind":"vegetation","name":null,"osm":"way/977093771"},"geometry":{"type":"Polygon","coordinates":[[[-112.055091,33.467667],[-112.05509,33.467585],[-112.05507,33.467585],[-112.055072,33.467564],[-112.05504,33.467558],[-112.055021,33.467553],[-112.055002,33.467537],[-112.054984,33.467523],[-112.054964,33.467509],[-112.054951,33.467485],[-112.054945,33.467463],[-112.054942,33.467435],[-112.054944,33.467417],[-112.054952,33.467397],[-112.054956,33.467385],[-112.05494,33.467379],[-112.054954,33.467353],[-112.054969,33.46736],[-112.054976,33.467351],[-112.054979,33.467341],[-112.054973,33.46733],[-112.054965,33.467323],[-112.054774,33.467331],[-112.05473,33.467336],[-112.054665,33.467333],[-112.054624,33.467336],[-112.05455,33.467334],[-112.054464,33.467334],[-112.054407,33.467344],[-112.054376,33.467346],[-112.05439,33.46737],[-112.054384,33.467393],[-112.054386,33.467445],[-112.054386,33.4675],[-112.054389,33.467524],[-112.054376,33.467552],[-112.054378,33.467588],[-112.054395,33.467592],[-112.054387,33.467618],[-112.054369,33.467641],[-112.054384,33.467654],[-112.054427,33.467655],[-112.054458,33.467664],[-112.054486,33.467668],[-112.054539,33.467654],[-112.054598,33.467648],[-112.054676,33.467652],[-112.054721,33.467653],[-112.054774,33.46766],[-112.054909,33.467656],[-112.055032,33.467668],[-112.055091,33.467667]]]}},{"type":"Feature","properties":{"kind":"vegetation","name":null,"osm":"way/977093772"},"geometry":{"type":"Polygon","coordinates":[[[-112.055504,33.467523],[-112.055572,33.467522],[-112.055568,33.467335],[-112.055553,33.467318],[-112.055372,33.467321],[-112.055354,33.46733],[-112.055345,33.467343],[-112.055342,33.467377],[-112.055339,33.467397],[-112.055357,33.467407],[-112.055343,33.467429],[-112.055326,33.467423],[-112.0553,33.467451],[-112.055318,33.467462],[-112.055305,33.467479],[-112.055374,33.467525],[-112.055447,33.467523],[-112.055447,33.467493],[-112.055504,33.467493],[-112.055504,33.467523]]]}},{"type":"Feature","properties":{"kind":"vegetation","name":null,"osm":"way/977093773"},"geometry":{"type":"Polygon","coordinates":[[[-112.055537,33.467668],[-112.055533,33.467562],[-112.055441,33.46756],[-112.055443,33.467544],[-112.055363,33.46754],[-112.055339,33.467527],[-112.055281,33.46749],[-112.05527,33.467482],[-112.055223,33.467521],[-112.055201,33.467533],[-112.055194,33.467537],[-112.055203,33.467549],[-112.055176,33.46756],[-112.055166,33.467545],[-112.055114,33.467563],[-112.055115,33.467668],[-112.055228,33.467668],[-112.055319,33.467662],[-112.055394,33.467658],[-112.055463,33.467655],[-112.055514,33.467667],[-112.055537,33.467668]]]}},{"type":"Feature","properties":{"kind":"vegetation","name":null,"osm":"way/977093774"},"geometry":{"type":"Polygon","coordinates":[[[-112.055912,33.467981],[-112.055912,33.467879],[-112.055916,33.467873],[-112.055977,33.467871],[-112.055985,33.467878],[-112.055986,33.467975],[-112.055982,33.467983],[-112.055917,33.467984],[-112.055912,33.467981]]]}},{"type":"Feature","properties":{"kind":"vegetation","name":null,"osm":"way/977093775"},"geometry":{"type":"Polygon","coordinates":[[[-112.055671,33.468213],[-112.055671,33.468199],[-112.055656,33.468195],[-112.055653,33.468157],[-112.055644,33.468129],[-112.055645,33.468012],[-112.055657,33.468005],[-112.05598,33.468003],[-112.05599,33.468483],[-112.055842,33.468483],[-112.05584,33.468474],[-112.055837,33.468212],[-112.055671,33.468213]]]}},{"type":"Feature","properties":{"kind":"vegetation","name":null,"osm":"way/979441498"},"geometry":{"type":"Polygon","coordinates":[[[-112.021173,33.449208],[-112.021173,33.449093],[-112.021162,33.449058],[-112.021143,33.449032],[-112.021119,33.449017],[-112.021098,33.449004],[-112.021098,33.448845],[-112.021467,33.448847],[-112.021465,33.449156],[-112.021432,33.44921],[-112.021173,33.449208]]]}},{"type":"Feature","properties":{"kind":"vegetation","name":null,"osm":"way/979441499"},"geometry":{"type":"Polygon","coordinates":[[[-112.020962,33.449204],[-112.020966,33.448997],[-112.020715,33.448999],[-112.020716,33.449204],[-112.020962,33.449204]]]}},{"type":"Feature","properties":{"kind":"vegetation","name":null,"osm":"way/983103748"},"geometry":{"type":"Polygon","coordinates":[[[-112.059979,33.485495],[-112.059972,33.485505],[-112.059966,33.485517],[-112.059957,33.485534],[-112.059951,33.485546],[-112.059947,33.485562],[-112.059949,33.485579],[-112.059953,33.485597],[-112.05996,33.485604],[-112.059968,33.485613],[-112.059982,33.48562],[-112.06,33.485622],[-112.060025,33.48562],[-112.060045,33.485615],[-112.060063,33.485607],[-112.060077,33.485598],[-112.060088,33.485589],[-112.060102,33.485575],[-112.060109,33.485563],[-112.060116,33.485548],[-112.060121,33.485533],[-112.060124,33.485519],[-112.060124,33.485506],[-112.060121,33.485493],[-112.060114,33.485483],[-112.060103,33.485471],[-112.060094,33.485462],[-112.060078,33.485458],[-112.060062,33.485457],[-112.060039,33.48546],[-112.06002,33.485464],[-112.060006,33.485473],[-112.059988,33.485484],[-112.059979,33.485495]]]}},{"type":"Feature","properties":{"kind":"vegetation","name":null,"osm":"way/983410103"},"geometry":{"type":"Polygon","coordinates":[[[-112.073579,33.483263],[-112.073608,33.483262],[-112.07361,33.483019],[-112.073571,33.483017],[-112.07354,33.483014],[-112.073507,33.483008],[-112.07347,33.482996],[-112.073434,33.482985],[-112.073414,33.482984],[-112.07334,33.482972],[-112.073126,33.482973],[-112.073115,33.48298],[-112.073097,33.48299],[-112.073076,33.483001],[-112.07306,33.483018],[-112.073049,33.483039],[-112.073042,33.483065],[-112.073043,33.48309],[-112.07305,33.48311],[-112.073058,33.483126],[-112.073072,33.48314],[-112.073089,33.483159],[-112.073099,33.483176],[-112.073108,33.483194],[-112.073117,33.483221],[-112.07312,33.483241],[-112.073119,33.483262],[-112.073117,33.483273],[-112.073111,33.483279],[-112.073579,33.48328],[-112.073579,33.483263]]]}},{"type":"Feature","properties":{"kind":"vegetation","name":null,"osm":"way/997481382"},"geometry":{"type":"Polygon","coordinates":[[[-112.04922,33.470022],[-112.04922,33.469983],[-112.049219,33.469521],[-112.049231,33.469479],[-112.049254,33.469458],[-112.049744,33.469463],[-112.049777,33.469474],[-112.049779,33.469511],[-112.049776,33.469971],[-112.049745,33.469967],[-112.049746,33.469953],[-112.049402,33.469952],[-112.049401,33.470024],[-112.04936,33.470028],[-112.04922,33.470022]]]}},{"type":"Feature","properties":{"kind":"vegetation","name":null,"osm":"way/997481388"},"geometry":{"type":"Polygon","coordinates":[[[-112.049156,33.470028],[-112.04922,33.470022],[-112.04922,33.469983],[-112.049137,33.469979],[-112.049137,33.469902],[-112.049116,33.469885],[-112.049051,33.469871],[-112.049006,33.469886],[-112.048945,33.469899],[-112.048881,33.469913],[-112.048877,33.47002],[-112.049156,33.470028]]]}},{"type":"Feature","properties":{"kind":"vegetation","name":null,"osm":"way/997481389"},"geometry":{"type":"Polygon","coordinates":[[[-112.048804,33.469559],[-112.048808,33.469464],[-112.048739,33.469468],[-112.048711,33.469496],[-112.048217,33.469499],[-112.048188,33.469517],[-112.048207,33.469517],[-112.048204,33.469609],[-112.048275,33.469609],[-112.048275,33.469614],[-112.048475,33.469613],[-112.048475,33.46956],[-112.048696,33.469559],[-112.048696,33.469583],[-112.048786,33.469582],[-112.048786,33.469559],[-112.048804,33.469559]]]}},{"type":"Feature","properties":{"kind":"vegetation","name":null,"osm":"way/997481390"},"geometry":{"type":"Polygon","coordinates":[[[-112.048031,33.469831],[-112.047976,33.469828],[-112.047978,33.469644],[-112.04803,33.469639],[-112.048031,33.469831]]]}},{"type":"Feature","properties":{"kind":"vegetation","name":null,"osm":"way/997481391"},"geometry":{"type":"Polygon","coordinates":[[[-112.047968,33.469876],[-112.047968,33.469639],[-112.047796,33.469639],[-112.047795,33.469876],[-112.047968,33.469876]]]}},{"type":"Feature","properties":{"kind":"vegetation","name":null,"osm":"way/997481392"},"geometry":{"type":"Polygon","coordinates":[[[-112.04797,33.470186],[-112.04797,33.470135],[-112.047971,33.469901],[-112.04778,33.469901],[-112.047787,33.470189],[-112.04797,33.470186]]]}},{"type":"Feature","properties":{"kind":"vegetation","name":null,"osm":"way/997481393"},"geometry":{"type":"Polygon","coordinates":[[[-112.048029,33.470134],[-112.047979,33.470137],[-112.047981,33.469957],[-112.048015,33.469957],[-112.048015,33.469972],[-112.048028,33.469972],[-112.048029,33.470134]]]}},{"type":"Feature","properties":{"kind":"vegetation","name":null,"osm":"way/997548626"},"geometry":{"type":"Polygon","coordinates":[[[-112.094351,33.452529],[-112.094293,33.452521],[-112.094301,33.452272],[-112.094359,33.45227],[-112.094353,33.45225],[-112.094338,33.452231],[-112.094327,33.452215],[-112.094306,33.452201],[-112.094275,33.452193],[-112.09424,33.452199],[-112.094212,33.452209],[-112.094189,33.452225],[-112.094169,33.452251],[-112.094165,33.452286],[-112.094241,33.452286],[-112.094236,33.452574],[-112.09417,33.452576],[-112.094165,33.452577],[-112.094159,33.45258],[-112.094159,33.452587],[-112.094162,33.452592],[-112.094169,33.452596],[-112.094175,33.452598],[-112.094202,33.452599],[-112.09423,33.452598],[-112.094272,33.452599],[-112.094296,33.452594],[-112.094309,33.452591],[-112.094321,33.452585],[-112.094332,33.452576],[-112.094343,33.452567],[-112.094356,33.452548],[-112.094359,33.452542],[-112.094357,33.45253],[-112.094351,33.452529]]]}},{"type":"Feature","properties":{"kind":"vegetation","name":null,"osm":"way/997548627"},"geometry":{"type":"Polygon","coordinates":[[[-112.094369,33.452051],[-112.09437,33.451895],[-112.09436,33.451895],[-112.094362,33.451834],[-112.094347,33.451833],[-112.094346,33.451816],[-112.094245,33.451817],[-112.09424,33.451559],[-112.094264,33.451559],[-112.094264,33.451553],[-112.094269,33.451553],[-112.094269,33.451525],[-112.094066,33.451533],[-112.094067,33.451809],[-112.094107,33.451867],[-112.094131,33.451918],[-112.094132,33.452005],[-112.094136,33.45205],[-112.094336,33.452049],[-112.094369,33.452051]]]}},{"type":"Feature","properties":{"kind":"vegetation","name":null,"osm":"way/997548634"},"geometry":{"type":"Polygon","coordinates":[[[-112.095244,33.451938],[-112.095231,33.451937],[-112.095216,33.451928],[-112.095209,33.451911],[-112.095201,33.451895],[-112.095181,33.451888],[-112.095167,33.451888],[-112.095145,33.451892],[-112.095137,33.451898],[-112.09513,33.451906],[-112.095132,33.451919],[-112.095128,33.451932],[-112.095108,33.451939],[-112.095108,33.452061],[-112.095246,33.45206],[-112.095244,33.451938]]]}},{"type":"Feature","properties":{"kind":"vegetation","name":null,"osm":"way/997548639"},"geometry":{"type":"Polygon","coordinates":[[[-112.09507,33.452093],[-112.095074,33.452201],[-112.095043,33.452186],[-112.095016,33.452185],[-112.095009,33.452166],[-112.094987,33.45215],[-112.094956,33.45213],[-112.094931,33.452127],[-112.09493,33.452095],[-112.09507,33.452093]]]}},{"type":"Feature","properties":{"kind":"vegetation","name":null,"osm":"way/997548640"},"geometry":{"type":"Polygon","coordinates":[[[-112.095076,33.45234],[-112.094944,33.452339],[-112.09494,33.452339],[-112.09494,33.452309],[-112.094964,33.452304],[-112.094986,33.452294],[-112.095015,33.45227],[-112.095023,33.452254],[-112.095032,33.452233],[-112.095062,33.452231],[-112.095062,33.452244],[-112.095073,33.452244],[-112.095076,33.45234]]]}},{"type":"Feature","properties":{"kind":"vegetation","name":null,"osm":"way/997548641"},"geometry":{"type":"Polygon","coordinates":[[[-112.094904,33.452339],[-112.094762,33.45234],[-112.094761,33.452237],[-112.094806,33.452238],[-112.094808,33.45225],[-112.094817,33.452268],[-112.094833,33.452284],[-112.094851,33.452294],[-112.094875,33.452302],[-112.094894,33.452306],[-112.094901,33.452308],[-112.094904,33.452339]]]}},{"type":"Feature","properties":{"kind":"vegetation","name":null,"osm":"way/998223961"},"geometry":{"type":"Polygon","coordinates":[[[-112.023606,33.505053],[-112.023564,33.505053],[-112.023518,33.505016],[-112.023518,33.504884],[-112.023606,33.504883],[-112.023606,33.505053]]]}},{"type":"Feature","properties":{"kind":"water","name":null,"osm":"way/998486781"},"geometry":{"type":"Polygon","coordinates":[[[-112.035833,33.505176],[-112.035903,33.505147],[-112.035955,33.505101],[-112.036015,33.505013],[-112.036013,33.504991],[-112.035968,33.504956],[-112.036032,33.504908],[-112.036074,33.504921],[-112.036133,33.504888],[-112.036123,33.504879],[-112.036165,33.504843],[-112.036201,33.504843],[-112.036199,33.504825],[-112.03609,33.504737],[-112.036084,33.50472],[-112.036097,33.504708],[-112.036114,33.504693],[-112.036079,33.504667],[-112.036058,33.504687],[-112.035999,33.504641],[-112.035926,33.504632],[-112.035893,33.50461],[-112.035818,33.504549],[-112.035825,33.504768],[-112.035868,33.504773],[-112.035905,33.504789],[-112.03594,33.504835],[-112.035943,33.504886],[-112.035901,33.504947],[-112.035859,33.504998],[-112.035788,33.504998],[-112.03571,33.504976],[-112.035615,33.505007],[-112.035561,33.505017],[-112.035493,33.505011],[-112.035497,33.505075],[-112.035499,33.505109],[-112.035573,33.505139],[-112.035775,33.505175],[-112.035833,33.505176]]]}},{"type":"Feature","properties":{"kind":"water","name":null,"osm":"way/998486782"},"geometry":{"type":"Polygon","coordinates":[[[-112.035643,33.504546],[-112.035633,33.504504],[-112.035638,33.504388],[-112.035629,33.504337],[-112.03561,33.504309],[-112.035588,33.504296],[-112.035539,33.504292],[-112.035497,33.504289],[-112.035481,33.504279],[-112.035452,33.504296],[-112.035465,33.504329],[-112.035553,33.504421],[-112.035556,33.504481],[-112.035544,33.504504],[-112.035511,33.504519],[-112.035465,33.504524],[-112.035443,33.504529],[-112.03541,33.504546],[-112.03538,33.504588],[-112.035389,33.504696],[-112.035363,33.504758],[-112.035335,33.50479],[-112.035303,33.504801],[-112.035274,33.504808],[-112.035241,33.504785],[-112.035204,33.504796],[-112.035199,33.504873],[-112.035235,33.504869],[-112.035255,33.504894],[-112.03526,33.504963],[-112.03519,33.504965],[-112.035181,33.505045],[-112.035216,33.505075],[-112.035204,33.505088],[-112.035232,33.505112],[-112.035248,33.505099],[-112.035417,33.505097],[-112.035418,33.505077],[-112.035497,33.505075],[-112.035493,33.505011],[-112.035438,33.504991],[-112.035429,33.504937],[-112.035432,33.504905],[-112.03546,33.504895],[-112.035539,33.504894],[-112.035699,33.504816],[-112.035691,33.504809],[-112.035689,33.504797],[-112.03569,33.504787],[-112.035693,33.504774],[-112.035702,33.50476],[-112.035713,33.504749],[-112.035732,33.50474],[-112.035753,33.504736],[-112.035771,33.504737],[-112.035783,33.504741],[-112.035795,33.504747],[-112.035807,33.504755],[-112.035814,33.504763],[-112.03582,33.504773],[-112.035825,33.504768],[-112.035818,33.504549],[-112.035758,33.504562],[-112.035664,33.504561],[-112.035643,33.504546]]]}},{"type":"Feature","properties":{"kind":"vegetation","name":null,"osm":"way/1000627104"},"geometry":{"type":"Polygon","coordinates":[[[-112.05367,33.450312],[-112.053672,33.450341],[-112.052811,33.450346],[-112.052818,33.449606],[-112.052997,33.449607],[-112.053015,33.449519],[-112.053041,33.449391],[-112.05315,33.449392],[-112.05315,33.449445],[-112.053199,33.449445],[-112.0532,33.449499],[-112.053203,33.449735],[-112.053246,33.449734],[-112.053394,33.449733],[-112.053448,33.449734],[-112.053449,33.449703],[-112.053542,33.449702],[-112.053543,33.449732],[-112.053679,33.44973],[-112.053679,33.449716],[-112.053798,33.449713],[-112.053802,33.449874],[-112.05367,33.449876],[-112.053672,33.449774],[-112.053666,33.449774],[-112.053392,33.449775],[-112.053395,33.450174],[-112.053396,33.450304],[-112.053404,33.450306],[-112.053406,33.450313],[-112.05367,33.450312]]]}},{"type":"Feature","properties":{"kind":"vegetation","name":null,"osm":"way/1000627105"},"geometry":{"type":"Polygon","coordinates":[[[-112.053809,33.449891],[-112.053671,33.449891],[-112.05367,33.450167],[-112.053807,33.450166],[-112.053809,33.449952],[-112.053809,33.449891]]]}},{"type":"Feature","properties":{"kind":"vegetation","name":null,"osm":"way/1000627106"},"geometry":{"type":"Polygon","coordinates":[[[-112.053629,33.449473],[-112.053503,33.449474],[-112.0535,33.449332],[-112.0535,33.4492],[-112.053626,33.449199],[-112.053626,33.449375],[-112.053629,33.449473]]]}},{"type":"Feature","properties":{"kind":"vegetation","name":null,"osm":"way/1000627107"},"geometry":{"type":"Polygon","coordinates":[[[-112.052869,33.448717],[-112.05287,33.448792],[-112.052899,33.44879],[-112.0529,33.448869],[-112.05309,33.448868],[-112.053088,33.448852],[-112.053089,33.448831],[-112.053099,33.448814],[-112.053119,33.448801],[-112.053147,33.4488],[-112.053167,33.448806],[-112.05317,33.448807],[-112.053183,33.44882],[-112.053229,33.44882],[-112.053232,33.448819],[-112.053233,33.448715],[-112.052869,33.448717]]]}},{"type":"Feature","properties":{"kind":"vegetation","name":null,"osm":"way/1000627108"},"geometry":{"type":"Polygon","coordinates":[[[-112.053383,33.448716],[-112.053384,33.448757],[-112.053269,33.448757],[-112.053268,33.448714],[-112.053383,33.448716]]]}},{"type":"Feature","properties":{"kind":"vegetation","name":null,"osm":"way/1000627109"},"geometry":{"type":"Polygon","coordinates":[[[-112.053401,33.448969],[-112.053338,33.44897],[-112.053338,33.448871],[-112.053401,33.44887],[-112.053401,33.448969]]]}},{"type":"Feature","properties":{"kind":"vegetation","name":null,"osm":"way/1003170977"},"geometry":{"type":"Polygon","coordinates":[[[-112.095707,33.465022],[-112.09571,33.464848],[-112.095676,33.464848],[-112.095673,33.465021],[-112.095707,33.465022]]]}},{"type":"Feature","properties":{"kind":"vegetation","name":null,"osm":"way/1004462887"},"geometry":{"type":"Polygon","coordinates":[[[-112.094899,33.452095],[-112.094898,33.452124],[-112.094884,33.452127],[-112.094859,33.452135],[-112.094844,33.452146],[-112.09483,33.452157],[-112.094812,33.452181],[-112.094806,33.452202],[-112.094762,33.452203],[-112.094765,33.452097],[-112.094899,33.452095]]]}},{"type":"Feature","properties":{"kind":"vegetation","name":null,"osm":"way/1004514303"},"geometry":{"type":"Polygon","coordinates":[[[-112.022458,33.503594],[-112.022458,33.503484],[-112.022409,33.503365],[-112.022375,33.50335],[-112.02235,33.503289],[-112.022305,33.503272],[-112.022094,33.503333],[-112.022093,33.503522],[-112.022146,33.503522],[-112.022146,33.503519],[-112.022156,33.503509],[-112.022156,33.503422],[-112.022163,33.503418],[-112.022163,33.503404],[-112.022347,33.503404],[-112.022347,33.503517],[-112.022385,33.503517],[-112.022401,33.503529],[-112.022401,33.503594],[-112.022458,33.503594]]]}},{"type":"Feature","properties":{"kind":"vegetation","name":null,"osm":"way/1004514304"},"geometry":{"type":"Polygon","coordinates":[[[-112.022454,33.503197],[-112.022411,33.503103],[-112.022128,33.503101],[-112.022128,33.503119],[-112.022106,33.503141],[-112.022094,33.503141],[-112.022094,33.503302],[-112.022454,33.503197]]]}},{"type":"Feature","properties":{"kind":"vegetation","name":null,"osm":"way/1004514305"},"geometry":{"type":"Polygon","coordinates":[[[-112.022812,33.503134],[-112.022817,33.503162],[-112.022943,33.5032],[-112.022963,33.503192],[-112.022992,33.503122],[-112.022859,33.503071],[-112.022625,33.50307],[-112.022506,33.503113],[-112.022499,33.503126],[-112.022525,33.503192],[-112.022545,33.5032],[-112.022675,33.503164],[-112.022681,33.503134],[-112.022812,33.503134]]]}},{"type":"Feature","properties":{"kind":"vegetation","name":null,"osm":"way/1004514308"},"geometry":{"type":"Polygon","coordinates":[[[-112.022062,33.503141],[-112.022045,33.50314],[-112.022026,33.503116],[-112.022027,33.503102],[-112.02172,33.503101],[-112.02172,33.503503],[-112.021781,33.503684],[-112.021779,33.503863],[-112.021789,33.503862],[-112.021789,33.503873],[-112.021965,33.503874],[-112.021966,33.50379],[-112.02206,33.503791],[-112.022062,33.503141]]]}},{"type":"Feature","properties":{"kind":"vegetation","name":null,"osm":"way/1007833932"},"geometry":{"type":"Polygon","coordinates":[[[-112.025556,33.515134],[-112.025556,33.514932],[-112.025555,33.514907],[-112.025545,33.514885],[-112.025523,33.514878],[-112.025492,33.514905],[-112.025495,33.514961],[-112.025478,33.515029],[-112.025475,33.515078],[-112.025476,33.515104],[-112.02548,33.515126],[-112.025487,33.515143],[-112.025507,33.515155],[-112.025526,33.515156],[-112.025542,33.515148],[-112.025556,33.515134]]]}},{"type":"Feature","properties":{"kind":"vegetation","name":null,"osm":"way/1007835714"},"geometry":{"type":"Polygon","coordinates":[[[-112.091901,33.477715],[-112.091944,33.477681],[-112.091975,33.477653],[-112.091987,33.477636],[-112.091992,33.477621],[-112.091992,33.477601],[-112.091985,33.477585],[-112.09197,33.477576],[-112.091952,33.477572],[-112.091936,33.477572],[-112.091908,33.477577],[-112.09187,33.477582],[-112.09182,33.477585],[-112.091788,33.477586],[-112.091762,33.477589],[-112.091749,33.477594],[-112.09174,33.4776],[-112.091732,33.47761],[-112.091729,33.477619],[-112.091723,33.477647],[-112.091724,33.477678],[-112.091734,33.477706],[-112.09175,33.477731],[-112.091769,33.477744],[-112.09179,33.477751],[-112.091807,33.477755],[-112.091825,33.477754],[-112.091843,33.47775],[-112.091865,33.47774],[-112.091901,33.477715]]]}},{"type":"Feature","properties":{"kind":"vegetation","name":null,"osm":"way/1007835715"},"geometry":{"type":"Polygon","coordinates":[[[-112.094404,33.47861],[-112.094471,33.478626],[-112.094541,33.478613],[-112.094596,33.478585],[-112.09463,33.478551],[-112.094636,33.478528],[-112.094623,33.47849],[-112.094596,33.478462],[-112.094539,33.478439],[-112.094463,33.478422],[-112.094416,33.478426],[-112.094383,33.478458],[-112.094374,33.478487],[-112.094369,33.478518],[-112.09437,33.478552],[-112.094377,33.478578],[-112.094404,33.47861]]]}},{"type":"Feature","properties":{"kind":"vegetation","name":null,"osm":"way/1007835716"},"geometry":{"type":"Polygon","coordinates":[[[-112.094136,33.480084],[-112.094152,33.480027],[-112.09416,33.479973],[-112.094167,33.479949],[-112.09419,33.479931],[-112.094232,33.479931],[-112.094255,33.479941],[-112.094266,33.479964],[-112.094281,33.479994],[-112.094297,33.480036],[-112.094318,33.480096],[-112.094307,33.480118],[-112.094296,33.480137],[-112.09427,33.480151],[-112.094238,33.480157],[-112.094199,33.480155],[-112.094166,33.480144],[-112.094153,33.480137],[-112.094136,33.480118],[-112.094136,33.480084]]]}},{"type":"Feature","properties":{"kind":"vegetation","name":null,"osm":"way/1007835717"},"geometry":{"type":"Polygon","coordinates":[[[-112.094781,33.479308],[-112.094837,33.479302],[-112.094867,33.479287],[-112.094882,33.479268],[-112.094886,33.479245],[-112.094881,33.479221],[-112.094872,33.47921],[-112.094843,33.479203],[-112.094814,33.479199],[-112.094778,33.479187],[-112.094754,33.479174],[-112.094707,33.479163],[-112.09467,33.479168],[-112.094625,33.479186],[-112.094586,33.479221],[-112.094574,33.479254],[-112.094574,33.479283],[-112.094585,33.479309],[-112.094605,33.479328],[-112.094634,33.479348],[-112.094668,33.479353],[-112.094698,33.479354],[-112.094738,33.479327],[-112.094781,33.479308]]]}},{"type":"Feature","properties":{"kind":"vegetation","name":null,"osm":"way/1007835718"},"geometry":{"type":"Polygon","coordinates":[[[-112.094991,33.477312],[-112.09505,33.477304],[-112.09509,33.477281],[-112.095116,33.47724],[-112.095097,33.477191],[-112.095072,33.477167],[-112.095025,33.477159],[-112.094916,33.477157],[-112.094861,33.477184],[-112.094822,33.477244],[-112.094826,33.477279],[-112.094834,33.477313],[-112.09486,33.477337],[-112.094895,33.477346],[-112.094924,33.477348],[-112.094952,33.477334],[-112.094991,33.477312]]]}},{"type":"Feature","properties":{"kind":"vegetation","name":"Bower Park","osm":"way/1009908034"},"geometry":{"type":"Polygon","coordinates":[[[-112.029997,33.452085],[-112.030001,33.451573],[-112.030001,33.451554],[-112.029914,33.451491],[-112.028461,33.451488],[-112.02841,33.451487],[-112.026514,33.451483],[-112.026515,33.451557],[-112.026567,33.451561],[-112.026609,33.451569],[-112.026654,33.451591],[-112.026686,33.451611],[-112.026712,33.451643],[-112.026727,33.451661],[-112.026743,33.451694],[-112.026747,33.451728],[-112.026748,33.45202],[-112.026766,33.452009],[-112.026796,33.451997],[-112.026819,33.451994],[-112.026854,33.451982],[-112.026887,33.451977],[-112.027046,33.45198],[-112.027555,33.451991],[-112.02762,33.452002],[-112.028241,33.452007],[-112.028281,33.452011],[-112.028333,33.452034],[-112.028359,33.452067],[-112.028418,33.452067],[-112.028416,33.452085],[-112.028455,33.452085],[-112.028499,33.452085],[-112.029997,33.452085]]]}},{"type":"Feature","properties":{"kind":"vegetation","name":null,"osm":"way/1016788600"},"geometry":{"type":"Polygon","coordinates":[[[-112.07405,33.466201],[-112.07405,33.466168],[-112.074075,33.466168],[-112.074075,33.466201],[-112.07405,33.466201]]]}},{"type":"Feature","properties":{"kind":"vegetation","name":null,"osm":"way/1016788601"},"geometry":{"type":"Polygon","coordinates":[[[-112.074053,33.466259],[-112.074054,33.466231],[-112.074078,33.466231],[-112.074077,33.466259],[-112.074053,33.466259]]]}},{"type":"Feature","properties":{"kind":"vegetation","name":null,"osm":"way/1052312362"},"geometry":{"type":"Polygon","coordinates":[[[-112.071659,33.510695],[-112.071753,33.510698],[-112.071751,33.510756],[-112.071657,33.510754],[-112.071659,33.510695]]]}},{"type":"Feature","properties":{"kind":"vegetation","name":null,"osm":"way/1052312363"},"geometry":{"type":"Polygon","coordinates":[[[-112.07217,33.510459],[-112.072217,33.510498],[-112.072123,33.510576],[-112.072103,33.510559],[-112.072075,33.510582],[-112.07201,33.510528],[-112.072086,33.510465],[-112.072101,33.510477],[-112.072124,33.510458],[-112.072147,33.510478],[-112.07217,33.510459]]]}},{"type":"Feature","properties":{"kind":"vegetation","name":null,"osm":"way/1052312368"},"geometry":{"type":"Polygon","coordinates":[[[-112.073278,33.505709],[-112.073272,33.505699],[-112.072962,33.5057],[-112.072947,33.505705],[-112.072935,33.505712],[-112.072921,33.505725],[-112.072914,33.505736],[-112.07291,33.50579],[-112.073081,33.505787],[-112.073086,33.505782],[-112.073104,33.505777],[-112.073105,33.505762],[-112.073241,33.505761],[-112.073243,33.505753],[-112.073253,33.505736],[-112.073264,33.505722],[-112.073278,33.505709]]]}},{"type":"Feature","properties":{"kind":"vegetation","name":null,"osm":"way/1052352450"},"geometry":{"type":"Polygon","coordinates":[[[-112.015831,33.514499],[-112.015882,33.514456],[-112.015949,33.51441],[-112.015971,33.514379],[-112.015968,33.51434],[-112.015947,33.514319],[-112.015921,33.514313],[-112.01585,33.514328],[-112.015785,33.514365],[-112.015728,33.514414],[-112.015712,33.514465],[-112.015721,33.514496],[-112.015731,33.514507],[-112.015757,33.514514],[-112.015787,33.514512],[-112.01581,33.514509],[-112.015831,33.514499]]]}},{"type":"Feature","properties":{"kind":"vegetation","name":null,"osm":"way/1059440007"},"geometry":{"type":"Polygon","coordinates":[[[-112.069391,33.458287],[-112.069334,33.458288],[-112.069276,33.458155],[-112.06934,33.458155],[-112.069391,33.458287]]]}},{"type":"Feature","properties":{"kind":"vegetation","name":"Pierson Oval Park","osm":"way/1065212177"},"geometry":{"type":"Polygon","coordinates":[[[-112.020432,33.508448],[-112.020465,33.508442],[-112.020492,33.508428],[-112.020517,33.508397],[-112.020524,33.508359],[-112.020514,33.508332],[-112.020504,33.508318],[-112.020465,33.508293],[-112.020428,33.508286],[-112.020391,33.508292],[-112.020357,33.508312],[-112.020334,33.508344],[-112.020331,33.508379],[-112.020342,33.508406],[-112.020353,33.508419],[-112.020388,33.508442],[-112.020432,33.508448]]]}},{"type":"Feature","properties":{"kind":"vegetation","name":null,"osm":"way/1067194667"},"geometry":{"type":"Polygon","coordinates":[[[-112.076778,33.436736],[-112.076738,33.436717],[-112.07672,33.436717],[-112.076725,33.436738],[-112.076729,33.436759],[-112.076732,33.436782],[-112.076731,33.436792],[-112.076723,33.436798],[-112.076712,33.436801],[-112.076701,33.436801],[-112.076684,33.4368],[-112.076659,33.4368],[-112.076635,33.436803],[-112.076623,33.436809],[-112.076612,33.43682],[-112.076604,33.436842],[-112.076602,33.436859],[-112.0766,33.436883],[-112.076602,33.4369],[-112.076606,33.436914],[-112.076614,33.436929],[-112.076623,33.436942],[-112.076633,33.43695],[-112.076647,33.436956],[-112.07667,33.43696],[-112.076688,33.436963],[-112.076706,33.436963],[-112.076725,33.43696],[-112.076739,33.436953],[-112.076752,33.436947],[-112.076765,33.43694],[-112.076778,33.436933],[-112.076795,33.436927],[-112.076813,33.436925],[-112.076859,33.436934],[-112.076872,33.436945],[-112.076892,33.436963],[-112.076914,33.436978],[-112.077055,33.436979],[-112.077164,33.436888],[-112.077165,33.436738],[-112.077123,33.436736],[-112.077086,33.436724],[-112.077052,33.436702],[-112.077033,33.436685],[-112.077029,33.436688],[-112.077018,33.436698],[-112.077007,33.43671],[-112.076998,33.43672],[-112.076987,33.436738],[-112.076978,33.436768],[-112.076974,33.436794],[-112.076973,33.436816],[-112.076976,33.43684],[-112.076979,33.436857],[-112.076972,33.436869],[-112.076956,33.436885],[-112.076914,33.436911],[-112.076812,33.436911],[-112.076778,33.43691],[-112.076778,33.436886],[-112.076754,33.436887],[-112.076752,33.436797],[-112.076778,33.436798],[-112.076778,33.436736]]]}},{"type":"Feature","properties":{"kind":"vegetation","name":null,"osm":"way/1067194669"},"geometry":{"type":"Polygon","coordinates":[[[-112.076967,33.436659],[-112.076993,33.436659],[-112.077016,33.436659],[-112.077033,33.436685],[-112.077029,33.436688],[-112.077018,33.436698],[-112.077007,33.43671],[-112.076998,33.43672],[-112.076987,33.436738],[-112.076978,33.436768],[-112.076974,33.436794],[-112.076973,33.436816],[-112.076976,33.43684],[-112.076979,33.436857],[-112.076972,33.436869],[-112.076956,33.436885],[-112.076914,33.436911],[-112.076914,33.436861],[-112.076941,33.436861],[-112.076941,33.436744],[-112.076966,33.436744],[-112.076967,33.436659]]]}},{"type":"Feature","properties":{"kind":"vegetation","name":null,"osm":"way/1067194670"},"geometry":{"type":"Polygon","coordinates":[[[-112.076706,33.436716],[-112.07672,33.436717],[-112.076725,33.436738],[-112.076729,33.436759],[-112.076732,33.436782],[-112.076731,33.436792],[-112.076723,33.436798],[-112.076712,33.436801],[-112.076701,33.436801],[-112.076684,33.4368],[-112.076659,33.4368],[-112.076635,33.436803],[-112.076623,33.436809],[-112.076612,33.43682],[-112.076604,33.436842],[-112.076602,33.436859],[-112.0766,33.436883],[-112.076602,33.4369],[-112.076606,33.436914],[-112.076614,33.436929],[-112.076623,33.436942],[-112.076633,33.43695],[-112.076647,33.436956],[-112.07667,33.43696],[-112.076688,33.436963],[-112.076706,33.436963],[-112.076725,33.43696],[-112.076739,33.436953],[-112.076752,33.436947],[-112.076765,33.43694],[-112.076778,33.436933],[-112.076795,33.436927],[-112.076813,33.436925],[-112.076859,33.436934],[-112.076872,33.436945],[-112.076892,33.436963],[-112.076914,33.436978],[-112.076592,33.436977],[-112.076591,33.436879],[-112.076591,33.436791],[-112.076706,33.436791],[-112.076706,33.436716]]]}},{"type":"Feature","properties":{"kind":"vegetation","name":null,"osm":"way/1070832783"},"geometry":{"type":"Polygon","coordinates":[[[-112.071628,33.45857],[-112.071628,33.458483],[-112.071502,33.458482],[-112.071602,33.45857],[-112.071628,33.45857]]]}},{"type":"Feature","properties":{"kind":"vegetation","name":null,"osm":"way/1070832784"},"geometry":{"type":"Polygon","coordinates":[[[-112.071441,33.458479],[-112.07147,33.458455],[-112.071469,33.458427],[-112.071416,33.458427],[-112.071416,33.458458],[-112.071441,33.458479]]]}},{"type":"Feature","properties":{"kind":"vegetation","name":null,"osm":"way/1070832785"},"geometry":{"type":"Polygon","coordinates":[[[-112.071585,33.458569],[-112.071501,33.458496],[-112.071485,33.458509],[-112.071465,33.458491],[-112.07145,33.458503],[-112.071431,33.458487],[-112.071416,33.458499],[-112.071416,33.458569],[-112.071585,33.458569]]]}},{"type":"Feature","properties":{"kind":"vegetation","name":null,"osm":"way/1070832790"},"geometry":{"type":"Polygon","coordinates":[[[-112.072379,33.458368],[-112.072379,33.458357],[-112.072369,33.458341],[-112.072331,33.458341],[-112.072318,33.458348],[-112.0723,33.458352],[-112.072283,33.458354],[-112.072268,33.458354],[-112.072253,33.458352],[-112.072239,33.458347],[-112.072227,33.458339],[-112.072175,33.458339],[-112.072175,33.458368],[-112.072379,33.458368]]]}},{"type":"Feature","properties":{"kind":"vegetation","name":null,"osm":"way/1070839848"},"geometry":{"type":"Polygon","coordinates":[[[-112.072866,33.458579],[-112.072867,33.458538],[-112.072847,33.45852],[-112.072812,33.45852],[-112.072756,33.458568],[-112.072766,33.458579],[-112.072866,33.458579]]]}},{"type":"Feature","properties":{"kind":"vegetation","name":null,"osm":"way/1070839849"},"geometry":{"type":"Polygon","coordinates":[[[-112.0728,33.458491],[-112.072736,33.458543],[-112.072721,33.45853],[-112.072723,33.458466],[-112.072782,33.458465],[-112.072802,33.458481],[-112.0728,33.458491]]]}},{"type":"Feature","properties":{"kind":"vegetation","name":null,"osm":"way/1070839850"},"geometry":{"type":"Polygon","coordinates":[[[-112.072891,33.458581],[-112.072891,33.458519],[-112.07291,33.458536],[-112.072938,33.458514],[-112.072934,33.458511],[-112.072951,33.458498],[-112.07298,33.458497],[-112.072983,33.458502],[-112.073038,33.458502],[-112.073038,33.458543],[-112.07309,33.458543],[-112.07309,33.458561],[-112.073026,33.458561],[-112.073026,33.458581],[-112.072891,33.458581]]]}},{"type":"Feature","properties":{"kind":"vegetation","name":null,"osm":"way/1071428140"},"geometry":{"type":"Polygon","coordinates":[[[-112.073175,33.458829],[-112.073161,33.45879],[-112.072756,33.45879],[-112.072732,33.458809],[-112.072732,33.459455],[-112.07277,33.45947],[-112.072772,33.458828],[-112.073175,33.458829]]]}},{"type":"Feature","properties":{"kind":"vegetation","name":null,"osm":"way/1071428141"},"geometry":{"type":"Polygon","coordinates":[[[-112.072769,33.459534],[-112.07273,33.459551],[-112.07273,33.459608],[-112.072769,33.459607],[-112.072769,33.459534]]]}},{"type":"Feature","properties":{"kind":"vegetation","name":null,"osm":"way/1071785858"},"geometry":{"type":"Polygon","coordinates":[[[-112.073404,33.461361],[-112.073407,33.461289],[-112.073364,33.461273],[-112.073323,33.461265],[-112.073243,33.461258],[-112.072629,33.461258],[-112.072627,33.461361],[-112.073404,33.461361]]]}},{"type":"Feature","properties":{"kind":"vegetation","name":null,"osm":"way/1072505895"},"geometry":{"type":"Polygon","coordinates":[[[-112.071193,33.46082],[-112.071193,33.460783],[-112.071192,33.460778],[-112.071187,33.460772],[-112.071182,33.460769],[-112.071176,33.460767],[-112.07117,33.460766],[-112.071113,33.460766],[-112.071113,33.46082],[-112.071193,33.46082]]]}},{"type":"Feature","properties":{"kind":"vegetation","name":null,"osm":"way/1072505896"},"geometry":{"type":"Polygon","coordinates":[[[-112.071093,33.460819],[-112.071093,33.460765],[-112.070954,33.460764],[-112.070954,33.460806],[-112.07103,33.460806],[-112.071049,33.460819],[-112.071093,33.460819]]]}},{"type":"Feature","properties":{"kind":"vegetation","name":null,"osm":"way/1072505897"},"geometry":{"type":"Polygon","coordinates":[[[-112.071114,33.460744],[-112.071113,33.460721],[-112.071194,33.460721],[-112.071194,33.46073],[-112.071191,33.460735],[-112.071185,33.46074],[-112.071178,33.460743],[-112.071174,33.460744],[-112.071114,33.460744]]]}},{"type":"Feature","properties":{"kind":"vegetation","name":null,"osm":"way/1072505898"},"geometry":{"type":"Polygon","coordinates":[[[-112.071093,33.460745],[-112.071093,33.46073],[-112.070571,33.46073],[-112.070571,33.460796],[-112.070699,33.460796],[-112.070699,33.460745],[-112.071093,33.460745]]]}},{"type":"Feature","properties":{"kind":"vegetation","name":null,"osm":"way/1072505899"},"geometry":{"type":"Polygon","coordinates":[[[-112.070698,33.460808],[-112.070443,33.460807],[-112.070442,33.460914],[-112.070624,33.460914],[-112.070624,33.460893],[-112.070656,33.460893],[-112.070656,33.460881],[-112.070698,33.460881],[-112.070698,33.460808]]]}},{"type":"Feature","properties":{"kind":"vegetation","name":null,"osm":"way/1072505900"},"geometry":{"type":"Polygon","coordinates":[[[-112.071094,33.460835],[-112.071043,33.460835],[-112.071023,33.460823],[-112.070984,33.460822],[-112.070947,33.460848],[-112.070947,33.460905],[-112.070916,33.460905],[-112.070916,33.46093],[-112.071093,33.46093],[-112.071093,33.460868],[-112.071066,33.460868],[-112.071066,33.460851],[-112.071094,33.460851],[-112.071094,33.460835]]]}},{"type":"Feature","properties":{"kind":"vegetation","name":null,"osm":"way/1072505901"},"geometry":{"type":"Polygon","coordinates":[[[-112.071192,33.460847],[-112.071169,33.460847],[-112.071154,33.460836],[-112.071113,33.460835],[-112.071113,33.460935],[-112.071161,33.460936],[-112.071192,33.46094],[-112.071192,33.460847]]]}},{"type":"Feature","properties":{"kind":"vegetation","name":null,"osm":"way/1072505904"},"geometry":{"type":"Polygon","coordinates":[[[-112.070472,33.460081],[-112.070473,33.460043],[-112.070418,33.460042],[-112.070417,33.460081],[-112.070472,33.460081]]]}},{"type":"Feature","properties":{"kind":"vegetation","name":null,"osm":"way/1072913770"},"geometry":{"type":"Polygon","coordinates":[[[-112.069782,33.460513],[-112.069782,33.460474],[-112.069781,33.460471],[-112.069778,33.46047],[-112.069663,33.460468],[-112.069662,33.460416],[-112.069659,33.460414],[-112.06965,33.460414],[-112.069651,33.460403],[-112.069655,33.460401],[-112.069657,33.4604],[-112.069666,33.460398],[-112.069666,33.460391],[-112.069644,33.460391],[-112.069644,33.460329],[-112.069682,33.460329],[-112.069686,33.460322],[-112.069686,33.460314],[-112.069541,33.460313],[-112.06954,33.460512],[-112.069782,33.460513]]]}},{"type":"Feature","properties":{"kind":"vegetation","name":null,"osm":"way/1072913771"},"geometry":{"type":"Polygon","coordinates":[[[-112.069793,33.460513],[-112.069793,33.460474],[-112.069793,33.460472],[-112.069797,33.46047],[-112.069854,33.46047],[-112.069854,33.460507],[-112.069851,33.46051],[-112.069846,33.460513],[-112.069793,33.460513]]]}},{"type":"Feature","properties":{"kind":"vegetation","name":null,"osm":"way/1072913772"},"geometry":{"type":"Polygon","coordinates":[[[-112.069854,33.460428],[-112.069806,33.460427],[-112.069806,33.460462],[-112.069852,33.460462],[-112.069854,33.46046],[-112.069854,33.460428]]]}},{"type":"Feature","properties":{"kind":"vegetation","name":null,"osm":"way/1072913773"},"geometry":{"type":"Polygon","coordinates":[[[-112.069524,33.460623],[-112.069481,33.460634],[-112.069481,33.460798],[-112.069523,33.460798],[-112.069524,33.460623]]]}},{"type":"Feature","properties":{"kind":"vegetation","name":null,"osm":"way/1072913774"},"geometry":{"type":"Polygon","coordinates":[[[-112.069522,33.460909],[-112.069489,33.46091],[-112.069484,33.460912],[-112.06948,33.460915],[-112.069478,33.460919],[-112.069479,33.460924],[-112.06948,33.460927],[-112.069486,33.46093],[-112.069491,33.460931],[-112.069523,33.460931],[-112.069522,33.460909]]]}},{"type":"Feature","properties":{"kind":"vegetation","name":null,"osm":"way/1072913775"},"geometry":{"type":"Polygon","coordinates":[[[-112.069523,33.460962],[-112.069488,33.460962],[-112.069484,33.460965],[-112.069481,33.460968],[-112.06948,33.461033],[-112.069482,33.461035],[-112.069485,33.461036],[-112.069523,33.461037],[-112.069523,33.460962]]]}},{"type":"Feature","properties":{"kind":"vegetation","name":null,"osm":"way/1072913776"},"geometry":{"type":"Polygon","coordinates":[[[-112.069595,33.461036],[-112.069538,33.461036],[-112.069539,33.460695],[-112.069785,33.460695],[-112.069785,33.460933],[-112.069686,33.460933],[-112.069678,33.460935],[-112.069673,33.460939],[-112.069669,33.460944],[-112.069667,33.460949],[-112.069667,33.460991],[-112.069596,33.461013],[-112.069595,33.461036]]]}},{"type":"Feature","properties":{"kind":"vegetation","name":null,"osm":"way/1072913777"},"geometry":{"type":"Polygon","coordinates":[[[-112.069797,33.46078],[-112.069811,33.46078],[-112.069812,33.460787],[-112.069944,33.460786],[-112.069946,33.460934],[-112.069798,33.460933],[-112.069797,33.46078]]]}},{"type":"Feature","properties":{"kind":"vegetation","name":null,"osm":"way/1072913778"},"geometry":{"type":"Polygon","coordinates":[[[-112.069595,33.461083],[-112.069537,33.461083],[-112.069537,33.461188],[-112.069554,33.461204],[-112.069663,33.461205],[-112.069664,33.461127],[-112.069595,33.461107],[-112.069595,33.461083]]]}},{"type":"Feature","properties":{"kind":"vegetation","name":null,"osm":"way/1072913779"},"geometry":{"type":"Polygon","coordinates":[[[-112.069521,33.461178],[-112.069478,33.461173],[-112.069478,33.461083],[-112.069522,33.461083],[-112.069521,33.461178]]]}},{"type":"Feature","properties":{"kind":"vegetation","name":null,"osm":"way/1072913780"},"geometry":{"type":"Polygon","coordinates":[[[-112.069552,33.461217],[-112.069552,33.461226],[-112.069563,33.461256],[-112.069978,33.46126],[-112.069977,33.461219],[-112.069552,33.461217]]]}},{"type":"Feature","properties":{"kind":"vegetation","name":null,"osm":"way/1072913781"},"geometry":{"type":"Polygon","coordinates":[[[-112.069999,33.46126],[-112.069998,33.46122],[-112.070249,33.46122],[-112.070248,33.461263],[-112.069999,33.46126]]]}},{"type":"Feature","properties":{"kind":"vegetation","name":null,"osm":"way/1072913782"},"geometry":{"type":"Polygon","coordinates":[[[-112.069977,33.461206],[-112.069977,33.461165],[-112.069968,33.461166],[-112.069957,33.461169],[-112.069949,33.461176],[-112.06994,33.461182],[-112.069928,33.461185],[-112.069915,33.461185],[-112.069902,33.461183],[-112.069887,33.461179],[-112.069874,33.461178],[-112.06986,33.461178],[-112.069848,33.461179],[-112.069837,33.461181],[-112.069827,33.461183],[-112.069815,33.461183],[-112.069806,33.461182],[-112.069792,33.461175],[-112.069782,33.461173],[-112.069775,33.461172],[-112.069775,33.461197],[-112.069784,33.461205],[-112.069977,33.461206]]]}},{"type":"Feature","properties":{"kind":"vegetation","name":null,"osm":"way/1072913783"},"geometry":{"type":"Polygon","coordinates":[[[-112.069754,33.461196],[-112.069753,33.461155],[-112.069731,33.461155],[-112.069728,33.461165],[-112.06972,33.461173],[-112.069707,33.461179],[-112.069697,33.461183],[-112.069688,33.461186],[-112.06968,33.461186],[-112.069679,33.461205],[-112.069744,33.461205],[-112.069754,33.461196]]]}},{"type":"Feature","properties":{"kind":"vegetation","name":null,"osm":"way/1072913784"},"geometry":{"type":"Polygon","coordinates":[[[-112.070119,33.461208],[-112.07012,33.461155],[-112.069999,33.461154],[-112.069999,33.461207],[-112.070119,33.461208]]]}},{"type":"Feature","properties":{"kind":"vegetation","name":null,"osm":"way/1073251319"},"geometry":{"type":"Polygon","coordinates":[[[-112.069218,33.460493],[-112.069165,33.460493],[-112.069165,33.460374],[-112.069218,33.460374],[-112.069218,33.460493]]]}},{"type":"Feature","properties":{"kind":"vegetation","name":null,"osm":"way/1073251331"},"geometry":{"type":"Polygon","coordinates":[[[-112.067751,33.460163],[-112.067767,33.460166],[-112.067774,33.460167],[-112.06778,33.460166],[-112.067786,33.460164],[-112.067794,33.460164],[-112.067799,33.460165],[-112.067804,33.460167],[-112.06781,33.460166],[-112.067816,33.460164],[-112.067821,33.460158],[-112.067827,33.460147],[-112.067828,33.460137],[-112.067828,33.460128],[-112.067825,33.460119],[-112.067821,33.460111],[-112.067812,33.460105],[-112.067801,33.460099],[-112.067792,33.460098],[-112.067782,33.460099],[-112.067773,33.460101],[-112.067766,33.460102],[-112.067751,33.460102],[-112.067751,33.460163]]]}},{"type":"Feature","properties":{"kind":"vegetation","name":null,"osm":"way/1073251332"},"geometry":{"type":"Polygon","coordinates":[[[-112.067742,33.460164],[-112.067742,33.460102],[-112.067727,33.460103],[-112.067717,33.460103],[-112.067704,33.460101],[-112.067691,33.460099],[-112.067679,33.460097],[-112.067667,33.460096],[-112.067659,33.460097],[-112.06765,33.460098],[-112.067639,33.460103],[-112.067631,33.460111],[-112.067626,33.460118],[-112.067622,33.460129],[-112.067619,33.46014],[-112.067618,33.46015],[-112.067617,33.460163],[-112.067616,33.460179],[-112.067615,33.46025],[-112.067635,33.46025],[-112.067637,33.460175],[-112.06764,33.460169],[-112.067645,33.460166],[-112.06765,33.460165],[-112.067659,33.460165],[-112.067671,33.460168],[-112.067679,33.460167],[-112.067687,33.460163],[-112.067697,33.460162],[-112.067705,33.460163],[-112.067712,33.460164],[-112.067742,33.460164]]]}},{"type":"Feature","properties":{"kind":"vegetation","name":null,"osm":"way/1075244660"},"geometry":{"type":"Polygon","coordinates":[[[-112.06728,33.461193],[-112.067281,33.461103],[-112.067159,33.461102],[-112.067159,33.461118],[-112.067124,33.461117],[-112.067124,33.461192],[-112.06728,33.461193]]]}},{"type":"Feature","properties":{"kind":"vegetation","name":null,"osm":"way/1075244661"},"geometry":{"type":"Polygon","coordinates":[[[-112.067048,33.461192],[-112.06694,33.461191],[-112.066941,33.461098],[-112.066951,33.46109],[-112.067003,33.46109],[-112.067003,33.461077],[-112.067048,33.461077],[-112.067048,33.461192]]]}},{"type":"Feature","properties":{"kind":"vegetation","name":null,"osm":"way/1076485751"},"geometry":{"type":"Polygon","coordinates":[[[-112.071883,33.455636],[-112.071883,33.455617],[-112.07188,33.455612],[-112.071872,33.455609],[-112.071863,33.455608],[-112.071415,33.455607],[-112.071415,33.455634],[-112.071883,33.455636]]]}},{"type":"Feature","properties":{"kind":"vegetation","name":null,"osm":"way/1076485752"},"geometry":{"type":"Polygon","coordinates":[[[-112.071399,33.455633],[-112.071399,33.455606],[-112.071389,33.455606],[-112.071372,33.455608],[-112.071358,33.455612],[-112.07135,33.455622],[-112.071347,33.455631],[-112.071372,33.455632],[-112.071399,33.455633]]]}},{"type":"Feature","properties":{"kind":"vegetation","name":null,"osm":"way/1076485753"},"geometry":{"type":"Polygon","coordinates":[[[-112.0714,33.455647],[-112.071374,33.455647],[-112.071374,33.455649],[-112.071346,33.455649],[-112.071346,33.455823],[-112.071348,33.455828],[-112.071353,33.455831],[-112.071357,33.455831],[-112.071399,33.455831],[-112.0714,33.455647]]]}},{"type":"Feature","properties":{"kind":"vegetation","name":null,"osm":"way/1076485754"},"geometry":{"type":"Polygon","coordinates":[[[-112.0714,33.455887],[-112.071356,33.455886],[-112.07135,33.45589],[-112.071346,33.455894],[-112.071346,33.456073],[-112.0714,33.456073],[-112.0714,33.455887]]]}},{"type":"Feature","properties":{"kind":"vegetation","name":null,"osm":"way/1077238658"},"geometry":{"type":"Polygon","coordinates":[[[-112.069556,33.491007],[-112.069537,33.491007],[-112.069537,33.490841],[-112.069556,33.490835],[-112.069556,33.491007]]]}},{"type":"Feature","properties":{"kind":"vegetation","name":null,"osm":"way/1077238659"},"geometry":{"type":"Polygon","coordinates":[[[-112.069569,33.490862],[-112.069585,33.490882],[-112.069584,33.490924],[-112.069631,33.490961],[-112.06963,33.491054],[-112.069597,33.491052],[-112.069569,33.491009],[-112.069569,33.490862]]]}},{"type":"Feature","properties":{"kind":"vegetation","name":null,"osm":"way/1077238662"},"geometry":{"type":"Polygon","coordinates":[[[-112.072688,33.488648],[-112.072688,33.48863],[-112.072683,33.488624],[-112.072668,33.488616],[-112.072626,33.488599],[-112.072577,33.488587],[-112.072525,33.488579],[-112.072484,33.488581],[-112.072434,33.488588],[-112.072366,33.488606],[-112.072338,33.488617],[-112.07232,33.488628],[-112.072309,33.488635],[-112.072306,33.48864],[-112.072306,33.488647],[-112.072688,33.488648]]]}},{"type":"Feature","properties":{"kind":"vegetation","name":null,"osm":"way/1077238675"},"geometry":{"type":"Polygon","coordinates":[[[-112.075222,33.492441],[-112.075037,33.492443],[-112.075039,33.492384],[-112.075081,33.492374],[-112.075126,33.492372],[-112.075147,33.492379],[-112.075159,33.492385],[-112.07517,33.492394],[-112.075222,33.492441]]]}},{"type":"Feature","properties":{"kind":"vegetation","name":null,"osm":"way/1078320378"},"geometry":{"type":"Polygon","coordinates":[[[-112.066555,33.455805],[-112.066556,33.455633],[-112.066376,33.455632],[-112.066375,33.455818],[-112.066487,33.455819],[-112.066487,33.455805],[-112.066555,33.455805]]]}},{"type":"Feature","properties":{"kind":"vegetation","name":null,"osm":"way/1078320379"},"geometry":{"type":"Polygon","coordinates":[[[-112.066849,33.4557],[-112.066849,33.455642],[-112.06672,33.455642],[-112.06672,33.4557],[-112.066849,33.4557]]]}},{"type":"Feature","properties":{"kind":"vegetation","name":null,"osm":"way/1078320380"},"geometry":{"type":"Polygon","coordinates":[[[-112.066574,33.455661],[-112.066574,33.455632],[-112.066696,33.455632],[-112.066696,33.455662],[-112.066574,33.455661]]]}},{"type":"Feature","properties":{"kind":"vegetation","name":null,"osm":"way/1078320381"},"geometry":{"type":"Polygon","coordinates":[[[-112.066881,33.455734],[-112.066881,33.455642],[-112.067206,33.455643],[-112.067206,33.455631],[-112.067329,33.455632],[-112.067328,33.455735],[-112.066881,33.455734]]]}},{"type":"Feature","properties":{"kind":"vegetation","name":null,"osm":"way/1078320385"},"geometry":{"type":"Polygon","coordinates":[[[-112.066578,33.455909],[-112.066421,33.45591],[-112.06642,33.456169],[-112.066453,33.456165],[-112.066487,33.456163],[-112.06652,33.456162],[-112.066552,33.456164],[-112.066575,33.456168],[-112.066578,33.455909]]]}},{"type":"Feature","properties":{"kind":"vegetation","name":null,"osm":"way/1078320386"},"geometry":{"type":"Polygon","coordinates":[[[-112.06659,33.456213],[-112.06659,33.456185],[-112.066564,33.456182],[-112.06653,33.456179],[-112.06649,33.456179],[-112.066457,33.456181],[-112.06642,33.456184],[-112.066398,33.456187],[-112.066398,33.456193],[-112.066398,33.456214],[-112.066421,33.456212],[-112.066456,33.456208],[-112.066491,33.456205],[-112.066524,33.456206],[-112.066562,33.45621],[-112.06659,33.456213]]]}},{"type":"Feature","properties":{"kind":"vegetation","name":null,"osm":"way/1078394259"},"geometry":{"type":"Polygon","coordinates":[[[-112.066694,33.45503],[-112.066665,33.455012],[-112.066651,33.455021],[-112.066651,33.455307],[-112.066662,33.455307],[-112.066671,33.455309],[-112.066679,33.455314],[-112.066684,33.455318],[-112.066687,33.455323],[-112.066689,33.455331],[-112.066689,33.455337],[-112.066708,33.455337],[-112.066708,33.455235],[-112.066709,33.455197],[-112.066691,33.45519],[-112.066694,33.45503]]]}},{"type":"Feature","properties":{"kind":"vegetation","name":null,"osm":"way/1078669980"},"geometry":{"type":"Polygon","coordinates":[[[-112.06709,33.455236],[-112.067091,33.455132],[-112.067057,33.455132],[-112.067049,33.455137],[-112.067037,33.455151],[-112.067027,33.455165],[-112.06702,33.455178],[-112.067011,33.455193],[-112.067008,33.45521],[-112.067009,33.455237],[-112.06709,33.455236]]]}},{"type":"Feature","properties":{"kind":"vegetation","name":null,"osm":"way/1078900999"},"geometry":{"type":"Polygon","coordinates":[[[-112.070231,33.460492],[-112.070232,33.460333],[-112.069979,33.460333],[-112.069978,33.460411],[-112.069976,33.460411],[-112.069975,33.460472],[-112.069971,33.460475],[-112.069984,33.460491],[-112.070231,33.460492]]]}},{"type":"Feature","properties":{"kind":"vegetation","name":null,"osm":"way/1080673691"},"geometry":{"type":"Polygon","coordinates":[[[-112.076842,33.452295],[-112.076675,33.452293],[-112.076674,33.452327],[-112.076841,33.452329],[-112.076842,33.452295]]]}},{"type":"Feature","properties":{"kind":"vegetation","name":null,"osm":"way/1080673692"},"geometry":{"type":"Polygon","coordinates":[[[-112.076661,33.452294],[-112.076597,33.452294],[-112.076596,33.452408],[-112.076652,33.452408],[-112.076653,33.452361],[-112.076654,33.452327],[-112.07666,33.452327],[-112.076661,33.452294]]]}},{"type":"Feature","properties":{"kind":"vegetation","name":null,"osm":"way/1080673693"},"geometry":{"type":"Polygon","coordinates":[[[-112.076652,33.452434],[-112.076598,33.452434],[-112.076597,33.452495],[-112.07662,33.452496],[-112.076619,33.452502],[-112.076657,33.452502],[-112.076661,33.4525],[-112.076663,33.452497],[-112.076663,33.452483],[-112.076651,33.452483],[-112.076652,33.452434]]]}},{"type":"Feature","properties":{"kind":"vegetation","name":null,"osm":"way/1081041054"},"geometry":{"type":"Polygon","coordinates":[[[-112.074018,33.454425],[-112.074116,33.454425],[-112.074116,33.454469],[-112.07416,33.454469],[-112.07416,33.454496],[-112.074196,33.454496],[-112.074196,33.454516],[-112.074597,33.454517],[-112.074597,33.454498],[-112.07482,33.454499],[-112.07482,33.454473],[-112.074866,33.454473],[-112.074866,33.454426],[-112.074962,33.454426],[-112.074962,33.454569],[-112.074017,33.454568],[-112.074018,33.454425]]]}},{"type":"Feature","properties":{"kind":"vegetation","name":null,"osm":"way/1081041071"},"geometry":{"type":"Polygon","coordinates":[[[-112.074211,33.454077],[-112.074112,33.454078],[-112.074111,33.454349],[-112.074119,33.454359],[-112.074142,33.454359],[-112.074141,33.454167],[-112.074211,33.454167],[-112.074211,33.454077]]]}},{"type":"Feature","properties":{"kind":"vegetation","name":null,"osm":"way/1081041072"},"geometry":{"type":"Polygon","coordinates":[[[-112.074098,33.454078],[-112.074031,33.454078],[-112.074031,33.454344],[-112.074043,33.45436],[-112.074081,33.454361],[-112.074098,33.45435],[-112.074098,33.454078]]]}},{"type":"Feature","properties":{"kind":"vegetation","name":null,"osm":"way/1081041073"},"geometry":{"type":"Polygon","coordinates":[[[-112.074269,33.45396],[-112.074217,33.45396],[-112.074217,33.453863],[-112.074269,33.453863],[-112.074269,33.45396]]]}},{"type":"Feature","properties":{"kind":"vegetation","name":null,"osm":"way/1081041074"},"geometry":{"type":"Polygon","coordinates":[[[-112.074144,33.453961],[-112.074091,33.453961],[-112.074091,33.453863],[-112.074144,33.453863],[-112.074144,33.453961]]]}},{"type":"Feature","properties":{"kind":"vegetation","name":null,"osm":"way/1081041075"},"geometry":{"type":"Polygon","coordinates":[[[-112.074341,33.45353],[-112.074343,33.453898],[-112.074657,33.453897],[-112.074656,33.453791],[-112.074654,33.453528],[-112.074341,33.45353]]]}},{"type":"Feature","properties":{"kind":"vegetation","name":null,"osm":"way/1081041076"},"geometry":{"type":"Polygon","coordinates":[[[-112.074964,33.453674],[-112.074756,33.453674],[-112.074756,33.453813],[-112.074963,33.453813],[-112.074963,33.453805],[-112.074952,33.453805],[-112.074952,33.453782],[-112.074965,33.453782],[-112.074964,33.453674]]]}},{"type":"Feature","properties":{"kind":"vegetation","name":null,"osm":"way/1081041077"},"geometry":{"type":"Polygon","coordinates":[[[-112.074654,33.453029],[-112.074653,33.452792],[-112.074405,33.452792],[-112.074405,33.45292],[-112.074468,33.45292],[-112.074468,33.452973],[-112.074531,33.452973],[-112.074531,33.453029],[-112.074654,33.453029]]]}},{"type":"Feature","properties":{"kind":"vegetation","name":null,"osm":"way/1081041094"},"geometry":{"type":"Polygon","coordinates":[[[-112.074657,33.453474],[-112.074965,33.453475],[-112.074966,33.453016],[-112.074782,33.453014],[-112.074781,33.453034],[-112.074718,33.453033],[-112.074717,33.453091],[-112.074677,33.453091],[-112.07467,33.453091],[-112.074667,33.453272],[-112.074678,33.453278],[-112.074688,33.453282],[-112.074682,33.453374],[-112.074682,33.453414],[-112.074687,33.453444],[-112.074686,33.453457],[-112.074678,33.453461],[-112.074667,33.453462],[-112.074659,33.45346],[-112.074656,33.453462],[-112.074657,33.453474]]]}},{"type":"Feature","properties":{"kind":"vegetation","name":null,"osm":"way/1082564660"},"geometry":{"type":"Polygon","coordinates":[[[-112.079238,33.450493],[-112.079207,33.450461],[-112.079099,33.450462],[-112.079099,33.450585],[-112.079168,33.450585],[-112.079168,33.450543],[-112.079195,33.450543],[-112.079195,33.450536],[-112.079206,33.450527],[-112.079216,33.450523],[-112.079216,33.45051],[-112.079238,33.45051],[-112.079238,33.450493]]]}},{"type":"Feature","properties":{"kind":"vegetation","name":null,"osm":"way/1082564661"},"geometry":{"type":"Polygon","coordinates":[[[-112.079687,33.450459],[-112.079738,33.450459],[-112.079745,33.450466],[-112.079746,33.45049],[-112.079724,33.45049],[-112.079724,33.450514],[-112.0797,33.450514],[-112.0797,33.450522],[-112.079662,33.450522],[-112.079687,33.450485],[-112.079687,33.450459]]]}},{"type":"Feature","properties":{"kind":"vegetation","name":null,"osm":"way/1082564662"},"geometry":{"type":"Polygon","coordinates":[[[-112.079634,33.450555],[-112.079611,33.450555],[-112.079595,33.450578],[-112.079557,33.450578],[-112.079545,33.450555],[-112.079483,33.450555],[-112.079484,33.450678],[-112.079616,33.450678],[-112.079621,33.450626],[-112.079635,33.45059],[-112.079634,33.450555]]]}},{"type":"Feature","properties":{"kind":"vegetation","name":null,"osm":"way/1082564663"},"geometry":{"type":"Polygon","coordinates":[[[-112.079185,33.450598],[-112.079102,33.450598],[-112.079103,33.450754],[-112.07918,33.450754],[-112.07918,33.450742],[-112.079185,33.450742],[-112.079185,33.450598]]]}},{"type":"Feature","properties":{"kind":"vegetation","name":null,"osm":"way/1082564664"},"geometry":{"type":"Polygon","coordinates":[[[-112.079102,33.450769],[-112.079103,33.450821],[-112.079124,33.450821],[-112.079124,33.450837],[-112.079171,33.450837],[-112.079173,33.450835],[-112.079176,33.450832],[-112.079175,33.450772],[-112.079171,33.45077],[-112.079166,33.450768],[-112.079102,33.450769]]]}},{"type":"Feature","properties":{"kind":"vegetation","name":null,"osm":"way/1082564665"},"geometry":{"type":"Polygon","coordinates":[[[-112.079671,33.450459],[-112.079495,33.450459],[-112.079488,33.450464],[-112.079484,33.45047],[-112.079485,33.4505],[-112.079489,33.450506],[-112.079497,33.45051],[-112.079513,33.45051],[-112.079518,33.450513],[-112.079524,33.45052],[-112.079637,33.45052],[-112.079672,33.450469],[-112.079671,33.450459]]]}},{"type":"Feature","properties":{"kind":"vegetation","name":null,"osm":"way/1082564666"},"geometry":{"type":"Polygon","coordinates":[[[-112.079448,33.450519],[-112.079457,33.450519],[-112.079457,33.450514],[-112.079461,33.450511],[-112.079468,33.450505],[-112.079473,33.450497],[-112.079473,33.450483],[-112.079472,33.450469],[-112.079468,33.450463],[-112.079462,33.45046],[-112.079427,33.45046],[-112.079418,33.450463],[-112.079416,33.450468],[-112.079403,33.450468],[-112.079403,33.450483],[-112.079403,33.450508],[-112.079448,33.450508],[-112.079448,33.450519]]]}},{"type":"Feature","properties":{"kind":"vegetation","name":null,"osm":"way/1082564667"},"geometry":{"type":"Polygon","coordinates":[[[-112.079223,33.450446],[-112.079096,33.450447],[-112.079096,33.450421],[-112.079223,33.450421],[-112.079227,33.450425],[-112.079231,33.45043],[-112.079232,33.450435],[-112.07923,33.450439],[-112.079228,33.450443],[-112.079223,33.450446]]]}},{"type":"Feature","properties":{"kind":"vegetation","name":null,"osm":"way/1082564668"},"geometry":{"type":"Polygon","coordinates":[[[-112.07927,33.450446],[-112.079264,33.450441],[-112.079261,33.450436],[-112.07926,33.450432],[-112.079261,33.450428],[-112.079266,33.450424],[-112.079269,33.450421],[-112.079326,33.450421],[-112.079326,33.450424],[-112.079373,33.450424],[-112.079378,33.450428],[-112.07938,33.450431],[-112.079379,33.450436],[-112.079376,33.45044],[-112.079371,33.450446],[-112.07927,33.450446]]]}},{"type":"Feature","properties":{"kind":"vegetation","name":null,"osm":"way/1082564669"},"geometry":{"type":"Polygon","coordinates":[[[-112.079421,33.450445],[-112.079415,33.450442],[-112.079411,33.450437],[-112.079409,33.450432],[-112.079409,33.450427],[-112.079411,33.450423],[-112.079416,33.450421],[-112.079459,33.450421],[-112.079464,33.450423],[-112.079468,33.450426],[-112.079471,33.450429],[-112.079472,33.450435],[-112.07947,33.45044],[-112.079465,33.450444],[-112.079463,33.450445],[-112.079421,33.450445]]]}},{"type":"Feature","properties":{"kind":"vegetation","name":null,"osm":"way/1082564670"},"geometry":{"type":"Polygon","coordinates":[[[-112.079495,33.450445],[-112.079489,33.450441],[-112.079485,33.450436],[-112.079484,33.450432],[-112.079485,33.450428],[-112.079489,33.450424],[-112.079494,33.450421],[-112.079563,33.450421],[-112.079563,33.450423],[-112.079671,33.450422],[-112.079672,33.450445],[-112.079495,33.450445]]]}},{"type":"Feature","properties":{"kind":"vegetation","name":null,"osm":"way/1082564671"},"geometry":{"type":"Polygon","coordinates":[[[-112.079688,33.450445],[-112.079687,33.450422],[-112.079763,33.450422],[-112.079767,33.450426],[-112.079769,33.450431],[-112.079769,33.450437],[-112.079766,33.450441],[-112.079761,33.450444],[-112.079688,33.450445]]]}},{"type":"Feature","properties":{"kind":"vegetation","name":null,"osm":"way/1082564672"},"geometry":{"type":"Polygon","coordinates":[[[-112.079876,33.450443],[-112.07981,33.450443],[-112.079803,33.45044],[-112.0798,33.450435],[-112.079799,33.45043],[-112.079801,33.450425],[-112.079806,33.450421],[-112.079878,33.450421],[-112.079884,33.450424],[-112.079888,33.450428],[-112.079888,33.450434],[-112.079887,33.450438],[-112.079883,33.450442],[-112.079876,33.450443]]]}},{"type":"Feature","properties":{"kind":"vegetation","name":null,"osm":"way/1082564673"},"geometry":{"type":"Polygon","coordinates":[[[-112.079976,33.450441],[-112.07991,33.450441],[-112.079903,33.450438],[-112.0799,33.450434],[-112.079899,33.450428],[-112.079901,33.450423],[-112.079906,33.450419],[-112.079978,33.450419],[-112.079984,33.450422],[-112.079988,33.450426],[-112.079988,33.450432],[-112.079987,33.450437],[-112.079983,33.45044],[-112.079976,33.450441]]]}},{"type":"Feature","properties":{"kind":"vegetation","name":null,"osm":"way/1082564674"},"geometry":{"type":"Polygon","coordinates":[[[-112.080098,33.450441],[-112.080094,33.45042],[-112.080082,33.450418],[-112.08007,33.450417],[-112.080008,33.450417],[-112.080002,33.450419],[-112.08,33.450424],[-112.08,33.450431],[-112.080001,33.450436],[-112.080006,33.450441],[-112.080098,33.450441]]]}},{"type":"Feature","properties":{"kind":"vegetation","name":null,"osm":"way/1087344583"},"geometry":{"type":"Polygon","coordinates":[[[-112.070362,33.45071],[-112.070151,33.450711],[-112.070153,33.451013],[-112.070285,33.451012],[-112.070285,33.450974],[-112.070364,33.450974],[-112.070362,33.45071]]]}},{"type":"Feature","properties":{"kind":"vegetation","name":null,"osm":"way/1087344584"},"geometry":{"type":"Polygon","coordinates":[[[-112.070359,33.450673],[-112.07015,33.450675],[-112.07015,33.450538],[-112.070326,33.450537],[-112.070326,33.450547],[-112.070338,33.450548],[-112.070345,33.45055],[-112.070349,33.450555],[-112.07035,33.450561],[-112.070351,33.450568],[-112.07036,33.450568],[-112.070359,33.450673]]]}},{"type":"Feature","properties":{"kind":"vegetation","name":null,"osm":"way/1087344585"},"geometry":{"type":"Polygon","coordinates":[[[-112.070286,33.451036],[-112.070151,33.451036],[-112.070151,33.451205],[-112.070286,33.451205],[-112.070286,33.451036]]]}},{"type":"Feature","properties":{"kind":"vegetation","name":null,"osm":"way/1095707420"},"geometry":{"type":"Polygon","coordinates":[[[-112.06576,33.450346],[-112.06576,33.450311],[-112.066073,33.450309],[-112.066095,33.450326],[-112.066075,33.450344],[-112.06576,33.450346]]]}},{"type":"Feature","properties":{"kind":"vegetation","name":null,"osm":"way/1095707421"},"geometry":{"type":"Polygon","coordinates":[[[-112.066107,33.450224],[-112.066073,33.450224],[-112.066061,33.450235],[-112.066052,33.450235],[-112.066041,33.450235],[-112.066042,33.450253],[-112.066017,33.450275],[-112.065978,33.450277],[-112.06597,33.450269],[-112.06588,33.45027],[-112.065846,33.45027],[-112.065846,33.450251],[-112.065841,33.450251],[-112.065841,33.450247],[-112.065814,33.450247],[-112.065814,33.450201],[-112.065758,33.450201],[-112.065758,33.450292],[-112.066108,33.450291],[-112.066107,33.450224]]]}},{"type":"Feature","properties":{"kind":"vegetation","name":null,"osm":"way/1095707422"},"geometry":{"type":"Polygon","coordinates":[[[-112.066109,33.450206],[-112.066074,33.450207],[-112.066065,33.450198],[-112.066052,33.450198],[-112.066051,33.45013],[-112.065926,33.450131],[-112.065927,33.450122],[-112.065922,33.450118],[-112.065959,33.450084],[-112.066107,33.450083],[-112.066109,33.450206]]]}},{"type":"Feature","properties":{"kind":"vegetation","name":null,"osm":"way/1095707423"},"geometry":{"type":"Polygon","coordinates":[[[-112.06588,33.450141],[-112.065881,33.450126],[-112.065834,33.450085],[-112.065755,33.450085],[-112.065754,33.45018],[-112.065814,33.45018],[-112.065813,33.450153],[-112.06588,33.450153],[-112.06588,33.450141]]]}},{"type":"Feature","properties":{"kind":"vegetation","name":null,"osm":"way/1095707424"},"geometry":{"type":"Polygon","coordinates":[[[-112.065744,33.450029],[-112.065942,33.450028],[-112.065941,33.449888],[-112.065743,33.449889],[-112.065744,33.450006],[-112.065744,33.450029]]]}},{"type":"Feature","properties":{"kind":"vegetation","name":null,"osm":"way/1095707425"},"geometry":{"type":"Polygon","coordinates":[[[-112.065911,33.44986],[-112.065799,33.44975],[-112.0658,33.449721],[-112.06576,33.449677],[-112.06591,33.449677],[-112.065911,33.44986]]]}},{"type":"Feature","properties":{"kind":"vegetation","name":null,"osm":"way/1095707426"},"geometry":{"type":"Polygon","coordinates":[[[-112.066171,33.450084],[-112.066128,33.450084],[-112.066128,33.45026],[-112.06615,33.450279],[-112.066171,33.450262],[-112.066171,33.450084]]]}},{"type":"Feature","properties":{"kind":"vegetation","name":null,"osm":"way/1095707427"},"geometry":{"type":"Polygon","coordinates":[[[-112.066022,33.449449],[-112.065928,33.44945],[-112.065929,33.449505],[-112.065988,33.449504],[-112.066022,33.449449]]]}},{"type":"Feature","properties":{"kind":"vegetation","name":null,"osm":"way/1095707428"},"geometry":{"type":"Polygon","coordinates":[[[-112.066032,33.449506],[-112.066018,33.449482],[-112.066038,33.449448],[-112.066107,33.449448],[-112.066168,33.449495],[-112.066169,33.449737],[-112.066101,33.449737],[-112.0661,33.449655],[-112.066075,33.449655],[-112.066075,33.449506],[-112.066032,33.449506]]]}},{"type":"Feature","properties":{"kind":"vegetation","name":null,"osm":"way/1095707429"},"geometry":{"type":"Polygon","coordinates":[[[-112.065912,33.44945],[-112.065895,33.44945],[-112.065863,33.449523],[-112.065909,33.449523],[-112.065913,33.449523],[-112.065912,33.44945]]]}},{"type":"Feature","properties":{"kind":"vegetation","name":null,"osm":"way/1095707430"},"geometry":{"type":"Polygon","coordinates":[[[-112.065879,33.449449],[-112.065773,33.44945],[-112.065774,33.449508],[-112.065787,33.449507],[-112.065841,33.449507],[-112.065851,33.449507],[-112.065879,33.449449]]]}},{"type":"Feature","properties":{"kind":"vegetation","name":null,"osm":"way/1095707431"},"geometry":{"type":"Polygon","coordinates":[[[-112.06634,33.449026],[-112.066527,33.449358],[-112.066869,33.449021],[-112.06634,33.449026]]]}},{"type":"Feature","properties":{"kind":"vegetation","name":null,"osm":"way/1095707432"},"geometry":{"type":"Polygon","coordinates":[[[-112.065615,33.449299],[-112.065615,33.449257],[-112.065507,33.449257],[-112.065502,33.449299],[-112.065615,33.449299]]]}},{"type":"Feature","properties":{"kind":"vegetation","name":null,"osm":"way/1095707434"},"geometry":{"type":"Polygon","coordinates":[[[-112.06574,33.449059],[-112.06574,33.448992],[-112.065596,33.448992],[-112.065596,33.449059],[-112.06574,33.449059]]]}},{"type":"Feature","properties":{"kind":"vegetation","name":null,"osm":"way/1095707435"},"geometry":{"type":"Polygon","coordinates":[[[-112.065761,33.449059],[-112.065761,33.449027],[-112.066071,33.449025],[-112.066072,33.449174],[-112.065948,33.449174],[-112.065948,33.449123],[-112.065865,33.449123],[-112.065865,33.449059],[-112.065761,33.449059]]]}},{"type":"Feature","properties":{"kind":"vegetation","name":null,"osm":"way/1095707436"},"geometry":{"type":"Polygon","coordinates":[[[-112.065283,33.44948],[-112.065289,33.449469],[-112.065299,33.449461],[-112.06531,33.449455],[-112.065321,33.449451],[-112.065346,33.449451],[-112.065345,33.449555],[-112.065354,33.449555],[-112.065353,33.44962],[-112.065363,33.449626],[-112.065363,33.449648],[-112.065384,33.449648],[-112.065384,33.449693],[-112.065283,33.449693],[-112.065283,33.44948]]]}},{"type":"Feature","properties":{"kind":"vegetation","name":null,"osm":"way/1095707439"},"geometry":{"type":"Polygon","coordinates":[[[-112.066399,33.449233],[-112.066394,33.449234],[-112.066392,33.449242],[-112.06639,33.449255],[-112.066379,33.449266],[-112.066356,33.449275],[-112.066344,33.449284],[-112.066339,33.449295],[-112.06634,33.449312],[-112.066359,33.449316],[-112.066381,33.449315],[-112.066397,33.44931],[-112.066409,33.449301],[-112.06642,33.449288],[-112.066424,33.44927],[-112.066423,33.449258],[-112.066414,33.449243],[-112.066404,33.449233],[-112.066399,33.449233]]]}},{"type":"Feature","properties":{"kind":"vegetation","name":null,"osm":"way/1100733552"},"geometry":{"type":"Polygon","coordinates":[[[-112.071918,33.454048],[-112.071911,33.454162],[-112.071639,33.454124],[-112.071641,33.454047],[-112.071918,33.454048]]]}},{"type":"Feature","properties":{"kind":"vegetation","name":null,"osm":"way/1102479551"},"geometry":{"type":"Polygon","coordinates":[[[-112.066476,33.451647],[-112.066461,33.451598],[-112.066443,33.451558],[-112.066428,33.451526],[-112.066336,33.451525],[-112.066335,33.451617],[-112.066352,33.451617],[-112.066352,33.451631],[-112.066337,33.451632],[-112.066352,33.451647],[-112.066373,33.45166],[-112.066391,33.451667],[-112.066412,33.451668],[-112.066429,33.451665],[-112.066453,33.451658],[-112.066476,33.451647]]]}},{"type":"Feature","properties":{"kind":"vegetation","name":null,"osm":"way/1102479552"},"geometry":{"type":"Polygon","coordinates":[[[-112.066121,33.451531],[-112.066121,33.451523],[-112.066041,33.451521],[-112.066028,33.451535],[-112.066008,33.451567],[-112.065997,33.451594],[-112.065988,33.451617],[-112.065981,33.451645],[-112.065999,33.451655],[-112.066023,33.451665],[-112.066041,33.451668],[-112.066057,33.451668],[-112.066072,33.451666],[-112.066088,33.45166],[-112.0661,33.451652],[-112.066113,33.451641],[-112.066122,33.451631],[-112.066105,33.451631],[-112.066105,33.451616],[-112.066123,33.451616],[-112.066121,33.451531]]]}},{"type":"Feature","properties":{"kind":"vegetation","name":null,"osm":"way/1102479553"},"geometry":{"type":"Polygon","coordinates":[[[-112.066659,33.451532],[-112.066636,33.451579],[-112.066631,33.451585],[-112.06659,33.451606],[-112.066539,33.451628],[-112.066534,33.451609],[-112.066533,33.45159],[-112.066537,33.451572],[-112.066542,33.451556],[-112.066549,33.451544],[-112.066562,33.451531],[-112.066659,33.451532]]]}},{"type":"Feature","properties":{"kind":"vegetation","name":null,"osm":"way/1102479554"},"geometry":{"type":"Polygon","coordinates":[[[-112.066836,33.451547],[-112.066836,33.451533],[-112.066686,33.451532],[-112.066685,33.451565],[-112.066826,33.451566],[-112.066826,33.451547],[-112.066836,33.451547]]]}},{"type":"Feature","properties":{"kind":"vegetation","name":null,"osm":"way/1102479555"},"geometry":{"type":"Polygon","coordinates":[[[-112.066662,33.451594],[-112.066633,33.451611],[-112.066614,33.451621],[-112.066621,33.451633],[-112.066608,33.45164],[-112.066599,33.451628],[-112.066575,33.451639],[-112.066558,33.451646],[-112.066546,33.45165],[-112.066555,33.451696],[-112.066562,33.451727],[-112.066567,33.451764],[-112.066799,33.451808],[-112.066799,33.451754],[-112.066663,33.451753],[-112.066662,33.451594]]]}},{"type":"Feature","properties":{"kind":"vegetation","name":null,"osm":"way/1102479556"},"geometry":{"type":"Polygon","coordinates":[[[-112.065919,33.451627],[-112.065781,33.451627],[-112.065781,33.451564],[-112.065625,33.451563],[-112.065625,33.451521],[-112.065646,33.451521],[-112.065646,33.451528],[-112.065809,33.451528],[-112.065809,33.451523],[-112.065896,33.451523],[-112.065905,33.451533],[-112.065917,33.451551],[-112.065923,33.451567],[-112.065926,33.451582],[-112.065926,33.451589],[-112.0659,33.451589],[-112.065901,33.45161],[-112.065923,33.45161],[-112.065922,33.451618],[-112.065919,33.451627]]]}},{"type":"Feature","properties":{"kind":"vegetation","name":null,"osm":"way/1102479557"},"geometry":{"type":"Polygon","coordinates":[[[-112.06591,33.451664],[-112.065869,33.451664],[-112.065869,33.451679],[-112.06585,33.451678],[-112.06585,33.451664],[-112.06578,33.451664],[-112.06578,33.451754],[-112.065676,33.451754],[-112.065674,33.451816],[-112.065888,33.451775],[-112.065895,33.451726],[-112.065901,33.451695],[-112.06591,33.451664]]]}},{"type":"Feature","properties":{"kind":"vegetation","name":null,"osm":"way/1102479558"},"geometry":{"type":"Polygon","coordinates":[[[-112.066017,33.451766],[-112.065955,33.451766],[-112.065954,33.451807],[-112.06595,33.451869],[-112.065949,33.451918],[-112.065953,33.451969],[-112.065959,33.452027],[-112.065968,33.452067],[-112.065974,33.452085],[-112.06604,33.452086],[-112.066041,33.451966],[-112.066041,33.45178],[-112.066017,33.45178],[-112.066017,33.451766]]]}},{"type":"Feature","properties":{"kind":"vegetation","name":null,"osm":"way/1102479559"},"geometry":{"type":"Polygon","coordinates":[[[-112.066441,33.451768],[-112.066508,33.451763],[-112.066514,33.451811],[-112.066515,33.451876],[-112.066515,33.451927],[-112.066501,33.451997],[-112.06649,33.452047],[-112.066481,33.452088],[-112.066411,33.452088],[-112.066413,33.451965],[-112.066413,33.451781],[-112.066442,33.451781],[-112.066441,33.451768]]]}},{"type":"Feature","properties":{"kind":"vegetation","name":null,"osm":"way/1102479560"},"geometry":{"type":"Polygon","coordinates":[[[-112.066466,33.452138],[-112.066433,33.452126],[-112.066389,33.452116],[-112.066352,33.452112],[-112.066283,33.45211],[-112.066158,33.452109],[-112.06609,33.452113],[-112.066041,33.45212],[-112.065987,33.452133],[-112.066,33.452179],[-112.066015,33.452214],[-112.066042,33.452251],[-112.06606,33.452275],[-112.066108,33.452301],[-112.066149,33.452314],[-112.066196,33.452325],[-112.066248,33.452326],[-112.066308,33.452325],[-112.066351,33.452316],[-112.066385,33.452299],[-112.066403,33.452274],[-112.066419,33.452249],[-112.066443,33.452202],[-112.066455,33.452174],[-112.066466,33.452138]]]}},{"type":"Feature","properties":{"kind":"vegetation","name":null,"osm":"way/1106741231"},"geometry":{"type":"Polygon","coordinates":[[[-111.996583,33.514857],[-111.996264,33.514856],[-111.996264,33.514824],[-111.99615,33.514823],[-111.99615,33.514749],[-111.996584,33.51475],[-111.996583,33.514857]]]}},{"type":"Feature","properties":{"kind":"vegetation","name":null,"osm":"way/1106750551"},"geometry":{"type":"Polygon","coordinates":[[[-111.999643,33.514296],[-111.999643,33.514277],[-111.999637,33.514259],[-111.99961,33.514231],[-111.9996,33.514215],[-111.999595,33.514197],[-111.999596,33.514179],[-111.99961,33.514144],[-111.999615,33.514107],[-111.999616,33.514089],[-111.999609,33.514049],[-111.999599,33.514033],[-111.999584,33.51402],[-111.999571,33.514005],[-111.999549,33.513974],[-111.999539,33.513959],[-111.999504,33.513848],[-111.999493,33.513832],[-111.99948,33.513818],[-111.999464,33.513807],[-111.999422,33.513797],[-111.999401,33.513795],[-111.999379,33.513795],[-111.999336,33.513801],[-111.999293,33.513803],[-111.99925,33.513804],[-111.99923,33.513808],[-111.999004,33.513842],[-111.998308,33.513985],[-111.998286,33.513986],[-111.998264,33.513985],[-111.998242,33.513983],[-111.998223,33.513975],[-111.998199,33.513945],[-111.998184,33.513931],[-111.998153,33.513905],[-111.998137,33.513893],[-111.998106,33.513867],[-111.998088,33.513857],[-111.998066,33.513852],[-111.998044,33.51385],[-111.998023,33.51385],[-111.997847,33.513852],[-111.997826,33.513855],[-111.997805,33.51386],[-111.997764,33.513871],[-111.997744,33.513877],[-111.99768,33.513894],[-111.99764,33.513907],[-111.99762,33.513915],[-111.997583,33.513933],[-111.997565,33.513945],[-111.997518,33.513982],[-111.997504,33.513996],[-111.997494,33.514013],[-111.997489,33.514031],[-111.997487,33.51405],[-111.997487,33.514069],[-111.997516,33.514256],[-111.99766,33.514616],[-111.997754,33.514796],[-111.997767,33.514811],[-111.997784,33.514822],[-111.997805,33.51483],[-111.997826,33.514836],[-111.997848,33.51484],[-111.99787,33.514839],[-111.997892,33.514836],[-111.997915,33.514834],[-111.997936,33.514832],[-111.997957,33.514829],[-111.998021,33.514811],[-111.998095,33.514783],[-111.99841,33.51472],[-111.998772,33.514631],[-111.998979,33.51456],[-111.999295,33.51448],[-111.99958,33.5144],[-111.999603,33.514383],[-111.999622,33.514353],[-111.999643,33.514296]]]}},{"type":"Feature","properties":{"kind":"vegetation","name":"Harmon Park","osm":"way/1106915150"},"geometry":{"type":"Polygon","coordinates":[[[-112.080404,33.433211],[-112.080429,33.433232],[-112.080437,33.433269],[-112.080429,33.436045],[-112.080422,33.436071],[-112.080392,33.436088],[-112.080354,33.43609],[-112.078836,33.436091],[-112.078838,33.436071],[-112.078839,33.435078],[-112.07884,33.433207],[-112.08038,33.433206],[-112.080404,33.433211]]]}},{"type":"Feature","properties":{"kind":"vegetation","name":null,"osm":"way/1110477063"},"geometry":{"type":"Polygon","coordinates":[[[-112.074732,33.455259],[-112.074732,33.455234],[-112.074714,33.455236],[-112.074694,33.455244],[-112.07468,33.455256],[-112.074667,33.455272],[-112.074677,33.45528],[-112.074688,33.455283],[-112.074696,33.455284],[-112.0747,33.455276],[-112.074712,33.455267],[-112.074721,33.455263],[-112.074732,33.455259]]]}},{"type":"Feature","properties":{"kind":"vegetation","name":null,"osm":"way/1110477064"},"geometry":{"type":"Polygon","coordinates":[[[-112.074827,33.455302],[-112.074797,33.455303],[-112.074795,33.455288],[-112.074787,33.455276],[-112.074776,33.455267],[-112.074765,33.455262],[-112.074761,33.455262],[-112.07476,33.455235],[-112.074773,33.455235],[-112.074786,33.455238],[-112.0748,33.455246],[-112.074812,33.455259],[-112.074822,33.455274],[-112.074826,33.455288],[-112.074827,33.455302]]]}},{"type":"Feature","properties":{"kind":"vegetation","name":null,"osm":"way/1110477065"},"geometry":{"type":"Polygon","coordinates":[[[-112.074735,33.455376],[-112.074735,33.455345],[-112.074723,33.455343],[-112.074711,33.455337],[-112.074699,33.455326],[-112.074694,33.455318],[-112.074689,33.455308],[-112.074668,33.455301],[-112.074648,33.45529],[-112.074633,33.455278],[-112.074618,33.455264],[-112.074602,33.455248],[-112.074593,33.455236],[-112.074588,33.455226],[-112.074567,33.455226],[-112.07457,33.455353],[-112.074597,33.455353],[-112.074603,33.455356],[-112.074608,33.455358],[-112.074612,33.455363],[-112.074613,33.455376],[-112.074735,33.455376]]]}},{"type":"Feature","properties":{"kind":"vegetation","name":null,"osm":"way/1110477067"},"geometry":{"type":"Polygon","coordinates":[[[-112.074759,33.455407],[-112.074792,33.455407],[-112.074806,33.455409],[-112.074816,33.455415],[-112.074823,33.455423],[-112.074826,33.455431],[-112.074826,33.455529],[-112.074804,33.455528],[-112.074788,33.45553],[-112.074775,33.455538],[-112.074767,33.455548],[-112.074766,33.455558],[-112.074766,33.455568],[-112.074677,33.455568],[-112.074677,33.455539],[-112.07469,33.455535],[-112.074699,33.455527],[-112.074705,33.455516],[-112.07471,33.455508],[-112.074717,33.4555],[-112.07473,33.45549],[-112.07474,33.455479],[-112.074749,33.455465],[-112.074756,33.455447],[-112.07476,33.455432],[-112.07476,33.455422],[-112.074759,33.455407]]]}},{"type":"Feature","properties":{"kind":"vegetation","name":null,"osm":"way/1114701970"},"geometry":{"type":"Polygon","coordinates":[[[-112.07118,33.465185],[-112.071082,33.465184],[-112.071085,33.465029],[-112.071183,33.46503],[-112.07118,33.465185]]]}},{"type":"Feature","properties":{"kind":"vegetation","name":null,"osm":"way/1116380739"},"geometry":{"type":"Polygon","coordinates":[[[-112.076635,33.455614],[-112.076597,33.455614],[-112.076596,33.455835],[-112.076647,33.455835],[-112.076647,33.455635],[-112.076635,33.455635],[-112.076635,33.455614]]]}},{"type":"Feature","properties":{"kind":"vegetation","name":null,"osm":"way/1116380740"},"geometry":{"type":"Polygon","coordinates":[[[-112.076634,33.455588],[-112.076597,33.455588],[-112.076597,33.455352],[-112.076603,33.455354],[-112.076605,33.455357],[-112.076605,33.455405],[-112.076648,33.455405],[-112.076648,33.455568],[-112.076634,33.455568],[-112.076634,33.455588]]]}},{"type":"Feature","properties":{"kind":"vegetation","name":null,"osm":"way/1116380741"},"geometry":{"type":"Polygon","coordinates":[[[-112.076572,33.455588],[-112.076497,33.455588],[-112.076496,33.455358],[-112.076499,33.455352],[-112.076504,33.45535],[-112.076512,33.455349],[-112.076573,33.45535],[-112.076572,33.455588]]]}},{"type":"Feature","properties":{"kind":"vegetation","name":null,"osm":"way/1116380742"},"geometry":{"type":"Polygon","coordinates":[[[-112.076571,33.455614],[-112.076493,33.455614],[-112.076493,33.45585],[-112.076571,33.45585],[-112.076571,33.455614]]]}},{"type":"Feature","properties":{"kind":"vegetation","name":null,"osm":"way/1116380743"},"geometry":{"type":"Polygon","coordinates":[[[-112.076527,33.455871],[-112.076493,33.455871],[-112.076493,33.456301],[-112.076537,33.456301],[-112.076537,33.456291],[-112.076569,33.456291],[-112.076572,33.45592],[-112.076556,33.455921],[-112.076541,33.455915],[-112.076533,33.455908],[-112.076527,33.455896],[-112.076524,33.455884],[-112.076525,33.455877],[-112.076527,33.455871]]]}},{"type":"Feature","properties":{"kind":"vegetation","name":null,"osm":"way/1116380744"},"geometry":{"type":"Polygon","coordinates":[[[-112.076571,33.456336],[-112.076534,33.456336],[-112.076534,33.456326],[-112.076493,33.456326],[-112.076493,33.456603],[-112.076527,33.456603],[-112.076527,33.456605],[-112.07657,33.456605],[-112.076571,33.456336]]]}},{"type":"Feature","properties":{"kind":"vegetation","name":null,"osm":"way/1116380745"},"geometry":{"type":"Polygon","coordinates":[[[-112.076577,33.456618],[-112.076527,33.456618],[-112.076527,33.456621],[-112.076493,33.45662],[-112.076492,33.456636],[-112.076495,33.456641],[-112.076501,33.456646],[-112.076513,33.456647],[-112.076576,33.456647],[-112.076576,33.456629],[-112.076577,33.456618]]]}},{"type":"Feature","properties":{"kind":"vegetation","name":null,"osm":"way/1138425131"},"geometry":{"type":"Polygon","coordinates":[[[-112.073961,33.458773],[-112.074037,33.458754],[-112.07414,33.458743],[-112.074366,33.45873],[-112.074398,33.458757],[-112.074312,33.458864],[-112.074225,33.458992],[-112.074055,33.459361],[-112.073942,33.459649],[-112.073868,33.459848],[-112.073851,33.459847],[-112.07385,33.459722],[-112.073895,33.458841],[-112.073917,33.4588],[-112.073961,33.458773]]]}},{"type":"Feature","properties":{"kind":"vegetation","name":null,"osm":"way/1144072768"},"geometry":{"type":"Polygon","coordinates":[[[-112.022197,33.513912],[-112.022144,33.513919],[-112.022104,33.513935],[-112.022069,33.513962],[-112.022053,33.513997],[-112.022054,33.51403],[-112.022071,33.514059],[-112.022103,33.51408],[-112.022156,33.514082],[-112.022222,33.514064],[-112.022272,33.514031],[-112.02228,33.513982],[-112.022268,33.513943],[-112.022244,33.513925],[-112.022197,33.513912]]]}},{"type":"Feature","properties":{"kind":"vegetation","name":null,"osm":"way/1144072780"},"geometry":{"type":"Polygon","coordinates":[[[-112.023305,33.513273],[-112.023272,33.513287],[-112.023244,33.51332],[-112.023234,33.513361],[-112.023238,33.513405],[-112.023252,33.51345],[-112.023282,33.513481],[-112.023314,33.513505],[-112.023345,33.513507],[-112.023372,33.513504],[-112.023396,33.513489],[-112.02341,33.513469],[-112.023419,33.513436],[-112.023425,33.513398],[-112.023424,33.513354],[-112.023412,33.513311],[-112.023387,33.513285],[-112.023357,33.51327],[-112.023332,33.513266],[-112.023305,33.513273]]]}},{"type":"Feature","properties":{"kind":"vegetation","name":null,"osm":"way/1144072781"},"geometry":{"type":"Polygon","coordinates":[[[-112.022635,33.513169],[-112.022598,33.51318],[-112.022563,33.513202],[-112.022533,33.51323],[-112.022518,33.513261],[-112.022512,33.513294],[-112.022525,33.513318],[-112.022552,33.513336],[-112.022581,33.513354],[-112.02263,33.513363],[-112.022681,33.513368],[-112.022729,33.51336],[-112.022757,33.513343],[-112.022772,33.513318],[-112.022766,33.513285],[-112.022749,33.51325],[-112.022737,33.513214],[-112.022726,33.513184],[-112.022705,33.513167],[-112.022673,33.513164],[-112.022635,33.513169]]]}},{"type":"Feature","properties":{"kind":"vegetation","name":"Idylwilde Park","osm":"way/1146140568"},"geometry":{"type":"Polygon","coordinates":[[[-112.056951,33.490771],[-112.056948,33.492366],[-112.05745,33.492367],[-112.057452,33.490771],[-112.056951,33.490771]]]}},{"type":"Feature","properties":{"kind":"vegetation","name":null,"osm":"way/1151080352"},"geometry":{"type":"Polygon","coordinates":[[[-111.988047,33.498466],[-111.988066,33.498066],[-111.98787,33.49806],[-111.98786,33.498156],[-111.987851,33.498375],[-111.987852,33.498459],[-111.988047,33.498466]]]}},{"type":"Feature","properties":{"kind":"vegetation","name":"Virginia G. Piper Plaza","osm":"way/1171839353"},"geometry":{"type":"Polygon","coordinates":[[[-112.069199,33.450472],[-112.069199,33.450563],[-112.069245,33.450584],[-112.069246,33.450722],[-112.069213,33.450726],[-112.0692,33.450728],[-112.069189,33.450731],[-112.069178,33.450739],[-112.069183,33.450885],[-112.069197,33.450887],[-112.069206,33.450891],[-112.069218,33.450906],[-112.069222,33.450918],[-112.069224,33.450941],[-112.069225,33.450983],[-112.069274,33.451013],[-112.069287,33.451032],[-112.069293,33.451056],[-112.069303,33.451115],[-112.069345,33.451147],[-112.069304,33.451203],[-112.069302,33.451242],[-112.069302,33.451293],[-112.068665,33.451285],[-112.068662,33.450986],[-112.068662,33.450779],[-112.068663,33.450761],[-112.068663,33.450474],[-112.069199,33.450472]]]}},{"type":"Feature","properties":{"kind":"vegetation","name":null,"osm":"way/1171847015"},"geometry":{"type":"Polygon","coordinates":[[[-112.069737,33.450618],[-112.069737,33.45078],[-112.069709,33.45078],[-112.069709,33.450794],[-112.069576,33.450797],[-112.069535,33.450796],[-112.069535,33.450773],[-112.069514,33.450773],[-112.069513,33.450704],[-112.069512,33.450619],[-112.069598,33.450618],[-112.069737,33.450618]]]}},{"type":"Feature","properties":{"kind":"vegetation","name":null,"osm":"way/1171860208"},"geometry":{"type":"Polygon","coordinates":[[[-112.096839,33.449094],[-112.095909,33.449096],[-112.095904,33.44889],[-112.095936,33.44873],[-112.095936,33.448534],[-112.0959,33.448408],[-112.095897,33.448199],[-112.09596,33.448197],[-112.09596,33.448213],[-112.096371,33.448212],[-112.096378,33.448876],[-112.096835,33.448878],[-112.096839,33.449094]]]}},{"type":"Feature","properties":{"kind":"vegetation","name":null,"osm":"way/1171860209"},"geometry":{"type":"Polygon","coordinates":[[[-112.096368,33.448043],[-112.096069,33.448044],[-112.09606,33.448063],[-112.095894,33.448064],[-112.095894,33.448029],[-112.0959,33.448021],[-112.09592,33.448015],[-112.095929,33.448004],[-112.095925,33.447453],[-112.095889,33.447348],[-112.095887,33.44713],[-112.095895,33.447099],[-112.09591,33.447083],[-112.095935,33.447071],[-112.096846,33.447067],[-112.096856,33.447367],[-112.096355,33.447373],[-112.096368,33.448043]]]}},{"type":"Feature","properties":{"kind":"vegetation","name":null,"osm":"way/1171860210"},"geometry":{"type":"Polygon","coordinates":[[[-112.096828,33.448288],[-112.096666,33.448291],[-112.096665,33.448212],[-112.096828,33.44821],[-112.096828,33.448288]]]}},{"type":"Feature","properties":{"kind":"vegetation","name":null,"osm":"way/1171860211"},"geometry":{"type":"Polygon","coordinates":[[[-112.096567,33.44829],[-112.096404,33.448295],[-112.096404,33.448211],[-112.096567,33.448206],[-112.096567,33.44829]]]}},{"type":"Feature","properties":{"kind":"vegetation","name":null,"osm":"way/1171860212"},"geometry":{"type":"Polygon","coordinates":[[[-112.096663,33.448166],[-112.096568,33.448167],[-112.096567,33.448083],[-112.096661,33.44808],[-112.096663,33.448166]]]}},{"type":"Feature","properties":{"kind":"vegetation","name":null,"osm":"way/1171860213"},"geometry":{"type":"Polygon","coordinates":[[[-112.096515,33.448084],[-112.096517,33.448168],[-112.096467,33.448168],[-112.096466,33.448084],[-112.096515,33.448084]]]}},{"type":"Feature","properties":{"kind":"vegetation","name":null,"osm":"way/1171860214"},"geometry":{"type":"Polygon","coordinates":[[[-112.096809,33.448035],[-112.096647,33.448039],[-112.096647,33.44796],[-112.096809,33.447958],[-112.096809,33.448035]]]}},{"type":"Feature","properties":{"kind":"vegetation","name":null,"osm":"way/1171860215"},"geometry":{"type":"Polygon","coordinates":[[[-112.09657,33.44804],[-112.096409,33.448043],[-112.096408,33.447958],[-112.096569,33.447956],[-112.09657,33.44804]]]}},{"type":"Feature","properties":{"kind":"vegetation","name":null,"osm":"way/1171860216"},"geometry":{"type":"Polygon","coordinates":[[[-112.096178,33.448167],[-112.096,33.448168],[-112.095998,33.448089],[-112.096177,33.448087],[-112.096178,33.448167]]]}},{"type":"Feature","properties":{"kind":"vegetation","name":null,"osm":"way/1171874124"},"geometry":{"type":"Polygon","coordinates":[[[-112.098039,33.447431],[-112.097952,33.447434],[-112.09793,33.447382],[-112.097894,33.44734],[-112.097707,33.447236],[-112.097695,33.447226],[-112.097685,33.447214],[-112.097678,33.447203],[-112.097673,33.447184],[-112.097671,33.447171],[-112.097671,33.447161],[-112.097677,33.447121],[-112.097713,33.447061],[-112.098036,33.447059],[-112.098043,33.447075],[-112.098039,33.447431]]]}},{"type":"Feature","properties":{"kind":"vegetation","name":null,"osm":"way/1171874125"},"geometry":{"type":"Polygon","coordinates":[[[-112.097682,33.447811],[-112.097422,33.447814],[-112.097421,33.447679],[-112.097479,33.447679],[-112.097478,33.447561],[-112.097425,33.44756],[-112.097424,33.447528],[-112.097393,33.447489],[-112.097324,33.44749],[-112.097469,33.447362],[-112.097512,33.447173],[-112.097572,33.447173],[-112.097574,33.447198],[-112.097576,33.44722],[-112.097578,33.447231],[-112.097581,33.447242],[-112.097587,33.447263],[-112.097599,33.447282],[-112.097613,33.4473],[-112.09763,33.447316],[-112.097648,33.44733],[-112.097669,33.447342],[-112.097698,33.447356],[-112.097764,33.447389],[-112.097765,33.447446],[-112.097681,33.447448],[-112.097682,33.447811]]]}},{"type":"Feature","properties":{"kind":"vegetation","name":null,"osm":"way/1171874126"},"geometry":{"type":"Polygon","coordinates":[[[-112.097488,33.447202],[-112.097464,33.447298],[-112.097304,33.4473],[-112.097274,33.447202],[-112.097488,33.447202]]]}},{"type":"Feature","properties":{"kind":"vegetation","name":null,"osm":"way/1171874127"},"geometry":{"type":"Polygon","coordinates":[[[-112.097551,33.447062],[-112.097597,33.447123],[-112.097056,33.447126],[-112.097057,33.447106],[-112.097065,33.44709],[-112.09708,33.447079],[-112.097098,33.447072],[-112.097111,33.447066],[-112.097551,33.447062]]]}},{"type":"Feature","properties":{"kind":"vegetation","name":null,"osm":"way/1171874128"},"geometry":{"type":"Polygon","coordinates":[[[-112.098052,33.448817],[-112.09806,33.449154],[-112.097893,33.449153],[-112.097873,33.449147],[-112.097858,33.449137],[-112.09785,33.449121],[-112.097844,33.449044],[-112.097844,33.448992],[-112.097919,33.44895],[-112.097947,33.448934],[-112.097953,33.448907],[-112.097955,33.448875],[-112.097957,33.448855],[-112.097966,33.448839],[-112.097982,33.448824],[-112.097992,33.448819],[-112.098052,33.448817]]]}},{"type":"Feature","properties":{"kind":"vegetation","name":null,"osm":"way/1171874129"},"geometry":{"type":"Polygon","coordinates":[[[-112.097736,33.44912],[-112.097732,33.44913],[-112.097725,33.44914],[-112.097716,33.449146],[-112.097705,33.449151],[-112.097695,33.449154],[-112.097055,33.44916],[-112.097045,33.449157],[-112.097039,33.449151],[-112.097033,33.449145],[-112.097031,33.44913],[-112.09703,33.449115],[-112.097738,33.44911],[-112.097736,33.44912]]]}},{"type":"Feature","properties":{"kind":"vegetation","name":null,"osm":"way/1171874130"},"geometry":{"type":"Polygon","coordinates":[[[-112.09693,33.449115],[-112.09693,33.449131],[-112.096929,33.449141],[-112.096925,33.449148],[-112.096916,33.449156],[-112.096906,33.44916],[-112.095999,33.449166],[-112.095997,33.449155],[-112.095996,33.449122],[-112.09693,33.449115]]]}},{"type":"Feature","properties":{"kind":"vegetation","name":null,"osm":"way/1214452075"},"geometry":{"type":"Polygon","coordinates":[[[-112.093298,33.450156],[-112.093298,33.450209],[-112.09304,33.450209],[-112.09304,33.450156],[-112.093298,33.450156]]]}},{"type":"Feature","properties":{"kind":"vegetation","name":null,"osm":"way/1214546030"},"geometry":{"type":"Polygon","coordinates":[[[-112.019175,33.453282],[-112.019175,33.453566],[-112.018693,33.453565],[-112.018693,33.453283],[-112.019175,33.453282]]]}},{"type":"Feature","properties":{"kind":"vegetation","name":null,"osm":"way/1214546032"},"geometry":{"type":"Polygon","coordinates":[[[-112.018464,33.453009],[-112.018493,33.453057],[-112.018493,33.453106],[-112.018242,33.453103],[-112.018243,33.452844],[-112.01833,33.452844],[-112.01833,33.453009],[-112.018464,33.453009]]]}},{"type":"Feature","properties":{"kind":"vegetation","name":null,"osm":"way/1214548060"},"geometry":{"type":"Polygon","coordinates":[[[-112.018327,33.453164],[-112.018329,33.453297],[-112.018278,33.453298],[-112.018276,33.453164],[-112.018327,33.453164]]]}},{"type":"Feature","properties":{"kind":"vegetation","name":null,"osm":"way/1214548061"},"geometry":{"type":"Polygon","coordinates":[[[-112.018331,33.453422],[-112.018331,33.453565],[-112.018278,33.453565],[-112.018278,33.453422],[-112.018331,33.453422]]]}},{"type":"Feature","properties":{"kind":"vegetation","name":null,"osm":"way/1239686319"},"geometry":{"type":"Polygon","coordinates":[[[-112.069579,33.487971],[-112.069584,33.487663],[-112.069637,33.487611],[-112.070008,33.487605],[-112.070001,33.487977],[-112.069579,33.487971]]]}},{"type":"Feature","properties":{"kind":"vegetation","name":null,"osm":"way/1247029766"},"geometry":{"type":"Polygon","coordinates":[[[-112.045616,33.513011],[-112.045607,33.513029],[-112.045582,33.513042],[-112.045523,33.513032],[-112.045488,33.513029],[-112.045465,33.513037],[-112.045455,33.513057],[-112.04546,33.513078],[-112.045504,33.513091],[-112.045543,33.51309],[-112.045638,33.513062],[-112.045659,33.513047],[-112.045667,33.513022],[-112.045661,33.513007],[-112.045638,33.513],[-112.045616,33.513011]]]}},{"type":"Feature","properties":{"kind":"vegetation","name":null,"osm":"way/1249367133"},"geometry":{"type":"Polygon","coordinates":[[[-112.067117,33.491171],[-112.067163,33.491172],[-112.067163,33.4912],[-112.067116,33.4912],[-112.067117,33.491171]]]}},{"type":"Feature","properties":{"kind":"vegetation","name":null,"osm":"way/1249367134"},"geometry":{"type":"Polygon","coordinates":[[[-112.06689,33.491169],[-112.06699,33.491169],[-112.06699,33.491199],[-112.06689,33.491199],[-112.06689,33.491169]]]}},{"type":"Feature","properties":{"kind":"vegetation","name":null,"osm":"way/1249367135"},"geometry":{"type":"Polygon","coordinates":[[[-112.066717,33.491169],[-112.066763,33.491168],[-112.066763,33.4912],[-112.066717,33.4912],[-112.066717,33.491169]]]}},{"type":"Feature","properties":{"kind":"vegetation","name":null,"osm":"way/1258463721"},"geometry":{"type":"Polygon","coordinates":[[[-112.076693,33.491524],[-112.076639,33.491565],[-112.076624,33.491598],[-112.076592,33.491598],[-112.076592,33.491563],[-112.076596,33.491547],[-112.07661,33.491535],[-112.076621,33.491528],[-112.076631,33.491524],[-112.076693,33.491524]]]}},{"type":"Feature","properties":{"kind":"vegetation","name":null,"osm":"way/1271779980"},"geometry":{"type":"Polygon","coordinates":[[[-111.989024,33.461401],[-111.989659,33.461409],[-111.989682,33.460809],[-111.989783,33.460818],[-111.989815,33.460996],[-111.990238,33.460991],[-111.990239,33.460864],[-111.990937,33.46088],[-111.990956,33.460278],[-111.988969,33.460263],[-111.988951,33.460814],[-111.989074,33.460814],[-111.989079,33.46103],[-111.98904,33.461031],[-111.989024,33.461401]]]}},{"type":"Feature","properties":{"kind":"vegetation","name":null,"osm":"way/1293804343"},"geometry":{"type":"Polygon","coordinates":[[[-112.025814,33.452468],[-112.025899,33.452468],[-112.025899,33.452553],[-112.025814,33.452552],[-112.025814,33.452468]]]}},{"type":"Feature","properties":{"kind":"vegetation","name":null,"osm":"way/1293804344"},"geometry":{"type":"Polygon","coordinates":[[[-112.025796,33.452545],[-112.025796,33.452467],[-112.025709,33.452466],[-112.025709,33.452545],[-112.025796,33.452545]]]}},{"type":"Feature","properties":{"kind":"vegetation","name":null,"osm":"way/1293804345"},"geometry":{"type":"Polygon","coordinates":[[[-112.0259,33.452444],[-112.025814,33.452444],[-112.025811,33.452364],[-112.0259,33.452364],[-112.0259,33.452444]]]}},{"type":"Feature","properties":{"kind":"vegetation","name":null,"osm":"way/1293804346"},"geometry":{"type":"Polygon","coordinates":[[[-112.025797,33.452444],[-112.025796,33.452365],[-112.025709,33.452365],[-112.025709,33.452443],[-112.025797,33.452444]]]}},{"type":"Feature","properties":{"kind":"vegetation","name":null,"osm":"way/1293804347"},"geometry":{"type":"Polygon","coordinates":[[[-112.025815,33.452273],[-112.025901,33.452273],[-112.0259,33.45235],[-112.025814,33.452349],[-112.025815,33.452273]]]}},{"type":"Feature","properties":{"kind":"vegetation","name":null,"osm":"way/1293804354"},"geometry":{"type":"Polygon","coordinates":[[[-112.026717,33.453168],[-112.026717,33.453044],[-112.02681,33.453007],[-112.026826,33.45317],[-112.026717,33.453168]]]}},{"type":"Feature","properties":{"kind":"vegetation","name":null,"osm":"way/1294835573"},"geometry":{"type":"Polygon","coordinates":[[[-112.028591,33.455901],[-112.028605,33.455901],[-112.028616,33.455897],[-112.028624,33.455894],[-112.028635,33.455887],[-112.028643,33.455881],[-112.028651,33.455871],[-112.028655,33.455863],[-112.028658,33.455851],[-112.028659,33.455841],[-112.028657,33.455832],[-112.028653,33.455823],[-112.028649,33.455815],[-112.028645,33.455808],[-112.02864,33.455803],[-112.028633,33.455797],[-112.028626,33.455792],[-112.028617,33.455786],[-112.028611,33.455792],[-112.028605,33.455799],[-112.028601,33.455804],[-112.028597,33.455811],[-112.028595,33.455817],[-112.028593,33.455826],[-112.028592,33.455833],[-112.028591,33.455848],[-112.028591,33.455901]]]}},{"type":"Feature","properties":{"kind":"vegetation","name":null,"osm":"way/1294835574"},"geometry":{"type":"Polygon","coordinates":[[[-112.028449,33.455881],[-112.028439,33.455876],[-112.028433,33.45587],[-112.028425,33.455861],[-112.028419,33.455847],[-112.028415,33.455836],[-112.028413,33.455824],[-112.028414,33.455815],[-112.028415,33.455806],[-112.02842,33.455795],[-112.028426,33.455786],[-112.028435,33.455776],[-112.028444,33.45577],[-112.028455,33.455765],[-112.028465,33.455762],[-112.028478,33.455758],[-112.028495,33.455755],[-112.028506,33.455753],[-112.028521,33.455753],[-112.028534,33.455753],[-112.028545,33.455755],[-112.028556,33.455758],[-112.028569,33.455762],[-112.02858,33.455766],[-112.028595,33.455771],[-112.028585,33.455782],[-112.028578,33.455791],[-112.028573,33.455802],[-112.028571,33.45581],[-112.028568,33.455819],[-112.028568,33.455827],[-112.028567,33.455836],[-112.028567,33.455848],[-112.028448,33.455849],[-112.028449,33.455881]]]}},{"type":"Feature","properties":{"kind":"vegetation","name":null,"osm":"way/1294835575"},"geometry":{"type":"Polygon","coordinates":[[[-112.029278,33.455914],[-112.029285,33.455914],[-112.02929,33.455913],[-112.029296,33.455911],[-112.029305,33.455908],[-112.02931,33.455906],[-112.029315,33.455904],[-112.029321,33.4559],[-112.029326,33.455896],[-112.02933,33.455892],[-112.029334,33.455888],[-112.029336,33.455883],[-112.029338,33.455878],[-112.02934,33.455874],[-112.029341,33.455869],[-112.029342,33.455863],[-112.029343,33.455857],[-112.029343,33.45585],[-112.029343,33.455838],[-112.029342,33.455833],[-112.02934,33.455827],[-112.029337,33.455823],[-112.029334,33.455817],[-112.029329,33.455811],[-112.029325,33.455807],[-112.029321,33.455802],[-112.029316,33.455798],[-112.029312,33.455794],[-112.029305,33.4558],[-112.029301,33.455804],[-112.029296,33.45581],[-112.02929,33.455816],[-112.029286,33.455823],[-112.029283,33.455828],[-112.02928,33.455836],[-112.029279,33.455839],[-112.029278,33.455845],[-112.029278,33.455855],[-112.029278,33.455914]]]}},{"type":"Feature","properties":{"kind":"vegetation","name":null,"osm":"way/1294835576"},"geometry":{"type":"Polygon","coordinates":[[[-112.029294,33.455782],[-112.029283,33.455776],[-112.029273,33.455771],[-112.029264,33.455768],[-112.029254,33.455766],[-112.029242,33.455764],[-112.029229,33.455764],[-112.029211,33.455764],[-112.029195,33.455764],[-112.029182,33.455764],[-112.02917,33.455766],[-112.029156,33.455771],[-112.029147,33.455775],[-112.029136,33.455781],[-112.029125,33.455786],[-112.029115,33.455793],[-112.029107,33.455801],[-112.0291,33.455808],[-112.029097,33.455815],[-112.029095,33.455821],[-112.029095,33.45583],[-112.029097,33.455837],[-112.0291,33.455844],[-112.029104,33.455853],[-112.029107,33.455859],[-112.029112,33.455865],[-112.029118,33.455871],[-112.029123,33.455877],[-112.029127,33.455881],[-112.029134,33.455886],[-112.029134,33.455855],[-112.029254,33.455855],[-112.029255,33.455848],[-112.029255,33.45584],[-112.029257,33.455833],[-112.029259,33.455825],[-112.029264,33.455816],[-112.02927,33.455806],[-112.029276,33.455798],[-112.029283,33.455791],[-112.029294,33.455782]]]}},{"type":"Feature","properties":{"kind":"vegetation","name":null,"osm":"way/1294835577"},"geometry":{"type":"Polygon","coordinates":[[[-112.027897,33.455912],[-112.02791,33.455911],[-112.027922,33.455908],[-112.027929,33.455906],[-112.027941,33.4559],[-112.02795,33.455893],[-112.027958,33.455884],[-112.027965,33.455874],[-112.027969,33.455863],[-112.027972,33.455852],[-112.027971,33.455844],[-112.027968,33.455835],[-112.027964,33.455826],[-112.027961,33.45582],[-112.027954,33.455816],[-112.027945,33.45581],[-112.027932,33.455801],[-112.027918,33.455792],[-112.02791,33.455801],[-112.027903,33.45581],[-112.027897,33.455818],[-112.027893,33.455827],[-112.027892,33.455832],[-112.027891,33.455844],[-112.02789,33.455854],[-112.027897,33.455854],[-112.027897,33.455912]]]}},{"type":"Feature","properties":{"kind":"vegetation","name":null,"osm":"way/1294835578"},"geometry":{"type":"Polygon","coordinates":[[[-112.027755,33.455891],[-112.027747,33.455884],[-112.027739,33.455878],[-112.027732,33.45587],[-112.027726,33.455863],[-112.027721,33.455856],[-112.027718,33.455849],[-112.027716,33.455838],[-112.027716,33.455829],[-112.027716,33.455822],[-112.027716,33.455816],[-112.027718,33.455811],[-112.027721,33.455803],[-112.027726,33.455794],[-112.02773,33.455787],[-112.027737,33.455783],[-112.027745,33.455779],[-112.027752,33.455775],[-112.027762,33.455771],[-112.027775,33.455768],[-112.027785,33.455766],[-112.027797,33.455766],[-112.027809,33.455765],[-112.027823,33.455765],[-112.027838,33.455765],[-112.027848,33.455765],[-112.027856,33.455766],[-112.027868,33.455768],[-112.027875,33.45577],[-112.027882,33.455773],[-112.027899,33.45578],[-112.027898,33.455788],[-112.027891,33.455795],[-112.027884,33.455802],[-112.027881,33.45581],[-112.02788,33.455818],[-112.027878,33.455829],[-112.027877,33.455837],[-112.027876,33.455844],[-112.027876,33.455854],[-112.027754,33.455854],[-112.027755,33.455891]]]}},{"type":"Feature","properties":{"kind":"vegetation","name":null,"osm":"way/1294835579"},"geometry":{"type":"Polygon","coordinates":[[[-112.028931,33.455252],[-112.028931,33.455234],[-112.028947,33.455234],[-112.02902,33.455234],[-112.029036,33.455234],[-112.029036,33.455306],[-112.028923,33.455307],[-112.028802,33.455307],[-112.028802,33.455245],[-112.028842,33.455245],[-112.028842,33.455233],[-112.028881,33.455232],[-112.028881,33.455253],[-112.028931,33.455252]]]}},{"type":"Feature","properties":{"kind":"vegetation","name":null,"osm":"way/1294835580"},"geometry":{"type":"Polygon","coordinates":[[[-112.027477,33.455473],[-112.027476,33.455278],[-112.027494,33.455278],[-112.027493,33.455253],[-112.027715,33.455252],[-112.027715,33.455326],[-112.027699,33.455326],[-112.0277,33.455473],[-112.027477,33.455473]]]}},{"type":"Feature","properties":{"kind":"vegetation","name":null,"osm":"way/1294835584"},"geometry":{"type":"Polygon","coordinates":[[[-112.023902,33.453896],[-112.024116,33.453896],[-112.024116,33.453902],[-112.024111,33.454213],[-112.024112,33.454256],[-112.024112,33.454278],[-112.024107,33.454287],[-112.024101,33.454295],[-112.024093,33.454301],[-112.024083,33.454305],[-112.024071,33.454309],[-112.02394,33.454308],[-112.023928,33.454305],[-112.023919,33.454299],[-112.023914,33.454292],[-112.02391,33.454285],[-112.023908,33.454111],[-112.023902,33.453896]]]}},{"type":"Feature","properties":{"kind":"vegetation","name":null,"osm":"way/1294835585"},"geometry":{"type":"Polygon","coordinates":[[[-112.025998,33.454494],[-112.025836,33.454494],[-112.025822,33.454506],[-112.02582,33.45456],[-112.025837,33.45456],[-112.025837,33.454576],[-112.025837,33.454672],[-112.025984,33.454673],[-112.025998,33.45466],[-112.025998,33.454494]]]}},{"type":"Feature","properties":{"kind":"vegetation","name":null,"osm":"way/1294835586"},"geometry":{"type":"Polygon","coordinates":[[[-112.025837,33.454689],[-112.025983,33.454689],[-112.025995,33.454699],[-112.025994,33.454853],[-112.025836,33.454852],[-112.025836,33.454772],[-112.025837,33.454689]]]}},{"type":"Feature","properties":{"kind":"vegetation","name":null,"osm":"way/1294835587"},"geometry":{"type":"Polygon","coordinates":[[[-112.025836,33.45487],[-112.025993,33.454871],[-112.025992,33.454999],[-112.025835,33.454998],[-112.025836,33.45487]]]}},{"type":"Feature","properties":{"kind":"vegetation","name":null,"osm":"way/1294835588"},"geometry":{"type":"Polygon","coordinates":[[[-112.025994,33.455016],[-112.025995,33.45513],[-112.025744,33.45513],[-112.025737,33.455129],[-112.025732,33.455127],[-112.025727,33.455123],[-112.025723,33.455118],[-112.025724,33.455114],[-112.025723,33.455104],[-112.025724,33.455084],[-112.025719,33.455084],[-112.025719,33.455087],[-112.02572,33.4551],[-112.025598,33.455099],[-112.025597,33.455014],[-112.025634,33.455015],[-112.025994,33.455016]]]}},{"type":"Feature","properties":{"kind":"vegetation","name":null,"osm":"way/1294835589"},"geometry":{"type":"Polygon","coordinates":[[[-112.0258,33.45456],[-112.0258,33.454509],[-112.025786,33.454496],[-112.025399,33.454494],[-112.025393,33.454495],[-112.025389,33.454498],[-112.025388,33.454503],[-112.025387,33.454572],[-112.025449,33.454572],[-112.025449,33.45456],[-112.0258,33.45456]]]}},{"type":"Feature","properties":{"kind":"vegetation","name":null,"osm":"way/1294835590"},"geometry":{"type":"Polygon","coordinates":[[[-112.025368,33.454555],[-112.025368,33.454676],[-112.025131,33.454676],[-112.025131,33.454554],[-112.025368,33.454555]]]}},{"type":"Feature","properties":{"kind":"vegetation","name":null,"osm":"way/1294846628"},"geometry":{"type":"Polygon","coordinates":[[[-112.02671,33.455285],[-112.02671,33.455416],[-112.02671,33.455471],[-112.026446,33.455471],[-112.026445,33.455285],[-112.02671,33.455285]]]}},{"type":"Feature","properties":{"kind":"vegetation","name":null,"osm":"way/1294846632"},"geometry":{"type":"Polygon","coordinates":[[[-112.027438,33.455203],[-112.027438,33.455264],[-112.027331,33.455264],[-112.027303,33.455241],[-112.027303,33.455211],[-112.027303,33.455203],[-112.027438,33.455203]]]}},{"type":"Feature","properties":{"kind":"vegetation","name":null,"osm":"way/1294846633"},"geometry":{"type":"Polygon","coordinates":[[[-112.027441,33.455487],[-112.027176,33.455487],[-112.02717,33.455241],[-112.027239,33.455242],[-112.027239,33.45525],[-112.027303,33.455255],[-112.027304,33.455262],[-112.027322,33.455277],[-112.027438,33.455278],[-112.027441,33.455487]]]}},{"type":"Feature","properties":{"kind":"vegetation","name":null,"osm":"way/1294852046"},"geometry":{"type":"Polygon","coordinates":[[[-112.027271,33.452835],[-112.027156,33.452885],[-112.027172,33.452908],[-112.027111,33.452936],[-112.027092,33.452908],[-112.027055,33.452904],[-112.026831,33.453009],[-112.026845,33.453159],[-112.027095,33.45316],[-112.027221,33.453157],[-112.027235,33.45315],[-112.027252,33.453137],[-112.027264,33.453123],[-112.027268,33.453105],[-112.027271,33.452869],[-112.027271,33.452835]]]}},{"type":"Feature","properties":{"kind":"vegetation","name":null,"osm":"way/1294852049"},"geometry":{"type":"Polygon","coordinates":[[[-112.027071,33.453203],[-112.026893,33.453202],[-112.026893,33.45324],[-112.027069,33.453241],[-112.027069,33.453235],[-112.027133,33.453235],[-112.027133,33.453204],[-112.027071,33.453203]]]}},{"type":"Feature","properties":{"kind":"vegetation","name":null,"osm":"way/1294852050"},"geometry":{"type":"Polygon","coordinates":[[[-112.026842,33.45324],[-112.026842,33.453201],[-112.026717,33.453201],[-112.026717,33.453337],[-112.02678,33.453337],[-112.026782,33.453239],[-112.026842,33.45324]]]}},{"type":"Feature","properties":{"kind":"vegetation","name":null,"osm":"way/1294852051"},"geometry":{"type":"Polygon","coordinates":[[[-112.02728,33.453306],[-112.027233,33.453308],[-112.027233,33.453241],[-112.02717,33.453241],[-112.02717,33.453204],[-112.027228,33.453204],[-112.02728,33.453207],[-112.02728,33.453306]]]}},{"type":"Feature","properties":{"kind":"vegetation","name":null,"osm":"way/1294852053"},"geometry":{"type":"Polygon","coordinates":[[[-112.027384,33.453326],[-112.02728,33.453326],[-112.027279,33.453407],[-112.027387,33.453405],[-112.027386,33.453354],[-112.027384,33.453326]]]}},{"type":"Feature","properties":{"kind":"vegetation","name":null,"osm":"way/1294852054"},"geometry":{"type":"Polygon","coordinates":[[[-112.027452,33.453327],[-112.027452,33.453345],[-112.027404,33.453346],[-112.027403,33.453328],[-112.027452,33.453327]]]}},{"type":"Feature","properties":{"kind":"vegetation","name":null,"osm":"way/1294852055"},"geometry":{"type":"Polygon","coordinates":[[[-112.027324,33.452829],[-112.027325,33.452948],[-112.027312,33.452961],[-112.027297,33.452961],[-112.027296,33.453099],[-112.027312,33.453099],[-112.027313,33.453255],[-112.027328,33.453255],[-112.027328,33.453311],[-112.02728,33.45331],[-112.02728,33.453306],[-112.02728,33.453207],[-112.02728,33.453195],[-112.02728,33.453181],[-112.027286,33.45283],[-112.027324,33.452829]]]}},{"type":"Feature","properties":{"kind":"vegetation","name":null,"osm":"way/1294852056"},"geometry":{"type":"Polygon","coordinates":[[[-112.027279,33.453407],[-112.027232,33.453407],[-112.027232,33.453325],[-112.02728,33.453326],[-112.027279,33.453407]]]}},{"type":"Feature","properties":{"kind":"vegetation","name":null,"osm":"way/1294852080"},"geometry":{"type":"Polygon","coordinates":[[[-112.0275,33.452737],[-112.0275,33.452579],[-112.027287,33.452684],[-112.027287,33.45274],[-112.0275,33.452737]]]}},{"type":"Feature","properties":{"kind":"vegetation","name":null,"osm":"way/1295016161"},"geometry":{"type":"Polygon","coordinates":[[[-112.028499,33.45211],[-112.028499,33.452085],[-112.028416,33.452085],[-112.028393,33.452318],[-112.028394,33.452333],[-112.028398,33.452346],[-112.028409,33.452363],[-112.028497,33.452363],[-112.028499,33.45211]]]}},{"type":"Feature","properties":{"kind":"vegetation","name":null,"osm":"way/1295016162"},"geometry":{"type":"Polygon","coordinates":[[[-112.027672,33.452326],[-112.027841,33.452324],[-112.027838,33.452212],[-112.027895,33.452211],[-112.027895,33.452122],[-112.027831,33.452123],[-112.027831,33.452117],[-112.027831,33.452112],[-112.027932,33.452113],[-112.027932,33.452098],[-112.027936,33.452085],[-112.027956,33.452068],[-112.027982,33.452056],[-112.028173,33.452057],[-112.028313,33.452059],[-112.028337,33.452059],[-112.028334,33.452159],[-112.028348,33.45216],[-112.028359,33.452067],[-112.028333,33.452034],[-112.028281,33.452011],[-112.028241,33.452007],[-112.02762,33.452002],[-112.02762,33.452014],[-112.02765,33.452014],[-112.027652,33.452048],[-112.027665,33.452048],[-112.027665,33.452069],[-112.027672,33.452109],[-112.027672,33.452326]]]}},{"type":"Feature","properties":{"kind":"vegetation","name":null,"osm":"way/1295016163"},"geometry":{"type":"Polygon","coordinates":[[[-112.027007,33.452251],[-112.027007,33.452194],[-112.027031,33.45208],[-112.026846,33.452078],[-112.026815,33.452106],[-112.026814,33.45223],[-112.026838,33.452251],[-112.027007,33.452251]]]}},{"type":"Feature","properties":{"kind":"vegetation","name":null,"osm":"way/1295016164"},"geometry":{"type":"Polygon","coordinates":[[[-112.027522,33.452176],[-112.027522,33.45216],[-112.02742,33.452083],[-112.027044,33.452079],[-112.02703,33.452155],[-112.027023,33.452189],[-112.027023,33.452255],[-112.027035,33.452255],[-112.027035,33.452156],[-112.027436,33.452156],[-112.027436,33.452158],[-112.027457,33.452159],[-112.027458,33.452176],[-112.027522,33.452176]]]}},{"type":"Feature","properties":{"kind":"vegetation","name":null,"osm":"way/1295016169"},"geometry":{"type":"Polygon","coordinates":[[[-112.029279,33.452918],[-112.029163,33.452922],[-112.029162,33.453164],[-112.029195,33.453164],[-112.029279,33.453165],[-112.029279,33.452918]]]}},{"type":"Feature","properties":{"kind":"vegetation","name":null,"osm":"way/1295016170"},"geometry":{"type":"Polygon","coordinates":[[[-112.029248,33.453351],[-112.029248,33.453449],[-112.029161,33.453447],[-112.029161,33.453592],[-112.029279,33.453591],[-112.029279,33.453351],[-112.029248,33.453351]]]}},{"type":"Feature","properties":{"kind":"vegetation","name":null,"osm":"way/1295016171"},"geometry":{"type":"Polygon","coordinates":[[[-112.029153,33.453596],[-112.029154,33.453624],[-112.028946,33.453621],[-112.028686,33.45362],[-112.028687,33.453353],[-112.028946,33.453356],[-112.028946,33.453384],[-112.028811,33.453384],[-112.028812,33.453435],[-112.028786,33.453435],[-112.028786,33.453454],[-112.028813,33.453454],[-112.028813,33.453591],[-112.028919,33.453592],[-112.028947,33.453592],[-112.029153,33.453596]]]}},{"type":"Feature","properties":{"kind":"vegetation","name":null,"osm":"way/1295016641"},"geometry":{"type":"Polygon","coordinates":[[[-112.027279,33.453407],[-112.027232,33.453407],[-112.027231,33.453429],[-112.027094,33.453429],[-112.027093,33.453582],[-112.026778,33.453581],[-112.02678,33.453337],[-112.026717,33.453337],[-112.026717,33.453626],[-112.026778,33.453683],[-112.027319,33.453686],[-112.027279,33.453653],[-112.027279,33.453407]]]}},{"type":"Feature","properties":{"kind":"vegetation","name":null,"osm":"way/1295378364"},"geometry":{"type":"Polygon","coordinates":[[[-112.027035,33.452328],[-112.026844,33.452326],[-112.026838,33.452489],[-112.026845,33.452489],[-112.026845,33.452499],[-112.026849,33.4525],[-112.026847,33.452542],[-112.026943,33.452542],[-112.026942,33.452656],[-112.026858,33.452656],[-112.026858,33.452674],[-112.026778,33.452673],[-112.026778,33.452652],[-112.026691,33.452651],[-112.026694,33.452541],[-112.026791,33.452543],[-112.026791,33.452527],[-112.026791,33.452503],[-112.026681,33.452503],[-112.026659,33.452528],[-112.026652,33.452864],[-112.027003,33.45269],[-112.026995,33.452677],[-112.026989,33.45268],[-112.026965,33.45265],[-112.027077,33.452589],[-112.027101,33.452617],[-112.027078,33.45263],[-112.027093,33.452648],[-112.027332,33.452528],[-112.027352,33.4525],[-112.027515,33.452425],[-112.027484,33.45236],[-112.027437,33.45236],[-112.027435,33.452417],[-112.027425,33.452417],[-112.027424,33.452426],[-112.027172,33.452425],[-112.027172,33.452503],[-112.027035,33.452503],[-112.027035,33.452328]]]}},{"type":"Feature","properties":{"kind":"vegetation","name":null,"osm":"way/1295384531"},"geometry":{"type":"Polygon","coordinates":[[[-112.027906,33.455989],[-112.027557,33.45599],[-112.027557,33.455964],[-112.027905,33.455963],[-112.027906,33.455989]]]}},{"type":"Feature","properties":{"kind":"vegetation","name":null,"osm":"way/1295384532"},"geometry":{"type":"Polygon","coordinates":[[[-112.028598,33.455959],[-112.028598,33.455984],[-112.028251,33.455984],[-112.028251,33.455959],[-112.028598,33.455959]]]}},{"type":"Feature","properties":{"kind":"vegetation","name":null,"osm":"way/1295384533"},"geometry":{"type":"Polygon","coordinates":[[[-112.02929,33.455964],[-112.029291,33.455993],[-112.028938,33.455994],[-112.028938,33.455965],[-112.02929,33.455964]]]}},{"type":"Feature","properties":{"kind":"vegetation","name":null,"osm":"way/1295794363"},"geometry":{"type":"Polygon","coordinates":[[[-112.02862,33.452442],[-112.028619,33.452204],[-112.028734,33.452205],[-112.028734,33.452443],[-112.02862,33.452442]]]}},{"type":"Feature","properties":{"kind":"vegetation","name":null,"osm":"way/1295794399"},"geometry":{"type":"Polygon","coordinates":[[[-112.02401,33.452046],[-112.023433,33.452043],[-112.023433,33.452132],[-112.023632,33.452335],[-112.023644,33.452322],[-112.023784,33.452323],[-112.023796,33.452336],[-112.023915,33.452335],[-112.023915,33.452349],[-112.024007,33.452349],[-112.02401,33.452046]]]}},{"type":"Feature","properties":{"kind":"vegetation","name":null,"osm":"way/1295794400"},"geometry":{"type":"Polygon","coordinates":[[[-112.024319,33.452047],[-112.024038,33.452047],[-112.024037,33.452169],[-112.024269,33.452169],[-112.024269,33.452148],[-112.024318,33.452148],[-112.024319,33.452047]]]}},{"type":"Feature","properties":{"kind":"vegetation","name":null,"osm":"way/1295794402"},"geometry":{"type":"Polygon","coordinates":[[[-112.024319,33.452013],[-112.024037,33.452013],[-112.024037,33.451753],[-112.024194,33.451755],[-112.024269,33.451756],[-112.024268,33.451912],[-112.024319,33.451912],[-112.024319,33.452013]]]}},{"type":"Feature","properties":{"kind":"vegetation","name":null,"osm":"way/1295794403"},"geometry":{"type":"Polygon","coordinates":[[[-112.023431,33.452361],[-112.02343,33.452152],[-112.023624,33.452343],[-112.023607,33.452361],[-112.023431,33.452361]]]}},{"type":"Feature","properties":{"kind":"vegetation","name":null,"osm":"way/1295794407"},"geometry":{"type":"Polygon","coordinates":[[[-112.023405,33.45193],[-112.023128,33.45193],[-112.023129,33.451737],[-112.023248,33.45174],[-112.023251,33.451691],[-112.023406,33.451692],[-112.023405,33.45193]]]}},{"type":"Feature","properties":{"kind":"vegetation","name":null,"osm":"way/1295794409"},"geometry":{"type":"Polygon","coordinates":[[[-112.023407,33.452348],[-112.023172,33.452348],[-112.023169,33.452174],[-112.023125,33.452174],[-112.023123,33.452121],[-112.023404,33.452124],[-112.023404,33.45216],[-112.023353,33.45216],[-112.023354,33.45218],[-112.023353,33.452302],[-112.023407,33.452302],[-112.023407,33.452348]]]}},{"type":"Feature","properties":{"kind":"vegetation","name":null,"osm":"way/1295794413"},"geometry":{"type":"Polygon","coordinates":[[[-112.024701,33.451606],[-112.024529,33.451565],[-112.024464,33.451869],[-112.024617,33.451892],[-112.024617,33.451971],[-112.024749,33.451913],[-112.024749,33.451895],[-112.024702,33.451875],[-112.024701,33.451606]]]}},{"type":"Feature","properties":{"kind":"vegetation","name":null,"osm":"way/1295794414"},"geometry":{"type":"Polygon","coordinates":[[[-112.024749,33.452006],[-112.02475,33.451929],[-112.024643,33.451978],[-112.024643,33.451992],[-112.024662,33.452005],[-112.024749,33.452006]]]}},{"type":"Feature","properties":{"kind":"vegetation","name":null,"osm":"way/1295794415"},"geometry":{"type":"Polygon","coordinates":[[[-112.024748,33.452142],[-112.024748,33.452058],[-112.024661,33.452058],[-112.024644,33.452068],[-112.024644,33.452085],[-112.024748,33.452142]]]}},{"type":"Feature","properties":{"kind":"vegetation","name":null,"osm":"way/1295794416"},"geometry":{"type":"Polygon","coordinates":[[[-112.024746,33.452182],[-112.024746,33.452158],[-112.024643,33.452101],[-112.024641,33.45248],[-112.024697,33.45248],[-112.024696,33.452182],[-112.024746,33.452182]]]}},{"type":"Feature","properties":{"kind":"vegetation","name":null,"osm":"way/1295794417"},"geometry":{"type":"Polygon","coordinates":[[[-112.024624,33.45248],[-112.024573,33.45248],[-112.024572,33.452458],[-112.024527,33.452494],[-112.02447,33.452226],[-112.02453,33.452217],[-112.024527,33.452197],[-112.024624,33.452182],[-112.024624,33.45248]]]}},{"type":"Feature","properties":{"kind":"vegetation","name":null,"osm":"way/1296708386"},"geometry":{"type":"Polygon","coordinates":[[[-112.045915,33.513004],[-112.045796,33.513004],[-112.045167,33.513422],[-112.045173,33.513813],[-112.04519,33.513827],[-112.045218,33.513836],[-112.045249,33.513859],[-112.045262,33.513901],[-112.045256,33.514069],[-112.045283,33.514145],[-112.045328,33.514201],[-112.045406,33.514249],[-112.045482,33.514268],[-112.045558,33.514258],[-112.045657,33.514227],[-112.045761,33.514217],[-112.04584,33.514186],[-112.04589,33.514135],[-112.04591,33.514087],[-112.045909,33.513942],[-112.045925,33.513841],[-112.045962,33.513748],[-112.045978,33.513693],[-112.045971,33.513662],[-112.045938,33.513635],[-112.045929,33.513602],[-112.045943,33.513564],[-112.045982,33.513547],[-112.045994,33.513504],[-112.04603,33.5133],[-112.04603,33.513221],[-112.046012,33.513172],[-112.04596,33.513089],[-112.045938,33.513028],[-112.045915,33.513004]]]}},{"type":"Feature","properties":{"kind":"vegetation","name":null,"osm":"way/1296708387"},"geometry":{"type":"Polygon","coordinates":[[[-112.045972,33.51379],[-112.045947,33.513858],[-112.045938,33.513947],[-112.045935,33.514083],[-112.045921,33.514139],[-112.045875,33.514194],[-112.045817,33.514233],[-112.045663,33.514255],[-112.04558,33.514276],[-112.045501,33.514295],[-112.045382,33.51428],[-112.045304,33.514224],[-112.045243,33.514151],[-112.045218,33.514047],[-112.045225,33.513933],[-112.045226,33.513896],[-112.045192,33.513883],[-112.045163,33.513892],[-112.045092,33.514265],[-112.045479,33.51458],[-112.045583,33.51458],[-112.045589,33.514502],[-112.045614,33.514438],[-112.045632,33.514393],[-112.045644,33.514353],[-112.045677,33.514328],[-112.045739,33.514295],[-112.045793,33.514279],[-112.045852,33.514271],[-112.04589,33.514273],[-112.045912,33.514271],[-112.045939,33.514264],[-112.045967,33.514244],[-112.045981,33.51421],[-112.045988,33.514172],[-112.046003,33.514145],[-112.04604,33.514108],[-112.04605,33.514103],[-112.046071,33.514103],[-112.04608,33.514097],[-112.046083,33.51381],[-112.045972,33.51379]]]}},{"type":"Feature","properties":{"kind":"vegetation","name":null,"osm":"way/1296708388"},"geometry":{"type":"Polygon","coordinates":[[[-112.045241,33.514601],[-112.045227,33.514582],[-112.045226,33.51456],[-112.045246,33.514544],[-112.045275,33.514539],[-112.045283,33.514544],[-112.045297,33.514562],[-112.045305,33.514562],[-112.045347,33.514595],[-112.045346,33.514608],[-112.045337,33.514615],[-112.045309,33.514616],[-112.045306,33.514607],[-112.045301,33.514607],[-112.045298,33.514615],[-112.045273,33.514613],[-112.045256,33.514606],[-112.045241,33.514601]]]}},{"type":"Feature","properties":{"kind":"vegetation","name":null,"osm":"way/1296708389"},"geometry":{"type":"Polygon","coordinates":[[[-112.045117,33.514617],[-112.045078,33.514602],[-112.04505,33.514582],[-112.04503,33.51457],[-112.045006,33.514549],[-112.045,33.514529],[-112.045007,33.514503],[-112.045021,33.514488],[-112.045048,33.514485],[-112.045081,33.51449],[-112.045098,33.514506],[-112.045111,33.514525],[-112.045124,33.514542],[-112.045151,33.514559],[-112.045156,33.51457],[-112.045161,33.514579],[-112.045167,33.514592],[-112.045159,33.514608],[-112.045149,33.514616],[-112.045132,33.514618],[-112.045117,33.514617]]]}},{"type":"Feature","properties":{"kind":"vegetation","name":null,"osm":"way/1298726817"},"geometry":{"type":"Polygon","coordinates":[[[-111.990414,33.44543],[-111.990415,33.446115],[-111.990368,33.446115],[-111.990393,33.446142],[-111.99045,33.446144],[-111.99046,33.445866],[-111.990448,33.445865],[-111.990452,33.445802],[-111.990462,33.445802],[-111.990474,33.445456],[-111.990468,33.445443],[-111.990456,33.445431],[-111.990444,33.445425],[-111.99043,33.445421],[-111.990423,33.445422],[-111.990417,33.445423],[-111.990414,33.44543]]]}},{"type":"Feature","properties":{"kind":"vegetation","name":null,"osm":"way/1298726818"},"geometry":{"type":"Polygon","coordinates":[[[-111.989407,33.446284],[-111.989403,33.44625],[-111.989379,33.446248],[-111.989359,33.446242],[-111.989335,33.446237],[-111.989335,33.446251],[-111.989335,33.446289],[-111.989333,33.446303],[-111.989407,33.446284]]]}},{"type":"Feature","properties":{"kind":"vegetation","name":null,"osm":"way/1298726819"},"geometry":{"type":"Polygon","coordinates":[[[-111.989424,33.446254],[-111.989504,33.44625],[-111.989575,33.446241],[-111.989629,33.446237],[-111.989661,33.446238],[-111.989702,33.446244],[-111.989729,33.446251],[-111.989731,33.446254],[-111.98973,33.446258],[-111.989584,33.446258],[-111.989526,33.446263],[-111.989426,33.446278],[-111.989424,33.446254]]]}},{"type":"Feature","properties":{"kind":"vegetation","name":null,"osm":"way/1298726820"},"geometry":{"type":"Polygon","coordinates":[[[-111.989139,33.44635],[-111.989172,33.44634],[-111.9892,33.446321],[-111.989218,33.446296],[-111.989226,33.446267],[-111.989222,33.446237],[-111.989207,33.446211],[-111.989182,33.446189],[-111.98915,33.446176],[-111.989115,33.446172],[-111.98908,33.446178],[-111.98905,33.446193],[-111.989026,33.446215],[-111.989013,33.446242],[-111.989011,33.446272],[-111.989021,33.446301],[-111.989041,33.446325],[-111.98907,33.446342],[-111.989104,33.446351],[-111.989139,33.44635]]]}},{"type":"Feature","properties":{"kind":"vegetation","name":null,"osm":"way/1298726821"},"geometry":{"type":"Polygon","coordinates":[[[-111.991122,33.446733],[-111.991504,33.446733],[-111.991534,33.44674],[-111.991563,33.446761],[-111.99158,33.446783],[-111.991586,33.446798],[-111.991587,33.446819],[-111.99157,33.446819],[-111.99157,33.446852],[-111.991586,33.446853],[-111.991573,33.447152],[-111.991563,33.447175],[-111.991546,33.447196],[-111.991523,33.447208],[-111.991507,33.447213],[-111.99148,33.447214],[-111.991453,33.447191],[-111.991413,33.447191],[-111.991257,33.447107],[-111.991253,33.447],[-111.991455,33.447],[-111.991458,33.446905],[-111.991151,33.446906],[-111.991149,33.446843],[-111.991123,33.446843],[-111.991122,33.446733]]]}},{"type":"Feature","properties":{"kind":"vegetation","name":null,"osm":"way/1299116083"},"geometry":{"type":"Polygon","coordinates":[[[-111.990449,33.446159],[-111.990447,33.446175],[-111.990444,33.446181],[-111.990432,33.446188],[-111.990418,33.446196],[-111.990408,33.446196],[-111.990333,33.446196],[-111.990326,33.446193],[-111.990322,33.446188],[-111.990321,33.446177],[-111.990323,33.446163],[-111.990338,33.446136],[-111.990356,33.446127],[-111.990386,33.446157],[-111.990449,33.446159]]]}},{"type":"Feature","properties":{"kind":"vegetation","name":null,"osm":"way/1299116086"},"geometry":{"type":"Polygon","coordinates":[[[-111.991425,33.447352],[-111.989734,33.447359],[-111.989749,33.447373],[-111.98989,33.447455],[-111.989902,33.447476],[-111.989895,33.447491],[-111.989881,33.447501],[-111.989858,33.447506],[-111.989842,33.447505],[-111.989669,33.447415],[-111.989636,33.447408],[-111.989593,33.447414],[-111.989553,33.447426],[-111.989532,33.447438],[-111.990304,33.447889],[-111.990413,33.447967],[-111.990421,33.447933],[-111.990414,33.4479],[-111.990611,33.447916],[-111.990621,33.447961],[-111.990666,33.448004],[-111.990713,33.448007],[-111.990737,33.448001],[-111.990763,33.44799],[-111.991158,33.44799],[-111.991204,33.44797],[-111.991242,33.447969],[-111.991289,33.447991],[-111.991456,33.447989],[-111.99148,33.447985],[-111.991494,33.447975],[-111.991503,33.447964],[-111.991506,33.447948],[-111.991522,33.447439],[-111.991517,33.44742],[-111.991508,33.44741],[-111.991496,33.4474],[-111.991476,33.44739],[-111.99146,33.447391],[-111.991447,33.447389],[-111.991436,33.447381],[-111.991427,33.447371],[-111.991425,33.447352]]]}},{"type":"Feature","properties":{"kind":"vegetation","name":null,"osm":"way/1299116087"},"geometry":{"type":"Polygon","coordinates":[[[-111.988923,33.44617],[-111.988925,33.446171],[-111.988926,33.446174],[-111.988925,33.446176],[-111.988916,33.446188],[-111.988913,33.446194],[-111.988906,33.446216],[-111.988901,33.446232],[-111.988898,33.446233],[-111.988894,33.446232],[-111.988867,33.446217],[-111.988823,33.446199],[-111.988766,33.446184],[-111.988685,33.446176],[-111.988593,33.446158],[-111.988505,33.44614],[-111.988248,33.446081],[-111.987943,33.446009],[-111.987939,33.446006],[-111.987938,33.446002],[-111.987945,33.446],[-111.988002,33.445999],[-111.988065,33.446006],[-111.9882,33.446028],[-111.988309,33.446058],[-111.98841,33.446098],[-111.988462,33.446115],[-111.988559,33.446141],[-111.988682,33.446165],[-111.988766,33.446172],[-111.988856,33.446173],[-111.988923,33.44617]]]}},{"type":"Feature","properties":{"kind":"vegetation","name":"Lyceum Park","osm":"way/1303763101"},"geometry":{"type":"Polygon","coordinates":[[[-112.0832,33.499451],[-112.082908,33.499457],[-112.082872,33.499471],[-112.082855,33.499484],[-112.082754,33.499741],[-112.083192,33.499758],[-112.0832,33.499451]]]}},{"type":"Feature","properties":{"kind":"vegetation","name":null,"osm":"way/1317178244"},"geometry":{"type":"Polygon","coordinates":[[[-111.995615,33.422032],[-111.99562,33.422231],[-111.995823,33.422235],[-111.995825,33.422221],[-111.995833,33.422213],[-111.99584,33.422207],[-111.99585,33.422201],[-111.995861,33.422198],[-111.995874,33.422197],[-111.995879,33.422019],[-111.995636,33.422013],[-111.995615,33.422032]]]}},{"type":"Feature","properties":{"kind":"vegetation","name":null,"osm":"way/1317178250"},"geometry":{"type":"Polygon","coordinates":[[[-111.985306,33.42202],[-111.985324,33.422005],[-111.985486,33.422],[-111.985504,33.422009],[-111.98548,33.422034],[-111.985447,33.422076],[-111.98542,33.422128],[-111.985389,33.422188],[-111.985383,33.422196],[-111.985377,33.422199],[-111.985371,33.422198],[-111.985365,33.422197],[-111.98536,33.422193],[-111.985357,33.422183],[-111.985348,33.422132],[-111.985329,33.422074],[-111.985306,33.42202]]]}},{"type":"Feature","properties":{"kind":"vegetation","name":null,"osm":"way/1328506720"},"geometry":{"type":"Polygon","coordinates":[[[-112.06696,33.505846],[-112.06696,33.505811],[-112.067073,33.505736],[-112.067071,33.505845],[-112.06696,33.505846]]]}},{"type":"Feature","properties":{"kind":"vegetation","name":null,"osm":"way/1328506721"},"geometry":{"type":"Polygon","coordinates":[[[-112.067072,33.505941],[-112.067071,33.505875],[-112.066992,33.505874],[-112.066992,33.505914],[-112.067023,33.505941],[-112.067072,33.505941]]]}},{"type":"Feature","properties":{"kind":"vegetation","name":null,"osm":"way/1330250164"},"geometry":{"type":"Polygon","coordinates":[[[-112.077059,33.461299],[-112.076906,33.461397],[-112.07676,33.461474],[-112.076676,33.461503],[-112.07666,33.461579],[-112.076657,33.461614],[-112.076666,33.461636],[-112.076725,33.461697],[-112.076799,33.461747],[-112.076866,33.461783],[-112.076905,33.461794],[-112.076987,33.461807],[-112.077058,33.461823],[-112.077086,33.461835],[-112.077109,33.461861],[-112.077105,33.461874],[-112.077067,33.461881],[-112.076972,33.461886],[-112.077145,33.46195],[-112.0772,33.461961],[-112.077256,33.461963],[-112.077307,33.461963],[-112.077358,33.461953],[-112.077455,33.461923],[-112.07752,33.461887],[-112.077551,33.461863],[-112.077602,33.461812],[-112.077639,33.46176],[-112.077666,33.461695],[-112.077677,33.461622],[-112.07767,33.461552],[-112.077656,33.461503],[-112.077638,33.461466],[-112.077608,33.461417],[-112.077566,33.461371],[-112.077516,33.461336],[-112.077455,33.4613],[-112.077377,33.461277],[-112.077299,33.461263],[-112.077238,33.461261],[-112.077173,33.461268],[-112.077128,33.461276],[-112.077059,33.461299]]]}},{"type":"Feature","properties":{"kind":"vegetation","name":null,"osm":"way/1330250165"},"geometry":{"type":"Polygon","coordinates":[[[-112.077186,33.462033],[-112.077186,33.462015],[-112.07719,33.462003],[-112.077194,33.461995],[-112.077201,33.461987],[-112.077241,33.461991],[-112.077249,33.462],[-112.077255,33.46201],[-112.077255,33.462019],[-112.077255,33.462033],[-112.077186,33.462033]]]}},{"type":"Feature","properties":{"kind":"vegetation","name":null,"osm":"way/1330250166"},"geometry":{"type":"Polygon","coordinates":[[[-112.076356,33.461694],[-112.076389,33.461699],[-112.076388,33.461667],[-112.076377,33.461638],[-112.076355,33.461609],[-112.076327,33.461583],[-112.07631,33.461567],[-112.076276,33.461554],[-112.07632,33.461588],[-112.076344,33.46162],[-112.076355,33.461651],[-112.076357,33.461679],[-112.076356,33.461694]]]}},{"type":"Feature","properties":{"kind":"vegetation","name":null,"osm":"way/1330250167"},"geometry":{"type":"Polygon","coordinates":[[[-112.076317,33.46176],[-112.076343,33.461777],[-112.076302,33.461803],[-112.076279,33.461812],[-112.076243,33.461819],[-112.076216,33.461819],[-112.076149,33.461813],[-112.076198,33.461807],[-112.076251,33.461795],[-112.076296,33.461775],[-112.076317,33.46176]]]}},{"type":"Feature","properties":{"kind":"vegetation","name":null,"osm":"way/1330339550"},"geometry":{"type":"Polygon","coordinates":[[[-112.076127,33.461251],[-112.076183,33.46121],[-112.076227,33.461198],[-112.076248,33.461199],[-112.076281,33.461205],[-112.076305,33.461215],[-112.07632,33.461227],[-112.076357,33.461271],[-112.076375,33.461304],[-112.076308,33.46128],[-112.076237,33.461265],[-112.076187,33.461259],[-112.076127,33.461251]]]}},{"type":"Feature","properties":{"kind":"vegetation","name":null,"osm":"way/1330339557"},"geometry":{"type":"Polygon","coordinates":[[[-112.075254,33.461902],[-112.075169,33.461888],[-112.075121,33.461872],[-112.075061,33.461837],[-112.074995,33.461794],[-112.075028,33.461762],[-112.075047,33.461752],[-112.075068,33.461748],[-112.075162,33.461745],[-112.075322,33.461747],[-112.075455,33.461764],[-112.075537,33.46178],[-112.075573,33.461788],[-112.075584,33.461795],[-112.075587,33.461805],[-112.075587,33.461823],[-112.07554,33.46183],[-112.075443,33.461861],[-112.075399,33.461877],[-112.07535,33.461893],[-112.075315,33.461899],[-112.075254,33.461902]]]}},{"type":"Feature","properties":{"kind":"vegetation","name":null,"osm":"way/1331545349"},"geometry":{"type":"Polygon","coordinates":[[[-112.079238,33.447886],[-112.079288,33.447886],[-112.079287,33.447987],[-112.07936,33.447987],[-112.07936,33.448016],[-112.079192,33.448018],[-112.079192,33.447967],[-112.079238,33.447966],[-112.079238,33.447886]]]}},{"type":"Feature","properties":{"kind":"vegetation","name":null,"osm":"way/1331545350"},"geometry":{"type":"Polygon","coordinates":[[[-112.079112,33.447728],[-112.079117,33.447993],[-112.079136,33.447993],[-112.079135,33.447948],[-112.07915,33.447948],[-112.079149,33.447888],[-112.079186,33.447888],[-112.079185,33.447848],[-112.079151,33.447848],[-112.079149,33.447763],[-112.079167,33.447763],[-112.079167,33.447727],[-112.079112,33.447728]]]}},{"type":"Feature","properties":{"kind":"vegetation","name":null,"osm":"way/1331545351"},"geometry":{"type":"Polygon","coordinates":[[[-112.079216,33.447789],[-112.079215,33.447679],[-112.079116,33.44768],[-112.079115,33.44766],[-112.079386,33.447659],[-112.079387,33.447779],[-112.079325,33.447779],[-112.079325,33.447729],[-112.079289,33.447729],[-112.079289,33.447789],[-112.079216,33.447789]]]}},{"type":"Feature","properties":{"kind":"vegetation","name":null,"osm":"way/1331545352"},"geometry":{"type":"Polygon","coordinates":[[[-112.079347,33.447789],[-112.079346,33.447942],[-112.079381,33.447942],[-112.079382,33.447789],[-112.079347,33.447789]]]}},{"type":"Feature","properties":{"kind":"vegetation","name":null,"osm":"way/1353722164"},"geometry":{"type":"Polygon","coordinates":[[[-112.027437,33.447245],[-112.027221,33.447331],[-112.027214,33.447331],[-112.027209,33.44733],[-112.027159,33.447235],[-112.027162,33.44723],[-112.027169,33.447227],[-112.027432,33.447229],[-112.027439,33.447231],[-112.027441,33.447238],[-112.027437,33.447245]]]}},{"type":"Feature","properties":{"kind":"vegetation","name":null,"osm":"way/1365656578"},"geometry":{"type":"Polygon","coordinates":[[[-112.098816,33.42939],[-112.098714,33.429427],[-112.097992,33.429469],[-112.097922,33.429506],[-112.097858,33.429502],[-112.097837,33.4295],[-112.097827,33.429481],[-112.09797,33.429418],[-112.097987,33.429418],[-112.098016,33.429396],[-112.098512,33.429382],[-112.098512,33.429397],[-112.098558,33.429397],[-112.098558,33.429383],[-112.098983,33.429376],[-112.099162,33.429364],[-112.099365,33.429353],[-112.099417,33.429356],[-112.0995,33.429372],[-112.099545,33.429387],[-112.099599,33.429421],[-112.099594,33.429434],[-112.099644,33.429487],[-112.099688,33.429562],[-112.099707,33.429702],[-112.099662,33.429702],[-112.099655,33.429581],[-112.099618,33.429527],[-112.099559,33.429474],[-112.099496,33.429449],[-112.099393,33.429417],[-112.099126,33.429409],[-112.099102,33.429375],[-112.098816,33.42939]]]}},{"type":"Feature","properties":{"kind":"vegetation","name":null,"osm":"way/1376626821"},"geometry":{"type":"Polygon","coordinates":[[[-112.041872,33.479468],[-112.041825,33.479487],[-112.041781,33.479513],[-112.041734,33.479561],[-112.041706,33.479603],[-112.041702,33.479627],[-112.041706,33.479665],[-112.041723,33.479695],[-112.041736,33.479712],[-112.041762,33.479727],[-112.041784,33.479735],[-112.04182,33.47974],[-112.04186,33.479737],[-112.041909,33.479721],[-112.041937,33.479702],[-112.041958,33.479683],[-112.041985,33.479648],[-112.042005,33.479614],[-112.042019,33.479568],[-112.042019,33.47955],[-112.042015,33.479532],[-112.042001,33.479499],[-112.041976,33.479476],[-112.04195,33.479467],[-112.041916,33.479464],[-112.041872,33.479468]]]}},{"type":"Feature","properties":{"kind":"vegetation","name":null,"osm":"way/1376626822"},"geometry":{"type":"Polygon","coordinates":[[[-112.041753,33.479807],[-112.041636,33.47974],[-112.041616,33.479793],[-112.041609,33.479856],[-112.041604,33.479941],[-112.04167,33.479883],[-112.041753,33.479807]]]}},{"type":"Feature","properties":{"kind":"vegetation","name":null,"osm":"way/1376626823"},"geometry":{"type":"Polygon","coordinates":[[[-112.042141,33.479764],[-112.042122,33.479762],[-112.042108,33.479759],[-112.042082,33.479741],[-112.042061,33.47972],[-112.042028,33.479738],[-112.042011,33.47975],[-112.042006,33.479757],[-112.042006,33.479765],[-112.042012,33.479773],[-112.042021,33.479776],[-112.042053,33.479776],[-112.042141,33.479778],[-112.042141,33.479764]]]}},{"type":"Feature","properties":{"kind":"vegetation","name":null,"osm":"way/1376626825"},"geometry":{"type":"Polygon","coordinates":[[[-112.042184,33.478391],[-112.042169,33.478397],[-112.042162,33.47841],[-112.042162,33.478422],[-112.042167,33.478433],[-112.042187,33.478442],[-112.042255,33.47846],[-112.042275,33.47846],[-112.042296,33.478459],[-112.042353,33.478449],[-112.042381,33.478447],[-112.042419,33.478446],[-112.042592,33.478446],[-112.042941,33.478448],[-112.042957,33.478443],[-112.042968,33.478436],[-112.042973,33.478424],[-112.042969,33.478411],[-112.042959,33.478398],[-112.042945,33.47839],[-112.042931,33.478386],[-112.0422,33.478389],[-112.042184,33.478391]]]}},{"type":"Feature","properties":{"kind":"vegetation","name":null,"osm":"way/1376626826"},"geometry":{"type":"Polygon","coordinates":[[[-112.042919,33.478768],[-112.042975,33.478769],[-112.042974,33.479021],[-112.042918,33.479021],[-112.042919,33.478768]]]}},{"type":"Feature","properties":{"kind":"vegetation","name":null,"osm":"way/1376626827"},"geometry":{"type":"Polygon","coordinates":[[[-112.042921,33.479044],[-112.042975,33.479044],[-112.04297,33.479177],[-112.04296,33.479187],[-112.042946,33.47919],[-112.042934,33.47919],[-112.042925,33.479186],[-112.042917,33.479174],[-112.042921,33.479044]]]}},{"type":"Feature","properties":{"kind":"vegetation","name":null,"osm":"way/1376626828"},"geometry":{"type":"Polygon","coordinates":[[[-112.042975,33.478748],[-112.042917,33.478749],[-112.042922,33.478596],[-112.042931,33.478589],[-112.042943,33.478589],[-112.04296,33.4786],[-112.042971,33.478611],[-112.042978,33.478622],[-112.042975,33.478748]]]}},{"type":"Feature","properties":{"kind":"vegetation","name":null,"osm":"way/1376626830"},"geometry":{"type":"Polygon","coordinates":[[[-112.042164,33.479815],[-112.041934,33.47982],[-112.041877,33.479829],[-112.041823,33.47985],[-112.041764,33.479888],[-112.041719,33.479928],[-112.041666,33.47999],[-112.041653,33.480051],[-112.041836,33.48007],[-112.041935,33.480064],[-112.042008,33.480045],[-112.042088,33.479993],[-112.042143,33.479926],[-112.042163,33.47987],[-112.042164,33.479815]]]}},{"type":"Feature","properties":{"kind":"vegetation","name":"Rio Salado Audubon Center","osm":"way/1422708963"},"geometry":{"type":"Polygon","coordinates":[[[-112.072731,33.418549],[-112.072878,33.418553],[-112.072928,33.41853],[-112.073163,33.418547],[-112.073195,33.418629],[-112.073178,33.418754],[-112.073159,33.418875],[-112.073134,33.419072],[-112.073093,33.41926],[-112.073064,33.419397],[-112.073061,33.419543],[-112.073086,33.419665],[-112.073106,33.419736],[-112.073112,33.419795],[-112.073078,33.419835],[-112.073007,33.419866],[-112.072488,33.419872],[-112.072407,33.419926],[-112.072333,33.419987],[-112.072281,33.420078],[-112.072242,33.420198],[-112.072189,33.420263],[-112.072124,33.420295],[-112.072049,33.420317],[-112.071973,33.420304],[-112.071648,33.420236],[-112.071535,33.420209],[-112.071334,33.420177],[-112.071037,33.420202],[-112.070894,33.420198],[-112.070886,33.420046],[-112.071068,33.419911],[-112.07122,33.419734],[-112.071253,33.419495],[-112.071292,33.419278],[-112.07132,33.419118],[-112.071295,33.418924],[-112.071267,33.418835],[-112.071443,33.418768],[-112.071539,33.418738],[-112.07159,33.418764],[-112.071689,33.418732],[-112.071737,33.418711],[-112.071804,33.418672],[-112.072039,33.418613],[-112.072207,33.418577],[-112.072368,33.418541],[-112.072556,33.418538],[-112.072693,33.418538],[-112.072731,33.418549]]]}},{"type":"Feature","properties":{"kind":"water","name":null,"osm":"way/1452644668"},"geometry":{"type":"Polygon","coordinates":[[[-112.0885,33.422033],[-112.08799,33.42197],[-112.087567,33.421894],[-112.087384,33.421778],[-112.087347,33.421599],[-112.087422,33.421388],[-112.087594,33.421155],[-112.087685,33.421008],[-112.087921,33.420981],[-112.088355,33.421093],[-112.088902,33.421326],[-112.089085,33.421473],[-112.089117,33.421635],[-112.089128,33.4218],[-112.089053,33.421894],[-112.0885,33.422033]]]}},{"type":"Feature","properties":{"kind":"vegetation","name":null,"osm":"way/1479081506"},"geometry":{"type":"Polygon","coordinates":[[[-112.069524,33.451664],[-112.069444,33.45164],[-112.069326,33.451616],[-112.069218,33.451608],[-112.069052,33.451622],[-112.069048,33.451644],[-112.068973,33.451659],[-112.068964,33.451675],[-112.068989,33.451697],[-112.068998,33.45169],[-112.069015,33.451687],[-112.069027,33.451691],[-112.069036,33.451699],[-112.069037,33.451709],[-112.069035,33.451721],[-112.069025,33.451735],[-112.068879,33.451854],[-112.068841,33.451886],[-112.068803,33.451901],[-112.068603,33.451899],[-112.068492,33.451902],[-112.06844,33.451858],[-112.068391,33.45194],[-112.068354,33.452031],[-112.068333,33.452134],[-112.068323,33.452241],[-112.068331,33.452303],[-112.068387,33.452271],[-112.068426,33.452258],[-112.068475,33.452256],[-112.068531,33.452259],[-112.068594,33.452156],[-112.068645,33.452103],[-112.068738,33.452058],[-112.06881,33.452044],[-112.06891,33.452047],[-112.068985,33.452074],[-112.069233,33.451981],[-112.069315,33.451931],[-112.06941,33.451856],[-112.069482,33.451759],[-112.069524,33.451664]]]}},{"type":"Feature","properties":{"kind":"water","name":null,"osm":"way/1479089273"},"geometry":{"type":"Polygon","coordinates":[[[-112.074113,33.422016],[-112.074108,33.42204],[-112.074061,33.422056],[-112.074015,33.422048],[-112.073977,33.422022],[-112.073916,33.421961],[-112.073876,33.421966],[-112.073874,33.422018],[-112.073862,33.422055],[-112.073845,33.422076],[-112.073789,33.422078],[-112.073731,33.422087],[-112.073715,33.422072],[-112.07368,33.422079],[-112.073621,33.422095],[-112.073569,33.4221],[-112.073547,33.422073],[-112.073502,33.422078],[-112.07348,33.42208],[-112.073014,33.421982],[-112.072938,33.421954],[-112.072881,33.421862],[-112.07283,33.421834],[-112.072807,33.421796],[-112.072921,33.421809],[-112.072989,33.421846],[-112.07305,33.421872],[-112.073118,33.421869],[-112.073079,33.42177],[-112.07288,33.421686],[-112.072775,33.421693],[-112.072674,33.421676],[-112.072589,33.421692],[-112.07244,33.421697],[-112.072272,33.421675],[-112.072115,33.421654],[-112.071791,33.421646],[-112.0717,33.421618],[-112.071232,33.421518],[-112.070883,33.421432],[-112.070672,33.421361],[-112.070255,33.421243],[-112.070241,33.421215],[-112.070237,33.421151],[-112.070424,33.421156],[-112.070636,33.42119],[-112.070762,33.421216],[-112.070859,33.421226],[-112.071268,33.421284],[-112.071351,33.421297],[-112.071515,33.421297],[-112.071642,33.42132],[-112.071761,33.421376],[-112.072013,33.4214],[-112.072091,33.421451],[-112.07233,33.421515],[-112.072437,33.421512],[-112.072627,33.421494],[-112.072821,33.421523],[-112.073009,33.421503],[-112.073495,33.42159],[-112.073556,33.421603],[-112.073624,33.421617],[-112.073659,33.421639],[-112.073625,33.421688],[-112.073598,33.421729],[-112.073594,33.421755],[-112.073634,33.421784],[-112.073675,33.42178],[-112.073703,33.421778],[-112.07374,33.421799],[-112.073793,33.421818],[-112.073836,33.421819],[-112.073887,33.421815],[-112.073956,33.421844],[-112.07404,33.421937],[-112.074113,33.422016]]]}},{"type":"Feature","properties":{"kind":"water","name":null,"osm":"way/1479092896"},"geometry":{"type":"Polygon","coordinates":[[[-112.074033,33.423821],[-112.073928,33.423809],[-112.073947,33.423744],[-112.073943,33.423691],[-112.073937,33.423654],[-112.073915,33.423599],[-112.073851,33.423625],[-112.073859,33.423596],[-112.073889,33.423571],[-112.073915,33.423547],[-112.073916,33.423503],[-112.073913,33.423438],[-112.074077,33.423435],[-112.074083,33.423517],[-112.074083,33.423559],[-112.074069,33.423625],[-112.074056,33.4237],[-112.074051,33.423751],[-112.074033,33.423821]]]}},{"type":"Feature","properties":{"kind":"water","name":null,"osm":"way/1479494376"},"geometry":{"type":"Polygon","coordinates":[[[-112.078692,33.427436],[-112.078759,33.427439],[-112.078807,33.427441],[-112.078825,33.427473],[-112.078831,33.427502],[-112.07883,33.427538],[-112.078829,33.427577],[-112.078832,33.427622],[-112.078832,33.427653],[-112.078825,33.427674],[-112.078807,33.427691],[-112.078787,33.427702],[-112.078762,33.427702],[-112.078723,33.4277],[-112.078682,33.427707],[-112.078644,33.427705],[-112.078609,33.427697],[-112.078576,33.427693],[-112.078524,33.427637],[-112.078502,33.427601],[-112.078489,33.427573],[-112.07849,33.427547],[-112.0785,33.427519],[-112.078494,33.4275],[-112.078492,33.427479],[-112.078488,33.427456],[-112.078496,33.427441],[-112.078542,33.427434],[-112.078584,33.42744],[-112.078621,33.427447],[-112.078692,33.427436]]]}},{"type":"Feature","properties":{"kind":"vegetation","name":"SVDP Urban Farm","osm":"way/1479497215"},"geometry":{"type":"Polygon","coordinates":[[[-112.085908,33.444623],[-112.085704,33.444622],[-112.085705,33.444357],[-112.085909,33.444358],[-112.085908,33.444623]]]}},{"type":"Feature","properties":{"kind":"vegetation","name":null,"osm":"way/1479502290"},"geometry":{"type":"Polygon","coordinates":[[[-112.090202,33.446666],[-112.090099,33.446666],[-112.090096,33.446658],[-112.090093,33.44665],[-112.090085,33.446645],[-112.09008,33.446643],[-112.09008,33.446534],[-112.0901,33.446527],[-112.090107,33.446522],[-112.090111,33.446514],[-112.090113,33.446507],[-112.090204,33.446506],[-112.090202,33.446666]]]}},{"type":"Feature","properties":{"kind":"vegetation","name":null,"osm":"way/1479502291"},"geometry":{"type":"Polygon","coordinates":[[[-112.090056,33.44664],[-112.090048,33.446647],[-112.090044,33.446655],[-112.090037,33.446667],[-112.089981,33.446667],[-112.089978,33.446511],[-112.090022,33.446511],[-112.090025,33.446516],[-112.090031,33.446523],[-112.090038,33.446528],[-112.090047,33.446532],[-112.090057,33.446534],[-112.090056,33.44664]]]}},{"type":"Feature","properties":{"kind":"water","name":null,"osm":"way/1479889053"},"geometry":{"type":"Polygon","coordinates":[[[-112.02416,33.417419],[-112.0239,33.417525],[-112.023706,33.41762],[-112.023395,33.417681],[-112.023038,33.417747],[-112.022933,33.417764],[-112.022859,33.417745],[-112.02279,33.417619],[-112.022657,33.417281],[-112.022749,33.417251],[-112.023094,33.41716],[-112.023353,33.41713],[-112.02368,33.417137],[-112.023778,33.417175],[-112.023948,33.41728],[-112.024087,33.41725],[-112.024455,33.417172],[-112.024942,33.417058],[-112.025927,33.416716],[-112.026841,33.416478],[-112.027312,33.416306],[-112.027617,33.416296],[-112.027811,33.416349],[-112.028188,33.416354],[-112.028564,33.416373],[-112.029035,33.416446],[-112.029614,33.416429],[-112.02964,33.416467],[-112.029643,33.416576],[-112.029562,33.416683],[-112.028515,33.416672],[-112.027502,33.416713],[-112.026966,33.416767],[-112.026373,33.416786],[-112.025663,33.41698],[-112.024851,33.417263],[-112.02416,33.417419]]]}},{"type":"Feature","properties":{"kind":"water","name":null,"osm":"way/1480437937"},"geometry":{"type":"Polygon","coordinates":[[[-112.081423,33.418556],[-112.081388,33.418574],[-112.081331,33.418575],[-112.081274,33.418581],[-112.081218,33.41855],[-112.081198,33.418535],[-112.081214,33.418513],[-112.08127,33.418494],[-112.081324,33.418471],[-112.081379,33.418459],[-112.081433,33.418477],[-112.081442,33.418495],[-112.081442,33.418525],[-112.081423,33.418556]]]}},{"type":"Feature","properties":{"kind":"vegetation","name":null,"osm":"way/1480450575"},"geometry":{"type":"Polygon","coordinates":[[[-112.024757,33.455786],[-112.024353,33.455785],[-112.024352,33.455619],[-112.024392,33.455619],[-112.024391,33.45554],[-112.024367,33.455505],[-112.024338,33.455489],[-112.02432,33.455486],[-112.024302,33.455492],[-112.024289,33.455518],[-112.024282,33.45554],[-112.024294,33.45557],[-112.024296,33.455592],[-112.024289,33.455607],[-112.024276,33.455618],[-112.024198,33.455618],[-112.02418,33.455618],[-112.023982,33.455617],[-112.023986,33.455132],[-112.024447,33.455135],[-112.024449,33.455196],[-112.024691,33.4554],[-112.024758,33.4554],[-112.024757,33.455786]]]}},{"type":"Feature","properties":{"kind":"vegetation","name":null,"osm":"way/1480455963"},"geometry":{"type":"Polygon","coordinates":[[[-112.047081,33.46671],[-112.047047,33.466708],[-112.04684,33.466709],[-112.046833,33.466712],[-112.046828,33.46672],[-112.046824,33.466734],[-112.046824,33.466758],[-112.046834,33.466798],[-112.046846,33.466832],[-112.046858,33.466848],[-112.046871,33.466855],[-112.046884,33.466858],[-112.046897,33.466859],[-112.046908,33.466856],[-112.046923,33.466848],[-112.047071,33.466757],[-112.047083,33.466744],[-112.047087,33.466736],[-112.047089,33.466725],[-112.047089,33.466718],[-112.047086,33.466714],[-112.047081,33.46671]]]}},{"type":"Feature","properties":{"kind":"vegetation","name":null,"osm":"way/1481275799"},"geometry":{"type":"Polygon","coordinates":[[[-112.097405,33.514291],[-112.097283,33.51413],[-112.09706,33.514285],[-112.097405,33.514291]]]}},{"type":"Feature","properties":{"kind":"vegetation","name":null,"osm":"way/1481275800"},"geometry":{"type":"Polygon","coordinates":[[[-112.097012,33.514282],[-112.097008,33.514161],[-112.09709,33.514229],[-112.097012,33.514282]]]}},{"type":"Feature","properties":{"kind":"vegetation","name":null,"osm":"way/1481275801"},"geometry":{"type":"Polygon","coordinates":[[[-112.096953,33.514112],[-112.09679,33.513973],[-112.096786,33.514106],[-112.096953,33.514112]]]}},{"type":"Feature","properties":{"kind":"vegetation","name":null,"osm":"way/1493992279"},"geometry":{"type":"Polygon","coordinates":[[[-112.008668,33.415138],[-112.008684,33.415145],[-112.008675,33.415163],[-112.008337,33.414909],[-112.008547,33.414712],[-112.008594,33.41472],[-112.008762,33.414755],[-112.008814,33.414769],[-112.008849,33.414783],[-112.008854,33.414792],[-112.008874,33.414843],[-112.008874,33.414852],[-112.008874,33.414858],[-112.008874,33.414866],[-112.008871,33.414875],[-112.00875,33.415037],[-112.008733,33.415031],[-112.008668,33.415138]]]}},{"type":"Feature","properties":{"kind":"water","name":null,"osm":"way/1494142620"},"geometry":{"type":"Polygon","coordinates":[[[-112.087074,33.474285],[-112.087062,33.474293],[-112.087048,33.474298],[-112.087032,33.474298],[-112.087017,33.474294],[-112.087005,33.474287],[-112.086996,33.474276],[-112.086992,33.474264],[-112.086992,33.474251],[-112.086998,33.474239],[-112.087014,33.474214],[-112.087005,33.47421],[-112.086999,33.474203],[-112.086996,33.474194],[-112.086996,33.474185],[-112.087,33.474177],[-112.087007,33.474171],[-112.087017,33.474166],[-112.087026,33.474165],[-112.087036,33.474166],[-112.087044,33.47417],[-112.087063,33.474144],[-112.087073,33.474134],[-112.087086,33.474127],[-112.087087,33.474127],[-112.087102,33.474125],[-112.087117,33.474126],[-112.087131,33.474132],[-112.087142,33.474142],[-112.087149,33.474153],[-112.08715,33.474166],[-112.087147,33.474179],[-112.087139,33.47419],[-112.087082,33.474274],[-112.087074,33.474285]]]}},{"type":"Feature","properties":{"kind":"vegetation","name":null,"osm":"way/1494142631"},"geometry":{"type":"Polygon","coordinates":[[[-112.088546,33.475013],[-112.088436,33.475054],[-112.088423,33.475062],[-112.088416,33.475072],[-112.088411,33.475085],[-112.08841,33.475098],[-112.088413,33.47511],[-112.088419,33.475122],[-112.088432,33.475139],[-112.088442,33.475145],[-112.088478,33.475167],[-112.088549,33.475209],[-112.088578,33.475229],[-112.088603,33.475251],[-112.088628,33.475275],[-112.088654,33.475304],[-112.088693,33.475345],[-112.088726,33.475373],[-112.088756,33.475392],[-112.088792,33.475412],[-112.088819,33.475432],[-112.088842,33.475455],[-112.088856,33.475478],[-112.088867,33.475502],[-112.088873,33.475529],[-112.088874,33.47556],[-112.088862,33.475599],[-112.088841,33.475638],[-112.088825,33.475662],[-112.088817,33.475695],[-112.088816,33.475705],[-112.088819,33.475715],[-112.088824,33.475725],[-112.088832,33.475735],[-112.088847,33.475745],[-112.08894,33.475788],[-112.08896,33.475759],[-112.088977,33.475739],[-112.089027,33.47568],[-112.089049,33.475651],[-112.089064,33.475627],[-112.089076,33.475601],[-112.089083,33.475578],[-112.089086,33.475562],[-112.089085,33.475546],[-112.089078,33.475528],[-112.089066,33.475507],[-112.08905,33.475482],[-112.089031,33.475457],[-112.089002,33.475427],[-112.088972,33.4754],[-112.088943,33.475377],[-112.088913,33.475357],[-112.088883,33.475342],[-112.088857,33.475329],[-112.088817,33.475311],[-112.088785,33.475292],[-112.088742,33.47526],[-112.088702,33.475229],[-112.088673,33.475201],[-112.088643,33.475173],[-112.088626,33.475151],[-112.088611,33.475129],[-112.088596,33.475103],[-112.088546,33.475013]]]}},{"type":"Feature","properties":{"kind":"vegetation","name":null,"osm":"way/1494142632"},"geometry":{"type":"Polygon","coordinates":[[[-112.088257,33.474701],[-112.088278,33.474717],[-112.088291,33.474738],[-112.088297,33.474762],[-112.088293,33.474785],[-112.08828,33.474807],[-112.08826,33.474824],[-112.088235,33.474835],[-112.088259,33.474891],[-112.088303,33.474986],[-112.088321,33.475019],[-112.088329,33.47503],[-112.088349,33.475044],[-112.088364,33.47505],[-112.088379,33.475055],[-112.088396,33.475058],[-112.088415,33.475058],[-112.088436,33.475054],[-112.088546,33.475013],[-112.0885,33.474914],[-112.088485,33.474877],[-112.088454,33.474789],[-112.088441,33.474752],[-112.088424,33.474698],[-112.088412,33.474659],[-112.088409,33.47465],[-112.088407,33.474641],[-112.088406,33.474623],[-112.088403,33.474611],[-112.088398,33.474603],[-112.088392,33.474598],[-112.088385,33.474593],[-112.088359,33.474579],[-112.088257,33.474701]]]}},{"type":"Feature","properties":{"kind":"vegetation","name":null,"osm":"way/1494142633"},"geometry":{"type":"Polygon","coordinates":[[[-112.088266,33.474795],[-112.08825,33.47481],[-112.08823,33.474819],[-112.088206,33.474823],[-112.088183,33.47482],[-112.088162,33.474812],[-112.088145,33.474797],[-112.088135,33.474779],[-112.088132,33.47476],[-112.088137,33.474741],[-112.088149,33.474724],[-112.088168,33.474711],[-112.08819,33.474704],[-112.088214,33.474703],[-112.088237,33.474709],[-112.088256,33.474721],[-112.08827,33.474737],[-112.088276,33.474756],[-112.088275,33.474776],[-112.088266,33.474795]]]}},{"type":"Feature","properties":{"kind":"vegetation","name":null,"osm":"way/1494142634"},"geometry":{"type":"Polygon","coordinates":[[[-112.088055,33.474928],[-112.08804,33.474914],[-112.088031,33.474909],[-112.088023,33.474906],[-112.088012,33.474907],[-112.087997,33.47491],[-112.087979,33.474912],[-112.087967,33.474913],[-112.087957,33.474912],[-112.087949,33.47491],[-112.087937,33.474906],[-112.088034,33.474758],[-112.088069,33.474773],[-112.088096,33.474731],[-112.088119,33.474741],[-112.088117,33.474745],[-112.088114,33.474767],[-112.08812,33.474789],[-112.088132,33.474809],[-112.088151,33.474824],[-112.088055,33.474928]]]}},{"type":"Feature","properties":{"kind":"vegetation","name":null,"osm":"way/1494156726"},"geometry":{"type":"Polygon","coordinates":[[[-112.087809,33.474901],[-112.087803,33.474906],[-112.087795,33.474908],[-112.087786,33.474909],[-112.087779,33.474909],[-112.087772,33.474908],[-112.087765,33.474907],[-112.087759,33.474905],[-112.087752,33.474901],[-112.087748,33.474898],[-112.087742,33.474893],[-112.087738,33.474887],[-112.087736,33.47488],[-112.087734,33.474869],[-112.087729,33.474855],[-112.087723,33.474843],[-112.087716,33.474835],[-112.087707,33.474825],[-112.087698,33.474817],[-112.087689,33.474806],[-112.087684,33.474795],[-112.087681,33.474784],[-112.087679,33.474773],[-112.08768,33.474761],[-112.087683,33.474747],[-112.087696,33.474702],[-112.087699,33.474696],[-112.087702,33.474692],[-112.087709,33.47469],[-112.087714,33.474689],[-112.087722,33.474689],[-112.087731,33.47469],[-112.087744,33.474691],[-112.087758,33.474691],[-112.087777,33.474689],[-112.087793,33.474686],[-112.087812,33.474681],[-112.087822,33.474678],[-112.087827,33.474677],[-112.087832,33.474678],[-112.087836,33.474679],[-112.087841,33.474683],[-112.087885,33.474742],[-112.08789,33.474753],[-112.087891,33.47476],[-112.087891,33.474767],[-112.087889,33.474774],[-112.087884,33.474785],[-112.087814,33.474895],[-112.087809,33.474901]]]}},{"type":"Feature","properties":{"kind":"vegetation","name":null,"osm":"way/1494156727"},"geometry":{"type":"Polygon","coordinates":[[[-112.087663,33.474478],[-112.087653,33.474471],[-112.087667,33.47446],[-112.087689,33.474449],[-112.087713,33.474443],[-112.087738,33.474441],[-112.087763,33.474443],[-112.087787,33.474449],[-112.087809,33.47446],[-112.087828,33.474474],[-112.087842,33.474491],[-112.087852,33.47451],[-112.087858,33.474531],[-112.087858,33.474552],[-112.087854,33.474566],[-112.087841,33.474564],[-112.08784,33.474515],[-112.087809,33.474475],[-112.087764,33.474455],[-112.087707,33.474456],[-112.087663,33.474478]]]}},{"type":"Feature","properties":{"kind":"vegetation","name":null,"osm":"way/1494156728"},"geometry":{"type":"Polygon","coordinates":[[[-112.087637,33.474516],[-112.087623,33.474513],[-112.087619,33.474531],[-112.087619,33.474551],[-112.087624,33.474572],[-112.087634,33.474591],[-112.087649,33.474608],[-112.087667,33.474622],[-112.087689,33.474632],[-112.087713,33.474639],[-112.087738,33.474641],[-112.087763,33.474639],[-112.087786,33.474633],[-112.087808,33.474622],[-112.08782,33.474613],[-112.087811,33.474605],[-112.087767,33.474626],[-112.087716,33.474627],[-112.087667,33.474607],[-112.087636,33.474566],[-112.087637,33.474516]]]}},{"type":"Feature","properties":{"kind":"vegetation","name":null,"osm":"way/1494156732"},"geometry":{"type":"Polygon","coordinates":[[[-112.087673,33.47496],[-112.08766,33.474964],[-112.08765,33.474968],[-112.087636,33.474972],[-112.087626,33.474975],[-112.087614,33.474978],[-112.087601,33.474983],[-112.087588,33.474989],[-112.087576,33.474995],[-112.087558,33.475008],[-112.087542,33.475019],[-112.087528,33.475026],[-112.087516,33.475029],[-112.087504,33.47503],[-112.08749,33.47503],[-112.087479,33.475027],[-112.087468,33.475023],[-112.08746,33.475016],[-112.087448,33.475002],[-112.087441,33.475012],[-112.087434,33.475019],[-112.087423,33.475026],[-112.087411,33.475031],[-112.087399,33.475035],[-112.087386,33.475036],[-112.087376,33.475036],[-112.087369,33.475035],[-112.087374,33.475064],[-112.087377,33.475071],[-112.087381,33.475077],[-112.087392,33.475089],[-112.087483,33.475069],[-112.087491,33.475069],[-112.087496,33.475069],[-112.087503,33.475072],[-112.087562,33.475117],[-112.087582,33.47513],[-112.0876,33.475137],[-112.087619,33.475141],[-112.087637,33.475141],[-112.08765,33.475139],[-112.087662,33.475135],[-112.087675,33.475129],[-112.087688,33.47512],[-112.087698,33.47511],[-112.087704,33.4751],[-112.087714,33.475077],[-112.087717,33.475066],[-112.087719,33.475057],[-112.087702,33.475061],[-112.087693,33.475027],[-112.087652,33.475034],[-112.087643,33.475001],[-112.087682,33.474993],[-112.087673,33.47496]]]}},{"type":"Feature","properties":{"kind":"vegetation","name":null,"osm":"way/1494156734"},"geometry":{"type":"Polygon","coordinates":[[[-112.088093,33.474556],[-112.087941,33.47455],[-112.087938,33.474565],[-112.087935,33.47458],[-112.087936,33.474587],[-112.087939,33.474593],[-112.087946,33.4746],[-112.088077,33.47466],[-112.088158,33.474699],[-112.088164,33.474696],[-112.088187,33.474689],[-112.088211,33.474688],[-112.088235,33.474691],[-112.088257,33.474701],[-112.088359,33.474579],[-112.088337,33.474567],[-112.088257,33.474514],[-112.088224,33.474493],[-112.088206,33.474478],[-112.088191,33.474466],[-112.088175,33.474451],[-112.088164,33.474435],[-112.088157,33.474419],[-112.088126,33.474354],[-112.088096,33.474295],[-112.088086,33.474271],[-112.088076,33.474249],[-112.088059,33.474225],[-112.08803,33.474187],[-112.088008,33.474157],[-112.088,33.474142],[-112.087996,33.474129],[-112.087993,33.474117],[-112.087989,33.474108],[-112.087954,33.47414],[-112.08795,33.474192],[-112.087918,33.474219],[-112.088011,33.474298],[-112.087985,33.474319],[-112.088003,33.474334],[-112.088018,33.474349],[-112.088036,33.474374],[-112.08806,33.474412],[-112.088079,33.47445],[-112.088091,33.474488],[-112.088095,33.474523],[-112.088093,33.474556]]]}},{"type":"Feature","properties":{"kind":"vegetation","name":null,"osm":"way/1494156735"},"geometry":{"type":"Polygon","coordinates":[[[-112.088038,33.474753],[-112.088022,33.474746],[-112.088013,33.474742],[-112.088004,33.474712],[-112.088034,33.474705],[-112.088046,33.474708],[-112.088096,33.474731],[-112.088069,33.474773],[-112.088034,33.474758],[-112.088038,33.474753]]]}},{"type":"Feature","properties":{"kind":"vegetation","name":null,"osm":"way/1494156745"},"geometry":{"type":"Polygon","coordinates":[[[-112.087389,33.474496],[-112.087327,33.474466],[-112.08734,33.474446],[-112.087419,33.474485],[-112.087412,33.474495],[-112.087389,33.474496]]]}},{"type":"Feature","properties":{"kind":"vegetation","name":null,"osm":"way/1494156746"},"geometry":{"type":"Polygon","coordinates":[[[-112.08729,33.474448],[-112.087152,33.47438],[-112.087165,33.474361],[-112.087303,33.474429],[-112.08729,33.474448]]]}},{"type":"Feature","properties":{"kind":"vegetation","name":null,"osm":"way/1494156750"},"geometry":{"type":"Polygon","coordinates":[[[-112.087453,33.474276],[-112.08744,33.474293],[-112.087527,33.474336],[-112.087504,33.474302],[-112.087453,33.474276]]]}},{"type":"Feature","properties":{"kind":"vegetation","name":null,"osm":"way/1494156751"},"geometry":{"type":"Polygon","coordinates":[[[-112.08741,33.474277],[-112.087421,33.474261],[-112.087284,33.474191],[-112.087271,33.474208],[-112.08741,33.474277]]]}},{"type":"Feature","properties":{"kind":"vegetation","name":null,"osm":"way/1494156765"},"geometry":{"type":"Polygon","coordinates":[[[-112.087651,33.474294],[-112.087625,33.474224],[-112.087554,33.474286],[-112.087575,33.474319],[-112.087651,33.474294]]]}},{"type":"Feature","properties":{"kind":"vegetation","name":null,"osm":"way/1494176386"},"geometry":{"type":"Polygon","coordinates":[[[-112.087234,33.474165],[-112.087203,33.474165],[-112.087202,33.474163],[-112.087189,33.474133],[-112.087165,33.474109],[-112.087133,33.474092],[-112.087095,33.474086],[-112.087058,33.47409],[-112.087041,33.474097],[-112.087026,33.474077],[-112.087013,33.474083],[-112.086995,33.474079],[-112.08696,33.474095],[-112.086951,33.47409],[-112.086889,33.474049],[-112.086841,33.474017],[-112.086863,33.473995],[-112.086871,33.473964],[-112.086882,33.473966],[-112.086926,33.473976],[-112.086966,33.473987],[-112.086995,33.473997],[-112.087019,33.474002],[-112.087042,33.474004],[-112.087071,33.474003],[-112.087107,33.473999],[-112.087132,33.473997],[-112.08716,33.473998],[-112.087198,33.473999],[-112.087259,33.474002],[-112.08729,33.474001],[-112.087321,33.473999],[-112.087342,33.473997],[-112.087369,33.473991],[-112.087402,33.473981],[-112.087442,33.47397],[-112.087491,33.473957],[-112.087513,33.473952],[-112.087532,33.47395],[-112.08755,33.473949],[-112.08757,33.47395],[-112.087596,33.473953],[-112.087627,33.473959],[-112.087655,33.473965],[-112.087681,33.473972],[-112.087709,33.473981],[-112.087737,33.473991],[-112.087766,33.474006],[-112.087815,33.474034],[-112.087848,33.474053],[-112.087864,33.474061],[-112.087876,33.474067],[-112.087887,33.474069],[-112.087901,33.474069],[-112.087917,33.474068],[-112.087927,33.474068],[-112.087938,33.474072],[-112.087966,33.474088],[-112.087929,33.47412],[-112.087887,33.474124],[-112.087847,33.474155],[-112.087698,33.474029],[-112.087658,33.474062],[-112.087697,33.474095],[-112.08766,33.474126],[-112.087694,33.474154],[-112.087647,33.474192],[-112.087644,33.474186],[-112.087643,33.474179],[-112.087641,33.474157],[-112.087559,33.474116],[-112.087494,33.474085],[-112.087427,33.474053],[-112.087419,33.474051],[-112.087411,33.47405],[-112.0874,33.47405],[-112.087318,33.474067],[-112.087305,33.474073],[-112.087295,33.474081],[-112.087234,33.474165]]]}},{"type":"Feature","properties":{"kind":"vegetation","name":null,"osm":"way/1494516371"},"geometry":{"type":"Polygon","coordinates":[[[-112.087687,33.474894],[-112.087559,33.47482],[-112.087568,33.474808],[-112.087598,33.474826],[-112.087696,33.474883],[-112.087687,33.474894]]]}},{"type":"Feature","properties":{"kind":"vegetation","name":null,"osm":"way/1494516372"},"geometry":{"type":"Polygon","coordinates":[[[-112.087504,33.474771],[-112.087491,33.474781],[-112.087392,33.474723],[-112.087401,33.474711],[-112.087473,33.474753],[-112.087504,33.474771]]]}},{"type":"Feature","properties":{"kind":"vegetation","name":null,"osm":"way/1494516375"},"geometry":{"type":"Polygon","coordinates":[[[-112.087392,33.475089],[-112.087381,33.475077],[-112.087377,33.475071],[-112.087374,33.475064],[-112.087369,33.475035],[-112.087353,33.475028],[-112.08734,33.475021],[-112.087331,33.475012],[-112.087326,33.475004],[-112.087322,33.474995],[-112.08732,33.474979],[-112.087323,33.474954],[-112.087325,33.474934],[-112.087325,33.474909],[-112.087317,33.474848],[-112.087313,33.474836],[-112.08731,33.474814],[-112.087308,33.474794],[-112.08731,33.474769],[-112.087313,33.474749],[-112.087317,33.474733],[-112.087325,33.474716],[-112.087334,33.474702],[-112.087348,33.47469],[-112.087363,33.47468],[-112.087379,33.474675],[-112.087397,33.47467],[-112.087415,33.474669],[-112.087436,33.474669],[-112.087456,33.47467],[-112.08748,33.474673],[-112.087498,33.474676],[-112.087517,33.474681],[-112.087566,33.474696],[-112.087528,33.474659],[-112.087506,33.474624],[-112.087488,33.474588],[-112.087485,33.474551],[-112.087485,33.474516],[-112.087524,33.474518],[-112.087524,33.474514],[-112.087464,33.474511],[-112.08741,33.474515],[-112.087409,33.474534],[-112.08741,33.474548],[-112.087409,33.474558],[-112.087406,33.474576],[-112.087403,33.474592],[-112.087395,33.474606],[-112.087383,33.474618],[-112.087368,33.474627],[-112.08735,33.474636],[-112.087334,33.474642],[-112.08732,33.474644],[-112.087306,33.474646],[-112.087292,33.474646],[-112.087277,33.474644],[-112.08726,33.474639],[-112.087244,33.474632],[-112.087229,33.474622],[-112.087216,33.474611],[-112.087117,33.474503],[-112.087041,33.474421],[-112.087034,33.474411],[-112.087031,33.474402],[-112.087027,33.474394],[-112.087103,33.474355],[-112.087086,33.474332],[-112.087069,33.474336],[-112.08704,33.474339],[-112.087012,33.474335],[-112.086985,33.474325],[-112.086962,33.474311],[-112.086945,33.474291],[-112.086934,33.474269],[-112.08693,33.474247],[-112.086906,33.474247],[-112.086907,33.474227],[-112.086894,33.474219],[-112.086895,33.474188],[-112.086888,33.474186],[-112.086872,33.474173],[-112.086862,33.474157],[-112.086858,33.47414],[-112.086862,33.474122],[-112.086873,33.474106],[-112.086889,33.474094],[-112.086908,33.474087],[-112.086845,33.474045],[-112.086775,33.474115],[-112.086754,33.474101],[-112.086741,33.474114],[-112.086666,33.474137],[-112.086723,33.474192],[-112.086752,33.474223],[-112.086781,33.47426],[-112.086804,33.474289],[-112.086865,33.474344],[-112.086893,33.474376],[-112.086916,33.474398],[-112.086935,33.474414],[-112.086968,33.474439],[-112.087026,33.474491],[-112.087064,33.474526],[-112.087097,33.474566],[-112.087148,33.47464],[-112.0872,33.474731],[-112.087213,33.474768],[-112.08722,33.474803],[-112.087223,33.474842],[-112.087224,33.474882],[-112.087224,33.474945],[-112.087226,33.474976],[-112.08723,33.474999],[-112.087236,33.475023],[-112.087243,33.475045],[-112.087263,33.475102],[-112.087303,33.475193],[-112.087347,33.475307],[-112.087352,33.475306],[-112.087359,33.475305],[-112.087369,33.475305],[-112.087378,33.475306],[-112.087388,33.475309],[-112.087399,33.475315],[-112.08741,33.475322],[-112.087418,33.475325],[-112.087428,33.475326],[-112.087437,33.475324],[-112.087471,33.475319],[-112.087566,33.475303],[-112.087575,33.4753],[-112.087582,33.475296],[-112.087624,33.475235],[-112.087629,33.475231],[-112.087689,33.475219],[-112.087696,33.475221],[-112.087747,33.47525],[-112.087774,33.47526],[-112.087786,33.475259],[-112.087801,33.475256],[-112.08782,33.475246],[-112.087834,33.475236],[-112.087847,33.475225],[-112.087861,33.475211],[-112.087871,33.475195],[-112.087882,33.475177],[-112.087893,33.475155],[-112.087902,33.47513],[-112.087958,33.475127],[-112.087957,33.475108],[-112.087961,33.47508],[-112.08797,33.475047],[-112.087983,33.475018],[-112.088002,33.47499],[-112.088034,33.47495],[-112.088011,33.474952],[-112.087985,33.474957],[-112.087962,33.474962],[-112.087947,33.474963],[-112.087936,33.474963],[-112.087926,33.47496],[-112.087908,33.474951],[-112.087892,33.474944],[-112.087856,33.474927],[-112.087803,33.474906],[-112.087795,33.474908],[-112.087786,33.474909],[-112.087779,33.474909],[-112.087772,33.474908],[-112.087765,33.474907],[-112.087759,33.474905],[-112.087752,33.474901],[-112.087748,33.474898],[-112.087742,33.474893],[-112.087738,33.474887],[-112.087741,33.474899],[-112.08774,33.474907],[-112.087737,33.474916],[-112.08773,33.474924],[-112.087749,33.474925],[-112.087769,33.474933],[-112.087785,33.474942],[-112.087803,33.474958],[-112.087812,33.474971],[-112.087816,33.474986],[-112.087816,33.474995],[-112.087813,33.475002],[-112.087808,33.475009],[-112.087803,33.475012],[-112.08779,33.475016],[-112.087774,33.47502],[-112.087763,33.475025],[-112.087749,33.475031],[-112.087736,33.475038],[-112.08774,33.475053],[-112.087719,33.475057],[-112.087717,33.475066],[-112.087714,33.475077],[-112.087704,33.4751],[-112.087698,33.47511],[-112.087688,33.47512],[-112.087675,33.475129],[-112.087662,33.475135],[-112.08765,33.475139],[-112.087637,33.475141],[-112.087619,33.475141],[-112.0876,33.475137],[-112.087582,33.47513],[-112.087562,33.475117],[-112.087503,33.475072],[-112.087496,33.475069],[-112.087491,33.475069],[-112.087483,33.475069],[-112.087392,33.475089]]]}},{"type":"Feature","properties":{"kind":"vegetation","name":null,"osm":"way/1509809652"},"geometry":{"type":"Polygon","coordinates":[[[-112.07289,33.419614],[-112.07288,33.419593],[-112.072862,33.419577],[-112.072838,33.419566],[-112.072812,33.419562],[-112.072786,33.419565],[-112.072762,33.419575],[-112.072742,33.419592],[-112.07273,33.419613],[-112.072728,33.419637],[-112.072734,33.419659],[-112.07275,33.419679],[-112.072772,33.419693],[-112.072799,33.4197],[-112.072827,33.419699],[-112.072854,33.419691],[-112.072874,33.419676],[-112.072887,33.419657],[-112.072893,33.419636],[-112.07289,33.419614]]]}},{"type":"Feature","properties":{"kind":"vegetation","name":null,"osm":"way/1518560858"},"geometry":{"type":"Polygon","coordinates":[[[-112.071455,33.464844],[-112.071387,33.464843],[-112.071383,33.464754],[-112.071457,33.464755],[-112.071455,33.464844]]]}},{"type":"Feature","properties":{"kind":"vegetation","name":null,"osm":"way/1528627052"},"geometry":{"type":"Polygon","coordinates":[[[-111.990477,33.445325],[-111.990488,33.445115],[-111.990466,33.445093],[-111.990414,33.445082],[-111.990358,33.445088],[-111.990348,33.445161],[-111.99038,33.445226],[-111.990401,33.445271],[-111.990416,33.445307],[-111.990415,33.445343],[-111.990425,33.44535],[-111.990454,33.445347],[-111.990477,33.445325]]]}},{"type":"Feature","properties":{"kind":"vegetation","name":null,"osm":"way/1528627053"},"geometry":{"type":"Polygon","coordinates":[[[-111.989718,33.446626],[-111.989213,33.446627],[-111.989107,33.446548],[-111.989059,33.446451],[-111.989056,33.446432],[-111.989164,33.44644],[-111.989264,33.446399],[-111.989371,33.446344],[-111.989511,33.446312],[-111.989737,33.446306],[-111.989736,33.446609],[-111.989718,33.446626]]]}},{"type":"Feature","properties":{"kind":"vegetation","name":null,"osm":"way/1533327498"},"geometry":{"type":"Polygon","coordinates":[[[-112.08462,33.495943],[-112.084675,33.495943],[-112.084659,33.496035],[-112.084617,33.496035],[-112.08462,33.495943]]]}},{"type":"Feature","properties":{"kind":"vegetation","name":null,"osm":"way/1533327499"},"geometry":{"type":"Polygon","coordinates":[[[-112.084633,33.495803],[-112.084699,33.49583],[-112.084686,33.495878],[-112.08468,33.495919],[-112.084624,33.495918],[-112.084633,33.495803]]]}},{"type":"Feature","properties":{"kind":"vegetation","name":null,"osm":"way/1535685387"},"geometry":{"type":"Polygon","coordinates":[[[-112.085983,33.439592],[-112.085605,33.439593],[-112.085608,33.440023],[-112.085984,33.44002],[-112.085983,33.439592]]]}},{"type":"Feature","properties":{"kind":"vegetation","name":null,"osm":"way/1535685388"},"geometry":{"type":"Polygon","coordinates":[[[-112.084978,33.440208],[-112.084784,33.440211],[-112.084779,33.43998],[-112.084973,33.439977],[-112.084978,33.440208]]]}},{"type":"Feature","properties":{"kind":"vegetation","name":null,"osm":"way/1535685389"},"geometry":{"type":"Polygon","coordinates":[[[-112.085213,33.44018],[-112.086058,33.440175],[-112.086122,33.440214],[-112.086227,33.440218],[-112.086271,33.440185],[-112.086273,33.440062],[-112.086236,33.440062],[-112.086234,33.439964],[-112.086151,33.439966],[-112.08615,33.440036],[-112.086132,33.440077],[-112.086104,33.440114],[-112.08606,33.440143],[-112.086011,33.440156],[-112.085556,33.44016],[-112.085498,33.440113],[-112.085456,33.440064],[-112.085444,33.440014],[-112.085441,33.439966],[-112.085209,33.439965],[-112.085213,33.44018]]]}},{"type":"Feature","properties":{"kind":"vegetation","name":null,"osm":"way/1535685390"},"geometry":{"type":"Polygon","coordinates":[[[-112.086425,33.439787],[-112.086178,33.439788],[-112.086169,33.439465],[-112.086102,33.439429],[-112.085955,33.439414],[-112.085516,33.439419],[-112.085432,33.439452],[-112.085365,33.439521],[-112.085364,33.439749],[-112.085213,33.439748],[-112.085217,33.439794],[-112.085442,33.439791],[-112.085442,33.439586],[-112.085467,33.439524],[-112.085519,33.439476],[-112.085609,33.439455],[-112.085989,33.439454],[-112.086066,33.439468],[-112.086123,33.439521],[-112.086147,33.439569],[-112.086151,33.439815],[-112.086421,33.439812],[-112.086425,33.439787]]]}},{"type":"Feature","properties":{"kind":"vegetation","name":null,"osm":"way/1535685391"},"geometry":{"type":"Polygon","coordinates":[[[-112.085037,33.439685],[-112.08484,33.439688],[-112.084787,33.439708],[-112.08478,33.439747],[-112.084783,33.439767],[-112.084808,33.439797],[-112.08499,33.439798],[-112.085019,33.439785],[-112.085038,33.439756],[-112.085037,33.439685]]]}},{"type":"Feature","properties":{"kind":"vegetation","name":null,"osm":"way/1543145954"},"geometry":{"type":"Polygon","coordinates":[[[-112.076632,33.4473],[-112.076643,33.447343],[-112.076638,33.447377],[-112.076618,33.447416],[-112.076567,33.447493],[-112.076564,33.447521],[-112.076567,33.447539],[-112.076585,33.447565],[-112.076604,33.447586],[-112.076636,33.447609],[-112.07659,33.447626],[-112.076608,33.447661],[-112.07657,33.447675],[-112.076566,33.447668],[-112.076534,33.447616],[-112.076513,33.447611],[-112.07649,33.447616],[-112.076479,33.447633],[-112.076479,33.447652],[-112.076498,33.447683],[-112.07646,33.447699],[-112.076293,33.447444],[-112.076371,33.44741],[-112.076452,33.447378],[-112.076538,33.447353],[-112.076528,33.447333],[-112.076632,33.4473]]]}},{"type":"Feature","properties":{"kind":"vegetation","name":null,"osm":"way/1543145965"},"geometry":{"type":"Polygon","coordinates":[[[-112.077361,33.447548],[-112.077371,33.447536],[-112.077374,33.447528],[-112.077376,33.447513],[-112.07737,33.447498],[-112.077356,33.447486],[-112.077337,33.447481],[-112.077313,33.447484],[-112.077292,33.447493],[-112.077276,33.447507],[-112.077269,33.447513],[-112.077258,33.447528],[-112.077252,33.447545],[-112.077248,33.447563],[-112.077179,33.447564],[-112.077179,33.447531],[-112.077108,33.447531],[-112.077108,33.447378],[-112.077149,33.447377],[-112.077515,33.447373],[-112.077516,33.447537],[-112.077482,33.447537],[-112.077454,33.447541],[-112.077427,33.447548],[-112.077402,33.447556],[-112.077385,33.447567],[-112.077361,33.447548]]]}},{"type":"Feature","properties":{"kind":"vegetation","name":null,"osm":"way/1543145990"},"geometry":{"type":"Polygon","coordinates":[[[-112.077271,33.447698],[-112.077271,33.447664],[-112.077233,33.447664],[-112.077233,33.447632],[-112.07721,33.447632],[-112.07721,33.447598],[-112.077151,33.447598],[-112.077151,33.44758],[-112.077108,33.44758],[-112.077108,33.447613],[-112.077127,33.447613],[-112.077127,33.447637],[-112.077151,33.447637],[-112.077151,33.447665],[-112.07717,33.447665],[-112.07717,33.447684],[-112.07723,33.447684],[-112.07723,33.447698],[-112.077271,33.447698]]]}},{"type":"Feature","properties":{"kind":"vegetation","name":null,"osm":"way/1543935655"},"geometry":{"type":"Polygon","coordinates":[[[-112.042915,33.458343],[-112.042312,33.458341],[-112.042311,33.458587],[-112.042161,33.458586],[-112.042163,33.458341],[-112.041658,33.458339],[-112.041658,33.458294],[-112.042915,33.458298],[-112.042915,33.458343]]]}},{"type":"Feature","properties":{"kind":"vegetation","name":null,"osm":"way/1543935657"},"geometry":{"type":"Polygon","coordinates":[[[-112.042514,33.45809],[-112.042268,33.458089],[-112.042269,33.457985],[-112.042426,33.457986],[-112.042426,33.458049],[-112.042514,33.458049],[-112.042514,33.45809]]]}},{"type":"Feature","properties":{"kind":"vegetation","name":null,"osm":"way/1545224885"},"geometry":{"type":"Polygon","coordinates":[[[-112.08906,33.414133],[-112.088748,33.414282],[-112.088655,33.414433],[-112.088556,33.414542],[-112.088462,33.414618],[-112.088397,33.414625],[-112.088374,33.414592],[-112.088386,33.414537],[-112.088349,33.414491],[-112.088291,33.414492],[-112.088091,33.414655],[-112.087597,33.414923],[-112.087356,33.415133],[-112.086909,33.415391],[-112.086443,33.415707],[-112.086114,33.415903],[-112.085553,33.41617],[-112.0853,33.416246],[-112.084914,33.41642],[-112.084661,33.416583],[-112.084571,33.416739],[-112.084466,33.41682],[-112.084021,33.417031],[-112.084093,33.41708],[-112.084124,33.417138],[-112.083925,33.417257],[-112.083917,33.417298],[-112.084051,33.417399],[-112.084117,33.417509],[-112.08425,33.417465],[-112.0846,33.417232],[-112.085005,33.417034],[-112.085091,33.416914],[-112.085132,33.416809],[-112.085214,33.416716],[-112.085443,33.41663],[-112.085551,33.416473],[-112.085649,33.416398],[-112.085786,33.416265],[-112.086141,33.416092],[-112.086305,33.415959],[-112.086384,33.415841],[-112.08653,33.415778],[-112.086707,33.415641],[-112.086919,33.415565],[-112.087218,33.415538],[-112.087479,33.415553],[-112.087798,33.415408],[-112.087987,33.415257],[-112.088107,33.415022],[-112.088192,33.414945],[-112.088382,33.414747],[-112.088547,33.414707],[-112.088753,33.414544],[-112.088908,33.414288],[-112.08906,33.414133]]]}},{"type":"Feature","properties":{"kind":"vegetation","name":null,"osm":"way/1545233295"},"geometry":{"type":"Polygon","coordinates":[[[-112.08765,33.417944],[-112.087777,33.418009],[-112.08783,33.418068],[-112.087879,33.41824],[-112.087906,33.418312],[-112.087906,33.418426],[-112.087952,33.418527],[-112.088029,33.418879],[-112.088031,33.419088],[-112.088091,33.41929],[-112.088088,33.419439],[-112.088113,33.419662],[-112.088138,33.419781],[-112.088214,33.420016],[-112.088231,33.420209],[-112.088217,33.420341],[-112.088144,33.420599],[-112.088038,33.420672],[-112.087956,33.420655],[-112.08792,33.420628],[-112.087904,33.420542],[-112.087915,33.420465],[-112.088014,33.420066],[-112.088032,33.419902],[-112.088021,33.419726],[-112.088001,33.419434],[-112.087909,33.418986],[-112.0879,33.418765],[-112.087819,33.418483],[-112.087767,33.418186],[-112.087721,33.418103],[-112.087572,33.418021],[-112.087555,33.417989],[-112.087385,33.417919],[-112.087201,33.417884],[-112.087121,33.417872],[-112.087093,33.417857],[-112.087081,33.417838],[-112.087199,33.41784],[-112.087337,33.417863],[-112.087436,33.417851],[-112.087576,33.417941],[-112.08765,33.417944]]]}},{"type":"Feature","properties":{"kind":"vegetation","name":null,"osm":"way/1545233298"},"geometry":{"type":"Polygon","coordinates":[[[-112.086261,33.417458],[-112.086377,33.4175],[-112.086363,33.417532],[-112.086267,33.41757],[-112.085977,33.41775],[-112.085666,33.417894],[-112.085495,33.417998],[-112.085073,33.418336],[-112.084805,33.418472],[-112.084506,33.418563],[-112.084091,33.418634],[-112.08394,33.418675],[-112.08381,33.418668],[-112.083607,33.418602],[-112.083665,33.418528],[-112.083732,33.418488],[-112.083858,33.418472],[-112.083944,33.418449],[-112.084585,33.418104],[-112.084668,33.418025],[-112.084767,33.417967],[-112.084961,33.417932],[-112.085087,33.417836],[-112.085225,33.417805],[-112.085335,33.417687],[-112.085561,33.41758],[-112.085765,33.417549],[-112.085942,33.41751],[-112.086118,33.417445],[-112.086211,33.41744],[-112.086261,33.417458]]]}},{"type":"Feature","properties":{"kind":"vegetation","name":null,"osm":"way/1545233301"},"geometry":{"type":"Polygon","coordinates":[[[-112.084237,33.419444],[-112.084178,33.419429],[-112.084181,33.419479],[-112.084237,33.419444]]]}},{"type":"Feature","properties":{"kind":"vegetation","name":null,"osm":"way/1545233303"},"geometry":{"type":"Polygon","coordinates":[[[-112.088537,33.416195],[-112.088313,33.416291],[-112.088182,33.416361],[-112.087943,33.416551],[-112.08776,33.416637],[-112.087797,33.416586],[-112.087823,33.416535],[-112.087768,33.416472],[-112.088017,33.416379],[-112.088178,33.416293],[-112.088259,33.416237],[-112.088537,33.416195]]]}},{"type":"Feature","properties":{"kind":"vegetation","name":null,"osm":"way/1545233304"},"geometry":{"type":"Polygon","coordinates":[[[-112.090477,33.415205],[-112.090511,33.41509],[-112.090557,33.415022],[-112.090682,33.414916],[-112.090383,33.415],[-112.090063,33.415176],[-112.089936,33.415275],[-112.089801,33.415332],[-112.089665,33.415465],[-112.089505,33.415615],[-112.089419,33.415678],[-112.089558,33.415592],[-112.089844,33.41536],[-112.089919,33.415334],[-112.089946,33.415349],[-112.089866,33.415388],[-112.089616,33.415598],[-112.089439,33.415712],[-112.08894,33.415997],[-112.088605,33.416205],[-112.088226,33.416385],[-112.088122,33.416464],[-112.088041,33.416554],[-112.087973,33.416601],[-112.087639,33.416751],[-112.087267,33.416944],[-112.087034,33.417149],[-112.0868,33.417318],[-112.086736,33.417359],[-112.086728,33.417406],[-112.086754,33.417444],[-112.086824,33.417495],[-112.087414,33.417672],[-112.087379,33.417584],[-112.087365,33.417573],[-112.087281,33.417571],[-112.087247,33.417557],[-112.087223,33.417524],[-112.087185,33.417516],[-112.087162,33.417489],[-112.087175,33.417448],[-112.087213,33.417425],[-112.087264,33.417446],[-112.08727,33.417477],[-112.087253,33.41752],[-112.087286,33.417544],[-112.087373,33.417547],[-112.087386,33.417541],[-112.087446,33.417481],[-112.087484,33.417463],[-112.087624,33.41743],[-112.087662,33.417404],[-112.087776,33.417274],[-112.087739,33.417071],[-112.087763,33.416972],[-112.0878,33.416918],[-112.090385,33.415486],[-112.09042,33.415431],[-112.090245,33.415466],[-112.090133,33.415554],[-112.089911,33.415658],[-112.089845,33.415665],[-112.089789,33.41573],[-112.088767,33.416297],[-112.088619,33.416402],[-112.088342,33.416544],[-112.088036,33.416742],[-112.087849,33.416837],[-112.087607,33.416981],[-112.087554,33.41699],[-112.08747,33.416981],[-112.087431,33.41696],[-112.087438,33.416933],[-112.087455,33.416922],[-112.087519,33.416901],[-112.087749,33.416766],[-112.087827,33.416718],[-112.088132,33.416577],[-112.088238,33.416517],[-112.088274,33.416476],[-112.08824,33.416435],[-112.088355,33.416369],[-112.08853,33.416296],[-112.088672,33.416213],[-112.088725,33.41624],[-112.088712,33.416275],[-112.088681,33.416266],[-112.08869,33.416288],[-112.088709,33.4163],[-112.088761,33.416272],[-112.088845,33.416204],[-112.088942,33.416179],[-112.089014,33.416109],[-112.089071,33.41608],[-112.089084,33.416045],[-112.089078,33.415998],[-112.089114,33.415971],[-112.089237,33.415908],[-112.089297,33.415911],[-112.089393,33.415865],[-112.089425,33.415886],[-112.089461,33.415876],[-112.089504,33.415837],[-112.089502,33.415811],[-112.089479,33.415762],[-112.089517,33.415718],[-112.08957,33.415712],[-112.089635,33.415763],[-112.08969,33.415747],[-112.089692,33.415731],[-112.089683,33.415707],[-112.089666,33.415672],[-112.089696,33.415632],[-112.089755,33.415615],[-112.089789,33.415611],[-112.089862,33.415577],[-112.089918,33.415534],[-112.090027,33.415475],[-112.090106,33.415391],[-112.090258,33.415334],[-112.090477,33.415205]]]}},{"type":"Feature","properties":{"kind":"vegetation","name":null,"osm":"way/1545233305"},"geometry":{"type":"Polygon","coordinates":[[[-112.086601,33.417331],[-112.086648,33.417318],[-112.086692,33.417283],[-112.086703,33.41722],[-112.086743,33.417169],[-112.086767,33.417124],[-112.086758,33.417097],[-112.086589,33.417189],[-112.086576,33.417239],[-112.086601,33.417331]]]}},{"type":"Feature","properties":{"kind":"vegetation","name":null,"osm":"way/1545233306"},"geometry":{"type":"Polygon","coordinates":[[[-112.086648,33.417318],[-112.086739,33.41729],[-112.086862,33.417205],[-112.0872,33.416947],[-112.087274,33.416872],[-112.087079,33.416962],[-112.086844,33.417049],[-112.086758,33.417097],[-112.086767,33.417124],[-112.086743,33.417169],[-112.086703,33.41722],[-112.086692,33.417283],[-112.086648,33.417318]]]}},{"type":"Feature","properties":{"kind":"vegetation","name":null,"osm":"way/1545233307"},"geometry":{"type":"Polygon","coordinates":[[[-112.086584,33.417484],[-112.086654,33.417479],[-112.086692,33.417491],[-112.086683,33.417539],[-112.086687,33.417575],[-112.086661,33.417632],[-112.086584,33.417484]]]}},{"type":"Feature","properties":{"kind":"vegetation","name":null,"osm":"way/1545233308"},"geometry":{"type":"Polygon","coordinates":[[[-112.088031,33.419088],[-112.088061,33.418931],[-112.088061,33.418851],[-112.088039,33.418598],[-112.087931,33.418253],[-112.087901,33.418115],[-112.087865,33.418029],[-112.087797,33.41794],[-112.087705,33.417903],[-112.087627,33.41789],[-112.087531,33.41786],[-112.087577,33.41783],[-112.087596,33.417776],[-112.087409,33.417702],[-112.087355,33.417674],[-112.086824,33.417533],[-112.086639,33.417436],[-112.08657,33.417435],[-112.086573,33.417464],[-112.086584,33.417484],[-112.086654,33.417479],[-112.086692,33.417491],[-112.086683,33.417539],[-112.086687,33.417575],[-112.086661,33.417632],[-112.086679,33.417682],[-112.086788,33.417748],[-112.086986,33.417738],[-112.087098,33.417767],[-112.087337,33.417863],[-112.087436,33.417851],[-112.087576,33.417941],[-112.08765,33.417944],[-112.087777,33.418009],[-112.08783,33.418068],[-112.087879,33.41824],[-112.087906,33.418312],[-112.087906,33.418426],[-112.087952,33.418527],[-112.088029,33.418879],[-112.088031,33.419088]]]}},{"type":"Feature","properties":{"kind":"vegetation","name":null,"osm":"way/1545233309"},"geometry":{"type":"Polygon","coordinates":[[[-112.087789,33.417322],[-112.087816,33.417478],[-112.087803,33.417592],[-112.087763,33.417692],[-112.087677,33.417789],[-112.087592,33.417739],[-112.087486,33.417694],[-112.087444,33.417652],[-112.08742,33.417603],[-112.087422,33.417557],[-112.087441,33.417526],[-112.087482,33.417494],[-112.087605,33.417467],[-112.087666,33.417435],[-112.087713,33.417391],[-112.087766,33.417325],[-112.087789,33.417322]]]}},{"type":"Feature","properties":{"kind":"vegetation","name":null,"osm":"way/1545233310"},"geometry":{"type":"Polygon","coordinates":[[[-112.086181,33.41873],[-112.086141,33.418694],[-112.086112,33.418611],[-112.085933,33.418646],[-112.085801,33.418703],[-112.085314,33.419078],[-112.085171,33.419151],[-112.085028,33.419264],[-112.084885,33.419337],[-112.084712,33.419407],[-112.084644,33.419423],[-112.08451,33.419388],[-112.08444,33.419388],[-112.084406,33.419407],[-112.084409,33.419438],[-112.084515,33.419522],[-112.085484,33.419103],[-112.085967,33.418807],[-112.086181,33.41873]]]}},{"type":"Feature","properties":{"kind":"vegetation","name":null,"osm":"way/1545233311"},"geometry":{"type":"Polygon","coordinates":[[[-112.08423,33.419491],[-112.084218,33.419564],[-112.084188,33.4196],[-112.084144,33.419631],[-112.084125,33.419627],[-112.084118,33.41961],[-112.084134,33.419549],[-112.08423,33.419491]]]}},{"type":"Feature","properties":{"kind":"vegetation","name":null,"osm":"way/1545233313"},"geometry":{"type":"Polygon","coordinates":[[[-112.082416,33.420077],[-112.082412,33.420011],[-112.082497,33.419995],[-112.082577,33.419967],[-112.082688,33.419902],[-112.082855,33.419745],[-112.082965,33.419686],[-112.083058,33.419674],[-112.083148,33.419693],[-112.083101,33.419712],[-112.083089,33.419813],[-112.08306,33.41987],[-112.083008,33.419846],[-112.082946,33.419854],[-112.082867,33.419837],[-112.082791,33.419872],[-112.082707,33.419983],[-112.082651,33.420024],[-112.082582,33.420029],[-112.082527,33.420069],[-112.082486,33.420086],[-112.082416,33.420077]]]}},{"type":"Feature","properties":{"kind":"vegetation","name":null,"osm":"way/1545233314"},"geometry":{"type":"Polygon","coordinates":[[[-112.08282,33.419715],[-112.08279,33.419739],[-112.082768,33.419722],[-112.082764,33.419669],[-112.082724,33.419653],[-112.082648,33.419695],[-112.082602,33.419689],[-112.082524,33.419732],[-112.082497,33.419745],[-112.08243,33.419745],[-112.082425,33.419716],[-112.082441,33.419707],[-112.082505,33.419687],[-112.082753,33.419559],[-112.082789,33.419537],[-112.08282,33.419715]]]}},{"type":"Feature","properties":{"kind":"vegetation","name":null,"osm":"way/1545233316"},"geometry":{"type":"Polygon","coordinates":[[[-112.08273,33.419437],[-112.082472,33.419482],[-112.08235,33.419519],[-112.082142,33.41962],[-112.082149,33.419655],[-112.082471,33.419586],[-112.082512,33.419598],[-112.082538,33.419584],[-112.082538,33.419536],[-112.082638,33.419475],[-112.08273,33.419437]]]}},{"type":"Feature","properties":{"kind":"vegetation","name":null,"osm":"way/1545233320"},"geometry":{"type":"Polygon","coordinates":[[[-112.087823,33.417903],[-112.087784,33.417878],[-112.087789,33.417825],[-112.087858,33.417721],[-112.087892,33.417628],[-112.087894,33.417533],[-112.087866,33.417353],[-112.087905,33.417302],[-112.087938,33.417565],[-112.087927,33.417659],[-112.087823,33.417903]]]}},{"type":"Feature","properties":{"kind":"vegetation","name":null,"osm":"way/1545233321"},"geometry":{"type":"Polygon","coordinates":[[[-112.087848,33.417049],[-112.087828,33.417096],[-112.087795,33.417116],[-112.087795,33.417042],[-112.087836,33.416962],[-112.087873,33.416923],[-112.088872,33.416356],[-112.090079,33.415726],[-112.090056,33.415775],[-112.090065,33.415833],[-112.089722,33.415998],[-112.089041,33.41636],[-112.088129,33.416929],[-112.087905,33.41701],[-112.087848,33.417049]]]}},{"type":"Feature","properties":{"kind":"vegetation","name":null,"osm":"way/1545233322"},"geometry":{"type":"Polygon","coordinates":[[[-112.083503,33.41757],[-112.083395,33.417677],[-112.083302,33.417736],[-112.083057,33.417853],[-112.082846,33.41789],[-112.082894,33.417953],[-112.082854,33.41802],[-112.082758,33.418093],[-112.08281,33.418173],[-112.082904,33.418188],[-112.082962,33.418147],[-112.083011,33.418035],[-112.083136,33.41792],[-112.083264,33.417834],[-112.083387,33.417812],[-112.083466,33.417786],[-112.083566,33.417735],[-112.083734,33.417692],[-112.08387,33.417617],[-112.08379,33.417584],[-112.083677,33.417567],[-112.083503,33.41757]]]}},{"type":"Feature","properties":{"kind":"water","name":null,"osm":"way/1545268957"},"geometry":{"type":"Polygon","coordinates":[[[-112.040047,33.417037],[-112.03983,33.417075],[-112.039637,33.417083],[-112.039139,33.417327],[-112.039065,33.417345],[-112.038967,33.417313],[-112.038843,33.417162],[-112.038763,33.417125],[-112.038306,33.417115],[-112.038126,33.417058],[-112.03772,33.417048],[-112.037574,33.416991],[-112.037207,33.417008],[-112.037062,33.416976],[-112.036831,33.416823],[-112.036543,33.416761],[-112.036164,33.416588],[-112.03587,33.416501],[-112.035565,33.416437],[-112.035322,33.416407],[-112.035005,33.416417],[-112.03467,33.416321],[-112.034308,33.416318],[-112.03395,33.416224],[-112.0336,33.416204],[-112.033209,33.416123],[-112.032474,33.416064],[-112.032337,33.416076],[-112.031854,33.416096],[-112.031582,33.41612],[-112.031667,33.416177],[-112.031674,33.416213],[-112.031593,33.416252],[-112.031403,33.416295],[-112.031144,33.4163],[-112.030941,33.416226],[-112.030514,33.416181],[-112.030404,33.416197],[-112.030402,33.416298],[-112.030379,33.416284],[-112.030363,33.416304],[-112.030369,33.416433],[-112.030373,33.416576],[-112.030403,33.416578],[-112.03042,33.416584],[-112.03043,33.416708],[-112.030434,33.416735],[-112.030507,33.416706],[-112.030792,33.416676],[-112.031173,33.416564],[-112.031307,33.416545],[-112.031623,33.416624],[-112.031798,33.416652],[-112.032009,33.416648],[-112.032187,33.416663],[-112.032243,33.416641],[-112.032251,33.416588],[-112.03214,33.416523],[-112.031816,33.416493],[-112.031731,33.416446],[-112.031708,33.416373],[-112.031811,33.416298],[-112.032063,33.416229],[-112.032233,33.416233],[-112.032503,33.416242],[-112.032863,33.416278],[-112.033278,33.416386],[-112.033615,33.416448],[-112.034232,33.416465],[-112.035019,33.416566],[-112.035349,33.416564],[-112.035699,33.416667],[-112.035941,33.416725],[-112.036342,33.41685],[-112.036738,33.417004],[-112.037052,33.417086],[-112.03732,33.417103],[-112.0375,33.417167],[-112.037718,33.417208],[-112.037775,33.417243],[-112.037796,33.41729],[-112.037718,33.417348],[-112.037713,33.417374],[-112.03777,33.417395],[-112.037837,33.417395],[-112.037901,33.417369],[-112.038004,33.417344],[-112.038158,33.417346],[-112.038248,33.417316],[-112.03829,33.417256],[-112.038416,33.41724],[-112.038611,33.417266],[-112.038694,33.417319],[-112.038719,33.417373],[-112.038905,33.417446],[-112.038988,33.417462],[-112.039087,33.417459],[-112.039141,33.41747],[-112.039281,33.417425],[-112.039411,33.41742],[-112.039595,33.417353],[-112.039681,33.417355],[-112.039776,33.417288],[-112.039896,33.417232],[-112.040094,33.417108],[-112.040354,33.417006],[-112.040526,33.416997],[-112.041149,33.416873],[-112.041359,33.416856],[-112.041537,33.416858],[-112.041659,33.416819],[-112.042044,33.416779],[-112.042213,33.41673],[-112.042426,33.416715],[-112.042486,33.416695],[-112.04245,33.416673],[-112.042228,33.416643],[-112.042192,33.416626],[-112.042299,33.416594],[-112.042375,33.416616],[-112.042561,33.41662],[-112.042612,33.416608],[-112.04259,33.416582],[-112.042494,33.416562],[-112.042556,33.416539],[-112.042614,33.416532],[-112.042956,33.416562],[-112.043182,33.416603],[-112.043373,33.416652],[-112.043571,33.416732],[-112.043755,33.416764],[-112.043916,33.416866],[-112.044974,33.417239],[-112.045155,33.417351],[-112.045691,33.417684],[-112.046062,33.417806],[-112.046144,33.417806],[-112.046128,33.417763],[-112.046167,33.417735],[-112.046193,33.417645],[-112.046239,33.417647],[-112.046478,33.417774],[-112.046538,33.417851],[-112.046746,33.417949],[-112.046787,33.41791],[-112.046763,33.417843],[-112.046642,33.417752],[-112.046467,33.417636],[-112.046162,33.417537],[-112.045409,33.417186],[-112.044976,33.417045],[-112.044336,33.416773],[-112.043687,33.416597],[-112.043171,33.416515],[-112.042709,33.416476],[-112.042519,33.416431],[-112.042321,33.416454],[-112.042149,33.416439],[-112.042051,33.416476],[-112.04177,33.416454],[-112.041651,33.416511],[-112.041455,33.416548],[-112.04134,33.416543],[-112.041201,33.416567],[-112.041052,33.416565],[-112.040877,33.416639],[-112.040753,33.416741],[-112.040623,33.416741],[-112.040519,33.416755],[-112.040454,33.416805],[-112.0403,33.41683],[-112.040178,33.416931],[-112.040073,33.416948],[-112.040012,33.416988],[-112.040043,33.417017],[-112.040047,33.417037]]]}},{"type":"Feature","properties":{"kind":"vegetation","name":null,"osm":"way/1545268958"},"geometry":{"type":"Polygon","coordinates":[[[-112.037431,33.417753],[-112.036284,33.41771],[-112.035965,33.417718],[-112.03407,33.417706],[-112.033121,33.417684],[-112.032825,33.417671],[-112.031052,33.417439],[-112.031087,33.417252],[-112.031183,33.417234],[-112.031342,33.417277],[-112.031543,33.417236],[-112.031719,33.417254],[-112.032009,33.417191],[-112.032146,33.417195],[-112.032311,33.417221],[-112.032362,33.417197],[-112.032329,33.41717],[-112.032105,33.417154],[-112.031965,33.417096],[-112.031815,33.417092],[-112.031605,33.416991],[-112.031306,33.417031],[-112.03121,33.416982],[-112.031161,33.416904],[-112.031143,33.416749],[-112.031197,33.416684],[-112.031628,33.416663],[-112.032248,33.416705],[-112.032824,33.416753],[-112.033554,33.416881],[-112.034644,33.417195],[-112.035239,33.417295],[-112.035844,33.41729],[-112.036215,33.417395],[-112.036637,33.417391],[-112.037205,33.417528],[-112.037287,33.417674],[-112.037431,33.417753]]]}},{"type":"Feature","properties":{"kind":"vegetation","name":null,"osm":"way/1545268960"},"geometry":{"type":"Polygon","coordinates":[[[-112.031087,33.417252],[-112.031183,33.417234],[-112.031342,33.417277],[-112.031543,33.417236],[-112.031719,33.417254],[-112.032009,33.417191],[-112.032146,33.417195],[-112.032311,33.417221],[-112.032362,33.417197],[-112.032329,33.41717],[-112.032105,33.417154],[-112.031965,33.417096],[-112.031815,33.417092],[-112.031605,33.416991],[-112.031306,33.417031],[-112.03121,33.416982],[-112.031161,33.416904],[-112.031087,33.417252]]]}},{"type":"Feature","properties":{"kind":"vegetation","name":null,"osm":"way/1545268961"},"geometry":{"type":"Polygon","coordinates":[[[-112.030364,33.416783],[-112.030435,33.416866],[-112.030456,33.416921],[-112.030458,33.417031],[-112.030418,33.417202],[-112.030563,33.417311],[-112.030774,33.417381],[-112.030906,33.417398],[-112.030964,33.417191],[-112.031,33.416975],[-112.031024,33.416783],[-112.031004,33.416719],[-112.030941,33.41673],[-112.030737,33.416803],[-112.030625,33.416811],[-112.030364,33.416783]]]}},{"type":"Feature","properties":{"kind":"vegetation","name":null,"osm":"way/1545268963"},"geometry":{"type":"Polygon","coordinates":[[[-112.046822,33.417543],[-112.047621,33.417687],[-112.047574,33.416928],[-112.046951,33.416842],[-112.045986,33.416734],[-112.045803,33.416734],[-112.045738,33.416784],[-112.045738,33.416878],[-112.045825,33.416993],[-112.045938,33.41711],[-112.046036,33.4171],[-112.046151,33.417131],[-112.04632,33.417229],[-112.046409,33.417335],[-112.046552,33.417422],[-112.046756,33.417496],[-112.046822,33.417543]]]}},{"type":"Feature","properties":{"kind":"vegetation","name":null,"osm":"way/1545268964"},"geometry":{"type":"Polygon","coordinates":[[[-112.047655,33.418946],[-112.047351,33.418898],[-112.047218,33.418896],[-112.047126,33.418915],[-112.046735,33.418736],[-112.046548,33.418696],[-112.046429,33.418694],[-112.046238,33.418704],[-112.04619,33.41869],[-112.045807,33.418448],[-112.045738,33.418319],[-112.045627,33.418235],[-112.045509,33.418194],[-112.045104,33.418153],[-112.044856,33.418107],[-112.044257,33.417977],[-112.044258,33.417941],[-112.044397,33.417741],[-112.04444,33.417611],[-112.044446,33.417587],[-112.04444,33.417542],[-112.044532,33.417566],[-112.045389,33.417916],[-112.04605,33.418191],[-112.04613,33.418243],[-112.046292,33.418397],[-112.046555,33.418542],[-112.046842,33.418661],[-112.047293,33.41881],[-112.047655,33.418946]]]}},{"type":"Feature","properties":{"kind":"vegetation","name":null,"osm":"way/1545268965"},"geometry":{"type":"Polygon","coordinates":[[[-112.04411,33.41794],[-112.044147,33.417904],[-112.044322,33.417549],[-112.04437,33.417524],[-112.043762,33.417364],[-112.043107,33.417304],[-112.042698,33.417248],[-112.04171,33.417087],[-112.041546,33.417084],[-112.041466,33.41713],[-112.042667,33.417372],[-112.04292,33.417471],[-112.043172,33.417641],[-112.043334,33.417716],[-112.043931,33.417898],[-112.04411,33.41794]]]}},{"type":"Feature","properties":{"kind":"vegetation","name":null,"osm":"way/1545268967"},"geometry":{"type":"Polygon","coordinates":[[[-112.044243,33.417913],[-112.04429,33.41782],[-112.04434,33.417761],[-112.044383,33.417665],[-112.044386,33.417637],[-112.044358,33.417622],[-112.044334,33.417627],[-112.044311,33.417653],[-112.044266,33.417745],[-112.044191,33.417888],[-112.044204,33.417911],[-112.044222,33.417922],[-112.044243,33.417913]]]}},{"type":"Feature","properties":{"kind":"vegetation","name":null,"osm":"way/1545268971"},"geometry":{"type":"Polygon","coordinates":[[[-112.047744,33.419216],[-112.047779,33.41955],[-112.047449,33.419476],[-112.047432,33.419422],[-112.047432,33.419353],[-112.047401,33.41931],[-112.04728,33.419263],[-112.047152,33.419249],[-112.047058,33.419248],[-112.046531,33.418886],[-112.046417,33.41883],[-112.046413,33.418782],[-112.046439,33.418736],[-112.046471,33.418732],[-112.046637,33.418753],[-112.046763,33.418797],[-112.047164,33.418981],[-112.047379,33.419109],[-112.047744,33.419216]]]}},{"type":"Feature","properties":{"kind":"vegetation","name":null,"osm":"way/1545268972"},"geometry":{"type":"Polygon","coordinates":[[[-112.047449,33.419476],[-112.047058,33.419248],[-112.047152,33.419249],[-112.04728,33.419263],[-112.047401,33.41931],[-112.047432,33.419353],[-112.047432,33.419422],[-112.047449,33.419476]]]}},{"type":"Feature","properties":{"kind":"vegetation","name":null,"osm":"way/1545268974"},"geometry":{"type":"Polygon","coordinates":[[[-112.045437,33.41841],[-112.045103,33.418397],[-112.044616,33.418387],[-112.044484,33.418372],[-112.044259,33.418284],[-112.044195,33.418267],[-112.044073,33.418279],[-112.044016,33.418268],[-112.043827,33.418187],[-112.04358,33.418115],[-112.043361,33.418056],[-112.043001,33.418014],[-112.04274,33.418011],[-112.042621,33.417993],[-112.042454,33.417957],[-112.042178,33.41788],[-112.042274,33.417876],[-112.042365,33.417847],[-112.042462,33.417875],[-112.042577,33.417928],[-112.042671,33.417941],[-112.042764,33.417932],[-112.0428,33.417909],[-112.04284,33.417902],[-112.042871,33.417923],[-112.042911,33.417959],[-112.042956,33.417974],[-112.043006,33.41798],[-112.04339,33.418028],[-112.043823,33.418126],[-112.043951,33.418192],[-112.044017,33.418193],[-112.044053,33.418176],[-112.044072,33.418155],[-112.044068,33.418127],[-112.043951,33.418099],[-112.043775,33.418042],[-112.043459,33.417953],[-112.043402,33.417946],[-112.043336,33.417891],[-112.043286,33.417876],[-112.043187,33.417921],[-112.043134,33.417919],[-112.043131,33.417901],[-112.043147,33.41788],[-112.043203,33.417853],[-112.043235,33.41781],[-112.043237,33.417788],[-112.04321,33.417763],[-112.043199,33.417733],[-112.043753,33.417914],[-112.044231,33.41805],[-112.045066,33.418209],[-112.045492,33.41827],[-112.045602,33.418311],[-112.045623,33.41834],[-112.04563,33.418382],[-112.045608,33.418366],[-112.045274,33.418307],[-112.045142,33.418291],[-112.045119,33.418319],[-112.045107,33.418347],[-112.045119,33.418358],[-112.045153,33.418368],[-112.045305,33.418385],[-112.045437,33.41841]]]}},{"type":"Feature","properties":{"kind":"vegetation","name":null,"osm":"way/1545268975"},"geometry":{"type":"Polygon","coordinates":[[[-112.04292,33.417629],[-112.042797,33.417595],[-112.042784,33.417629],[-112.042573,33.41758],[-112.042352,33.417556],[-112.042249,33.417553],[-112.042245,33.417511],[-112.042096,33.417513],[-112.041887,33.417528],[-112.041759,33.417543],[-112.041651,33.417571],[-112.041559,33.417627],[-112.041585,33.417645],[-112.041651,33.417643],[-112.04173,33.417693],[-112.0418,33.417661],[-112.041881,33.417641],[-112.041963,33.417596],[-112.042002,33.417609],[-112.042029,33.417638],[-112.041982,33.417669],[-112.041925,33.417671],[-112.041889,33.417694],[-112.041837,33.417752],[-112.041913,33.417758],[-112.041971,33.417707],[-112.042044,33.417673],[-112.042066,33.41772],[-112.042081,33.417755],[-112.042106,33.417766],[-112.04211,33.417789],[-112.042155,33.417791],[-112.042255,33.41776],[-112.042298,33.417705],[-112.042358,33.417686],[-112.042422,33.417684],[-112.042455,33.417656],[-112.04251,33.417645],[-112.042552,33.417653],[-112.042709,33.417705],[-112.042779,33.417692],[-112.042864,33.417706],[-112.042918,33.4177],[-112.042937,33.417683],[-112.04292,33.417629]]]}},{"type":"Feature","properties":{"kind":"vegetation","name":null,"osm":"way/1545268976"},"geometry":{"type":"Polygon","coordinates":[[[-112.04211,33.417789],[-112.042062,33.417831],[-112.042007,33.417797],[-112.041913,33.417758],[-112.041971,33.417707],[-112.042044,33.417673],[-112.042066,33.41772],[-112.042081,33.417755],[-112.042106,33.417766],[-112.04211,33.417789]]]}},{"type":"Feature","properties":{"kind":"vegetation","name":null,"osm":"way/1545268977"},"geometry":{"type":"Polygon","coordinates":[[[-112.042272,33.417996],[-112.042196,33.418009],[-112.042089,33.41799],[-112.042052,33.417998],[-112.042083,33.41803],[-112.04215,33.418059],[-112.04222,33.418056],[-112.042253,33.418045],[-112.042271,33.418021],[-112.042272,33.417996]]]}},{"type":"Feature","properties":{"kind":"vegetation","name":null,"osm":"way/1545268978"},"geometry":{"type":"Polygon","coordinates":[[[-112.041568,33.418088],[-112.043059,33.418151],[-112.043358,33.418187],[-112.043575,33.418231],[-112.043829,33.418293],[-112.043963,33.418339],[-112.043978,33.41833],[-112.044028,33.418345],[-112.044038,33.418331],[-112.043766,33.418235],[-112.043437,33.418141],[-112.043204,33.418089],[-112.042981,33.418064],[-112.042654,33.41806],[-112.042504,33.418043],[-112.042331,33.417996],[-112.042272,33.417996],[-112.042271,33.418021],[-112.042253,33.418045],[-112.04222,33.418056],[-112.04215,33.418059],[-112.042083,33.41803],[-112.042052,33.417998],[-112.042014,33.417942],[-112.042009,33.417851],[-112.041965,33.417815],[-112.041862,33.417804],[-112.041781,33.417795],[-112.041762,33.417815],[-112.041715,33.417871],[-112.041626,33.417886],[-112.041552,33.41787],[-112.041496,33.417844],[-112.041464,33.417808],[-112.04145,33.417772],[-112.041385,33.41776],[-112.041379,33.417796],[-112.041385,33.417834],[-112.041418,33.41792],[-112.041485,33.417969],[-112.041548,33.418022],[-112.041569,33.418063],[-112.041568,33.418088]]]}},{"type":"Feature","properties":{"kind":"vegetation","name":null,"osm":"way/1545268979"},"geometry":{"type":"Polygon","coordinates":[[[-112.042649,33.417885],[-112.042675,33.417882],[-112.042683,33.417863],[-112.042673,33.417836],[-112.042654,33.41783],[-112.042628,33.417832],[-112.042615,33.417843],[-112.042607,33.417859],[-112.042616,33.417879],[-112.042649,33.417885]]]}},{"type":"Feature","properties":{"kind":"vegetation","name":null,"osm":"way/1545268980"},"geometry":{"type":"Polygon","coordinates":[[[-112.042543,33.417843],[-112.042555,33.417831],[-112.042556,33.417816],[-112.042546,33.417799],[-112.042539,33.417774],[-112.042527,33.417763],[-112.042501,33.417767],[-112.042479,33.417777],[-112.042471,33.417793],[-112.042473,33.41781],[-112.042482,33.417826],[-112.042506,33.417842],[-112.042543,33.417843]]]}},{"type":"Feature","properties":{"kind":"vegetation","name":null,"osm":"way/1545268983"},"geometry":{"type":"Polygon","coordinates":[[[-112.042278,33.417373],[-112.041975,33.417291],[-112.041424,33.417181],[-112.041115,33.417141],[-112.04092,33.417141],[-112.040844,33.417159],[-112.040688,33.417244],[-112.040626,33.417254],[-112.040571,33.41725],[-112.040517,33.417265],[-112.040576,33.417265],[-112.040615,33.417307],[-112.040611,33.417362],[-112.040598,33.417391],[-112.040534,33.417426],[-112.040485,33.417432],[-112.040425,33.417381],[-112.040378,33.417384],[-112.040292,33.417328],[-112.040203,33.417359],[-112.04011,33.417414],[-112.040065,33.417478],[-112.04006,33.417558],[-112.040065,33.417612],[-112.040072,33.417687],[-112.040052,33.417744],[-112.039963,33.417837],[-112.039896,33.417996],[-112.039836,33.418036],[-112.039814,33.41804],[-112.039811,33.418152],[-112.039927,33.418112],[-112.040024,33.418055],[-112.04014,33.417965],[-112.040308,33.417886],[-112.040284,33.417868],[-112.040182,33.417856],[-112.040149,33.417831],[-112.04012,33.417815],[-112.040117,33.417792],[-112.040136,33.417768],[-112.040165,33.417769],[-112.040187,33.417795],[-112.040184,33.417823],[-112.040198,33.41784],[-112.04029,33.417856],[-112.04033,33.417877],[-112.040512,33.417805],[-112.040612,33.417782],[-112.040878,33.417781],[-112.040937,33.417791],[-112.04111,33.417792],[-112.04113,33.417781],[-112.041129,33.417764],[-112.041099,33.417682],[-112.041102,33.417643],[-112.041131,33.417607],[-112.041175,33.417588],[-112.041227,33.417581],[-112.04125,33.417575],[-112.041278,33.417544],[-112.041285,33.41753],[-112.041265,33.417506],[-112.041259,33.41747],[-112.041282,33.417442],[-112.04133,33.41744],[-112.041357,33.417464],[-112.041359,33.417503],[-112.041343,33.417525],[-112.041302,33.417538],[-112.041271,33.417575],[-112.04124,33.417592],[-112.041166,33.417606],[-112.041137,33.417623],[-112.041125,33.417643],[-112.041129,33.417692],[-112.041146,33.417755],[-112.041151,33.417796],[-112.041218,33.417797],[-112.041274,33.417788],[-112.041284,33.417772],[-112.041396,33.417652],[-112.041518,33.417567],[-112.041802,33.417493],[-112.042038,33.417468],[-112.042321,33.41746],[-112.042218,33.417442],[-112.042053,33.417429],[-112.042008,33.417414],[-112.041958,33.417395],[-112.041951,33.417377],[-112.041941,33.417365],[-112.041948,33.417355],[-112.042123,33.417354],[-112.042278,33.417373]]]}},{"type":"Feature","properties":{"kind":"vegetation","name":null,"osm":"way/1545268984"},"geometry":{"type":"Polygon","coordinates":[[[-112.041241,33.417843],[-112.04127,33.417865],[-112.041286,33.417939],[-112.041247,33.417975],[-112.04119,33.417989],[-112.040813,33.418001],[-112.040687,33.418016],[-112.040553,33.418092],[-112.04039,33.418117],[-112.040249,33.41811],[-112.04015,33.418127],[-112.040091,33.418124],[-112.040064,33.418103],[-112.040285,33.417966],[-112.040547,33.41787],[-112.040675,33.417844],[-112.041241,33.417843]]]}},{"type":"Feature","properties":{"kind":"vegetation","name":null,"osm":"way/1545268985"},"geometry":{"type":"Polygon","coordinates":[[[-112.041176,33.418099],[-112.041091,33.418099],[-112.040973,33.418107],[-112.040844,33.418127],[-112.040679,33.418171],[-112.040535,33.418196],[-112.040399,33.4182],[-112.040275,33.418231],[-112.040157,33.418231],[-112.040036,33.418265],[-112.039944,33.418297],[-112.041176,33.418099]]]}},{"type":"Feature","properties":{"kind":"vegetation","name":null,"osm":"way/1545268986"},"geometry":{"type":"Polygon","coordinates":[[[-112.039814,33.41804],[-112.039811,33.417986],[-112.039783,33.417947],[-112.039745,33.417926],[-112.039665,33.417932],[-112.039675,33.417883],[-112.039703,33.417844],[-112.03971,33.417769],[-112.039689,33.417713],[-112.039704,33.417635],[-112.039721,33.417551],[-112.039739,33.417545],[-112.039754,33.417649],[-112.039789,33.417672],[-112.039854,33.417672],[-112.040023,33.417641],[-112.040065,33.417612],[-112.040072,33.417687],[-112.040052,33.417744],[-112.039963,33.417837],[-112.039896,33.417996],[-112.039836,33.418036],[-112.039814,33.41804]]]}},{"type":"Feature","properties":{"kind":"vegetation","name":null,"osm":"way/1545268987"},"geometry":{"type":"Polygon","coordinates":[[[-112.040615,33.417307],[-112.040576,33.417265],[-112.040517,33.417265],[-112.040406,33.417285],[-112.040292,33.417328],[-112.040378,33.417384],[-112.040425,33.417381],[-112.040485,33.417432],[-112.040534,33.417426],[-112.040598,33.417391],[-112.040611,33.417362],[-112.040615,33.417307]]]}},{"type":"Feature","properties":{"kind":"vegetation","name":null,"osm":"way/1545295389"},"geometry":{"type":"Polygon","coordinates":[[[-112.045564,33.41625],[-112.045061,33.416318],[-112.045117,33.416281],[-112.045125,33.416257],[-112.045097,33.416247],[-112.045004,33.416246],[-112.044525,33.416276],[-112.044308,33.416272],[-112.043994,33.41624],[-112.043991,33.416253],[-112.043882,33.416236],[-112.043777,33.416191],[-112.043715,33.416192],[-112.043617,33.416234],[-112.043561,33.416234],[-112.043516,33.416227],[-112.043313,33.416148],[-112.043193,33.416125],[-112.043022,33.416089],[-112.042916,33.41609],[-112.042805,33.416098],[-112.042697,33.416086],[-112.042613,33.416059],[-112.04256,33.416018],[-112.042508,33.415933],[-112.042446,33.415913],[-112.042275,33.415887],[-112.042222,33.415862],[-112.042149,33.415804],[-112.042166,33.415778],[-112.042274,33.415817],[-112.042531,33.415845],[-112.04263,33.415867],[-112.042749,33.415926],[-112.042943,33.415871],[-112.043073,33.41587],[-112.043241,33.415883],[-112.04333,33.415909],[-112.043478,33.415984],[-112.043549,33.415998],[-112.043584,33.415992],[-112.043694,33.415972],[-112.043813,33.416001],[-112.044009,33.41601],[-112.044213,33.416059],[-112.044334,33.416059],[-112.045155,33.416177],[-112.045394,33.416203],[-112.045562,33.416203],[-112.045564,33.41625]]]}},{"type":"Feature","properties":{"kind":"vegetation","name":null,"osm":"way/1545295390"},"geometry":{"type":"Polygon","coordinates":[[[-112.042539,33.416099],[-112.042484,33.416047],[-112.042377,33.416004],[-112.042274,33.415976],[-112.042105,33.415844],[-112.042051,33.415831],[-112.041975,33.415869],[-112.041895,33.415871],[-112.041813,33.415914],[-112.04175,33.415915],[-112.041578,33.415858],[-112.041429,33.415834],[-112.041383,33.4158],[-112.041315,33.41583],[-112.0411,33.415805],[-112.040786,33.415801],[-112.040683,33.415804],[-112.040389,33.415793],[-112.040221,33.415761],[-112.040106,33.415764],[-112.039978,33.41575],[-112.039953,33.415845],[-112.039916,33.415923],[-112.039868,33.416002],[-112.03985,33.416038],[-112.039849,33.41611],[-112.040381,33.415991],[-112.040583,33.415971],[-112.040768,33.415969],[-112.041651,33.416059],[-112.041828,33.416077],[-112.042539,33.416099]]]}},{"type":"Feature","properties":{"kind":"vegetation","name":null,"osm":"way/1545295391"},"geometry":{"type":"Polygon","coordinates":[[[-112.04208,33.416149],[-112.041539,33.416106],[-112.040718,33.416033],[-112.040503,33.416031],[-112.040293,33.416069],[-112.039732,33.416213],[-112.040526,33.416284],[-112.041024,33.416276],[-112.04208,33.416149]]]}},{"type":"Feature","properties":{"kind":"vegetation","name":null,"osm":"way/1545295392"},"geometry":{"type":"Polygon","coordinates":[[[-112.039829,33.415816],[-112.039671,33.415842],[-112.039571,33.415832],[-112.039495,33.415848],[-112.039353,33.41584],[-112.039393,33.416045],[-112.039627,33.416031],[-112.039712,33.416004],[-112.039744,33.41598],[-112.03979,33.415921],[-112.039829,33.415816]]]}},{"type":"Feature","properties":{"kind":"vegetation","name":null,"osm":"way/1545295393"},"geometry":{"type":"Polygon","coordinates":[[[-112.039244,33.415869],[-112.039193,33.415825],[-112.039176,33.415752],[-112.039183,33.415694],[-112.037956,33.415637],[-112.037644,33.415605],[-112.036777,33.415558],[-112.036374,33.415552],[-112.035949,33.41552],[-112.035478,33.4155],[-112.034944,33.415498],[-112.033474,33.415438],[-112.032703,33.415442],[-112.032151,33.415404],[-112.031837,33.415398],[-112.031584,33.415397],[-112.031569,33.415412],[-112.03228,33.415564],[-112.032601,33.415612],[-112.033252,33.415677],[-112.034155,33.415767],[-112.034691,33.41581],[-112.034983,33.415814],[-112.036177,33.415775],[-112.036518,33.415775],[-112.037227,33.415804],[-112.038425,33.415863],[-112.038541,33.415885],[-112.038762,33.415976],[-112.039051,33.416139],[-112.039115,33.416136],[-112.039205,33.41611],[-112.039254,33.41606],[-112.039273,33.416019],[-112.039251,33.415937],[-112.039244,33.415869]]]}},{"type":"Feature","properties":{"kind":"vegetation","name":null,"osm":"way/1545295394"},"geometry":{"type":"Polygon","coordinates":[[[-112.038813,33.416111],[-112.038655,33.416018],[-112.038478,33.415949],[-112.038343,33.415922],[-112.03769,33.415894],[-112.037742,33.416025],[-112.037785,33.416153],[-112.037904,33.416248],[-112.038028,33.416306],[-112.038369,33.41639],[-112.038561,33.416361],[-112.038674,33.416289],[-112.038717,33.4162],[-112.038759,33.41614],[-112.038813,33.416111]]]}},{"type":"Feature","properties":{"kind":"vegetation","name":null,"osm":"way/1545295395"},"geometry":{"type":"Polygon","coordinates":[[[-112.037318,33.415877],[-112.036663,33.415842],[-112.036385,33.415831],[-112.036018,33.41584],[-112.034895,33.415878],[-112.03465,33.415872],[-112.033469,33.415756],[-112.033432,33.415847],[-112.033368,33.415883],[-112.033311,33.415877],[-112.033283,33.415858],[-112.033275,33.41575],[-112.033263,33.415737],[-112.033227,33.415741],[-112.033236,33.415791],[-112.033224,33.415812],[-112.03318,33.415833],[-112.033109,33.415841],[-112.033048,33.41589],[-112.032969,33.41591],[-112.032798,33.415893],[-112.032819,33.41594],[-112.032819,33.415975],[-112.03347,33.416017],[-112.033807,33.416091],[-112.034083,33.416076],[-112.034525,33.416128],[-112.034697,33.416116],[-112.03478,33.416086],[-112.034874,33.415997],[-112.034999,33.415962],[-112.035162,33.415989],[-112.035254,33.416103],[-112.035387,33.416148],[-112.035443,33.416279],[-112.035749,33.416427],[-112.035944,33.416452],[-112.035998,33.416442],[-112.036057,33.416405],[-112.036098,33.416291],[-112.036211,33.416202],[-112.036321,33.416175],[-112.036478,33.416165],[-112.03657,33.416108],[-112.036647,33.416145],[-112.036647,33.416219],[-112.036706,33.416286],[-112.03673,33.416348],[-112.036789,33.416427],[-112.036916,33.416482],[-112.037148,33.416534],[-112.037465,33.416554],[-112.037583,33.416561],[-112.0379,33.416643],[-112.038164,33.41663],[-112.038549,33.416581],[-112.038698,33.416516],[-112.038721,33.416477],[-112.038588,33.416462],[-112.038324,33.416484],[-112.03812,33.416455],[-112.037868,33.416469],[-112.037411,33.416363],[-112.03729,33.416373],[-112.037079,33.416373],[-112.037112,33.416274],[-112.037251,33.416217],[-112.037305,33.416118],[-112.037269,33.415935],[-112.037318,33.415877]]]}},{"type":"Feature","properties":{"kind":"vegetation","name":null,"osm":"way/1545295396"},"geometry":{"type":"Polygon","coordinates":[[[-112.032798,33.415893],[-112.032615,33.415852],[-112.032615,33.415893],[-112.032598,33.415913],[-112.032594,33.415961],[-112.032819,33.415975],[-112.032819,33.41594],[-112.032798,33.415893]]]}},{"type":"Feature","properties":{"kind":"vegetation","name":null,"osm":"way/1545295398"},"geometry":{"type":"Polygon","coordinates":[[[-112.03187,33.415912],[-112.031698,33.41586],[-112.031589,33.415854],[-112.03152,33.415872],[-112.031463,33.415904],[-112.03146,33.415943],[-112.031487,33.41597],[-112.031543,33.41598],[-112.031632,33.415945],[-112.031726,33.41594],[-112.031867,33.415948],[-112.031903,33.415938],[-112.03187,33.415912]]]}},{"type":"Feature","properties":{"kind":"vegetation","name":null,"osm":"way/1545295399"},"geometry":{"type":"Polygon","coordinates":[[[-112.031146,33.41578],[-112.030966,33.415761],[-112.030927,33.415764],[-112.030853,33.415802],[-112.030743,33.415789],[-112.030721,33.415824],[-112.030709,33.415897],[-112.03069,33.416026],[-112.030793,33.415999],[-112.030947,33.415996],[-112.031192,33.416035],[-112.0311,33.415977],[-112.031072,33.41593],[-112.031095,33.415897],[-112.031214,33.415882],[-112.031209,33.41584],[-112.031146,33.41578]]]}},{"type":"Feature","properties":{"kind":"vegetation","name":null,"osm":"way/1545295401"},"geometry":{"type":"Polygon","coordinates":[[[-112.030545,33.416009],[-112.030586,33.415935],[-112.030607,33.415771],[-112.03039,33.415773],[-112.030382,33.415832],[-112.030357,33.415868],[-112.030321,33.415879],[-112.030316,33.415906],[-112.030363,33.41593],[-112.030406,33.415979],[-112.030463,33.416022],[-112.030545,33.416009]]]}},{"type":"Feature","properties":{"kind":"vegetation","name":null,"osm":"way/1545295402"},"geometry":{"type":"Polygon","coordinates":[[[-112.030607,33.415771],[-112.030743,33.415789],[-112.030721,33.415824],[-112.030709,33.415897],[-112.03069,33.416026],[-112.030661,33.41603],[-112.030654,33.416005],[-112.030545,33.416009],[-112.030586,33.415935],[-112.030607,33.415771]]]}},{"type":"Feature","properties":{"kind":"vegetation","name":null,"osm":"way/1545295403"},"geometry":{"type":"Polygon","coordinates":[[[-112.030463,33.416022],[-112.030324,33.416036],[-112.030324,33.415946],[-112.030316,33.415906],[-112.030363,33.41593],[-112.030406,33.415979],[-112.030463,33.416022]]]}},{"type":"Feature","properties":{"kind":"vegetation","name":null,"osm":"way/1545295404"},"geometry":{"type":"Polygon","coordinates":[[[-112.030231,33.416162],[-112.03026,33.416119],[-112.030275,33.41605],[-112.030275,33.415977],[-112.030227,33.415915],[-112.030183,33.415848],[-112.030179,33.415748],[-112.030022,33.415693],[-112.029974,33.415685],[-112.029671,33.415694],[-112.029571,33.415704],[-112.029624,33.416131],[-112.02967,33.41612],[-112.029717,33.416148],[-112.030021,33.416136],[-112.030094,33.416128],[-112.030134,33.416144],[-112.030164,33.416145],[-112.030206,33.416172],[-112.030231,33.416162]]]}},{"type":"Feature","properties":{"kind":"vegetation","name":null,"osm":"way/1545295405"},"geometry":{"type":"Polygon","coordinates":[[[-112.033052,33.415729],[-112.033038,33.415758],[-112.033,33.415771],[-112.032331,33.415724],[-112.031604,33.415692],[-112.031472,33.415679],[-112.030929,33.415573],[-112.030651,33.415522],[-112.030712,33.415562],[-112.030745,33.41557],[-112.030819,33.415586],[-112.030863,33.415596],[-112.030931,33.415622],[-112.030986,33.415651],[-112.031053,33.415717],[-112.031391,33.415745],[-112.031554,33.415754],[-112.032499,33.41578],[-112.032671,33.415801],[-112.032925,33.41586],[-112.032998,33.415854],[-112.03305,33.415834],[-112.033089,33.415793],[-112.033088,33.415757],[-112.033052,33.415729]]]}},{"type":"Feature","properties":{"kind":"vegetation","name":null,"osm":"way/1545295406"},"geometry":{"type":"Polygon","coordinates":[[[-112.032943,33.415694],[-112.032844,33.415691],[-112.031634,33.415621],[-112.031381,33.415592],[-112.030964,33.415512],[-112.030998,33.415466],[-112.03101,33.415414],[-112.031003,33.415387],[-112.032357,33.415631],[-112.032847,33.415678],[-112.032943,33.415694]]]}},{"type":"Feature","properties":{"kind":"vegetation","name":null,"osm":"way/1545295408"},"geometry":{"type":"Polygon","coordinates":[[[-112.031003,33.415387],[-112.030925,33.415376],[-112.030895,33.415396],[-112.030895,33.415428],[-112.030854,33.415492],[-112.030964,33.415512],[-112.030998,33.415466],[-112.03101,33.415414],[-112.031003,33.415387]]]}},{"type":"Feature","properties":{"kind":"vegetation","name":null,"osm":"way/1545295409"},"geometry":{"type":"Polygon","coordinates":[[[-112.030925,33.415376],[-112.030703,33.415343],[-112.030723,33.415396],[-112.030726,33.415471],[-112.030768,33.415476],[-112.030854,33.415492],[-112.030895,33.415428],[-112.030895,33.415396],[-112.030925,33.415376]]]}},{"type":"Feature","properties":{"kind":"vegetation","name":null,"osm":"way/1545295410"},"geometry":{"type":"Polygon","coordinates":[[[-112.030703,33.415343],[-112.03053,33.415322],[-112.03031,33.415309],[-112.030151,33.415282],[-112.030113,33.415287],[-112.030061,33.415293],[-112.030048,33.415283],[-112.030059,33.415259],[-112.030036,33.415241],[-112.030007,33.415254],[-112.029992,33.415229],[-112.029993,33.415206],[-112.030004,33.415147],[-112.029997,33.415125],[-112.029972,33.415039],[-112.029957,33.414939],[-112.029941,33.414916],[-112.029918,33.414909],[-112.029881,33.414931],[-112.029938,33.41535],[-112.029991,33.41535],[-112.030091,33.415323],[-112.030234,33.415317],[-112.030224,33.415356],[-112.030198,33.415382],[-112.030122,33.415407],[-112.029977,33.415416],[-112.029495,33.415459],[-112.029572,33.415494],[-112.029619,33.415533],[-112.029638,33.415545],[-112.029663,33.415547],[-112.029761,33.415554],[-112.029985,33.415524],[-112.030095,33.41553],[-112.030156,33.415534],[-112.030359,33.41567],[-112.030491,33.415707],[-112.030629,33.415711],[-112.030684,33.415703],[-112.030724,33.415653],[-112.030745,33.41557],[-112.030712,33.415562],[-112.030651,33.415522],[-112.030422,33.415485],[-112.030401,33.415466],[-112.030403,33.41544],[-112.030452,33.415437],[-112.030726,33.415471],[-112.030723,33.415396],[-112.030703,33.415343]]]}},{"type":"Feature","properties":{"kind":"vegetation","name":null,"osm":"way/1545295411"},"geometry":{"type":"Polygon","coordinates":[[[-112.031053,33.415717],[-112.030864,33.415709],[-112.03081,33.415694],[-112.030798,33.415667],[-112.030811,33.415625],[-112.030819,33.415586],[-112.030863,33.415596],[-112.030931,33.415622],[-112.030986,33.415651],[-112.031053,33.415717]]]}},{"type":"Feature","properties":{"kind":"vegetation","name":null,"osm":"way/1545295413"},"geometry":{"type":"Polygon","coordinates":[[[-112.030039,33.415643],[-112.029984,33.415638],[-112.029674,33.415638],[-112.029676,33.415614],[-112.029663,33.415547],[-112.029761,33.415554],[-112.029985,33.415524],[-112.030095,33.41553],[-112.030102,33.415571],[-112.03009,33.415606],[-112.030039,33.415643]]]}},{"type":"Feature","properties":{"kind":"vegetation","name":null,"osm":"way/1545295414"},"geometry":{"type":"Polygon","coordinates":[[[-112.046006,33.416223],[-112.046113,33.416216],[-112.046197,33.416221],[-112.046281,33.416231],[-112.046486,33.416296],[-112.046494,33.416307],[-112.046465,33.41632],[-112.046456,33.416333],[-112.046457,33.416353],[-112.046472,33.416372],[-112.046485,33.416378],[-112.046503,33.416379],[-112.046525,33.416371],[-112.046547,33.416404],[-112.046512,33.416444],[-112.046491,33.416506],[-112.046527,33.416579],[-112.046612,33.416667],[-112.046641,33.416722],[-112.046681,33.416761],[-112.046022,33.416694],[-112.045594,33.416668],[-112.044939,33.416638],[-112.044897,33.416626],[-112.044842,33.416586],[-112.04478,33.416568],[-112.044562,33.416531],[-112.044288,33.416472],[-112.04392,33.416346],[-112.043911,33.416325],[-112.043938,33.416315],[-112.044318,33.416438],[-112.044565,33.416501],[-112.044778,33.416531],[-112.044985,33.416529],[-112.045247,33.416515],[-112.045833,33.416481],[-112.045904,33.416457],[-112.045965,33.416393],[-112.045988,33.416329],[-112.045973,33.416307],[-112.04594,33.416307],[-112.045672,33.416368],[-112.045545,33.416378],[-112.045466,33.416372],[-112.045352,33.41635],[-112.045277,33.416351],[-112.044722,33.416413],[-112.04461,33.416414],[-112.044509,33.416404],[-112.044194,33.416348],[-112.044177,33.416333],[-112.04453,33.416392],[-112.044632,33.416397],[-112.044756,33.416391],[-112.045287,33.416327],[-112.046006,33.416223]]]}},{"type":"Feature","properties":{"kind":"vegetation","name":null,"osm":"way/1545295416"},"geometry":{"type":"Polygon","coordinates":[[[-112.046681,33.416761],[-112.046985,33.416804],[-112.04701,33.416792],[-112.047019,33.416771],[-112.046962,33.416755],[-112.046865,33.416722],[-112.046741,33.416706],[-112.046673,33.416684],[-112.046612,33.416667],[-112.046641,33.416722],[-112.046681,33.416761]]]}},{"type":"Feature","properties":{"kind":"vegetation","name":null,"osm":"way/1545295417"},"geometry":{"type":"Polygon","coordinates":[[[-112.046525,33.416371],[-112.046535,33.41636],[-112.046538,33.416347],[-112.046536,33.416333],[-112.046528,33.416322],[-112.046528,33.416309],[-112.046687,33.416341],[-112.046707,33.416351],[-112.046731,33.416385],[-112.046762,33.416403],[-112.046805,33.416406],[-112.046856,33.416382],[-112.046889,33.416385],[-112.04706,33.416392],[-112.04708,33.41643],[-112.047106,33.416447],[-112.04715,33.416457],[-112.047163,33.416486],[-112.047163,33.416609],[-112.047176,33.416637],[-112.047176,33.41667],[-112.04713,33.416661],[-112.04705,33.416631],[-112.046916,33.416555],[-112.046857,33.416541],[-112.046814,33.416542],[-112.046747,33.416526],[-112.046695,33.41649],[-112.046677,33.416442],[-112.046651,33.416419],[-112.046618,33.416409],[-112.046547,33.416404],[-112.046525,33.416371]]]}},{"type":"Feature","properties":{"kind":"vegetation","name":null,"osm":"way/1545295418"},"geometry":{"type":"Polygon","coordinates":[[[-112.046985,33.416804],[-112.047525,33.416881],[-112.04774,33.416927],[-112.047999,33.417023],[-112.048208,33.417091],[-112.048474,33.417175],[-112.048437,33.417152],[-112.048153,33.417057],[-112.04794,33.416974],[-112.047821,33.416901],[-112.047672,33.416893],[-112.047556,33.416869],[-112.047131,33.416803],[-112.047019,33.416771],[-112.04701,33.416792],[-112.046985,33.416804]]]}},{"type":"Feature","properties":{"kind":"vegetation","name":null,"osm":"way/1545295419"},"geometry":{"type":"Polygon","coordinates":[[[-112.046492,33.416264],[-112.046642,33.41629],[-112.046722,33.416282],[-112.046776,33.41625],[-112.046801,33.416225],[-112.046815,33.416145],[-112.046808,33.416105],[-112.046792,33.416075],[-112.046752,33.416041],[-112.046659,33.41598],[-112.046631,33.415925],[-112.046609,33.415908],[-112.046569,33.416021],[-112.046631,33.416031],[-112.046418,33.416124],[-112.046343,33.416141],[-112.046274,33.416144],[-112.04624,33.41617],[-112.046362,33.416204],[-112.046492,33.416264]]]}},{"type":"Feature","properties":{"kind":"vegetation","name":null,"osm":"way/1545295420"},"geometry":{"type":"Polygon","coordinates":[[[-112.046835,33.416324],[-112.046824,33.416271],[-112.046819,33.416262],[-112.046808,33.416266],[-112.046792,33.416283],[-112.046755,33.416304],[-112.046751,33.41631],[-112.046755,33.416319],[-112.046825,33.416332],[-112.046831,33.416331],[-112.046835,33.416324]]]}},{"type":"Feature","properties":{"kind":"vegetation","name":null,"osm":"way/1545295421"},"geometry":{"type":"Polygon","coordinates":[[[-112.047054,33.416352],[-112.046916,33.41635],[-112.046899,33.41634],[-112.046877,33.416303],[-112.046868,33.416264],[-112.046863,33.416234],[-112.046865,33.416205],[-112.046885,33.41621],[-112.046894,33.416179],[-112.046871,33.416171],[-112.046916,33.416099],[-112.046966,33.416073],[-112.046997,33.416077],[-112.04707,33.416092],[-112.047103,33.416119],[-112.047127,33.416171],[-112.047137,33.416279],[-112.0471,33.416287],[-112.047076,33.416304],[-112.047062,33.416322],[-112.047054,33.416352]]]}},{"type":"Feature","properties":{"kind":"vegetation","name":null,"osm":"way/1545295422"},"geometry":{"type":"Polygon","coordinates":[[[-112.0471,33.415865],[-112.047025,33.415869],[-112.047017,33.41588],[-112.047006,33.41591],[-112.047005,33.415931],[-112.046989,33.415943],[-112.047056,33.415976],[-112.047108,33.415929],[-112.0471,33.415865]]]}},{"type":"Feature","properties":{"kind":"vegetation","name":null,"osm":"way/1545295423"},"geometry":{"type":"Polygon","coordinates":[[[-112.047098,33.415847],[-112.047068,33.415568],[-112.047034,33.415567],[-112.047009,33.415584],[-112.046989,33.415608],[-112.046983,33.415641],[-112.047,33.415698],[-112.046999,33.415733],[-112.047027,33.415769],[-112.047047,33.41581],[-112.047056,33.41585],[-112.047098,33.415847]]]}},{"type":"Feature","properties":{"kind":"vegetation","name":null,"osm":"way/1545295424"},"geometry":{"type":"Polygon","coordinates":[[[-112.047068,33.415568],[-112.04706,33.415462],[-112.04676,33.415472],[-112.046735,33.415544],[-112.046784,33.415558],[-112.046951,33.415548],[-112.046967,33.415556],[-112.046989,33.415608],[-112.047009,33.415584],[-112.047034,33.415567],[-112.047068,33.415568]]]}},{"type":"Feature","properties":{"kind":"vegetation","name":null,"osm":"way/1545295425"},"geometry":{"type":"Polygon","coordinates":[[[-112.046675,33.415804],[-112.046647,33.415797],[-112.046706,33.415627],[-112.046735,33.415654],[-112.046756,33.415715],[-112.046716,33.415741],[-112.046751,33.415769],[-112.046753,33.415783],[-112.046723,33.415822],[-112.046709,33.415824],[-112.046675,33.415804]]]}},{"type":"Feature","properties":{"kind":"vegetation","name":null,"osm":"way/1545295426"},"geometry":{"type":"Polygon","coordinates":[[[-112.046825,33.416037],[-112.046848,33.416005],[-112.046863,33.415988],[-112.046836,33.415988],[-112.046805,33.415978],[-112.046796,33.415981],[-112.046781,33.415999],[-112.046784,33.416009],[-112.046825,33.416037]]]}},{"type":"Feature","properties":{"kind":"vegetation","name":null,"osm":"way/1545295427"},"geometry":{"type":"Polygon","coordinates":[[[-112.046875,33.416008],[-112.046885,33.416007],[-112.046922,33.416042],[-112.046922,33.41605],[-112.046907,33.416064],[-112.046896,33.416068],[-112.046854,33.416068],[-112.046837,33.416053],[-112.046875,33.416008]]]}},{"type":"Feature","properties":{"kind":"vegetation","name":null,"osm":"way/1545295432"},"geometry":{"type":"Polygon","coordinates":[[[-112.039622,33.417649],[-112.039573,33.417787],[-112.039562,33.417884],[-112.039539,33.417932],[-112.039499,33.417932],[-112.039467,33.417907],[-112.03945,33.417853],[-112.03946,33.417802],[-112.039531,33.417716],[-112.039571,33.417604],[-112.039594,33.41759],[-112.039617,33.417596],[-112.039622,33.417649]]]}},{"type":"Feature","properties":{"kind":"vegetation","name":null,"osm":"way/1545295435"},"geometry":{"type":"Polygon","coordinates":[[[-112.030952,33.417491],[-112.031093,33.417517],[-112.031373,33.417555],[-112.031474,33.417567],[-112.031504,33.417597],[-112.031502,33.417624],[-112.031474,33.417647],[-112.031062,33.417668],[-112.031008,33.417681],[-112.030963,33.417715],[-112.030956,33.417753],[-112.030971,33.417808],[-112.031009,33.417847],[-112.031178,33.417933],[-112.031401,33.417991],[-112.031417,33.418027],[-112.031179,33.417955],[-112.030914,33.417818],[-112.030759,33.417707],[-112.030749,33.417664],[-112.030761,33.417636],[-112.030866,33.417676],[-112.030936,33.41767],[-112.030984,33.417643],[-112.031021,33.417602],[-112.031027,33.41758],[-112.031015,33.417547],[-112.030937,33.417523],[-112.030952,33.417491]]]}},{"type":"Feature","properties":{"kind":"vegetation","name":null,"osm":"way/1545295438"},"geometry":{"type":"Polygon","coordinates":[[[-112.030759,33.417707],[-112.030673,33.417643],[-112.030656,33.417613],[-112.030681,33.417609],[-112.030694,33.417594],[-112.030696,33.417565],[-112.030721,33.41752],[-112.030749,33.417494],[-112.030803,33.417481],[-112.03084,33.417492],[-112.030875,33.417504],[-112.03084,33.417533],[-112.030816,33.417571],[-112.030808,33.4176],[-112.030775,33.417562],[-112.030766,33.417589],[-112.030761,33.417636],[-112.030749,33.417664],[-112.030759,33.417707]]]}},{"type":"Feature","properties":{"kind":"vegetation","name":null,"osm":"way/1545295439"},"geometry":{"type":"Polygon","coordinates":[[[-112.03084,33.417492],[-112.030822,33.417459],[-112.03082,33.417439],[-112.030713,33.417411],[-112.030533,33.417341],[-112.030404,33.417271],[-112.030338,33.417263],[-112.030275,33.417287],[-112.03021,33.417293],[-112.029805,33.41732],[-112.02976,33.417312],[-112.029728,33.417322],[-112.029709,33.417345],[-112.029733,33.417386],[-112.030141,33.417341],[-112.030269,33.417345],[-112.030371,33.417368],[-112.030505,33.417423],[-112.030662,33.417532],[-112.030696,33.417565],[-112.030721,33.41752],[-112.030749,33.417494],[-112.030803,33.417481],[-112.03084,33.417492]]]}},{"type":"Feature","properties":{"kind":"vegetation","name":null,"osm":"way/1545295441"},"geometry":{"type":"Polygon","coordinates":[[[-112.03859,33.418209],[-112.038405,33.418183],[-112.038198,33.418179],[-112.03723,33.418153],[-112.036442,33.418136],[-112.03641,33.418151],[-112.036403,33.418173],[-112.038523,33.418225],[-112.03859,33.418209]]]}},{"type":"Feature","properties":{"kind":"vegetation","name":null,"osm":"way/1545295442"},"geometry":{"type":"Polygon","coordinates":[[[-112.036612,33.418102],[-112.036548,33.418099],[-112.036503,33.418082],[-112.036467,33.418079],[-112.036418,33.418096],[-112.036431,33.41811],[-112.036494,33.418119],[-112.036607,33.418116],[-112.036632,33.418115],[-112.036612,33.418102]]]}},{"type":"Feature","properties":{"kind":"vegetation","name":null,"osm":"way/1545295443"},"geometry":{"type":"Polygon","coordinates":[[[-112.036323,33.418164],[-112.036299,33.41814],[-112.036261,33.418126],[-112.034998,33.418111],[-112.034948,33.418125],[-112.034917,33.418123],[-112.034859,33.418104],[-112.033626,33.418081],[-112.033592,33.418088],[-112.03356,33.418121],[-112.036292,33.418171],[-112.036323,33.418164]]]}},{"type":"Feature","properties":{"kind":"vegetation","name":null,"osm":"way/1545295444"},"geometry":{"type":"Polygon","coordinates":[[[-112.03594,33.41778],[-112.035819,33.417781],[-112.035805,33.417823],[-112.03581,33.417875],[-112.035895,33.417893],[-112.035959,33.417869],[-112.035968,33.417821],[-112.03594,33.41778]]]}},{"type":"Feature","properties":{"kind":"vegetation","name":null,"osm":"way/1545295445"},"geometry":{"type":"Polygon","coordinates":[[[-112.035659,33.417869],[-112.035593,33.417842],[-112.035541,33.417836],[-112.035502,33.41785],[-112.035509,33.417883],[-112.035564,33.417924],[-112.035587,33.417924],[-112.035635,33.41792],[-112.035662,33.417901],[-112.035659,33.417869]]]}},{"type":"Feature","properties":{"kind":"vegetation","name":null,"osm":"way/1545295446"},"geometry":{"type":"Polygon","coordinates":[[[-112.033422,33.418117],[-112.033366,33.418085],[-112.033321,33.418076],[-112.033241,33.41808],[-112.032921,33.418062],[-112.032878,33.418069],[-112.032669,33.418066],[-112.032489,33.41806],[-112.03236,33.41805],[-112.032336,33.41805],[-112.032327,33.418059],[-112.032327,33.418092],[-112.033422,33.418117]]]}},{"type":"Feature","properties":{"kind":"vegetation","name":null,"osm":"way/1545295447"},"geometry":{"type":"Polygon","coordinates":[[[-112.032313,33.418092],[-112.032312,33.418058],[-112.032303,33.41805],[-112.032284,33.418049],[-112.032196,33.418059],[-112.031971,33.41805],[-112.031938,33.41807],[-112.031937,33.418085],[-112.032313,33.418092]]]}},{"type":"Feature","properties":{"kind":"vegetation","name":null,"osm":"way/1545295448"},"geometry":{"type":"Polygon","coordinates":[[[-112.031739,33.418077],[-112.031739,33.41806],[-112.031713,33.418035],[-112.031658,33.418008],[-112.031622,33.417988],[-112.03158,33.417988],[-112.031543,33.417995],[-112.031514,33.418016],[-112.03151,33.418027],[-112.03152,33.418037],[-112.031543,33.418039],[-112.031599,33.418038],[-112.03163,33.418042],[-112.031677,33.418074],[-112.031739,33.418077]]]}},{"type":"Feature","properties":{"kind":"vegetation","name":null,"osm":"way/1545295449"},"geometry":{"type":"Polygon","coordinates":[[[-112.039369,33.418036],[-112.039344,33.417989],[-112.039325,33.417929],[-112.039338,33.41782],[-112.039331,33.417764],[-112.039308,33.417746],[-112.039285,33.417748],[-112.039252,33.417778],[-112.039196,33.417799],[-112.039177,33.417821],[-112.039166,33.417852],[-112.039171,33.417927],[-112.039206,33.418027],[-112.039259,33.418085],[-112.039356,33.41806],[-112.039369,33.418036]]]}},{"type":"Feature","properties":{"kind":"vegetation","name":null,"osm":"way/1545295450"},"geometry":{"type":"Polygon","coordinates":[[[-112.039061,33.418088],[-112.039102,33.418005],[-112.039112,33.417924],[-112.039092,33.417872],[-112.039058,33.41785],[-112.039011,33.417852],[-112.038985,33.417866],[-112.038966,33.417895],[-112.038942,33.417965],[-112.038934,33.418036],[-112.038958,33.418063],[-112.039002,33.418083],[-112.039061,33.418088]]]}},{"type":"Feature","properties":{"kind":"vegetation","name":null,"osm":"way/1545295451"},"geometry":{"type":"Polygon","coordinates":[[[-112.039196,33.417799],[-112.039127,33.417836],[-112.039058,33.41785],[-112.039092,33.417872],[-112.039112,33.417924],[-112.039102,33.418005],[-112.039061,33.418088],[-112.039002,33.418083],[-112.038958,33.418063],[-112.038934,33.418036],[-112.038887,33.418141],[-112.038845,33.418186],[-112.038841,33.418222],[-112.038851,33.418234],[-112.038907,33.418282],[-112.039227,33.418291],[-112.039226,33.41828],[-112.039198,33.418243],[-112.039163,33.418243],[-112.039143,33.418225],[-112.039145,33.4182],[-112.039175,33.418185],[-112.039196,33.418193],[-112.039212,33.418233],[-112.039241,33.418274],[-112.039245,33.418292],[-112.039269,33.418293],[-112.039271,33.418137],[-112.039257,33.418112],[-112.039259,33.418085],[-112.039206,33.418027],[-112.039171,33.417927],[-112.039166,33.417852],[-112.039177,33.417821],[-112.039196,33.417799]]]}},{"type":"Feature","properties":{"kind":"vegetation","name":null,"osm":"way/1545295452"},"geometry":{"type":"Polygon","coordinates":[[[-112.03945,33.417853],[-112.039416,33.417876],[-112.039387,33.417874],[-112.039361,33.417852],[-112.039338,33.41782],[-112.039325,33.417929],[-112.039344,33.417989],[-112.039369,33.418036],[-112.039356,33.41806],[-112.039494,33.417999],[-112.039512,33.417978],[-112.039539,33.417932],[-112.039499,33.417932],[-112.039467,33.417907],[-112.03945,33.417853]]]}},{"type":"Feature","properties":{"kind":"vegetation","name":null,"osm":"way/1545295453"},"geometry":{"type":"Polygon","coordinates":[[[-112.039571,33.417604],[-112.039596,33.417555],[-112.039602,33.417505],[-112.039666,33.417492],[-112.039632,33.417562],[-112.039617,33.417596],[-112.039594,33.41759],[-112.039571,33.417604]]]}},{"type":"Feature","properties":{"kind":"water","name":null,"osm":"way/1545320563"},"geometry":{"type":"Polygon","coordinates":[[[-112.03901,33.427728],[-112.037589,33.428029],[-112.037448,33.428152],[-112.037388,33.428274],[-112.037388,33.428357],[-112.037772,33.428919],[-112.03789,33.429175],[-112.037947,33.429212],[-112.037989,33.429207],[-112.038049,33.429129],[-112.038202,33.428788],[-112.038394,33.428475],[-112.038611,33.428194],[-112.038836,33.427999],[-112.039178,33.427801],[-112.039392,33.42774],[-112.03944,33.427705],[-112.039437,33.427675],[-112.03938,33.427665],[-112.03901,33.427728]]]}},{"type":"Feature","properties":{"kind":"water","name":null,"osm":"way/1546206031"},"geometry":{"type":"Polygon","coordinates":[[[-112.077949,33.42084],[-112.077991,33.420819],[-112.078002,33.420796],[-112.077979,33.420768],[-112.077962,33.420726],[-112.077903,33.420684],[-112.077841,33.420658],[-112.077768,33.420675],[-112.077708,33.420674],[-112.077677,33.420698],[-112.077669,33.420746],[-112.077684,33.420775],[-112.077684,33.420833],[-112.077746,33.420865],[-112.077792,33.420867],[-112.077839,33.420857],[-112.077889,33.420857],[-112.077949,33.42084]]]}},{"type":"Feature","properties":{"kind":"water","name":null,"osm":"way/1546206032"},"geometry":{"type":"Polygon","coordinates":[[[-112.074736,33.421358],[-112.074782,33.421338],[-112.074798,33.421312],[-112.074779,33.42129],[-112.074702,33.421281],[-112.074646,33.421295],[-112.074618,33.421322],[-112.074637,33.42134],[-112.074673,33.421355],[-112.074736,33.421358]]]}},{"type":"Feature","properties":{"kind":"vegetation","name":null,"osm":"way/1546206045"},"geometry":{"type":"Polygon","coordinates":[[[-112.077693,33.421113],[-112.077505,33.421218],[-112.077328,33.421346],[-112.077084,33.421434],[-112.076894,33.421436],[-112.076675,33.421504],[-112.07648,33.421519],[-112.076268,33.421541],[-112.076115,33.42162],[-112.076044,33.421644],[-112.076012,33.421675],[-112.075928,33.421712],[-112.076037,33.421713],[-112.076507,33.421676],[-112.076995,33.4216],[-112.077279,33.421473],[-112.077462,33.421358],[-112.077599,33.421283],[-112.077713,33.42126],[-112.077757,33.421216],[-112.077693,33.421113]]]}},{"type":"Feature","properties":{"kind":"vegetation","name":null,"osm":"way/1546206046"},"geometry":{"type":"Polygon","coordinates":[[[-112.074626,33.421507],[-112.07489,33.42158],[-112.075016,33.421582],[-112.075083,33.42163],[-112.075128,33.421685],[-112.075072,33.421678],[-112.07491,33.421648],[-112.074626,33.421507]]]}},{"type":"Feature","properties":{"kind":"vegetation","name":null,"osm":"way/1546206056"},"geometry":{"type":"Polygon","coordinates":[[[-112.080464,33.418452],[-112.080593,33.418439],[-112.080756,33.418431],[-112.080903,33.418394],[-112.081858,33.41816],[-112.081509,33.418309],[-112.081287,33.418365],[-112.081034,33.418459],[-112.080662,33.418599],[-112.080575,33.418521],[-112.080464,33.418452]]]}},{"type":"Feature","properties":{"kind":"vegetation","name":null,"osm":"way/1546206057"},"geometry":{"type":"Polygon","coordinates":[[[-112.080464,33.418452],[-112.080321,33.418487],[-112.080248,33.418527],[-112.080342,33.41863],[-112.080371,33.418722],[-112.080662,33.418599],[-112.080575,33.418521],[-112.080464,33.418452]]]}},{"type":"Feature","properties":{"kind":"vegetation","name":null,"osm":"way/1546206058"},"geometry":{"type":"Polygon","coordinates":[[[-112.080305,33.41875],[-112.080261,33.418643],[-112.080187,33.418566],[-112.078237,33.419528],[-112.078252,33.419591],[-112.078319,33.41965],[-112.078366,33.419749],[-112.079168,33.419325],[-112.079305,33.419263],[-112.079358,33.419091],[-112.079506,33.418985],[-112.079639,33.418971],[-112.079848,33.418875],[-112.079919,33.418866],[-112.080087,33.418879],[-112.080305,33.41875]]]}},{"type":"Feature","properties":{"kind":"vegetation","name":null,"osm":"way/1546206059"},"geometry":{"type":"Polygon","coordinates":[[[-112.080087,33.418879],[-112.079919,33.418866],[-112.079848,33.418875],[-112.079639,33.418971],[-112.079506,33.418985],[-112.079358,33.419091],[-112.079305,33.419263],[-112.079847,33.41902],[-112.080087,33.418879]]]}},{"type":"Feature","properties":{"kind":"vegetation","name":null,"osm":"way/1546206060"},"geometry":{"type":"Polygon","coordinates":[[[-112.078237,33.419528],[-112.078025,33.419635],[-112.077987,33.419757],[-112.077871,33.419828],[-112.077769,33.419912],[-112.077589,33.419921],[-112.077486,33.420025],[-112.077373,33.420084],[-112.077358,33.42013],[-112.077407,33.420189],[-112.077403,33.420253],[-112.078119,33.419879],[-112.078366,33.419749],[-112.078319,33.41965],[-112.078252,33.419591],[-112.078237,33.419528]]]}}]}