{"type":"FeatureCollection","metadata":{"regionId":"phoenix","source":"osm","attribution":"Data (c) OpenStreetMap contributors, ODbL, via Overpass API.","fetchedAt":"2026-08-26T12:50:24.854Z","note":"Road centrelines inside the measured tiles. Temperatures are NOT baked in - the client samples the active heat field along each line, so a street readout always matches the day and day part on screen."},"features":[{"type":"Feature","properties":{"name":"North Encanto Drive Southeast","highway":"residential","osm":"way/5560497"},"geometry":{"type":"LineString","coordinates":[[-112.08353,33.47123],[-112.08385,33.47026],[-112.08483,33.47025]]}},{"type":"Feature","properties":{"name":"West Tonto Street","highway":"residential","osm":"way/5560587"},"geometry":{"type":"LineString","coordinates":[[-112.0913,33.43859],[-112.10003,33.43856]]}},{"type":"Feature","properties":{"name":"West Tonto Street","highway":"residential","osm":"way/5560592"},"geometry":{"type":"LineString","coordinates":[[-112.08467,33.43816],[-112.08685,33.43816]]}},{"type":"Feature","properties":{"name":"East Air Lane","highway":"unclassified","osm":"way/5562596"},"geometry":{"type":"LineString","coordinates":[[-111.98864,33.44199],[-111.98821,33.44154]]}},{"type":"Feature","properties":{"name":null,"highway":"motorway_link","osm":"way/5562629"},"geometry":{"type":"LineString","coordinates":[[-112.03757,33.4513],[-112.03762,33.45116]]}},{"type":"Feature","properties":{"name":null,"highway":"motorway_link","osm":"way/5563640"},"geometry":{"type":"LineString","coordinates":[[-112.08809,33.4611],[-112.08555,33.4607]]}},{"type":"Feature","properties":{"name":null,"highway":"unclassified","osm":"way/5568155"},"geometry":{"type":"LineString","coordinates":[[-111.99293,33.44261],[-111.99289,33.44308]]}},{"type":"Feature","properties":{"name":null,"highway":"living_street","osm":"way/5568255"},"geometry":{"type":"LineString","coordinates":[[-112.05522,33.51492],[-112.05522,33.51466]]}},{"type":"Feature","properties":{"name":null,"highway":"motorway_link","osm":"way/5570019"},"geometry":{"type":"LineString","coordinates":[[-112.06669,33.46164],[-112.06561,33.46187]]}},{"type":"Feature","properties":{"name":null,"highway":"motorway_link","osm":"way/5572767"},"geometry":{"type":"LineString","coordinates":[[-112.03772,33.44411],[-112.03758,33.44303]]}},{"type":"Feature","properties":{"name":"West Washington Street","highway":"secondary","osm":"way/5576614"},"geometry":{"type":"LineString","coordinates":[[-112.0921,33.44814],[-112.09311,33.44787],[-112.09359,33.44704]]}},{"type":"Feature","properties":{"name":"13th Drive","highway":"residential","osm":"way/5580135"},"geometry":{"type":"LineString","coordinates":[[-112.0898,33.51069],[-112.08995,33.51035]]}},{"type":"Feature","properties":{"name":"West Oregon Avenue","highway":"residential","osm":"way/5580139"},"geometry":{"type":"LineString","coordinates":[[-112.08788,33.51405],[-112.08776,33.51386]]}},{"type":"Feature","properties":{"name":"West Washington Street","highway":"secondary","osm":"way/5581098"},"geometry":{"type":"LineString","coordinates":[[-112.0921,33.44814],[-112.09291,33.44836],[-112.09365,33.449],[-112.09445,33.44925]]}},{"type":"Feature","properties":{"name":null,"highway":"motorway_link","osm":"way/5582399"},"geometry":{"type":"LineString","coordinates":[[-112.05293,33.46184],[-112.05054,33.46167]]}},{"type":"Feature","properties":{"name":"North Encanto Drive Southwest","highway":"residential","osm":"way/5587473"},"geometry":{"type":"LineString","coordinates":[[-112.08483,33.47025],[-112.08587,33.47029],[-112.08618,33.47123]]}},{"type":"Feature","properties":{"name":"South 2nd Street","highway":"residential","osm":"way/5587569"},"geometry":{"type":"LineString","coordinates":[[-112.07131,33.44683],[-112.07126,33.44824]]}},{"type":"Feature","properties":{"name":"South 10th Street","highway":"residential","osm":"way/5587884"},"geometry":{"type":"LineString","coordinates":[[-112.06034,33.43681],[-112.06034,33.43497]]}},{"type":"Feature","properties":{"name":"South 10th Street","highway":"residential","osm":"way/5587889"},"geometry":{"type":"LineString","coordinates":[[-112.06105,33.43682],[-112.06106,33.43883]]}},{"type":"Feature","properties":{"name":"South 10th Street","highway":"residential","osm":"way/5587901"},"geometry":{"type":"LineString","coordinates":[[-112.06083,33.44562],[-112.06084,33.44713]]}},{"type":"Feature","properties":{"name":"West Polk Street","highway":"residential","osm":"way/5588011"},"geometry":{"type":"LineString","coordinates":[[-112.08258,33.45333],[-112.09126,33.45329]]}},{"type":"Feature","properties":{"name":"South 22nd Street","highway":"residential","osm":"way/5588173"},"geometry":{"type":"LineString","coordinates":[[-112.03461,33.44835],[-112.03461,33.4482]]}},{"type":"Feature","properties":{"name":"North 14th Place","highway":"residential","osm":"way/5589627"},"geometry":{"type":"LineString","coordinates":[[-112.05043,33.49105],[-112.05041,33.49359]]}},{"type":"Feature","properties":{"name":"North 14th Place","highway":"residential","osm":"way/5589631"},"geometry":{"type":"LineString","coordinates":[[-112.05037,33.48741],[-112.05036,33.48928]]}},{"type":"Feature","properties":{"name":"North 14th Place","highway":"residential","osm":"way/5589642"},"geometry":{"type":"LineString","coordinates":[[-112.05025,33.51379],[-112.05026,33.51548]]}},{"type":"Feature","properties":{"name":"North 14th Place","highway":"residential","osm":"way/5589661"},"geometry":{"type":"LineString","coordinates":[[-112.05095,33.4721],[-112.05095,33.47255]]}},{"type":"Feature","properties":{"name":"East Elwood Street","highway":"unclassified","osm":"way/5590957"},"geometry":{"type":"LineString","coordinates":[[-112.01375,33.41796],[-112.00991,33.4151]]}},{"type":"Feature","properties":{"name":"East Elwood Street","highway":"unclassified","osm":"way/5590961"},"geometry":{"type":"LineString","coordinates":[[-111.99542,33.41459],[-111.99113,33.41457],[-111.98695,33.41504],[-111.98596,33.41469],[-111.98511,33.41354],[-111.98441,33.41311],[-111.98072,33.41301]]}},{"type":"Feature","properties":{"name":"North 28th Place","highway":"residential","osm":"way/5591191"},"geometry":{"type":"LineString","coordinates":[[-112.02037,33.45285],[-112.02025,33.45348]]}},{"type":"Feature","properties":{"name":"South 15th Street","highway":"residential","osm":"way/5591278"},"geometry":{"type":"LineString","coordinates":[[-112.04972,33.43955],[-112.04972,33.43911]]}},{"type":"Feature","properties":{"name":"North 6th Drive","highway":"residential","osm":"way/5591290"},"geometry":{"type":"LineString","coordinates":[[-112.08257,33.49487],[-112.08248,33.49932],[-112.08276,33.49944]]}},{"type":"Feature","properties":{"name":"North Manor Drive East","highway":"residential","osm":"way/5591447"},"geometry":{"type":"LineString","coordinates":[[-112.05529,33.48097],[-112.05456,33.48107],[-112.05425,33.48143],[-112.05424,33.48496],[-112.05557,33.48572]]}},{"type":"Feature","properties":{"name":"North 8th Avenue","highway":"residential","osm":"way/5591464"},"geometry":{"type":"LineString","coordinates":[[-112.08371,33.45693],[-112.0837,33.45868]]}},{"type":"Feature","properties":{"name":"North 8th Avenue","highway":"residential","osm":"way/5591470"},"geometry":{"type":"LineString","coordinates":[[-112.08409,33.47295],[-112.0844,33.47315],[-112.08443,33.47403]]}},{"type":"Feature","properties":{"name":"North 8th Avenue","highway":"residential","osm":"way/5591476"},"geometry":{"type":"LineString","coordinates":[[-112.08415,33.47946],[-112.08412,33.48037]]}},{"type":"Feature","properties":{"name":"North 8th Avenue","highway":"residential","osm":"way/5591480"},"geometry":{"type":"LineString","coordinates":[[-112.08451,33.47673],[-112.08453,33.47769]]}},{"type":"Feature","properties":{"name":"North 8th Avenue","highway":"residential","osm":"way/5591481"},"geometry":{"type":"LineString","coordinates":[[-112.08444,33.47497],[-112.08446,33.47582]]}},{"type":"Feature","properties":{"name":"North 8th Avenue","highway":"residential","osm":"way/5591482"},"geometry":{"type":"LineString","coordinates":[[-112.08349,33.51483],[-112.08352,33.51567]]}},{"type":"Feature","properties":{"name":"North 8th Avenue","highway":"residential","osm":"way/5591495"},"geometry":{"type":"LineString","coordinates":[[-112.08368,33.4482],[-112.08369,33.44928]]}},{"type":"Feature","properties":{"name":"East Yuma Street","highway":"residential","osm":"way/5591752"},"geometry":{"type":"LineString","coordinates":[[-112.05869,33.435],[-112.0565,33.435]]}},{"type":"Feature","properties":{"name":"East Yuma Street","highway":"residential","osm":"way/5591754"},"geometry":{"type":"LineString","coordinates":[[-112.05436,33.435],[-112.05216,33.435]]}},{"type":"Feature","properties":{"name":"West Flower Street","highway":"residential","osm":"way/5592290"},"geometry":{"type":"LineString","coordinates":[[-112.09686,33.48506],[-112.09785,33.48502]]}},{"type":"Feature","properties":{"name":"West Flower Street","highway":"residential","osm":"way/5592299"},"geometry":{"type":"LineString","coordinates":[[-112.09464,33.4855],[-112.09674,33.48551]]}},{"type":"Feature","properties":{"name":"West Flower Street","highway":"residential","osm":"way/5592305"},"geometry":{"type":"LineString","coordinates":[[-112.09137,33.48546],[-112.09245,33.48547]]}},{"type":"Feature","properties":{"name":"East Devonshire Avenue","highway":"residential","osm":"way/5592857"},"geometry":{"type":"LineString","coordinates":[[-112.06504,33.49727],[-112.05632,33.49727]]}},{"type":"Feature","properties":{"name":"North 10th Avenue","highway":"residential","osm":"way/5592905"},"geometry":{"type":"LineString","coordinates":[[-112.08635,33.45137],[-112.08635,33.45332]]}},{"type":"Feature","properties":{"name":"North 10th Avenue","highway":"residential","osm":"way/5592913"},"geometry":{"type":"LineString","coordinates":[[-112.0859,33.4482],[-112.08592,33.45137]]}},{"type":"Feature","properties":{"name":"East Hadley Street","highway":"residential","osm":"way/5593209"},"geometry":{"type":"LineString","coordinates":[[-112.06148,33.43883],[-112.05965,33.43883]]}},{"type":"Feature","properties":{"name":"East Hadley Street","highway":"residential","osm":"way/5593210"},"geometry":{"type":"LineString","coordinates":[[-112.05653,33.43911],[-112.04775,33.43911]]}},{"type":"Feature","properties":{"name":"East Hadley Street","highway":"residential","osm":"way/5593212"},"geometry":{"type":"LineString","coordinates":[[-112.07373,33.43907],[-112.06873,33.43907]]}},{"type":"Feature","properties":{"name":"West Lincoln Street","highway":"unclassified","osm":"way/5593300"},"geometry":{"type":"LineString","coordinates":[[-112.08266,33.44194],[-112.09575,33.44191]]}},{"type":"Feature","properties":{"name":"West Lincoln Street","highway":"residential","osm":"way/5593306"},"geometry":{"type":"LineString","coordinates":[[-112.09575,33.44237],[-112.10007,33.44233]]}},{"type":"Feature","properties":{"name":"West Lincoln Street","highway":"secondary","osm":"way/5593311"},"geometry":{"type":"LineString","coordinates":[[-112.07642,33.44219],[-112.07968,33.44216],[-112.08098,33.44129]]}},{"type":"Feature","properties":{"name":"North 33rd Street","highway":"residential","osm":"way/5593500"},"geometry":{"type":"LineString","coordinates":[[-112.01073,33.45394],[-112.01073,33.45764]]}},{"type":"Feature","properties":{"name":"West Coolidge Street","highway":"residential","osm":"way/5594554"},"geometry":{"type":"LineString","coordinates":[[-112.07814,33.50477],[-112.07483,33.50474]]}},{"type":"Feature","properties":{"name":"West Coolidge Street","highway":"residential","osm":"way/5594556"},"geometry":{"type":"LineString","coordinates":[[-112.09565,33.50518],[-112.09898,33.50522]]}},{"type":"Feature","properties":{"name":"South Central Avenue","highway":"secondary","osm":"way/5594605"},"geometry":{"type":"LineString","coordinates":[[-112.07378,33.44504],[-112.07379,33.44554]]}},{"type":"Feature","properties":{"name":"North 30th Street","highway":"residential","osm":"way/5595257"},"geometry":{"type":"LineString","coordinates":[[-112.01726,33.44809],[-112.01725,33.46115]]}},{"type":"Feature","properties":{"name":"North 2nd Place","highway":"residential","osm":"way/5595393"},"geometry":{"type":"LineString","coordinates":[[-112.07058,33.49377],[-112.07051,33.4948]]}},{"type":"Feature","properties":{"name":"West Windsor Avenue","highway":"residential","osm":"way/5595973"},"geometry":{"type":"LineString","coordinates":[[-112.07521,33.47847],[-112.08469,33.47857]]}},{"type":"Feature","properties":{"name":"West Windsor Avenue","highway":"residential","osm":"way/5595978"},"geometry":{"type":"LineString","coordinates":[[-112.0914,33.47864],[-112.09376,33.4787]]}},{"type":"Feature","properties":{"name":"North Cofco Center Court","highway":"unclassified","osm":"way/5596117"},"geometry":{"type":"LineString","coordinates":[[-111.9911,33.45748],[-111.98956,33.45735],[-111.98958,33.45475]]}},{"type":"Feature","properties":{"name":"West Cambridge Avenue","highway":"residential","osm":"way/5596187"},"geometry":{"type":"LineString","coordinates":[[-112.07543,33.47758],[-112.08453,33.47769]]}},{"type":"Feature","properties":{"name":"South 12th Avenue","highway":"residential","osm":"way/5596450"},"geometry":{"type":"LineString","coordinates":[[-112.08812,33.44708],[-112.08813,33.44819]]}},{"type":"Feature","properties":{"name":"South 12th Avenue","highway":"residential","osm":"way/5596454"},"geometry":{"type":"LineString","coordinates":[[-112.08794,33.43677],[-112.08788,33.43311]]}},{"type":"Feature","properties":{"name":"West Monterosa Street","highway":"residential","osm":"way/5596652"},"geometry":{"type":"LineString","coordinates":[[-112.09359,33.49605],[-112.09445,33.49584],[-112.09793,33.49588]]}},{"type":"Feature","properties":{"name":"West Monterosa Street","highway":"residential","osm":"way/5596656"},"geometry":{"type":"LineString","coordinates":[[-112.08481,33.4958],[-112.08907,33.49584]]}},{"type":"Feature","properties":{"name":"North 37th Street","highway":"residential","osm":"way/5596828"},"geometry":{"type":"LineString","coordinates":[[-112.00213,33.45127],[-112.00211,33.455]]}},{"type":"Feature","properties":{"name":"South 9th Place","highway":"residential","osm":"way/5596922"},"geometry":{"type":"LineString","coordinates":[[-112.06215,33.44066],[-112.06216,33.43846]]}},{"type":"Feature","properties":{"name":"North 41st Place","highway":"residential","osm":"way/5597053"},"geometry":{"type":"LineString","coordinates":[[-111.99225,33.45122],[-111.99225,33.45486]]}},{"type":"Feature","properties":{"name":"East Almeria Road","highway":"residential","osm":"way/5597141"},"geometry":{"type":"LineString","coordinates":[[-112.05856,33.4667],[-112.04335,33.46667]]}},{"type":"Feature","properties":{"name":"East Melvin Street","highway":"residential","osm":"way/5597814"},"geometry":{"type":"LineString","coordinates":[[-112.00836,33.45219],[-112.00415,33.45219]]}},{"type":"Feature","properties":{"name":"East Melvin Street","highway":"residential","osm":"way/5597816"},"geometry":{"type":"LineString","coordinates":[[-111.99331,33.45222],[-111.99115,33.45221]]}},{"type":"Feature","properties":{"name":"North 12th Street","highway":"residential","osm":"way/5597917"},"geometry":{"type":"LineString","coordinates":[[-112.05645,33.45868],[-112.05646,33.45386]]}},{"type":"Feature","properties":{"name":"North 12th Street","highway":"residential","osm":"way/5597918"},"geometry":{"type":"LineString","coordinates":[[-112.05594,33.45136],[-112.05596,33.45386]]}},{"type":"Feature","properties":{"name":"North 12th Street","highway":"residential","osm":"way/5597920"},"geometry":{"type":"LineString","coordinates":[[-112.05644,33.44888],[-112.05644,33.45135]]}},{"type":"Feature","properties":{"name":"East Roosevelt Street","highway":"tertiary","osm":"way/5598011"},"geometry":{"type":"LineString","coordinates":[[-112.06976,33.45868],[-112.0706,33.45868]]}},{"type":"Feature","properties":{"name":"South 40th Street","highway":"unclassified","osm":"way/5598544"},"geometry":{"type":"LineString","coordinates":[[-111.99544,33.42583],[-111.99546,33.4219]]}},{"type":"Feature","properties":{"name":"South 40th Street","highway":"unclassified","osm":"way/5598558"},"geometry":{"type":"LineString","coordinates":[[-111.99544,33.4472],[-111.99553,33.44454]]}},{"type":"Feature","properties":{"name":"East Magnolia Street","highway":"unclassified","osm":"way/5598762"},"geometry":{"type":"LineString","coordinates":[[-111.99547,33.42282],[-111.9853,33.42281]]}},{"type":"Feature","properties":{"name":"East Magnolia Street","highway":"residential","osm":"way/5598764"},"geometry":{"type":"LineString","coordinates":[[-112.03667,33.4224],[-112.02461,33.4225]]}},{"type":"Feature","properties":{"name":"East Diamond Street","highway":"residential","osm":"way/5598849"},"geometry":{"type":"LineString","coordinates":[[-112.05894,33.45927],[-112.05645,33.45927]]}},{"type":"Feature","properties":{"name":"East Diamond Street","highway":"residential","osm":"way/5598852"},"geometry":{"type":"LineString","coordinates":[[-112.05428,33.4596],[-112.04765,33.45963]]}},{"type":"Feature","properties":{"name":"East Diamond Street","highway":"residential","osm":"way/5598854"},"geometry":{"type":"LineString","coordinates":[[-112.05428,33.45957],[-112.05645,33.45956]]}},{"type":"Feature","properties":{"name":"West Lynwood Street","highway":"residential","osm":"way/5598922"},"geometry":{"type":"LineString","coordinates":[[-112.08267,33.46478],[-112.09453,33.46475]]}},{"type":"Feature","properties":{"name":"East Montecito Avenue","highway":"residential","osm":"way/5599278"},"geometry":{"type":"LineString","coordinates":[[-112.06142,33.49916],[-112.06505,33.49913]]}},{"type":"Feature","properties":{"name":"East Montecito Avenue","highway":"residential","osm":"way/5599282"},"geometry":{"type":"LineString","coordinates":[[-112.04762,33.49924],[-112.0441,33.49927]]}},{"type":"Feature","properties":{"name":"South Montezuma Avenue","highway":"residential","osm":"way/5599560"},"geometry":{"type":"LineString","coordinates":[[-112.07836,33.44115],[-112.07836,33.43708]]}},{"type":"Feature","properties":{"name":"West Indianola Avenue","highway":"residential","osm":"way/5599642"},"geometry":{"type":"LineString","coordinates":[[-112.09258,33.49223],[-112.09993,33.49231]]}},{"type":"Feature","properties":{"name":"West Indianola Avenue","highway":"residential","osm":"way/5599647"},"geometry":{"type":"LineString","coordinates":[[-112.08809,33.49226],[-112.09018,33.49225]]}},{"type":"Feature","properties":{"name":"West Indianola Avenue","highway":"residential","osm":"way/5599648"},"geometry":{"type":"LineString","coordinates":[[-112.08395,33.49148],[-112.08696,33.49189]]}},{"type":"Feature","properties":{"name":"East Alvarado Road","highway":"residential","osm":"way/5600229"},"geometry":{"type":"LineString","coordinates":[[-112.07095,33.47249],[-112.06512,33.47247]]}},{"type":"Feature","properties":{"name":"East Orange Drive","highway":"residential","osm":"way/5600430"},"geometry":{"type":"LineString","coordinates":[[-112.06168,33.51195],[-112.05955,33.51195]]}},{"type":"Feature","properties":{"name":"East Orange Drive","highway":"residential","osm":"way/5600441"},"geometry":{"type":"LineString","coordinates":[[-112.07079,33.51202],[-112.07377,33.51204]]}},{"type":"Feature","properties":{"name":"East Orange Drive","highway":"residential","osm":"way/5600442"},"geometry":{"type":"LineString","coordinates":[[-112.07078,33.51184],[-112.06797,33.512],[-112.06616,33.51168]]}},{"type":"Feature","properties":{"name":"North 1st Street","highway":"residential","osm":"way/5600517"},"geometry":{"type":"LineString","coordinates":[[-112.07256,33.44819],[-112.07255,33.45138]]}},{"type":"Feature","properties":{"name":"North 1st Street","highway":"residential","osm":"way/5600525"},"geometry":{"type":"LineString","coordinates":[[-112.07258,33.50658],[-112.07267,33.50741]]}},{"type":"Feature","properties":{"name":"North Alvarado Road","highway":"residential","osm":"way/5600655"},"geometry":{"type":"LineString","coordinates":[[-112.07114,33.46939],[-112.07115,33.47111]]}},{"type":"Feature","properties":{"name":"North Alvarado Road","highway":"residential","osm":"way/5600656"},"geometry":{"type":"LineString","coordinates":[[-112.0716,33.46572],[-112.0716,33.46939]]}},{"type":"Feature","properties":{"name":"North 17th Street","highway":"residential","osm":"way/5600663"},"geometry":{"type":"LineString","coordinates":[[-112.04547,33.47292],[-112.04546,33.47777]]}},{"type":"Feature","properties":{"name":"North 17th Street","highway":"residential","osm":"way/5600676"},"geometry":{"type":"LineString","coordinates":[[-112.0455,33.45688],[-112.0455,33.45709]]}},{"type":"Feature","properties":{"name":"North 17th Street","highway":"residential","osm":"way/5600686"},"geometry":{"type":"LineString","coordinates":[[-112.04555,33.44836],[-112.04558,33.45508]]}},{"type":"Feature","properties":{"name":"North 17th Street","highway":"residential","osm":"way/5600687"},"geometry":{"type":"LineString","coordinates":[[-112.04548,33.46281],[-112.04548,33.46377]]}},{"type":"Feature","properties":{"name":"North 17th Street","highway":"residential","osm":"way/5600689"},"geometry":{"type":"LineString","coordinates":[[-112.04547,33.46051],[-112.04547,33.4614]]}},{"type":"Feature","properties":{"name":"North 17th Street","highway":"residential","osm":"way/5600692"},"geometry":{"type":"LineString","coordinates":[[-112.04544,33.50638],[-112.04544,33.5038]]}},{"type":"Feature","properties":{"name":"North 17th Street","highway":"residential","osm":"way/5600695"},"geometry":{"type":"LineString","coordinates":[[-112.04552,33.46623],[-112.0455,33.47119]]}},{"type":"Feature","properties":{"name":"East Madison Street","highway":"residential","osm":"way/5600772"},"geometry":{"type":"LineString","coordinates":[[-112.0621,33.44562],[-112.059,33.44562]]}},{"type":"Feature","properties":{"name":"East Madison Street","highway":"residential","osm":"way/5600773"},"geometry":{"type":"LineString","coordinates":[[-112.04757,33.44618],[-112.039,33.44618]]}},{"type":"Feature","properties":{"name":"East Madison Street","highway":"residential","osm":"way/5600774"},"geometry":{"type":"LineString","coordinates":[[-112.05644,33.44613],[-112.05424,33.44615]]}},{"type":"Feature","properties":{"name":"East Madison Street","highway":"unclassified","osm":"way/5600775"},"geometry":{"type":"LineString","coordinates":[[-111.99547,33.44625],[-111.99168,33.44627]]}},{"type":"Feature","properties":{"name":"East Madison Street","highway":"residential","osm":"way/5600776"},"geometry":{"type":"LineString","coordinates":[[-112.01291,33.44636],[-112.01725,33.44636]]}},{"type":"Feature","properties":{"name":"East Madison Street","highway":"residential","osm":"way/5600780"},"geometry":{"type":"LineString","coordinates":[[-112.01291,33.44616],[-112.00743,33.44615]]}},{"type":"Feature","properties":{"name":"East Madison Street","highway":"residential","osm":"way/5600783"},"geometry":{"type":"LineString","coordinates":[[-112.03027,33.44632],[-112.02591,33.44628]]}},{"type":"Feature","properties":{"name":"East Madison Street","highway":"residential","osm":"way/5600785"},"geometry":{"type":"LineString","coordinates":[[-112.07382,33.44608],[-112.07253,33.44608]]}},{"type":"Feature","properties":{"name":"East Virginia Avenue","highway":"tertiary","osm":"way/5600905"},"geometry":{"type":"LineString","coordinates":[[-112.07372,33.47664],[-112.07316,33.47664]]}},{"type":"Feature","properties":{"name":"East Fillmore Street","highway":"residential","osm":"way/5600954"},"geometry":{"type":"LineString","coordinates":[[-112.00212,33.45399],[-112.00022,33.45399]]}},{"type":"Feature","properties":{"name":"East Fillmore Street","highway":"residential","osm":"way/5600957"},"geometry":{"type":"LineString","coordinates":[[-112.01215,33.45488],[-112.00418,33.45491]]}},{"type":"Feature","properties":{"name":"East Fillmore Street","highway":"residential","osm":"way/5600958"},"geometry":{"type":"LineString","coordinates":[[-111.99526,33.4549],[-111.99112,33.45484]]}},{"type":"Feature","properties":{"name":"East Fillmore Street","highway":"residential","osm":"way/5600963"},"geometry":{"type":"LineString","coordinates":[[-112.02135,33.45493],[-112.01292,33.45492]]}},{"type":"Feature","properties":{"name":"East Fillmore Street","highway":"residential","osm":"way/5600966"},"geometry":{"type":"LineString","coordinates":[[-112.06207,33.45483],[-112.04768,33.45483]]}},{"type":"Feature","properties":{"name":"East Fillmore Street","highway":"residential","osm":"way/5600967"},"geometry":{"type":"LineString","coordinates":[[-112.06524,33.4545],[-112.07379,33.45463]]}},{"type":"Feature","properties":{"name":"West Woodland Avenue","highway":"residential","osm":"way/5600970"},"geometry":{"type":"LineString","coordinates":[[-112.08481,33.4511],[-112.09144,33.45105]]}},{"type":"Feature","properties":{"name":"North 15th Drive","highway":"residential","osm":"way/5601031"},"geometry":{"type":"LineString","coordinates":[[-112.09317,33.49581],[-112.09234,33.49686],[-112.09246,33.49982]]}},{"type":"Feature","properties":{"name":"North 15th Drive","highway":"residential","osm":"way/5601048"},"geometry":{"type":"LineString","coordinates":[[-112.09286,33.50586],[-112.09288,33.50677]]}},{"type":"Feature","properties":{"name":"North 15th Drive","highway":"residential","osm":"way/5601049"},"geometry":{"type":"LineString","coordinates":[[-112.09258,33.48949],[-112.09258,33.49223]]}},{"type":"Feature","properties":{"name":"North 15th Drive","highway":"residential","osm":"way/5601051"},"geometry":{"type":"LineString","coordinates":[[-112.09261,33.48144],[-112.09256,33.48312]]}},{"type":"Feature","properties":{"name":"East Buchanan Street","highway":"residential","osm":"way/5601150"},"geometry":{"type":"LineString","coordinates":[[-112.07252,33.4432],[-112.06993,33.4432]]}},{"type":"Feature","properties":{"name":"South 17th Avenue","highway":"secondary","osm":"way/5601451"},"geometry":{"type":"LineString","coordinates":[[-112.09583,33.44763],[-112.09584,33.44862]]}},{"type":"Feature","properties":{"name":"South 17th Avenue","highway":"secondary","osm":"way/5601459"},"geometry":{"type":"LineString","coordinates":[[-112.09569,33.43833],[-112.09569,33.43812]]}},{"type":"Feature","properties":{"name":"North 10th Place","highway":"residential","osm":"way/5601697"},"geometry":{"type":"LineString","coordinates":[[-112.05955,33.50921],[-112.05955,33.51286]]}},{"type":"Feature","properties":{"name":"North 10th Place","highway":"residential","osm":"way/5601702"},"geometry":{"type":"LineString","coordinates":[[-112.0599,33.44991],[-112.05984,33.45009]]}},{"type":"Feature","properties":{"name":"East Harvard Street","highway":"residential","osm":"way/5601780"},"geometry":{"type":"LineString","coordinates":[[-112.04986,33.47389],[-112.03896,33.47392]]}},{"type":"Feature","properties":{"name":"North 5th Avenue Northwest","highway":"residential","osm":"way/5601889"},"geometry":{"type":"LineString","coordinates":[[-112.08034,33.49562],[-112.08159,33.49669],[-112.08249,33.49685]]}},{"type":"Feature","properties":{"name":"West Buchanan Street","highway":"residential","osm":"way/5602004"},"geometry":{"type":"LineString","coordinates":[[-112.09578,33.44334],[-112.10007,33.44333]]}},{"type":"Feature","properties":{"name":"West Buchanan Street","highway":"residential","osm":"way/5602006"},"geometry":{"type":"LineString","coordinates":[[-112.07641,33.44326],[-112.07767,33.44319]]}},{"type":"Feature","properties":{"name":"West Buchanan Street","highway":"unclassified","osm":"way/5602008"},"geometry":{"type":"LineString","coordinates":[[-112.08264,33.44296],[-112.08694,33.44294]]}},{"type":"Feature","properties":{"name":"West Mitchell Drive","highway":"residential","osm":"way/5602022"},"geometry":{"type":"LineString","coordinates":[[-112.08326,33.48856],[-112.08451,33.48855],[-112.08697,33.48897]]}},{"type":"Feature","properties":{"name":"West Mitchell Drive","highway":"residential","osm":"way/5602028"},"geometry":{"type":"LineString","coordinates":[[-112.09571,33.48862],[-112.09782,33.48864]]}},{"type":"Feature","properties":{"name":"West Mitchell Drive","highway":"residential","osm":"way/5602029"},"geometry":{"type":"LineString","coordinates":[[-112.09243,33.48865],[-112.09137,33.48864]]}},{"type":"Feature","properties":{"name":"East Fern Drive North","highway":"residential","osm":"way/5602281"},"geometry":{"type":"LineString","coordinates":[[-112.05785,33.51199],[-112.05756,33.51233],[-112.05626,33.51236]]}},{"type":"Feature","properties":{"name":"East Fern Drive South","highway":"residential","osm":"way/5602415"},"geometry":{"type":"LineString","coordinates":[[-112.05627,33.51153],[-112.05758,33.51157],[-112.05785,33.51199]]}},{"type":"Feature","properties":{"name":"North 4th Street","highway":"residential","osm":"way/5602458"},"geometry":{"type":"LineString","coordinates":[[-112.06838,33.50352],[-112.06837,33.50382]]}},{"type":"Feature","properties":{"name":"North 4th Street","highway":"residential","osm":"way/5602478"},"geometry":{"type":"LineString","coordinates":[[-112.06788,33.45442],[-112.06864,33.45553],[-112.06871,33.45772]]}},{"type":"Feature","properties":{"name":"North 4th Street","highway":"residential","osm":"way/5602491"},"geometry":{"type":"LineString","coordinates":[[-112.0684,33.51288],[-112.06839,33.51383]]}},{"type":"Feature","properties":{"name":"East Mitchell Drive","highway":"residential","osm":"way/5602607"},"geometry":{"type":"LineString","coordinates":[[-112.04766,33.48877],[-112.04847,33.48884]]}},{"type":"Feature","properties":{"name":"East Mitchell Drive","highway":"residential","osm":"way/5602608"},"geometry":{"type":"LineString","coordinates":[[-112.04766,33.4889],[-112.04399,33.48893]]}},{"type":"Feature","properties":{"name":"East Mitchell Drive","highway":"residential","osm":"way/5602614"},"geometry":{"type":"LineString","coordinates":[[-112.05418,33.48841],[-112.05201,33.48841]]}},{"type":"Feature","properties":{"name":"South 13th Street","highway":"residential","osm":"way/5602731"},"geometry":{"type":"LineString","coordinates":[[-112.05432,33.43681],[-112.05437,33.43319]]}},{"type":"Feature","properties":{"name":"East Harbour Drive","highway":"unclassified","osm":"way/5603300"},"geometry":{"type":"LineString","coordinates":[[-112.01193,33.41658],[-112.00709,33.42112]]}},{"type":"Feature","properties":{"name":"West Portland Street","highway":"residential","osm":"way/5603378"},"geometry":{"type":"LineString","coordinates":[[-112.07395,33.45993],[-112.07411,33.45993]]}},{"type":"Feature","properties":{"name":"West Portland Street","highway":"residential","osm":"way/5603383"},"geometry":{"type":"LineString","coordinates":[[-112.07779,33.45968],[-112.08021,33.45968]]}},{"type":"Feature","properties":{"name":"East Amelia Avenue","highway":"residential","osm":"way/5603454"},"geometry":{"type":"LineString","coordinates":[[-112.04922,33.49366],[-112.05144,33.49359]]}},{"type":"Feature","properties":{"name":"East Amelia Avenue","highway":"residential","osm":"way/5603455"},"geometry":{"type":"LineString","coordinates":[[-112.04601,33.49351],[-112.04456,33.49352]]}},{"type":"Feature","properties":{"name":"East Amelia Avenue","highway":"residential","osm":"way/5603458"},"geometry":{"type":"LineString","coordinates":[[-112.06507,33.49383],[-112.06444,33.49383]]}},{"type":"Feature","properties":{"name":"East Amelia Avenue","highway":"residential","osm":"way/5603464"},"geometry":{"type":"LineString","coordinates":[[-112.05303,33.49338],[-112.05241,33.49338]]}},{"type":"Feature","properties":{"name":null,"highway":"secondary_link","osm":"way/5603616"},"geometry":{"type":"LineString","coordinates":[[-112.09571,33.43858],[-112.09603,33.43736]]}},{"type":"Feature","properties":{"name":"West Buckeye Road","highway":"secondary","osm":"way/5603622"},"geometry":{"type":"LineString","coordinates":[[-112.07443,33.43691],[-112.07524,33.43709],[-112.0817,33.43697]]}},{"type":"Feature","properties":{"name":"East Adams Street","highway":"residential","osm":"way/5603929"},"geometry":{"type":"LineString","coordinates":[[-112.06065,33.4493],[-112.06015,33.44923]]}},{"type":"Feature","properties":{"name":"East Adams Street","highway":"residential","osm":"way/5603931"},"geometry":{"type":"LineString","coordinates":[[-112.07382,33.44931],[-112.07128,33.44931]]}},{"type":"Feature","properties":{"name":"East Adams Street","highway":"residential","osm":"way/5603932"},"geometry":{"type":"LineString","coordinates":[[-112.05643,33.44941],[-112.05423,33.44942]]}},{"type":"Feature","properties":{"name":"East Adams Street","highway":"residential","osm":"way/5603933"},"geometry":{"type":"LineString","coordinates":[[-112.03616,33.44949],[-112.03365,33.44942]]}},{"type":"Feature","properties":{"name":"East Adams Street","highway":"residential","osm":"way/5603934"},"geometry":{"type":"LineString","coordinates":[[-112.0302,33.44931],[-112.01725,33.44925]]}},{"type":"Feature","properties":{"name":"East Fairmount Avenue","highway":"residential","osm":"way/5604213"},"geometry":{"type":"LineString","coordinates":[[-112.05635,33.49269],[-112.05417,33.49268]]}},{"type":"Feature","properties":{"name":"East Fairmount Avenue","highway":"residential","osm":"way/5604216"},"geometry":{"type":"LineString","coordinates":[[-112.06799,33.49282],[-112.06671,33.49281]]}},{"type":"Feature","properties":{"name":"North 15th Place","highway":"residential","osm":"way/5604465"},"geometry":{"type":"LineString","coordinates":[[-112.04922,33.49366],[-112.04919,33.49472]]}},{"type":"Feature","properties":{"name":"North 15th Place","highway":"residential","osm":"way/5604475"},"geometry":{"type":"LineString","coordinates":[[-112.0487,33.48252],[-112.04873,33.48285]]}},{"type":"Feature","properties":{"name":"South 20th Place","highway":"residential","osm":"way/5604740"},"geometry":{"type":"LineString","coordinates":[[-112.03842,33.42384],[-112.03839,33.42278]]}},{"type":"Feature","properties":{"name":"North 9th Street","highway":"residential","osm":"way/5604975"},"geometry":{"type":"LineString","coordinates":[[-112.06269,33.49096],[-112.06288,33.49727]]}},{"type":"Feature","properties":{"name":"North 9th Street","highway":"residential","osm":"way/5604978"},"geometry":{"type":"LineString","coordinates":[[-112.06182,33.46935],[-112.06179,33.47727]]}},{"type":"Feature","properties":{"name":"North 9th Street","highway":"residential","osm":"way/5604994"},"geometry":{"type":"LineString","coordinates":[[-112.06177,33.51359],[-112.06177,33.51502]]}},{"type":"Feature","properties":{"name":"West Flower Circle North","highway":"residential","osm":"way/5605025"},"geometry":{"type":"LineString","coordinates":[[-112.09245,33.48547],[-112.09267,33.48593],[-112.09435,33.48596],[-112.09464,33.4855]]}},{"type":"Feature","properties":{"name":"West Flower Circle South","highway":"residential","osm":"way/5605217"},"geometry":{"type":"LineString","coordinates":[[-112.09245,33.48547],[-112.09261,33.48503],[-112.09367,33.48502],[-112.09454,33.48507],[-112.09464,33.4855]]}},{"type":"Feature","properties":{"name":"West Coronado Road","highway":"residential","osm":"way/5605264"},"geometry":{"type":"LineString","coordinates":[[-112.08273,33.46767],[-112.08489,33.46748],[-112.08577,33.46768],[-112.08835,33.46769],[-112.08927,33.46747],[-112.09017,33.4677],[-112.09141,33.46767]]}},{"type":"Feature","properties":{"name":"South 18th Street","highway":"residential","osm":"way/5605423"},"geometry":{"type":"LineString","coordinates":[[-112.04347,33.42574],[-112.04346,33.42375]]}},{"type":"Feature","properties":{"name":"East Coronado Road","highway":"residential","osm":"way/5605866"},"geometry":{"type":"LineString","coordinates":[[-112.04657,33.46758],[-112.03899,33.46758]]}},{"type":"Feature","properties":{"name":"East Coronado Road","highway":"residential","osm":"way/5605870"},"geometry":{"type":"LineString","coordinates":[[-112.06076,33.46755],[-112.05639,33.46757]]}},{"type":"Feature","properties":{"name":"East Coronado Road","highway":"residential","osm":"way/5605872"},"geometry":{"type":"LineString","coordinates":[[-112.05426,33.46758],[-112.04769,33.46759]]}},{"type":"Feature","properties":{"name":null,"highway":"primary_link","osm":"way/5605877"},"geometry":{"type":"LineString","coordinates":[[-112.07393,33.46881],[-112.07373,33.46815]]}},{"type":"Feature","properties":{"name":"East Coronado Road","highway":"residential","osm":"way/5605878"},"geometry":{"type":"LineString","coordinates":[[-112.06076,33.46717],[-112.06511,33.46715]]}},{"type":"Feature","properties":{"name":"North 18th Avenue","highway":"residential","osm":"way/5606178"},"geometry":{"type":"LineString","coordinates":[[-112.09782,33.50053],[-112.09778,33.50228]]}},{"type":"Feature","properties":{"name":"North 18th Avenue","highway":"residential","osm":"way/5606181"},"geometry":{"type":"LineString","coordinates":[[-112.09782,33.4878],[-112.0978,33.495]]}},{"type":"Feature","properties":{"name":"North 18th Avenue","highway":"unclassified","osm":"way/5606183"},"geometry":{"type":"LineString","coordinates":[[-112.09788,33.46411],[-112.09774,33.46585]]}},{"type":"Feature","properties":{"name":"North 18th Avenue","highway":"residential","osm":"way/5606185"},"geometry":{"type":"LineString","coordinates":[[-112.09782,33.48688],[-112.09788,33.48055]]}},{"type":"Feature","properties":{"name":"North 18th Avenue","highway":"residential","osm":"way/5606186"},"geometry":{"type":"LineString","coordinates":[[-112.09788,33.4586],[-112.09786,33.46085]]}},{"type":"Feature","properties":{"name":"North 18th Avenue","highway":"residential","osm":"way/5606197"},"geometry":{"type":"LineString","coordinates":[[-112.09747,33.51258],[-112.0975,33.50962]]}},{"type":"Feature","properties":{"name":"North Palmcroft Drive Southeast","highway":"residential","osm":"way/5607205"},"geometry":{"type":"LineString","coordinates":[[-112.08486,33.46679],[-112.08391,33.46687],[-112.08384,33.46768]]}},{"type":"Feature","properties":{"name":"East Brill Street","highway":"residential","osm":"way/5607302"},"geometry":{"type":"LineString","coordinates":[[-112.04771,33.46474],[-112.03901,33.46474]]}},{"type":"Feature","properties":{"name":"North Palmcroft Drive Southwest","highway":"residential","osm":"way/5607459"},"geometry":{"type":"LineString","coordinates":[[-112.08486,33.46679],[-112.08585,33.46687],[-112.08592,33.46767]]}},{"type":"Feature","properties":{"name":"West Palm Lane","highway":"residential","osm":"way/5607802"},"geometry":{"type":"LineString","coordinates":[[-112.07588,33.46947],[-112.07382,33.46943]]}},{"type":"Feature","properties":{"name":"West Latham Street","highway":"residential","osm":"way/5608111"},"geometry":{"type":"LineString","coordinates":[[-112.07779,33.4607],[-112.07935,33.4607],[-112.08013,33.46038]]}},{"type":"Feature","properties":{"name":"West Latham Street","highway":"residential","osm":"way/5608115"},"geometry":{"type":"LineString","coordinates":[[-112.08704,33.46068],[-112.09127,33.46068]]}},{"type":"Feature","properties":{"name":"North 4th Avenue","highway":"residential","osm":"way/5608675"},"geometry":{"type":"LineString","coordinates":[[-112.07897,33.44823],[-112.07892,33.4495]]}},{"type":"Feature","properties":{"name":"East Catalina Drive","highway":"residential","osm":"way/5609013"},"geometry":{"type":"LineString","coordinates":[[-112.05333,33.48234],[-112.05277,33.48234]]}},{"type":"Feature","properties":{"name":"East Catalina Drive","highway":"residential","osm":"way/5609017"},"geometry":{"type":"LineString","coordinates":[[-112.04767,33.48185],[-112.04377,33.48189]]}},{"type":"Feature","properties":{"name":"South 16th Place","highway":"unclassified","osm":"way/5609231"},"geometry":{"type":"LineString","coordinates":[[-112.04715,33.44228],[-112.04715,33.44137]]}},{"type":"Feature","properties":{"name":"South 16th Place","highway":"residential","osm":"way/5609235"},"geometry":{"type":"LineString","coordinates":[[-112.04722,33.44717],[-112.04723,33.44517]]}},{"type":"Feature","properties":{"name":"West Whitton Avenue","highway":"residential","osm":"way/5609405"},"geometry":{"type":"LineString","coordinates":[[-112.08915,33.48948],[-112.0925,33.4895],[-112.0933,33.48914]]}},{"type":"Feature","properties":{"name":"West Whitton Avenue","highway":"residential","osm":"way/5609431"},"geometry":{"type":"LineString","coordinates":[[-112.08386,33.48926],[-112.08697,33.4897]]}},{"type":"Feature","properties":{"name":"West Catalina Drive","highway":"residential","osm":"way/5610182"},"geometry":{"type":"LineString","coordinates":[[-112.09787,33.48238],[-112.09849,33.48239]]}},{"type":"Feature","properties":{"name":"West Catalina Drive","highway":"residential","osm":"way/5610183"},"geometry":{"type":"LineString","coordinates":[[-112.09466,33.48232],[-112.09681,33.48234]]}},{"type":"Feature","properties":{"name":"West Catalina Drive","highway":"tertiary","osm":"way/5610187"},"geometry":{"type":"LineString","coordinates":[[-112.08131,33.482],[-112.08308,33.48196]]}},{"type":"Feature","properties":{"name":"West Catalina Drive","highway":"residential","osm":"way/5610192"},"geometry":{"type":"LineString","coordinates":[[-112.07412,33.48224],[-112.0782,33.48219]]}},{"type":"Feature","properties":{"name":"North 40th Place","highway":"residential","osm":"way/5610667"},"geometry":{"type":"LineString","coordinates":[[-111.99388,33.44962],[-111.99391,33.44821]]}},{"type":"Feature","properties":{"name":"East Mulberry Street","highway":"residential","osm":"way/5610770"},"geometry":{"type":"LineString","coordinates":[[-112.05301,33.48639],[-112.04768,33.4864]]}},{"type":"Feature","properties":{"name":"North 29th Street","highway":"residential","osm":"way/5612277"},"geometry":{"type":"LineString","coordinates":[[-112.01941,33.45261],[-112.01941,33.45422]]}},{"type":"Feature","properties":{"name":"North 29th Street","highway":"residential","osm":"way/5612280"},"geometry":{"type":"LineString","coordinates":[[-112.01942,33.44827],[-112.01923,33.44927],[-112.0194,33.45131]]}},{"type":"Feature","properties":{"name":"East Jefferson Street","highway":"residential","osm":"way/5612396"},"geometry":{"type":"LineString","coordinates":[[-112.01291,33.44715],[-112.00742,33.44714]]}},{"type":"Feature","properties":{"name":"North Harding Street","highway":"residential","osm":"way/5612458"},"geometry":{"type":"LineString","coordinates":[[-112.05203,33.49106],[-112.05205,33.49192]]}},{"type":"Feature","properties":{"name":"South 34th Street","highway":"residential","osm":"way/5612783"},"geometry":{"type":"LineString","coordinates":[[-112.00742,33.44762],[-112.00748,33.44521]]}},{"type":"Feature","properties":{"name":"East Clarendon Avenue","highway":"residential","osm":"way/5612851"},"geometry":{"type":"LineString","coordinates":[[-112.07372,33.49115],[-112.06506,33.49109]]}},{"type":"Feature","properties":{"name":"East Clarendon Avenue","highway":"residential","osm":"way/5612854"},"geometry":{"type":"LineString","coordinates":[[-112.05635,33.49109],[-112.04983,33.49105]]}},{"type":"Feature","properties":{"name":"East Clarendon Avenue","highway":"residential","osm":"way/5612855"},"geometry":{"type":"LineString","coordinates":[[-112.04983,33.49066],[-112.04765,33.49067]]}},{"type":"Feature","properties":{"name":"South 5th Avenue","highway":"residential","osm":"way/5612942"},"geometry":{"type":"LineString","coordinates":[[-112.08048,33.4401],[-112.0805,33.42951]]}},{"type":"Feature","properties":{"name":"South 5th Avenue","highway":"residential","osm":"way/5612956"},"geometry":{"type":"LineString","coordinates":[[-112.08019,33.44712],[-112.08018,33.44503]]}},{"type":"Feature","properties":{"name":"East Monroe Street","highway":"residential","osm":"way/5613555"},"geometry":{"type":"LineString","coordinates":[[-112.07382,33.45037],[-112.06582,33.4504]]}},{"type":"Feature","properties":{"name":"East Monroe Street","highway":"residential","osm":"way/5613557"},"geometry":{"type":"LineString","coordinates":[[-112.06208,33.44983],[-112.05898,33.44984]]}},{"type":"Feature","properties":{"name":"East Monroe Street","highway":"residential","osm":"way/5613559"},"geometry":{"type":"LineString","coordinates":[[-112.04206,33.45046],[-112.03817,33.45046]]}},{"type":"Feature","properties":{"name":"East Monroe Street","highway":"residential","osm":"way/5613560"},"geometry":{"type":"LineString","coordinates":[[-112.05644,33.45041],[-112.04555,33.45045]]}},{"type":"Feature","properties":{"name":"East Monroe Street","highway":"residential","osm":"way/5613561"},"geometry":{"type":"LineString","coordinates":[[-112.03626,33.45044],[-112.03384,33.45042]]}},{"type":"Feature","properties":{"name":"East Monroe Street","highway":"residential","osm":"way/5613562"},"geometry":{"type":"LineString","coordinates":[[-112.0302,33.45032],[-112.02589,33.45031]]}},{"type":"Feature","properties":{"name":"East Monroe Street","highway":"residential","osm":"way/5613564"},"geometry":{"type":"LineString","coordinates":[[-112.02156,33.4503],[-112.01725,33.45028]]}},{"type":"Feature","properties":{"name":"West Garfield Street","highway":"residential","osm":"way/5613735"},"geometry":{"type":"LineString","coordinates":[[-112.09124,33.45766],[-112.09565,33.45768]]}},{"type":"Feature","properties":{"name":"North Palmcroft Way Northeast","highway":"residential","osm":"way/5613913"},"geometry":{"type":"LineString","coordinates":[[-112.08815,33.46768],[-112.08822,33.46841],[-112.08925,33.4685]]}},{"type":"Feature","properties":{"name":"East Colter Street","highway":"residential","osm":"way/5614030"},"geometry":{"type":"LineString","coordinates":[[-112.07376,33.51292],[-112.07334,33.51292]]}},{"type":"Feature","properties":{"name":"North 3rd Street","highway":"residential","osm":"way/5614418"},"geometry":{"type":"LineString","coordinates":[[-112.06939,33.50733],[-112.06939,33.5087]]}},{"type":"Feature","properties":{"name":"North 3rd Street","highway":"tertiary","osm":"way/5614425"},"geometry":{"type":"LineString","coordinates":[[-112.06941,33.45969],[-112.06976,33.45868]]}},{"type":"Feature","properties":{"name":"North 3rd Street","highway":"tertiary","osm":"way/5614466"},"geometry":{"type":"LineString","coordinates":[[-112.06926,33.45902],[-112.06941,33.45969]]}},{"type":"Feature","properties":{"name":"North Palmcroft Way Northwest","highway":"residential","osm":"way/5614714"},"geometry":{"type":"LineString","coordinates":[[-112.08925,33.4685],[-112.09017,33.46844],[-112.0903,33.46769]]}},{"type":"Feature","properties":{"name":"East University Drive","highway":"primary","osm":"way/5614848"},"geometry":{"type":"LineString","coordinates":[[-111.9858,33.42179],[-111.9851,33.42179]]}},{"type":"Feature","properties":{"name":"East University Drive","highway":"residential","osm":"way/5614877"},"geometry":{"type":"LineString","coordinates":[[-112.03842,33.42384],[-112.03114,33.42401]]}},{"type":"Feature","properties":{"name":"South 5th Street","highway":"residential","osm":"way/5615136"},"geometry":{"type":"LineString","coordinates":[[-112.06726,33.44647],[-112.06748,33.44824]]}},{"type":"Feature","properties":{"name":"South 5th Street","highway":"residential","osm":"way/5615139"},"geometry":{"type":"LineString","coordinates":[[-112.06741,33.43683],[-112.06737,33.43136]]}},{"type":"Feature","properties":{"name":"South 25th Street","highway":"residential","osm":"way/5615792"},"geometry":{"type":"LineString","coordinates":[[-112.02785,33.44817],[-112.02785,33.4473]]}},{"type":"Feature","properties":{"name":"North 9th Avenue","highway":"residential","osm":"way/5616002"},"geometry":{"type":"LineString","coordinates":[[-112.08482,33.45333],[-112.08485,33.45968]]}},{"type":"Feature","properties":{"name":"North 9th Avenue","highway":"residential","osm":"way/5616005"},"geometry":{"type":"LineString","coordinates":[[-112.08526,33.45138],[-112.08527,33.45332]]}},{"type":"Feature","properties":{"name":"North 9th Avenue","highway":"residential","osm":"way/5616030"},"geometry":{"type":"LineString","coordinates":[[-112.08484,33.47175],[-112.08502,33.47123],[-112.08483,33.4708]]}},{"type":"Feature","properties":{"name":"North 9th Avenue","highway":"residential","osm":"way/5616031"},"geometry":{"type":"LineString","coordinates":[[-112.08483,33.4708],[-112.08465,33.47123],[-112.08484,33.47175]]}},{"type":"Feature","properties":{"name":"North 9th Avenue","highway":"residential","osm":"way/5616032"},"geometry":{"type":"LineString","coordinates":[[-112.08489,33.46172],[-112.08495,33.46584]]}},{"type":"Feature","properties":{"name":"North 9th Avenue","highway":"residential","osm":"way/5616042"},"geometry":{"type":"LineString","coordinates":[[-112.08481,33.4958],[-112.08471,33.49876],[-112.08516,33.49988],[-112.08529,33.50131]]}},{"type":"Feature","properties":{"name":"East Avalon Drive","highway":"residential","osm":"way/5616946"},"geometry":{"type":"LineString","coordinates":[[-112.05333,33.48322],[-112.05277,33.48323]]}},{"type":"Feature","properties":{"name":"West Georgia Avenue","highway":"residential","osm":"way/5617071"},"geometry":{"type":"LineString","coordinates":[[-112.08247,33.51478],[-112.08696,33.5152],[-112.08898,33.51454],[-112.09108,33.51493]]}},{"type":"Feature","properties":{"name":"North 13th Place","highway":"residential","osm":"way/5617277"},"geometry":{"type":"LineString","coordinates":[[-112.05371,33.45138],[-112.05376,33.45387]]}},{"type":"Feature","properties":{"name":"North 13th Place","highway":"residential","osm":"way/5617285"},"geometry":{"type":"LineString","coordinates":[[-112.05312,33.4596],[-112.05311,33.4605]]}},{"type":"Feature","properties":{"name":"North 13th Place","highway":"residential","osm":"way/5617289"},"geometry":{"type":"LineString","coordinates":[[-112.05275,33.51113],[-112.05274,33.51287]]}},{"type":"Feature","properties":{"name":"North 13th Place","highway":"residential","osm":"way/5617294"},"geometry":{"type":"LineString","coordinates":[[-112.05304,33.49193],[-112.05303,33.49338]]}},{"type":"Feature","properties":{"name":"South 39th Street","highway":"unclassified","osm":"way/5617356"},"geometry":{"type":"LineString","coordinates":[[-111.99763,33.42194],[-111.99762,33.42024]]}},{"type":"Feature","properties":{"name":"East Georgia Avenue","highway":"residential","osm":"way/5617664"},"geometry":{"type":"LineString","coordinates":[[-112.06177,33.51431],[-112.05844,33.51431]]}},{"type":"Feature","properties":{"name":"East Georgia Avenue","highway":"residential","osm":"way/5617668"},"geometry":{"type":"LineString","coordinates":[[-112.05844,33.51461],[-112.05627,33.5146]]}},{"type":"Feature","properties":{"name":"East Georgia Avenue","highway":"residential","osm":"way/5617670"},"geometry":{"type":"LineString","coordinates":[[-112.06988,33.51465],[-112.06723,33.51463]]}},{"type":"Feature","properties":{"name":"East Georgia Avenue","highway":"unclassified","osm":"way/5617674"},"geometry":{"type":"LineString","coordinates":[[-112.04756,33.51466],[-112.04586,33.51455]]}},{"type":"Feature","properties":{"name":"West Holly Street","highway":"residential","osm":"way/5617887"},"geometry":{"type":"LineString","coordinates":[[-112.07477,33.47061],[-112.0739,33.47061]]}},{"type":"Feature","properties":{"name":"West Holly Street","highway":"residential","osm":"way/5617890"},"geometry":{"type":"LineString","coordinates":[[-112.08819,33.47034],[-112.0914,33.47029]]}},{"type":"Feature","properties":{"name":"South 14th Street","highway":"residential","osm":"way/5618605"},"geometry":{"type":"LineString","coordinates":[[-112.05212,33.43627],[-112.05233,33.42959],[-112.05218,33.42799]]}},{"type":"Feature","properties":{"name":"West Edgemont Avenue","highway":"residential","osm":"way/5618676"},"geometry":{"type":"LineString","coordinates":[[-112.07505,33.47935],[-112.07391,33.47934]]}},{"type":"Feature","properties":{"name":"West Edgemont Avenue","highway":"residential","osm":"way/5618685"},"geometry":{"type":"LineString","coordinates":[[-112.08415,33.47946],[-112.09377,33.47958]]}},{"type":"Feature","properties":{"name":"East Sheridan Street","highway":"residential","osm":"way/5619250"},"geometry":{"type":"LineString","coordinates":[[-112.04547,33.47482],[-112.03895,33.47483]]}},{"type":"Feature","properties":{"name":"East Sheridan Street","highway":"residential","osm":"way/5619255"},"geometry":{"type":"LineString","coordinates":[[-112.06945,33.47484],[-112.06902,33.47483]]}},{"type":"Feature","properties":{"name":"East Verde Lane","highway":"residential","osm":"way/5619307"},"geometry":{"type":"LineString","coordinates":[[-112.05333,33.48144],[-112.05277,33.48144]]}},{"type":"Feature","properties":{"name":"East Verde Lane","highway":"residential","osm":"way/5619313"},"geometry":{"type":"LineString","coordinates":[[-112.04766,33.48105],[-112.04377,33.48105]]}},{"type":"Feature","properties":{"name":"East Polk Street","highway":"residential","osm":"way/5619353"},"geometry":{"type":"LineString","coordinates":[[-112.06207,33.4529],[-112.05374,33.45292]]}},{"type":"Feature","properties":{"name":"East Polk Street","highway":"residential","osm":"way/5619354"},"geometry":{"type":"LineString","coordinates":[[-112.00213,33.45218],[-111.9992,33.45217]]}},{"type":"Feature","properties":{"name":"East Polk Street","highway":"residential","osm":"way/5619356"},"geometry":{"type":"LineString","coordinates":[[-112.00947,33.45302],[-112.00416,33.45309]]}},{"type":"Feature","properties":{"name":"East Polk Street","highway":"residential","osm":"way/5619357"},"geometry":{"type":"LineString","coordinates":[[-112.03602,33.45292],[-112.0302,33.45297]]}},{"type":"Feature","properties":{"name":"East Polk Street","highway":"residential","osm":"way/5619358"},"geometry":{"type":"LineString","coordinates":[[-112.04768,33.45293],[-112.04447,33.45294]]}},{"type":"Feature","properties":{"name":"East Polk Street","highway":"residential","osm":"way/5619362"},"geometry":{"type":"LineString","coordinates":[[-112.02122,33.45302],[-112.01941,33.45261]]}},{"type":"Feature","properties":{"name":"East Polk Street","highway":"residential","osm":"way/5619363"},"geometry":{"type":"LineString","coordinates":[[-112.05374,33.45269],[-112.04952,33.45272]]}},{"type":"Feature","properties":{"name":"West Elm Street","highway":"residential","osm":"way/5622037"},"geometry":{"type":"LineString","coordinates":[[-112.09565,33.50682],[-112.0999,33.50689]]}},{"type":"Feature","properties":{"name":"West Elm Street","highway":"residential","osm":"way/5622041"},"geometry":{"type":"LineString","coordinates":[[-112.09288,33.50677],[-112.0945,33.5068]]}},{"type":"Feature","properties":{"name":"West Almeria Road","highway":"residential","osm":"way/5622762"},"geometry":{"type":"LineString","coordinates":[[-112.07608,33.46675],[-112.08268,33.4668]]}},{"type":"Feature","properties":{"name":"North 5th Place","highway":"residential","osm":"way/5622918"},"geometry":{"type":"LineString","coordinates":[[-112.06564,33.45996],[-112.06552,33.46126]]}},{"type":"Feature","properties":{"name":"North 23rd Street","highway":"residential","osm":"way/5623036"},"geometry":{"type":"LineString","coordinates":[[-112.03262,33.45136],[-112.0327,33.45517]]}},{"type":"Feature","properties":{"name":"North 36th Street","highway":"residential","osm":"way/5623785"},"geometry":{"type":"LineString","coordinates":[[-112.00414,33.45127],[-112.0042,33.45687]]}},{"type":"Feature","properties":{"name":"South 8th Place","highway":"residential","osm":"way/5623876"},"geometry":{"type":"LineString","coordinates":[[-112.06366,33.44067],[-112.06368,33.43847]]}},{"type":"Feature","properties":{"name":"South 8th Place","highway":"residential","osm":"way/5623884"},"geometry":{"type":"LineString","coordinates":[[-112.06369,33.43789],[-112.06368,33.4373]]}},{"type":"Feature","properties":{"name":"West Verde Lane","highway":"residential","osm":"way/5624245"},"geometry":{"type":"LineString","coordinates":[[-112.0969,33.48152],[-112.0985,33.48151]]}},{"type":"Feature","properties":{"name":"West Verde Lane","highway":"residential","osm":"way/5624251"},"geometry":{"type":"LineString","coordinates":[[-112.09261,33.48144],[-112.09456,33.48147]]}},{"type":"Feature","properties":{"name":"North 20th Street","highway":"tertiary","osm":"way/5624502"},"geometry":{"type":"LineString","coordinates":[[-112.039,33.45195],[-112.03901,33.4581]]}},{"type":"Feature","properties":{"name":"South 8th Avenue","highway":"residential","osm":"way/5624867"},"geometry":{"type":"LineString","coordinates":[[-112.08368,33.4482],[-112.08366,33.4471]]}},{"type":"Feature","properties":{"name":"South 8th Avenue","highway":"residential","osm":"way/5624871"},"geometry":{"type":"LineString","coordinates":[[-112.08363,33.43683],[-112.08362,33.43587]]}},{"type":"Feature","properties":{"name":"West Campbell Avenue","highway":"tertiary","osm":"way/5624942"},"geometry":{"type":"LineString","coordinates":[[-112.09128,33.50221],[-112.10044,33.50233],[-112.10205,33.50252],[-112.1045,33.50229]]}},{"type":"Feature","properties":{"name":"West Campbell Avenue","highway":"tertiary","osm":"way/5624963"},"geometry":{"type":"LineString","coordinates":[[-112.07449,33.50206],[-112.07739,33.50205]]}},{"type":"Feature","properties":{"name":"North 11th Street","highway":"tertiary","osm":"way/5625021"},"geometry":{"type":"LineString","coordinates":[[-112.05898,33.44984],[-112.05898,33.45135]]}},{"type":"Feature","properties":{"name":"North 11th Street","highway":"residential","osm":"way/5625046"},"geometry":{"type":"LineString","coordinates":[[-112.05891,33.46255],[-112.05891,33.46328]]}},{"type":"Feature","properties":{"name":"North 11th Street","highway":"residential","osm":"way/5625056"},"geometry":{"type":"LineString","coordinates":[[-112.05857,33.46574],[-112.05852,33.47478]]}},{"type":"Feature","properties":{"name":"North 11th Street","highway":"residential","osm":"way/5625062"},"geometry":{"type":"LineString","coordinates":[[-112.05844,33.51286],[-112.05845,33.51572]]}},{"type":"Feature","properties":{"name":"East Culver Street","highway":"residential","osm":"way/5625235"},"geometry":{"type":"LineString","coordinates":[[-112.07239,33.46266],[-112.07124,33.46267]]}},{"type":"Feature","properties":{"name":"East Culver Street","highway":"residential","osm":"way/5625240"},"geometry":{"type":"LineString","coordinates":[[-112.06072,33.46256],[-112.05642,33.46258]]}},{"type":"Feature","properties":{"name":"East Oregon Avenue","highway":"residential","osm":"way/5625544"},"geometry":{"type":"LineString","coordinates":[[-112.06177,33.51359],[-112.05844,33.51359]]}},{"type":"Feature","properties":{"name":"East Oregon Avenue","highway":"residential","osm":"way/5625547"},"geometry":{"type":"LineString","coordinates":[[-112.07303,33.51383],[-112.07376,33.51383]]}},{"type":"Feature","properties":{"name":"East Oregon Avenue","highway":"residential","osm":"way/5625548"},"geometry":{"type":"LineString","coordinates":[[-112.04917,33.51414],[-112.04756,33.51412]]}},{"type":"Feature","properties":{"name":"South 11th Avenue","highway":"residential","osm":"way/5625818"},"geometry":{"type":"LineString","coordinates":[[-112.087,33.44708],[-112.08696,33.4451]]}},{"type":"Feature","properties":{"name":"East Medlock Drive","highway":"residential","osm":"way/5626009"},"geometry":{"type":"LineString","coordinates":[[-112.05841,33.51102],[-112.05627,33.51101]]}},{"type":"Feature","properties":{"name":"East Medlock Drive","highway":"residential","osm":"way/5626014"},"geometry":{"type":"LineString","coordinates":[[-112.04755,33.51104],[-112.04596,33.51109]]}},{"type":"Feature","properties":{"name":"East Medlock Drive","highway":"residential","osm":"way/5626015"},"geometry":{"type":"LineString","coordinates":[[-112.06171,33.51105],[-112.05955,33.51104]]}},{"type":"Feature","properties":{"name":"East Medlock Drive","highway":"residential","osm":"way/5626020"},"geometry":{"type":"LineString","coordinates":[[-112.06883,33.51114],[-112.07377,33.51116]]}},{"type":"Feature","properties":{"name":"East Medlock Drive","highway":"residential","osm":"way/5626022"},"geometry":{"type":"LineString","coordinates":[[-112.06827,33.51114],[-112.06883,33.51114]]}},{"type":"Feature","properties":{"name":"East Yavapai Street","highway":"residential","osm":"way/5626024"},"geometry":{"type":"LineString","coordinates":[[-112.05869,33.43591],[-112.05651,33.4359]]}},{"type":"Feature","properties":{"name":"West Highland Avenue","highway":"residential","osm":"way/5626765"},"geometry":{"type":"LineString","coordinates":[[-112.08247,33.50572],[-112.09126,33.50581]]}},{"type":"Feature","properties":{"name":"West Highland Avenue","highway":"residential","osm":"way/5626778"},"geometry":{"type":"LineString","coordinates":[[-112.09126,33.50584],[-112.09989,33.50597]]}},{"type":"Feature","properties":{"name":"North 14th Avenue","highway":"residential","osm":"way/5626853"},"geometry":{"type":"LineString","coordinates":[[-112.09018,33.49225],[-112.09016,33.49396]]}},{"type":"Feature","properties":{"name":"North 14th Avenue","highway":"residential","osm":"way/5626870"},"geometry":{"type":"LineString","coordinates":[[-112.09026,33.45136],[-112.09027,33.45329]]}},{"type":"Feature","properties":{"name":"South 42nd Street","highway":"unclassified","osm":"way/5626874"},"geometry":{"type":"LineString","coordinates":[[-111.99126,33.42281],[-111.99125,33.42093]]}},{"type":"Feature","properties":{"name":"South 42nd Street","highway":"residential","osm":"way/5626896"},"geometry":{"type":"LineString","coordinates":[[-111.99054,33.44539],[-111.99057,33.44453]]}},{"type":"Feature","properties":{"name":"South 33rd Street","highway":"residential","osm":"way/5626987"},"geometry":{"type":"LineString","coordinates":[[-112.01009,33.4481],[-112.01009,33.44517]]}},{"type":"Feature","properties":{"name":"South 19th Place","highway":"residential","osm":"way/5627030"},"geometry":{"type":"LineString","coordinates":[[-112.0402,33.42577],[-112.04021,33.42381]]}},{"type":"Feature","properties":{"name":"West Maricopa Street","highway":"residential","osm":"way/5627422"},"geometry":{"type":"LineString","coordinates":[[-112.09128,33.43767],[-112.09909,33.43766]]}},{"type":"Feature","properties":{"name":"East Meadowbrook Avenue","highway":"residential","osm":"way/5627459"},"geometry":{"type":"LineString","coordinates":[[-112.06504,33.5038],[-112.05203,33.50379]]}},{"type":"Feature","properties":{"name":"South 30th Street","highway":"residential","osm":"way/5628469"},"geometry":{"type":"LineString","coordinates":[[-112.01726,33.44809],[-112.01725,33.44537]]}},{"type":"Feature","properties":{"name":"North 16th Street","highway":"secondary","osm":"way/5628689"},"geometry":{"type":"LineString","coordinates":[[-112.04778,33.44836],[-112.04768,33.44899]]}},{"type":"Feature","properties":{"name":"South 37th Street","highway":"unclassified","osm":"way/5630492"},"geometry":{"type":"LineString","coordinates":[[-112.0016,33.42164],[-112.00258,33.42356]]}},{"type":"Feature","properties":{"name":"South 37th Street","highway":"residential","osm":"way/5630496"},"geometry":{"type":"LineString","coordinates":[[-112.00284,33.44807],[-112.00281,33.44444],[-112.00375,33.44441]]}},{"type":"Feature","properties":{"name":"South 41st Place","highway":"unclassified","osm":"way/5630769"},"geometry":{"type":"LineString","coordinates":[[-111.99164,33.44723],[-111.99168,33.44627]]}},{"type":"Feature","properties":{"name":"West Amelia Avenue","highway":"residential","osm":"way/5631137"},"geometry":{"type":"LineString","coordinates":[[-112.08345,33.49368],[-112.08696,33.49403]]}},{"type":"Feature","properties":{"name":"West Amelia Avenue","highway":"residential","osm":"way/5631140"},"geometry":{"type":"LineString","coordinates":[[-112.08811,33.49394],[-112.09016,33.49396]]}},{"type":"Feature","properties":{"name":"West Amelia Avenue","highway":"residential","osm":"way/5631142"},"geometry":{"type":"LineString","coordinates":[[-112.09351,33.49401],[-112.09134,33.49399]]}},{"type":"Feature","properties":{"name":"South 12th Street","highway":"residential","osm":"way/5631851"},"geometry":{"type":"LineString","coordinates":[[-112.05645,33.42857],[-112.05652,33.43681]]}},{"type":"Feature","properties":{"name":"North 12th Avenue","highway":"residential","osm":"way/5632184"},"geometry":{"type":"LineString","coordinates":[[-112.08813,33.44819],[-112.08816,33.45108]]}},{"type":"Feature","properties":{"name":"North 12th Avenue","highway":"residential","osm":"way/5632195"},"geometry":{"type":"LineString","coordinates":[[-112.08834,33.51189],[-112.08802,33.51231]]}},{"type":"Feature","properties":{"name":"North 12th Avenue","highway":"residential","osm":"way/5632199"},"geometry":{"type":"LineString","coordinates":[[-112.08819,33.47034],[-112.08831,33.4726]]}},{"type":"Feature","properties":{"name":"North 12th Avenue","highway":"residential","osm":"way/5632202"},"geometry":{"type":"LineString","coordinates":[[-112.08752,33.50186],[-112.08798,33.504],[-112.08798,33.50579]]}},{"type":"Feature","properties":{"name":"North 12th Avenue","highway":"residential","osm":"way/5632210"},"geometry":{"type":"LineString","coordinates":[[-112.08809,33.49226],[-112.08811,33.49394]]}},{"type":"Feature","properties":{"name":"North 12th Avenue","highway":"residential","osm":"way/5632228"},"geometry":{"type":"LineString","coordinates":[[-112.08844,33.45138],[-112.08845,33.45331]]}},{"type":"Feature","properties":{"name":"South 26th Street","highway":"residential","osm":"way/5633372"},"geometry":{"type":"LineString","coordinates":[[-112.0259,33.44777],[-112.02592,33.44444]]}},{"type":"Feature","properties":{"name":"West Mariposa Street","highway":"residential","osm":"way/5633670"},"geometry":{"type":"LineString","coordinates":[[-112.07535,33.50844],[-112.07814,33.50841]]}},{"type":"Feature","properties":{"name":"North Bonitos Drive","highway":"residential","osm":"way/5633798"},"geometry":{"type":"LineString","coordinates":[[-112.05423,33.47157],[-112.0534,33.47179]]}},{"type":"Feature","properties":{"name":"East Mariposa Street","highway":"residential","osm":"way/5634683"},"geometry":{"type":"LineString","coordinates":[[-112.0694,33.5084],[-112.0672,33.50838]]}},{"type":"Feature","properties":{"name":"East Mariposa Street","highway":"residential","osm":"way/5634687"},"geometry":{"type":"LineString","coordinates":[[-112.07314,33.50838],[-112.07259,33.50863]]}},{"type":"Feature","properties":{"name":"North Whittier Drive","highway":"residential","osm":"way/5634847"},"geometry":{"type":"LineString","coordinates":[[-112.04657,33.46758],[-112.04672,33.46809],[-112.04725,33.46847]]}},{"type":"Feature","properties":{"name":"North Whittier Drive","highway":"residential","osm":"way/5634848"},"geometry":{"type":"LineString","coordinates":[[-112.04726,33.46667],[-112.04682,33.46694],[-112.04657,33.46758]]}},{"type":"Feature","properties":{"name":"West Monte Vista Road","highway":"residential","osm":"way/5634982"},"geometry":{"type":"LineString","coordinates":[[-112.07824,33.47089],[-112.07934,33.4712],[-112.08815,33.47124]]}},{"type":"Feature","properties":{"name":"West Muhammmad Ali Way","highway":"residential","osm":"way/5635097"},"geometry":{"type":"LineString","coordinates":[[-112.07391,33.48122],[-112.07815,33.48125]]}},{"type":"Feature","properties":{"name":"South 3rd Avenue","highway":"residential","osm":"way/5635205"},"geometry":{"type":"LineString","coordinates":[[-112.07726,33.4401],[-112.07728,33.43513]]}},{"type":"Feature","properties":{"name":"South 3rd Avenue","highway":"residential","osm":"way/5635209"},"geometry":{"type":"LineString","coordinates":[[-112.0777,33.44503],[-112.0777,33.44607]]}},{"type":"Feature","properties":{"name":"North 8th Street","highway":"residential","osm":"way/5635895"},"geometry":{"type":"LineString","coordinates":[[-112.06396,33.51058],[-112.06398,33.50922]]}},{"type":"Feature","properties":{"name":"North 8th Street","highway":"residential","osm":"way/5635904"},"geometry":{"type":"LineString","coordinates":[[-112.06402,33.46935],[-112.06398,33.47637]]}},{"type":"Feature","properties":{"name":"North 8th Street","highway":"residential","osm":"way/5635908"},"geometry":{"type":"LineString","coordinates":[[-112.06381,33.49172],[-112.06378,33.49291]]}},{"type":"Feature","properties":{"name":"North 8th Street","highway":"residential","osm":"way/5635922"},"geometry":{"type":"LineString","coordinates":[[-112.06364,33.45753],[-112.06363,33.45869]]}},{"type":"Feature","properties":{"name":"South 17th Street","highway":"residential","osm":"way/5636277"},"geometry":{"type":"LineString","coordinates":[[-112.04557,33.44822],[-112.04557,33.44732]]}},{"type":"Feature","properties":{"name":"North Encanto Drive Northeast","highway":"residential","osm":"way/5636406"},"geometry":{"type":"LineString","coordinates":[[-112.08353,33.47123],[-112.08409,33.47295]]}},{"type":"Feature","properties":{"name":"West Avalon Drive","highway":"residential","osm":"way/5636824"},"geometry":{"type":"LineString","coordinates":[[-112.08313,33.48299],[-112.08522,33.483]]}},{"type":"Feature","properties":{"name":"West Avalon Drive","highway":"residential","osm":"way/5636825"},"geometry":{"type":"LineString","coordinates":[[-112.0969,33.48321],[-112.09848,33.48327]]}},{"type":"Feature","properties":{"name":"West Avalon Drive","highway":"residential","osm":"way/5636835"},"geometry":{"type":"LineString","coordinates":[[-112.09256,33.48312],[-112.09454,33.48318]]}},{"type":"Feature","properties":{"name":"North Encanto Drive Northwest","highway":"residential","osm":"way/5636890"},"geometry":{"type":"LineString","coordinates":[[-112.08618,33.47123],[-112.08584,33.47259]]}},{"type":"Feature","properties":{"name":"East Pierson Street","highway":"residential","osm":"way/5637688"},"geometry":{"type":"LineString","coordinates":[[-112.06939,33.50755],[-112.06721,33.50753]]}},{"type":"Feature","properties":{"name":"East Pierson Street","highway":"residential","osm":"way/5637690"},"geometry":{"type":"LineString","coordinates":[[-112.07249,33.50717],[-112.07267,33.50741]]}},{"type":"Feature","properties":{"name":"East Pierson Street","highway":"residential","osm":"way/5637693"},"geometry":{"type":"LineString","coordinates":[[-112.07272,33.50747],[-112.07367,33.50747]]}},{"type":"Feature","properties":{"name":"South 10th Place","highway":"residential","osm":"way/5637827"},"geometry":{"type":"LineString","coordinates":[[-112.06065,33.43883],[-112.06065,33.44071]]}},{"type":"Feature","properties":{"name":"East Pierce Street","highway":"residential","osm":"way/5637931"},"geometry":{"type":"LineString","coordinates":[[-112.0732,33.45555],[-112.07126,33.45554]]}},{"type":"Feature","properties":{"name":"East Pierce Street","highway":"residential","osm":"way/5637942"},"geometry":{"type":"LineString","coordinates":[[-112.00212,33.45491],[-112.00146,33.4549]]}},{"type":"Feature","properties":{"name":"East Pierce Street","highway":"residential","osm":"way/5637952"},"geometry":{"type":"LineString","coordinates":[[-112.06522,33.45581],[-112.04768,33.45581]]}},{"type":"Feature","properties":{"name":"East Pierce Street","highway":"residential","osm":"way/5637963"},"geometry":{"type":"LineString","coordinates":[[-112.07,33.45553],[-112.06521,33.45552]]}},{"type":"Feature","properties":{"name":"East Turney Avenue","highway":"residential","osm":"way/5638039"},"geometry":{"type":"LineString","coordinates":[[-112.04761,33.50014],[-112.04409,33.50018]]}},{"type":"Feature","properties":{"name":"South 14th Avenue","highway":"residential","osm":"way/5638213"},"geometry":{"type":"LineString","coordinates":[[-112.09017,33.43676],[-112.09015,33.43497]]}},{"type":"Feature","properties":{"name":"South 14th Avenue","highway":"residential","osm":"way/5638215"},"geometry":{"type":"LineString","coordinates":[[-112.09036,33.44816],[-112.09035,33.44706]]}},{"type":"Feature","properties":{"name":"East Grant Street","highway":"unclassified","osm":"way/5639004"},"geometry":{"type":"LineString","coordinates":[[-112.04831,33.44145],[-112.04376,33.44133],[-112.04251,33.44058]]}},{"type":"Feature","properties":{"name":"East Grant Street","highway":"residential","osm":"way/5639006"},"geometry":{"type":"LineString","coordinates":[[-112.0738,33.44115],[-112.06992,33.44114]]}},{"type":"Feature","properties":{"name":"East Ormondo Way","highway":"living_street","osm":"way/5639030"},"geometry":{"type":"LineString","coordinates":[[-112.05626,33.51492],[-112.05522,33.51492]]}},{"type":"Feature","properties":{"name":"North 17th Avenue","highway":"secondary","osm":"way/5639471"},"geometry":{"type":"LineString","coordinates":[[-112.09584,33.44881],[-112.09584,33.44923]]}},{"type":"Feature","properties":{"name":"North 17th Avenue","highway":"residential","osm":"way/5639478"},"geometry":{"type":"LineString","coordinates":[[-112.09569,33.45189],[-112.09566,33.45496]]}},{"type":"Feature","properties":{"name":"North 17th Avenue","highway":"residential","osm":"way/5639483"},"geometry":{"type":"LineString","coordinates":[[-112.0957,33.49498],[-112.09568,33.49584]]}},{"type":"Feature","properties":{"name":"North 17th Avenue","highway":"residential","osm":"way/5639484"},"geometry":{"type":"LineString","coordinates":[[-112.09577,33.48052],[-112.0957,33.49317]]}},{"type":"Feature","properties":{"name":"North 17th Avenue","highway":"residential","osm":"way/5639487"},"geometry":{"type":"LineString","coordinates":[[-112.09497,33.4695],[-112.09497,33.47319]]}},{"type":"Feature","properties":{"name":"North 17th Avenue","highway":"residential","osm":"way/5639488"},"geometry":{"type":"LineString","coordinates":[[-112.09574,33.46236],[-112.09559,33.46503]]}},{"type":"Feature","properties":{"name":"North 17th Avenue","highway":"residential","osm":"way/5639494"},"geometry":{"type":"LineString","coordinates":[[-112.09564,33.4732],[-112.0956,33.47686]]}},{"type":"Feature","properties":{"name":"North Patricio Street","highway":"residential","osm":"way/5639714"},"geometry":{"type":"LineString","coordinates":[[-112.04446,33.45142],[-112.04448,33.45529]]}},{"type":"Feature","properties":{"name":"East Pinchot Avenue","highway":"residential","osm":"way/5640685"},"geometry":{"type":"LineString","coordinates":[[-112.04766,33.48269],[-112.03986,33.48259]]}},{"type":"Feature","properties":{"name":"East Pinchot Avenue","highway":"residential","osm":"way/5640688"},"geometry":{"type":"LineString","coordinates":[[-112.05017,33.48241],[-112.04766,33.48261]]}},{"type":"Feature","properties":{"name":"West Pasadena Avenue","highway":"residential","osm":"way/5641282"},"geometry":{"type":"LineString","coordinates":[[-112.07986,33.51064],[-112.07376,33.51054]]}},{"type":"Feature","properties":{"name":"West Pasadena Avenue","highway":"residential","osm":"way/5641295"},"geometry":{"type":"LineString","coordinates":[[-112.09291,33.51051],[-112.09564,33.51054]]}},{"type":"Feature","properties":{"name":"West Pasadena Avenue","highway":"residential","osm":"way/5641296"},"geometry":{"type":"LineString","coordinates":[[-112.09111,33.51084],[-112.0883,33.51026],[-112.08689,33.51024]]}},{"type":"Feature","properties":{"name":"East Watkins Street","highway":"unclassified","osm":"way/5641442"},"geometry":{"type":"LineString","coordinates":[[-111.99549,33.4239],[-111.99981,33.42422]]}},{"type":"Feature","properties":{"name":"East Watkins Street","highway":"residential","osm":"way/5641446"},"geometry":{"type":"LineString","coordinates":[[-112.04565,33.42573],[-112.03688,33.4258]]}},{"type":"Feature","properties":{"name":"South 21st Street","highway":"residential","osm":"way/5642231"},"geometry":{"type":"LineString","coordinates":[[-112.03688,33.4258],[-112.03667,33.4224]]}},{"type":"Feature","properties":{"name":"North 14th Street","highway":"residential","osm":"way/5642557"},"geometry":{"type":"LineString","coordinates":[[-112.05147,33.49106],[-112.05144,33.49473]]}},{"type":"Feature","properties":{"name":"North 14th Street","highway":"residential","osm":"way/5642578"},"geometry":{"type":"LineString","coordinates":[[-112.05106,33.48022],[-112.05105,33.48329]]}},{"type":"Feature","properties":{"name":"North 14th Street","highway":"residential","osm":"way/5642583"},"geometry":{"type":"LineString","coordinates":[[-112.05202,33.48741],[-112.05203,33.49106]]}},{"type":"Feature","properties":{"name":"North 14th Street","highway":"residential","osm":"way/5642598"},"geometry":{"type":"LineString","coordinates":[[-112.05141,33.51286],[-112.05186,33.51491],[-112.0519,33.51649]]}},{"type":"Feature","properties":{"name":"North 14th Street","highway":"residential","osm":"way/5642601"},"geometry":{"type":"LineString","coordinates":[[-112.05224,33.45139],[-112.05206,33.46141]]}},{"type":"Feature","properties":{"name":"North 14th Street","highway":"residential","osm":"way/5642624"},"geometry":{"type":"LineString","coordinates":[[-112.05205,33.46261],[-112.05202,33.48023]]}},{"type":"Feature","properties":{"name":"North 14th Street","highway":"residential","osm":"way/5642643"},"geometry":{"type":"LineString","coordinates":[[-112.05207,33.4489],[-112.05206,33.45139]]}},{"type":"Feature","properties":{"name":"East Virginia Circle","highway":"residential","osm":"way/5643507"},"geometry":{"type":"LineString","coordinates":[[-112.06879,33.47663],[-112.06876,33.47725],[-112.06729,33.47727]]}},{"type":"Feature","properties":{"name":"North 28th Street","highway":"residential","osm":"way/5643901"},"geometry":{"type":"LineString","coordinates":[[-112.02122,33.45302],[-112.02113,33.45774],[-112.02151,33.45857]]}},{"type":"Feature","properties":{"name":"North 28th Street","highway":"residential","osm":"way/5643914"},"geometry":{"type":"LineString","coordinates":[[-112.02158,33.44818],[-112.02155,33.45093]]}},{"type":"Feature","properties":{"name":"North Edgemere Street","highway":"residential","osm":"way/5643981"},"geometry":{"type":"LineString","coordinates":[[-112.05531,33.4712],[-112.05527,33.47659]]}},{"type":"Feature","properties":{"name":"North 2nd Avenue","highway":"residential","osm":"way/5644000"},"geometry":{"type":"LineString","coordinates":[[-112.07643,33.44931],[-112.07642,33.45982]]}},{"type":"Feature","properties":{"name":"North 2nd Avenue","highway":"residential","osm":"way/5644005"},"geometry":{"type":"LineString","coordinates":[[-112.07588,33.48532],[-112.07597,33.48672],[-112.07651,33.48679],[-112.07653,33.49286]]}},{"type":"Feature","properties":{"name":"North 2nd Avenue","highway":"residential","osm":"way/5644018"},"geometry":{"type":"LineString","coordinates":[[-112.07656,33.49844],[-112.07655,33.50026]]}},{"type":"Feature","properties":{"name":"West Heatherbrae Drive","highway":"residential","osm":"way/5644482"},"geometry":{"type":"LineString","coordinates":[[-112.09557,33.49823],[-112.09992,33.49827]]}},{"type":"Feature","properties":{"name":"West Heatherbrae Drive","highway":"residential","osm":"way/5644509"},"geometry":{"type":"LineString","coordinates":[[-112.0835,33.49759],[-112.0913,33.49768]]}},{"type":"Feature","properties":{"name":"East Monterey Way","highway":"residential","osm":"way/5644618"},"geometry":{"type":"LineString","coordinates":[[-112.07588,33.48532],[-112.07392,33.48526]]}},{"type":"Feature","properties":{"name":"North 30th Place","highway":"residential","osm":"way/5644975"},"geometry":{"type":"LineString","coordinates":[[-112.01598,33.4513],[-112.016,33.45672]]}},{"type":"Feature","properties":{"name":"West Culver Street","highway":"unclassified","osm":"way/5645132"},"geometry":{"type":"LineString","coordinates":[[-112.0968,33.46323],[-112.10002,33.46316]]}},{"type":"Feature","properties":{"name":"West Culver Street","highway":"residential","osm":"way/5645135"},"geometry":{"type":"LineString","coordinates":[[-112.07392,33.46253],[-112.08259,33.46274]]}},{"type":"Feature","properties":{"name":"North Evergreen Street","highway":"residential","osm":"way/5645173"},"geometry":{"type":"LineString","coordinates":[[-112.0534,33.47179],[-112.05313,33.47226],[-112.05325,33.47754],[-112.05259,33.47833],[-112.05284,33.47897]]}},{"type":"Feature","properties":{"name":"North Evergreen Street","highway":"residential","osm":"way/5645175"},"geometry":{"type":"LineString","coordinates":[[-112.05316,33.47122],[-112.0534,33.47179]]}},{"type":"Feature","properties":{"name":"North Evergreen Street","highway":"residential","osm":"way/5645185"},"geometry":{"type":"LineString","coordinates":[[-112.05325,33.48023],[-112.0533,33.48453]]}},{"type":"Feature","properties":{"name":"East Cambridge Avenue","highway":"residential","osm":"way/5646066"},"geometry":{"type":"LineString","coordinates":[[-112.05638,33.47736],[-112.05325,33.47754]]}},{"type":"Feature","properties":{"name":"East Cambridge Avenue","highway":"residential","osm":"way/5646070"},"geometry":{"type":"LineString","coordinates":[[-112.04987,33.4775],[-112.04765,33.47751]]}},{"type":"Feature","properties":{"name":"East Cambridge Avenue","highway":"residential","osm":"way/5646077"},"geometry":{"type":"LineString","coordinates":[[-112.06398,33.47752],[-112.06233,33.47723],[-112.06069,33.4775]]}},{"type":"Feature","properties":{"name":"South 4th Street","highway":"residential","osm":"way/5646186"},"geometry":{"type":"LineString","coordinates":[[-112.06876,33.44093],[-112.06869,33.43682]]}},{"type":"Feature","properties":{"name":"South 4th Street","highway":"residential","osm":"way/5646192"},"geometry":{"type":"LineString","coordinates":[[-112.06872,33.44639],[-112.06868,33.44218]]}},{"type":"Feature","properties":{"name":"West Grant Street","highway":"unclassified","osm":"way/5646382"},"geometry":{"type":"LineString","coordinates":[[-112.09131,33.44143],[-112.09231,33.4414]]}},{"type":"Feature","properties":{"name":"East Yale Street","highway":"residential","osm":"way/5646474"},"geometry":{"type":"LineString","coordinates":[[-112.04766,33.47571],[-112.03894,33.47571]]}},{"type":"Feature","properties":{"name":"East Yale Street","highway":"residential","osm":"way/5646489"},"geometry":{"type":"LineString","coordinates":[[-112.05203,33.47574],[-112.04987,33.47574]]}},{"type":"Feature","properties":{"name":"North 19th Street","highway":"residential","osm":"way/5646717"},"geometry":{"type":"LineString","coordinates":[[-112.04123,33.44837],[-112.04121,33.45631]]}},{"type":"Feature","properties":{"name":"North Richland Street","highway":"residential","osm":"way/5646885"},"geometry":{"type":"LineString","coordinates":[[-112.06293,33.46935],[-112.06284,33.47478]]}},{"type":"Feature","properties":{"name":"East Harrison Street","highway":"residential","osm":"way/5646910"},"geometry":{"type":"LineString","coordinates":[[-112.03086,33.444],[-112.03354,33.44403]]}},{"type":"Feature","properties":{"name":"South 4th Avenue","highway":"residential","osm":"way/5647368"},"geometry":{"type":"LineString","coordinates":[[-112.07897,33.44823],[-112.07894,33.44713]]}},{"type":"Feature","properties":{"name":"South 4th Avenue","highway":"residential","osm":"way/5647376"},"geometry":{"type":"LineString","coordinates":[[-112.07895,33.44219],[-112.07894,33.44116]]}},{"type":"Feature","properties":{"name":"South 4th Avenue","highway":"residential","osm":"way/5647377"},"geometry":{"type":"LineString","coordinates":[[-112.07943,33.44115],[-112.07944,33.43613]]}},{"type":"Feature","properties":{"name":"North 17th Drive","highway":"residential","osm":"way/5647428"},"geometry":{"type":"LineString","coordinates":[[-112.09689,33.45495],[-112.09692,33.4513]]}},{"type":"Feature","properties":{"name":"North 17th Drive","highway":"residential","osm":"way/5647429"},"geometry":{"type":"LineString","coordinates":[[-112.09666,33.50227],[-112.09665,33.50364]]}},{"type":"Feature","properties":{"name":"North 17th Drive","highway":"residential","osm":"way/5647443"},"geometry":{"type":"LineString","coordinates":[[-112.0969,33.48152],[-112.0969,33.48321]]}},{"type":"Feature","properties":{"name":"North 17th Drive","highway":"unclassified","osm":"way/5647451"},"geometry":{"type":"LineString","coordinates":[[-112.0968,33.46323],[-112.09667,33.46584]]}},{"type":"Feature","properties":{"name":"North 17th Drive","highway":"residential","osm":"way/5647453"},"geometry":{"type":"LineString","coordinates":[[-112.09686,33.48506],[-112.09681,33.48685]]}},{"type":"Feature","properties":{"name":"North 2nd Street","highway":"unclassified","osm":"way/5654294"},"geometry":{"type":"LineString","coordinates":[[-112.07119,33.47722],[-112.07125,33.47663]]}},{"type":"Feature","properties":{"name":"North 2nd Street","highway":"residential","osm":"way/5654315"},"geometry":{"type":"LineString","coordinates":[[-112.07124,33.46267],[-112.07124,33.46572]]}},{"type":"Feature","properties":{"name":"North 2nd Street","highway":"residential","osm":"way/5654320"},"geometry":{"type":"LineString","coordinates":[[-112.0716,33.49115],[-112.07164,33.4948]]}},{"type":"Feature","properties":{"name":"North 2nd Street","highway":"residential","osm":"way/5654322"},"geometry":{"type":"LineString","coordinates":[[-112.07126,33.45868],[-112.07125,33.45999]]}},{"type":"Feature","properties":{"name":"North 2nd Street","highway":"residential","osm":"way/5654331"},"geometry":{"type":"LineString","coordinates":[[-112.07084,33.5129],[-112.07089,33.51382]]}},{"type":"Feature","properties":{"name":"North 2nd Street","highway":"residential","osm":"way/5654333"},"geometry":{"type":"LineString","coordinates":[[-112.0705,33.50928],[-112.07117,33.51115],[-112.07032,33.51273]]}},{"type":"Feature","properties":{"name":"North 12th Place","highway":"residential","osm":"way/5654365"},"geometry":{"type":"LineString","coordinates":[[-112.05528,33.48741],[-112.05527,33.48928]]}},{"type":"Feature","properties":{"name":"North 12th Place","highway":"residential","osm":"way/5654366"},"geometry":{"type":"LineString","coordinates":[[-112.05528,33.49018],[-112.05527,33.49109]]}},{"type":"Feature","properties":{"name":"South 38th Street","highway":"unclassified","osm":"way/5654415"},"geometry":{"type":"LineString","coordinates":[[-111.99979,33.42197],[-111.99973,33.41533]]}},{"type":"Feature","properties":{"name":"South 38th Street","highway":"unclassified","osm":"way/5654431"},"geometry":{"type":"LineString","coordinates":[[-111.99981,33.42422],[-111.99979,33.42197]]}},{"type":"Feature","properties":{"name":"West Fillmore Street","highway":"residential","osm":"way/5654447"},"geometry":{"type":"LineString","coordinates":[[-112.08259,33.45515],[-112.08589,33.45513]]}},{"type":"Feature","properties":{"name":"East McKinley Street","highway":"residential","osm":"way/5654780"},"geometry":{"type":"LineString","coordinates":[[-112.07387,33.45667],[-112.06521,33.45656]]}},{"type":"Feature","properties":{"name":"East McKinley Street","highway":"residential","osm":"way/5654788"},"geometry":{"type":"LineString","coordinates":[[-112.06522,33.45672],[-112.06207,33.45671]]}},{"type":"Feature","properties":{"name":"East Indianola Avenue","highway":"residential","osm":"way/5655029"},"geometry":{"type":"LineString","coordinates":[[-112.04581,33.4923],[-112.04436,33.49232]]}},{"type":"Feature","properties":{"name":"East Indianola Avenue","highway":"residential","osm":"way/5655030"},"geometry":{"type":"LineString","coordinates":[[-112.05635,33.49189],[-112.05418,33.49189]]}},{"type":"Feature","properties":{"name":"East Indianola Avenue","highway":"residential","osm":"way/5655034"},"geometry":{"type":"LineString","coordinates":[[-112.04984,33.49198],[-112.04629,33.49196]]}},{"type":"Feature","properties":{"name":"East Indianola Avenue","highway":"residential","osm":"way/5655036"},"geometry":{"type":"LineString","coordinates":[[-112.0738,33.49238],[-112.06944,33.49235]]}},{"type":"Feature","properties":{"name":"North 6th Street","highway":"residential","osm":"way/5655071"},"geometry":{"type":"LineString","coordinates":[[-112.06666,33.51464],[-112.06663,33.5165]]}},{"type":"Feature","properties":{"name":"North 6th Street","highway":"residential","osm":"way/5655075"},"geometry":{"type":"LineString","coordinates":[[-112.06652,33.50925],[-112.06612,33.50998],[-112.06624,33.51056],[-112.06596,33.51133],[-112.06611,33.5122],[-112.06654,33.5127]]}},{"type":"Feature","properties":{"name":"South 40th Place","highway":"unclassified","osm":"way/5655252"},"geometry":{"type":"LineString","coordinates":[[-111.99393,33.44805],[-111.99404,33.44451]]}},{"type":"Feature","properties":{"name":"East Jackson Street","highway":"unclassified","osm":"way/5655444"},"geometry":{"type":"LineString","coordinates":[[-112.03616,33.44544],[-112.03461,33.44536]]}},{"type":"Feature","properties":{"name":"East Jackson Street","highway":"residential","osm":"way/5655445"},"geometry":{"type":"LineString","coordinates":[[-112.06483,33.44562],[-112.06483,33.44502],[-112.05424,33.44517]]}},{"type":"Feature","properties":{"name":"East Jackson Street","highway":"residential","osm":"way/5655446"},"geometry":{"type":"LineString","coordinates":[[-112.03026,33.4454],[-112.02591,33.44536]]}},{"type":"Feature","properties":{"name":"East Jackson Street","highway":"residential","osm":"way/5655447"},"geometry":{"type":"LineString","coordinates":[[-112.01292,33.44517],[-112.00748,33.44521]]}},{"type":"Feature","properties":{"name":"East Jackson Street","highway":"residential","osm":"way/5655450"},"geometry":{"type":"LineString","coordinates":[[-112.07253,33.44505],[-112.06871,33.44506]]}},{"type":"Feature","properties":{"name":"West Devonshire Avenue","highway":"residential","osm":"way/5655605"},"geometry":{"type":"LineString","coordinates":[[-112.09779,33.49661],[-112.09566,33.4966],[-112.09494,33.49678]]}},{"type":"Feature","properties":{"name":"South 9th Street","highway":"residential","osm":"way/5655721"},"geometry":{"type":"LineString","coordinates":[[-112.06291,33.43994],[-112.0629,33.43844]]}},{"type":"Feature","properties":{"name":"South 9th Street","highway":"residential","osm":"way/5655722"},"geometry":{"type":"LineString","coordinates":[[-112.06161,33.43682],[-112.0616,33.43383]]}},{"type":"Feature","properties":{"name":"North 41st Street","highway":"residential","osm":"way/5655844"},"geometry":{"type":"LineString","coordinates":[[-111.99331,33.45222],[-111.99336,33.45838]]}},{"type":"Feature","properties":{"name":"North 41st Street","highway":"residential","osm":"way/5655886"},"geometry":{"type":"LineString","coordinates":[[-111.99272,33.44924],[-111.99276,33.44821]]}},{"type":"Feature","properties":{"name":"South 29th Street","highway":"residential","osm":"way/5656427"},"geometry":{"type":"LineString","coordinates":[[-112.0194,33.44453],[-112.01936,33.44813]]}},{"type":"Feature","properties":{"name":"North 42nd Street","highway":"residential","osm":"way/5657402"},"geometry":{"type":"LineString","coordinates":[[-111.99115,33.45221],[-111.9911,33.45773]]}},{"type":"Feature","properties":{"name":"Gateway Commerce Park Boulevard","highway":"residential","osm":"way/5657591"},"geometry":{"type":"LineString","coordinates":[[-111.99717,33.45343],[-111.99528,33.45341]]}},{"type":"Feature","properties":{"name":"North 13th Way","highway":"residential","osm":"way/5657603"},"geometry":{"type":"LineString","coordinates":[[-112.0524,33.49192],[-112.05241,33.49338]]}},{"type":"Feature","properties":{"name":"West Spruce Street","highway":"unclassified","osm":"way/5657970"},"geometry":{"type":"LineString","coordinates":[[-112.09574,33.46236],[-112.09958,33.46233]]}},{"type":"Feature","properties":{"name":"East Weldon Avenue","highway":"residential","osm":"way/5658093"},"geometry":{"type":"LineString","coordinates":[[-112.05636,33.49018],[-112.04983,33.49018]]}},{"type":"Feature","properties":{"name":"East Weldon Avenue","highway":"residential","osm":"way/5658096"},"geometry":{"type":"LineString","coordinates":[[-112.04764,33.49081],[-112.04505,33.4908]]}},{"type":"Feature","properties":{"name":"East Windsor Avenue","highway":"residential","osm":"way/5658161"},"geometry":{"type":"LineString","coordinates":[[-112.06945,33.478],[-112.06492,33.47797],[-112.06397,33.47824]]}},{"type":"Feature","properties":{"name":"East Windsor Avenue","highway":"residential","osm":"way/5658163"},"geometry":{"type":"LineString","coordinates":[[-112.05203,33.4784],[-112.04766,33.47839]]}},{"type":"Feature","properties":{"name":"East Windsor Avenue","highway":"residential","osm":"way/5658167"},"geometry":{"type":"LineString","coordinates":[[-112.06152,33.47847],[-112.06228,33.47884],[-112.06303,33.47848]]}},{"type":"Feature","properties":{"name":"East Windsor Avenue","highway":"residential","osm":"way/5658178"},"geometry":{"type":"LineString","coordinates":[[-112.05637,33.47821],[-112.05343,33.4784],[-112.05284,33.47897]]}},{"type":"Feature","properties":{"name":"East Air Lane","highway":"residential","osm":"way/5658267"},"geometry":{"type":"LineString","coordinates":[[-112.03033,33.44398],[-112.02964,33.44395]]}},{"type":"Feature","properties":{"name":"East Air Lane","highway":"unclassified","osm":"way/5658269"},"geometry":{"type":"LineString","coordinates":[[-111.98569,33.43944],[-111.98718,33.44106]]}},{"type":"Feature","properties":{"name":"West Montecito Avenue","highway":"residential","osm":"way/5658327"},"geometry":{"type":"LineString","coordinates":[[-112.09557,33.50012],[-112.09771,33.50012]]}},{"type":"Feature","properties":{"name":"West Montecito Avenue","highway":"residential","osm":"way/5658334"},"geometry":{"type":"LineString","coordinates":[[-112.07961,33.49933],[-112.08021,33.49934]]}},{"type":"Feature","properties":{"name":"West Encanto Boulevard","highway":"residential","osm":"way/5659304"},"geometry":{"type":"LineString","coordinates":[[-112.07369,33.47292],[-112.07588,33.47295]]}},{"type":"Feature","properties":{"name":"East Roma Avenue","highway":"residential","osm":"way/5659331"},"geometry":{"type":"LineString","coordinates":[[-112.0476,33.50107],[-112.0441,33.50105]]}},{"type":"Feature","properties":{"name":"West McDowell Road","highway":"primary","osm":"way/5659719"},"geometry":{"type":"LineString","coordinates":[[-112.08365,33.46583],[-112.09066,33.46583]]}},{"type":"Feature","properties":{"name":"North 6th Avenue","highway":"residential","osm":"way/5659872"},"geometry":{"type":"LineString","coordinates":[[-112.08145,33.44823],[-112.08148,33.45141]]}},{"type":"Feature","properties":{"name":"East Edgemont Avenue","highway":"residential","osm":"way/5659950"},"geometry":{"type":"LineString","coordinates":[[-112.05637,33.47897],[-112.05496,33.47927],[-112.05349,33.47927],[-112.05284,33.47897],[-112.0522,33.47928],[-112.04765,33.47929]]}},{"type":"Feature","properties":{"name":"East Edgemont Avenue","highway":"residential","osm":"way/5659952"},"geometry":{"type":"LineString","coordinates":[[-112.06397,33.47937],[-112.06209,33.4797],[-112.06068,33.47937]]}},{"type":"Feature","properties":{"name":"South 13th Place","highway":"residential","osm":"way/5660023"},"geometry":{"type":"LineString","coordinates":[[-112.05323,33.4368],[-112.05329,33.43319]]}},{"type":"Feature","properties":{"name":"North 35th Street","highway":"residential","osm":"way/5660287"},"geometry":{"type":"LineString","coordinates":[[-112.0063,33.45127],[-112.00637,33.45846]]}},{"type":"Feature","properties":{"name":"West Oregon Avenue","highway":"residential","osm":"way/5660533"},"geometry":{"type":"LineString","coordinates":[[-112.08265,33.51391],[-112.0858,33.51447],[-112.08719,33.51443],[-112.0886,33.51382],[-112.09109,33.51402]]}},{"type":"Feature","properties":{"name":"West Yavapai Street","highway":"residential","osm":"way/5661010"},"geometry":{"type":"LineString","coordinates":[[-112.09125,33.43584],[-112.09232,33.43584]]}},{"type":"Feature","properties":{"name":"West Yavapai Street","highway":"residential","osm":"way/5661011"},"geometry":{"type":"LineString","coordinates":[[-112.07512,33.43612],[-112.07387,33.43612]]}},{"type":"Feature","properties":{"name":"West Yavapai Street","highway":"residential","osm":"way/5661016"},"geometry":{"type":"LineString","coordinates":[[-112.07728,33.43613],[-112.0805,33.43612]]}},{"type":"Feature","properties":{"name":"North 10th Street","highway":"residential","osm":"way/5661394"},"geometry":{"type":"LineString","coordinates":[[-112.06052,33.4529],[-112.06053,33.45581]]}},{"type":"Feature","properties":{"name":"North 10th Street","highway":"residential","osm":"way/5661396"},"geometry":{"type":"LineString","coordinates":[[-112.0608,33.45011],[-112.06065,33.4493]]}},{"type":"Feature","properties":{"name":"North 10th Street","highway":"residential","osm":"way/5661438"},"geometry":{"type":"LineString","coordinates":[[-112.06078,33.46363],[-112.06066,33.48022]]}},{"type":"Feature","properties":{"name":"North 22nd Street","highway":"residential","osm":"way/5662014"},"geometry":{"type":"LineString","coordinates":[[-112.03461,33.44835],[-112.0346,33.45139]]}},{"type":"Feature","properties":{"name":"North 11th Way","highway":"residential","osm":"way/5662274"},"geometry":{"type":"LineString","coordinates":[[-112.05706,33.45135],[-112.05705,33.4529]]}},{"type":"Feature","properties":{"name":"West Pierce Street","highway":"residential","osm":"way/5662284"},"geometry":{"type":"LineString","coordinates":[[-112.0826,33.45604],[-112.08483,33.45602]]}},{"type":"Feature","properties":{"name":"West Pierce Street","highway":"residential","osm":"way/5662290"},"geometry":{"type":"LineString","coordinates":[[-112.08815,33.45608],[-112.09125,33.45599]]}},{"type":"Feature","properties":{"name":"West Hadley Street","highway":"residential","osm":"way/5662492"},"geometry":{"type":"LineString","coordinates":[[-112.08255,33.4391],[-112.07512,33.43908]]}},{"type":"Feature","properties":{"name":"West Hadley Street","highway":"residential","osm":"way/5662505"},"geometry":{"type":"LineString","coordinates":[[-112.08468,33.43884],[-112.0913,33.43881]]}},{"type":"Feature","properties":{"name":"East Granada Road","highway":"residential","osm":"way/5662975"},"geometry":{"type":"LineString","coordinates":[[-112.05425,33.46849],[-112.04333,33.46847]]}},{"type":"Feature","properties":{"name":"East Granada Road","highway":"residential","osm":"way/5662980"},"geometry":{"type":"LineString","coordinates":[[-112.06335,33.46825],[-112.06513,33.46824]]}},{"type":"Feature","properties":{"name":"North 9th Place","highway":"residential","osm":"way/5663067"},"geometry":{"type":"LineString","coordinates":[[-112.06157,33.49028],[-112.06155,33.49292]]}},{"type":"Feature","properties":{"name":"South 18th Place","highway":"residential","osm":"way/5663464"},"geometry":{"type":"LineString","coordinates":[[-112.04238,33.42575],[-112.04231,33.42131],[-112.04286,33.4182]]}},{"type":"Feature","properties":{"name":"South 7th Avenue","highway":"secondary","osm":"way/5663625"},"geometry":{"type":"LineString","coordinates":[[-112.08258,33.44792],[-112.08257,33.44761]]}},{"type":"Feature","properties":{"name":"South 45th Street","highway":"unclassified","osm":"way/5663892"},"geometry":{"type":"LineString","coordinates":[[-111.98519,33.41826],[-111.98519,33.4211]]}},{"type":"Feature","properties":{"name":"West Mackenzie Drive","highway":"residential","osm":"way/5664092"},"geometry":{"type":"LineString","coordinates":[[-112.09552,33.49733],[-112.09774,33.49735]]}},{"type":"Feature","properties":{"name":"West Mackenzie Drive","highway":"residential","osm":"way/5664093"},"geometry":{"type":"LineString","coordinates":[[-112.08354,33.4967],[-112.08415,33.4967]]}},{"type":"Feature","properties":{"name":"South 10th Avenue","highway":"residential","osm":"way/5664150"},"geometry":{"type":"LineString","coordinates":[[-112.0859,33.4482],[-112.08589,33.44709]]}},{"type":"Feature","properties":{"name":"West Sherman Street","highway":"residential","osm":"way/5664154"},"geometry":{"type":"LineString","coordinates":[[-112.08555,33.44007],[-112.08604,33.44007]]}},{"type":"Feature","properties":{"name":"South 10th Avenue","highway":"residential","osm":"way/5664155"},"geometry":{"type":"LineString","coordinates":[[-112.08586,33.43679],[-112.08581,33.43311]]}},{"type":"Feature","properties":{"name":"East Taylor Street","highway":"residential","osm":"way/5664162"},"geometry":{"type":"LineString","coordinates":[[-112.00212,33.45309],[-111.99915,33.45308]]}},{"type":"Feature","properties":{"name":"East Taylor Street","highway":"residential","osm":"way/5664163"},"geometry":{"type":"LineString","coordinates":[[-112.01073,33.45394],[-112.00417,33.454]]}},{"type":"Feature","properties":{"name":"East Taylor Street","highway":"residential","osm":"way/5664165"},"geometry":{"type":"LineString","coordinates":[[-112.03599,33.45405],[-112.0302,33.45402]]}},{"type":"Feature","properties":{"name":"East Taylor Street","highway":"residential","osm":"way/5664166"},"geometry":{"type":"LineString","coordinates":[[-111.99527,33.45406],[-111.99333,33.45403]]}},{"type":"Feature","properties":{"name":"East Taylor Street","highway":"residential","osm":"way/5664167"},"geometry":{"type":"LineString","coordinates":[[-112.04555,33.45419],[-112.04448,33.45419]]}},{"type":"Feature","properties":{"name":"East Taylor Street","highway":"residential","osm":"way/5664169"},"geometry":{"type":"LineString","coordinates":[[-112.06207,33.45387],[-112.05376,33.45387],[-112.04894,33.45433]]}},{"type":"Feature","properties":{"name":"East Taylor Street","highway":"residential","osm":"way/5664171"},"geometry":{"type":"LineString","coordinates":[[-112.02111,33.45422],[-112.01941,33.45422]]}},{"type":"Feature","properties":{"name":"East Taylor Street","highway":"residential","osm":"way/5664175"},"geometry":{"type":"LineString","coordinates":[[-112.03901,33.45406],[-112.03849,33.45406]]}},{"type":"Feature","properties":{"name":"West Roma Avenue","highway":"residential","osm":"way/5664249"},"geometry":{"type":"LineString","coordinates":[[-112.09129,33.50131],[-112.0999,33.50142]]}},{"type":"Feature","properties":{"name":"North Martin Luther King Circle","highway":"residential","osm":"way/5664505"},"geometry":{"type":"LineString","coordinates":[[-112.05813,33.44984],[-112.05813,33.45019]]}},{"type":"Feature","properties":{"name":"East Vernon Avenue","highway":"residential","osm":"way/5664527"},"geometry":{"type":"LineString","coordinates":[[-112.07371,33.47439],[-112.06945,33.47437]]}},{"type":"Feature","properties":{"name":"North 15th Street","highway":"residential","osm":"way/5664643"},"geometry":{"type":"LineString","coordinates":[[-112.0497,33.48244],[-112.04975,33.48293]]}},{"type":"Feature","properties":{"name":"North 15th Street","highway":"residential","osm":"way/5664653"},"geometry":{"type":"LineString","coordinates":[[-112.04985,33.46281],[-112.04987,33.48022]]}},{"type":"Feature","properties":{"name":"North 15th Street","highway":"residential","osm":"way/5664675"},"geometry":{"type":"LineString","coordinates":[[-112.04957,33.48538],[-112.04958,33.48741]]}},{"type":"Feature","properties":{"name":"North 15th Street","highway":"residential","osm":"way/5664703"},"geometry":{"type":"LineString","coordinates":[[-112.04987,33.4893],[-112.04983,33.49364]]}},{"type":"Feature","properties":{"name":"North 15th Street","highway":"residential","osm":"way/5664709"},"geometry":{"type":"LineString","coordinates":[[-112.04896,33.45142],[-112.04894,33.45485]]}},{"type":"Feature","properties":{"name":"North 15th Street","highway":"residential","osm":"way/5664715"},"geometry":{"type":"LineString","coordinates":[[-112.04984,33.45871],[-112.04986,33.46139]]}},{"type":"Feature","properties":{"name":"North 15th Street","highway":"residential","osm":"way/5664720"},"geometry":{"type":"LineString","coordinates":[[-112.04991,33.44835],[-112.0499,33.45141]]}},{"type":"Feature","properties":{"name":"North 15th Street","highway":"residential","osm":"way/5664740"},"geometry":{"type":"LineString","coordinates":[[-112.04917,33.51414],[-112.04924,33.51539]]}},{"type":"Feature","properties":{"name":"North 15th Street","highway":"residential","osm":"way/5664741"},"geometry":{"type":"LineString","coordinates":[[-112.05034,33.51215],[-112.05033,33.51286]]}},{"type":"Feature","properties":{"name":"North Palmcroft Drive Northeast","highway":"residential","osm":"way/5664806"},"geometry":{"type":"LineString","coordinates":[[-112.08384,33.46768],[-112.08395,33.46842],[-112.08489,33.46849]]}},{"type":"Feature","properties":{"name":"North 21st Place","highway":"residential","osm":"way/5664934"},"geometry":{"type":"LineString","coordinates":[[-112.03599,33.4514],[-112.03602,33.45689]]}},{"type":"Feature","properties":{"name":"East Thomas Road","highway":"secondary","osm":"way/5665042"},"geometry":{"type":"LineString","coordinates":[[-112.07367,33.48025],[-112.07306,33.48025]]}},{"type":"Feature","properties":{"name":"South 20th Street","highway":"residential","osm":"way/5665076"},"geometry":{"type":"LineString","coordinates":[[-112.03912,33.42578],[-112.03914,33.42382]]}},{"type":"Feature","properties":{"name":"North Palmcroft Drive Northwest","highway":"residential","osm":"way/5665271"},"geometry":{"type":"LineString","coordinates":[[-112.08592,33.46767],[-112.0858,33.46845],[-112.08489,33.46849]]}},{"type":"Feature","properties":{"name":"East Kerby Avenue","highway":"unclassified","osm":"way/5665384"},"geometry":{"type":"LineString","coordinates":[[-112.00541,33.41544],[-112.00406,33.41546]]}},{"type":"Feature","properties":{"name":"East Kerby Avenue","highway":"unclassified","osm":"way/5665385"},"geometry":{"type":"LineString","coordinates":[[-111.98688,33.4163],[-111.98492,33.41623]]}},{"type":"Feature","properties":{"name":"North 13th Avenue","highway":"residential","osm":"way/5665414"},"geometry":{"type":"LineString","coordinates":[[-112.08925,33.44817],[-112.08928,33.45137]]}},{"type":"Feature","properties":{"name":"North 13th Avenue","highway":"residential","osm":"way/5665419"},"geometry":{"type":"LineString","coordinates":[[-112.08887,33.4795],[-112.08919,33.48042]]}},{"type":"Feature","properties":{"name":"North 13th Avenue","highway":"residential","osm":"way/5665447"},"geometry":{"type":"LineString","coordinates":[[-112.08922,33.46584],[-112.08922,33.4703]]}},{"type":"Feature","properties":{"name":"North 13th Avenue","highway":"residential","osm":"way/5665451"},"geometry":{"type":"LineString","coordinates":[[-112.08915,33.48948],[-112.08913,33.49492]]}},{"type":"Feature","properties":{"name":"North 13th Avenue","highway":"residential","osm":"way/5665452"},"geometry":{"type":"LineString","coordinates":[[-112.08907,33.49584],[-112.08897,33.49938]]}},{"type":"Feature","properties":{"name":"North 13th Avenue","highway":"residential","osm":"way/5665456"},"geometry":{"type":"LineString","coordinates":[[-112.08923,33.45698],[-112.08917,33.46069]]}},{"type":"Feature","properties":{"name":"North 13th Avenue","highway":"residential","osm":"way/5665463"},"geometry":{"type":"LineString","coordinates":[[-112.08911,33.45331],[-112.08912,33.45511]]}},{"type":"Feature","properties":{"name":"South 32nd Street","highway":"secondary","osm":"way/5665476"},"geometry":{"type":"LineString","coordinates":[[-112.01291,33.44616],[-112.01292,33.4445]]}},{"type":"Feature","properties":{"name":"West Mulberry Drive","highway":"residential","osm":"way/5665677"},"geometry":{"type":"LineString","coordinates":[[-112.09681,33.48685],[-112.09998,33.48667]]}},{"type":"Feature","properties":{"name":"West Mulberry Drive","highway":"residential","osm":"way/5665684"},"geometry":{"type":"LineString","coordinates":[[-112.089,33.48681],[-112.0957,33.48685]]}},{"type":"Feature","properties":{"name":"West Fairmount Avenue","highway":"residential","osm":"way/5665797"},"geometry":{"type":"LineString","coordinates":[[-112.09352,33.49314],[-112.10378,33.4932]]}},{"type":"Feature","properties":{"name":"West Fairmount Avenue","highway":"residential","osm":"way/5665799"},"geometry":{"type":"LineString","coordinates":[[-112.08696,33.49308],[-112.08805,33.49308]]}},{"type":"Feature","properties":{"name":"West Fairmount Avenue","highway":"residential","osm":"way/5665800"},"geometry":{"type":"LineString","coordinates":[[-112.08397,33.49222],[-112.08696,33.4926]]}},{"type":"Feature","properties":{"name":"East Sky Harbor Circle South","highway":"tertiary","osm":"way/5665866"},"geometry":{"type":"LineString","coordinates":[[-112.04347,33.43375],[-112.04318,33.43262],[-112.04233,33.43178]]}},{"type":"Feature","properties":{"name":"West Lewis Avenue","highway":"residential","osm":"way/5666041"},"geometry":{"type":"LineString","coordinates":[[-112.08291,33.47494],[-112.08444,33.47497]]}},{"type":"Feature","properties":{"name":"West Lewis Avenue","highway":"residential","osm":"way/5666048"},"geometry":{"type":"LineString","coordinates":[[-112.09139,33.47502],[-112.09563,33.47505]]}},{"type":"Feature","properties":{"name":"South 36th Street","highway":"unclassified","osm":"way/5666230"},"geometry":{"type":"LineString","coordinates":[[-112.00387,33.41804],[-112.00407,33.41778],[-112.00405,33.4143]]}},{"type":"Feature","properties":{"name":"South 36th Street","highway":"unclassified","osm":"way/5666239"},"geometry":{"type":"LineString","coordinates":[[-112.00317,33.42063],[-112.00466,33.42168]]}},{"type":"Feature","properties":{"name":"North Dayton Street","highway":"residential","osm":"way/5666491"},"geometry":{"type":"LineString","coordinates":[[-112.05968,33.46574],[-112.05956,33.47661]]}},{"type":"Feature","properties":{"name":"East Portland Street","highway":"residential","osm":"way/5667014"},"geometry":{"type":"LineString","coordinates":[[-112.07377,33.46001],[-112.06564,33.45996]]}},{"type":"Feature","properties":{"name":"East Portland Street","highway":"residential","osm":"way/5667027"},"geometry":{"type":"LineString","coordinates":[[-112.05205,33.46049],[-112.03905,33.46044]]}},{"type":"Feature","properties":{"name":"North Mitchell Street","highway":"residential","osm":"way/5667177"},"geometry":{"type":"LineString","coordinates":[[-112.05747,33.46756],[-112.05744,33.47478]]}},{"type":"Feature","properties":{"name":"North 24th Place","highway":"residential","osm":"way/5667200"},"geometry":{"type":"LineString","coordinates":[[-112.02903,33.4483],[-112.029,33.45134]]}},{"type":"Feature","properties":{"name":"South 11th Street","highway":"residential","osm":"way/5667277"},"geometry":{"type":"LineString","coordinates":[[-112.05965,33.43883],[-112.05964,33.44071],[-112.06065,33.44071]]}},{"type":"Feature","properties":{"name":"South 11th Street","highway":"residential","osm":"way/5667278"},"geometry":{"type":"LineString","coordinates":[[-112.0587,33.43681],[-112.05863,33.42954]]}},{"type":"Feature","properties":{"name":"West Yuma Street","highway":"residential","osm":"way/5667357"},"geometry":{"type":"LineString","coordinates":[[-112.07639,33.43513],[-112.07387,33.43514]]}},{"type":"Feature","properties":{"name":"East Campbell Avenue","highway":"residential","osm":"way/5667584"},"geometry":{"type":"LineString","coordinates":[[-112.06061,33.50201],[-112.05692,33.50197]]}},{"type":"Feature","properties":{"name":"East Highland Avenue","highway":"residential","osm":"way/5667605"},"geometry":{"type":"LineString","coordinates":[[-112.06938,33.50603],[-112.06721,33.50603]]}},{"type":"Feature","properties":{"name":"East Ashland Avenue","highway":"residential","osm":"way/5668278"},"geometry":{"type":"LineString","coordinates":[[-112.07052,33.47524],[-112.06945,33.47524]]}},{"type":"Feature","properties":{"name":"East Ashland Avenue","highway":"residential","osm":"way/5668279"},"geometry":{"type":"LineString","coordinates":[[-112.07158,33.47525],[-112.07371,33.47525]]}},{"type":"Feature","properties":{"name":"East Ashland Avenue","highway":"residential","osm":"way/5668280"},"geometry":{"type":"LineString","coordinates":[[-112.07052,33.47524],[-112.07122,33.47563],[-112.07158,33.47525]]}},{"type":"Feature","properties":{"name":"East Cypress Street","highway":"residential","osm":"way/5669080"},"geometry":{"type":"LineString","coordinates":[[-112.05204,33.47209],[-112.04767,33.47212]]}},{"type":"Feature","properties":{"name":"North 11th Avenue","highway":"residential","osm":"way/5669297"},"geometry":{"type":"LineString","coordinates":[[-112.08703,33.44925],[-112.08704,33.45108]]}},{"type":"Feature","properties":{"name":"North 11th Avenue","highway":"residential","osm":"way/5669361"},"geometry":{"type":"LineString","coordinates":[[-112.08705,33.46527],[-112.08703,33.47257]]}},{"type":"Feature","properties":{"name":"North 11th Avenue","highway":"residential","osm":"way/5669364"},"geometry":{"type":"LineString","coordinates":[[-112.08703,33.48039],[-112.08714,33.48589]]}},{"type":"Feature","properties":{"name":"East Polk Street","highway":"unclassified","osm":"way/5669825"},"geometry":{"type":"LineString","coordinates":[[-111.98533,33.45264],[-111.98654,33.45262]]}},{"type":"Feature","properties":{"name":"North 45th Street","highway":"unclassified","osm":"way/5669827"},"geometry":{"type":"LineString","coordinates":[[-111.98551,33.45468],[-111.98581,33.45264]]}},{"type":"Feature","properties":{"name":"South 16th Street","highway":"secondary","osm":"way/5670179"},"geometry":{"type":"LineString","coordinates":[[-112.04778,33.44836],[-112.04778,33.44822]]}},{"type":"Feature","properties":{"name":"East Southern Pacific Drive","highway":"unclassified","osm":"way/5670511"},"geometry":{"type":"LineString","coordinates":[[-112.06452,33.44246],[-112.06344,33.4425],[-112.06336,33.44318],[-112.06241,33.44357],[-112.06149,33.44358]]}},{"type":"Feature","properties":{"name":"West Turney Avenue","highway":"residential","osm":"way/5670541"},"geometry":{"type":"LineString","coordinates":[[-112.09782,33.50053],[-112.11266,33.50043]]}},{"type":"Feature","properties":{"name":"East Hubbell Street","highway":"residential","osm":"way/5671047"},"geometry":{"type":"LineString","coordinates":[[-112.04986,33.47032],[-112.05639,33.47033]]}},{"type":"Feature","properties":{"name":"West Roosevelt Street","highway":"tertiary","osm":"way/5672153"},"geometry":{"type":"LineString","coordinates":[[-112.07388,33.45866],[-112.07405,33.45865]]}},{"type":"Feature","properties":{"name":"West Pierson Street","highway":"residential","osm":"way/5672300"},"geometry":{"type":"LineString","coordinates":[[-112.09127,33.50766],[-112.09989,33.5078]]}},{"type":"Feature","properties":{"name":"East Sky Harbor Boulevard","highway":"primary","osm":"way/5672429"},"geometry":{"type":"LineString","coordinates":[[-112.01902,33.43745],[-112.01769,33.43748],[-112.01584,33.43801],[-112.01201,33.43801],[-112.0114,33.43771]]}},{"type":"Feature","properties":{"name":"West Manor Drive","highway":"residential","osm":"way/5672631"},"geometry":{"type":"LineString","coordinates":[[-112.05533,33.48039],[-112.05529,33.48097]]}},{"type":"Feature","properties":{"name":"North Indian Lane","highway":"residential","osm":"way/5674111"},"geometry":{"type":"LineString","coordinates":[[-112.07912,33.49767],[-112.08096,33.49618]]}},{"type":"Feature","properties":{"name":"East Williams Street","highway":"unclassified","osm":"way/5674834"},"geometry":{"type":"LineString","coordinates":[[-111.99762,33.42024],[-111.99881,33.42023]]}},{"type":"Feature","properties":{"name":"East Whitton Avenue","highway":"residential","osm":"way/5676719"},"geometry":{"type":"LineString","coordinates":[[-112.04983,33.48969],[-112.04828,33.48969]]}},{"type":"Feature","properties":{"name":"East Whitton Avenue","highway":"residential","osm":"way/5676721"},"geometry":{"type":"LineString","coordinates":[[-112.04765,33.48955],[-112.04437,33.48958]]}},{"type":"Feature","properties":{"name":"South 13th Avenue","highway":"residential","osm":"way/5676938"},"geometry":{"type":"LineString","coordinates":[[-112.08923,33.44707],[-112.08924,33.446]]}},{"type":"Feature","properties":{"name":"North 1st Avenue","highway":"residential","osm":"way/5677003"},"geometry":{"type":"LineString","coordinates":[[-112.0759,33.46575],[-112.07588,33.47063]]}},{"type":"Feature","properties":{"name":"North 1st Avenue","highway":"residential","osm":"way/5677029"},"geometry":{"type":"LineString","coordinates":[[-112.07531,33.47576],[-112.07506,33.48222]]}},{"type":"Feature","properties":{"name":"East Elm Street","highway":"residential","osm":"way/5677118"},"geometry":{"type":"LineString","coordinates":[[-112.06938,33.50677],[-112.06721,33.50676]]}},{"type":"Feature","properties":{"name":"North Palmcroft Way Southeast","highway":"residential","osm":"way/5677138"},"geometry":{"type":"LineString","coordinates":[[-112.08922,33.46679],[-112.08824,33.46685],[-112.08815,33.46768]]}},{"type":"Feature","properties":{"name":"North 7th Place","highway":"residential","osm":"way/5677269"},"geometry":{"type":"LineString","coordinates":[[-112.06457,33.45995],[-112.06452,33.46124]]}},{"type":"Feature","properties":{"name":"West Clarendon Avenue","highway":"residential","osm":"way/5677447"},"geometry":{"type":"LineString","coordinates":[[-112.0738,33.49238],[-112.07393,33.49239]]}},{"type":"Feature","properties":{"name":"West Clarendon Avenue","highway":"residential","osm":"way/5677450"},"geometry":{"type":"LineString","coordinates":[[-112.08333,33.49074],[-112.08452,33.49074],[-112.08696,33.49116]]}},{"type":"Feature","properties":{"name":"West Clarendon Avenue","highway":"residential","osm":"way/5677452"},"geometry":{"type":"LineString","coordinates":[[-112.08696,33.49126],[-112.09136,33.49131]]}},{"type":"Feature","properties":{"name":"West Clarendon Avenue","highway":"residential","osm":"way/5677460"},"geometry":{"type":"LineString","coordinates":[[-112.09256,33.49132],[-112.10476,33.49136]]}},{"type":"Feature","properties":{"name":"North Palmcroft Way Southwest","highway":"residential","osm":"way/5677668"},"geometry":{"type":"LineString","coordinates":[[-112.08922,33.46679],[-112.09022,33.46686],[-112.0903,33.46769]]}},{"type":"Feature","properties":{"name":"South 14th Place","highway":"residential","osm":"way/5677727"},"geometry":{"type":"LineString","coordinates":[[-112.05106,33.4422],[-112.0511,33.43911]]}},{"type":"Feature","properties":{"name":"North 38th Street","highway":"residential","osm":"way/5678075"},"geometry":{"type":"LineString","coordinates":[[-111.99972,33.45127],[-111.99971,33.4537]]}},{"type":"Feature","properties":{"name":"North 16th Avenue","highway":"residential","osm":"way/5678362"},"geometry":{"type":"LineString","coordinates":[[-112.09348,33.50076],[-112.09349,33.50223]]}},{"type":"Feature","properties":{"name":"North 16th Avenue","highway":"residential","osm":"way/5678363"},"geometry":{"type":"LineString","coordinates":[[-112.09352,33.49705],[-112.09346,33.49901]]}},{"type":"Feature","properties":{"name":"North 16th Avenue","highway":"residential","osm":"way/5678371"},"geometry":{"type":"LineString","coordinates":[[-112.09401,33.45133],[-112.09401,33.4532]]}},{"type":"Feature","properties":{"name":"North 16th Avenue","highway":"residential","osm":"way/5678385"},"geometry":{"type":"LineString","coordinates":[[-112.09347,33.45321],[-112.09348,33.45863]]}},{"type":"Feature","properties":{"name":"North 16th Avenue","highway":"residential","osm":"way/5678397"},"geometry":{"type":"LineString","coordinates":[[-112.09355,33.5068],[-112.09355,33.5077]]}},{"type":"Feature","properties":{"name":"North 16th Avenue","highway":"residential","osm":"way/5678399"},"geometry":{"type":"LineString","coordinates":[[-112.09291,33.50958],[-112.09289,33.51165]]}},{"type":"Feature","properties":{"name":"North 16th Avenue","highway":"residential","osm":"way/5678402"},"geometry":{"type":"LineString","coordinates":[[-112.09352,33.49314],[-112.09352,33.49496]]}},{"type":"Feature","properties":{"name":"North 16th Avenue","highway":"unclassified","osm":"way/5678407"},"geometry":{"type":"LineString","coordinates":[[-112.09345,33.46138],[-112.09355,33.46053]]}},{"type":"Feature","properties":{"name":"North 16th Avenue","highway":"residential","osm":"way/5678408"},"geometry":{"type":"LineString","coordinates":[[-112.09376,33.4787],[-112.09377,33.4805]]}},{"type":"Feature","properties":{"name":"North 16th Avenue","highway":"residential","osm":"way/5678410"},"geometry":{"type":"LineString","coordinates":[[-112.09357,33.4805],[-112.09354,33.48502]]}},{"type":"Feature","properties":{"name":"North 16th Avenue","highway":"residential","osm":"way/5678417"},"geometry":{"type":"LineString","coordinates":[[-112.09355,33.48594],[-112.09352,33.4886],[-112.0933,33.48914]]}},{"type":"Feature","properties":{"name":"North 16th Avenue","highway":"residential","osm":"way/5678418"},"geometry":{"type":"LineString","coordinates":[[-112.09379,33.4695],[-112.09377,33.47687]]}},{"type":"Feature","properties":{"name":"North Longview Avenue","highway":"residential","osm":"way/5678848"},"geometry":{"type":"LineString","coordinates":[[-112.05418,33.4874],[-112.05416,33.49294]]}},{"type":"Feature","properties":{"name":"West Piccadilly Road","highway":"residential","osm":"way/5678860"},"geometry":{"type":"LineString","coordinates":[[-112.084,33.49295],[-112.08696,33.49331]]}},{"type":"Feature","properties":{"name":"East Miami Avenue","highway":"unclassified","osm":"way/5678922"},"geometry":{"type":"LineString","coordinates":[[-112.00387,33.41804],[-112.00354,33.41821],[-111.99545,33.4182]]}},{"type":"Feature","properties":{"name":"East Miami Avenue","highway":"unclassified","osm":"way/5678925"},"geometry":{"type":"LineString","coordinates":[[-111.98692,33.41825],[-111.98239,33.41825]]}},{"type":"Feature","properties":{"name":"West Wilshire Drive","highway":"residential","osm":"way/5679302"},"geometry":{"type":"LineString","coordinates":[[-112.07531,33.47576],[-112.07392,33.47574]]}},{"type":"Feature","properties":{"name":"West Wilshire Drive","highway":"residential","osm":"way/5679307"},"geometry":{"type":"LineString","coordinates":[[-112.09139,33.47593],[-112.09563,33.47594]]}},{"type":"Feature","properties":{"name":"West Virginia Avenue","highway":"residential","osm":"way/5679407"},"geometry":{"type":"LineString","coordinates":[[-112.0753,33.47664],[-112.07394,33.47664]]}},{"type":"Feature","properties":{"name":"West Virginia Avenue","highway":"residential","osm":"way/5679424"},"geometry":{"type":"LineString","coordinates":[[-112.09138,33.47675],[-112.0956,33.47686]]}},{"type":"Feature","properties":{"name":"North 13th Street","highway":"residential","osm":"way/5679551"},"geometry":{"type":"LineString","coordinates":[[-112.05425,33.46261],[-112.05426,33.46577]]}},{"type":"Feature","properties":{"name":"North 13th Street","highway":"residential","osm":"way/5679563"},"geometry":{"type":"LineString","coordinates":[[-112.05443,33.45387],[-112.05427,33.46139]]}},{"type":"Feature","properties":{"name":"North 13th Street","highway":"residential","osm":"way/5679566"},"geometry":{"type":"LineString","coordinates":[[-112.05405,33.51288],[-112.05405,33.51649]]}},{"type":"Feature","properties":{"name":"North 13th Street","highway":"residential","osm":"way/5679575"},"geometry":{"type":"LineString","coordinates":[[-112.05474,33.45137],[-112.05475,33.45387]]}},{"type":"Feature","properties":{"name":"North 13th Street","highway":"residential","osm":"way/5679577"},"geometry":{"type":"LineString","coordinates":[[-112.05424,33.44833],[-112.05424,33.44855]]}},{"type":"Feature","properties":{"name":"South 27th Street","highway":"residential","osm":"way/5680617"},"geometry":{"type":"LineString","coordinates":[[-112.02366,33.44645],[-112.02374,33.44814]]}},{"type":"Feature","properties":{"name":"East Garfield Street","highway":"residential","osm":"way/5680635"},"geometry":{"type":"LineString","coordinates":[[-112.05209,33.45774],[-112.04551,33.45776]]}},{"type":"Feature","properties":{"name":"East Garfield Street","highway":"residential","osm":"way/5680643"},"geometry":{"type":"LineString","coordinates":[[-112.06206,33.45773],[-112.05435,33.45774]]}},{"type":"Feature","properties":{"name":"East Garfield Street","highway":"residential","osm":"way/5680647"},"geometry":{"type":"LineString","coordinates":[[-112.07379,33.45764],[-112.06524,33.45757]]}},{"type":"Feature","properties":{"name":"West Glenrosa Avenue","highway":"residential","osm":"way/5681025"},"geometry":{"type":"LineString","coordinates":[[-112.09246,33.49982],[-112.0944,33.50007]]}},{"type":"Feature","properties":{"name":"West Glenrosa Avenue","highway":"residential","osm":"way/5681046"},"geometry":{"type":"LineString","coordinates":[[-112.07621,33.49844],[-112.08248,33.49847]]}},{"type":"Feature","properties":{"name":"West Glenrosa Avenue","highway":"residential","osm":"way/5681058"},"geometry":{"type":"LineString","coordinates":[[-112.09456,33.49925],[-112.09992,33.49929]]}},{"type":"Feature","properties":{"name":"South 18th Avenue","highway":"residential","osm":"way/5682099"},"geometry":{"type":"LineString","coordinates":[[-112.09716,33.43675],[-112.09714,33.43492]]}},{"type":"Feature","properties":{"name":"East Lynwood Street","highway":"residential","osm":"way/5682468"},"geometry":{"type":"LineString","coordinates":[[-112.06746,33.46492],[-112.06542,33.46491]]}},{"type":"Feature","properties":{"name":"North 32nd Place","highway":"residential","osm":"way/5682638"},"geometry":{"type":"LineString","coordinates":[[-112.01174,33.4513],[-112.01174,33.45462]]}},{"type":"Feature","properties":{"name":"North 32nd Place","highway":"residential","osm":"way/5682641"},"geometry":{"type":"LineString","coordinates":[[-112.01111,33.45129],[-112.01111,33.44824]]}},{"type":"Feature","properties":{"name":"North 16th Drive","highway":"residential","osm":"way/5683233"},"geometry":{"type":"LineString","coordinates":[[-112.0944,33.50007],[-112.09461,33.49975],[-112.09436,33.4976],[-112.0918,33.49599],[-112.09132,33.49591]]}},{"type":"Feature","properties":{"name":"North 16th Drive","highway":"residential","osm":"way/5683244"},"geometry":{"type":"LineString","coordinates":[[-112.09456,33.5059],[-112.0945,33.5068]]}},{"type":"Feature","properties":{"name":"North 16th Drive","highway":"residential","osm":"way/5683246"},"geometry":{"type":"LineString","coordinates":[[-112.09453,33.46223],[-112.09453,33.46584]]}},{"type":"Feature","properties":{"name":"North 16th Drive","highway":"residential","osm":"way/5683247"},"geometry":{"type":"LineString","coordinates":[[-112.09456,33.48147],[-112.09454,33.48318]]}},{"type":"Feature","properties":{"name":"North 16th Drive","highway":"residential","osm":"way/5683248"},"geometry":{"type":"LineString","coordinates":[[-112.09462,33.48952],[-112.09462,33.48778]]}},{"type":"Feature","properties":{"name":"West Thomas Road","highway":"secondary","osm":"way/5683286"},"geometry":{"type":"LineString","coordinates":[[-112.07391,33.48025],[-112.07451,33.48025]]}},{"type":"Feature","properties":{"name":"North 6th Avenue Northwest","highway":"residential","osm":"way/5684568"},"geometry":{"type":"LineString","coordinates":[[-112.08111,33.49484],[-112.08122,33.49524],[-112.08234,33.49603]]}},{"type":"Feature","properties":{"name":"West Jackson Street","highway":"residential","osm":"way/5684589"},"geometry":{"type":"LineString","coordinates":[[-112.07382,33.445],[-112.07478,33.44503]]}},{"type":"Feature","properties":{"name":"North 11th Place","highway":"residential","osm":"way/5684669"},"geometry":{"type":"LineString","coordinates":[[-112.0578,33.45135],[-112.05779,33.4529]]}},{"type":"Feature","properties":{"name":"West Taylor Street","highway":"residential","osm":"way/5684695"},"geometry":{"type":"LineString","coordinates":[[-112.08259,33.45425],[-112.08482,33.45423]]}},{"type":"Feature","properties":{"name":"East Flower Street","highway":"residential","osm":"way/5684862"},"geometry":{"type":"LineString","coordinates":[[-112.05286,33.48533],[-112.04768,33.4854]]}},{"type":"Feature","properties":{"name":"East Flower Street","highway":"residential","osm":"way/5684864"},"geometry":{"type":"LineString","coordinates":[[-112.04768,33.48603],[-112.04377,33.48607]]}},{"type":"Feature","properties":{"name":"East Moreland Street","highway":"residential","osm":"way/5684943"},"geometry":{"type":"LineString","coordinates":[[-112.06452,33.46124],[-112.05893,33.46125]]}},{"type":"Feature","properties":{"name":"East Moreland Street","highway":"residential","osm":"way/5684953"},"geometry":{"type":"LineString","coordinates":[[-112.05642,33.46098],[-112.04986,33.46099]]}},{"type":"Feature","properties":{"name":"East Moreland Street","highway":"residential","osm":"way/5684955"},"geometry":{"type":"LineString","coordinates":[[-112.07247,33.46131],[-112.06552,33.46126]]}},{"type":"Feature","properties":{"name":"West Earll Drive","highway":"residential","osm":"way/5685032"},"geometry":{"type":"LineString","coordinates":[[-112.07478,33.48388],[-112.07393,33.48388]]}},{"type":"Feature","properties":{"name":"East Earll Drive","highway":"residential","osm":"way/5685034"},"geometry":{"type":"LineString","coordinates":[[-112.05125,33.48367],[-112.04061,33.48403]]}},{"type":"Feature","properties":{"name":"East Earll Drive","highway":"residential","osm":"way/5685044"},"geometry":{"type":"LineString","coordinates":[[-112.05333,33.48413],[-112.05277,33.48413]]}},{"type":"Feature","properties":{"name":"East Pasadena Avenue","highway":"residential","osm":"way/5685079"},"geometry":{"type":"LineString","coordinates":[[-112.06398,33.5098],[-112.06283,33.50978]]}},{"type":"Feature","properties":{"name":"East Pasadena Avenue","highway":"residential","osm":"way/5685089"},"geometry":{"type":"LineString","coordinates":[[-112.06174,33.51014],[-112.05955,33.51013]]}},{"type":"Feature","properties":{"name":"East Pasadena Avenue","highway":"residential","osm":"way/5685095"},"geometry":{"type":"LineString","coordinates":[[-112.07081,33.51056],[-112.06873,33.51016],[-112.06729,33.51025],[-112.06624,33.51056]]}},{"type":"Feature","properties":{"name":"North 5th Street","highway":"residential","osm":"way/5685421"},"geometry":{"type":"LineString","coordinates":[[-112.06725,33.4785],[-112.06727,33.48023]]}},{"type":"Feature","properties":{"name":"North 5th Street","highway":"residential","osm":"way/5685431"},"geometry":{"type":"LineString","coordinates":[[-112.06734,33.50335],[-112.06734,33.50381]]}},{"type":"Feature","properties":{"name":"North 5th Street","highway":"residential","osm":"way/5685440"},"geometry":{"type":"LineString","coordinates":[[-112.06745,33.46329],[-112.06746,33.46572]]}},{"type":"Feature","properties":{"name":"North 5th Street","highway":"residential","osm":"way/5685441"},"geometry":{"type":"LineString","coordinates":[[-112.06748,33.44824],[-112.06749,33.45071]]}},{"type":"Feature","properties":{"name":"North Virginia Circle","highway":"residential","osm":"way/5685839"},"geometry":{"type":"LineString","coordinates":[[-112.0679,33.47662],[-112.06791,33.47726]]}},{"type":"Feature","properties":{"name":"West Moreland Street","highway":"residential","osm":"way/5685895"},"geometry":{"type":"LineString","coordinates":[[-112.0956,33.46131],[-112.09457,33.46149]]}},{"type":"Feature","properties":{"name":"North 7th Avenue","highway":"residential","osm":"way/5685896"},"geometry":{"type":"LineString","coordinates":[[-112.08308,33.46274],[-112.0831,33.46175]]}},{"type":"Feature","properties":{"name":"South 8th Street","highway":"residential","osm":"way/5685999"},"geometry":{"type":"LineString","coordinates":[[-112.06307,33.43682],[-112.06303,33.43316]]}},{"type":"Feature","properties":{"name":"South 8th Street","highway":"residential","osm":"way/5686004"},"geometry":{"type":"LineString","coordinates":[[-112.06443,33.44065],[-112.06443,33.43916]]}},{"type":"Feature","properties":{"name":"South 8th Street","highway":"residential","osm":"way/5686005"},"geometry":{"type":"LineString","coordinates":[[-112.06441,33.43789],[-112.06442,33.4374]]}},{"type":"Feature","properties":{"name":"South 8th Street","highway":"residential","osm":"way/5686018"},"geometry":{"type":"LineString","coordinates":[[-112.06366,33.44825],[-112.06366,33.44722]]}},{"type":"Feature","properties":{"name":"North 4th Avenue Northwest","highway":"residential","osm":"way/5686350"},"geometry":{"type":"LineString","coordinates":[[-112.0825,33.49766],[-112.08145,33.49761],[-112.08084,33.49725],[-112.07924,33.49578],[-112.07918,33.49484]]}},{"type":"Feature","properties":{"name":"East Hoover Avenue","highway":"residential","osm":"way/5686366"},"geometry":{"type":"LineString","coordinates":[[-112.05204,33.47344],[-112.04986,33.47344]]}},{"type":"Feature","properties":{"name":"East Hoover Avenue","highway":"residential","osm":"way/5686369"},"geometry":{"type":"LineString","coordinates":[[-112.06943,33.47352],[-112.07371,33.47354]]}},{"type":"Feature","properties":{"name":"South 28th Street","highway":"residential","osm":"way/5686518"},"geometry":{"type":"LineString","coordinates":[[-112.02159,33.4446],[-112.02158,33.44818]]}},{"type":"Feature","properties":{"name":"West Monroe Street","highway":"residential","osm":"way/5686601"},"geometry":{"type":"LineString","coordinates":[[-112.08815,33.45019],[-112.09144,33.45015]]}},{"type":"Feature","properties":{"name":"West Monroe Street","highway":"residential","osm":"way/5686609"},"geometry":{"type":"LineString","coordinates":[[-112.09144,33.4503],[-112.09728,33.45027]]}},{"type":"Feature","properties":{"name":"West Monroe Street","highway":"residential","osm":"way/5686619"},"geometry":{"type":"LineString","coordinates":[[-112.07519,33.45037],[-112.08259,33.45035]]}},{"type":"Feature","properties":{"name":"South 2nd Avenue","highway":"residential","osm":"way/5686628"},"geometry":{"type":"LineString","coordinates":[[-112.07622,33.44115],[-112.07622,33.43709]]}},{"type":"Feature","properties":{"name":"South 2nd Avenue","highway":"residential","osm":"way/5686643"},"geometry":{"type":"LineString","coordinates":[[-112.0764,33.44504],[-112.07641,33.4431]]}},{"type":"Feature","properties":{"name":"West Weldon Avenue","highway":"residential","osm":"way/5686921"},"geometry":{"type":"LineString","coordinates":[[-112.09257,33.49041],[-112.1037,33.49039]]}},{"type":"Feature","properties":{"name":"West Weldon Avenue","highway":"residential","osm":"way/5686926"},"geometry":{"type":"LineString","coordinates":[[-112.08388,33.49],[-112.08696,33.49043]]}},{"type":"Feature","properties":{"name":"West Weldon Avenue","highway":"residential","osm":"way/5686932"},"geometry":{"type":"LineString","coordinates":[[-112.08915,33.49038],[-112.09136,33.4904]]}},{"type":"Feature","properties":{"name":"North 16th Place","highway":"residential","osm":"way/5687591"},"geometry":{"type":"LineString","coordinates":[[-112.04671,33.45143],[-112.04671,33.45293]]}},{"type":"Feature","properties":{"name":"North Laurel Avenue","highway":"residential","osm":"way/5687630"},"geometry":{"type":"LineString","coordinates":[[-112.09295,33.45134],[-112.09296,33.45321]]}},{"type":"Feature","properties":{"name":"North Laurel Avenue","highway":"residential","osm":"way/5687631"},"geometry":{"type":"LineString","coordinates":[[-112.09261,33.46583],[-112.0926,33.47318]]}},{"type":"Feature","properties":{"name":"North Laurel Avenue","highway":"residential","osm":"way/5687632"},"geometry":{"type":"LineString","coordinates":[[-112.09228,33.46138],[-112.09247,33.45965]]}},{"type":"Feature","properties":{"name":"East Buckeye Road","highway":"secondary","osm":"way/5687709"},"geometry":{"type":"LineString","coordinates":[[-112.06034,33.43681],[-112.05516,33.43681]]}},{"type":"Feature","properties":{"name":"East Monte Vista Road","highway":"residential","osm":"way/5688428"},"geometry":{"type":"LineString","coordinates":[[-112.07292,33.47113],[-112.06942,33.47109]]}},{"type":"Feature","properties":{"name":"East Monte Vista Road","highway":"residential","osm":"way/5688438"},"geometry":{"type":"LineString","coordinates":[[-112.04767,33.47118],[-112.03897,33.47119]]}},{"type":"Feature","properties":{"name":"South 19th Street","highway":"residential","osm":"way/5688527"},"geometry":{"type":"LineString","coordinates":[[-112.04123,33.44822],[-112.04123,33.44733]]}},{"type":"Feature","properties":{"name":"South 19th Street","highway":"residential","osm":"way/5688535"},"geometry":{"type":"LineString","coordinates":[[-112.0413,33.42576],[-112.04131,33.42379]]}},{"type":"Feature","properties":{"name":"East Cheery Lynn Road","highway":"residential","osm":"way/5688674"},"geometry":{"type":"LineString","coordinates":[[-112.04768,33.48497],[-112.04375,33.48499]]}},{"type":"Feature","properties":{"name":"East Cheery Lynn Road","highway":"residential","osm":"way/5688675"},"geometry":{"type":"LineString","coordinates":[[-112.0533,33.48453],[-112.05248,33.48463]]}},{"type":"Feature","properties":{"name":"East Cheery Lynn Road","highway":"residential","osm":"way/5688684"},"geometry":{"type":"LineString","coordinates":[[-112.05195,33.48442],[-112.04767,33.48449]]}},{"type":"Feature","properties":{"name":"South 12th Place","highway":"residential","osm":"way/5689676"},"geometry":{"type":"LineString","coordinates":[[-112.05551,33.44055],[-112.05548,33.4391]]}},{"type":"Feature","properties":{"name":"West Willetta Street","highway":"residential","osm":"way/5689878"},"geometry":{"type":"LineString","coordinates":[[-112.09788,33.46411],[-112.09945,33.46401]]}},{"type":"Feature","properties":{"name":"West Willetta Street","highway":"residential","osm":"way/5689882"},"geometry":{"type":"LineString","coordinates":[[-112.0751,33.46363],[-112.07825,33.46367]]}},{"type":"Feature","properties":{"name":"North Westview Drive","highway":"residential","osm":"way/5689942"},"geometry":{"type":"LineString","coordinates":[[-112.09253,33.49495],[-112.09273,33.49555],[-112.09508,33.49686],[-112.09552,33.49733]]}},{"type":"Feature","properties":{"name":"North 34th Street","highway":"residential","osm":"way/5689952"},"geometry":{"type":"LineString","coordinates":[[-112.00852,33.45232],[-112.00855,33.45848]]}},{"type":"Feature","properties":{"name":"North 5th Avenue","highway":"residential","osm":"way/5690039"},"geometry":{"type":"LineString","coordinates":[[-112.08022,33.49847],[-112.08021,33.50028]]}},{"type":"Feature","properties":{"name":"North 5th Avenue","highway":"residential","osm":"way/5690062"},"geometry":{"type":"LineString","coordinates":[[-112.08026,33.51292],[-112.08024,33.5166]]}},{"type":"Feature","properties":{"name":"North 5th Avenue","highway":"residential","osm":"way/5690065"},"geometry":{"type":"LineString","coordinates":[[-112.08018,33.45142],[-112.08021,33.4493]]}},{"type":"Feature","properties":{"name":"West Linden Street","highway":"residential","osm":"way/5690247"},"geometry":{"type":"LineString","coordinates":[[-112.09247,33.45965],[-112.09787,33.45949]]}},{"type":"Feature","properties":{"name":"East Willetta Street","highway":"residential","osm":"way/5690536"},"geometry":{"type":"LineString","coordinates":[[-112.04986,33.46376],[-112.039,33.46376]]}},{"type":"Feature","properties":{"name":"West Earll Drive","highway":"residential","osm":"way/5690781"},"geometry":{"type":"LineString","coordinates":[[-112.09138,33.48408],[-112.09998,33.48419]]}},{"type":"Feature","properties":{"name":"West Earll Drive","highway":"tertiary","osm":"way/5690783"},"geometry":{"type":"LineString","coordinates":[[-112.08314,33.48351],[-112.08223,33.48356]]}},{"type":"Feature","properties":{"name":"West Granada Road","highway":"residential","osm":"way/5691148"},"geometry":{"type":"LineString","coordinates":[[-112.07607,33.4685],[-112.08276,33.46857]]}},{"type":"Feature","properties":{"name":"East Oak Street","highway":"tertiary","osm":"way/5691297"},"geometry":{"type":"LineString","coordinates":[[-112.06055,33.47301],[-112.06942,33.47302]]}},{"type":"Feature","properties":{"name":"South 41st Street","highway":"unclassified","osm":"way/5691419"},"geometry":{"type":"LineString","coordinates":[[-111.99278,33.44805],[-111.99285,33.4458]]}},{"type":"Feature","properties":{"name":"East Tonto Street","highway":"residential","osm":"way/5691464"},"geometry":{"type":"LineString","coordinates":[[-112.07371,33.4381],[-112.06992,33.4381]]}},{"type":"Feature","properties":{"name":"East Tonto Street","highway":"residential","osm":"way/5691470"},"geometry":{"type":"LineString","coordinates":[[-112.06524,33.43788],[-112.05652,33.43788]]}},{"type":"Feature","properties":{"name":"East Winslow Avenue","highway":"unclassified","osm":"way/5691822"},"geometry":{"type":"LineString","coordinates":[[-111.99978,33.42096],[-111.98852,33.42094],[-111.98688,33.42131],[-111.98519,33.4211]]}},{"type":"Feature","properties":{"name":"West Sherman Street","highway":"residential","osm":"way/5691900"},"geometry":{"type":"LineString","coordinates":[[-112.08606,33.43988],[-112.08686,33.43988]]}},{"type":"Feature","properties":{"name":"West Sherman Street","highway":"residential","osm":"way/5691904"},"geometry":{"type":"LineString","coordinates":[[-112.09131,33.44042],[-112.10004,33.44037]]}},{"type":"Feature","properties":{"name":"West Sherman Street","highway":"residential","osm":"way/5691908"},"geometry":{"type":"LineString","coordinates":[[-112.07432,33.44016],[-112.07573,33.4401]]}},{"type":"Feature","properties":{"name":"North 25th Street","highway":"residential","osm":"way/5692085"},"geometry":{"type":"LineString","coordinates":[[-112.02785,33.4483],[-112.02782,33.45134]]}},{"type":"Feature","properties":{"name":"North 8th Place","highway":"residential","osm":"way/5692448"},"geometry":{"type":"LineString","coordinates":[[-112.06283,33.50739],[-112.06282,33.51649]]}},{"type":"Feature","properties":{"name":"South 17th Place","highway":"residential","osm":"way/5692729"},"geometry":{"type":"LineString","coordinates":[[-112.04455,33.42574],[-112.04458,33.42372]]}},{"type":"Feature","properties":{"name":"West Vernon Avenue","highway":"residential","osm":"way/5692836"},"geometry":{"type":"LineString","coordinates":[[-112.0914,33.4741],[-112.09563,33.47414]]}},{"type":"Feature","properties":{"name":"West Hazelwood Street","highway":"residential","osm":"way/5693009"},"geometry":{"type":"LineString","coordinates":[[-112.09127,33.50418],[-112.09566,33.50424]]}},{"type":"Feature","properties":{"name":"West Hazelwood Street","highway":"residential","osm":"way/5693013"},"geometry":{"type":"LineString","coordinates":[[-112.09565,33.50445],[-112.09989,33.50451]]}},{"type":"Feature","properties":{"name":"West Hazelwood Street","highway":"residential","osm":"way/5693024"},"geometry":{"type":"LineString","coordinates":[[-112.07815,33.50391],[-112.08131,33.50389]]}},{"type":"Feature","properties":{"name":"South 44th Street","highway":"unclassified","osm":"way/5693367"},"geometry":{"type":"LineString","coordinates":[[-111.98682,33.42189],[-111.98692,33.41919]]}},{"type":"Feature","properties":{"name":"South 6th Avenue","highway":"residential","osm":"way/5693499"},"geometry":{"type":"LineString","coordinates":[[-112.08152,33.44011],[-112.08152,33.43703]]}},{"type":"Feature","properties":{"name":"East Superior Avenue","highway":"unclassified","osm":"way/5693564"},"geometry":{"type":"LineString","coordinates":[[-111.99543,33.41664],[-111.99363,33.41665],[-111.99132,33.4174],[-111.98692,33.41745]]}},{"type":"Feature","properties":{"name":"North 10th Way","highway":"residential","osm":"way/5693613"},"geometry":{"type":"LineString","coordinates":[[-112.05841,33.51102],[-112.05844,33.51286]]}},{"type":"Feature","properties":{"name":"East Palm Lane","highway":"residential","osm":"way/5694309"},"geometry":{"type":"LineString","coordinates":[[-112.06402,33.46935],[-112.04873,33.46937]]}},{"type":"Feature","properties":{"name":"East Randolph Road","highway":"residential","osm":"way/5694923"},"geometry":{"type":"LineString","coordinates":[[-112.01291,33.45519],[-112.01146,33.45444],[-112.00836,33.45219]]}},{"type":"Feature","properties":{"name":"East Woodward Drive","highway":"residential","osm":"way/5695086"},"geometry":{"type":"LineString","coordinates":[[-112.07213,33.47663],[-112.07224,33.47614],[-112.07372,33.47613]]}},{"type":"Feature","properties":{"name":"East Roanoke Avenue","highway":"residential","osm":"way/5695184"},"geometry":{"type":"LineString","coordinates":[[-112.06728,33.47906],[-112.06509,33.47905]]}},{"type":"Feature","properties":{"name":"South 35th Street","highway":"unclassified","osm":"way/5695284"},"geometry":{"type":"LineString","coordinates":[[-112.00423,33.41923],[-112.00709,33.42112]]}},{"type":"Feature","properties":{"name":"North Randolph Road","highway":"residential","osm":"way/5695380"},"geometry":{"type":"LineString","coordinates":[[-112.05017,33.48241],[-112.05299,33.48548],[-112.05301,33.48639]]}},{"type":"Feature","properties":{"name":"South 9th Way","highway":"residential","osm":"way/5695497"},"geometry":{"type":"LineString","coordinates":[[-112.06148,33.44066],[-112.06148,33.43845]]}},{"type":"Feature","properties":{"name":null,"highway":"motorway_link","osm":"way/15780776"},"geometry":{"type":"LineString","coordinates":[[-112.03699,33.44941],[-112.03678,33.45116]]}},{"type":"Feature","properties":{"name":"Maricopa Freeway","highway":"motorway","osm":"way/18749885"},"geometry":{"type":"LineString","coordinates":[[-112.02803,33.42633],[-112.03002,33.42689]]}},{"type":"Feature","properties":{"name":"East Roosevelt Street","highway":"tertiary","osm":"way/18847472"},"geometry":{"type":"LineString","coordinates":[[-112.04695,33.45871],[-112.04607,33.4587]]}},{"type":"Feature","properties":{"name":"North 1st Street","highway":"residential","osm":"way/18847473"},"geometry":{"type":"LineString","coordinates":[[-112.07244,33.46396],[-112.07243,33.46572]]}},{"type":"Feature","properties":{"name":null,"highway":"motorway_link","osm":"way/18847482"},"geometry":{"type":"LineString","coordinates":[[-112.06368,33.46269],[-112.06491,33.46306]]}},{"type":"Feature","properties":{"name":null,"highway":"motorway_link","osm":"way/18848603"},"geometry":{"type":"LineString","coordinates":[[-112.04765,33.46262],[-112.0484,33.46262]]}},{"type":"Feature","properties":{"name":null,"highway":"motorway_link","osm":"way/18849387"},"geometry":{"type":"LineString","coordinates":[[-112.06561,33.46187],[-112.06528,33.46214]]}},{"type":"Feature","properties":{"name":null,"highway":"motorway_link","osm":"way/18849458"},"geometry":{"type":"LineString","coordinates":[[-112.06368,33.46269],[-112.06475,33.46253]]}},{"type":"Feature","properties":{"name":"South 44th Street","highway":"primary","osm":"way/23647741"},"geometry":{"type":"LineString","coordinates":[[-111.98724,33.44781],[-111.98724,33.44705]]}},{"type":"Feature","properties":{"name":"East Culver Street","highway":"residential","osm":"way/23690898"},"geometry":{"type":"LineString","coordinates":[[-112.04747,33.46283],[-112.04765,33.46295]]}},{"type":"Feature","properties":{"name":"East Culver Street","highway":"residential","osm":"way/23690935"},"geometry":{"type":"LineString","coordinates":[[-112.04747,33.46283],[-112.04118,33.4628]]}},{"type":"Feature","properties":{"name":null,"highway":"motorway_link","osm":"way/23691337"},"geometry":{"type":"LineString","coordinates":[[-112.04725,33.46185],[-112.043,33.46196]]}},{"type":"Feature","properties":{"name":"East Moreland Street","highway":"residential","osm":"way/23691358"},"geometry":{"type":"LineString","coordinates":[[-112.04547,33.4614],[-112.04337,33.46138]]}},{"type":"Feature","properties":{"name":"East Portland Street","highway":"residential","osm":"way/23691425"},"geometry":{"type":"LineString","coordinates":[[-112.05428,33.46005],[-112.05644,33.46005]]}},{"type":"Feature","properties":{"name":"West Latham Street","highway":"residential","osm":"way/23691480"},"geometry":{"type":"LineString","coordinates":[[-112.09237,33.46047],[-112.09127,33.46047]]}},{"type":"Feature","properties":{"name":"West Latham Street","highway":"residential","osm":"way/23691482"},"geometry":{"type":"LineString","coordinates":[[-112.09355,33.46053],[-112.10003,33.46039]]}},{"type":"Feature","properties":{"name":"North Laurel Avenue","highway":"residential","osm":"way/23691645"},"geometry":{"type":"LineString","coordinates":[[-112.09237,33.46272],[-112.09238,33.46223]]}},{"type":"Feature","properties":{"name":"North 16th Avenue","highway":"residential","osm":"way/23691656"},"geometry":{"type":"LineString","coordinates":[[-112.09345,33.46228],[-112.09346,33.46584]]}},{"type":"Feature","properties":{"name":"West Portland Street","highway":"residential","osm":"way/23691676"},"geometry":{"type":"LineString","coordinates":[[-112.08299,33.45973],[-112.09126,33.45968]]}},{"type":"Feature","properties":{"name":"North 4th Street","highway":"residential","osm":"way/23691710"},"geometry":{"type":"LineString","coordinates":[[-112.06883,33.45818],[-112.06911,33.45867]]}},{"type":"Feature","properties":{"name":"North 3rd Street","highway":"tertiary","osm":"way/23691715"},"geometry":{"type":"LineString","coordinates":[[-112.06941,33.45969],[-112.06936,33.46191]]}},{"type":"Feature","properties":{"name":"Papago Freeway","highway":"motorway","osm":"way/23699324"},"geometry":{"type":"LineString","coordinates":[[-112.03711,33.44159],[-112.03711,33.44376]]}},{"type":"Feature","properties":{"name":null,"highway":"motorway_link","osm":"way/23701463"},"geometry":{"type":"LineString","coordinates":[[-112.03813,33.44648],[-112.0382,33.44463]]}},{"type":"Feature","properties":{"name":null,"highway":"motorway_link","osm":"way/23701475"},"geometry":{"type":"LineString","coordinates":[[-112.03665,33.44134],[-112.03661,33.44381]]}},{"type":"Feature","properties":{"name":null,"highway":"motorway_link","osm":"way/23701518"},"geometry":{"type":"LineString","coordinates":[[-112.03712,33.44464],[-112.03733,33.44707]]}},{"type":"Feature","properties":{"name":null,"highway":"motorway_link","osm":"way/23701540"},"geometry":{"type":"LineString","coordinates":[[-112.06097,33.46211],[-112.06768,33.46242]]}},{"type":"Feature","properties":{"name":null,"highway":"motorway_link","osm":"way/23701656"},"geometry":{"type":"LineString","coordinates":[[-112.06768,33.46237],[-112.06096,33.46174]]}},{"type":"Feature","properties":{"name":null,"highway":"motorway_link","osm":"way/23701664"},"geometry":{"type":"LineString","coordinates":[[-112.07961,33.46145],[-112.07849,33.46161]]}},{"type":"Feature","properties":{"name":null,"highway":"motorway_link","osm":"way/23701686"},"geometry":{"type":"LineString","coordinates":[[-112.09024,33.46143],[-112.08266,33.46097]]}},{"type":"Feature","properties":{"name":null,"highway":"motorway_link","osm":"way/23701702"},"geometry":{"type":"LineString","coordinates":[[-112.08158,33.46156],[-112.08217,33.46138]]}},{"type":"Feature","properties":{"name":null,"highway":"motorway_link","osm":"way/23701706"},"geometry":{"type":"LineString","coordinates":[[-112.08421,33.46049],[-112.08316,33.46061]]}},{"type":"Feature","properties":{"name":null,"highway":"motorway_link","osm":"way/23701889"},"geometry":{"type":"LineString","coordinates":[[-112.0378,33.43092],[-112.03822,33.42904],[-112.03915,33.42796],[-112.04025,33.42757],[-112.04323,33.42741]]}},{"type":"Feature","properties":{"name":null,"highway":"motorway_link","osm":"way/23701911"},"geometry":{"type":"LineString","coordinates":[[-112.03724,33.43687],[-112.0384,33.43672]]}},{"type":"Feature","properties":{"name":null,"highway":"motorway_link","osm":"way/23701914"},"geometry":{"type":"LineString","coordinates":[[-112.03699,33.43598],[-112.03699,33.43672]]}},{"type":"Feature","properties":{"name":"Maricopa Freeway","highway":"motorway","osm":"way/23701986"},"geometry":{"type":"LineString","coordinates":[[-112.04347,33.42726],[-112.03855,33.42711]]}},{"type":"Feature","properties":{"name":null,"highway":"motorway_link","osm":"way/23701992"},"geometry":{"type":"LineString","coordinates":[[-112.04347,33.42726],[-112.03911,33.42676],[-112.03759,33.4272],[-112.0369,33.42789],[-112.03665,33.42862],[-112.03718,33.43115]]}},{"type":"Feature","properties":{"name":null,"highway":"primary_link","osm":"way/24048143"},"geometry":{"type":"LineString","coordinates":[[-111.98528,33.42238],[-111.98581,33.42193]]}},{"type":"Feature","properties":{"name":null,"highway":"primary_link","osm":"way/24048156"},"geometry":{"type":"LineString","coordinates":[[-111.9851,33.42193],[-111.98435,33.42269]]}},{"type":"Feature","properties":{"name":"East Air Lane","highway":"unclassified","osm":"way/24048369"},"geometry":{"type":"LineString","coordinates":[[-111.98864,33.44199],[-111.9898,33.44255],[-111.99276,33.44254]]}},{"type":"Feature","properties":{"name":"South 44th Street","highway":"primary","osm":"way/28750822"},"geometry":{"type":"LineString","coordinates":[[-111.97934,33.43088],[-111.98024,33.42954],[-111.98259,33.42781],[-111.98343,33.42692],[-111.98414,33.42449],[-111.98508,33.42277]]}},{"type":"Feature","properties":{"name":"East Jefferson Street","highway":"residential","osm":"way/28885386"},"geometry":{"type":"LineString","coordinates":[[-112.02696,33.44722],[-112.02591,33.44721]]}},{"type":"Feature","properties":{"name":"East Jefferson Street","highway":"residential","osm":"way/28885387"},"geometry":{"type":"LineString","coordinates":[[-112.02696,33.44722],[-112.0271,33.44745]]}},{"type":"Feature","properties":{"name":"South 24th Street","highway":"secondary","osm":"way/28885487"},"geometry":{"type":"LineString","coordinates":[[-112.03019,33.44832],[-112.03019,33.44817]]}},{"type":"Feature","properties":{"name":null,"highway":"motorway_link","osm":"way/28885498"},"geometry":{"type":"LineString","coordinates":[[-112.03711,33.44376],[-112.03698,33.44411]]}},{"type":"Feature","properties":{"name":null,"highway":"motorway_link","osm":"way/28885499"},"geometry":{"type":"LineString","coordinates":[[-112.03698,33.44411],[-112.03688,33.44467]]}},{"type":"Feature","properties":{"name":null,"highway":"motorway_link","osm":"way/28885500"},"geometry":{"type":"LineString","coordinates":[[-112.03688,33.44467],[-112.03668,33.44582]]}},{"type":"Feature","properties":{"name":"Papago Freeway","highway":"motorway","osm":"way/28885503"},"geometry":{"type":"LineString","coordinates":[[-112.03711,33.44411],[-112.03712,33.44464]]}},{"type":"Feature","properties":{"name":"Papago Freeway","highway":"motorway","osm":"way/28885504"},"geometry":{"type":"LineString","coordinates":[[-112.03712,33.44464],[-112.03712,33.44707]]}},{"type":"Feature","properties":{"name":"Papago Freeway","highway":"motorway","osm":"way/28885506"},"geometry":{"type":"LineString","coordinates":[[-112.0376,33.44477],[-112.03759,33.44412]]}},{"type":"Feature","properties":{"name":"Papago Freeway","highway":"motorway","osm":"way/28885507"},"geometry":{"type":"LineString","coordinates":[[-112.03758,33.44303],[-112.03758,33.44159]]}},{"type":"Feature","properties":{"name":null,"highway":"motorway_link","osm":"way/28885511"},"geometry":{"type":"LineString","coordinates":[[-112.03782,33.44468],[-112.03772,33.44411]]}},{"type":"Feature","properties":{"name":null,"highway":"motorway_link","osm":"way/28885516"},"geometry":{"type":"LineString","coordinates":[[-112.03819,33.44383],[-112.03817,33.44243]]}},{"type":"Feature","properties":{"name":null,"highway":"motorway_link","osm":"way/28885518"},"geometry":{"type":"LineString","coordinates":[[-112.0382,33.44463],[-112.03819,33.44383]]}},{"type":"Feature","properties":{"name":"South 16th Street","highway":"secondary","osm":"way/28885558"},"geometry":{"type":"LineString","coordinates":[[-112.04784,33.44671],[-112.04785,33.44268]]}},{"type":"Feature","properties":{"name":"South 16th Street","highway":"secondary","osm":"way/28885559"},"geometry":{"type":"LineString","coordinates":[[-112.04785,33.44268],[-112.04783,33.4419]]}},{"type":"Feature","properties":{"name":"East Madison Street","highway":"residential","osm":"way/28885561"},"geometry":{"type":"LineString","coordinates":[[-112.03844,33.44632],[-112.03899,33.44633]]}},{"type":"Feature","properties":{"name":"East Jackson Street","highway":"residential","osm":"way/28885563"},"geometry":{"type":"LineString","coordinates":[[-112.0387,33.44535],[-112.03899,33.44535]]}},{"type":"Feature","properties":{"name":"South 1st Avenue","highway":"residential","osm":"way/28886959"},"geometry":{"type":"LineString","coordinates":[[-112.07516,33.44115],[-112.07512,33.42899]]}},{"type":"Feature","properties":{"name":"East Grant Street","highway":"residential","osm":"way/28887018"},"geometry":{"type":"LineString","coordinates":[[-112.06992,33.44093],[-112.06517,33.44094]]}},{"type":"Feature","properties":{"name":"West Tonto Street","highway":"residential","osm":"way/28887022"},"geometry":{"type":"LineString","coordinates":[[-112.07388,33.43811],[-112.08255,33.43811]]}},{"type":"Feature","properties":{"name":"West Sherman Street","highway":"residential","osm":"way/28887042"},"geometry":{"type":"LineString","coordinates":[[-112.08255,33.43989],[-112.08553,33.43988]]}},{"type":"Feature","properties":{"name":"West Jackson Street","highway":"residential","osm":"way/28887057"},"geometry":{"type":"LineString","coordinates":[[-112.0777,33.44503],[-112.08149,33.44502]]}},{"type":"Feature","properties":{"name":"West Jackson Street","highway":"residential","osm":"way/28887058"},"geometry":{"type":"LineString","coordinates":[[-112.07478,33.44503],[-112.0751,33.44503]]}},{"type":"Feature","properties":{"name":"South 1st Avenue","highway":"residential","osm":"way/28887062"},"geometry":{"type":"LineString","coordinates":[[-112.07511,33.44703],[-112.07517,33.44608]]}},{"type":"Feature","properties":{"name":"South 1st Street","highway":"residential","osm":"way/28887067"},"geometry":{"type":"LineString","coordinates":[[-112.07256,33.44819],[-112.07248,33.43682]]}},{"type":"Feature","properties":{"name":"South 3rd Street","highway":"residential","osm":"way/28887073"},"geometry":{"type":"LineString","coordinates":[[-112.06995,33.44824],[-112.06995,33.44787]]}},{"type":"Feature","properties":{"name":"South 2nd Street","highway":"residential","osm":"way/28887075"},"geometry":{"type":"LineString","coordinates":[[-112.07121,33.44417],[-112.07121,33.4422]]}},{"type":"Feature","properties":{"name":"Papago Freeway","highway":"motorway","osm":"way/29320919"},"geometry":{"type":"LineString","coordinates":[[-112.06655,33.46213],[-112.06096,33.46174]]}},{"type":"Feature","properties":{"name":null,"highway":"motorway_link","osm":"way/29903679"},"geometry":{"type":"LineString","coordinates":[[-112.02905,33.42599],[-112.02583,33.42513]]}},{"type":"Feature","properties":{"name":null,"highway":"motorway_link","osm":"way/29903980"},"geometry":{"type":"LineString","coordinates":[[-112.0242,33.42466],[-112.02619,33.42586],[-112.02837,33.42665]]}},{"type":"Feature","properties":{"name":"East Tonto Street","highway":"residential","osm":"way/29908589"},"geometry":{"type":"LineString","coordinates":[[-112.06992,33.43801],[-112.06869,33.43802]]}},{"type":"Feature","properties":{"name":"South 13th Avenue","highway":"residential","osm":"way/29909376"},"geometry":{"type":"LineString","coordinates":[[-112.08917,33.44192],[-112.089,33.43004]]}},{"type":"Feature","properties":{"name":"West Harrison Street","highway":"residential","osm":"way/29909454"},"geometry":{"type":"LineString","coordinates":[[-112.09141,33.44417],[-112.08935,33.44416]]}},{"type":"Feature","properties":{"name":"South 12th Avenue","highway":"residential","osm":"way/29909633"},"geometry":{"type":"LineString","coordinates":[[-112.0881,33.446],[-112.0881,33.44534]]}},{"type":"Feature","properties":{"name":"West Tonto Street","highway":"residential","osm":"way/29909743"},"geometry":{"type":"LineString","coordinates":[[-112.08694,33.43781],[-112.09128,33.43779]]}},{"type":"Feature","properties":{"name":"West Sherman Street","highway":"residential","osm":"way/29909895"},"geometry":{"type":"LineString","coordinates":[[-112.08555,33.44007],[-112.08555,33.43954]]}},{"type":"Feature","properties":{"name":"West Grant Street","highway":"residential","osm":"way/29910010"},"geometry":{"type":"LineString","coordinates":[[-112.07943,33.44115],[-112.07622,33.44115]]}},{"type":"Feature","properties":{"name":"West Grant Street","highway":"secondary","osm":"way/29910018"},"geometry":{"type":"LineString","coordinates":[[-112.09231,33.4414],[-112.09509,33.44139]]}},{"type":"Feature","properties":{"name":"South 7th Avenue","highway":"secondary","osm":"way/29910664"},"geometry":{"type":"LineString","coordinates":[[-112.08255,33.44032],[-112.08255,33.43768]]}},{"type":"Feature","properties":{"name":"South 7th Avenue","highway":"secondary","osm":"way/29910689"},"geometry":{"type":"LineString","coordinates":[[-112.0826,33.4466],[-112.08258,33.44199]]}},{"type":"Feature","properties":{"name":"South 7th Avenue","highway":"residential","osm":"way/29910867"},"geometry":{"type":"LineString","coordinates":[[-112.0824,33.44373],[-112.08261,33.44366],[-112.08265,33.44233]]}},{"type":"Feature","properties":{"name":"South 7th Avenue","highway":"residential","osm":"way/29910884"},"geometry":{"type":"LineString","coordinates":[[-112.08246,33.44144],[-112.0824,33.44373]]}},{"type":"Feature","properties":{"name":"South 9th Avenue","highway":"residential","osm":"way/29911027"},"geometry":{"type":"LineString","coordinates":[[-112.08477,33.4471],[-112.0847,33.44046]]}},{"type":"Feature","properties":{"name":"South 16th Avenue","highway":"residential","osm":"way/29912548"},"geometry":{"type":"LineString","coordinates":[[-112.09355,33.44338],[-112.09344,33.43402]]}},{"type":"Feature","properties":{"name":"West Madison Street","highway":"residential","osm":"way/29913185"},"geometry":{"type":"LineString","coordinates":[[-112.07382,33.44608],[-112.07472,33.44608]]}},{"type":"Feature","properties":{"name":"South 15th Avenue","highway":"secondary","osm":"way/29915463"},"geometry":{"type":"LineString","coordinates":[[-112.09141,33.44417],[-112.09131,33.44136]]}},{"type":"Feature","properties":{"name":"South 11th Avenue","highway":"residential","osm":"way/29917267"},"geometry":{"type":"LineString","coordinates":[[-112.08705,33.4433],[-112.08695,33.44138]]}},{"type":"Feature","properties":{"name":"West Polk Street","highway":"residential","osm":"way/30021079"},"geometry":{"type":"LineString","coordinates":[[-112.09126,33.45321],[-112.09458,33.45318]]}},{"type":"Feature","properties":{"name":"West Fillmore Street","highway":"residential","osm":"way/30021099"},"geometry":{"type":"LineString","coordinates":[[-112.09125,33.455],[-112.10012,33.45493]]}},{"type":"Feature","properties":{"name":"West Taylor Street","highway":"residential","osm":"way/30021105"},"geometry":{"type":"LineString","coordinates":[[-112.09125,33.4541],[-112.09567,33.45406]]}},{"type":"Feature","properties":{"name":"West McKinley Street","highway":"residential","osm":"way/30021188"},"geometry":{"type":"LineString","coordinates":[[-112.08261,33.45694],[-112.08699,33.45691]]}},{"type":"Feature","properties":{"name":"West McKinley Street","highway":"residential","osm":"way/30021199"},"geometry":{"type":"LineString","coordinates":[[-112.07577,33.4567],[-112.07832,33.45671]]}},{"type":"Feature","properties":{"name":"North 6th Avenue","highway":"residential","osm":"way/30021238"},"geometry":{"type":"LineString","coordinates":[[-112.08142,33.45473],[-112.0814,33.45867]]}},{"type":"Feature","properties":{"name":"North 6th Avenue","highway":"residential","osm":"way/30021240"},"geometry":{"type":"LineString","coordinates":[[-112.08134,33.45141],[-112.08134,33.45473]]}},{"type":"Feature","properties":{"name":"North 5th Avenue","highway":"tertiary","osm":"way/30021247"},"geometry":{"type":"LineString","coordinates":[[-112.07997,33.46087],[-112.0802,33.45918]]}},{"type":"Feature","properties":{"name":"East Adams Street","highway":"residential","osm":"way/30021451"},"geometry":{"type":"LineString","coordinates":[[-112.05207,33.44944],[-112.04556,33.44946]]}},{"type":"Feature","properties":{"name":"East Polk Street","highway":"residential","osm":"way/30021469"},"geometry":{"type":"LineString","coordinates":[[-112.04121,33.45295],[-112.03856,33.45294]]}},{"type":"Feature","properties":{"name":"East Villa Street","highway":"residential","osm":"way/30021480"},"geometry":{"type":"LineString","coordinates":[[-112.04768,33.45483],[-112.04623,33.45487],[-112.04335,33.45579]]}},{"type":"Feature","properties":{"name":"East Taylor Street","highway":"residential","osm":"way/30021489"},"geometry":{"type":"LineString","coordinates":[[-112.04338,33.45387],[-112.04448,33.45386]]}},{"type":"Feature","properties":{"name":"North 10th Street","highway":"residential","osm":"way/30021633"},"geometry":{"type":"LineString","coordinates":[[-112.06069,33.45581],[-112.06068,33.45867]]}},{"type":"Feature","properties":{"name":"North 10th Street","highway":"residential","osm":"way/30021669"},"geometry":{"type":"LineString","coordinates":[[-112.06081,33.45867],[-112.0608,33.46126]]}},{"type":"Feature","properties":{"name":"Papago Freeway","highway":"motorway","osm":"way/30021829"},"geometry":{"type":"LineString","coordinates":[[-112.03712,33.44707],[-112.03711,33.44772]]}},{"type":"Feature","properties":{"name":null,"highway":"motorway_link","osm":"way/30021838"},"geometry":{"type":"LineString","coordinates":[[-112.03733,33.44707],[-112.03732,33.44852]]}},{"type":"Feature","properties":{"name":null,"highway":"motorway_link","osm":"way/30021843"},"geometry":{"type":"LineString","coordinates":[[-112.03739,33.44706],[-112.0376,33.44477]]}},{"type":"Feature","properties":{"name":null,"highway":"motorway_link","osm":"way/30021845"},"geometry":{"type":"LineString","coordinates":[[-112.03738,33.44852],[-112.03739,33.44706]]}},{"type":"Feature","properties":{"name":"Papago Freeway","highway":"motorway","osm":"way/30021847"},"geometry":{"type":"LineString","coordinates":[[-112.03758,33.44706],[-112.0376,33.44477]]}},{"type":"Feature","properties":{"name":"Papago Freeway","highway":"motorway","osm":"way/30021848"},"geometry":{"type":"LineString","coordinates":[[-112.03758,33.44857],[-112.03758,33.44706]]}},{"type":"Feature","properties":{"name":"Papago Freeway","highway":"motorway","osm":"way/30021873"},"geometry":{"type":"LineString","coordinates":[[-112.03711,33.44897],[-112.03711,33.45117]]}},{"type":"Feature","properties":{"name":null,"highway":"motorway_link","osm":"way/30021879"},"geometry":{"type":"LineString","coordinates":[[-112.03732,33.44852],[-112.03732,33.45116]]}},{"type":"Feature","properties":{"name":null,"highway":"motorway_link","osm":"way/30021897"},"geometry":{"type":"LineString","coordinates":[[-112.03643,33.45125],[-112.03638,33.45154]]}},{"type":"Feature","properties":{"name":null,"highway":"motorway_link","osm":"way/30021898"},"geometry":{"type":"LineString","coordinates":[[-112.03629,33.45211],[-112.03653,33.45532]]}},{"type":"Feature","properties":{"name":null,"highway":"motorway_link","osm":"way/30021900"},"geometry":{"type":"LineString","coordinates":[[-112.03678,33.45116],[-112.03673,33.45166]]}},{"type":"Feature","properties":{"name":null,"highway":"motorway_link","osm":"way/30021903"},"geometry":{"type":"LineString","coordinates":[[-112.03673,33.45166],[-112.03653,33.45532]]}},{"type":"Feature","properties":{"name":"Papago Freeway","highway":"motorway","osm":"way/30021910"},"geometry":{"type":"LineString","coordinates":[[-112.03711,33.45117],[-112.0371,33.45176]]}},{"type":"Feature","properties":{"name":"Papago Freeway","highway":"motorway","osm":"way/30021911"},"geometry":{"type":"LineString","coordinates":[[-112.0371,33.45176],[-112.03701,33.45887],[-112.03751,33.4604],[-112.03877,33.46154],[-112.04005,33.46203],[-112.04431,33.46218]]}},{"type":"Feature","properties":{"name":null,"highway":"motorway_link","osm":"way/30021914"},"geometry":{"type":"LineString","coordinates":[[-112.03732,33.45116],[-112.03727,33.45272],[-112.0367,33.45498]]}},{"type":"Feature","properties":{"name":null,"highway":"motorway_link","osm":"way/30021922"},"geometry":{"type":"LineString","coordinates":[[-112.03739,33.45115],[-112.03738,33.44852]]}},{"type":"Feature","properties":{"name":"Papago Freeway","highway":"motorway","osm":"way/30021935"},"geometry":{"type":"LineString","coordinates":[[-112.03758,33.45042],[-112.03758,33.44857]]}},{"type":"Feature","properties":{"name":"Papago Freeway","highway":"motorway","osm":"way/30021936"},"geometry":{"type":"LineString","coordinates":[[-112.03757,33.4513],[-112.03757,33.45114]]}},{"type":"Feature","properties":{"name":null,"highway":"motorway_link","osm":"way/30021966"},"geometry":{"type":"LineString","coordinates":[[-112.03649,33.45248],[-112.03668,33.45309]]}},{"type":"Feature","properties":{"name":null,"highway":"motorway_link","osm":"way/30021967"},"geometry":{"type":"LineString","coordinates":[[-112.03668,33.45309],[-112.03704,33.45553]]}},{"type":"Feature","properties":{"name":null,"highway":"motorway_link","osm":"way/30022001"},"geometry":{"type":"LineString","coordinates":[[-112.0367,33.45498],[-112.03668,33.46005],[-112.03726,33.46192]]}},{"type":"Feature","properties":{"name":null,"highway":"motorway_link","osm":"way/30022003"},"geometry":{"type":"LineString","coordinates":[[-112.03677,33.45501],[-112.03734,33.45291],[-112.03739,33.45115]]}},{"type":"Feature","properties":{"name":null,"highway":"motorway_link","osm":"way/30022682"},"geometry":{"type":"LineString","coordinates":[[-112.043,33.46201],[-112.04594,33.4622]]}},{"type":"Feature","properties":{"name":"North 16th Street","highway":"secondary","osm":"way/30023071"},"geometry":{"type":"LineString","coordinates":[[-112.04763,33.46169],[-112.04765,33.46251]]}},{"type":"Feature","properties":{"name":"North 12th Street","highway":"tertiary","osm":"way/30023266"},"geometry":{"type":"LineString","coordinates":[[-112.05644,33.46143],[-112.05643,33.4619]]}},{"type":"Feature","properties":{"name":"North 12th Street","highway":"tertiary","osm":"way/30023268"},"geometry":{"type":"LineString","coordinates":[[-112.05642,33.46248],[-112.05642,33.46328]]}},{"type":"Feature","properties":{"name":null,"highway":"motorway_link","osm":"way/30023361"},"geometry":{"type":"LineString","coordinates":[[-112.06479,33.46183],[-112.06387,33.46152]]}},{"type":"Feature","properties":{"name":null,"highway":"motorway_link","osm":"way/30023377"},"geometry":{"type":"LineString","coordinates":[[-112.06475,33.46253],[-112.06507,33.46228]]}},{"type":"Feature","properties":{"name":null,"highway":"motorway_link","osm":"way/30023438"},"geometry":{"type":"LineString","coordinates":[[-112.06923,33.46267],[-112.06989,33.46251]]}},{"type":"Feature","properties":{"name":"Papago Freeway","highway":"motorway","osm":"way/30023440"},"geometry":{"type":"LineString","coordinates":[[-112.06989,33.46251],[-112.07382,33.46191],[-112.07811,33.46184]]}},{"type":"Feature","properties":{"name":"Papago Freeway","highway":"motorway","osm":"way/30023443"},"geometry":{"type":"LineString","coordinates":[[-112.07709,33.46145],[-112.07265,33.46155],[-112.06998,33.46207]]}},{"type":"Feature","properties":{"name":null,"highway":"motorway_link","osm":"way/30023444"},"geometry":{"type":"LineString","coordinates":[[-112.06998,33.46207],[-112.06923,33.46201]]}},{"type":"Feature","properties":{"name":null,"highway":"motorway_link","osm":"way/30023458"},"geometry":{"type":"LineString","coordinates":[[-112.07795,33.46135],[-112.07709,33.46145]]}},{"type":"Feature","properties":{"name":null,"highway":"motorway_link","osm":"way/30023469"},"geometry":{"type":"LineString","coordinates":[[-112.07823,33.46183],[-112.07919,33.46189]]}},{"type":"Feature","properties":{"name":null,"highway":"motorway_link","osm":"way/30023514"},"geometry":{"type":"LineString","coordinates":[[-112.08265,33.46103],[-112.08467,33.46106],[-112.08757,33.46151]]}},{"type":"Feature","properties":{"name":null,"highway":"motorway_link","osm":"way/30023521"},"geometry":{"type":"LineString","coordinates":[[-112.08073,33.46124],[-112.07989,33.4614]]}},{"type":"Feature","properties":{"name":"North 5th Avenue","highway":"tertiary","osm":"way/30023622"},"geometry":{"type":"LineString","coordinates":[[-112.07995,33.462],[-112.07989,33.4614]]}},{"type":"Feature","properties":{"name":"North 7th Avenue","highway":"secondary","osm":"way/30023692"},"geometry":{"type":"LineString","coordinates":[[-112.08275,33.4614],[-112.08275,33.46065]]}},{"type":"Feature","properties":{"name":null,"highway":"motorway_link","osm":"way/30023712"},"geometry":{"type":"LineString","coordinates":[[-112.08312,33.46139],[-112.0837,33.46154]]}},{"type":"Feature","properties":{"name":null,"highway":"motorway_link","osm":"way/30023720"},"geometry":{"type":"LineString","coordinates":[[-112.08316,33.46061],[-112.08257,33.4614]]}},{"type":"Feature","properties":{"name":null,"highway":"motorway_link","osm":"way/30023721"},"geometry":{"type":"LineString","coordinates":[[-112.08218,33.46067],[-112.08154,33.46062]]}},{"type":"Feature","properties":{"name":null,"highway":"motorway_link","osm":"way/30023722"},"geometry":{"type":"LineString","coordinates":[[-112.08217,33.46138],[-112.08275,33.46065]]}},{"type":"Feature","properties":{"name":"West Pierce Street","highway":"residential","osm":"way/30023771"},"geometry":{"type":"LineString","coordinates":[[-112.09346,33.45589],[-112.09125,33.45591]]}},{"type":"Feature","properties":{"name":"West McKinley Street","highway":"residential","osm":"way/30023786"},"geometry":{"type":"LineString","coordinates":[[-112.09124,33.45682],[-112.09347,33.45679]]}},{"type":"Feature","properties":{"name":"West Adams Street","highway":"secondary","osm":"way/30023868"},"geometry":{"type":"LineString","coordinates":[[-112.09445,33.44925],[-112.09511,33.44924]]}},{"type":"Feature","properties":{"name":"South 17th Avenue","highway":"secondary","osm":"way/30024110"},"geometry":{"type":"LineString","coordinates":[[-112.09582,33.44387],[-112.09578,33.44334]]}},{"type":"Feature","properties":{"name":"South 17th Avenue","highway":"secondary","osm":"way/30024111"},"geometry":{"type":"LineString","coordinates":[[-112.09583,33.4441],[-112.09582,33.44387]]}},{"type":"Feature","properties":{"name":"East Sky Harbor Boulevard","highway":"motorway","osm":"way/30024200"},"geometry":{"type":"LineString","coordinates":[[-112.03442,33.43769],[-112.03496,33.43775]]}},{"type":"Feature","properties":{"name":"East Sky Harbor Boulevard","highway":"motorway","osm":"way/30024203"},"geometry":{"type":"LineString","coordinates":[[-112.03496,33.43775],[-112.03611,33.43818],[-112.03685,33.43905]]}},{"type":"Feature","properties":{"name":"East Sky Harbor Boulevard","highway":"motorway","osm":"way/30024206"},"geometry":{"type":"LineString","coordinates":[[-112.03497,33.43753],[-112.03443,33.4376]]}},{"type":"Feature","properties":{"name":"Papago Freeway","highway":"motorway","osm":"way/30024213"},"geometry":{"type":"LineString","coordinates":[[-112.0376,33.441],[-112.03759,33.44077]]}},{"type":"Feature","properties":{"name":"East Sky Harbor Boulevard","highway":"motorway","osm":"way/30024219"},"geometry":{"type":"LineString","coordinates":[[-112.03828,33.43948],[-112.03856,33.43828],[-112.03801,33.43735],[-112.03694,33.43706],[-112.03497,33.43753]]}},{"type":"Feature","properties":{"name":"Papago Freeway","highway":"motorway","osm":"way/30024221"},"geometry":{"type":"LineString","coordinates":[[-112.03758,33.44159],[-112.03759,33.44111]]}},{"type":"Feature","properties":{"name":"Papago Freeway","highway":"motorway","osm":"way/30024228"},"geometry":{"type":"LineString","coordinates":[[-112.03712,33.44105],[-112.03711,33.44159]]}},{"type":"Feature","properties":{"name":"East Sky Harbor Boulevard","highway":"motorway","osm":"way/30024230"},"geometry":{"type":"LineString","coordinates":[[-112.03706,33.44104],[-112.03711,33.44159]]}},{"type":"Feature","properties":{"name":"Papago Freeway","highway":"motorway","osm":"way/30024247"},"geometry":{"type":"LineString","coordinates":[[-112.03743,33.43653],[-112.0374,33.43751]]}},{"type":"Feature","properties":{"name":"Papago Freeway","highway":"motorway","osm":"way/30024248"},"geometry":{"type":"LineString","coordinates":[[-112.0374,33.43751],[-112.03712,33.44105]]}},{"type":"Feature","properties":{"name":"Papago Freeway","highway":"motorway","osm":"way/30024261"},"geometry":{"type":"LineString","coordinates":[[-112.03789,33.4364],[-112.03783,33.43264]]}},{"type":"Feature","properties":{"name":"Papago Freeway","highway":"motorway","osm":"way/30024263"},"geometry":{"type":"LineString","coordinates":[[-112.03786,33.43752],[-112.03789,33.4364]]}},{"type":"Feature","properties":{"name":"Papago Freeway","highway":"motorway","osm":"way/30024273"},"geometry":{"type":"LineString","coordinates":[[-112.03759,33.42942],[-112.03712,33.42853]]}},{"type":"Feature","properties":{"name":"Papago Freeway","highway":"motorway","osm":"way/30024274"},"geometry":{"type":"LineString","coordinates":[[-112.03781,33.43172],[-112.0378,33.43114]]}},{"type":"Feature","properties":{"name":"Papago Freeway","highway":"motorway","osm":"way/30024276"},"geometry":{"type":"LineString","coordinates":[[-112.03736,33.43234],[-112.03736,33.43335]]}},{"type":"Feature","properties":{"name":"Papago Freeway","highway":"motorway","osm":"way/30024277"},"geometry":{"type":"LineString","coordinates":[[-112.03735,33.43115],[-112.03736,33.43169]]}},{"type":"Feature","properties":{"name":null,"highway":"motorway_link","osm":"way/30024282"},"geometry":{"type":"LineString","coordinates":[[-112.03718,33.43115],[-112.03727,33.43169]]}},{"type":"Feature","properties":{"name":null,"highway":"motorway_link","osm":"way/30024283"},"geometry":{"type":"LineString","coordinates":[[-112.03727,33.43169],[-112.03736,33.43234]]}},{"type":"Feature","properties":{"name":"Papago Freeway","highway":"motorway","osm":"way/30024309"},"geometry":{"type":"LineString","coordinates":[[-112.03701,33.42902],[-112.03735,33.43115]]}},{"type":"Feature","properties":{"name":"Papago Freeway","highway":"motorway","osm":"way/30024311"},"geometry":{"type":"LineString","coordinates":[[-112.03644,33.42828],[-112.03701,33.42902]]}},{"type":"Feature","properties":{"name":"Papago Freeway","highway":"motorway","osm":"way/30024324"},"geometry":{"type":"LineString","coordinates":[[-112.03712,33.42853],[-112.03664,33.428]]}},{"type":"Feature","properties":{"name":"Papago Freeway","highway":"motorway","osm":"way/30024325"},"geometry":{"type":"LineString","coordinates":[[-112.03664,33.428],[-112.03537,33.42729],[-112.03346,33.42692]]}},{"type":"Feature","properties":{"name":"Maricopa Freeway","highway":"motorway","osm":"way/30024336"},"geometry":{"type":"LineString","coordinates":[[-112.03507,33.42787],[-112.03793,33.42767]]}},{"type":"Feature","properties":{"name":"Maricopa Freeway","highway":"motorway","osm":"way/30024338"},"geometry":{"type":"LineString","coordinates":[[-112.03793,33.42767],[-112.03955,33.42745],[-112.04323,33.42741]]}},{"type":"Feature","properties":{"name":"Maricopa Freeway","highway":"motorway","osm":"way/30024349"},"geometry":{"type":"LineString","coordinates":[[-112.03718,33.42696],[-112.03367,33.42671]]}},{"type":"Feature","properties":{"name":"Maricopa Freeway","highway":"motorway","osm":"way/30024350"},"geometry":{"type":"LineString","coordinates":[[-112.03855,33.42711],[-112.03718,33.42696]]}},{"type":"Feature","properties":{"name":"Maricopa Freeway","highway":"motorway","osm":"way/30024366"},"geometry":{"type":"LineString","coordinates":[[-112.03083,33.42706],[-112.03507,33.42787]]}},{"type":"Feature","properties":{"name":"Papago Freeway","highway":"motorway","osm":"way/30024370"},"geometry":{"type":"LineString","coordinates":[[-112.0308,33.42684],[-112.03473,33.42737],[-112.03575,33.42775],[-112.03644,33.42828]]}},{"type":"Feature","properties":{"name":"Maricopa Freeway","highway":"motorway","osm":"way/30024373"},"geometry":{"type":"LineString","coordinates":[[-112.03085,33.42656],[-112.03001,33.42645]]}},{"type":"Feature","properties":{"name":"Maricopa Freeway","highway":"motorway","osm":"way/30024378"},"geometry":{"type":"LineString","coordinates":[[-112.03001,33.42645],[-112.02653,33.42546]]}},{"type":"Feature","properties":{"name":"Papago Freeway","highway":"motorway","osm":"way/30024380"},"geometry":{"type":"LineString","coordinates":[[-112.03,33.42672],[-112.0308,33.42684]]}},{"type":"Feature","properties":{"name":"Maricopa Freeway","highway":"motorway","osm":"way/30024388"},"geometry":{"type":"LineString","coordinates":[[-112.03002,33.42689],[-112.03083,33.42706]]}},{"type":"Feature","properties":{"name":"North 27th Street","highway":"residential","osm":"way/30116669"},"geometry":{"type":"LineString","coordinates":[[-112.02378,33.4483],[-112.02378,33.44928]]}},{"type":"Feature","properties":{"name":"East Washington Street","highway":"primary","osm":"way/30116703"},"geometry":{"type":"LineString","coordinates":[[-111.99908,33.448],[-111.99664,33.44802]]}},{"type":"Feature","properties":{"name":"East Jefferson Street","highway":"residential","osm":"way/30117489"},"geometry":{"type":"LineString","coordinates":[[-112.02767,33.44721],[-112.02696,33.44722]]}},{"type":"Feature","properties":{"name":"East Washington Street","highway":"primary","osm":"way/30117572"},"geometry":{"type":"LineString","coordinates":[[-112.02476,33.44831],[-112.02694,33.44829]]}},{"type":"Feature","properties":{"name":"South 23rd Street","highway":"residential","osm":"way/30117740"},"geometry":{"type":"LineString","coordinates":[[-112.03242,33.44441],[-112.03242,33.44718]]}},{"type":"Feature","properties":{"name":"East Washington Street","highway":"primary","osm":"way/30119060"},"geometry":{"type":"LineString","coordinates":[[-112.03806,33.44836],[-112.03888,33.44836]]}},{"type":"Feature","properties":{"name":"East Washington Street","highway":"primary","osm":"way/30119223"},"geometry":{"type":"LineString","coordinates":[[-112.06184,33.44834],[-112.0621,33.44834]]}},{"type":"Feature","properties":{"name":"North Central Avenue","highway":"primary","osm":"way/30119518"},"geometry":{"type":"LineString","coordinates":[[-112.07382,33.45002],[-112.07382,33.45037]]}},{"type":"Feature","properties":{"name":"East Polk Street","highway":"residential","osm":"way/30119666"},"geometry":{"type":"LineString","coordinates":[[-112.07383,33.45242],[-112.07255,33.4524]]}},{"type":"Feature","properties":{"name":"East Jefferson Street","highway":"primary","osm":"way/30120075"},"geometry":{"type":"LineString","coordinates":[[-112.0621,33.44721],[-112.06198,33.44721]]}},{"type":"Feature","properties":{"name":null,"highway":"motorway_link","osm":"way/30120097"},"geometry":{"type":"LineString","coordinates":[[-112.03652,33.44625],[-112.03658,33.44651]]}},{"type":"Feature","properties":{"name":"East Jefferson Street","highway":"primary","osm":"way/30120273"},"geometry":{"type":"LineString","coordinates":[[-112.03657,33.44721],[-112.03612,33.44721]]}},{"type":"Feature","properties":{"name":"South 20th Street","highway":"residential","osm":"way/30120328"},"geometry":{"type":"LineString","coordinates":[[-112.03899,33.44823],[-112.039,33.44734]]}},{"type":"Feature","properties":{"name":"South 18th Street","highway":"residential","osm":"way/30120389"},"geometry":{"type":"LineString","coordinates":[[-112.0434,33.44836],[-112.0434,33.44822]]}},{"type":"Feature","properties":{"name":"South 17th Street","highway":"residential","osm":"way/30120393"},"geometry":{"type":"LineString","coordinates":[[-112.04556,33.44717],[-112.04556,33.44518]]}},{"type":"Feature","properties":{"name":"South 15th Street","highway":"residential","osm":"way/30120439"},"geometry":{"type":"LineString","coordinates":[[-112.04994,33.44518],[-112.04994,33.44659]]}},{"type":"Feature","properties":{"name":"South 14th Street","highway":"residential","osm":"way/30120441"},"geometry":{"type":"LineString","coordinates":[[-112.05208,33.44834],[-112.05208,33.4482]]}},{"type":"Feature","properties":{"name":"South 12th Street","highway":"residential","osm":"way/30120461"},"geometry":{"type":"LineString","coordinates":[[-112.05643,33.44831],[-112.05643,33.44817]]}},{"type":"Feature","properties":{"name":"East Jefferson Street","highway":"primary","osm":"way/30120648"},"geometry":{"type":"LineString","coordinates":[[-112.0677,33.44636],[-112.06653,33.44682]]}},{"type":"Feature","properties":{"name":"East Jefferson Street","highway":"primary","osm":"way/30120663"},"geometry":{"type":"LineString","coordinates":[[-112.06996,33.44641],[-112.06872,33.44639]]}},{"type":"Feature","properties":{"name":"West Jefferson Street","highway":"primary","osm":"way/30120759"},"geometry":{"type":"LineString","coordinates":[[-112.07511,33.44716],[-112.0743,33.44717]]}},{"type":"Feature","properties":{"name":"South 1st Avenue","highway":"primary","osm":"way/30120768"},"geometry":{"type":"LineString","coordinates":[[-112.07509,33.44808],[-112.07511,33.44767]]}},{"type":"Feature","properties":{"name":"North 1st Avenue","highway":"primary","osm":"way/30120976"},"geometry":{"type":"LineString","coordinates":[[-112.07519,33.45037],[-112.07511,33.44971]]}},{"type":"Feature","properties":{"name":"West Washington Street","highway":"secondary","osm":"way/30120981"},"geometry":{"type":"LineString","coordinates":[[-112.07389,33.44821],[-112.07427,33.44822]]}},{"type":"Feature","properties":{"name":"West Adams Street","highway":"residential","osm":"way/30120984"},"geometry":{"type":"LineString","coordinates":[[-112.0751,33.44931],[-112.07771,33.44931]]}},{"type":"Feature","properties":{"name":"North 1st Avenue","highway":"primary","osm":"way/30120992"},"geometry":{"type":"LineString","coordinates":[[-112.07472,33.45855],[-112.07519,33.45776]]}},{"type":"Feature","properties":{"name":"West Fillmore Street","highway":"residential","osm":"way/30121012"},"geometry":{"type":"LineString","coordinates":[[-112.07401,33.4547],[-112.07505,33.4547]]}},{"type":"Feature","properties":{"name":"North Central Avenue","highway":"primary","osm":"way/30121038"},"geometry":{"type":"LineString","coordinates":[[-112.0743,33.45908],[-112.07467,33.45862]]}},{"type":"Feature","properties":{"name":"West Palm Lane","highway":"residential","osm":"way/30121827"},"geometry":{"type":"LineString","coordinates":[[-112.07607,33.46949],[-112.08277,33.46946]]}},{"type":"Feature","properties":{"name":"West Holly Street","highway":"residential","osm":"way/30122015"},"geometry":{"type":"LineString","coordinates":[[-112.07606,33.47064],[-112.07824,33.47064]]}},{"type":"Feature","properties":{"name":"North Central Avenue","highway":"primary","osm":"way/30122487"},"geometry":{"type":"LineString","coordinates":[[-112.07377,33.46001],[-112.07374,33.46104]]}},{"type":"Feature","properties":{"name":"North Central Avenue","highway":"primary","osm":"way/30122488"},"geometry":{"type":"LineString","coordinates":[[-112.07393,33.48754],[-112.07393,33.48471]]}},{"type":"Feature","properties":{"name":"East Coronado Road","highway":"residential","osm":"way/30122626"},"geometry":{"type":"LineString","coordinates":[[-112.07373,33.46777],[-112.07338,33.46801]]}},{"type":"Feature","properties":{"name":"East Coronado Road","highway":"residential","osm":"way/30122630"},"geometry":{"type":"LineString","coordinates":[[-112.07373,33.46815],[-112.07289,33.46758],[-112.0716,33.46755]]}},{"type":"Feature","properties":{"name":"North Central Avenue","highway":"primary","osm":"way/30123019"},"geometry":{"type":"LineString","coordinates":[[-112.07369,33.50382],[-112.07368,33.50401]]}},{"type":"Feature","properties":{"name":"North Central Avenue","highway":"primary","osm":"way/30123022"},"geometry":{"type":"LineString","coordinates":[[-112.07387,33.504],[-112.07387,33.50384]]}},{"type":"Feature","properties":{"name":"North Central Avenue","highway":"primary","osm":"way/30123059"},"geometry":{"type":"LineString","coordinates":[[-112.07367,33.50473],[-112.07366,33.50564]]}},{"type":"Feature","properties":{"name":"North Central Avenue","highway":"primary","osm":"way/30123061"},"geometry":{"type":"LineString","coordinates":[[-112.07376,33.50928],[-112.07387,33.50649]]}},{"type":"Feature","properties":{"name":"East Mariposa Street","highway":"residential","osm":"way/30123109"},"geometry":{"type":"LineString","coordinates":[[-112.07061,33.50814],[-112.07142,33.50814]]}},{"type":"Feature","properties":{"name":"East Mariposa Street","highway":"residential","osm":"way/30123146"},"geometry":{"type":"LineString","coordinates":[[-112.07274,33.50827],[-112.07259,33.50775]]}},{"type":"Feature","properties":{"name":"North 5th Street","highway":"residential","osm":"way/30123156"},"geometry":{"type":"LineString","coordinates":[[-112.06721,33.50713],[-112.0672,33.50875]]}},{"type":"Feature","properties":{"name":"North 3rd Avenue","highway":"residential","osm":"way/30123374"},"geometry":{"type":"LineString","coordinates":[[-112.07816,33.50977],[-112.07814,33.51658]]}},{"type":"Feature","properties":{"name":"North 7th Avenue","highway":"secondary","osm":"way/30123385"},"geometry":{"type":"LineString","coordinates":[[-112.08257,33.4614],[-112.08258,33.46211]]}},{"type":"Feature","properties":{"name":"North 15th Avenue","highway":"tertiary","osm":"way/30123420"},"geometry":{"type":"LineString","coordinates":[[-112.09141,33.47372],[-112.0914,33.47989]]}},{"type":"Feature","properties":{"name":"North 13th Avenue","highway":"residential","osm":"way/30123439"},"geometry":{"type":"LineString","coordinates":[[-112.08905,33.51527],[-112.08908,33.50956]]}},{"type":"Feature","properties":{"name":"North 17th Avenue","highway":"residential","osm":"way/30123442"},"geometry":{"type":"LineString","coordinates":[[-112.09552,33.49733],[-112.09557,33.50055]]}},{"type":"Feature","properties":{"name":"West Colter Street","highway":"tertiary","osm":"way/30123635"},"geometry":{"type":"LineString","coordinates":[[-112.08249,33.51296],[-112.09562,33.51318]]}},{"type":"Feature","properties":{"name":"South 3rd Street","highway":"residential","osm":"way/30133457"},"geometry":{"type":"LineString","coordinates":[[-112.06993,33.44219],[-112.06985,33.43524]]}},{"type":"Feature","properties":{"name":"East Old Tower Road","highway":"unclassified","osm":"way/30151330"},"geometry":{"type":"LineString","coordinates":[[-112.0128,33.42605],[-112.01314,33.4253],[-112.01314,33.42415],[-112.01287,33.42365]]}},{"type":"Feature","properties":{"name":"East Old Tower Road","highway":"unclassified","osm":"way/30151331"},"geometry":{"type":"LineString","coordinates":[[-112.01312,33.42408],[-112.01436,33.42418],[-112.01439,33.42572]]}},{"type":"Feature","properties":{"name":"East Old Tower Road","highway":"unclassified","osm":"way/30151333"},"geometry":{"type":"LineString","coordinates":[[-112.01439,33.42507],[-112.01228,33.42511],[-112.01118,33.42567],[-112.01121,33.42618]]}},{"type":"Feature","properties":{"name":"East Old Tower Road","highway":"unclassified","osm":"way/30151335"},"geometry":{"type":"LineString","coordinates":[[-112.01248,33.42507],[-112.01197,33.42411]]}},{"type":"Feature","properties":{"name":"East Old Tower Road","highway":"unclassified","osm":"way/30151336"},"geometry":{"type":"LineString","coordinates":[[-112.0118,33.42533],[-112.0112,33.4245]]}},{"type":"Feature","properties":{"name":"East Old Tower Road","highway":"tertiary","osm":"way/30151341"},"geometry":{"type":"LineString","coordinates":[[-112.01619,33.42189],[-112.01525,33.42236]]}},{"type":"Feature","properties":{"name":"East Old Tower Road","highway":"tertiary","osm":"way/30151342"},"geometry":{"type":"LineString","coordinates":[[-112.01512,33.42261],[-112.01521,33.4226]]}},{"type":"Feature","properties":{"name":"East Old Tower Road","highway":"tertiary","osm":"way/30152351"},"geometry":{"type":"LineString","coordinates":[[-112.01646,33.42175],[-112.01762,33.42146],[-112.01872,33.4217],[-112.02078,33.42341],[-112.02562,33.42611],[-112.02923,33.42738],[-112.02956,33.42766]]}},{"type":"Feature","properties":{"name":null,"highway":"secondary_link","osm":"way/30152353"},"geometry":{"type":"LineString","coordinates":[[-112.03031,33.42732],[-112.03013,33.42789],[-112.02956,33.42766]]}},{"type":"Feature","properties":{"name":"East Buckeye Road","highway":"tertiary","osm":"way/30159250"},"geometry":{"type":"LineString","coordinates":[[-112.01586,33.43636],[-112.01603,33.43566],[-112.0168,33.43535],[-112.01731,33.43487],[-112.01798,33.43508],[-112.01773,33.43572]]}},{"type":"Feature","properties":{"name":"East Buckeye Road","highway":"tertiary","osm":"way/30159251"},"geometry":{"type":"LineString","coordinates":[[-112.01773,33.43572],[-112.01814,33.43587],[-112.0225,33.43588]]}},{"type":"Feature","properties":{"name":null,"highway":"motorway_link","osm":"way/30168691"},"geometry":{"type":"LineString","coordinates":[[-112.0293,33.43727],[-112.02431,33.43712]]}},{"type":"Feature","properties":{"name":"East Sky Harbor Boulevard","highway":"motorway","osm":"way/30168694"},"geometry":{"type":"LineString","coordinates":[[-112.02979,33.43761],[-112.02658,33.43755]]}},{"type":"Feature","properties":{"name":null,"highway":"primary_link","osm":"way/30168698"},"geometry":{"type":"LineString","coordinates":[[-112.02022,33.43684],[-112.02206,33.43689]]}},{"type":"Feature","properties":{"name":"East Sky Harbor Boulevard","highway":"motorway","osm":"way/30168700"},"geometry":{"type":"LineString","coordinates":[[-112.0262,33.43778],[-112.0298,33.43769]]}},{"type":"Feature","properties":{"name":"South 29th Street","highway":"unclassified","osm":"way/30168701"},"geometry":{"type":"LineString","coordinates":[[-112.01902,33.43684],[-112.01902,33.43707]]}},{"type":"Feature","properties":{"name":"East Sky Harbor Boulevard","highway":"motorway","osm":"way/30168709"},"geometry":{"type":"LineString","coordinates":[[-112.02491,33.4374],[-112.02218,33.43725]]}},{"type":"Feature","properties":{"name":"East Sky Harbor Boulevard","highway":"motorway","osm":"way/30168711"},"geometry":{"type":"LineString","coordinates":[[-112.03062,33.43769],[-112.03442,33.43769]]}},{"type":"Feature","properties":{"name":"East Sky Harbor Boulevard","highway":"motorway","osm":"way/30168712"},"geometry":{"type":"LineString","coordinates":[[-112.03375,33.43761],[-112.03062,33.43761]]}},{"type":"Feature","properties":{"name":"East Sky Harbor Boulevard","highway":"motorway","osm":"way/30168713"},"geometry":{"type":"LineString","coordinates":[[-112.0298,33.43769],[-112.03062,33.43769]]}},{"type":"Feature","properties":{"name":"East Sky Harbor Boulevard","highway":"motorway","osm":"way/30168714"},"geometry":{"type":"LineString","coordinates":[[-112.03062,33.43761],[-112.02979,33.43761]]}},{"type":"Feature","properties":{"name":"South 29th Street","highway":"secondary","osm":"way/30169901"},"geometry":{"type":"LineString","coordinates":[[-112.0216,33.4376],[-112.02306,33.43778]]}},{"type":"Feature","properties":{"name":null,"highway":"primary_link","osm":"way/30169909"},"geometry":{"type":"LineString","coordinates":[[-112.01643,33.43719],[-112.0169,33.43711],[-112.01709,33.43746],[-112.0162,33.43796]]}},{"type":"Feature","properties":{"name":null,"highway":"primary_link","osm":"way/30169914"},"geometry":{"type":"LineString","coordinates":[[-112.01797,33.43684],[-112.01792,33.43667]]}},{"type":"Feature","properties":{"name":"East Buckeye Road","highway":"tertiary","osm":"way/30169915"},"geometry":{"type":"LineString","coordinates":[[-112.01586,33.43636],[-112.01581,33.43662]]}},{"type":"Feature","properties":{"name":null,"highway":"primary_link","osm":"way/30169918"},"geometry":{"type":"LineString","coordinates":[[-112.01594,33.43755],[-112.01711,33.43667]]}},{"type":"Feature","properties":{"name":"East Sky Harbor Boulevard South","highway":"tertiary","osm":"way/30169926"},"geometry":{"type":"LineString","coordinates":[[-112.011,33.43669],[-112.01051,33.43662]]}},{"type":"Feature","properties":{"name":"East Sky Harbor Boulevard South","highway":"tertiary","osm":"way/30169927"},"geometry":{"type":"LineString","coordinates":[[-112.01051,33.43662],[-112.01005,33.43607],[-112.00927,33.43592]]}},{"type":"Feature","properties":{"name":"South 41st Street","highway":"unclassified","osm":"way/30172649"},"geometry":{"type":"LineString","coordinates":[[-111.99143,33.43443],[-111.99159,33.43463]]}},{"type":"Feature","properties":{"name":"South 42nd Street","highway":"unclassified","osm":"way/30172652"},"geometry":{"type":"LineString","coordinates":[[-111.98759,33.43341],[-111.98761,33.434]]}},{"type":"Feature","properties":{"name":"South 42nd Street","highway":"unclassified","osm":"way/30172653"},"geometry":{"type":"LineString","coordinates":[[-111.98783,33.43491],[-111.98782,33.4345]]}},{"type":"Feature","properties":{"name":null,"highway":"motorway_link","osm":"way/30172657"},"geometry":{"type":"LineString","coordinates":[[-111.98746,33.43512],[-111.98868,33.4348],[-111.99059,33.43468]]}},{"type":"Feature","properties":{"name":null,"highway":"primary_link","osm":"way/30172658"},"geometry":{"type":"LineString","coordinates":[[-111.98772,33.43515],[-111.98783,33.4353]]}},{"type":"Feature","properties":{"name":null,"highway":"primary_link","osm":"way/30172659"},"geometry":{"type":"LineString","coordinates":[[-111.99197,33.43602],[-111.98887,33.43564]]}},{"type":"Feature","properties":{"name":null,"highway":"primary_link","osm":"way/30172660"},"geometry":{"type":"LineString","coordinates":[[-111.98887,33.43564],[-111.98849,33.43552],[-111.98859,33.43527]]}},{"type":"Feature","properties":{"name":null,"highway":"primary_link","osm":"way/30172663"},"geometry":{"type":"LineString","coordinates":[[-111.98724,33.44009],[-111.98654,33.4388]]}},{"type":"Feature","properties":{"name":null,"highway":"primary_link","osm":"way/30172667"},"geometry":{"type":"LineString","coordinates":[[-111.9916,33.43575],[-111.99129,33.4358]]}},{"type":"Feature","properties":{"name":"South 41st Street","highway":"unclassified","osm":"way/30172669"},"geometry":{"type":"LineString","coordinates":[[-111.9916,33.43514],[-111.9916,33.43575]]}},{"type":"Feature","properties":{"name":"South 41st Street","highway":"unclassified","osm":"way/30172670"},"geometry":{"type":"LineString","coordinates":[[-111.9916,33.43486],[-111.9916,33.43514]]}},{"type":"Feature","properties":{"name":"South 41st Street","highway":"unclassified","osm":"way/30172671"},"geometry":{"type":"LineString","coordinates":[[-111.9916,33.43584],[-111.99161,33.43614]]}},{"type":"Feature","properties":{"name":null,"highway":"motorway_link","osm":"way/30172672"},"geometry":{"type":"LineString","coordinates":[[-111.99161,33.43614],[-111.98763,33.43604]]}},{"type":"Feature","properties":{"name":null,"highway":"primary_link","osm":"way/30172673"},"geometry":{"type":"LineString","coordinates":[[-111.99129,33.4358],[-111.99035,33.43586]]}},{"type":"Feature","properties":{"name":null,"highway":"primary_link","osm":"way/30172674"},"geometry":{"type":"LineString","coordinates":[[-111.99035,33.43586],[-111.98744,33.43582]]}},{"type":"Feature","properties":{"name":"South 42nd Street","highway":"unclassified","osm":"way/30172676"},"geometry":{"type":"LineString","coordinates":[[-111.98783,33.4353],[-111.98783,33.43491]]}},{"type":"Feature","properties":{"name":"South 42nd Street","highway":"unclassified","osm":"way/30172677"},"geometry":{"type":"LineString","coordinates":[[-111.98761,33.434],[-111.98769,33.4345]]}},{"type":"Feature","properties":{"name":"South 42nd Street","highway":"unclassified","osm":"way/30172678"},"geometry":{"type":"LineString","coordinates":[[-111.9877,33.43538],[-111.9877,33.43568]]}},{"type":"Feature","properties":{"name":"South 42nd Street","highway":"unclassified","osm":"way/30172679"},"geometry":{"type":"LineString","coordinates":[[-111.98783,33.43565],[-111.98783,33.4353]]}},{"type":"Feature","properties":{"name":null,"highway":"primary_link","osm":"way/30172681"},"geometry":{"type":"LineString","coordinates":[[-111.9879,33.43531],[-111.98894,33.43524]]}},{"type":"Feature","properties":{"name":"South 42nd Street","highway":"unclassified","osm":"way/30172682"},"geometry":{"type":"LineString","coordinates":[[-111.98772,33.43582],[-111.98772,33.4362]]}},{"type":"Feature","properties":{"name":"South 42nd Street","highway":"unclassified","osm":"way/30172683"},"geometry":{"type":"LineString","coordinates":[[-111.98784,33.43621],[-111.98783,33.43565]]}},{"type":"Feature","properties":{"name":null,"highway":"primary_link","osm":"way/30172684"},"geometry":{"type":"LineString","coordinates":[[-111.98777,33.43568],[-111.98772,33.43582]]}},{"type":"Feature","properties":{"name":"South 42nd Street","highway":"unclassified","osm":"way/30172686"},"geometry":{"type":"LineString","coordinates":[[-111.98784,33.43678],[-111.98784,33.43621]]}},{"type":"Feature","properties":{"name":"South 42nd Street","highway":"unclassified","osm":"way/30172687"},"geometry":{"type":"LineString","coordinates":[[-111.98772,33.4362],[-111.98784,33.43678]]}},{"type":"Feature","properties":{"name":"South 42nd Street","highway":"unclassified","osm":"way/30172688"},"geometry":{"type":"LineString","coordinates":[[-111.98786,33.43684],[-111.98816,33.43777]]}},{"type":"Feature","properties":{"name":null,"highway":"primary_link","osm":"way/30172689"},"geometry":{"type":"LineString","coordinates":[[-111.98602,33.43793],[-111.98636,33.4371],[-111.98731,33.43678]]}},{"type":"Feature","properties":{"name":null,"highway":"motorway_link","osm":"way/30172700"},"geometry":{"type":"LineString","coordinates":[[-111.98739,33.43542],[-111.98837,33.43509],[-111.99007,33.43494]]}},{"type":"Feature","properties":{"name":null,"highway":"motorway_link","osm":"way/30172703"},"geometry":{"type":"LineString","coordinates":[[-111.98626,33.43671],[-111.98668,33.43599],[-111.98739,33.43542]]}},{"type":"Feature","properties":{"name":"North 16th Avenue","highway":"residential","osm":"way/30703927"},"geometry":{"type":"LineString","coordinates":[[-112.09358,33.44981],[-112.09362,33.45133]]}},{"type":"Feature","properties":{"name":"West Jackson Street","highway":"residential","osm":"way/30704540"},"geometry":{"type":"LineString","coordinates":[[-112.0881,33.44534],[-112.08699,33.44522]]}},{"type":"Feature","properties":{"name":"West Van Buren Street","highway":"primary","osm":"way/30788758"},"geometry":{"type":"LineString","coordinates":[[-112.07821,33.45141],[-112.07965,33.45141]]}},{"type":"Feature","properties":{"name":"East Osborn Road","highway":"secondary","osm":"way/32236120"},"geometry":{"type":"LineString","coordinates":[[-112.07381,33.48754],[-112.07369,33.48754]]}},{"type":"Feature","properties":{"name":"North 7th Avenue","highway":"secondary","osm":"way/32242871"},"geometry":{"type":"LineString","coordinates":[[-112.08249,33.51296],[-112.08248,33.51387]]}},{"type":"Feature","properties":{"name":"East Mariposa Street","highway":"residential","osm":"way/32243222"},"geometry":{"type":"LineString","coordinates":[[-112.06607,33.50832],[-112.0672,33.50832]]}},{"type":"Feature","properties":{"name":"East Pierson Street","highway":"residential","osm":"way/32243237"},"geometry":{"type":"LineString","coordinates":[[-112.06721,33.50743],[-112.06502,33.50743]]}},{"type":"Feature","properties":{"name":"Papago Freeway","highway":"motorway","osm":"way/32736576"},"geometry":{"type":"LineString","coordinates":[[-112.08185,33.46127],[-112.08429,33.4612],[-112.08757,33.46151]]}},{"type":"Feature","properties":{"name":null,"highway":"motorway_link","osm":"way/32766096"},"geometry":{"type":"LineString","coordinates":[[-112.0981,33.46122],[-112.09646,33.46139]]}},{"type":"Feature","properties":{"name":null,"highway":"motorway_link","osm":"way/32766099"},"geometry":{"type":"LineString","coordinates":[[-112.09431,33.46197],[-112.09855,33.46214]]}},{"type":"Feature","properties":{"name":"Papago Freeway","highway":"motorway","osm":"way/32766104"},"geometry":{"type":"LineString","coordinates":[[-112.09095,33.46188],[-112.09431,33.46197]]}},{"type":"Feature","properties":{"name":"Papago Freeway","highway":"motorway","osm":"way/32766107"},"geometry":{"type":"LineString","coordinates":[[-112.09095,33.46149],[-112.09024,33.46143]]}},{"type":"Feature","properties":{"name":"North Mitchell Street","highway":"residential","osm":"way/34746807"},"geometry":{"type":"LineString","coordinates":[[-112.05736,33.47478],[-112.05736,33.47658]]}},{"type":"Feature","properties":{"name":"West Holly Street","highway":"residential","osm":"way/35345149"},"geometry":{"type":"LineString","coordinates":[[-112.07824,33.47064],[-112.07929,33.47031],[-112.0828,33.47035]]}},{"type":"Feature","properties":{"name":"West Holly Street","highway":"residential","osm":"way/35345151"},"geometry":{"type":"LineString","coordinates":[[-112.0786,33.47061],[-112.07859,33.47088]]}},{"type":"Feature","properties":{"name":"West Palm Lane","highway":"residential","osm":"way/35347489"},"geometry":{"type":"LineString","coordinates":[[-112.0914,33.4695],[-112.09379,33.4695]]}},{"type":"Feature","properties":{"name":"North 9th Avenue","highway":"residential","osm":"way/35347761"},"geometry":{"type":"LineString","coordinates":[[-112.08486,33.46584],[-112.08483,33.4708]]}},{"type":"Feature","properties":{"name":"West Willetta Street","highway":"residential","osm":"way/35348502"},"geometry":{"type":"LineString","coordinates":[[-112.07826,33.46375],[-112.09561,33.46374]]}},{"type":"Feature","properties":{"name":"North 11th Avenue","highway":"residential","osm":"way/35352481"},"geometry":{"type":"LineString","coordinates":[[-112.08696,33.4911],[-112.08691,33.49836]]}},{"type":"Feature","properties":{"name":"North Alvarado Road","highway":"residential","osm":"way/35391831"},"geometry":{"type":"LineString","coordinates":[[-112.07107,33.47111],[-112.07105,33.47231]]}},{"type":"Feature","properties":{"name":"East Monte Vista Road","highway":"residential","osm":"way/35391839"},"geometry":{"type":"LineString","coordinates":[[-112.04987,33.47121],[-112.06513,33.47116]]}},{"type":"Feature","properties":{"name":"North 8th Street","highway":"residential","osm":"way/35391933"},"geometry":{"type":"LineString","coordinates":[[-112.06397,33.47824],[-112.06397,33.48022]]}},{"type":"Feature","properties":{"name":"East Windsor Avenue","highway":"residential","osm":"way/35391941"},"geometry":{"type":"LineString","coordinates":[[-112.06303,33.47848],[-112.06228,33.4781],[-112.06152,33.47847]]}},{"type":"Feature","properties":{"name":"East Oak Street","highway":"residential","osm":"way/35392029"},"geometry":{"type":"LineString","coordinates":[[-112.04766,33.47292],[-112.03955,33.47292]]}},{"type":"Feature","properties":{"name":"Maricopa Freeway","highway":"motorway","osm":"way/37439213"},"geometry":{"type":"LineString","coordinates":[[-112.04751,33.42724],[-112.04347,33.42726]]}},{"type":"Feature","properties":{"name":"East Old Tower Road","highway":"tertiary","osm":"way/47842315"},"geometry":{"type":"LineString","coordinates":[[-112.02975,33.42785],[-112.03045,33.42793]]}},{"type":"Feature","properties":{"name":"North 17th Avenue","highway":"residential","osm":"way/47935582"},"geometry":{"type":"LineString","coordinates":[[-112.09565,33.50089],[-112.09565,33.50964]]}},{"type":"Feature","properties":{"name":"North 10th Street","highway":"residential","osm":"way/48250091"},"geometry":{"type":"LineString","coordinates":[[-112.06102,33.49291],[-112.06102,33.49474]]}},{"type":"Feature","properties":{"name":"East Indianola Avenue","highway":"residential","osm":"way/48250265"},"geometry":{"type":"LineString","coordinates":[[-112.05418,33.49194],[-112.05205,33.49192]]}},{"type":"Feature","properties":{"name":"East Glenrosa Avenue","highway":"residential","osm":"way/48250590"},"geometry":{"type":"LineString","coordinates":[[-112.04762,33.49837],[-112.04411,33.49839]]}},{"type":"Feature","properties":{"name":"North 18th Avenue","highway":"residential","osm":"way/48331262"},"geometry":{"type":"LineString","coordinates":[[-112.09765,33.50228],[-112.09764,33.50363]]}},{"type":"Feature","properties":{"name":"North Dayton Street","highway":"residential","osm":"way/48360373"},"geometry":{"type":"LineString","coordinates":[[-112.05964,33.47661],[-112.05963,33.48022]]}},{"type":"Feature","properties":{"name":"North Country Club Drive","highway":"residential","osm":"way/48360511"},"geometry":{"type":"LineString","coordinates":[[-112.06434,33.48184],[-112.06427,33.48192]]}},{"type":"Feature","properties":{"name":"North Manor Drive West","highway":"residential","osm":"way/48360602"},"geometry":{"type":"LineString","coordinates":[[-112.05529,33.48097],[-112.05558,33.48152],[-112.05557,33.48668]]}},{"type":"Feature","properties":{"name":"East Cheery Lynn Road","highway":"residential","osm":"way/48360639"},"geometry":{"type":"LineString","coordinates":[[-112.05238,33.48486],[-112.05248,33.48463]]}},{"type":"Feature","properties":{"name":"East Whitton Avenue","highway":"residential","osm":"way/48360752"},"geometry":{"type":"LineString","coordinates":[[-112.05636,33.4893],[-112.04987,33.4893]]}},{"type":"Feature","properties":{"name":"East Fairmount Avenue","highway":"residential","osm":"way/48360789"},"geometry":{"type":"LineString","coordinates":[[-112.06507,33.49292],[-112.05635,33.49291]]}},{"type":"Feature","properties":{"name":"West Glenrosa Avenue","highway":"residential","osm":"way/48361145"},"geometry":{"type":"LineString","coordinates":[[-112.08248,33.49849],[-112.08664,33.49854]]}},{"type":"Feature","properties":{"name":"North 7th Avenue","highway":"secondary","osm":"way/48361148"},"geometry":{"type":"LineString","coordinates":[[-112.08251,33.50028],[-112.08246,33.50103]]}},{"type":"Feature","properties":{"name":"West Turney Avenue","highway":"residential","osm":"way/48361197"},"geometry":{"type":"LineString","coordinates":[[-112.08251,33.50028],[-112.08588,33.50029],[-112.0879,33.49953],[-112.08897,33.49938]]}},{"type":"Feature","properties":{"name":"North 3rd Avenue","highway":"residential","osm":"way/48361218"},"geometry":{"type":"LineString","coordinates":[[-112.07812,33.50205],[-112.07817,33.50295]]}},{"type":"Feature","properties":{"name":"North 18th Avenue","highway":"residential","osm":"way/48361276"},"geometry":{"type":"LineString","coordinates":[[-112.098,33.495],[-112.09771,33.50012]]}},{"type":"Feature","properties":{"name":"East Oregon Avenue","highway":"residential","osm":"way/48362208"},"geometry":{"type":"LineString","coordinates":[[-112.05844,33.51374],[-112.05627,33.51373]]}},{"type":"Feature","properties":{"name":"East Colter Street","highway":"tertiary","osm":"way/48362245"},"geometry":{"type":"LineString","coordinates":[[-112.05405,33.51288],[-112.04792,33.51286]]}},{"type":"Feature","properties":{"name":"East Oregon Avenue","highway":"residential","osm":"way/48362257"},"geometry":{"type":"LineString","coordinates":[[-112.05627,33.51377],[-112.05025,33.51379]]}},{"type":"Feature","properties":{"name":"East Georgia Avenue","highway":"residential","osm":"way/48362266"},"geometry":{"type":"LineString","coordinates":[[-112.05627,33.51466],[-112.05123,33.51466]]}},{"type":"Feature","properties":{"name":"East Medlock Drive","highway":"residential","osm":"way/48362412"},"geometry":{"type":"LineString","coordinates":[[-112.05393,33.51148],[-112.05627,33.51141]]}},{"type":"Feature","properties":{"name":"North 11th Avenue","highway":"tertiary","osm":"way/48374196"},"geometry":{"type":"LineString","coordinates":[[-112.08679,33.52752],[-112.08691,33.50936]]}},{"type":"Feature","properties":{"name":"North 3rd Avenue","highway":"tertiary","osm":"way/48665391"},"geometry":{"type":"LineString","coordinates":[[-112.07771,33.44931],[-112.07773,33.45128]]}},{"type":"Feature","properties":{"name":"Papago Freeway","highway":"motorway","osm":"way/51462994"},"geometry":{"type":"LineString","coordinates":[[-112.02803,33.42633],[-112.03,33.42672]]}},{"type":"Feature","properties":{"name":"East Campbell Avenue","highway":"tertiary","osm":"way/77304639"},"geometry":{"type":"LineString","coordinates":[[-112.05565,33.50198],[-112.04421,33.50207]]}},{"type":"Feature","properties":{"name":"North 12th Street","highway":"tertiary","osm":"way/77305479"},"geometry":{"type":"LineString","coordinates":[[-112.05631,33.50198],[-112.05631,33.50143]]}},{"type":"Feature","properties":{"name":"South Central Avenue","highway":"secondary","osm":"way/80396865"},"geometry":{"type":"LineString","coordinates":[[-112.07373,33.43907],[-112.07372,33.44166]]}},{"type":"Feature","properties":{"name":"South 36th Street","highway":"tertiary","osm":"way/81448962"},"geometry":{"type":"LineString","coordinates":[[-112.00375,33.44504],[-112.00375,33.44359],[-112.00399,33.44331]]}},{"type":"Feature","properties":{"name":"North 12th Street","highway":"tertiary","osm":"way/84831422"},"geometry":{"type":"LineString","coordinates":[[-112.05632,33.50002],[-112.05632,33.49984]]}},{"type":"Feature","properties":{"name":"North 12th Street","highway":"tertiary","osm":"way/84831423"},"geometry":{"type":"LineString","coordinates":[[-112.05635,33.49291],[-112.05637,33.48834]]}},{"type":"Feature","properties":{"name":"North 7th Street","highway":"primary","osm":"way/84831626"},"geometry":{"type":"LineString","coordinates":[[-112.06504,33.50249],[-112.06504,33.50562]]}},{"type":"Feature","properties":{"name":"North 7th Street","highway":"primary","osm":"way/84831627"},"geometry":{"type":"LineString","coordinates":[[-112.06504,33.50235],[-112.06504,33.50249]]}},{"type":"Feature","properties":{"name":"North 7th Avenue","highway":"secondary","osm":"way/84917047"},"geometry":{"type":"LineString","coordinates":[[-112.08244,33.50287],[-112.08245,33.50303]]}},{"type":"Feature","properties":{"name":"North 7th Avenue","highway":"secondary","osm":"way/84917056"},"geometry":{"type":"LineString","coordinates":[[-112.0825,33.50996],[-112.08249,33.51296]]}},{"type":"Feature","properties":{"name":"West Washington Street","highway":"primary","osm":"way/84969928"},"geometry":{"type":"LineString","coordinates":[[-111.98977,33.44805],[-111.98891,33.44803]]}},{"type":"Feature","properties":{"name":"East Washington Street","highway":"primary","osm":"way/84969932"},"geometry":{"type":"LineString","coordinates":[[-111.99541,33.4482],[-111.99639,33.44821]]}},{"type":"Feature","properties":{"name":"West Washington Street","highway":"primary","osm":"way/84969933"},"geometry":{"type":"LineString","coordinates":[[-111.99029,33.44822],[-111.99078,33.44821]]}},{"type":"Feature","properties":{"name":"West Washington Street","highway":"primary","osm":"way/84969934"},"geometry":{"type":"LineString","coordinates":[[-111.99065,33.44807],[-111.99054,33.44807]]}},{"type":"Feature","properties":{"name":"North 4th Avenue","highway":"residential","osm":"way/84969937"},"geometry":{"type":"LineString","coordinates":[[-112.07893,33.4498],[-112.07899,33.45141]]}},{"type":"Feature","properties":{"name":"North 4th Avenue","highway":"residential","osm":"way/84969938"},"geometry":{"type":"LineString","coordinates":[[-112.07892,33.4495],[-112.07893,33.4498]]}},{"type":"Feature","properties":{"name":"North 5th Avenue","highway":"residential","osm":"way/84969939"},"geometry":{"type":"LineString","coordinates":[[-112.08021,33.4493],[-112.0802,33.44823]]}},{"type":"Feature","properties":{"name":"North 3rd Avenue","highway":"tertiary","osm":"way/84969941"},"geometry":{"type":"LineString","coordinates":[[-112.0783,33.48075],[-112.07875,33.48029]]}},{"type":"Feature","properties":{"name":"North 15th Avenue","highway":"tertiary","osm":"way/85120283"},"geometry":{"type":"LineString","coordinates":[[-112.09129,33.50167],[-112.09128,33.50221]]}},{"type":"Feature","properties":{"name":"North 15th Avenue","highway":"tertiary","osm":"way/85120289"},"geometry":{"type":"LineString","coordinates":[[-112.0913,33.50043],[-112.0913,33.5006]]}},{"type":"Feature","properties":{"name":"West Thomas Road","highway":"residential","osm":"way/86579187"},"geometry":{"type":"LineString","coordinates":[[-112.0864,33.48024],[-112.08514,33.48038]]}},{"type":"Feature","properties":{"name":"West Thomas Road","highway":"residential","osm":"way/86579188"},"geometry":{"type":"LineString","coordinates":[[-112.0864,33.48024],[-112.09037,33.48045]]}},{"type":"Feature","properties":{"name":"Maricopa Freeway","highway":"motorway","osm":"way/87649290"},"geometry":{"type":"LineString","coordinates":[[-112.01957,33.42043],[-112.01738,33.41786]]}},{"type":"Feature","properties":{"name":"Maricopa Freeway","highway":"motorway","osm":"way/87649293"},"geometry":{"type":"LineString","coordinates":[[-112.01738,33.41786],[-112.01487,33.41486]]}},{"type":"Feature","properties":{"name":"Maricopa Freeway","highway":"motorway","osm":"way/87649297"},"geometry":{"type":"LineString","coordinates":[[-112.01715,33.41799],[-112.01925,33.4205]]}},{"type":"Feature","properties":{"name":"Maricopa Freeway","highway":"motorway","osm":"way/87649300"},"geometry":{"type":"LineString","coordinates":[[-112.01925,33.4205],[-112.02083,33.42222],[-112.0242,33.42466]]}},{"type":"Feature","properties":{"name":"East Air Lane","highway":"unclassified","osm":"way/96319116"},"geometry":{"type":"LineString","coordinates":[[-111.98718,33.44106],[-111.98815,33.44169]]}},{"type":"Feature","properties":{"name":"South 44th Street","highway":"primary","osm":"way/96319120"},"geometry":{"type":"LineString","coordinates":[[-111.98711,33.44628],[-111.9871,33.44652]]}},{"type":"Feature","properties":{"name":"South 44th Street","highway":"primary","osm":"way/96319132"},"geometry":{"type":"LineString","coordinates":[[-111.9871,33.44652],[-111.98709,33.44673]]}},{"type":"Feature","properties":{"name":"East Air Lane","highway":"unclassified","osm":"way/96319140"},"geometry":{"type":"LineString","coordinates":[[-111.98815,33.44169],[-111.98864,33.44199]]}},{"type":"Feature","properties":{"name":"South 44th Street","highway":"primary","osm":"way/96319142"},"geometry":{"type":"LineString","coordinates":[[-111.98725,33.44621],[-111.98727,33.44596]]}},{"type":"Feature","properties":{"name":"South 44th Street","highway":"primary","osm":"way/96319152"},"geometry":{"type":"LineString","coordinates":[[-111.98726,33.4466],[-111.98726,33.44638]]}},{"type":"Feature","properties":{"name":"West Pasadena Avenue","highway":"residential","osm":"way/97516871"},"geometry":{"type":"LineString","coordinates":[[-112.09112,33.51045],[-112.09126,33.51045]]}},{"type":"Feature","properties":{"name":null,"highway":"primary_link","osm":"way/102320630"},"geometry":{"type":"LineString","coordinates":[[-111.98528,33.42238],[-111.9851,33.42193]]}},{"type":"Feature","properties":{"name":"Grand Avenue","highway":"secondary","osm":"way/105563352"},"geometry":{"type":"LineString","coordinates":[[-112.09788,33.46411],[-112.09836,33.46452]]}},{"type":"Feature","properties":{"name":null,"highway":"motorway_link","osm":"way/105563927"},"geometry":{"type":"LineString","coordinates":[[-111.98704,33.43615],[-111.98539,33.43691],[-111.98497,33.43752]]}},{"type":"Feature","properties":{"name":null,"highway":"unclassified","osm":"way/105563929"},"geometry":{"type":"LineString","coordinates":[[-111.98578,33.43812],[-111.98569,33.43818]]}},{"type":"Feature","properties":{"name":"South 44th Street","highway":"primary","osm":"way/105563935"},"geometry":{"type":"LineString","coordinates":[[-111.98513,33.43755],[-111.98436,33.43699]]}},{"type":"Feature","properties":{"name":"South 44th Street","highway":"primary","osm":"way/105563937"},"geometry":{"type":"LineString","coordinates":[[-111.9843,33.43705],[-111.98507,33.43762]]}},{"type":"Feature","properties":{"name":null,"highway":"motorway_link","osm":"way/105563938"},"geometry":{"type":"LineString","coordinates":[[-111.98602,33.43793],[-111.98626,33.43671]]}},{"type":"Feature","properties":{"name":"East Air Lane","highway":"unclassified","osm":"way/105563944"},"geometry":{"type":"LineString","coordinates":[[-111.98778,33.44069],[-111.98755,33.44009]]}},{"type":"Feature","properties":{"name":null,"highway":"primary_link","osm":"way/105563945"},"geometry":{"type":"LineString","coordinates":[[-111.98627,33.43846],[-111.98602,33.43793]]}},{"type":"Feature","properties":{"name":null,"highway":"unclassified","osm":"way/105563946"},"geometry":{"type":"LineString","coordinates":[[-111.98569,33.43944],[-111.98406,33.43749],[-111.98369,33.43739],[-111.9832,33.43761]]}},{"type":"Feature","properties":{"name":"East Madison Street","highway":"unclassified","osm":"way/105563949"},"geometry":{"type":"LineString","coordinates":[[-111.98899,33.44615],[-111.98804,33.44594]]}},{"type":"Feature","properties":{"name":"East Sky Harbor Boulevard","highway":"motorway","osm":"way/105563950"},"geometry":{"type":"LineString","coordinates":[[-111.98748,33.43519],[-111.99007,33.43494]]}},{"type":"Feature","properties":{"name":null,"highway":"motorway_link","osm":"way/105563951"},"geometry":{"type":"LineString","coordinates":[[-111.98517,33.43837],[-111.98608,33.43903],[-111.98569,33.43944]]}},{"type":"Feature","properties":{"name":"East Sky Harbor Boulevard","highway":"motorway","osm":"way/105563952"},"geometry":{"type":"LineString","coordinates":[[-111.98704,33.43615],[-111.98454,33.43715],[-111.98351,33.43716]]}},{"type":"Feature","properties":{"name":null,"highway":"unclassified","osm":"way/105563955"},"geometry":{"type":"LineString","coordinates":[[-111.98538,33.4384],[-111.98516,33.43854]]}},{"type":"Feature","properties":{"name":null,"highway":"unclassified","osm":"way/105563958"},"geometry":{"type":"LineString","coordinates":[[-111.98516,33.43854],[-111.98501,33.43862]]}},{"type":"Feature","properties":{"name":"East Air Lane","highway":"unclassified","osm":"way/105563960"},"geometry":{"type":"LineString","coordinates":[[-111.98821,33.44154],[-111.98778,33.44069]]}},{"type":"Feature","properties":{"name":null,"highway":"primary_link","osm":"way/105563962"},"geometry":{"type":"LineString","coordinates":[[-112.01192,33.43655],[-112.01137,33.43684],[-112.01174,33.43764],[-112.01338,33.4379]]}},{"type":"Feature","properties":{"name":null,"highway":"motorway_link","osm":"way/105563963"},"geometry":{"type":"LineString","coordinates":[[-111.98744,33.43589],[-111.9859,33.43626]]}},{"type":"Feature","properties":{"name":"South 44th Street","highway":"primary","osm":"way/105563965"},"geometry":{"type":"LineString","coordinates":[[-111.98717,33.44018],[-111.98766,33.44237],[-111.98728,33.44479]]}},{"type":"Feature","properties":{"name":"South 1st Avenue","highway":"secondary","osm":"way/105564990"},"geometry":{"type":"LineString","coordinates":[[-112.07511,33.44716],[-112.07502,33.44634]]}},{"type":"Feature","properties":{"name":"West Encanto Boulevard","highway":"tertiary","osm":"way/106405340"},"geometry":{"type":"LineString","coordinates":[[-112.07819,33.47304],[-112.08079,33.47301]]}},{"type":"Feature","properties":{"name":"West Encanto Boulevard","highway":"tertiary","osm":"way/106405347"},"geometry":{"type":"LineString","coordinates":[[-112.08079,33.47301],[-112.07819,33.4729]]}},{"type":"Feature","properties":{"name":"North 5th Avenue","highway":"tertiary","osm":"way/106405354"},"geometry":{"type":"LineString","coordinates":[[-112.08045,33.48031],[-112.08044,33.47411]]}},{"type":"Feature","properties":{"name":"North 5th Street","highway":"residential","osm":"way/114914450"},"geometry":{"type":"LineString","coordinates":[[-112.06748,33.4517],[-112.0675,33.45354]]}},{"type":"Feature","properties":{"name":"East Taylor Street","highway":"residential","osm":"way/115012170"},"geometry":{"type":"LineString","coordinates":[[-112.07254,33.45349],[-112.06997,33.45347]]}},{"type":"Feature","properties":{"name":"South 3rd Avenue","highway":"residential","osm":"way/115064773"},"geometry":{"type":"LineString","coordinates":[[-112.07769,33.444],[-112.07768,33.44116]]}},{"type":"Feature","properties":{"name":"East Fillmore Street","highway":"residential","osm":"way/115812974"},"geometry":{"type":"LineString","coordinates":[[-112.07379,33.45453],[-112.06999,33.45444]]}},{"type":"Feature","properties":{"name":"North 5th Street","highway":"residential","osm":"way/115812987"},"geometry":{"type":"LineString","coordinates":[[-112.06748,33.45453],[-112.06748,33.46129]]}},{"type":"Feature","properties":{"name":"North 6th Street","highway":"residential","osm":"way/115812989"},"geometry":{"type":"LineString","coordinates":[[-112.06626,33.45442],[-112.06625,33.45866]]}},{"type":"Feature","properties":{"name":"East Fillmore Street","highway":"residential","osm":"way/115813001"},"geometry":{"type":"LineString","coordinates":[[-112.06471,33.45456],[-112.06207,33.45458]]}},{"type":"Feature","properties":{"name":"East Polk Street","highway":"residential","osm":"way/117680207"},"geometry":{"type":"LineString","coordinates":[[-112.06518,33.45235],[-112.06207,33.45235]]}},{"type":"Feature","properties":{"name":"South 44th Street","highway":"primary","osm":"way/118836050"},"geometry":{"type":"LineString","coordinates":[[-111.98707,33.44745],[-111.98707,33.44803]]}},{"type":"Feature","properties":{"name":"East Buckeye Road","highway":"secondary","osm":"way/118943827"},"geometry":{"type":"LineString","coordinates":[[-112.03353,33.43685],[-112.03386,33.43685]]}},{"type":"Feature","properties":{"name":"East Buckeye Road","highway":"secondary","osm":"way/118943829"},"geometry":{"type":"LineString","coordinates":[[-112.03549,33.43671],[-112.03476,33.43671]]}},{"type":"Feature","properties":{"name":"East Buckeye Road","highway":"secondary","osm":"way/118943832"},"geometry":{"type":"LineString","coordinates":[[-112.03476,33.43685],[-112.03623,33.43686]]}},{"type":"Feature","properties":{"name":"South 24th Street","highway":"secondary","osm":"way/118943833"},"geometry":{"type":"LineString","coordinates":[[-112.03478,33.43133],[-112.03441,33.43029],[-112.03321,33.42943]]}},{"type":"Feature","properties":{"name":"Maricopa Freeway","highway":"motorway","osm":"way/119089337"},"geometry":{"type":"LineString","coordinates":[[-112.00569,33.41113],[-112.00824,33.41144],[-112.01118,33.41252],[-112.01356,33.41404],[-112.01532,33.4158]]}},{"type":"Feature","properties":{"name":"East Sky Harbor Boulevard","highway":"motorway","osm":"way/119116757"},"geometry":{"type":"LineString","coordinates":[[-111.99007,33.43494],[-111.99197,33.43495]]}},{"type":"Feature","properties":{"name":"East Sky Harbor Boulevard","highway":"motorway","osm":"way/119116762"},"geometry":{"type":"LineString","coordinates":[[-111.99045,33.43602],[-111.98763,33.43604]]}},{"type":"Feature","properties":{"name":"Maricopa Freeway","highway":"motorway","osm":"way/123105727"},"geometry":{"type":"LineString","coordinates":[[-112.01532,33.4158],[-112.01715,33.41799]]}},{"type":"Feature","properties":{"name":"Papago Freeway","highway":"motorway","osm":"way/123105998"},"geometry":{"type":"LineString","coordinates":[[-112.08879,33.46165],[-112.09095,33.46188]]}},{"type":"Feature","properties":{"name":"Papago Freeway","highway":"motorway","osm":"way/123106012"},"geometry":{"type":"LineString","coordinates":[[-112.05853,33.46213],[-112.06097,33.46211]]}},{"type":"Feature","properties":{"name":"Papago Freeway","highway":"motorway","osm":"way/123106021"},"geometry":{"type":"LineString","coordinates":[[-112.09888,33.46155],[-112.09418,33.46156]]}},{"type":"Feature","properties":{"name":"Papago Freeway","highway":"motorway","osm":"way/123106031"},"geometry":{"type":"LineString","coordinates":[[-112.04431,33.46218],[-112.04594,33.4622]]}},{"type":"Feature","properties":{"name":"Papago Freeway","highway":"motorway","osm":"way/123106033"},"geometry":{"type":"LineString","coordinates":[[-112.06008,33.4617],[-112.05293,33.46184]]}},{"type":"Feature","properties":{"name":"Papago Freeway","highway":"motorway","osm":"way/123106034"},"geometry":{"type":"LineString","coordinates":[[-112.08264,33.4608],[-112.07798,33.46146]]}},{"type":"Feature","properties":{"name":"North 5th Avenue","highway":"tertiary","osm":"way/124709934"},"geometry":{"type":"LineString","coordinates":[[-112.07989,33.4614],[-112.07997,33.46087]]}},{"type":"Feature","properties":{"name":"South 10th Avenue","highway":"residential","osm":"way/126018725"},"geometry":{"type":"LineString","coordinates":[[-112.08604,33.44007],[-112.08604,33.43955]]}},{"type":"Feature","properties":{"name":"West Hadley Street","highway":"residential","osm":"way/126018728"},"geometry":{"type":"LineString","coordinates":[[-112.08318,33.439],[-112.08369,33.439]]}},{"type":"Feature","properties":{"name":"West Hadley Street","highway":"residential","osm":"way/126018730"},"geometry":{"type":"LineString","coordinates":[[-112.08255,33.43903],[-112.08318,33.439]]}},{"type":"Feature","properties":{"name":"West Hadley Street","highway":"residential","osm":"way/126018733"},"geometry":{"type":"LineString","coordinates":[[-112.08318,33.439],[-112.08255,33.43874]]}},{"type":"Feature","properties":{"name":"West Sherman Street","highway":"residential","osm":"way/126018735"},"geometry":{"type":"LineString","coordinates":[[-112.08555,33.43954],[-112.08604,33.43955]]}},{"type":"Feature","properties":{"name":"West Tonto Street","highway":"residential","osm":"way/126018738"},"geometry":{"type":"LineString","coordinates":[[-112.08369,33.43851],[-112.08468,33.43851]]}},{"type":"Feature","properties":{"name":"South 8th Avenue","highway":"residential","osm":"way/126018740"},"geometry":{"type":"LineString","coordinates":[[-112.0837,33.43989],[-112.08369,33.43851]]}},{"type":"Feature","properties":{"name":"North 16th Street","highway":"secondary","osm":"way/126634547"},"geometry":{"type":"LineString","coordinates":[[-112.04764,33.49356],[-112.04764,33.49376]]}},{"type":"Feature","properties":{"name":"North 9th Street","highway":"residential","osm":"way/126746181"},"geometry":{"type":"LineString","coordinates":[[-112.06209,33.45039],[-112.0621,33.45088]]}},{"type":"Feature","properties":{"name":"North 9th Street","highway":"residential","osm":"way/126746183"},"geometry":{"type":"LineString","coordinates":[[-112.06207,33.45483],[-112.06206,33.46126]]}},{"type":"Feature","properties":{"name":"East Indian School Road","highway":"secondary","osm":"way/128823516"},"geometry":{"type":"LineString","coordinates":[[-112.04899,33.49472],[-112.04867,33.49472]]}},{"type":"Feature","properties":{"name":"North 18th Avenue","highway":"residential","osm":"way/129901321"},"geometry":{"type":"LineString","coordinates":[[-112.09751,33.48695],[-112.09751,33.4878]]}},{"type":"Feature","properties":{"name":"North 45th Street","highway":"unclassified","osm":"way/130496418"},"geometry":{"type":"LineString","coordinates":[[-111.98533,33.45264],[-111.98551,33.45117]]}},{"type":"Feature","properties":{"name":"North Gateway Boulevard","highway":"unclassified","osm":"way/130496424"},"geometry":{"type":"LineString","coordinates":[[-111.98909,33.45277],[-111.98861,33.45298],[-111.98883,33.45333],[-111.9893,33.45314],[-111.98909,33.45277]]}},{"type":"Feature","properties":{"name":"North Gateway Boulevard","highway":"unclassified","osm":"way/130496427"},"geometry":{"type":"LineString","coordinates":[[-111.98872,33.45327],[-111.98871,33.4535]]}},{"type":"Feature","properties":{"name":"East Buckeye Road","highway":"secondary","osm":"way/131549785"},"geometry":{"type":"LineString","coordinates":[[-112.04884,33.43688],[-112.04963,33.4368]]}},{"type":"Feature","properties":{"name":"East Buckeye Road","highway":"secondary","osm":"way/131549786"},"geometry":{"type":"LineString","coordinates":[[-112.03028,33.43682],[-112.03183,33.43684]]}},{"type":"Feature","properties":{"name":"East Buckeye Road","highway":"secondary","osm":"way/131549787"},"geometry":{"type":"LineString","coordinates":[[-112.04777,33.43688],[-112.04884,33.43688]]}},{"type":"Feature","properties":{"name":"North 7th Avenue","highway":"secondary","osm":"way/131637171"},"geometry":{"type":"LineString","coordinates":[[-112.08275,33.46814],[-112.08284,33.47211]]}},{"type":"Feature","properties":{"name":"North 7th Avenue","highway":"secondary","osm":"way/131637172"},"geometry":{"type":"LineString","coordinates":[[-112.08275,33.46065],[-112.08273,33.45979]]}},{"type":"Feature","properties":{"name":"North 7th Avenue","highway":"secondary","osm":"way/131637173"},"geometry":{"type":"LineString","coordinates":[[-112.08258,33.46211],[-112.08258,33.46225]]}},{"type":"Feature","properties":{"name":"South 7th Avenue","highway":"secondary","osm":"way/131637193"},"geometry":{"type":"LineString","coordinates":[[-112.08253,33.43599],[-112.08248,33.43063]]}},{"type":"Feature","properties":{"name":"South 24th Street","highway":"secondary","osm":"way/131880549"},"geometry":{"type":"LineString","coordinates":[[-112.03003,33.41778],[-112.02979,33.41533]]}},{"type":"Feature","properties":{"name":"South 24th Street","highway":"secondary","osm":"way/131880550"},"geometry":{"type":"LineString","coordinates":[[-112.02979,33.41533],[-112.02981,33.40748]]}},{"type":"Feature","properties":{"name":"Copperhead Drive","highway":"unclassified","osm":"way/131891081"},"geometry":{"type":"LineString","coordinates":[[-112.03019,33.43544],[-112.03018,33.43568]]}},{"type":"Feature","properties":{"name":"South 25th Street","highway":"residential","osm":"way/136566036"},"geometry":{"type":"LineString","coordinates":[[-112.02787,33.44717],[-112.02786,33.44445]]}},{"type":"Feature","properties":{"name":"East Gateway Drive","highway":"residential","osm":"way/136566038"},"geometry":{"type":"LineString","coordinates":[[-111.99909,33.44747],[-111.99906,33.44893]]}},{"type":"Feature","properties":{"name":"South 26th Street","highway":"residential","osm":"way/136607011"},"geometry":{"type":"LineString","coordinates":[[-112.02613,33.44796],[-112.0259,33.44777]]}},{"type":"Feature","properties":{"name":"South 26th Street","highway":"residential","osm":"way/136607012"},"geometry":{"type":"LineString","coordinates":[[-112.0259,33.44777],[-112.02574,33.44808]]}},{"type":"Feature","properties":{"name":null,"highway":"residential","osm":"way/136607022"},"geometry":{"type":"LineString","coordinates":[[-112.02017,33.45274],[-112.02021,33.45267]]}},{"type":"Feature","properties":{"name":"East Jefferson Street","highway":"primary","osm":"way/136607044"},"geometry":{"type":"LineString","coordinates":[[-112.06111,33.44724],[-112.06002,33.44724]]}},{"type":"Feature","properties":{"name":"East Jefferson Street","highway":"primary","osm":"way/136607058"},"geometry":{"type":"LineString","coordinates":[[-112.02698,33.44765],[-112.02613,33.44796]]}},{"type":"Feature","properties":{"name":"East Washington Street","highway":"primary_link","osm":"way/136607063"},"geometry":{"type":"LineString","coordinates":[[-112.02616,33.44829],[-112.02737,33.44816]]}},{"type":"Feature","properties":{"name":"East Van Buren Street","highway":"primary","osm":"way/136758915"},"geometry":{"type":"LineString","coordinates":[[-112.07255,33.45138],[-112.07316,33.45138]]}},{"type":"Feature","properties":{"name":"North 40th Street","highway":"secondary","osm":"way/136758917"},"geometry":{"type":"LineString","coordinates":[[-111.99529,33.45211],[-111.99524,33.45642]]}},{"type":"Feature","properties":{"name":"North 40th Street","highway":"secondary","osm":"way/136758918"},"geometry":{"type":"LineString","coordinates":[[-111.99542,33.44802],[-111.99541,33.4482]]}},{"type":"Feature","properties":{"name":"South 11th Street","highway":"residential","osm":"way/136901337"},"geometry":{"type":"LineString","coordinates":[[-112.05899,33.44711],[-112.05899,33.44502]]}},{"type":"Feature","properties":{"name":"South 11th Street","highway":"residential","osm":"way/136920658"},"geometry":{"type":"LineString","coordinates":[[-112.05893,33.44724],[-112.05893,33.4482]]}},{"type":"Feature","properties":{"name":"South 13th Street","highway":"residential","osm":"way/136920659"},"geometry":{"type":"LineString","coordinates":[[-112.05424,33.44819],[-112.05424,33.44728]]}},{"type":"Feature","properties":{"name":"South 13th Street","highway":"residential","osm":"way/136920660"},"geometry":{"type":"LineString","coordinates":[[-112.05424,33.44715],[-112.05424,33.44615]]}},{"type":"Feature","properties":{"name":"South 19th Street","highway":"residential","osm":"way/136920661"},"geometry":{"type":"LineString","coordinates":[[-112.04124,33.44718],[-112.04124,33.4452]]}},{"type":"Feature","properties":{"name":"South 20th Street","highway":"unclassified","osm":"way/136920662"},"geometry":{"type":"LineString","coordinates":[[-112.039,33.44717],[-112.03893,33.44386]]}},{"type":"Feature","properties":{"name":"South 23rd Street","highway":"residential","osm":"way/136920663"},"geometry":{"type":"LineString","coordinates":[[-112.03241,33.44731],[-112.03242,33.44819]]}},{"type":"Feature","properties":{"name":"East Washington Street","highway":"primary","osm":"way/136920667"},"geometry":{"type":"LineString","coordinates":[[-112.06226,33.44834],[-112.06406,33.44839]]}},{"type":"Feature","properties":{"name":"North 1st Avenue","highway":"primary","osm":"way/136920672"},"geometry":{"type":"LineString","coordinates":[[-112.07472,33.45855],[-112.07505,33.45787],[-112.07505,33.45709]]}},{"type":"Feature","properties":{"name":"North Central Avenue","highway":"primary","osm":"way/136920673"},"geometry":{"type":"LineString","coordinates":[[-112.0739,33.45242],[-112.07393,33.45422]]}},{"type":"Feature","properties":{"name":"East Washington Street","highway":"primary","osm":"way/136920674"},"geometry":{"type":"LineString","coordinates":[[-112.0594,33.4482],[-112.06025,33.44834]]}},{"type":"Feature","properties":{"name":"East Washington Street","highway":"primary","osm":"way/136920675"},"geometry":{"type":"LineString","coordinates":[[-112.05011,33.44821],[-112.05081,33.44834]]}},{"type":"Feature","properties":{"name":"East Washington Street","highway":"primary","osm":"way/136920676"},"geometry":{"type":"LineString","coordinates":[[-112.03261,33.44819],[-112.03336,33.44834]]}},{"type":"Feature","properties":{"name":"East Jefferson Street","highway":"primary","osm":"way/136920677"},"geometry":{"type":"LineString","coordinates":[[-112.04224,33.44731],[-112.04152,33.44718]]}},{"type":"Feature","properties":{"name":"East Washington Street","highway":"primary","osm":"way/136920679"},"geometry":{"type":"LineString","coordinates":[[-112.04141,33.44823],[-112.0423,33.44836]]}},{"type":"Feature","properties":{"name":"East Washington Street","highway":"primary_link","osm":"way/136920682"},"geometry":{"type":"LineString","coordinates":[[-112.04591,33.44822],[-112.04666,33.44836]]}},{"type":"Feature","properties":{"name":"East Washington Street","highway":"primary","osm":"way/136920684"},"geometry":{"type":"LineString","coordinates":[[-112.05456,33.4482],[-112.05549,33.44833]]}},{"type":"Feature","properties":{"name":null,"highway":"primary_link","osm":"way/136920687"},"geometry":{"type":"LineString","coordinates":[[-112.05388,33.44728],[-112.05312,33.44714]]}},{"type":"Feature","properties":{"name":"East Jefferson Street","highway":"primary","osm":"way/136920688"},"geometry":{"type":"LineString","coordinates":[[-112.05843,33.44724],[-112.05771,33.44713]]}},{"type":"Feature","properties":{"name":"East Jefferson Street","highway":"primary","osm":"way/136920691"},"geometry":{"type":"LineString","coordinates":[[-112.04524,33.44731],[-112.04434,33.44718]]}},{"type":"Feature","properties":{"name":"East Jefferson Street","highway":"primary","osm":"way/136920696"},"geometry":{"type":"LineString","coordinates":[[-112.03207,33.4473],[-112.03123,33.44715]]}},{"type":"Feature","properties":{"name":"East Jefferson Street","highway":"primary","osm":"way/136920698"},"geometry":{"type":"LineString","coordinates":[[-112.04974,33.4473],[-112.04889,33.44717]]}},{"type":"Feature","properties":{"name":"East Washington Street","highway":"primary","osm":"way/136920701"},"geometry":{"type":"LineString","coordinates":[[-112.02657,33.44802],[-112.02737,33.44816]]}},{"type":"Feature","properties":{"name":null,"highway":"primary_link","osm":"way/136920705"},"geometry":{"type":"LineString","coordinates":[[-112.07393,33.45715],[-112.07379,33.45785]]}},{"type":"Feature","properties":{"name":"North Central Avenue","highway":"primary","osm":"way/136920710"},"geometry":{"type":"LineString","coordinates":[[-112.07293,33.44831],[-112.07368,33.44832]]}},{"type":"Feature","properties":{"name":"West Clarendon Avenue","highway":"residential","osm":"way/137325373"},"geometry":{"type":"LineString","coordinates":[[-112.07393,33.49239],[-112.07478,33.49232]]}},{"type":"Feature","properties":{"name":"West Clarendon Avenue","highway":"residential","osm":"way/137325374"},"geometry":{"type":"LineString","coordinates":[[-112.07478,33.49232],[-112.07393,33.49239]]}},{"type":"Feature","properties":{"name":"North 24th Street","highway":"secondary","osm":"way/137619925"},"geometry":{"type":"LineString","coordinates":[[-112.03019,33.44881],[-112.03019,33.44832]]}},{"type":"Feature","properties":{"name":"West Portland Street","highway":"residential","osm":"way/137912016"},"geometry":{"type":"LineString","coordinates":[[-112.07779,33.4599],[-112.07755,33.45991]]}},{"type":"Feature","properties":{"name":"West Portland Street","highway":"residential","osm":"way/137912017"},"geometry":{"type":"LineString","coordinates":[[-112.07411,33.45993],[-112.07536,33.46004]]}},{"type":"Feature","properties":{"name":"West Portland Street","highway":"residential","osm":"way/137912018"},"geometry":{"type":"LineString","coordinates":[[-112.07755,33.45991],[-112.07644,33.45982]]}},{"type":"Feature","properties":{"name":"North 3rd Street","highway":"tertiary","osm":"way/138068134"},"geometry":{"type":"LineString","coordinates":[[-112.06942,33.47302],[-112.06944,33.47393]]}},{"type":"Feature","properties":{"name":"North 3rd Street","highway":"tertiary","osm":"way/138068135"},"geometry":{"type":"LineString","coordinates":[[-112.06936,33.46191],[-112.06936,33.46236]]}},{"type":"Feature","properties":{"name":"North Central Avenue","highway":"primary","osm":"way/138250353"},"geometry":{"type":"LineString","coordinates":[[-112.07392,33.46213],[-112.07394,33.46104]]}},{"type":"Feature","properties":{"name":"North Central Avenue","highway":"primary","osm":"way/138250354"},"geometry":{"type":"LineString","coordinates":[[-112.07392,33.46069],[-112.07394,33.46001]]}},{"type":"Feature","properties":{"name":"North Central Avenue","highway":"primary","osm":"way/138250355"},"geometry":{"type":"LineString","coordinates":[[-112.07371,33.48388],[-112.07368,33.48669]]}},{"type":"Feature","properties":{"name":"North Central Avenue","highway":"primary","osm":"way/138250356"},"geometry":{"type":"LineString","coordinates":[[-112.07374,33.46104],[-112.07372,33.46213]]}},{"type":"Feature","properties":{"name":"South 17th Avenue","highway":"secondary","osm":"way/138259187"},"geometry":{"type":"LineString","coordinates":[[-112.09582,33.44747],[-112.09582,33.447]]}},{"type":"Feature","properties":{"name":"South 17th Avenue","highway":"secondary","osm":"way/138259188"},"geometry":{"type":"LineString","coordinates":[[-112.09588,33.44849],[-112.09583,33.44763]]}},{"type":"Feature","properties":{"name":"West Palm Lane","highway":"residential","osm":"way/138259189"},"geometry":{"type":"LineString","coordinates":[[-112.08277,33.4694],[-112.0914,33.46941]]}},{"type":"Feature","properties":{"name":"North 1st Street","highway":"residential","osm":"way/138265491"},"geometry":{"type":"LineString","coordinates":[[-112.07263,33.46572],[-112.07264,33.46396]]}},{"type":"Feature","properties":{"name":null,"highway":"residential","osm":"way/138265495"},"geometry":{"type":"LineString","coordinates":[[-112.07539,33.45926],[-112.07422,33.45925]]}},{"type":"Feature","properties":{"name":null,"highway":"residential","osm":"way/138265496"},"geometry":{"type":"LineString","coordinates":[[-112.07779,33.45927],[-112.07729,33.45927]]}},{"type":"Feature","properties":{"name":null,"highway":"residential","osm":"way/138265497"},"geometry":{"type":"LineString","coordinates":[[-112.07642,33.45916],[-112.07539,33.45917]]}},{"type":"Feature","properties":{"name":null,"highway":"residential","osm":"way/138265499"},"geometry":{"type":"LineString","coordinates":[[-112.07729,33.45984],[-112.07729,33.45927]]}},{"type":"Feature","properties":{"name":"North 1st Drive","highway":"residential","osm":"way/138265502"},"geometry":{"type":"LineString","coordinates":[[-112.07539,33.45982],[-112.07539,33.45864]]}},{"type":"Feature","properties":{"name":"North 9th Avenue","highway":"residential","osm":"way/138275000"},"geometry":{"type":"LineString","coordinates":[[-112.08484,33.47175],[-112.08486,33.47275]]}},{"type":"Feature","properties":{"name":"West Cypress Street","highway":"residential","osm":"way/138279761"},"geometry":{"type":"LineString","coordinates":[[-112.07586,33.47179],[-112.07588,33.47295]]}},{"type":"Feature","properties":{"name":"West Cypress Street","highway":"residential","osm":"way/138279762"},"geometry":{"type":"LineString","coordinates":[[-112.07605,33.47179],[-112.08284,33.47211]]}},{"type":"Feature","properties":{"name":"West Virginia Avenue","highway":"residential","osm":"way/138279764"},"geometry":{"type":"LineString","coordinates":[[-112.0755,33.47667],[-112.08042,33.47669]]}},{"type":"Feature","properties":{"name":"North Whittier Drive","highway":"residential","osm":"way/138286648"},"geometry":{"type":"LineString","coordinates":[[-112.04682,33.46694],[-112.04675,33.46667]]}},{"type":"Feature","properties":{"name":"North Whittier Drive","highway":"residential","osm":"way/138286649"},"geometry":{"type":"LineString","coordinates":[[-112.04685,33.46822],[-112.04671,33.46847]]}},{"type":"Feature","properties":{"name":"West Weldon Avenue","highway":"residential","osm":"way/139214230"},"geometry":{"type":"LineString","coordinates":[[-112.07651,33.49077],[-112.07392,33.49076]]}},{"type":"Feature","properties":{"name":"East Verde Lane","highway":"residential","osm":"way/139217295"},"geometry":{"type":"LineString","coordinates":[[-112.06945,33.48114],[-112.0673,33.48112]]}},{"type":"Feature","properties":{"name":"North 10th Avenue","highway":"residential","osm":"way/139217296"},"geometry":{"type":"LineString","coordinates":[[-112.08615,33.48771],[-112.08615,33.48594]]}},{"type":"Feature","properties":{"name":"North 10th Avenue","highway":"residential","osm":"way/139217297"},"geometry":{"type":"LineString","coordinates":[[-112.08604,33.50398],[-112.08577,33.50249]]}},{"type":"Feature","properties":{"name":"North 11th Avenue","highway":"residential","osm":"way/139217298"},"geometry":{"type":"LineString","coordinates":[[-112.08648,33.48038],[-112.0868,33.47947]]}},{"type":"Feature","properties":{"name":"North 12th Drive","highway":"residential","osm":"way/139217299"},"geometry":{"type":"LineString","coordinates":[[-112.08864,33.50371],[-112.08889,33.50181]]}},{"type":"Feature","properties":{"name":"North 13th Avenue","highway":"residential","osm":"way/139217300"},"geometry":{"type":"LineString","coordinates":[[-112.08948,33.50371],[-112.08966,33.50206]]}},{"type":"Feature","properties":{"name":"North 13th Avenue","highway":"residential","osm":"way/139217301"},"geometry":{"type":"LineString","coordinates":[[-112.089,33.48773],[-112.089,33.48598]]}},{"type":"Feature","properties":{"name":"North 14th Avenue","highway":"residential","osm":"way/139217302"},"geometry":{"type":"LineString","coordinates":[[-112.09029,33.50819],[-112.09041,33.5012]]}},{"type":"Feature","properties":{"name":"North 14th Avenue","highway":"residential","osm":"way/139217303"},"geometry":{"type":"LineString","coordinates":[[-112.0902,33.50005],[-112.09025,33.49859]]}},{"type":"Feature","properties":{"name":"North 1st Avenue","highway":"residential","osm":"way/139217304"},"geometry":{"type":"LineString","coordinates":[[-112.07525,33.50749],[-112.07525,33.50663]]}},{"type":"Feature","properties":{"name":"North 5th Street","highway":"residential","osm":"way/139217305"},"geometry":{"type":"LineString","coordinates":[[-112.06731,33.48204],[-112.0673,33.48112]]}},{"type":"Feature","properties":{"name":"North 6th Avenue","highway":"residential","osm":"way/139217306"},"geometry":{"type":"LineString","coordinates":[[-112.08184,33.48033],[-112.08182,33.48114]]}},{"type":"Feature","properties":{"name":"North 8th Avenue","highway":"residential","osm":"way/139217307"},"geometry":{"type":"LineString","coordinates":[[-112.08404,33.50029],[-112.08402,33.50151]]}},{"type":"Feature","properties":{"name":"North 8th Avenue","highway":"residential","osm":"way/139217308"},"geometry":{"type":"LineString","coordinates":[[-112.08402,33.49367],[-112.08384,33.48854]]}},{"type":"Feature","properties":{"name":"North 8th Avenue","highway":"residential","osm":"way/139217309"},"geometry":{"type":"LineString","coordinates":[[-112.08424,33.48301],[-112.08425,33.48037]]}},{"type":"Feature","properties":{"name":"North 9th Avenue","highway":"residential","osm":"way/139217310"},"geometry":{"type":"LineString","coordinates":[[-112.0852,33.50397],[-112.08501,33.50278]]}},{"type":"Feature","properties":{"name":"North 9th Avenue","highway":"residential","osm":"way/139217311"},"geometry":{"type":"LineString","coordinates":[[-112.08522,33.483],[-112.08524,33.48131]]}},{"type":"Feature","properties":{"name":"North Country Club Drive","highway":"residential","osm":"way/139217312"},"geometry":{"type":"LineString","coordinates":[[-112.06473,33.48661],[-112.06414,33.48632]]}},{"type":"Feature","properties":{"name":"West Campus Drive","highway":"residential","osm":"way/139217313"},"geometry":{"type":"LineString","coordinates":[[-112.08499,33.48592],[-112.08506,33.48532],[-112.0854,33.485],[-112.08715,33.48503]]}},{"type":"Feature","properties":{"name":"West Catalina Drive","highway":"residential","osm":"way/139217314"},"geometry":{"type":"LineString","coordinates":[[-112.07412,33.48224],[-112.0739,33.48212]]}},{"type":"Feature","properties":{"name":"West Catalina Drive","highway":"residential","osm":"way/139217315"},"geometry":{"type":"LineString","coordinates":[[-112.08523,33.48219],[-112.08741,33.48219]]}},{"type":"Feature","properties":{"name":"West Catalina Drive","highway":"residential","osm":"way/139217316"},"geometry":{"type":"LineString","coordinates":[[-112.07391,33.48237],[-112.07412,33.48224]]}},{"type":"Feature","properties":{"name":"West Coolidge Street","highway":"residential","osm":"way/139217317"},"geometry":{"type":"LineString","coordinates":[[-112.09042,33.5051],[-112.08798,33.50507]]}},{"type":"Feature","properties":{"name":"West Cypress Street","highway":"residential","osm":"way/139217319"},"geometry":{"type":"LineString","coordinates":[[-112.07586,33.47179],[-112.0739,33.47178]]}},{"type":"Feature","properties":{"name":"West Earll Drive","highway":"residential","osm":"way/139217320"},"geometry":{"type":"LineString","coordinates":[[-112.08315,33.48398],[-112.08706,33.48399]]}},{"type":"Feature","properties":{"name":"West Edgemont Avenue","highway":"residential","osm":"way/139217321"},"geometry":{"type":"LineString","coordinates":[[-112.08302,33.47944],[-112.07523,33.47935]]}},{"type":"Feature","properties":{"name":"West Elm Street","highway":"residential","osm":"way/139217322"},"geometry":{"type":"LineString","coordinates":[[-112.07813,33.5066],[-112.07525,33.50659]]}},{"type":"Feature","properties":{"name":"West Hazelwood Street","highway":"residential","osm":"way/139217324"},"geometry":{"type":"LineString","coordinates":[[-112.09042,33.50441],[-112.08798,33.50439]]}},{"type":"Feature","properties":{"name":"West Hazelwood Street","highway":"residential","osm":"way/139217325"},"geometry":{"type":"LineString","coordinates":[[-112.08314,33.50355],[-112.08335,33.50395],[-112.08688,33.504]]}},{"type":"Feature","properties":{"name":"West Lewis Avenue","highway":"residential","osm":"way/139217326"},"geometry":{"type":"LineString","coordinates":[[-112.07495,33.47487],[-112.07391,33.47487]]}},{"type":"Feature","properties":{"name":"West Lewis Avenue","highway":"residential","osm":"way/139217327"},"geometry":{"type":"LineString","coordinates":[[-112.07511,33.47487],[-112.08206,33.47493]]}},{"type":"Feature","properties":{"name":"West Meadowbrook Avenue","highway":"residential","osm":"way/139217329"},"geometry":{"type":"LineString","coordinates":[[-112.09041,33.50373],[-112.08948,33.50371]]}},{"type":"Feature","properties":{"name":"West Meadowbrook Avenue","highway":"residential","osm":"way/139217330"},"geometry":{"type":"LineString","coordinates":[[-112.08791,33.50371],[-112.08864,33.50371]]}},{"type":"Feature","properties":{"name":"West Montecito Avenue","highway":"residential","osm":"way/139217331"},"geometry":{"type":"LineString","coordinates":[[-112.0869,33.4994],[-112.08279,33.49939]]}},{"type":"Feature","properties":{"name":"West Pierson Street","highway":"residential","osm":"way/139217332"},"geometry":{"type":"LineString","coordinates":[[-112.08249,33.50755],[-112.07525,33.50749]]}},{"type":"Feature","properties":{"name":"West Pierson Street","highway":"residential","osm":"way/139217333"},"geometry":{"type":"LineString","coordinates":[[-112.08908,33.50735],[-112.08941,33.50735]]}},{"type":"Feature","properties":{"name":"West Roma Avenue","highway":"residential","osm":"way/139217334"},"geometry":{"type":"LineString","coordinates":[[-112.08529,33.50131],[-112.0902,33.50005]]}},{"type":"Feature","properties":{"name":"West Sells Drive","highway":"residential","osm":"way/139217335"},"geometry":{"type":"LineString","coordinates":[[-112.09041,33.5012],[-112.08916,33.5014],[-112.08889,33.50181]]}},{"type":"Feature","properties":{"name":"West Verde Lane","highway":"residential","osm":"way/139217336"},"geometry":{"type":"LineString","coordinates":[[-112.08524,33.48131],[-112.08701,33.48133]]}},{"type":"Feature","properties":{"name":"West Vernon Avenue","highway":"residential","osm":"way/139217337"},"geometry":{"type":"LineString","coordinates":[[-112.07393,33.47398],[-112.07527,33.47398]]}},{"type":"Feature","properties":{"name":"West Wilshire Drive","highway":"residential","osm":"way/139217338"},"geometry":{"type":"LineString","coordinates":[[-112.0755,33.47578],[-112.08446,33.47582]]}},{"type":"Feature","properties":{"name":"East Clarendon Avenue","highway":"residential","osm":"way/139224955"},"geometry":{"type":"LineString","coordinates":[[-112.05802,33.49114],[-112.06096,33.49114]]}},{"type":"Feature","properties":{"name":"East Columbus Avenue","highway":"residential","osm":"way/139224963"},"geometry":{"type":"LineString","coordinates":[[-112.06945,33.48965],[-112.07378,33.48967]]}},{"type":"Feature","properties":{"name":"East Indianola Avenue","highway":"residential","osm":"way/139224965"},"geometry":{"type":"LineString","coordinates":[[-112.05802,33.49199],[-112.06096,33.49199]]}},{"type":"Feature","properties":{"name":"East Mitchell Drive","highway":"residential","osm":"way/139224966"},"geometry":{"type":"LineString","coordinates":[[-112.06944,33.48869],[-112.07369,33.48872]]}},{"type":"Feature","properties":{"name":"East Mitchell Drive","highway":"residential","osm":"way/139224968"},"geometry":{"type":"LineString","coordinates":[[-112.06944,33.48842],[-112.05975,33.48833]]}},{"type":"Feature","properties":{"name":"East Weldon Avenue","highway":"residential","osm":"way/139224969"},"geometry":{"type":"LineString","coordinates":[[-112.06507,33.49022],[-112.06945,33.49024]]}},{"type":"Feature","properties":{"name":"East Weldon Avenue","highway":"residential","osm":"way/139224970"},"geometry":{"type":"LineString","coordinates":[[-112.06157,33.49028],[-112.06507,33.49028]]}},{"type":"Feature","properties":{"name":"East Weldon Avenue","highway":"residential","osm":"way/139224972"},"geometry":{"type":"LineString","coordinates":[[-112.05635,33.49029],[-112.06096,33.49029]]}},{"type":"Feature","properties":{"name":"East Whitton Avenue","highway":"residential","osm":"way/139224973"},"geometry":{"type":"LineString","coordinates":[[-112.06508,33.48932],[-112.06524,33.48932]]}},{"type":"Feature","properties":{"name":"East Whitton Avenue","highway":"residential","osm":"way/139224974"},"geometry":{"type":"LineString","coordinates":[[-112.05636,33.48925],[-112.06507,33.48924]]}},{"type":"Feature","properties":{"name":"North 10th Place","highway":"residential","osm":"way/139224975"},"geometry":{"type":"LineString","coordinates":[[-112.05959,33.49291],[-112.05961,33.48925]]}},{"type":"Feature","properties":{"name":"North 10th Street","highway":"residential","osm":"way/139224977"},"geometry":{"type":"LineString","coordinates":[[-112.06097,33.49291],[-112.06097,33.48975]]}},{"type":"Feature","properties":{"name":"North 11th Street","highway":"residential","osm":"way/139224978"},"geometry":{"type":"LineString","coordinates":[[-112.05801,33.49473],[-112.05797,33.48863]]}},{"type":"Feature","properties":{"name":"North 4th Avenue","highway":"residential","osm":"way/139224979"},"geometry":{"type":"LineString","coordinates":[[-112.079,33.49146],[-112.079,33.48756]]}},{"type":"Feature","properties":{"name":"North 4th Avenue","highway":"residential","osm":"way/139224980"},"geometry":{"type":"LineString","coordinates":[[-112.07926,33.48517],[-112.07923,33.48593]]}},{"type":"Feature","properties":{"name":"North 4th Street","highway":"residential","osm":"way/139224982"},"geometry":{"type":"LineString","coordinates":[[-112.06799,33.49112],[-112.06799,33.49272]]}},{"type":"Feature","properties":{"name":"North 5th Avenue","highway":"residential","osm":"way/139224983"},"geometry":{"type":"LineString","coordinates":[[-112.0805,33.49148],[-112.08044,33.48924],[-112.0809,33.48758]]}},{"type":"Feature","properties":{"name":"North 5th Street","highway":"residential","osm":"way/139224984"},"geometry":{"type":"LineString","coordinates":[[-112.06725,33.48933],[-112.06727,33.48654]]}},{"type":"Feature","properties":{"name":"North 6th Avenue","highway":"residential","osm":"way/139224986"},"geometry":{"type":"LineString","coordinates":[[-112.08195,33.48918],[-112.08206,33.49221]]}},{"type":"Feature","properties":{"name":"North 6th Street","highway":"residential","osm":"way/139224988"},"geometry":{"type":"LineString","coordinates":[[-112.06653,33.49269],[-112.06653,33.4928]]}},{"type":"Feature","properties":{"name":"North 8th Street","highway":"residential","osm":"way/139224989"},"geometry":{"type":"LineString","coordinates":[[-112.06332,33.49028],[-112.06332,33.48925]]}},{"type":"Feature","properties":{"name":"North 9th Place","highway":"residential","osm":"way/139224991"},"geometry":{"type":"LineString","coordinates":[[-112.06146,33.48836],[-112.06146,33.48747]]}},{"type":"Feature","properties":{"name":"West Cheery Lynn Road","highway":"residential","osm":"way/139224992"},"geometry":{"type":"LineString","coordinates":[[-112.08192,33.48479],[-112.07926,33.48517]]}},{"type":"Feature","properties":{"name":"West Clarendon Avenue","highway":"residential","osm":"way/139224993"},"geometry":{"type":"LineString","coordinates":[[-112.07478,33.49232],[-112.07559,33.49209],[-112.07625,33.4915],[-112.07756,33.49144]]}},{"type":"Feature","properties":{"name":"West Flower Street","highway":"residential","osm":"way/139224994"},"geometry":{"type":"LineString","coordinates":[[-112.07923,33.48593],[-112.08194,33.48553]]}},{"type":"Feature","properties":{"name":"West Indianola Avenue","highway":"residential","osm":"way/139224996"},"geometry":{"type":"LineString","coordinates":[[-112.08206,33.49221],[-112.08338,33.49195]]}},{"type":"Feature","properties":{"name":"West Mulberry Drive","highway":"residential","osm":"way/139224997"},"geometry":{"type":"LineString","coordinates":[[-112.08196,33.48635],[-112.07924,33.48667]]}},{"type":"Feature","properties":{"name":"West Columbus Avenue","highway":"residential","osm":"way/139224998"},"geometry":{"type":"LineString","coordinates":[[-112.0765,33.48966],[-112.07378,33.48967]]}},{"type":"Feature","properties":{"name":"West Whitton Avenue","highway":"residential","osm":"way/139225000"},"geometry":{"type":"LineString","coordinates":[[-112.08048,33.48899],[-112.08251,33.48923]]}},{"type":"Feature","properties":{"name":"South 6th Street","highway":"residential","osm":"way/139227812"},"geometry":{"type":"LineString","coordinates":[[-112.06617,33.4432],[-112.0662,33.44218]]}},{"type":"Feature","properties":{"name":"West Montecito Avenue","highway":"residential","osm":"way/139227816"},"geometry":{"type":"LineString","coordinates":[[-112.07814,33.49933],[-112.07875,33.49933]]}},{"type":"Feature","properties":{"name":"East Catalina Drive","highway":"residential","osm":"way/139322574"},"geometry":{"type":"LineString","coordinates":[[-112.06581,33.48202],[-112.06945,33.48204]]}},{"type":"Feature","properties":{"name":"East Cheery Lynn Road","highway":"residential","osm":"way/139322576"},"geometry":{"type":"LineString","coordinates":[[-112.06945,33.48477],[-112.06508,33.48474]]}},{"type":"Feature","properties":{"name":"East Devonshire Avenue","highway":"residential","osm":"way/139322577"},"geometry":{"type":"LineString","coordinates":[[-112.05633,33.4968],[-112.05429,33.4968]]}},{"type":"Feature","properties":{"name":"East Earll Drive","highway":"residential","osm":"way/139322578"},"geometry":{"type":"LineString","coordinates":[[-112.07393,33.48388],[-112.06566,33.48384]]}},{"type":"Feature","properties":{"name":"East Flower Street","highway":"residential","osm":"way/139322579"},"geometry":{"type":"LineString","coordinates":[[-112.06944,33.48569],[-112.06727,33.48566]]}},{"type":"Feature","properties":{"name":"East Flower Street","highway":"residential","osm":"way/139322580"},"geometry":{"type":"LineString","coordinates":[[-112.06555,33.48565],[-112.06508,33.48565]]}},{"type":"Feature","properties":{"name":"East Glenrosa Avenue","highway":"residential","osm":"way/139322581"},"geometry":{"type":"LineString","coordinates":[[-112.06035,33.49877],[-112.05781,33.49882]]}},{"type":"Feature","properties":{"name":"East Lexington Avenue","highway":"residential","osm":"way/139322582"},"geometry":{"type":"LineString","coordinates":[[-112.07369,33.48626],[-112.06944,33.48608]]}},{"type":"Feature","properties":{"name":"East Minnezona Avenue","highway":"residential","osm":"way/139322583"},"geometry":{"type":"LineString","coordinates":[[-112.05631,33.50289],[-112.05418,33.50289]]}},{"type":"Feature","properties":{"name":"East Monterey Way","highway":"residential","osm":"way/139322584"},"geometry":{"type":"LineString","coordinates":[[-112.07371,33.48527],[-112.06944,33.48533]]}},{"type":"Feature","properties":{"name":"East Morris Drive","highway":"residential","osm":"way/139322585"},"geometry":{"type":"LineString","coordinates":[[-112.07117,33.48672],[-112.07048,33.4867]]}},{"type":"Feature","properties":{"name":"East Mulberry Drive","highway":"residential","osm":"way/139322586"},"geometry":{"type":"LineString","coordinates":[[-112.06507,33.48651],[-112.06944,33.48655]]}},{"type":"Feature","properties":{"name":"East Roanoke Avenue","highway":"residential","osm":"way/139322587"},"geometry":{"type":"LineString","coordinates":[[-112.06946,33.47882],[-112.0737,33.47884]]}},{"type":"Feature","properties":{"name":"East Roma Avenue","highway":"residential","osm":"way/139322588"},"geometry":{"type":"LineString","coordinates":[[-112.06504,33.50128],[-112.05976,33.50132],[-112.05953,33.50117]]}},{"type":"Feature","properties":{"name":"East Turney Avenue","highway":"residential","osm":"way/139322589"},"geometry":{"type":"LineString","coordinates":[[-112.06504,33.49987],[-112.05695,33.49999],[-112.05632,33.49968]]}},{"type":"Feature","properties":{"name":"East Weldon Avenue","highway":"residential","osm":"way/139322590"},"geometry":{"type":"LineString","coordinates":[[-112.06945,33.49063],[-112.07372,33.49067]]}},{"type":"Feature","properties":{"name":"North 10th Place","highway":"residential","osm":"way/139322591"},"geometry":{"type":"LineString","coordinates":[[-112.05952,33.49811],[-112.05952,33.49727]]}},{"type":"Feature","properties":{"name":"North 10th Street","highway":"residential","osm":"way/139322592"},"geometry":{"type":"LineString","coordinates":[[-112.06041,33.49728],[-112.06035,33.49877]]}},{"type":"Feature","properties":{"name":"North 11th Place","highway":"residential","osm":"way/139322593"},"geometry":{"type":"LineString","coordinates":[[-112.05772,33.49727],[-112.05781,33.49882]]}},{"type":"Feature","properties":{"name":"North 11th Street","highway":"residential","osm":"way/139322594"},"geometry":{"type":"LineString","coordinates":[[-112.05863,33.49812],[-112.05862,33.49727]]}},{"type":"Feature","properties":{"name":"North 13th Place","highway":"residential","osm":"way/139322595"},"geometry":{"type":"LineString","coordinates":[[-112.05326,33.49781],[-112.05328,33.49473]]}},{"type":"Feature","properties":{"name":"North 1st Place","highway":"residential","osm":"way/139322596"},"geometry":{"type":"LineString","coordinates":[[-112.0721,33.48624],[-112.07206,33.48388]]}},{"type":"Feature","properties":{"name":"North 2nd Street","highway":"residential","osm":"way/139322597"},"geometry":{"type":"LineString","coordinates":[[-112.07117,33.48752],[-112.07117,33.48624]]}},{"type":"Feature","properties":{"name":"North 2nd Street","highway":"residential","osm":"way/139322598"},"geometry":{"type":"LineString","coordinates":[[-112.07089,33.48388],[-112.0709,33.48025]]}},{"type":"Feature","properties":{"name":"North 5th Street","highway":"residential","osm":"way/139322599"},"geometry":{"type":"LineString","coordinates":[[-112.06727,33.48566],[-112.06726,33.48385]]}},{"type":"Feature","properties":{"name":"North Longview Avenue","highway":"residential","osm":"way/139322600"},"geometry":{"type":"LineString","coordinates":[[-112.05435,33.49866],[-112.05439,33.49886]]}},{"type":"Feature","properties":{"name":"North Longview Avenue","highway":"residential","osm":"way/139322601"},"geometry":{"type":"LineString","coordinates":[[-112.0543,33.49473],[-112.05435,33.49866]]}},{"type":"Feature","properties":{"name":"North Longview Avenue","highway":"residential","osm":"way/139322602"},"geometry":{"type":"LineString","coordinates":[[-112.05439,33.49886],[-112.05444,33.50197]]}},{"type":"Feature","properties":{"name":"North Morris Drive","highway":"residential","osm":"way/139322603"},"geometry":{"type":"LineString","coordinates":[[-112.07048,33.4867],[-112.07044,33.48608]]}},{"type":"Feature","properties":{"name":"East Coolidge Street","highway":"residential","osm":"way/139333698"},"geometry":{"type":"LineString","coordinates":[[-112.05296,33.50471],[-112.05521,33.50469]]}},{"type":"Feature","properties":{"name":"East Devonshire Avenue","highway":"residential","osm":"way/139333699"},"geometry":{"type":"LineString","coordinates":[[-112.05327,33.49631],[-112.05204,33.4963]]}},{"type":"Feature","properties":{"name":"East Elm Street","highway":"residential","osm":"way/139333700"},"geometry":{"type":"LineString","coordinates":[[-112.05957,33.50651],[-112.05859,33.50651]]}},{"type":"Feature","properties":{"name":"East Elm Street","highway":"residential","osm":"way/139333701"},"geometry":{"type":"LineString","coordinates":[[-112.05629,33.50651],[-112.0541,33.50651]]}},{"type":"Feature","properties":{"name":"East Glenrosa Avenue","highway":"residential","osm":"way/139333702"},"geometry":{"type":"LineString","coordinates":[[-112.05327,33.4971],[-112.05203,33.49696]]}},{"type":"Feature","properties":{"name":"East Glenrosa Avenue","highway":"residential","osm":"way/139333703"},"geometry":{"type":"LineString","coordinates":[[-112.04762,33.49829],[-112.05185,33.49845]]}},{"type":"Feature","properties":{"name":"East Mariposa Street","highway":"residential","osm":"way/139333704"},"geometry":{"type":"LineString","coordinates":[[-112.06059,33.50832],[-112.05846,33.50831]]}},{"type":"Feature","properties":{"name":"East Minnezona Avenue","highway":"residential","osm":"way/139333705"},"geometry":{"type":"LineString","coordinates":[[-112.05853,33.50288],[-112.06504,33.50289]]}},{"type":"Feature","properties":{"name":"East Monterosa Street","highway":"residential","osm":"way/139333706"},"geometry":{"type":"LineString","coordinates":[[-112.05328,33.49551],[-112.05204,33.49551]]}},{"type":"Feature","properties":{"name":"East Pierson Street","highway":"residential","osm":"way/139333707"},"geometry":{"type":"LineString","coordinates":[[-112.05628,33.50742],[-112.04757,33.50741]]}},{"type":"Feature","properties":{"name":"East Pierson Street","highway":"residential","osm":"way/139333708"},"geometry":{"type":"LineString","coordinates":[[-112.06065,33.50743],[-112.05848,33.50745]]}},{"type":"Feature","properties":{"name":"North 10th Place","highway":"residential","osm":"way/139333709"},"geometry":{"type":"LineString","coordinates":[[-112.05969,33.49727],[-112.05971,33.49474]]}},{"type":"Feature","properties":{"name":"North 10th Place","highway":"residential","osm":"way/139333710"},"geometry":{"type":"LineString","coordinates":[[-112.05956,33.50743],[-112.05957,33.50561]]}},{"type":"Feature","properties":{"name":"North 10th Street","highway":"residential","osm":"way/139333711"},"geometry":{"type":"LineString","coordinates":[[-112.06075,33.49727],[-112.06073,33.49473]]}},{"type":"Feature","properties":{"name":"North 11th Place","highway":"residential","osm":"way/139333712"},"geometry":{"type":"LineString","coordinates":[[-112.0574,33.5056],[-112.05739,33.50379]]}},{"type":"Feature","properties":{"name":"North 11th Street","highway":"residential","osm":"way/139333713"},"geometry":{"type":"LineString","coordinates":[[-112.05854,33.49727],[-112.05855,33.49473]]}},{"type":"Feature","properties":{"name":"North 11th Street","highway":"residential","osm":"way/139333714"},"geometry":{"type":"LineString","coordinates":[[-112.05846,33.5056],[-112.05848,33.5038]]}},{"type":"Feature","properties":{"name":"North 11th Street","highway":"residential","osm":"way/139333715"},"geometry":{"type":"LineString","coordinates":[[-112.05853,33.5038],[-112.05854,33.50197]]}},{"type":"Feature","properties":{"name":"North 11th Street","highway":"residential","osm":"way/139333716"},"geometry":{"type":"LineString","coordinates":[[-112.05848,33.50745],[-112.05846,33.50922]]}},{"type":"Feature","properties":{"name":"North 12th Place","highway":"residential","osm":"way/139333717"},"geometry":{"type":"LineString","coordinates":[[-112.05521,33.50469],[-112.05521,33.50379]]}},{"type":"Feature","properties":{"name":"North 13th Avenue","highway":"residential","osm":"way/139333718"},"geometry":{"type":"LineString","coordinates":[[-112.08911,33.50654],[-112.08909,33.50941]]}},{"type":"Feature","properties":{"name":"North 13th Place","highway":"residential","osm":"way/139333719"},"geometry":{"type":"LineString","coordinates":[[-112.05296,33.50471],[-112.05297,33.50379]]}},{"type":"Feature","properties":{"name":"North 13th Place","highway":"residential","osm":"way/139333720"},"geometry":{"type":"LineString","coordinates":[[-112.05304,33.50379],[-112.05304,33.50197]]}},{"type":"Feature","properties":{"name":"North 13th Place","highway":"residential","osm":"way/139333721"},"geometry":{"type":"LineString","coordinates":[[-112.05277,33.49802],[-112.05277,33.50197]]}},{"type":"Feature","properties":{"name":"North 13th Street","highway":"residential","osm":"way/139333722"},"geometry":{"type":"LineString","coordinates":[[-112.05411,33.5047],[-112.05408,33.50921]]}},{"type":"Feature","properties":{"name":"North 14th Place","highway":"residential","osm":"way/139333723"},"geometry":{"type":"LineString","coordinates":[[-112.0508,33.50741],[-112.05079,33.50921]]}},{"type":"Feature","properties":{"name":"North 14th Place","highway":"residential","osm":"way/139333724"},"geometry":{"type":"LineString","coordinates":[[-112.05079,33.50475],[-112.0508,33.50379]]}},{"type":"Feature","properties":{"name":"North 14th Street","highway":"residential","osm":"way/139333725"},"geometry":{"type":"LineString","coordinates":[[-112.05186,33.50197],[-112.05185,33.49845]]}},{"type":"Feature","properties":{"name":"North 14th Street","highway":"residential","osm":"way/139333726"},"geometry":{"type":"LineString","coordinates":[[-112.05191,33.50617],[-112.05203,33.50379]]}},{"type":"Feature","properties":{"name":"North 14th Street","highway":"residential","osm":"way/139333727"},"geometry":{"type":"LineString","coordinates":[[-112.05204,33.49473],[-112.05203,33.49696]]}},{"type":"Feature","properties":{"name":"North 15th Street","highway":"residential","osm":"way/139333728"},"geometry":{"type":"LineString","coordinates":[[-112.04976,33.50196],[-112.04971,33.50922]]}},{"type":"Feature","properties":{"name":"North 2nd Avenue","highway":"residential","osm":"way/139333729"},"geometry":{"type":"LineString","coordinates":[[-112.07594,33.50258],[-112.07594,33.50205]]}},{"type":"Feature","properties":{"name":"North 2nd Avenue","highway":"residential","osm":"way/139333730"},"geometry":{"type":"LineString","coordinates":[[-112.07602,33.50205],[-112.07603,33.50026]]}},{"type":"Feature","properties":{"name":"North 2nd Drive","highway":"residential","osm":"way/139333731"},"geometry":{"type":"LineString","coordinates":[[-112.07678,33.50258],[-112.07678,33.50205]]}},{"type":"Feature","properties":{"name":"North 5th Avenue","highway":"residential","osm":"way/139333732"},"geometry":{"type":"LineString","coordinates":[[-112.08029,33.50028],[-112.08027,33.50299]]}},{"type":"Feature","properties":{"name":"North 8th Place","highway":"residential","osm":"way/139333733"},"geometry":{"type":"LineString","coordinates":[[-112.06285,33.5056],[-112.06285,33.50235]]}},{"type":"Feature","properties":{"name":"North 8th Street","highway":"residential","osm":"way/139333734"},"geometry":{"type":"LineString","coordinates":[[-112.06394,33.50244],[-112.06395,33.5038]]}},{"type":"Feature","properties":{"name":"North 9th Street","highway":"residential","osm":"way/139333735"},"geometry":{"type":"LineString","coordinates":[[-112.06175,33.50724],[-112.06177,33.50226]]}},{"type":"Feature","properties":{"name":"North Mitchell Street","highway":"residential","osm":"way/139333736"},"geometry":{"type":"LineString","coordinates":[[-112.05754,33.49727],[-112.05753,33.49548]]}},{"type":"Feature","properties":{"name":"North Valerie Place","highway":"residential","osm":"way/139333737"},"geometry":{"type":"LineString","coordinates":[[-112.07763,33.5026],[-112.07763,33.50204]]}},{"type":"Feature","properties":{"name":"West Elm Street","highway":"residential","osm":"way/139333738"},"geometry":{"type":"LineString","coordinates":[[-112.08248,33.50663],[-112.08479,33.50666]]}},{"type":"Feature","properties":{"name":"West Elm Street","highway":"residential","osm":"way/139333739"},"geometry":{"type":"LineString","coordinates":[[-112.0903,33.50654],[-112.08911,33.50654]]}},{"type":"Feature","properties":{"name":"West Mariposa Street","highway":"residential","osm":"way/139333740"},"geometry":{"type":"LineString","coordinates":[[-112.08908,33.50819],[-112.09029,33.50819]]}},{"type":"Feature","properties":{"name":"West Medlock Drive","highway":"residential","osm":"way/139333741"},"geometry":{"type":"LineString","coordinates":[[-112.07955,33.51186],[-112.07377,33.51174]]}},{"type":"Feature","properties":{"name":"West Roma Avenue","highway":"residential","osm":"way/139333742"},"geometry":{"type":"LineString","coordinates":[[-112.07602,33.50115],[-112.08246,33.50103]]}},{"type":"Feature","properties":{"name":"South 16th Avenue","highway":"residential","osm":"way/142222687"},"geometry":{"type":"LineString","coordinates":[[-112.09355,33.44626],[-112.09374,33.44599]]}},{"type":"Feature","properties":{"name":"South 7th Avenue","highway":"secondary","osm":"way/142222697"},"geometry":{"type":"LineString","coordinates":[[-112.08256,33.4471],[-112.0826,33.4466]]}},{"type":"Feature","properties":{"name":"West Buchanan Street","highway":"residential","osm":"way/142222702"},"geometry":{"type":"LineString","coordinates":[[-112.075,33.44321],[-112.07379,33.4432]]}},{"type":"Feature","properties":{"name":"West Harrison Street","highway":"residential","osm":"way/142222709"},"geometry":{"type":"LineString","coordinates":[[-112.08147,33.44432],[-112.08001,33.44436]]}},{"type":"Feature","properties":{"name":"West Jackson Street","highway":"residential","osm":"way/142222713"},"geometry":{"type":"LineString","coordinates":[[-112.09141,33.44502],[-112.0951,33.44498]]}},{"type":"Feature","properties":{"name":"South Central Avenue","highway":"secondary","osm":"way/142438896"},"geometry":{"type":"LineString","coordinates":[[-112.07511,33.44184],[-112.07501,33.44092],[-112.07392,33.43939]]}},{"type":"Feature","properties":{"name":"South 1st Avenue","highway":"secondary","osm":"way/142438897"},"geometry":{"type":"LineString","coordinates":[[-112.07501,33.44608],[-112.075,33.44321]]}},{"type":"Feature","properties":{"name":"East Willetta Street","highway":"residential","osm":"way/143672467"},"geometry":{"type":"LineString","coordinates":[[-112.07244,33.46396],[-112.06523,33.46393]]}},{"type":"Feature","properties":{"name":"West Central Arts Way","highway":"unclassified","osm":"way/144058757"},"geometry":{"type":"LineString","coordinates":[[-112.07589,33.46812],[-112.07393,33.4681]]}},{"type":"Feature","properties":{"name":"1st Street","highway":"residential","osm":"way/144486971"},"geometry":{"type":"LineString","coordinates":[[-112.07241,33.46377],[-112.07271,33.4637]]}},{"type":"Feature","properties":{"name":"North 3rd Avenue","highway":"tertiary","osm":"way/148003020"},"geometry":{"type":"LineString","coordinates":[[-112.07783,33.46124],[-112.07795,33.46164]]}},{"type":"Feature","properties":{"name":"North 3rd Avenue","highway":"tertiary","osm":"way/148003025"},"geometry":{"type":"LineString","coordinates":[[-112.07819,33.4729],[-112.07823,33.47808]]}},{"type":"Feature","properties":{"name":null,"highway":"motorway_link","osm":"way/148003121"},"geometry":{"type":"LineString","coordinates":[[-112.06669,33.46164],[-112.06548,33.46139],[-112.0653,33.46097]]}},{"type":"Feature","properties":{"name":null,"highway":"secondary_link","osm":"way/148642362"},"geometry":{"type":"LineString","coordinates":[[-112.02872,33.44399],[-112.02997,33.44405],[-112.03013,33.44467]]}},{"type":"Feature","properties":{"name":null,"highway":"motorway_link","osm":"way/148642363"},"geometry":{"type":"LineString","coordinates":[[-112.03638,33.45154],[-112.03641,33.45211]]}},{"type":"Feature","properties":{"name":null,"highway":"secondary_link","osm":"way/148642365"},"geometry":{"type":"LineString","coordinates":[[-112.03572,33.44124],[-112.03486,33.44103],[-112.03475,33.4398]]}},{"type":"Feature","properties":{"name":null,"highway":"secondary_link","osm":"way/148642366"},"geometry":{"type":"LineString","coordinates":[[-112.03028,33.44504],[-112.03052,33.44408],[-112.03086,33.444]]}},{"type":"Feature","properties":{"name":null,"highway":"secondary_link","osm":"way/148642367"},"geometry":{"type":"LineString","coordinates":[[-112.03384,33.44181],[-112.0345,33.44132],[-112.03511,33.44133]]}},{"type":"Feature","properties":{"name":null,"highway":"secondary_link","osm":"way/148642370"},"geometry":{"type":"LineString","coordinates":[[-112.03455,33.43982],[-112.03441,33.44075],[-112.03393,33.44085]]}},{"type":"Feature","properties":{"name":"East Sky Harbor Circle North","highway":"tertiary","osm":"way/148642371"},"geometry":{"type":"LineString","coordinates":[[-112.04327,33.43951],[-112.04286,33.44027],[-112.04178,33.44107],[-112.03897,33.44125]]}},{"type":"Feature","properties":{"name":"South 24th Street","highway":"secondary","osm":"way/148642372"},"geometry":{"type":"LineString","coordinates":[[-112.03026,33.4454],[-112.03042,33.44419],[-112.03113,33.44304],[-112.03395,33.44173]]}},{"type":"Feature","properties":{"name":"South 24th Street","highway":"secondary","osm":"way/148642373"},"geometry":{"type":"LineString","coordinates":[[-112.03456,33.43685],[-112.03456,33.43808]]}},{"type":"Feature","properties":{"name":null,"highway":"secondary_link","osm":"way/148642374"},"geometry":{"type":"LineString","coordinates":[[-112.03027,33.44482],[-112.03034,33.444]]}},{"type":"Feature","properties":{"name":"South 24th Street","highway":"secondary","osm":"way/148642376"},"geometry":{"type":"LineString","coordinates":[[-112.03434,33.44103],[-112.03341,33.44191],[-112.03194,33.44239],[-112.03097,33.443]]}},{"type":"Feature","properties":{"name":null,"highway":"secondary_link","osm":"way/148642377"},"geometry":{"type":"LineString","coordinates":[[-112.03031,33.44401],[-112.03034,33.444]]}},{"type":"Feature","properties":{"name":null,"highway":"secondary_link","osm":"way/148642378"},"geometry":{"type":"LineString","coordinates":[[-112.03097,33.443],[-112.03031,33.44379],[-112.02964,33.44395]]}},{"type":"Feature","properties":{"name":null,"highway":"secondary_link","osm":"way/148642379"},"geometry":{"type":"LineString","coordinates":[[-112.03086,33.444],[-112.03063,33.44373]]}},{"type":"Feature","properties":{"name":"East Sky Harbor Circle North","highway":"unclassified","osm":"way/148642383"},"geometry":{"type":"LineString","coordinates":[[-112.03393,33.44085],[-112.03369,33.44003]]}},{"type":"Feature","properties":{"name":"North 5th Avenue","highway":"tertiary","osm":"way/150740363"},"geometry":{"type":"LineString","coordinates":[[-112.08142,33.4819],[-112.08118,33.48128]]}},{"type":"Feature","properties":{"name":"North 5th Avenue","highway":"tertiary","osm":"way/150740364"},"geometry":{"type":"LineString","coordinates":[[-112.08036,33.48031],[-112.08037,33.48072],[-112.0811,33.48135]]}},{"type":"Feature","properties":{"name":"West Catalina Drive","highway":"tertiary","osm":"way/150740366"},"geometry":{"type":"LineString","coordinates":[[-112.08308,33.48192],[-112.08185,33.48189]]}},{"type":"Feature","properties":{"name":"East McDowell Road","highway":"primary","osm":"way/155109488"},"geometry":{"type":"LineString","coordinates":[[-112.04666,33.46577],[-112.03997,33.46581]]}},{"type":"Feature","properties":{"name":"West Monterosa Street","highway":"residential","osm":"way/155109505"},"geometry":{"type":"LineString","coordinates":[[-112.07391,33.49659],[-112.07866,33.4967],[-112.08011,33.49777],[-112.08034,33.49847]]}},{"type":"Feature","properties":{"name":"East Woodland Avenue","highway":"residential","osm":"way/155677591"},"geometry":{"type":"LineString","coordinates":[[-112.05988,33.45021],[-112.06071,33.45022]]}},{"type":"Feature","properties":{"name":"North 2nd Avenue","highway":"residential","osm":"way/155737231"},"geometry":{"type":"LineString","coordinates":[[-112.07621,33.49844],[-112.07598,33.49662]]}},{"type":"Feature","properties":{"name":"North 1st Avenue","highway":"residential","osm":"way/155738001"},"geometry":{"type":"LineString","coordinates":[[-112.07489,33.49796],[-112.07489,33.49662]]}},{"type":"Feature","properties":{"name":"North 2nd Drive","highway":"residential","osm":"way/155738002"},"geometry":{"type":"LineString","coordinates":[[-112.07707,33.49844],[-112.07709,33.49664]]}},{"type":"Feature","properties":{"name":"West Glenrosa Avenue","highway":"residential","osm":"way/155738003"},"geometry":{"type":"LineString","coordinates":[[-112.07621,33.49797],[-112.0737,33.49801]]}},{"type":"Feature","properties":{"name":"West Indianola Avenue","highway":"residential","osm":"way/155738004"},"geometry":{"type":"LineString","coordinates":[[-112.07966,33.49241],[-112.07491,33.49313]]}},{"type":"Feature","properties":{"name":"West Montecito Avenue","highway":"residential","osm":"way/155738005"},"geometry":{"type":"LineString","coordinates":[[-112.07655,33.49935],[-112.07814,33.49936]]}},{"type":"Feature","properties":{"name":"East Mariposa Street","highway":"residential","osm":"way/178584364"},"geometry":{"type":"LineString","coordinates":[[-112.0727,33.50849],[-112.07274,33.50827]]}},{"type":"Feature","properties":{"name":"East Mariposa Street","highway":"residential","osm":"way/178584365"},"geometry":{"type":"LineString","coordinates":[[-112.07303,33.50838],[-112.07274,33.50827]]}},{"type":"Feature","properties":{"name":"East Pierson Street","highway":"residential","osm":"way/178584367"},"geometry":{"type":"LineString","coordinates":[[-112.07224,33.50703],[-112.06939,33.50701]]}},{"type":"Feature","properties":{"name":"North 1st Street","highway":"residential","osm":"way/178584368"},"geometry":{"type":"LineString","coordinates":[[-112.07259,33.50775],[-112.07263,33.50837]]}},{"type":"Feature","properties":{"name":"North 1st Street","highway":"residential","osm":"way/178584369"},"geometry":{"type":"LineString","coordinates":[[-112.07259,33.50863],[-112.07257,33.50928]]}},{"type":"Feature","properties":{"name":"East Washington Street","highway":"primary","osm":"way/179562523"},"geometry":{"type":"LineString","coordinates":[[-111.98854,33.44802],[-111.98723,33.44803]]}},{"type":"Feature","properties":{"name":"West Washington Street","highway":"primary","osm":"way/179562525"},"geometry":{"type":"LineString","coordinates":[[-111.98891,33.44803],[-111.98878,33.44802]]}},{"type":"Feature","properties":{"name":"South 44th Street","highway":"primary_link","osm":"way/179562539"},"geometry":{"type":"LineString","coordinates":[[-111.98726,33.44638],[-111.98749,33.44597]]}},{"type":"Feature","properties":{"name":"East Madison Street","highway":"unclassified","osm":"way/179562545"},"geometry":{"type":"LineString","coordinates":[[-111.98714,33.44596],[-111.98727,33.44596]]}},{"type":"Feature","properties":{"name":"East Monroe Street","highway":"unclassified","osm":"way/179736411"},"geometry":{"type":"LineString","coordinates":[[-111.98708,33.44966],[-111.98595,33.44963]]}},{"type":"Feature","properties":{"name":"East Monroe Street","highway":"unclassified","osm":"way/179736413"},"geometry":{"type":"LineString","coordinates":[[-111.98595,33.4497],[-111.98708,33.44966]]}},{"type":"Feature","properties":{"name":"North 45th Street","highway":"unclassified","osm":"way/179736415"},"geometry":{"type":"LineString","coordinates":[[-111.98428,33.44812],[-111.98427,33.44913],[-111.98392,33.44978],[-111.98466,33.45042],[-111.98546,33.4505],[-111.98551,33.45117]]}},{"type":"Feature","properties":{"name":"North 45th Street","highway":"unclassified","osm":"way/179736416"},"geometry":{"type":"LineString","coordinates":[[-111.98551,33.45117],[-111.98552,33.45044],[-111.98467,33.45035],[-111.98399,33.44974],[-111.98435,33.44917],[-111.98437,33.44813]]}},{"type":"Feature","properties":{"name":"North Dupont Circle","highway":"unclassified","osm":"way/179736449"},"geometry":{"type":"LineString","coordinates":[[-111.98428,33.44878],[-111.98522,33.44881],[-111.98591,33.44939],[-111.98593,33.45001],[-111.9854,33.45046]]}},{"type":"Feature","properties":{"name":"North Dupont Circle","highway":"unclassified","osm":"way/179736450"},"geometry":{"type":"LineString","coordinates":[[-111.98546,33.4505],[-111.98601,33.45004],[-111.98598,33.44934],[-111.98525,33.44874],[-111.98428,33.4487]]}},{"type":"Feature","properties":{"name":"East Air Lane","highway":"unclassified","osm":"way/180170082"},"geometry":{"type":"LineString","coordinates":[[-111.99293,33.44261],[-111.99491,33.44261],[-111.99557,33.44311]]}},{"type":"Feature","properties":{"name":"East Economy Parking Drive","highway":"unclassified","osm":"way/180170100"},"geometry":{"type":"LineString","coordinates":[[-111.98769,33.4345],[-111.98782,33.4345]]}},{"type":"Feature","properties":{"name":"East Sky Harbor Boulevard","highway":"primary","osm":"way/180190831"},"geometry":{"type":"LineString","coordinates":[[-111.99645,33.43494],[-111.99968,33.43494]]}},{"type":"Feature","properties":{"name":"East Sky Harbor Boulevard","highway":"primary","osm":"way/180190832"},"geometry":{"type":"LineString","coordinates":[[-111.99968,33.43605],[-111.99644,33.43605]]}},{"type":"Feature","properties":{"name":"East Sky Harbor Boulevard","highway":"primary","osm":"way/180190833"},"geometry":{"type":"LineString","coordinates":[[-111.99644,33.43605],[-111.99524,33.43602]]}},{"type":"Feature","properties":{"name":"East Sky Harbor Boulevard","highway":"primary","osm":"way/180190834"},"geometry":{"type":"LineString","coordinates":[[-112.00121,33.43498],[-112.00347,33.43498]]}},{"type":"Feature","properties":{"name":null,"highway":"motorway_link","osm":"way/181550710"},"geometry":{"type":"LineString","coordinates":[[-112.03794,33.44991],[-112.03806,33.44937]]}},{"type":"Feature","properties":{"name":null,"highway":"motorway_link","osm":"way/181550744"},"geometry":{"type":"LineString","coordinates":[[-112.03893,33.44717],[-112.03826,33.44708],[-112.03812,33.44678]]}},{"type":"Feature","properties":{"name":null,"highway":"motorway_link","osm":"way/181550752"},"geometry":{"type":"LineString","coordinates":[[-112.03611,33.44835],[-112.03655,33.44865]]}},{"type":"Feature","properties":{"name":null,"highway":"motorway_link","osm":"way/181550754"},"geometry":{"type":"LineString","coordinates":[[-112.03808,33.44885],[-112.03829,33.44849],[-112.03888,33.44836]]}},{"type":"Feature","properties":{"name":null,"highway":"motorway_link","osm":"way/181550771"},"geometry":{"type":"LineString","coordinates":[[-112.03655,33.44835],[-112.03643,33.45125]]}},{"type":"Feature","properties":{"name":"East Cambridge Avenue","highway":"tertiary","osm":"way/184110984"},"geometry":{"type":"LineString","coordinates":[[-112.04765,33.47751],[-112.03896,33.47754]]}},{"type":"Feature","properties":{"name":"East Colter Street","highway":"secondary","osm":"way/184110986"},"geometry":{"type":"LineString","coordinates":[[-112.04671,33.51288],[-112.04514,33.51289]]}},{"type":"Feature","properties":{"name":"East Colter Street","highway":"tertiary","osm":"way/184110987"},"geometry":{"type":"LineString","coordinates":[[-112.04756,33.51299],[-112.04792,33.51286]]}},{"type":"Feature","properties":{"name":"East Highland Avenue","highway":"secondary","osm":"way/184110989"},"geometry":{"type":"LineString","coordinates":[[-112.04758,33.50561],[-112.04688,33.50561]]}},{"type":"Feature","properties":{"name":"South 23rd Street","highway":"unclassified","osm":"way/193113320"},"geometry":{"type":"LineString","coordinates":[[-112.03244,33.43684],[-112.03244,33.43672]]}},{"type":"Feature","properties":{"name":"North 15th Avenue","highway":"residential","osm":"way/194173888"},"geometry":{"type":"LineString","coordinates":[[-112.09107,33.51632],[-112.09127,33.5098]]}},{"type":"Feature","properties":{"name":null,"highway":"motorway_link","osm":"way/195554349"},"geometry":{"type":"LineString","coordinates":[[-112.03816,33.44166],[-112.03817,33.44134]]}},{"type":"Feature","properties":{"name":"East Sky Harbor Boulevard","highway":"primary","osm":"way/196248323"},"geometry":{"type":"LineString","coordinates":[[-112.0114,33.43771],[-112.01056,33.43648]]}},{"type":"Feature","properties":{"name":"East Sky Harbor Boulevard","highway":"primary","osm":"way/196248324"},"geometry":{"type":"LineString","coordinates":[[-112.0115,33.43763],[-112.01203,33.4379]]}},{"type":"Feature","properties":{"name":"East Buckeye Road","highway":"secondary","osm":"way/196317156"},"geometry":{"type":"LineString","coordinates":[[-112.04328,33.43672],[-112.04101,33.43672]]}},{"type":"Feature","properties":{"name":"East Buckeye Road","highway":"secondary","osm":"way/196317157"},"geometry":{"type":"LineString","coordinates":[[-112.03244,33.43672],[-112.03138,33.43672]]}},{"type":"Feature","properties":{"name":"East Buckeye Road","highway":"secondary","osm":"way/196317158"},"geometry":{"type":"LineString","coordinates":[[-112.03457,33.43672],[-112.03341,33.43672]]}},{"type":"Feature","properties":{"name":"East Buckeye Road","highway":"tertiary","osm":"way/196317159"},"geometry":{"type":"LineString","coordinates":[[-112.0283,33.43677],[-112.02952,33.43682]]}},{"type":"Feature","properties":{"name":"East Buckeye Road","highway":"tertiary","osm":"way/196317160"},"geometry":{"type":"LineString","coordinates":[[-112.03018,33.43672],[-112.0283,33.43677]]}},{"type":"Feature","properties":{"name":null,"highway":"motorway_link","osm":"way/196317178"},"geometry":{"type":"LineString","coordinates":[[-112.03893,33.43667],[-112.03836,33.43638]]}},{"type":"Feature","properties":{"name":"East Air Lane","highway":"unclassified","osm":"way/196329517"},"geometry":{"type":"LineString","coordinates":[[-112.01292,33.44398],[-112.00507,33.44397],[-112.00437,33.44364]]}},{"type":"Feature","properties":{"name":"East Air Lane","highway":"residential","osm":"way/196329518"},"geometry":{"type":"LineString","coordinates":[[-112.02872,33.44399],[-112.02972,33.44398]]}},{"type":"Feature","properties":{"name":"East Van Buren Street","highway":"primary","osm":"way/196329520"},"geometry":{"type":"LineString","coordinates":[[-111.99508,33.45125],[-111.99514,33.45125]]}},{"type":"Feature","properties":{"name":"North 40th Street","highway":"secondary","osm":"way/196329523"},"geometry":{"type":"LineString","coordinates":[[-111.99532,33.45125],[-111.99531,33.4514]]}},{"type":"Feature","properties":{"name":"North Gateway Boulevard","highway":"unclassified","osm":"way/196329524"},"geometry":{"type":"LineString","coordinates":[[-111.98925,33.45287],[-111.98925,33.45262]]}},{"type":"Feature","properties":{"name":"North Gateway Boulevard","highway":"unclassified","osm":"way/196329525"},"geometry":{"type":"LineString","coordinates":[[-111.98925,33.45262],[-111.989,33.45275]]}},{"type":"Feature","properties":{"name":"North Gateway Boulevard","highway":"unclassified","osm":"way/196329526"},"geometry":{"type":"LineString","coordinates":[[-111.98871,33.4535],[-111.98896,33.45335]]}},{"type":"Feature","properties":{"name":"North Gateway Boulevard","highway":"unclassified","osm":"way/196329527"},"geometry":{"type":"LineString","coordinates":[[-111.98871,33.4535],[-111.98875,33.45439]]}},{"type":"Feature","properties":{"name":"North Manor Drive West","highway":"residential","osm":"way/202056980"},"geometry":{"type":"LineString","coordinates":[[-112.05557,33.48741],[-112.0556,33.4869]]}},{"type":"Feature","properties":{"name":"North Manor Drive West","highway":"residential","osm":"way/202056981"},"geometry":{"type":"LineString","coordinates":[[-112.05554,33.4869],[-112.05557,33.48741]]}},{"type":"Feature","properties":{"name":null,"highway":"motorway_link","osm":"way/202625716"},"geometry":{"type":"LineString","coordinates":[[-112.03658,33.44669],[-112.03612,33.44721]]}},{"type":"Feature","properties":{"name":"West Van Buren Street","highway":"primary","osm":"way/209088833"},"geometry":{"type":"LineString","coordinates":[[-112.09645,33.4513],[-112.09952,33.45127]]}},{"type":"Feature","properties":{"name":"South 40th Street","highway":"secondary","osm":"way/212394595"},"geometry":{"type":"LineString","coordinates":[[-111.99543,33.41588],[-111.99542,33.41572]]}},{"type":"Feature","properties":{"name":"South 44th Street","highway":"unclassified","osm":"way/212394598"},"geometry":{"type":"LineString","coordinates":[[-111.98692,33.41714],[-111.98692,33.41701]]}},{"type":"Feature","properties":{"name":"South 44th Street","highway":"unclassified","osm":"way/212394599"},"geometry":{"type":"LineString","coordinates":[[-111.98692,33.41701],[-111.98682,33.41502]]}},{"type":"Feature","properties":{"name":"North 44th Street","highway":"primary","osm":"way/214435592"},"geometry":{"type":"LineString","coordinates":[[-111.98707,33.44803],[-111.98707,33.44831]]}},{"type":"Feature","properties":{"name":"East Van Buren Street","highway":"primary","osm":"way/217279630"},"geometry":{"type":"LineString","coordinates":[[-112.06809,33.45133],[-112.06749,33.45132]]}},{"type":"Feature","properties":{"name":"North 4th Avenue","highway":"residential","osm":"way/218678247"},"geometry":{"type":"LineString","coordinates":[[-112.07899,33.45141],[-112.07894,33.45867]]}},{"type":"Feature","properties":{"name":"North 3rd Avenue","highway":"tertiary","osm":"way/218678329"},"geometry":{"type":"LineString","coordinates":[[-112.07774,33.45192],[-112.07773,33.45472]]}},{"type":"Feature","properties":{"name":"North 3rd Avenue","highway":"tertiary","osm":"way/218678330"},"geometry":{"type":"LineString","coordinates":[[-112.07773,33.45128],[-112.07773,33.4514]]}},{"type":"Feature","properties":{"name":"West Van Buren Street","highway":"primary","osm":"way/218678331"},"geometry":{"type":"LineString","coordinates":[[-112.07519,33.4514],[-112.07584,33.4514]]}},{"type":"Feature","properties":{"name":"Grand Avenue","highway":"secondary","osm":"way/218799947"},"geometry":{"type":"LineString","coordinates":[[-112.08259,33.45141],[-112.08279,33.45164]]}},{"type":"Feature","properties":{"name":null,"highway":"motorway_link","osm":"way/218953043"},"geometry":{"type":"LineString","coordinates":[[-112.08254,33.45979],[-112.08243,33.46036],[-112.08154,33.46062]]}},{"type":"Feature","properties":{"name":"North 7th Avenue","highway":"secondary","osm":"way/218953062"},"geometry":{"type":"LineString","coordinates":[[-112.08259,33.45868],[-112.08254,33.45979]]}},{"type":"Feature","properties":{"name":"East Elwood Street","highway":"unclassified","osm":"way/219235827"},"geometry":{"type":"LineString","coordinates":[[-112.00991,33.4151],[-112.00906,33.41465]]}},{"type":"Feature","properties":{"name":"East Elwood Street","highway":"unclassified","osm":"way/219235831"},"geometry":{"type":"LineString","coordinates":[[-112.00913,33.4148],[-112.00991,33.4151]]}},{"type":"Feature","properties":{"name":"East Sky Harbor Boulevard","highway":"motorway","osm":"way/220379302"},"geometry":{"type":"LineString","coordinates":[[-112.02218,33.43725],[-112.02161,33.43731]]}},{"type":"Feature","properties":{"name":"West Van Buren Street","highway":"primary","osm":"way/220682396"},"geometry":{"type":"LineString","coordinates":[[-112.08482,33.45139],[-112.0907,33.45136]]}},{"type":"Feature","properties":{"name":"South 16th Avenue","highway":"residential","osm":"way/220686145"},"geometry":{"type":"LineString","coordinates":[[-112.09355,33.44626],[-112.09357,33.445]]}},{"type":"Feature","properties":{"name":null,"highway":"motorway_link","osm":"way/220875644"},"geometry":{"type":"LineString","coordinates":[[-112.04487,33.51327],[-112.04503,33.51302],[-112.04561,33.51289]]}},{"type":"Feature","properties":{"name":"North 12th Street","highway":"tertiary","osm":"way/222513628"},"geometry":{"type":"LineString","coordinates":[[-112.05639,33.47336],[-112.05644,33.47309]]}},{"type":"Feature","properties":{"name":"East Van Buren Street","highway":"primary","osm":"way/227519989"},"geometry":{"type":"LineString","coordinates":[[-112.07255,33.45138],[-112.07171,33.45134]]}},{"type":"Feature","properties":{"name":"East Van Buren Street","highway":"primary","osm":"way/227519990"},"geometry":{"type":"LineString","coordinates":[[-112.05898,33.45135],[-112.05953,33.45135]]}},{"type":"Feature","properties":{"name":"North 7th Avenue","highway":"secondary","osm":"way/227519992"},"geometry":{"type":"LineString","coordinates":[[-112.08256,33.46066],[-112.08257,33.4614]]}},{"type":"Feature","properties":{"name":"West Culver Street","highway":"residential","osm":"way/227519994"},"geometry":{"type":"LineString","coordinates":[[-112.08703,33.46272],[-112.09561,33.46272]]}},{"type":"Feature","properties":{"name":"North Central Avenue","highway":"secondary","osm":"way/236806310"},"geometry":{"type":"LineString","coordinates":[[-112.07376,33.51019],[-112.07376,33.516]]}},{"type":"Feature","properties":{"name":"South 24th Street","highway":"secondary","osm":"way/237542215"},"geometry":{"type":"LineString","coordinates":[[-112.03031,33.44401],[-112.03013,33.44467]]}},{"type":"Feature","properties":{"name":"South 24th Street","highway":"secondary","osm":"way/237881201"},"geometry":{"type":"LineString","coordinates":[[-112.03033,33.44398],[-112.03031,33.44401]]}},{"type":"Feature","properties":{"name":null,"highway":"secondary_link","osm":"way/237881202"},"geometry":{"type":"LineString","coordinates":[[-112.03034,33.444],[-112.03113,33.44304]]}},{"type":"Feature","properties":{"name":null,"highway":"secondary_link","osm":"way/237881203"},"geometry":{"type":"LineString","coordinates":[[-112.03034,33.444],[-112.03033,33.44398]]}},{"type":"Feature","properties":{"name":"East Country Club Drive","highway":"residential","osm":"way/240233413"},"geometry":{"type":"LineString","coordinates":[[-112.06333,33.48098],[-112.05786,33.48097],[-112.05694,33.48153]]}},{"type":"Feature","properties":{"name":"East Country Club Drive","highway":"residential","osm":"way/240233414"},"geometry":{"type":"LineString","coordinates":[[-112.06378,33.48092],[-112.06393,33.48084],[-112.06378,33.48092]]}},{"type":"Feature","properties":{"name":"East Country Club Drive","highway":"residential","osm":"way/240233415"},"geometry":{"type":"LineString","coordinates":[[-112.06389,33.48081],[-112.06407,33.48022]]}},{"type":"Feature","properties":{"name":"North Country Club Drive","highway":"residential","osm":"way/240233433"},"geometry":{"type":"LineString","coordinates":[[-112.0639,33.48094],[-112.06417,33.48166]]}},{"type":"Feature","properties":{"name":"South 2nd Street","highway":"residential","osm":"way/245011083"},"geometry":{"type":"LineString","coordinates":[[-112.0712,33.44114],[-112.07121,33.43681]]}},{"type":"Feature","properties":{"name":null,"highway":"primary_link","osm":"way/254604490"},"geometry":{"type":"LineString","coordinates":[[-112.06506,33.49536],[-112.06522,33.49492],[-112.06558,33.49475]]}},{"type":"Feature","properties":{"name":"North Silvestre Herrera Way","highway":"unclassified","osm":"way/254604491"},"geometry":{"type":"LineString","coordinates":[[-112.06887,33.49866],[-112.06909,33.49844],[-112.06892,33.49779],[-112.06946,33.49713],[-112.06948,33.49541]]}},{"type":"Feature","properties":{"name":null,"highway":"secondary_link","osm":"way/255928991"},"geometry":{"type":"LineString","coordinates":[[-112.08258,33.4521],[-112.08276,33.45187],[-112.0831,33.4519]]}},{"type":"Feature","properties":{"name":"South 42nd Street","highway":"unclassified","osm":"way/260556321"},"geometry":{"type":"LineString","coordinates":[[-111.98771,33.43286],[-111.98718,33.43258],[-111.98549,33.43311]]}},{"type":"Feature","properties":{"name":"South 42nd Street","highway":"unclassified","osm":"way/260556324"},"geometry":{"type":"LineString","coordinates":[[-111.98683,33.43287],[-111.98742,33.43271],[-111.98759,33.43316]]}},{"type":"Feature","properties":{"name":"East Sky Harbor Boulevard","highway":"primary","osm":"way/260556325"},"geometry":{"type":"LineString","coordinates":[[-112.00435,33.43591],[-112.00418,33.43591]]}},{"type":"Feature","properties":{"name":"East Sky Harbor Boulevard","highway":"motorway","osm":"way/260556326"},"geometry":{"type":"LineString","coordinates":[[-111.99197,33.43602],[-111.99045,33.43602]]}},{"type":"Feature","properties":{"name":"East Sky Harbor Boulevard","highway":"primary","osm":"way/260556327"},"geometry":{"type":"LineString","coordinates":[[-112.00418,33.43591],[-112.00368,33.43591]]}},{"type":"Feature","properties":{"name":"East Sky Harbor Boulevard","highway":"primary","osm":"way/260556328"},"geometry":{"type":"LineString","coordinates":[[-112.00505,33.43591],[-112.00435,33.43591]]}},{"type":"Feature","properties":{"name":"East Sky Harbor Boulevard","highway":"motorway","osm":"way/260556329"},"geometry":{"type":"LineString","coordinates":[[-111.99197,33.43495],[-111.99217,33.43495]]}},{"type":"Feature","properties":{"name":"East Sky Harbor Boulevard","highway":"primary","osm":"way/260556330"},"geometry":{"type":"LineString","coordinates":[[-111.99262,33.43602],[-111.99228,33.43602]]}},{"type":"Feature","properties":{"name":"East Sky Harbor Boulevard","highway":"motorway","osm":"way/260556331"},"geometry":{"type":"LineString","coordinates":[[-111.98746,33.43606],[-111.98704,33.43615]]}},{"type":"Feature","properties":{"name":"East Sky Harbor Boulevard","highway":"primary","osm":"way/260556332"},"geometry":{"type":"LineString","coordinates":[[-112.00348,33.43591],[-111.99994,33.43605]]}},{"type":"Feature","properties":{"name":"East Sky Harbor Boulevard","highway":"primary","osm":"way/260556333"},"geometry":{"type":"LineString","coordinates":[[-111.99278,33.43496],[-111.99426,33.43494]]}},{"type":"Feature","properties":{"name":null,"highway":"primary_link","osm":"way/260556348"},"geometry":{"type":"LineString","coordinates":[[-111.99197,33.435],[-111.99217,33.43495]]}},{"type":"Feature","properties":{"name":"West Vernon Avenue","highway":"residential","osm":"way/269739409"},"geometry":{"type":"LineString","coordinates":[[-112.07545,33.47398],[-112.08443,33.47403]]}},{"type":"Feature","properties":{"name":"West Moreland Street","highway":"residential","osm":"way/275610196"},"geometry":{"type":"LineString","coordinates":[[-112.0831,33.46175],[-112.087,33.46177]]}},{"type":"Feature","properties":{"name":"East Medlock Drive","highway":"residential","osm":"way/275939567"},"geometry":{"type":"LineString","coordinates":[[-112.06883,33.51114],[-112.06827,33.51114]]}},{"type":"Feature","properties":{"name":"East Medlock Drive","highway":"residential","osm":"way/275939574"},"geometry":{"type":"LineString","coordinates":[[-112.06827,33.51114],[-112.06596,33.51114]]}},{"type":"Feature","properties":{"name":"East Lincoln Street","highway":"secondary","osm":"way/276440827"},"geometry":{"type":"LineString","coordinates":[[-112.07386,33.44218],[-112.06617,33.44218]]}},{"type":"Feature","properties":{"name":"West Washington Street","highway":"secondary","osm":"way/279666015"},"geometry":{"type":"LineString","coordinates":[[-112.08121,33.44823],[-112.08145,33.44823]]}},{"type":"Feature","properties":{"name":"West Washington Street","highway":"secondary","osm":"way/279666016"},"geometry":{"type":"LineString","coordinates":[[-112.08368,33.4482],[-112.0848,33.4482]]}},{"type":"Feature","properties":{"name":"West Washington Street","highway":"secondary","osm":"way/279666017"},"geometry":{"type":"LineString","coordinates":[[-112.0848,33.4482],[-112.08534,33.4482]]}},{"type":"Feature","properties":{"name":"West Washington Street","highway":"secondary","osm":"way/279666018"},"geometry":{"type":"LineString","coordinates":[[-112.08925,33.44817],[-112.09036,33.44816]]}},{"type":"Feature","properties":{"name":"West Washington Street","highway":"secondary","osm":"way/279666019"},"geometry":{"type":"LineString","coordinates":[[-112.08257,33.44822],[-112.08337,33.44821]]}},{"type":"Feature","properties":{"name":"West Washington Street","highway":"secondary","osm":"way/279666020"},"geometry":{"type":"LineString","coordinates":[[-112.0751,33.44823],[-112.07526,33.44823]]}},{"type":"Feature","properties":{"name":"West Washington Street","highway":"secondary","osm":"way/279666021"},"geometry":{"type":"LineString","coordinates":[[-112.09076,33.44815],[-112.09143,33.44814]]}},{"type":"Feature","properties":{"name":"West Washington Street","highway":"secondary","osm":"way/279666022"},"geometry":{"type":"LineString","coordinates":[[-112.07897,33.44823],[-112.0802,33.44823]]}},{"type":"Feature","properties":{"name":"West Washington Street","highway":"secondary","osm":"way/279666023"},"geometry":{"type":"LineString","coordinates":[[-112.08145,33.44823],[-112.082,33.44823]]}},{"type":"Feature","properties":{"name":"West Washington Street","highway":"secondary","osm":"way/279666024"},"geometry":{"type":"LineString","coordinates":[[-112.09143,33.44814],[-112.09161,33.44814]]}},{"type":"Feature","properties":{"name":"West Washington Street","highway":"secondary","osm":"way/279666025"},"geometry":{"type":"LineString","coordinates":[[-112.07771,33.44824],[-112.07785,33.44824]]}},{"type":"Feature","properties":{"name":"West Washington Street","highway":"secondary","osm":"way/279666026"},"geometry":{"type":"LineString","coordinates":[[-112.0859,33.4482],[-112.08762,33.44819]]}},{"type":"Feature","properties":{"name":"West Washington Street","highway":"secondary","osm":"way/279666027"},"geometry":{"type":"LineString","coordinates":[[-112.07526,33.44823],[-112.07733,33.44824]]}},{"type":"Feature","properties":{"name":"East Highland Avenue","highway":"secondary","osm":"way/281442731"},"geometry":{"type":"LineString","coordinates":[[-112.04538,33.50561],[-112.04445,33.50554]]}},{"type":"Feature","properties":{"name":"West Cambridge Avenue","highway":"residential","osm":"way/291486365"},"geometry":{"type":"LineString","coordinates":[[-112.07526,33.4776],[-112.07394,33.47759]]}},{"type":"Feature","properties":{"name":"South 7th Street","highway":"primary","osm":"way/294267206"},"geometry":{"type":"LineString","coordinates":[[-112.06529,33.44217],[-112.06531,33.44236]]}},{"type":"Feature","properties":{"name":"South 7th Street","highway":"primary","osm":"way/294422960"},"geometry":{"type":"LineString","coordinates":[[-112.06547,33.44217],[-112.0654,33.44127]]}},{"type":"Feature","properties":{"name":"East Sherman Street","highway":"residential","osm":"way/294422961"},"geometry":{"type":"LineString","coordinates":[[-112.06509,33.43993],[-112.06147,33.43994]]}},{"type":"Feature","properties":{"name":"South 5th Street","highway":"residential","osm":"way/294423211"},"geometry":{"type":"LineString","coordinates":[[-112.06744,33.44319],[-112.06746,33.44093]]}},{"type":"Feature","properties":{"name":"South 7th Street","highway":"primary","osm":"way/294423285"},"geometry":{"type":"LineString","coordinates":[[-112.06523,33.44156],[-112.06529,33.44217]]}},{"type":"Feature","properties":{"name":"South 7th Street","highway":"primary","osm":"way/294423286"},"geometry":{"type":"LineString","coordinates":[[-112.06518,33.44654],[-112.06548,33.44337]]}},{"type":"Feature","properties":{"name":"South 7th Street","highway":"primary","osm":"way/294423287"},"geometry":{"type":"LineString","coordinates":[[-112.06532,33.44339],[-112.06501,33.44655]]}},{"type":"Feature","properties":{"name":"South 7th Street","highway":"primary","osm":"way/294423447"},"geometry":{"type":"LineString","coordinates":[[-112.06521,33.44839],[-112.06521,33.4481]]}},{"type":"Feature","properties":{"name":"North 7th Street","highway":"primary","osm":"way/294423570"},"geometry":{"type":"LineString","coordinates":[[-112.06501,33.44839],[-112.06511,33.44882]]}},{"type":"Feature","properties":{"name":"North 7th Street","highway":"primary","osm":"way/294428451"},"geometry":{"type":"LineString","coordinates":[[-112.06512,33.44951],[-112.06512,33.45039]]}},{"type":"Feature","properties":{"name":"East Air Lane","highway":"unclassified","osm":"way/295048145"},"geometry":{"type":"LineString","coordinates":[[-111.9953,33.44311],[-111.98974,33.44305]]}},{"type":"Feature","properties":{"name":"North 7th Street","highway":"primary","osm":"way/295326507"},"geometry":{"type":"LineString","coordinates":[[-112.06532,33.45921],[-112.06525,33.45866]]}},{"type":"Feature","properties":{"name":null,"highway":"motorway_link","osm":"way/295326531"},"geometry":{"type":"LineString","coordinates":[[-112.06511,33.46073],[-112.06485,33.46136],[-112.06387,33.46152]]}},{"type":"Feature","properties":{"name":"North 7th Street","highway":"primary","osm":"way/295326995"},"geometry":{"type":"LineString","coordinates":[[-112.06528,33.46214],[-112.06528,33.46188]]}},{"type":"Feature","properties":{"name":"North 7th Street","highway":"primary","osm":"way/295328649"},"geometry":{"type":"LineString","coordinates":[[-112.06508,33.46188],[-112.06508,33.4621]]}},{"type":"Feature","properties":{"name":"North 7th Street","highway":"primary","osm":"way/295328650"},"geometry":{"type":"LineString","coordinates":[[-112.06503,33.46394],[-112.06503,33.46488]]}},{"type":"Feature","properties":{"name":"East Willetta Street","highway":"residential","osm":"way/295328651"},"geometry":{"type":"LineString","coordinates":[[-112.05912,33.46362],[-112.05205,33.46365]]}},{"type":"Feature","properties":{"name":"North 7th Street","highway":"primary","osm":"way/295328652"},"geometry":{"type":"LineString","coordinates":[[-112.06519,33.46572],[-112.06519,33.46458]]}},{"type":"Feature","properties":{"name":null,"highway":"motorway_link","osm":"way/295328845"},"geometry":{"type":"LineString","coordinates":[[-112.06523,33.46393],[-112.06548,33.46319],[-112.06659,33.46302]]}},{"type":"Feature","properties":{"name":"North 7th Street","highway":"primary","osm":"way/295328868"},"geometry":{"type":"LineString","coordinates":[[-112.0651,33.46642],[-112.06511,33.46715]]}},{"type":"Feature","properties":{"name":"East Sky Harbor Circle South","highway":"unclassified","osm":"way/297142640"},"geometry":{"type":"LineString","coordinates":[[-112.03386,33.43193],[-112.03382,33.4325],[-112.03342,33.43257]]}},{"type":"Feature","properties":{"name":"South 24th Street","highway":"secondary","osm":"way/297143390"},"geometry":{"type":"LineString","coordinates":[[-112.03258,33.42944],[-112.03376,33.4299],[-112.03444,33.43071]]}},{"type":"Feature","properties":{"name":"South 1st Avenue","highway":"unclassified","osm":"way/298032357"},"geometry":{"type":"LineString","coordinates":[[-112.07518,33.44503],[-112.07517,33.44435]]}},{"type":"Feature","properties":{"name":"South 2nd Avenue","highway":"residential","osm":"way/298032359"},"geometry":{"type":"LineString","coordinates":[[-112.07641,33.4431],[-112.07641,33.44261]]}},{"type":"Feature","properties":{"name":"South 2nd Avenue","highway":"residential","osm":"way/298032361"},"geometry":{"type":"LineString","coordinates":[[-112.07641,33.44261],[-112.07641,33.44115]]}},{"type":"Feature","properties":{"name":"West Madison Street","highway":"residential","osm":"way/298032362"},"geometry":{"type":"LineString","coordinates":[[-112.0833,33.44603],[-112.09374,33.44599]]}},{"type":"Feature","properties":{"name":"East Sky Harbor Circle South","highway":"unclassified","osm":"way/300914962"},"geometry":{"type":"LineString","coordinates":[[-112.03436,33.43145],[-112.0346,33.43144]]}},{"type":"Feature","properties":{"name":"West Encanto Boulevard","highway":"tertiary","osm":"way/303135571"},"geometry":{"type":"LineString","coordinates":[[-112.08409,33.47295],[-112.08575,33.47259],[-112.08796,33.47259],[-112.09029,33.47311]]}},{"type":"Feature","properties":{"name":"North 11th Avenue","highway":"residential","osm":"way/303137049"},"geometry":{"type":"LineString","coordinates":[[-112.08708,33.4552],[-112.08699,33.45867]]}},{"type":"Feature","properties":{"name":"West Fillmore Street","highway":"residential","osm":"way/303137050"},"geometry":{"type":"LineString","coordinates":[[-112.08708,33.4552],[-112.09125,33.4551]]}},{"type":"Feature","properties":{"name":null,"highway":"primary_link","osm":"way/303261033"},"geometry":{"type":"LineString","coordinates":[[-112.0652,33.46435],[-112.06503,33.46394]]}},{"type":"Feature","properties":{"name":"East Sky Harbor Boulevard","highway":"primary","osm":"way/303709982"},"geometry":{"type":"LineString","coordinates":[[-112.00887,33.43498],[-112.00983,33.43498]]}},{"type":"Feature","properties":{"name":"East Sky Harbor Boulevard","highway":"primary","osm":"way/303709991"},"geometry":{"type":"LineString","coordinates":[[-112.00347,33.43498],[-112.00418,33.43498]]}},{"type":"Feature","properties":{"name":"North 2nd Street","highway":"residential","osm":"way/304604442"},"geometry":{"type":"LineString","coordinates":[[-112.07081,33.51387],[-112.07084,33.51466]]}},{"type":"Feature","properties":{"name":"North 4th Street","highway":"residential","osm":"way/304604443"},"geometry":{"type":"LineString","coordinates":[[-112.06793,33.51383],[-112.06793,33.51463]]}},{"type":"Feature","properties":{"name":"East Colter Street","highway":"residential","osm":"way/304604444"},"geometry":{"type":"LineString","coordinates":[[-112.06654,33.5127],[-112.06598,33.51286]]}},{"type":"Feature","properties":{"name":"East Oregon Avenue","highway":"residential","osm":"way/304604445"},"geometry":{"type":"LineString","coordinates":[[-112.07303,33.51383],[-112.07149,33.51378]]}},{"type":"Feature","properties":{"name":"East Colter Street","highway":"residential","osm":"way/304604446"},"geometry":{"type":"LineString","coordinates":[[-112.07032,33.51273],[-112.06776,33.51288],[-112.06654,33.5127]]}},{"type":"Feature","properties":{"name":"East Oregon Avenue","highway":"residential","osm":"way/304604447"},"geometry":{"type":"LineString","coordinates":[[-112.07081,33.51387],[-112.06501,33.51373]]}},{"type":"Feature","properties":{"name":"North Central Avenue","highway":"primary","osm":"way/304605399"},"geometry":{"type":"LineString","coordinates":[[-112.07369,33.50803],[-112.07369,33.50856]]}},{"type":"Feature","properties":{"name":null,"highway":"primary_link","osm":"way/304605400"},"geometry":{"type":"LineString","coordinates":[[-112.07587,33.50918],[-112.07561,33.50934]]}},{"type":"Feature","properties":{"name":"North 7th Avenue","highway":"residential","osm":"way/304728729"},"geometry":{"type":"LineString","coordinates":[[-112.08265,33.51351],[-112.08264,33.5157],[-112.08247,33.5157]]}},{"type":"Feature","properties":{"name":"East Sky Harbor Boulevard South","highway":"tertiary","osm":"way/304932326"},"geometry":{"type":"LineString","coordinates":[[-112.01161,33.43652],[-112.01105,33.43669]]}},{"type":"Feature","properties":{"name":"East Sky Harbor Boulevard","highway":"primary","osm":"way/304932327"},"geometry":{"type":"LineString","coordinates":[[-112.01056,33.43648],[-112.01003,33.43595],[-112.00887,33.43592]]}},{"type":"Feature","properties":{"name":"East Sky Harbor Boulevard","highway":"primary","osm":"way/304935278"},"geometry":{"type":"LineString","coordinates":[[-112.01594,33.43755],[-112.01643,33.43719]]}},{"type":"Feature","properties":{"name":"East Sky Harbor Boulevard","highway":"primary","osm":"way/304935279"},"geometry":{"type":"LineString","coordinates":[[-112.02022,33.43684],[-112.02131,33.43693],[-112.02306,33.43778]]}},{"type":"Feature","properties":{"name":"East Sky Harbor Boulevard","highway":"primary","osm":"way/304935282"},"geometry":{"type":"LineString","coordinates":[[-112.01478,33.43787],[-112.01594,33.43755]]}},{"type":"Feature","properties":{"name":"East Sky Harbor Circle South","highway":"tertiary","osm":"way/304936968"},"geometry":{"type":"LineString","coordinates":[[-112.04187,33.43165],[-112.04231,33.43193]]}},{"type":"Feature","properties":{"name":"East Sky Harbor Circle South","highway":"unclassified","osm":"way/304936969"},"geometry":{"type":"LineString","coordinates":[[-112.03459,33.43134],[-112.03436,33.43145]]}},{"type":"Feature","properties":{"name":"South 40th Street","highway":"secondary","osm":"way/305072205"},"geometry":{"type":"LineString","coordinates":[[-111.99547,33.42092],[-111.99543,33.41664]]}},{"type":"Feature","properties":{"name":"East Washington Street","highway":"primary","osm":"way/305217633"},"geometry":{"type":"LineString","coordinates":[[-112.02914,33.44831],[-112.03019,33.44832]]}},{"type":"Feature","properties":{"name":"East Jefferson Street","highway":"primary","osm":"way/305217635"},"geometry":{"type":"LineString","coordinates":[[-112.02932,33.44711],[-112.02767,33.44721],[-112.02599,33.44801],[-112.02496,33.44815]]}},{"type":"Feature","properties":{"name":"East Washington Street","highway":"primary","osm":"way/305217802"},"geometry":{"type":"LineString","coordinates":[[-112.03611,33.44835],[-112.03655,33.44835]]}},{"type":"Feature","properties":{"name":null,"highway":"motorway_link","osm":"way/305217803"},"geometry":{"type":"LineString","coordinates":[[-112.03661,33.44381],[-112.03656,33.44467]]}},{"type":"Feature","properties":{"name":"East Jefferson Street","highway":"primary","osm":"way/305217804"},"geometry":{"type":"LineString","coordinates":[[-112.03585,33.44722],[-112.0346,33.44723]]}},{"type":"Feature","properties":{"name":null,"highway":"motorway_link","osm":"way/305217805"},"geometry":{"type":"LineString","coordinates":[[-112.03656,33.44467],[-112.03652,33.44625]]}},{"type":"Feature","properties":{"name":"East Jefferson Street","highway":"primary","osm":"way/305218630"},"geometry":{"type":"LineString","coordinates":[[-112.039,33.44717],[-112.03893,33.44717]]}},{"type":"Feature","properties":{"name":"East Jefferson Street","highway":"primary","osm":"way/305218631"},"geometry":{"type":"LineString","coordinates":[[-112.039,33.44734],[-112.03808,33.44737]]}},{"type":"Feature","properties":{"name":"East Jefferson Street","highway":"primary","osm":"way/305218632"},"geometry":{"type":"LineString","coordinates":[[-112.03584,33.44736],[-112.03461,33.44734]]}},{"type":"Feature","properties":{"name":"East Washington Street","highway":"primary","osm":"way/305218633"},"geometry":{"type":"LineString","coordinates":[[-112.05208,33.44834],[-112.05424,33.44833]]}},{"type":"Feature","properties":{"name":"East Washington Street","highway":"primary","osm":"way/305218634"},"geometry":{"type":"LineString","coordinates":[[-112.03899,33.44823],[-112.0434,33.44822]]}},{"type":"Feature","properties":{"name":"East Washington Street","highway":"primary","osm":"way/305218635"},"geometry":{"type":"LineString","coordinates":[[-112.03806,33.44822],[-112.03899,33.44823]]}},{"type":"Feature","properties":{"name":"East Washington Street","highway":"primary","osm":"way/305218636"},"geometry":{"type":"LineString","coordinates":[[-112.03587,33.4482],[-112.03655,33.4482]]}},{"type":"Feature","properties":{"name":"East Jefferson Street","highway":"primary","osm":"way/305218637"},"geometry":{"type":"LineString","coordinates":[[-112.03779,33.44737],[-112.03657,33.44737]]}},{"type":"Feature","properties":{"name":"East Jefferson Street","highway":"primary","osm":"way/305219569"},"geometry":{"type":"LineString","coordinates":[[-112.03019,33.44728],[-112.02785,33.4473],[-112.02657,33.44802]]}},{"type":"Feature","properties":{"name":"East Jefferson Street","highway":"primary","osm":"way/305219570"},"geometry":{"type":"LineString","coordinates":[[-112.03018,33.44712],[-112.02999,33.44712]]}},{"type":"Feature","properties":{"name":"South 22nd Street","highway":"residential","osm":"way/305219571"},"geometry":{"type":"LineString","coordinates":[[-112.03461,33.4482],[-112.03461,33.44734]]}},{"type":"Feature","properties":{"name":"East Washington Street","highway":"primary","osm":"way/305219572"},"geometry":{"type":"LineString","coordinates":[[-112.03461,33.44835],[-112.03541,33.44835]]}},{"type":"Feature","properties":{"name":"East Washington Street","highway":"primary","osm":"way/305219573"},"geometry":{"type":"LineString","coordinates":[[-112.03461,33.4482],[-112.03587,33.4482]]}},{"type":"Feature","properties":{"name":"East Washington Street","highway":"primary","osm":"way/305219575"},"geometry":{"type":"LineString","coordinates":[[-112.03019,33.44817],[-112.03461,33.4482]]}},{"type":"Feature","properties":{"name":"East Washington Street","highway":"primary","osm":"way/305219577"},"geometry":{"type":"LineString","coordinates":[[-112.02737,33.44816],[-112.03019,33.44817]]}},{"type":"Feature","properties":{"name":"East Jefferson Street","highway":"primary","osm":"way/305219578"},"geometry":{"type":"LineString","coordinates":[[-112.03123,33.44715],[-112.03018,33.44712]]}},{"type":"Feature","properties":{"name":"East Jefferson Street","highway":"primary","osm":"way/305219810"},"geometry":{"type":"LineString","coordinates":[[-112.03461,33.44734],[-112.03185,33.44729]]}},{"type":"Feature","properties":{"name":"South 24th Street","highway":"secondary","osm":"way/305219811"},"geometry":{"type":"LineString","coordinates":[[-112.03019,33.44728],[-112.03018,33.44712]]}},{"type":"Feature","properties":{"name":"South 24th Street","highway":"secondary","osm":"way/305219812"},"geometry":{"type":"LineString","coordinates":[[-112.03019,33.44817],[-112.03019,33.44803]]}},{"type":"Feature","properties":{"name":"South 22nd Street","highway":"residential","osm":"way/305219813"},"geometry":{"type":"LineString","coordinates":[[-112.03461,33.44734],[-112.0346,33.44723]]}},{"type":"Feature","properties":{"name":"South 16th Street","highway":"secondary","osm":"way/305220076"},"geometry":{"type":"LineString","coordinates":[[-112.04778,33.44822],[-112.04777,33.44731]]}},{"type":"Feature","properties":{"name":"East Jefferson Street","highway":"primary","osm":"way/305220077"},"geometry":{"type":"LineString","coordinates":[[-112.04777,33.44731],[-112.0434,33.44731]]}},{"type":"Feature","properties":{"name":"East Washington Street","highway":"primary","osm":"way/305220078"},"geometry":{"type":"LineString","coordinates":[[-112.04778,33.44822],[-112.04992,33.44821]]}},{"type":"Feature","properties":{"name":"East Washington Street","highway":"primary","osm":"way/305220079"},"geometry":{"type":"LineString","coordinates":[[-112.0434,33.44822],[-112.04611,33.44823]]}},{"type":"Feature","properties":{"name":"South 18th Street","highway":"residential","osm":"way/305220081"},"geometry":{"type":"LineString","coordinates":[[-112.0434,33.44822],[-112.0434,33.44731]]}},{"type":"Feature","properties":{"name":"East Jefferson Street","highway":"primary","osm":"way/305220083"},"geometry":{"type":"LineString","coordinates":[[-112.0434,33.44731],[-112.039,33.44734]]}},{"type":"Feature","properties":{"name":"South 16th Street","highway":"secondary","osm":"way/305220084"},"geometry":{"type":"LineString","coordinates":[[-112.04776,33.44717],[-112.04784,33.44671]]}},{"type":"Feature","properties":{"name":"South 16th Street","highway":"secondary","osm":"way/305220085"},"geometry":{"type":"LineString","coordinates":[[-112.04777,33.44731],[-112.04776,33.44717]]}},{"type":"Feature","properties":{"name":"South 18th Street","highway":"residential","osm":"way/305220086"},"geometry":{"type":"LineString","coordinates":[[-112.0434,33.44731],[-112.04339,33.44448]]}},{"type":"Feature","properties":{"name":"North 16th Street","highway":"secondary","osm":"way/305220292"},"geometry":{"type":"LineString","coordinates":[[-112.04768,33.45524],[-112.04764,33.45817]]}},{"type":"Feature","properties":{"name":"South 16th Street","highway":"secondary","osm":"way/305220680"},"geometry":{"type":"LineString","coordinates":[[-112.04774,33.44267],[-112.04769,33.4467]]}},{"type":"Feature","properties":{"name":"South 16th Street","highway":"secondary","osm":"way/305220681"},"geometry":{"type":"LineString","coordinates":[[-112.04776,33.44137],[-112.0477,33.4419]]}},{"type":"Feature","properties":{"name":"East Lincoln Street","highway":"unclassified","osm":"way/305220683"},"geometry":{"type":"LineString","coordinates":[[-112.04751,33.44228],[-112.04555,33.44228]]}},{"type":"Feature","properties":{"name":"South 16th Street","highway":"secondary","osm":"way/305220684"},"geometry":{"type":"LineString","coordinates":[[-112.04769,33.4467],[-112.04776,33.44717]]}},{"type":"Feature","properties":{"name":"East Washington Street","highway":"secondary","osm":"way/305222932"},"geometry":{"type":"LineString","coordinates":[[-112.07243,33.44819],[-112.0734,33.44819]]}},{"type":"Feature","properties":{"name":"South 12th Street","highway":"residential","osm":"way/305222934"},"geometry":{"type":"LineString","coordinates":[[-112.05643,33.44817],[-112.05644,33.44728]]}},{"type":"Feature","properties":{"name":"South 12th Street","highway":"residential","osm":"way/305222936"},"geometry":{"type":"LineString","coordinates":[[-112.05644,33.44728],[-112.05644,33.44713]]}},{"type":"Feature","properties":{"name":"East Washington Street","highway":"primary","osm":"way/305222937"},"geometry":{"type":"LineString","coordinates":[[-112.05643,33.44817],[-112.0621,33.4482]]}},{"type":"Feature","properties":{"name":"East Jefferson Street","highway":"primary","osm":"way/305222938"},"geometry":{"type":"LineString","coordinates":[[-112.05208,33.44729],[-112.05031,33.4473]]}},{"type":"Feature","properties":{"name":"South 15th Street","highway":"residential","osm":"way/305222939"},"geometry":{"type":"LineString","coordinates":[[-112.04992,33.44821],[-112.04991,33.44835]]}},{"type":"Feature","properties":{"name":"South 7th Street","highway":"primary","osm":"way/305222941"},"geometry":{"type":"LineString","coordinates":[[-112.065,33.44665],[-112.065,33.44704]]}},{"type":"Feature","properties":{"name":"South 7th Street","highway":"primary","osm":"way/305222943"},"geometry":{"type":"LineString","coordinates":[[-112.0652,33.4471],[-112.06519,33.44704]]}},{"type":"Feature","properties":{"name":"East Jefferson Street","highway":"primary","osm":"way/305222944"},"geometry":{"type":"LineString","coordinates":[[-112.06198,33.44721],[-112.06029,33.44712]]}},{"type":"Feature","properties":{"name":"East Washington Street","highway":"primary","osm":"way/305222945"},"geometry":{"type":"LineString","coordinates":[[-112.05208,33.4482],[-112.05643,33.44817]]}},{"type":"Feature","properties":{"name":"East Jefferson Street","highway":"primary","osm":"way/305222947"},"geometry":{"type":"LineString","coordinates":[[-112.0621,33.4471],[-112.06029,33.44712]]}},{"type":"Feature","properties":{"name":"East Washington Street","highway":"primary","osm":"way/305222949"},"geometry":{"type":"LineString","coordinates":[[-112.04992,33.44821],[-112.05208,33.4482]]}},{"type":"Feature","properties":{"name":"South 14th Street","highway":"residential","osm":"way/305222950"},"geometry":{"type":"LineString","coordinates":[[-112.05208,33.44663],[-112.05209,33.44518]]}},{"type":"Feature","properties":{"name":"East Washington Street","highway":"primary","osm":"way/305222951"},"geometry":{"type":"LineString","coordinates":[[-112.06397,33.44825],[-112.06462,33.44824]]}},{"type":"Feature","properties":{"name":"South 14th Street","highway":"residential","osm":"way/305222952"},"geometry":{"type":"LineString","coordinates":[[-112.05208,33.4482],[-112.05208,33.44729]]}},{"type":"Feature","properties":{"name":"East Jefferson Street","highway":"primary","osm":"way/305222953"},"geometry":{"type":"LineString","coordinates":[[-112.04992,33.4473],[-112.04951,33.4473]]}},{"type":"Feature","properties":{"name":"South 15th Street","highway":"residential","osm":"way/305222954"},"geometry":{"type":"LineString","coordinates":[[-112.04992,33.4473],[-112.04992,33.44821]]}},{"type":"Feature","properties":{"name":"East Jefferson Street","highway":"primary","osm":"way/305222955"},"geometry":{"type":"LineString","coordinates":[[-112.05644,33.44728],[-112.05208,33.44729]]}},{"type":"Feature","properties":{"name":"South 9th Street","highway":"residential","osm":"way/305224929"},"geometry":{"type":"LineString","coordinates":[[-112.0621,33.4471],[-112.06209,33.44504]]}},{"type":"Feature","properties":{"name":"South 9th Street","highway":"residential","osm":"way/305224930"},"geometry":{"type":"LineString","coordinates":[[-112.0621,33.4482],[-112.0621,33.44721]]}},{"type":"Feature","properties":{"name":"East Jefferson Street","highway":"primary","osm":"way/305224931"},"geometry":{"type":"LineString","coordinates":[[-112.06653,33.44682],[-112.06553,33.44709]]}},{"type":"Feature","properties":{"name":"South 9th Street","highway":"residential","osm":"way/305224932"},"geometry":{"type":"LineString","coordinates":[[-112.0621,33.44721],[-112.0621,33.4471]]}},{"type":"Feature","properties":{"name":"North 9th Street","highway":"residential","osm":"way/305224933"},"geometry":{"type":"LineString","coordinates":[[-112.0621,33.44834],[-112.0621,33.44881]]}},{"type":"Feature","properties":{"name":"East Washington Street","highway":"primary","osm":"way/305224934"},"geometry":{"type":"LineString","coordinates":[[-112.0621,33.4482],[-112.06366,33.44825]]}},{"type":"Feature","properties":{"name":"South 9th Street","highway":"residential","osm":"way/305224935"},"geometry":{"type":"LineString","coordinates":[[-112.0621,33.44834],[-112.0621,33.4482]]}},{"type":"Feature","properties":{"name":"East Washington Street","highway":"unclassified","osm":"way/305224936"},"geometry":{"type":"LineString","coordinates":[[-112.06521,33.44839],[-112.06671,33.44837]]}},{"type":"Feature","properties":{"name":"East Colter Street","highway":"residential","osm":"way/305640397"},"geometry":{"type":"LineString","coordinates":[[-112.07282,33.51292],[-112.07334,33.51292]]}},{"type":"Feature","properties":{"name":"East Colter Street","highway":"tertiary","osm":"way/305640399"},"geometry":{"type":"LineString","coordinates":[[-112.06501,33.51285],[-112.05626,33.51287]]}},{"type":"Feature","properties":{"name":"East Colter Street","highway":"residential","osm":"way/305640402"},"geometry":{"type":"LineString","coordinates":[[-112.06598,33.51286],[-112.06552,33.51286]]}},{"type":"Feature","properties":{"name":"East Colter Street","highway":"residential","osm":"way/305640409"},"geometry":{"type":"LineString","coordinates":[[-112.06552,33.51286],[-112.06501,33.51285]]}},{"type":"Feature","properties":{"name":"East Colter Street","highway":"residential","osm":"way/305640411"},"geometry":{"type":"LineString","coordinates":[[-112.07282,33.51292],[-112.07084,33.5129]]}},{"type":"Feature","properties":{"name":"North 15th Avenue","highway":"tertiary","osm":"way/305642438"},"geometry":{"type":"LineString","coordinates":[[-112.09126,33.51045],[-112.09122,33.51625]]}},{"type":"Feature","properties":{"name":"North 15th Avenue","highway":"tertiary","osm":"way/305642439"},"geometry":{"type":"LineString","coordinates":[[-112.09127,33.50937],[-112.09126,33.50958]]}},{"type":"Feature","properties":{"name":"West Orange Drive","highway":"residential","osm":"way/305642770"},"geometry":{"type":"LineString","coordinates":[[-112.09111,33.51234],[-112.08687,33.51172]]}},{"type":"Feature","properties":{"name":"West Medlock Drive","highway":"residential","osm":"way/305642771"},"geometry":{"type":"LineString","coordinates":[[-112.09111,33.51159],[-112.08792,33.511]]}},{"type":"Feature","properties":{"name":"West Campbell Avenue","highway":"tertiary","osm":"way/305800647"},"geometry":{"type":"LineString","coordinates":[[-112.08186,33.50209],[-112.08244,33.50209]]}},{"type":"Feature","properties":{"name":"West Encanto Boulevard","highway":"residential","osm":"way/306061583"},"geometry":{"type":"LineString","coordinates":[[-112.07604,33.47295],[-112.07769,33.47298]]}},{"type":"Feature","properties":{"name":"West Encanto Boulevard","highway":"residential","osm":"way/306061584"},"geometry":{"type":"LineString","coordinates":[[-112.07588,33.47295],[-112.07604,33.47295]]}},{"type":"Feature","properties":{"name":"East Virginia Avenue","highway":"tertiary","osm":"way/306063894"},"geometry":{"type":"LineString","coordinates":[[-112.05638,33.4766],[-112.04766,33.47662]]}},{"type":"Feature","properties":{"name":"North 3rd Avenue","highway":"tertiary","osm":"way/306063895"},"geometry":{"type":"LineString","coordinates":[[-112.07821,33.48028],[-112.07815,33.48102]]}},{"type":"Feature","properties":{"name":"North 3rd Avenue","highway":"tertiary","osm":"way/306063896"},"geometry":{"type":"LineString","coordinates":[[-112.0782,33.48219],[-112.07898,33.48357]]}},{"type":"Feature","properties":{"name":"West Thomas Road","highway":"secondary","osm":"way/306063897"},"geometry":{"type":"LineString","coordinates":[[-112.08383,33.48037],[-112.08412,33.48037]]}},{"type":"Feature","properties":{"name":"South 7th Avenue","highway":"residential","osm":"way/310173501"},"geometry":{"type":"LineString","coordinates":[[-112.08246,33.44512],[-112.08244,33.44433]]}},{"type":"Feature","properties":{"name":null,"highway":"motorway_link","osm":"way/311365602"},"geometry":{"type":"LineString","coordinates":[[-112.0262,33.43778],[-112.02989,33.4379],[-112.0308,33.43952],[-112.03308,33.43965],[-112.03369,33.44003]]}},{"type":"Feature","properties":{"name":"North 16th Street","highway":"secondary","osm":"way/312362788"},"geometry":{"type":"LineString","coordinates":[[-112.04778,33.46166],[-112.04777,33.46138]]}},{"type":"Feature","properties":{"name":"North 16th Street","highway":"secondary","osm":"way/312362789"},"geometry":{"type":"LineString","coordinates":[[-112.0478,33.46251],[-112.04778,33.46166]]}},{"type":"Feature","properties":{"name":"North 16th Street","highway":"secondary","osm":"way/312362791"},"geometry":{"type":"LineString","coordinates":[[-112.04765,33.46293],[-112.04772,33.46357]]}},{"type":"Feature","properties":{"name":"North 16th Street","highway":"secondary","osm":"way/312362792"},"geometry":{"type":"LineString","coordinates":[[-112.04772,33.46357],[-112.0478,33.46294]]}},{"type":"Feature","properties":{"name":"North 16th Street","highway":"secondary","osm":"way/312362793"},"geometry":{"type":"LineString","coordinates":[[-112.04762,33.46139],[-112.04762,33.46158]]}},{"type":"Feature","properties":{"name":"North 16th Street","highway":"secondary","osm":"way/312363026"},"geometry":{"type":"LineString","coordinates":[[-112.04769,33.46669],[-112.04767,33.47245]]}},{"type":"Feature","properties":{"name":"North 16th Avenue","highway":"unclassified","osm":"way/313501997"},"geometry":{"type":"LineString","coordinates":[[-112.09348,33.45863],[-112.09347,33.45956]]}},{"type":"Feature","properties":{"name":"North 17th Avenue","highway":"residential","osm":"way/313501998"},"geometry":{"type":"LineString","coordinates":[[-112.09566,33.45496],[-112.0956,33.46131]]}},{"type":"Feature","properties":{"name":"North 1st Avenue","highway":"residential","osm":"way/317150472"},"geometry":{"type":"LineString","coordinates":[[-112.07492,33.49482],[-112.07491,33.49313]]}},{"type":"Feature","properties":{"name":"North 2nd Avenue","highway":"residential","osm":"way/317150475"},"geometry":{"type":"LineString","coordinates":[[-112.07601,33.49292],[-112.07602,33.49482]]}},{"type":"Feature","properties":{"name":"North Silvestre Herrera Way","highway":"unclassified","osm":"way/317151360"},"geometry":{"type":"LineString","coordinates":[[-112.06936,33.49549],[-112.06926,33.49723],[-112.0685,33.49771],[-112.06834,33.49806],[-112.06857,33.49865],[-112.06887,33.49866]]}},{"type":"Feature","properties":{"name":"North 16th Street","highway":"secondary","osm":"way/317153520"},"geometry":{"type":"LineString","coordinates":[[-112.04764,33.49557],[-112.0476,33.50146]]}},{"type":"Feature","properties":{"name":"East Colter Street","highway":"tertiary","osm":"way/317153713"},"geometry":{"type":"LineString","coordinates":[[-112.04792,33.51286],[-112.04755,33.51282]]}},{"type":"Feature","properties":{"name":"East Camelback Road","highway":"primary","osm":"way/317158297"},"geometry":{"type":"LineString","coordinates":[[-112.046,33.50924],[-112.04467,33.50922]]}},{"type":"Feature","properties":{"name":"East Camelback Road","highway":"primary","osm":"way/317158299"},"geometry":{"type":"LineString","coordinates":[[-112.06208,33.50921],[-112.06065,33.50921]]}},{"type":"Feature","properties":{"name":"West Flower Street","highway":"residential","osm":"way/317329787"},"geometry":{"type":"LineString","coordinates":[[-112.08318,33.4859],[-112.09136,33.48602]]}},{"type":"Feature","properties":{"name":"North 7th Avenue","highway":"secondary","osm":"way/317331030"},"geometry":{"type":"LineString","coordinates":[[-112.08257,33.44883],[-112.08257,33.44928]]}},{"type":"Feature","properties":{"name":"East Indian School Road","highway":"secondary","osm":"way/319816480"},"geometry":{"type":"LineString","coordinates":[[-112.04725,33.49472],[-112.04665,33.49472]]}},{"type":"Feature","properties":{"name":"North 17th Street","highway":"residential","osm":"way/319816483"},"geometry":{"type":"LineString","coordinates":[[-112.04545,33.49475],[-112.04541,33.50198]]}},{"type":"Feature","properties":{"name":"East Indian School Road","highway":"secondary","osm":"way/319816607"},"geometry":{"type":"LineString","coordinates":[[-112.0443,33.49482],[-112.04545,33.49475]]}},{"type":"Feature","properties":{"name":"West Van Buren Street","highway":"primary","osm":"way/324034731"},"geometry":{"type":"LineString","coordinates":[[-112.07519,33.4514],[-112.0751,33.4514]]}},{"type":"Feature","properties":{"name":"West Van Buren Street","highway":"primary","osm":"way/324034734"},"geometry":{"type":"LineString","coordinates":[[-112.07393,33.45139],[-112.07434,33.45139]]}},{"type":"Feature","properties":{"name":"North Central Avenue","highway":"primary","osm":"way/324430258"},"geometry":{"type":"LineString","coordinates":[[-112.07383,33.45242],[-112.0738,33.45365]]}},{"type":"Feature","properties":{"name":"North Central Avenue","highway":"primary","osm":"way/324430259"},"geometry":{"type":"LineString","coordinates":[[-112.07383,33.45139],[-112.07384,33.45176]]}},{"type":"Feature","properties":{"name":"East Lincoln Street","highway":"residential","osm":"way/324626231"},"geometry":{"type":"LineString","coordinates":[[-112.06529,33.44217],[-112.06466,33.44219],[-112.06452,33.44246]]}},{"type":"Feature","properties":{"name":"East Lincoln Street","highway":"secondary","osm":"way/324626232"},"geometry":{"type":"LineString","coordinates":[[-112.06538,33.44217],[-112.06529,33.44217]]}},{"type":"Feature","properties":{"name":"South 7th Street","highway":"primary","osm":"way/324626233"},"geometry":{"type":"LineString","coordinates":[[-112.06499,33.4471],[-112.06499,33.44735]]}},{"type":"Feature","properties":{"name":"South Central Avenue","highway":"secondary","osm":"way/324626234"},"geometry":{"type":"LineString","coordinates":[[-112.07372,33.44218],[-112.07374,33.4432]]}},{"type":"Feature","properties":{"name":"East Polk Street","highway":"residential","osm":"way/324630646"},"geometry":{"type":"LineString","coordinates":[[-112.07255,33.4524],[-112.07126,33.45239]]}},{"type":"Feature","properties":{"name":"North 1st Street","highway":"residential","osm":"way/324630647"},"geometry":{"type":"LineString","coordinates":[[-112.07254,33.45659],[-112.07253,33.46125]]}},{"type":"Feature","properties":{"name":"North 1st Street","highway":"residential","osm":"way/324630648"},"geometry":{"type":"LineString","coordinates":[[-112.07255,33.45138],[-112.07255,33.45179]]}},{"type":"Feature","properties":{"name":"North 7th Avenue","highway":"secondary","osm":"way/324630649"},"geometry":{"type":"LineString","coordinates":[[-112.08259,33.45474],[-112.0826,33.45741]]}},{"type":"Feature","properties":{"name":"North Central Avenue","highway":"primary","osm":"way/324630650"},"geometry":{"type":"LineString","coordinates":[[-112.07379,33.45665],[-112.07379,33.45778]]}},{"type":"Feature","properties":{"name":"South 3rd Avenue","highway":"tertiary","osm":"way/324630651"},"geometry":{"type":"LineString","coordinates":[[-112.07769,33.44715],[-112.07771,33.44824]]}},{"type":"Feature","properties":{"name":"West Jefferson Street","highway":"secondary","osm":"way/324630653"},"geometry":{"type":"LineString","coordinates":[[-112.07769,33.44715],[-112.07607,33.44719]]}},{"type":"Feature","properties":{"name":"West Jefferson Street","highway":"secondary","osm":"way/324630654"},"geometry":{"type":"LineString","coordinates":[[-112.08256,33.4471],[-112.08019,33.44712]]}},{"type":"Feature","properties":{"name":"North 17th Avenue","highway":"secondary","osm":"way/325145904"},"geometry":{"type":"LineString","coordinates":[[-112.09585,33.44965],[-112.09585,33.45027]]}},{"type":"Feature","properties":{"name":"North 3rd Avenue","highway":"tertiary","osm":"way/325145910"},"geometry":{"type":"LineString","coordinates":[[-112.07775,33.45866],[-112.0778,33.46102]]}},{"type":"Feature","properties":{"name":"North 3rd Avenue","highway":"tertiary","osm":"way/325145919"},"geometry":{"type":"LineString","coordinates":[[-112.07795,33.46164],[-112.0781,33.46213]]}},{"type":"Feature","properties":{"name":"North Central Avenue","highway":"primary","osm":"way/325145926"},"geometry":{"type":"LineString","coordinates":[[-112.0738,33.45866],[-112.07377,33.46001]]}},{"type":"Feature","properties":{"name":"Papago Freeway","highway":"motorway","osm":"way/325145935"},"geometry":{"type":"LineString","coordinates":[[-112.08757,33.46151],[-112.08879,33.46165]]}},{"type":"Feature","properties":{"name":"Papago Freeway","highway":"motorway","osm":"way/325145943"},"geometry":{"type":"LineString","coordinates":[[-112.09431,33.46197],[-112.09849,33.46195]]}},{"type":"Feature","properties":{"name":"Papago Freeway","highway":"motorway","osm":"way/325145947"},"geometry":{"type":"LineString","coordinates":[[-112.09418,33.46156],[-112.09095,33.46149]]}},{"type":"Feature","properties":{"name":"South 17th Avenue","highway":"secondary","osm":"way/325145952"},"geometry":{"type":"LineString","coordinates":[[-112.09582,33.447],[-112.09582,33.44665]]}},{"type":"Feature","properties":{"name":"West Jefferson Street","highway":"secondary","osm":"way/325145966"},"geometry":{"type":"LineString","coordinates":[[-112.08414,33.4471],[-112.08366,33.4471]]}},{"type":"Feature","properties":{"name":"West Roosevelt Street","highway":"tertiary","osm":"way/325145978"},"geometry":{"type":"LineString","coordinates":[[-112.07839,33.45866],[-112.07957,33.45867]]}},{"type":"Feature","properties":{"name":"West Van Buren Street","highway":"primary","osm":"way/325145990"},"geometry":{"type":"LineString","coordinates":[[-112.08018,33.45142],[-112.08201,33.45141]]}},{"type":"Feature","properties":{"name":"Papago Freeway","highway":"motorway","osm":"way/325347555"},"geometry":{"type":"LineString","coordinates":[[-112.09024,33.46143],[-112.0897,33.46136]]}},{"type":"Feature","properties":{"name":"North 32nd Street","highway":"secondary","osm":"way/325375898"},"geometry":{"type":"LineString","coordinates":[[-112.01292,33.45213],[-112.01292,33.45228]]}},{"type":"Feature","properties":{"name":"East Jefferson Street","highway":"primary","osm":"way/325641363"},"geometry":{"type":"LineString","coordinates":[[-112.0652,33.4471],[-112.06499,33.4471]]}},{"type":"Feature","properties":{"name":"East Jefferson Street","highway":"primary","osm":"way/325641364"},"geometry":{"type":"LineString","coordinates":[[-112.06029,33.44712],[-112.05795,33.44712]]}},{"type":"Feature","properties":{"name":"East Van Buren Street","highway":"primary","osm":"way/325641365"},"geometry":{"type":"LineString","coordinates":[[-112.0675,33.45144],[-112.06931,33.45144]]}},{"type":"Feature","properties":{"name":"East Washington Street","highway":"primary","osm":"way/325641367"},"geometry":{"type":"LineString","coordinates":[[-111.99162,33.44807],[-111.99065,33.44807]]}},{"type":"Feature","properties":{"name":"East Washington Street","highway":"primary_link","osm":"way/325641368"},"geometry":{"type":"LineString","coordinates":[[-112.06226,33.44834],[-112.06366,33.44825]]}},{"type":"Feature","properties":{"name":"North 1st Avenue","highway":"primary","osm":"way/325641369"},"geometry":{"type":"LineString","coordinates":[[-112.07519,33.4514],[-112.07505,33.45037]]}},{"type":"Feature","properties":{"name":"North 1st Avenue","highway":"primary","osm":"way/325641370"},"geometry":{"type":"LineString","coordinates":[[-112.07519,33.45222],[-112.07519,33.45217]]}},{"type":"Feature","properties":{"name":"North 1st Avenue","highway":"primary","osm":"way/325641371"},"geometry":{"type":"LineString","coordinates":[[-112.07519,33.45165],[-112.07519,33.4514]]}},{"type":"Feature","properties":{"name":"North 1st Avenue","highway":"primary","osm":"way/325641372"},"geometry":{"type":"LineString","coordinates":[[-112.07519,33.4514],[-112.07519,33.45094]]}},{"type":"Feature","properties":{"name":"North 7th Street","highway":"primary","osm":"way/325641373"},"geometry":{"type":"LineString","coordinates":[[-112.06518,33.45225],[-112.06523,33.454]]}},{"type":"Feature","properties":{"name":"South 41st Place","highway":"unclassified","osm":"way/325641375"},"geometry":{"type":"LineString","coordinates":[[-111.99163,33.44759],[-111.99162,33.44807]]}},{"type":"Feature","properties":{"name":"South 44th Street","highway":"primary","osm":"way/325641376"},"geometry":{"type":"LineString","coordinates":[[-111.98715,33.44585],[-111.98714,33.44596]]}},{"type":"Feature","properties":{"name":"South 7th Street","highway":"primary","osm":"way/325641377"},"geometry":{"type":"LineString","coordinates":[[-112.06501,33.44823],[-112.06501,33.44839]]}},{"type":"Feature","properties":{"name":"West Van Buren Street","highway":"primary","osm":"way/325641379"},"geometry":{"type":"LineString","coordinates":[[-112.07465,33.4514],[-112.0751,33.4514]]}},{"type":"Feature","properties":{"name":"South 3rd Street","highway":"residential","osm":"way/325755182"},"geometry":{"type":"LineString","coordinates":[[-112.06996,33.44641],[-112.06994,33.44505]]}},{"type":"Feature","properties":{"name":"East Madison Street","highway":"unclassified","osm":"way/325764485"},"geometry":{"type":"LineString","coordinates":[[-111.99007,33.44625],[-111.98927,33.44618]]}},{"type":"Feature","properties":{"name":"East Madison Street","highway":"unclassified","osm":"way/325764486"},"geometry":{"type":"LineString","coordinates":[[-111.98925,33.44637],[-111.99007,33.44625]]}},{"type":"Feature","properties":{"name":"East Madison Street","highway":"unclassified","osm":"way/325807034"},"geometry":{"type":"LineString","coordinates":[[-111.99168,33.44627],[-111.99052,33.44626]]}},{"type":"Feature","properties":{"name":null,"highway":"unclassified","osm":"way/325807035"},"geometry":{"type":"LineString","coordinates":[[-111.98925,33.44637],[-111.98924,33.44614],[-111.98899,33.44615]]}},{"type":"Feature","properties":{"name":"East Madison Street","highway":"unclassified","osm":"way/325807036"},"geometry":{"type":"LineString","coordinates":[[-111.98749,33.44597],[-111.98838,33.44615]]}},{"type":"Feature","properties":{"name":"East Madison Street","highway":"unclassified","osm":"way/325807037"},"geometry":{"type":"LineString","coordinates":[[-111.98838,33.44615],[-111.98893,33.4463]]}},{"type":"Feature","properties":{"name":"East Washington Street","highway":"primary","osm":"way/325807038"},"geometry":{"type":"LineString","coordinates":[[-111.98946,33.44828],[-111.99029,33.44822]]}},{"type":"Feature","properties":{"name":"East Washington Street","highway":"primary","osm":"way/325807039"},"geometry":{"type":"LineString","coordinates":[[-111.98707,33.44831],[-111.98723,33.4483]]}},{"type":"Feature","properties":{"name":"East Washington Street","highway":"primary","osm":"way/325807040"},"geometry":{"type":"LineString","coordinates":[[-111.98707,33.44803],[-111.98598,33.44805]]}},{"type":"Feature","properties":{"name":"South 44th Street","highway":"primary","osm":"way/325807042"},"geometry":{"type":"LineString","coordinates":[[-111.98724,33.44692],[-111.98726,33.4466]]}},{"type":"Feature","properties":{"name":"East Moreland Street","highway":"tertiary","osm":"way/325835156"},"geometry":{"type":"LineString","coordinates":[[-112.05893,33.46125],[-112.05644,33.46127]]}},{"type":"Feature","properties":{"name":"East Osborn Road","highway":"secondary","osm":"way/325835157"},"geometry":{"type":"LineString","coordinates":[[-112.05637,33.48743],[-112.05301,33.4874]]}},{"type":"Feature","properties":{"name":"East Osborn Road","highway":"secondary","osm":"way/325835158"},"geometry":{"type":"LineString","coordinates":[[-112.04844,33.48742],[-112.04768,33.48743]]}},{"type":"Feature","properties":{"name":"East Osborn Road","highway":"secondary","osm":"way/325835159"},"geometry":{"type":"LineString","coordinates":[[-112.04768,33.48743],[-112.04699,33.48747]]}},{"type":"Feature","properties":{"name":"East Osborn Road","highway":"secondary","osm":"way/325835160"},"geometry":{"type":"LineString","coordinates":[[-112.04695,33.48748],[-112.0464,33.48749]]}},{"type":"Feature","properties":{"name":"East Thomas Road","highway":"secondary","osm":"way/325835164"},"geometry":{"type":"LineString","coordinates":[[-112.04679,33.48023],[-112.04673,33.48023]]}},{"type":"Feature","properties":{"name":"North 12th Street","highway":"tertiary","osm":"way/325835165"},"geometry":{"type":"LineString","coordinates":[[-112.05644,33.46127],[-112.05644,33.46143]]}},{"type":"Feature","properties":{"name":"North 12th Street","highway":"tertiary","osm":"way/325835166"},"geometry":{"type":"LineString","coordinates":[[-112.05638,33.47698],[-112.05637,33.47964]]}},{"type":"Feature","properties":{"name":"North 16th Street","highway":"secondary","osm":"way/325835167"},"geometry":{"type":"LineString","coordinates":[[-112.04767,33.48799],[-112.04767,33.4881]]}},{"type":"Feature","properties":{"name":"North 16th Street","highway":"secondary","osm":"way/325835168"},"geometry":{"type":"LineString","coordinates":[[-112.04765,33.48095],[-112.04768,33.48678]]}},{"type":"Feature","properties":{"name":"East Jefferson Street","highway":"primary","osm":"way/325837709"},"geometry":{"type":"LineString","coordinates":[[-112.05563,33.44713],[-112.05424,33.44715]]}},{"type":"Feature","properties":{"name":"East Jefferson Street","highway":"primary","osm":"way/325837712"},"geometry":{"type":"LineString","coordinates":[[-112.04776,33.44717],[-112.04472,33.44718]]}},{"type":"Feature","properties":{"name":"East Madison Street","highway":"residential","osm":"way/325837713"},"geometry":{"type":"LineString","coordinates":[[-112.05424,33.44615],[-112.05208,33.44616]]}},{"type":"Feature","properties":{"name":"East Van Buren Street","highway":"primary","osm":"way/325837714"},"geometry":{"type":"LineString","coordinates":[[-112.05644,33.45135],[-112.05832,33.45135]]}},{"type":"Feature","properties":{"name":"East Van Buren Street","highway":"primary","osm":"way/325837715"},"geometry":{"type":"LineString","coordinates":[[-112.05224,33.45139],[-112.05644,33.45135]]}},{"type":"Feature","properties":{"name":"East Washington Street","highway":"primary","osm":"way/325837716"},"geometry":{"type":"LineString","coordinates":[[-112.05988,33.44834],[-112.06025,33.44834]]}},{"type":"Feature","properties":{"name":"East Washington Street","highway":"primary","osm":"way/325837717"},"geometry":{"type":"LineString","coordinates":[[-112.05643,33.44831],[-112.05899,33.44834]]}},{"type":"Feature","properties":{"name":"North 11th Street","highway":"tertiary","osm":"way/325837718"},"geometry":{"type":"LineString","coordinates":[[-112.05898,33.45135],[-112.05893,33.46125]]}},{"type":"Feature","properties":{"name":"South 12th Street","highway":"residential","osm":"way/325837719"},"geometry":{"type":"LineString","coordinates":[[-112.05644,33.44613],[-112.05644,33.44511]]}},{"type":"Feature","properties":{"name":"South 12th Street","highway":"residential","osm":"way/325837720"},"geometry":{"type":"LineString","coordinates":[[-112.05644,33.44713],[-112.05644,33.44637]]}},{"type":"Feature","properties":{"name":"South 13th Street","highway":"residential","osm":"way/325837721"},"geometry":{"type":"LineString","coordinates":[[-112.05424,33.44615],[-112.05424,33.44517]]}},{"type":"Feature","properties":{"name":"East Washington Street","highway":"primary","osm":"way/325850625"},"geometry":{"type":"LineString","coordinates":[[-112.03888,33.44836],[-112.03894,33.44836]]}},{"type":"Feature","properties":{"name":null,"highway":"motorway_link","osm":"way/325850629"},"geometry":{"type":"LineString","coordinates":[[-112.0381,33.4472],[-112.03812,33.44678]]}},{"type":"Feature","properties":{"name":null,"highway":"motorway_link","osm":"way/325850630"},"geometry":{"type":"LineString","coordinates":[[-112.03657,33.44721],[-112.03657,33.44737]]}},{"type":"Feature","properties":{"name":"North Central Avenue","highway":"primary","osm":"way/325860682"},"geometry":{"type":"LineString","coordinates":[[-112.07383,33.45102],[-112.07383,33.45139]]}},{"type":"Feature","properties":{"name":"North 44th Street","highway":"primary","osm":"way/325909061"},"geometry":{"type":"LineString","coordinates":[[-111.98723,33.4483],[-111.98723,33.44803]]}},{"type":"Feature","properties":{"name":"East Van Buren Street","highway":"primary","osm":"way/326178220"},"geometry":{"type":"LineString","coordinates":[[-112.06655,33.45131],[-112.06606,33.45131]]}},{"type":"Feature","properties":{"name":"East Van Buren Street","highway":"primary","osm":"way/326178221"},"geometry":{"type":"LineString","coordinates":[[-112.07076,33.45144],[-112.07127,33.45144]]}},{"type":"Feature","properties":{"name":"North 3rd Street","highway":"residential","osm":"way/326178222"},"geometry":{"type":"LineString","coordinates":[[-112.06998,33.45134],[-112.06995,33.45039]]}},{"type":"Feature","properties":{"name":"North 3rd Street","highway":"tertiary","osm":"way/326178223"},"geometry":{"type":"LineString","coordinates":[[-112.06936,33.46236],[-112.06936,33.46245]]}},{"type":"Feature","properties":{"name":"North 3rd Street","highway":"tertiary","osm":"way/326178224"},"geometry":{"type":"LineString","coordinates":[[-112.06936,33.46245],[-112.06936,33.46278]]}},{"type":"Feature","properties":{"name":"North 4th Street","highway":"residential","osm":"way/326178225"},"geometry":{"type":"LineString","coordinates":[[-112.06871,33.45772],[-112.06868,33.45867]]}},{"type":"Feature","properties":{"name":"Papago Freeway","highway":"motorway","osm":"way/326178227"},"geometry":{"type":"LineString","coordinates":[[-112.06097,33.46211],[-112.06922,33.46259]]}},{"type":"Feature","properties":{"name":"Papago Freeway","highway":"motorway","osm":"way/326178228"},"geometry":{"type":"LineString","coordinates":[[-112.06096,33.46174],[-112.06008,33.4617]]}},{"type":"Feature","properties":{"name":"West Harrison Street","highway":"residential","osm":"way/326492975"},"geometry":{"type":"LineString","coordinates":[[-112.08001,33.44436],[-112.07894,33.44443]]}},{"type":"Feature","properties":{"name":"North 16th Street","highway":"secondary","osm":"way/326855542"},"geometry":{"type":"LineString","coordinates":[[-112.04785,33.44894],[-112.04778,33.44836]]}},{"type":"Feature","properties":{"name":"Papago Freeway","highway":"motorway","osm":"way/327118866"},"geometry":{"type":"LineString","coordinates":[[-112.04594,33.4622],[-112.0544,33.46214]]}},{"type":"Feature","properties":{"name":"Papago Freeway","highway":"motorway","osm":"way/327118867"},"geometry":{"type":"LineString","coordinates":[[-112.04725,33.46185],[-112.04473,33.46182]]}},{"type":"Feature","properties":{"name":"East Harrison Street","highway":"residential","osm":"way/328017168"},"geometry":{"type":"LineString","coordinates":[[-112.03016,33.44449],[-112.02592,33.44444]]}},{"type":"Feature","properties":{"name":"East Sky Harbor Circle North","highway":"tertiary","osm":"way/328023252"},"geometry":{"type":"LineString","coordinates":[[-112.03897,33.44135],[-112.04134,33.44132],[-112.04249,33.44075],[-112.04339,33.43959],[-112.04347,33.43765]]}},{"type":"Feature","properties":{"name":null,"highway":"secondary_link","osm":"way/328028331"},"geometry":{"type":"LineString","coordinates":[[-112.03477,33.43487],[-112.03458,33.43487]]}},{"type":"Feature","properties":{"name":null,"highway":"secondary_link","osm":"way/328131194"},"geometry":{"type":"LineString","coordinates":[[-112.03338,33.42949],[-112.03258,33.42944]]}},{"type":"Feature","properties":{"name":null,"highway":"secondary_link","osm":"way/328131196"},"geometry":{"type":"LineString","coordinates":[[-112.03181,33.42922],[-112.03262,33.42927]]}},{"type":"Feature","properties":{"name":null,"highway":"secondary_link","osm":"way/328131804"},"geometry":{"type":"LineString","coordinates":[[-112.03046,33.4254],[-112.03034,33.4254]]}},{"type":"Feature","properties":{"name":"South 24th Street","highway":"secondary","osm":"way/328132041"},"geometry":{"type":"LineString","coordinates":[[-112.03012,33.4188],[-112.03005,33.41801]]}},{"type":"Feature","properties":{"name":"East Indian School Road","highway":"secondary","osm":"way/329062147"},"geometry":{"type":"LineString","coordinates":[[-112.04514,33.49467],[-112.0443,33.49467]]}},{"type":"Feature","properties":{"name":"South Central Avenue","highway":"secondary","osm":"way/329795767"},"geometry":{"type":"LineString","coordinates":[[-112.07388,33.43907],[-112.07385,33.42886]]}},{"type":"Feature","properties":{"name":null,"highway":"secondary_link","osm":"way/329795929"},"geometry":{"type":"LineString","coordinates":[[-112.07387,33.43712],[-112.07478,33.43703]]}},{"type":"Feature","properties":{"name":"West Van Buren Street","highway":"primary","osm":"way/329993236"},"geometry":{"type":"LineString","coordinates":[[-112.08259,33.45141],[-112.08338,33.4514]]}},{"type":"Feature","properties":{"name":"North 7th Avenue","highway":"secondary","osm":"way/329993237"},"geometry":{"type":"LineString","coordinates":[[-112.08258,33.4521],[-112.08258,33.45216]]}},{"type":"Feature","properties":{"name":null,"highway":"motorway_link","osm":"way/331012697"},"geometry":{"type":"LineString","coordinates":[[-112.06558,33.46267],[-112.06659,33.46302]]}},{"type":"Feature","properties":{"name":null,"highway":"motorway_link","osm":"way/331012698"},"geometry":{"type":"LineString","coordinates":[[-112.06527,33.46259],[-112.06519,33.46224]]}},{"type":"Feature","properties":{"name":null,"highway":"motorway_link","osm":"way/331012699"},"geometry":{"type":"LineString","coordinates":[[-112.06508,33.46188],[-112.06519,33.46214]]}},{"type":"Feature","properties":{"name":null,"highway":"motorway_link","osm":"way/331018713"},"geometry":{"type":"LineString","coordinates":[[-112.06528,33.46214],[-112.06522,33.46221]]}},{"type":"Feature","properties":{"name":"North 7th Street","highway":"primary","osm":"way/331018714"},"geometry":{"type":"LineString","coordinates":[[-112.06528,33.46233],[-112.06528,33.46214]]}},{"type":"Feature","properties":{"name":null,"highway":"motorway_link","osm":"way/331018715"},"geometry":{"type":"LineString","coordinates":[[-112.06519,33.46214],[-112.06528,33.46188]]}},{"type":"Feature","properties":{"name":null,"highway":"motorway_link","osm":"way/331018716"},"geometry":{"type":"LineString","coordinates":[[-112.06519,33.46214],[-112.06522,33.46221]]}},{"type":"Feature","properties":{"name":null,"highway":"motorway_link","osm":"way/331018717"},"geometry":{"type":"LineString","coordinates":[[-112.06515,33.46219],[-112.06508,33.4621]]}},{"type":"Feature","properties":{"name":null,"highway":"motorway_link","osm":"way/331018719"},"geometry":{"type":"LineString","coordinates":[[-112.06515,33.46219],[-112.06519,33.46214]]}},{"type":"Feature","properties":{"name":"North 7th Street","highway":"primary","osm":"way/331018720"},"geometry":{"type":"LineString","coordinates":[[-112.06508,33.4621],[-112.06507,33.46228]]}},{"type":"Feature","properties":{"name":null,"highway":"motorway_link","osm":"way/331018721"},"geometry":{"type":"LineString","coordinates":[[-112.06508,33.4621],[-112.06479,33.46183]]}},{"type":"Feature","properties":{"name":null,"highway":"motorway_link","osm":"way/331018723"},"geometry":{"type":"LineString","coordinates":[[-112.06519,33.46224],[-112.06507,33.46259]]}},{"type":"Feature","properties":{"name":null,"highway":"motorway_link","osm":"way/331018725"},"geometry":{"type":"LineString","coordinates":[[-112.06519,33.46224],[-112.06515,33.46219]]}},{"type":"Feature","properties":{"name":"North 7th Street","highway":"primary","osm":"way/331018727"},"geometry":{"type":"LineString","coordinates":[[-112.06527,33.46259],[-112.06528,33.46233]]}},{"type":"Feature","properties":{"name":null,"highway":"motorway_link","osm":"way/331018729"},"geometry":{"type":"LineString","coordinates":[[-112.06528,33.46233],[-112.06558,33.46267]]}},{"type":"Feature","properties":{"name":null,"highway":"motorway_link","osm":"way/331018731"},"geometry":{"type":"LineString","coordinates":[[-112.06507,33.46228],[-112.06515,33.46219]]}},{"type":"Feature","properties":{"name":"North 7th Street","highway":"primary","osm":"way/331018733"},"geometry":{"type":"LineString","coordinates":[[-112.06507,33.46228],[-112.06507,33.46259]]}},{"type":"Feature","properties":{"name":null,"highway":"motorway_link","osm":"way/331018735"},"geometry":{"type":"LineString","coordinates":[[-112.06522,33.46221],[-112.06519,33.46224]]}},{"type":"Feature","properties":{"name":null,"highway":"motorway_link","osm":"way/331018737"},"geometry":{"type":"LineString","coordinates":[[-112.06522,33.46221],[-112.06528,33.46233]]}},{"type":"Feature","properties":{"name":"West Polk Street","highway":"residential","osm":"way/331083628"},"geometry":{"type":"LineString","coordinates":[[-112.0739,33.45242],[-112.07383,33.45242]]}},{"type":"Feature","properties":{"name":"South 4th Avenue","highway":"residential","osm":"way/332365266"},"geometry":{"type":"LineString","coordinates":[[-112.07894,33.44445],[-112.07894,33.44443]]}},{"type":"Feature","properties":{"name":"West Buckeye Road","highway":"secondary","osm":"way/333521936"},"geometry":{"type":"LineString","coordinates":[[-112.09566,33.43674],[-112.09716,33.43675]]}},{"type":"Feature","properties":{"name":"Grand Avenue","highway":"secondary","osm":"way/338878867"},"geometry":{"type":"LineString","coordinates":[[-112.09211,33.45935],[-112.09278,33.4599]]}},{"type":"Feature","properties":{"name":"West Portland Street","highway":"residential","osm":"way/340701575"},"geometry":{"type":"LineString","coordinates":[[-112.07532,33.45984],[-112.07546,33.46002],[-112.07532,33.45984]]}},{"type":"Feature","properties":{"name":"West Portland Street","highway":"residential","osm":"way/340701576"},"geometry":{"type":"LineString","coordinates":[[-112.07635,33.45983],[-112.07648,33.46002],[-112.07635,33.45983]]}},{"type":"Feature","properties":{"name":"West Portland Street","highway":"residential","osm":"way/340701579"},"geometry":{"type":"LineString","coordinates":[[-112.07639,33.45982],[-112.07542,33.45982]]}},{"type":"Feature","properties":{"name":"West Portland Street","highway":"residential","osm":"way/340701581"},"geometry":{"type":"LineString","coordinates":[[-112.07542,33.46004],[-112.07639,33.46003]]}},{"type":"Feature","properties":{"name":"West Portland Street","highway":"residential","osm":"way/340701583"},"geometry":{"type":"LineString","coordinates":[[-112.07644,33.46003],[-112.07755,33.45996]]}},{"type":"Feature","properties":{"name":"West Portland Street","highway":"residential","osm":"way/340701584"},"geometry":{"type":"LineString","coordinates":[[-112.07537,33.45982],[-112.07411,33.45993]]}},{"type":"Feature","properties":{"name":"North 15th Drive","highway":"living_street","osm":"way/346068064"},"geometry":{"type":"LineString","coordinates":[[-112.09124,33.514],[-112.0915,33.51405],[-112.09168,33.51494],[-112.09164,33.51544],[-112.09123,33.51543]]}},{"type":"Feature","properties":{"name":"East Yuma Street","highway":"residential","osm":"way/347306882"},"geometry":{"type":"LineString","coordinates":[[-112.06741,33.43534],[-112.06613,33.43534]]}},{"type":"Feature","properties":{"name":"East Yavapai Street","highway":"residential","osm":"way/347306883"},"geometry":{"type":"LineString","coordinates":[[-112.0674,33.436],[-112.06597,33.43603]]}},{"type":"Feature","properties":{"name":"North 5th Avenue","highway":"residential","osm":"way/351692008"},"geometry":{"type":"LineString","coordinates":[[-112.08057,33.48386],[-112.08057,33.48313]]}},{"type":"Feature","properties":{"name":"North 7th Avenue","highway":"secondary","osm":"way/354416082"},"geometry":{"type":"LineString","coordinates":[[-112.08273,33.45979],[-112.08267,33.45937]]}},{"type":"Feature","properties":{"name":"North 7th Avenue","highway":"secondary","osm":"way/354416083"},"geometry":{"type":"LineString","coordinates":[[-112.08254,33.45979],[-112.08256,33.46066]]}},{"type":"Feature","properties":{"name":null,"highway":"motorway_link","osm":"way/354417265"},"geometry":{"type":"LineString","coordinates":[[-112.0837,33.46154],[-112.0854,33.46158]]}},{"type":"Feature","properties":{"name":null,"highway":"motorway_link","osm":"way/354417266"},"geometry":{"type":"LineString","coordinates":[[-112.08277,33.46274],[-112.08285,33.46225]]}},{"type":"Feature","properties":{"name":null,"highway":"motorway_link","osm":"way/354417267"},"geometry":{"type":"LineString","coordinates":[[-112.08285,33.46225],[-112.08295,33.46164],[-112.0837,33.46154]]}},{"type":"Feature","properties":{"name":"North 7th Avenue","highway":"secondary","osm":"way/354417268"},"geometry":{"type":"LineString","coordinates":[[-112.08267,33.46478],[-112.0828,33.46416]]}},{"type":"Feature","properties":{"name":"North 7th Avenue","highway":"secondary","osm":"way/354417269"},"geometry":{"type":"LineString","coordinates":[[-112.08259,33.46316],[-112.0826,33.46376]]}},{"type":"Feature","properties":{"name":"North 7th Avenue","highway":"secondary","osm":"way/354417270"},"geometry":{"type":"LineString","coordinates":[[-112.08276,33.46224],[-112.08275,33.4614]]}},{"type":"Feature","properties":{"name":null,"highway":"motorway_link","osm":"way/354417591"},"geometry":{"type":"LineString","coordinates":[[-112.08079,33.46078],[-112.07795,33.46135]]}},{"type":"Feature","properties":{"name":null,"highway":"motorway_link","osm":"way/354422361"},"geometry":{"type":"LineString","coordinates":[[-112.08275,33.4614],[-112.08218,33.46067]]}},{"type":"Feature","properties":{"name":null,"highway":"motorway_link","osm":"way/354422362"},"geometry":{"type":"LineString","coordinates":[[-112.08421,33.46049],[-112.08294,33.46026],[-112.08273,33.45989]]}},{"type":"Feature","properties":{"name":null,"highway":"motorway_link","osm":"way/354422364"},"geometry":{"type":"LineString","coordinates":[[-112.08158,33.46156],[-112.08237,33.46159],[-112.08258,33.46211]]}},{"type":"Feature","properties":{"name":null,"highway":"motorway_link","osm":"way/354422365"},"geometry":{"type":"LineString","coordinates":[[-112.07919,33.46189],[-112.08028,33.46175]]}},{"type":"Feature","properties":{"name":"North 9th Avenue","highway":"residential","osm":"way/354723880"},"geometry":{"type":"LineString","coordinates":[[-112.08488,33.46015],[-112.08485,33.45968]]}},{"type":"Feature","properties":{"name":"North 9th Avenue","highway":"residential","osm":"way/354724579"},"geometry":{"type":"LineString","coordinates":[[-112.08485,33.45968],[-112.08483,33.46015]]}},{"type":"Feature","properties":{"name":null,"highway":"motorway_link","osm":"way/354732881"},"geometry":{"type":"LineString","coordinates":[[-112.0854,33.46158],[-112.08879,33.46165]]}},{"type":"Feature","properties":{"name":null,"highway":"motorway_link","osm":"way/355397542"},"geometry":{"type":"LineString","coordinates":[[-112.08256,33.46066],[-112.08312,33.46139]]}},{"type":"Feature","properties":{"name":"Grand Avenue","highway":"secondary","osm":"way/357145819"},"geometry":{"type":"LineString","coordinates":[[-112.0833,33.45207],[-112.09079,33.45826]]}},{"type":"Feature","properties":{"name":"North 10th Avenue","highway":"residential","osm":"way/357148559"},"geometry":{"type":"LineString","coordinates":[[-112.08598,33.45429],[-112.08591,33.45867]]}},{"type":"Feature","properties":{"name":"West Taylor Street","highway":"residential","osm":"way/357148560"},"geometry":{"type":"LineString","coordinates":[[-112.09125,33.4542],[-112.08598,33.45429]]}},{"type":"Feature","properties":{"name":"Grand Avenue","highway":"secondary","osm":"way/357148561"},"geometry":{"type":"LineString","coordinates":[[-112.08279,33.45164],[-112.08312,33.45191]]}},{"type":"Feature","properties":{"name":"North 12th Avenue","highway":"residential","osm":"way/357148562"},"geometry":{"type":"LineString","coordinates":[[-112.08815,33.45608],[-112.08807,33.45866]]}},{"type":"Feature","properties":{"name":"West McKinley Street","highway":"residential","osm":"way/357148563"},"geometry":{"type":"LineString","coordinates":[[-112.08923,33.45698],[-112.09124,33.45689]]}},{"type":"Feature","properties":{"name":"Grand Avenue","highway":"secondary","osm":"way/358301623"},"geometry":{"type":"LineString","coordinates":[[-112.09453,33.46136],[-112.09518,33.462]]}},{"type":"Feature","properties":{"name":"Grand Avenue","highway":"secondary","osm":"way/358301624"},"geometry":{"type":"LineString","coordinates":[[-112.09574,33.46236],[-112.0968,33.46323]]}},{"type":"Feature","properties":{"name":"Grand Avenue","highway":"secondary","osm":"way/358301625"},"geometry":{"type":"LineString","coordinates":[[-112.09574,33.46236],[-112.09453,33.46136]]}},{"type":"Feature","properties":{"name":null,"highway":"motorway_link","osm":"way/358301626"},"geometry":{"type":"LineString","coordinates":[[-112.09646,33.46139],[-112.09418,33.46156]]}},{"type":"Feature","properties":{"name":"North 21st Place","highway":"residential","osm":"way/358971863"},"geometry":{"type":"LineString","coordinates":[[-112.03616,33.44949],[-112.03626,33.45044]]}},{"type":"Feature","properties":{"name":"East Brill Street","highway":"residential","osm":"way/359239343"},"geometry":{"type":"LineString","coordinates":[[-112.05639,33.46468],[-112.05425,33.46468]]}},{"type":"Feature","properties":{"name":"East Yuma Street","highway":"residential","osm":"way/359603525"},"geometry":{"type":"LineString","coordinates":[[-112.07372,33.43501],[-112.07335,33.43502]]}},{"type":"Feature","properties":{"name":"West Camelback Road","highway":"primary","osm":"way/361099464"},"geometry":{"type":"LineString","coordinates":[[-112.07376,33.50928],[-112.07485,33.50928]]}},{"type":"Feature","properties":{"name":"North Central Avenue","highway":"primary","osm":"way/361130138"},"geometry":{"type":"LineString","coordinates":[[-112.07369,33.50878],[-112.07376,33.50928]]}},{"type":"Feature","properties":{"name":"North 9th Street","highway":"residential","osm":"way/361225771"},"geometry":{"type":"LineString","coordinates":[[-112.06204,33.46364],[-112.06203,33.46573]]}},{"type":"Feature","properties":{"name":"East Culver Street","highway":"residential","osm":"way/361225946"},"geometry":{"type":"LineString","coordinates":[[-112.05642,33.46258],[-112.04804,33.46281]]}},{"type":"Feature","properties":{"name":"West Minnezona Avenue","highway":"residential","osm":"way/365634564"},"geometry":{"type":"LineString","coordinates":[[-112.07817,33.50295],[-112.08027,33.50299]]}},{"type":"Feature","properties":{"name":"East Highland Avenue","highway":"tertiary","osm":"way/366531435"},"geometry":{"type":"LineString","coordinates":[[-112.05592,33.5056],[-112.04804,33.5056]]}},{"type":"Feature","properties":{"name":"West Jackson Street","highway":"residential","osm":"way/366883036"},"geometry":{"type":"LineString","coordinates":[[-112.09743,33.445],[-112.09814,33.445]]}},{"type":"Feature","properties":{"name":null,"highway":"residential","osm":"way/367301313"},"geometry":{"type":"LineString","coordinates":[[-112.06683,33.49309],[-112.06659,33.49305],[-112.06683,33.49309]]}},{"type":"Feature","properties":{"name":"North 6th Street","highway":"residential","osm":"way/367301314"},"geometry":{"type":"LineString","coordinates":[[-112.06668,33.49318],[-112.06668,33.49327]]}},{"type":"Feature","properties":{"name":"North 6th Street","highway":"residential","osm":"way/367301315"},"geometry":{"type":"LineString","coordinates":[[-112.06671,33.49297],[-112.06671,33.49281]]}},{"type":"Feature","properties":{"name":"South 17th Avenue","highway":"secondary","osm":"way/370335964"},"geometry":{"type":"LineString","coordinates":[[-112.09578,33.44334],[-112.09575,33.44186]]}},{"type":"Feature","properties":{"name":"South 17th Avenue","highway":"secondary","osm":"way/370335965"},"geometry":{"type":"LineString","coordinates":[[-112.09568,33.43767],[-112.09566,33.43674]]}},{"type":"Feature","properties":{"name":"West Osborn Road","highway":"secondary","osm":"way/377797380"},"geometry":{"type":"LineString","coordinates":[[-112.07381,33.48754],[-112.07393,33.48754]]}},{"type":"Feature","properties":{"name":"North 16th Avenue","highway":"residential","osm":"way/377936461"},"geometry":{"type":"LineString","coordinates":[[-112.0934,33.49902],[-112.09352,33.49917],[-112.0934,33.49902]]}},{"type":"Feature","properties":{"name":"North 14th Place","highway":"residential","osm":"way/378424245"},"geometry":{"type":"LineString","coordinates":[[-112.05084,33.50379],[-112.05085,33.50197]]}},{"type":"Feature","properties":{"name":"South 4th Avenue","highway":"residential","osm":"way/378428275"},"geometry":{"type":"LineString","coordinates":[[-112.07894,33.44713],[-112.07895,33.44666]]}},{"type":"Feature","properties":{"name":"South 16th Avenue","highway":"residential","osm":"way/382871083"},"geometry":{"type":"LineString","coordinates":[[-112.09355,33.44626],[-112.09344,33.44704]]}},{"type":"Feature","properties":{"name":"South 16th Avenue","highway":"residential","osm":"way/382871084"},"geometry":{"type":"LineString","coordinates":[[-112.09359,33.44704],[-112.09355,33.44626]]}},{"type":"Feature","properties":{"name":"West Jefferson Street","highway":"secondary","osm":"way/382871094"},"geometry":{"type":"LineString","coordinates":[[-112.09786,33.447],[-112.097,33.447]]}},{"type":"Feature","properties":{"name":"West Madison Street","highway":"residential","osm":"way/382871096"},"geometry":{"type":"LineString","coordinates":[[-112.09374,33.44599],[-112.10775,33.44591]]}},{"type":"Feature","properties":{"name":"North Central Avenue","highway":"secondary","osm":"way/384138163"},"geometry":{"type":"LineString","coordinates":[[-112.07376,33.50928],[-112.07376,33.51002]]}},{"type":"Feature","properties":{"name":"North 6th Street","highway":"residential","osm":"way/384761270"},"geometry":{"type":"LineString","coordinates":[[-112.06635,33.50381],[-112.06648,33.50341]]}},{"type":"Feature","properties":{"name":"East Jefferson Street","highway":"primary","osm":"way/384892490"},"geometry":{"type":"LineString","coordinates":[[-112.06499,33.44721],[-112.0621,33.44721]]}},{"type":"Feature","properties":{"name":"East Jefferson Street","highway":"primary","osm":"way/384892491"},"geometry":{"type":"LineString","coordinates":[[-112.05955,33.44724],[-112.05644,33.44728]]}},{"type":"Feature","properties":{"name":"South 3rd Avenue","highway":"residential","osm":"way/386584316"},"geometry":{"type":"LineString","coordinates":[[-112.0777,33.44607],[-112.0777,33.44657]]}},{"type":"Feature","properties":{"name":"South 7th Avenue","highway":"secondary","osm":"way/386667605"},"geometry":{"type":"LineString","coordinates":[[-112.08258,33.44144],[-112.08254,33.44092]]}},{"type":"Feature","properties":{"name":"South 7th Avenue","highway":"secondary","osm":"way/386667609"},"geometry":{"type":"LineString","coordinates":[[-112.08246,33.44159],[-112.08244,33.44199]]}},{"type":"Feature","properties":{"name":"South 7th Avenue","highway":"secondary","osm":"way/386667612"},"geometry":{"type":"LineString","coordinates":[[-112.08258,33.44199],[-112.08258,33.4416]]}},{"type":"Feature","properties":{"name":"South 7th Avenue","highway":"secondary","osm":"way/386667617"},"geometry":{"type":"LineString","coordinates":[[-112.08254,33.44092],[-112.08246,33.44159]]}},{"type":"Feature","properties":{"name":"South 7th Avenue","highway":"secondary","osm":"way/386667621"},"geometry":{"type":"LineString","coordinates":[[-112.08245,33.4466],[-112.08256,33.4471]]}},{"type":"Feature","properties":{"name":"South 7th Avenue","highway":"secondary","osm":"way/386667624"},"geometry":{"type":"LineString","coordinates":[[-112.08244,33.44199],[-112.08245,33.4466]]}},{"type":"Feature","properties":{"name":"North 3rd Street","highway":"residential","osm":"way/386749145"},"geometry":{"type":"LineString","coordinates":[[-112.06999,33.45444],[-112.06997,33.45347]]}},{"type":"Feature","properties":{"name":"North 16th Street","highway":"secondary","osm":"way/400269205"},"geometry":{"type":"LineString","coordinates":[[-112.04756,33.51342],[-112.04756,33.51559]]}},{"type":"Feature","properties":{"name":"North 16th Street","highway":"secondary","osm":"way/400269206"},"geometry":{"type":"LineString","coordinates":[[-112.04756,33.51024],[-112.04755,33.51241]]}},{"type":"Feature","properties":{"name":"East Sky Harbor Boulevard South","highway":"tertiary","osm":"way/402522328"},"geometry":{"type":"LineString","coordinates":[[-112.01571,33.43661],[-112.01252,33.43655]]}},{"type":"Feature","properties":{"name":"East Sky Harbor Boulevard","highway":"primary","osm":"way/402522329"},"geometry":{"type":"LineString","coordinates":[[-112.01643,33.43719],[-112.0175,33.43684]]}},{"type":"Feature","properties":{"name":"East Sky Harbor Boulevard","highway":"primary","osm":"way/402522330"},"geometry":{"type":"LineString","coordinates":[[-112.01338,33.4379],[-112.01478,33.43787]]}},{"type":"Feature","properties":{"name":"North 7th Street","highway":"primary","osm":"way/404610297"},"geometry":{"type":"LineString","coordinates":[[-112.06524,33.46365],[-112.06525,33.46326]]}},{"type":"Feature","properties":{"name":"North 7th Street","highway":"primary","osm":"way/404610298"},"geometry":{"type":"LineString","coordinates":[[-112.06507,33.46259],[-112.06505,33.46326]]}},{"type":"Feature","properties":{"name":"South 17th Avenue","highway":"residential","osm":"way/404617306"},"geometry":{"type":"LineString","coordinates":[[-112.09566,33.43674],[-112.09567,33.43493]]}},{"type":"Feature","properties":{"name":"East Buckeye Road","highway":"secondary","osm":"way/404631313"},"geometry":{"type":"LineString","coordinates":[[-112.03699,33.43686],[-112.03724,33.43687]]}},{"type":"Feature","properties":{"name":"East Buckeye Road","highway":"tertiary","osm":"way/404631314"},"geometry":{"type":"LineString","coordinates":[[-112.02952,33.43682],[-112.03018,33.43682]]}},{"type":"Feature","properties":{"name":"East Buckeye Road","highway":"secondary","osm":"way/404631315"},"geometry":{"type":"LineString","coordinates":[[-112.03699,33.43672],[-112.03623,33.43672]]}},{"type":"Feature","properties":{"name":"East Buckeye Road","highway":"secondary","osm":"way/404631316"},"geometry":{"type":"LineString","coordinates":[[-112.03623,33.43686],[-112.03699,33.43686]]}},{"type":"Feature","properties":{"name":"East Buckeye Road","highway":"secondary","osm":"way/404631317"},"geometry":{"type":"LineString","coordinates":[[-112.03138,33.43672],[-112.03084,33.43672]]}},{"type":"Feature","properties":{"name":"East Buckeye Road","highway":"secondary","osm":"way/404631318"},"geometry":{"type":"LineString","coordinates":[[-112.03724,33.43687],[-112.0389,33.43688]]}},{"type":"Feature","properties":{"name":"East Buckeye Road","highway":"secondary","osm":"way/404631319"},"geometry":{"type":"LineString","coordinates":[[-112.0384,33.43672],[-112.03699,33.43672]]}},{"type":"Feature","properties":{"name":null,"highway":"motorway_link","osm":"way/404631320"},"geometry":{"type":"LineString","coordinates":[[-112.03714,33.43467],[-112.03706,33.43522]]}},{"type":"Feature","properties":{"name":null,"highway":"motorway_link","osm":"way/404631321"},"geometry":{"type":"LineString","coordinates":[[-112.03706,33.43522],[-112.03699,33.43598]]}},{"type":"Feature","properties":{"name":null,"highway":"motorway_link","osm":"way/404631322"},"geometry":{"type":"LineString","coordinates":[[-112.03736,33.43335],[-112.03714,33.43467]]}},{"type":"Feature","properties":{"name":null,"highway":"motorway_link","osm":"way/404631323"},"geometry":{"type":"LineString","coordinates":[[-112.03812,33.43474],[-112.03783,33.43264]]}},{"type":"Feature","properties":{"name":null,"highway":"motorway_link","osm":"way/404631324"},"geometry":{"type":"LineString","coordinates":[[-112.03965,33.43672],[-112.03893,33.43667]]}},{"type":"Feature","properties":{"name":null,"highway":"motorway_link","osm":"way/404631325"},"geometry":{"type":"LineString","coordinates":[[-112.0384,33.43665],[-112.03833,33.43618]]}},{"type":"Feature","properties":{"name":"East Sky Harbor Boulevard","highway":"motorway","osm":"way/404631326"},"geometry":{"type":"LineString","coordinates":[[-112.0376,33.441],[-112.03779,33.44047]]}},{"type":"Feature","properties":{"name":"East Roosevelt Street","highway":"tertiary","osm":"way/404824950"},"geometry":{"type":"LineString","coordinates":[[-112.06976,33.45868],[-112.06911,33.45867]]}},{"type":"Feature","properties":{"name":"North 3rd Street","highway":"residential","osm":"way/404824954"},"geometry":{"type":"LineString","coordinates":[[-112.06997,33.45313],[-112.06999,33.45144]]}},{"type":"Feature","properties":{"name":"North 5th Street","highway":"residential","osm":"way/404824958"},"geometry":{"type":"LineString","coordinates":[[-112.06749,33.45132],[-112.06748,33.4517]]}},{"type":"Feature","properties":{"name":"East Van Buren Street","highway":"primary","osm":"way/405794446"},"geometry":{"type":"LineString","coordinates":[[-111.99175,33.45121],[-111.994,33.45124]]}},{"type":"Feature","properties":{"name":"North 7th Street","highway":"primary","osm":"way/405986155"},"geometry":{"type":"LineString","coordinates":[[-112.06523,33.45508],[-112.06524,33.45813]]}},{"type":"Feature","properties":{"name":"North Central Avenue","highway":"primary","osm":"way/405986156"},"geometry":{"type":"LineString","coordinates":[[-112.07379,33.45438],[-112.07379,33.45453]]}},{"type":"Feature","properties":{"name":"North Central Avenue","highway":"primary","osm":"way/405986158"},"geometry":{"type":"LineString","coordinates":[[-112.07379,33.45453],[-112.07379,33.45463]]}},{"type":"Feature","properties":{"name":"West Fillmore Street","highway":"residential","osm":"way/405986159"},"geometry":{"type":"LineString","coordinates":[[-112.07578,33.45471],[-112.08017,33.45473]]}},{"type":"Feature","properties":{"name":"North 1st Avenue","highway":"primary","osm":"way/405986160"},"geometry":{"type":"LineString","coordinates":[[-112.07522,33.4547],[-112.0752,33.45314]]}},{"type":"Feature","properties":{"name":"East Washington Street","highway":"primary","osm":"way/408592881"},"geometry":{"type":"LineString","coordinates":[[-111.98297,33.44804],[-111.98556,33.44823]]}},{"type":"Feature","properties":{"name":"East Jefferson Street","highway":"primary","osm":"way/408595544"},"geometry":{"type":"LineString","coordinates":[[-112.0346,33.44723],[-112.03123,33.44715]]}},{"type":"Feature","properties":{"name":"South 22nd Street","highway":"unclassified","osm":"way/408595545"},"geometry":{"type":"LineString","coordinates":[[-112.0346,33.44723],[-112.03461,33.44536]]}},{"type":"Feature","properties":{"name":"East Van Buren Street","highway":"primary","osm":"way/419010612"},"geometry":{"type":"LineString","coordinates":[[-111.99532,33.45125],[-111.9955,33.45125]]}},{"type":"Feature","properties":{"name":"West Osborn Road","highway":"tertiary","osm":"way/419646691"},"geometry":{"type":"LineString","coordinates":[[-112.09518,33.48779],[-112.09938,33.48781]]}},{"type":"Feature","properties":{"name":"North Manor Drive West","highway":"residential","osm":"way/419651654"},"geometry":{"type":"LineString","coordinates":[[-112.05561,33.48705],[-112.05554,33.48705]]}},{"type":"Feature","properties":{"name":"West Catalina Drive","highway":"residential","osm":"way/419658635"},"geometry":{"type":"LineString","coordinates":[[-112.09015,33.48226],[-112.09139,33.48228]]}},{"type":"Feature","properties":{"name":"West Catalina Drive","highway":"residential","osm":"way/419658637"},"geometry":{"type":"LineString","coordinates":[[-112.09139,33.48228],[-112.09248,33.48229]]}},{"type":"Feature","properties":{"name":"East Cheery Lynn Road","highway":"residential","osm":"way/419780447"},"geometry":{"type":"LineString","coordinates":[[-112.05248,33.48463],[-112.05214,33.48463]]}},{"type":"Feature","properties":{"name":"North 10th Street","highway":"residential","osm":"way/420506627"},"geometry":{"type":"LineString","coordinates":[[-112.06072,33.46256],[-112.06078,33.46363]]}},{"type":"Feature","properties":{"name":"North 7th Avenue","highway":"secondary","osm":"way/420509984"},"geometry":{"type":"LineString","coordinates":[[-112.08245,33.50303],[-112.08245,33.50389]]}},{"type":"Feature","properties":{"name":"West Coolidge Street","highway":"residential","osm":"way/420509985"},"geometry":{"type":"LineString","coordinates":[[-112.08247,33.50481],[-112.0869,33.50488]]}},{"type":"Feature","properties":{"name":"North 7th Avenue","highway":"secondary","osm":"way/420510518"},"geometry":{"type":"LineString","coordinates":[[-112.08247,33.50572],[-112.08249,33.50755]]}},{"type":"Feature","properties":{"name":"West Mariposa Street","highway":"residential","osm":"way/420510519"},"geometry":{"type":"LineString","coordinates":[[-112.08249,33.50844],[-112.08647,33.5085]]}},{"type":"Feature","properties":{"name":"North 7th Avenue","highway":"secondary","osm":"way/420511600"},"geometry":{"type":"LineString","coordinates":[[-112.08249,33.50844],[-112.08249,33.50914]]}},{"type":"Feature","properties":{"name":"West Camelback Road","highway":"primary","osm":"way/420511601"},"geometry":{"type":"LineString","coordinates":[[-112.07815,33.50917],[-112.07603,33.50918]]}},{"type":"Feature","properties":{"name":"North 7th Avenue","highway":"secondary","osm":"way/420512215"},"geometry":{"type":"LineString","coordinates":[[-112.08249,33.50914],[-112.0825,33.50939]]}},{"type":"Feature","properties":{"name":"West Camelback Road","highway":"primary","osm":"way/420512216"},"geometry":{"type":"LineString","coordinates":[[-112.07815,33.50939],[-112.08114,33.50938]]}},{"type":"Feature","properties":{"name":"South Central Avenue","highway":"secondary","osm":"way/420706172"},"geometry":{"type":"LineString","coordinates":[[-112.07392,33.43939],[-112.07388,33.43907]]}},{"type":"Feature","properties":{"name":"North 7th Avenue","highway":"secondary","osm":"way/420708616"},"geometry":{"type":"LineString","coordinates":[[-112.08259,33.45074],[-112.08259,33.45078]]}},{"type":"Feature","properties":{"name":"West Van Buren Street","highway":"primary","osm":"way/420708625"},"geometry":{"type":"LineString","coordinates":[[-112.08201,33.45141],[-112.08259,33.45141]]}},{"type":"Feature","properties":{"name":"East Camelback Road","highway":"primary","osm":"way/420759703"},"geometry":{"type":"LineString","coordinates":[[-112.07175,33.50928],[-112.06594,33.50924]]}},{"type":"Feature","properties":{"name":"North 7th Street","highway":"primary","osm":"way/420759704"},"geometry":{"type":"LineString","coordinates":[[-112.06502,33.50923],[-112.06501,33.51373]]}},{"type":"Feature","properties":{"name":"North 7th Street","highway":"primary","osm":"way/420760925"},"geometry":{"type":"LineString","coordinates":[[-112.06504,33.50562],[-112.06502,33.50743]]}},{"type":"Feature","properties":{"name":"North 7th Street","highway":"primary","osm":"way/420768468"},"geometry":{"type":"LineString","coordinates":[[-112.06504,33.50199],[-112.06504,33.50235]]}},{"type":"Feature","properties":{"name":"North 7th Street","highway":"primary","osm":"way/420776975"},"geometry":{"type":"LineString","coordinates":[[-112.06505,33.49808],[-112.06504,33.50179]]}},{"type":"Feature","properties":{"name":"North 7th Street","highway":"primary","osm":"way/420782001"},"geometry":{"type":"LineString","coordinates":[[-112.06505,33.49485],[-112.06506,33.49529]]}},{"type":"Feature","properties":{"name":"East Osborn Road","highway":"secondary","osm":"way/420784113"},"geometry":{"type":"LineString","coordinates":[[-112.06495,33.48747],[-112.06439,33.48747]]}},{"type":"Feature","properties":{"name":"North 7th Street","highway":"primary","osm":"way/420784114"},"geometry":{"type":"LineString","coordinates":[[-112.06507,33.48837],[-112.06507,33.48924]]}},{"type":"Feature","properties":{"name":"East Thomas Road","highway":"secondary","osm":"way/420785321"},"geometry":{"type":"LineString","coordinates":[[-112.06417,33.48022],[-112.05963,33.48022]]}},{"type":"Feature","properties":{"name":"North 7th Street","highway":"primary","osm":"way/420785322"},"geometry":{"type":"LineString","coordinates":[[-112.06509,33.48033],[-112.0651,33.48111]]}},{"type":"Feature","properties":{"name":"East Virginia Avenue","highway":"tertiary","osm":"way/421003661"},"geometry":{"type":"LineString","coordinates":[[-112.07233,33.47663],[-112.07007,33.47663]]}},{"type":"Feature","properties":{"name":"North 7th Street","highway":"primary","osm":"way/421003662"},"geometry":{"type":"LineString","coordinates":[[-112.06511,33.4773],[-112.06509,33.48006]]}},{"type":"Feature","properties":{"name":"East Monte Vista Road","highway":"residential","osm":"way/421006018"},"geometry":{"type":"LineString","coordinates":[[-112.06942,33.47118],[-112.06513,33.47116]]}},{"type":"Feature","properties":{"name":"North 7th Street","highway":"primary","osm":"way/421006019"},"geometry":{"type":"LineString","coordinates":[[-112.06512,33.47247],[-112.06511,33.47619]]}},{"type":"Feature","properties":{"name":"East Palm Lane","highway":"residential","osm":"way/421007192"},"geometry":{"type":"LineString","coordinates":[[-112.0738,33.46943],[-112.06601,33.46938]]}},{"type":"Feature","properties":{"name":"North 7th Street","highway":"primary","osm":"way/421007193"},"geometry":{"type":"LineString","coordinates":[[-112.06512,33.46935],[-112.06512,33.46981]]}},{"type":"Feature","properties":{"name":"East Portland Street","highway":"residential","osm":"way/421012769"},"geometry":{"type":"LineString","coordinates":[[-112.06513,33.45995],[-112.05644,33.45993]]}},{"type":"Feature","properties":{"name":"North 7th Street","highway":"primary","osm":"way/421012771"},"geometry":{"type":"LineString","coordinates":[[-112.06528,33.46188],[-112.06529,33.46122]]}},{"type":"Feature","properties":{"name":"North 7th Street","highway":"primary","osm":"way/421012772"},"geometry":{"type":"LineString","coordinates":[[-112.06509,33.46123],[-112.06508,33.46188]]}},{"type":"Feature","properties":{"name":"East Buckeye Road","highway":"secondary","osm":"way/421292345"},"geometry":{"type":"LineString","coordinates":[[-112.03957,33.43689],[-112.04063,33.43689]]}},{"type":"Feature","properties":{"name":"East Camelback Road","highway":"primary","osm":"way/421735053"},"geometry":{"type":"LineString","coordinates":[[-112.07376,33.50928],[-112.07311,33.50928]]}},{"type":"Feature","properties":{"name":"North 1st Avenue","highway":"primary","osm":"way/421759980"},"geometry":{"type":"LineString","coordinates":[[-112.07519,33.45047],[-112.07519,33.45037]]}},{"type":"Feature","properties":{"name":"West Monroe Street","highway":"residential","osm":"way/421759981"},"geometry":{"type":"LineString","coordinates":[[-112.07382,33.45037],[-112.07505,33.45037]]}},{"type":"Feature","properties":{"name":"West Madison Street","highway":"residential","osm":"way/421762648"},"geometry":{"type":"LineString","coordinates":[[-112.07501,33.44608],[-112.07517,33.44608]]}},{"type":"Feature","properties":{"name":"North 7th Avenue","highway":"secondary","osm":"way/421771122"},"geometry":{"type":"LineString","coordinates":[[-112.08244,33.50209],[-112.08244,33.50278]]}},{"type":"Feature","properties":{"name":"North 7th Avenue","highway":"secondary","osm":"way/421772579"},"geometry":{"type":"LineString","coordinates":[[-112.08354,33.4967],[-112.0834,33.49802],[-112.08251,33.50028]]}},{"type":"Feature","properties":{"name":"West Indian School Road","highway":"secondary","osm":"way/421772580"},"geometry":{"type":"LineString","coordinates":[[-112.08276,33.49487],[-112.07875,33.49484]]}},{"type":"Feature","properties":{"name":"North 7th Avenue","highway":"secondary","osm":"way/421775166"},"geometry":{"type":"LineString","coordinates":[[-112.08326,33.48856],[-112.08347,33.49433]]}},{"type":"Feature","properties":{"name":"West Thomas Road","highway":"secondary","osm":"way/421775167"},"geometry":{"type":"LineString","coordinates":[[-112.08113,33.48032],[-112.0822,33.48033]]}},{"type":"Feature","properties":{"name":"North 7th Avenue","highway":"secondary","osm":"way/421775958"},"geometry":{"type":"LineString","coordinates":[[-112.08288,33.47357],[-112.08295,33.47627]]}},{"type":"Feature","properties":{"name":"West Encanto Boulevard","highway":"tertiary","osm":"way/421775959"},"geometry":{"type":"LineString","coordinates":[[-112.08079,33.47301],[-112.08236,33.47303]]}},{"type":"Feature","properties":{"name":"West Jefferson Street","highway":"secondary","osm":"way/421778284"},"geometry":{"type":"LineString","coordinates":[[-112.09582,33.447],[-112.09514,33.44701]]}},{"type":"Feature","properties":{"name":"North 7th Street","highway":"primary","osm":"way/422075772"},"geometry":{"type":"LineString","coordinates":[[-112.06513,33.47116],[-112.06512,33.47247]]}},{"type":"Feature","properties":{"name":"East Indian School Road","highway":"secondary","osm":"way/422078268"},"geometry":{"type":"LineString","coordinates":[[-112.0738,33.4948],[-112.07368,33.4948]]}},{"type":"Feature","properties":{"name":"North 1st Avenue","highway":"primary","osm":"way/422092341"},"geometry":{"type":"LineString","coordinates":[[-112.07505,33.45037],[-112.07511,33.44971]]}},{"type":"Feature","properties":{"name":"West Monroe Street","highway":"residential","osm":"way/422092343"},"geometry":{"type":"LineString","coordinates":[[-112.07505,33.45037],[-112.07519,33.45037]]}},{"type":"Feature","properties":{"name":"North Central Avenue","highway":"primary","osm":"way/422094710"},"geometry":{"type":"LineString","coordinates":[[-112.0737,33.46572],[-112.07373,33.46815]]}},{"type":"Feature","properties":{"name":"North 7th Avenue","highway":"secondary","osm":"way/422100692"},"geometry":{"type":"LineString","coordinates":[[-112.08308,33.48192],[-112.08314,33.48351]]}},{"type":"Feature","properties":{"name":"North Central Avenue","highway":"primary","osm":"way/422264018"},"geometry":{"type":"LineString","coordinates":[[-112.07394,33.46572],[-112.07392,33.46213]]}},{"type":"Feature","properties":{"name":"East McDowell Road","highway":"primary","osm":"way/422283675"},"geometry":{"type":"LineString","coordinates":[[-112.06519,33.46572],[-112.06503,33.46572]]}},{"type":"Feature","properties":{"name":"East McDowell Road","highway":"primary","osm":"way/422283677"},"geometry":{"type":"LineString","coordinates":[[-112.0684,33.46572],[-112.06612,33.46573]]}},{"type":"Feature","properties":{"name":"North 7th Street","highway":"primary","osm":"way/422283681"},"geometry":{"type":"LineString","coordinates":[[-112.06523,33.46393],[-112.06524,33.46365]]}},{"type":"Feature","properties":{"name":"North 7th Street","highway":"primary","osm":"way/422283682"},"geometry":{"type":"LineString","coordinates":[[-112.06505,33.46326],[-112.06503,33.46394]]}},{"type":"Feature","properties":{"name":"North 7th Street","highway":"primary","osm":"way/422283683"},"geometry":{"type":"LineString","coordinates":[[-112.06503,33.46572],[-112.0651,33.46642]]}},{"type":"Feature","properties":{"name":"North 7th Street","highway":"primary","osm":"way/422283685"},"geometry":{"type":"LineString","coordinates":[[-112.06517,33.46634],[-112.06519,33.46572]]}},{"type":"Feature","properties":{"name":"North 1st Avenue","highway":"primary","osm":"way/422621371"},"geometry":{"type":"LineString","coordinates":[[-112.0751,33.44931],[-112.07511,33.44893]]}},{"type":"Feature","properties":{"name":"West Adams Street","highway":"residential","osm":"way/422621373"},"geometry":{"type":"LineString","coordinates":[[-112.07382,33.44931],[-112.0751,33.44931]]}},{"type":"Feature","properties":{"name":"East Washington Street","highway":"primary","osm":"way/426059796"},"geometry":{"type":"LineString","coordinates":[[-112.02158,33.4483],[-112.02476,33.44831]]}},{"type":"Feature","properties":{"name":"East Washington Street","highway":"primary","osm":"way/426059797"},"geometry":{"type":"LineString","coordinates":[[-112.01726,33.44809],[-112.01399,33.44808]]}},{"type":"Feature","properties":{"name":"North 32nd Street","highway":"secondary","osm":"way/426059800"},"geometry":{"type":"LineString","coordinates":[[-112.01291,33.44809],[-112.01291,33.44827]]}},{"type":"Feature","properties":{"name":"East Oak Street","highway":"tertiary","osm":"way/427338839"},"geometry":{"type":"LineString","coordinates":[[-112.05204,33.47302],[-112.05582,33.47303]]}},{"type":"Feature","properties":{"name":"East Oak Street","highway":"tertiary","osm":"way/427338840"},"geometry":{"type":"LineString","coordinates":[[-112.05676,33.47302],[-112.05647,33.47298]]}},{"type":"Feature","properties":{"name":"East Oak Street","highway":"tertiary","osm":"way/427338841"},"geometry":{"type":"LineString","coordinates":[[-112.05646,33.47307],[-112.05676,33.47302]]}},{"type":"Feature","properties":{"name":"East Oak Street","highway":"tertiary","osm":"way/427338842"},"geometry":{"type":"LineString","coordinates":[[-112.0563,33.47298],[-112.056,33.47303]]}},{"type":"Feature","properties":{"name":"East Oak Street","highway":"tertiary","osm":"way/427338843"},"geometry":{"type":"LineString","coordinates":[[-112.056,33.47303],[-112.05631,33.47307]]}},{"type":"Feature","properties":{"name":"North 12th Street","highway":"tertiary","osm":"way/427338847"},"geometry":{"type":"LineString","coordinates":[[-112.05646,33.47296],[-112.05639,33.47272]]}},{"type":"Feature","properties":{"name":"North 12th Street","highway":"tertiary","osm":"way/427338848"},"geometry":{"type":"LineString","coordinates":[[-112.05632,33.47308],[-112.05639,33.47336]]}},{"type":"Feature","properties":{"name":"North 12th Street","highway":"tertiary","osm":"way/427338849"},"geometry":{"type":"LineString","coordinates":[[-112.05639,33.47272],[-112.05632,33.47296]]}},{"type":"Feature","properties":{"name":"North 12th Street","highway":"tertiary","osm":"way/427338850"},"geometry":{"type":"LineString","coordinates":[[-112.05632,33.47308],[-112.05644,33.47309]]}},{"type":"Feature","properties":{"name":"North 12th Street","highway":"tertiary","osm":"way/427338851"},"geometry":{"type":"LineString","coordinates":[[-112.05632,33.47296],[-112.0563,33.47298]]}},{"type":"Feature","properties":{"name":"North 12th Street","highway":"tertiary","osm":"way/427338852"},"geometry":{"type":"LineString","coordinates":[[-112.05644,33.47309],[-112.05646,33.47296]]}},{"type":"Feature","properties":{"name":"North 12th Street","highway":"tertiary","osm":"way/427338853"},"geometry":{"type":"LineString","coordinates":[[-112.05646,33.47296],[-112.05632,33.47296]]}},{"type":"Feature","properties":{"name":"North Alvarado Road","highway":"residential","osm":"way/433775658"},"geometry":{"type":"LineString","coordinates":[[-112.07105,33.4726],[-112.07105,33.47231]]}},{"type":"Feature","properties":{"name":"North Alvarado Road","highway":"residential","osm":"way/433775659"},"geometry":{"type":"LineString","coordinates":[[-112.07105,33.47231],[-112.07105,33.4726]]}},{"type":"Feature","properties":{"name":"East Camelback Road","highway":"primary","osm":"way/436772388"},"geometry":{"type":"LineString","coordinates":[[-112.07311,33.50928],[-112.07306,33.50928]]}},{"type":"Feature","properties":{"name":"East Camelback Road","highway":"primary","osm":"way/436772390"},"geometry":{"type":"LineString","coordinates":[[-112.07306,33.50928],[-112.07257,33.50928]]}},{"type":"Feature","properties":{"name":"East Camelback Road","highway":"primary","osm":"way/436772393"},"geometry":{"type":"LineString","coordinates":[[-112.06594,33.50924],[-112.06502,33.50923]]}},{"type":"Feature","properties":{"name":"East Camelback Road","highway":"primary","osm":"way/436772395"},"geometry":{"type":"LineString","coordinates":[[-112.07257,33.50928],[-112.07211,33.50928]]}},{"type":"Feature","properties":{"name":"East Camelback Road","highway":"primary","osm":"way/436772397"},"geometry":{"type":"LineString","coordinates":[[-112.06502,33.50923],[-112.06433,33.50923]]}},{"type":"Feature","properties":{"name":"North Central Avenue","highway":"secondary","osm":"way/436772407"},"geometry":{"type":"LineString","coordinates":[[-112.07376,33.51002],[-112.07376,33.51019]]}},{"type":"Feature","properties":{"name":"North Central Avenue","highway":"primary","osm":"way/436772408"},"geometry":{"type":"LineString","coordinates":[[-112.07369,33.50856],[-112.07369,33.50878]]}},{"type":"Feature","properties":{"name":"North Central Avenue","highway":"primary","osm":"way/436772410"},"geometry":{"type":"LineString","coordinates":[[-112.07387,33.50649],[-112.07387,33.50569]]}},{"type":"Feature","properties":{"name":"North Central Avenue","highway":"primary","osm":"way/436772412"},"geometry":{"type":"LineString","coordinates":[[-112.07368,33.50401],[-112.07367,33.50473]]}},{"type":"Feature","properties":{"name":"North Central Avenue","highway":"primary","osm":"way/436772413"},"geometry":{"type":"LineString","coordinates":[[-112.07366,33.50564],[-112.07369,33.50803]]}},{"type":"Feature","properties":{"name":"North Central Avenue","highway":"primary","osm":"way/436772414"},"geometry":{"type":"LineString","coordinates":[[-112.07387,33.50569],[-112.07387,33.504]]}},{"type":"Feature","properties":{"name":"West Camelback Road","highway":"primary","osm":"way/436772415"},"geometry":{"type":"LineString","coordinates":[[-112.07485,33.50928],[-112.07499,33.50927]]}},{"type":"Feature","properties":{"name":"West Camelback Road","highway":"primary","osm":"way/436772416"},"geometry":{"type":"LineString","coordinates":[[-112.08114,33.50938],[-112.0825,33.50939]]}},{"type":"Feature","properties":{"name":"West Camelback Road","highway":"primary","osm":"way/436772417"},"geometry":{"type":"LineString","coordinates":[[-112.07719,33.50937],[-112.07815,33.50939]]}},{"type":"Feature","properties":{"name":"West Camelback Road","highway":"primary","osm":"way/436772418"},"geometry":{"type":"LineString","coordinates":[[-112.0791,33.50917],[-112.07815,33.50917]]}},{"type":"Feature","properties":{"name":"West Camelback Road","highway":"primary","osm":"way/436772419"},"geometry":{"type":"LineString","coordinates":[[-112.07499,33.50927],[-112.07719,33.50937]]}},{"type":"Feature","properties":{"name":"West Camelback Road","highway":"primary","osm":"way/436772420"},"geometry":{"type":"LineString","coordinates":[[-112.08249,33.50914],[-112.0791,33.50917]]}},{"type":"Feature","properties":{"name":"West Camelback Road","highway":"primary","osm":"way/436773413"},"geometry":{"type":"LineString","coordinates":[[-112.09565,33.50944],[-112.09234,33.50939]]}},{"type":"Feature","properties":{"name":"West Camelback Road","highway":"primary","osm":"way/436773414"},"geometry":{"type":"LineString","coordinates":[[-112.08392,33.50942],[-112.08449,33.50944]]}},{"type":"Feature","properties":{"name":"West Camelback Road","highway":"primary","osm":"way/436773415"},"geometry":{"type":"LineString","coordinates":[[-112.09478,33.50963],[-112.09565,33.50964]]}},{"type":"Feature","properties":{"name":"West Camelback Road","highway":"primary","osm":"way/436773416"},"geometry":{"type":"LineString","coordinates":[[-112.08386,33.50919],[-112.08249,33.50914]]}},{"type":"Feature","properties":{"name":"West Camelback Road","highway":"primary","osm":"way/436773417"},"geometry":{"type":"LineString","coordinates":[[-112.09656,33.50943],[-112.09565,33.50944]]}},{"type":"Feature","properties":{"name":"West Camelback Road","highway":"primary","osm":"way/436773418"},"geometry":{"type":"LineString","coordinates":[[-112.09028,33.50958],[-112.09126,33.50958]]}},{"type":"Feature","properties":{"name":"West Camelback Road","highway":"primary","osm":"way/436773419"},"geometry":{"type":"LineString","coordinates":[[-112.09234,33.50939],[-112.09127,33.50937]]}},{"type":"Feature","properties":{"name":"West Camelback Road","highway":"primary","osm":"way/436773421"},"geometry":{"type":"LineString","coordinates":[[-112.08779,33.50938],[-112.08691,33.50936]]}},{"type":"Feature","properties":{"name":"West Camelback Road","highway":"primary","osm":"way/436773422"},"geometry":{"type":"LineString","coordinates":[[-112.08449,33.50944],[-112.086,33.50952]]}},{"type":"Feature","properties":{"name":"West Camelback Road","highway":"primary","osm":"way/436773424"},"geometry":{"type":"LineString","coordinates":[[-112.0825,33.50939],[-112.08392,33.50942]]}},{"type":"Feature","properties":{"name":"West Camelback Road","highway":"primary","osm":"way/436773425"},"geometry":{"type":"LineString","coordinates":[[-112.09126,33.50958],[-112.09445,33.50962]]}},{"type":"Feature","properties":{"name":"West Camelback Road","highway":"primary","osm":"way/436773426"},"geometry":{"type":"LineString","coordinates":[[-112.086,33.50952],[-112.0869,33.50957]]}},{"type":"Feature","properties":{"name":"West Camelback Road","highway":"primary","osm":"way/436773427"},"geometry":{"type":"LineString","coordinates":[[-112.08691,33.50936],[-112.08386,33.50919]]}},{"type":"Feature","properties":{"name":"West Camelback Road","highway":"primary","osm":"way/436773428"},"geometry":{"type":"LineString","coordinates":[[-112.09565,33.50964],[-112.09819,33.50964]]}},{"type":"Feature","properties":{"name":"West Camelback Road","highway":"primary","osm":"way/436773429"},"geometry":{"type":"LineString","coordinates":[[-112.0869,33.50957],[-112.09028,33.50958]]}},{"type":"Feature","properties":{"name":"West Camelback Road","highway":"primary","osm":"way/436773430"},"geometry":{"type":"LineString","coordinates":[[-112.09127,33.50937],[-112.08779,33.50938]]}},{"type":"Feature","properties":{"name":"East Van Buren Street","highway":"primary","osm":"way/436774804"},"geometry":{"type":"LineString","coordinates":[[-111.99631,33.45125],[-112.0099,33.45129]]}},{"type":"Feature","properties":{"name":"East Van Buren Street","highway":"primary","osm":"way/436774805"},"geometry":{"type":"LineString","coordinates":[[-111.994,33.45124],[-111.99434,33.45124]]}},{"type":"Feature","properties":{"name":"East Van Buren Street","highway":"primary","osm":"way/436774806"},"geometry":{"type":"LineString","coordinates":[[-111.99514,33.45125],[-111.99532,33.45125]]}},{"type":"Feature","properties":{"name":"East Van Buren Street","highway":"primary","osm":"way/436774807"},"geometry":{"type":"LineString","coordinates":[[-111.99556,33.45125],[-111.99631,33.45125]]}},{"type":"Feature","properties":{"name":"East Van Buren Street","highway":"primary","osm":"way/436774808"},"geometry":{"type":"LineString","coordinates":[[-111.99434,33.45124],[-111.99508,33.45125]]}},{"type":"Feature","properties":{"name":"East Van Buren Street","highway":"primary","osm":"way/436774809"},"geometry":{"type":"LineString","coordinates":[[-112.01235,33.4513],[-112.01292,33.4513]]}},{"type":"Feature","properties":{"name":"East Van Buren Street","highway":"primary","osm":"way/436774810"},"geometry":{"type":"LineString","coordinates":[[-112.01292,33.4513],[-112.01389,33.45129]]}},{"type":"Feature","properties":{"name":"North 32nd Street","highway":"secondary","osm":"way/436774816"},"geometry":{"type":"LineString","coordinates":[[-112.01292,33.4513],[-112.01292,33.45213]]}},{"type":"Feature","properties":{"name":"North 32nd Street","highway":"secondary","osm":"way/436774817"},"geometry":{"type":"LineString","coordinates":[[-112.01291,33.44827],[-112.01292,33.44917]]}},{"type":"Feature","properties":{"name":"North 32nd Street","highway":"secondary","osm":"way/436774819"},"geometry":{"type":"LineString","coordinates":[[-112.01292,33.45057],[-112.01292,33.4513]]}},{"type":"Feature","properties":{"name":"North 40th Street","highway":"secondary","osm":"way/436774824"},"geometry":{"type":"LineString","coordinates":[[-111.99538,33.44934],[-111.99535,33.45014]]}},{"type":"Feature","properties":{"name":"North 40th Street","highway":"secondary","osm":"way/436774826"},"geometry":{"type":"LineString","coordinates":[[-111.99532,33.45112],[-111.99532,33.45125]]}},{"type":"Feature","properties":{"name":"North 40th Street","highway":"secondary","osm":"way/436774827"},"geometry":{"type":"LineString","coordinates":[[-111.99535,33.45014],[-111.99534,33.4505]]}},{"type":"Feature","properties":{"name":"North 40th Street","highway":"secondary","osm":"way/436774830"},"geometry":{"type":"LineString","coordinates":[[-111.99534,33.4505],[-111.99532,33.45112]]}},{"type":"Feature","properties":{"name":"East Indian School Road","highway":"secondary","osm":"way/436780543"},"geometry":{"type":"LineString","coordinates":[[-112.06992,33.4948],[-112.06943,33.4948]]}},{"type":"Feature","properties":{"name":"East Indian School Road","highway":"secondary","osm":"way/436780544"},"geometry":{"type":"LineString","coordinates":[[-112.07368,33.4948],[-112.0729,33.49481]]}},{"type":"Feature","properties":{"name":"East Indian School Road","highway":"secondary","osm":"way/436780545"},"geometry":{"type":"LineString","coordinates":[[-112.06943,33.4948],[-112.06847,33.49478]]}},{"type":"Feature","properties":{"name":"East Indian School Road","highway":"secondary","osm":"way/436780546"},"geometry":{"type":"LineString","coordinates":[[-112.06597,33.49476],[-112.06518,33.49474]]}},{"type":"Feature","properties":{"name":"East Indian School Road","highway":"secondary","osm":"way/436780547"},"geometry":{"type":"LineString","coordinates":[[-112.06847,33.49478],[-112.06597,33.49476]]}},{"type":"Feature","properties":{"name":"East Indian School Road","highway":"secondary","osm":"way/436780548"},"geometry":{"type":"LineString","coordinates":[[-112.0729,33.49481],[-112.07164,33.4948]]}},{"type":"Feature","properties":{"name":"East Indian School Road","highway":"secondary","osm":"way/436780549"},"geometry":{"type":"LineString","coordinates":[[-112.0641,33.49473],[-112.05694,33.49473]]}},{"type":"Feature","properties":{"name":"East Osborn Road","highway":"secondary","osm":"way/436780550"},"geometry":{"type":"LineString","coordinates":[[-112.07369,33.48754],[-112.07324,33.48754]]}},{"type":"Feature","properties":{"name":"East Osborn Road","highway":"secondary","osm":"way/436780551"},"geometry":{"type":"LineString","coordinates":[[-112.07324,33.48754],[-112.07014,33.4875]]}},{"type":"Feature","properties":{"name":"East Osborn Road","highway":"secondary","osm":"way/436780552"},"geometry":{"type":"LineString","coordinates":[[-112.06944,33.48749],[-112.06876,33.48748]]}},{"type":"Feature","properties":{"name":"East Osborn Road","highway":"secondary","osm":"way/436780553"},"geometry":{"type":"LineString","coordinates":[[-112.07014,33.4875],[-112.06944,33.48749]]}},{"type":"Feature","properties":{"name":"East Osborn Road","highway":"secondary","osm":"way/436780554"},"geometry":{"type":"LineString","coordinates":[[-112.06439,33.48747],[-112.06029,33.48746]]}},{"type":"Feature","properties":{"name":"East Osborn Road","highway":"secondary","osm":"way/436780555"},"geometry":{"type":"LineString","coordinates":[[-112.06575,33.48747],[-112.0652,33.48747]]}},{"type":"Feature","properties":{"name":"East Osborn Road","highway":"secondary","osm":"way/436780556"},"geometry":{"type":"LineString","coordinates":[[-112.06876,33.48748],[-112.06575,33.48747]]}},{"type":"Feature","properties":{"name":"North Central Avenue","highway":"primary","osm":"way/436780557"},"geometry":{"type":"LineString","coordinates":[[-112.07389,33.50256],[-112.0739,33.50207]]}},{"type":"Feature","properties":{"name":"North Central Avenue","highway":"primary","osm":"way/436780558"},"geometry":{"type":"LineString","coordinates":[[-112.07373,33.49238],[-112.07372,33.49341]]}},{"type":"Feature","properties":{"name":"North Central Avenue","highway":"primary","osm":"way/436780559"},"geometry":{"type":"LineString","coordinates":[[-112.07394,33.49321],[-112.07393,33.49239]]}},{"type":"Feature","properties":{"name":"North Central Avenue","highway":"primary","osm":"way/436780560"},"geometry":{"type":"LineString","coordinates":[[-112.07388,33.50281],[-112.07389,33.50256]]}},{"type":"Feature","properties":{"name":"North Central Avenue","highway":"primary","osm":"way/436780561"},"geometry":{"type":"LineString","coordinates":[[-112.07392,33.48836],[-112.07393,33.48754]]}},{"type":"Feature","properties":{"name":"North Central Avenue","highway":"primary","osm":"way/436780562"},"geometry":{"type":"LineString","coordinates":[[-112.0739,33.49886],[-112.0739,33.49795]]}},{"type":"Feature","properties":{"name":"North Central Avenue","highway":"primary","osm":"way/436780563"},"geometry":{"type":"LineString","coordinates":[[-112.07372,33.49155],[-112.07373,33.49238]]}},{"type":"Feature","properties":{"name":"North Central Avenue","highway":"primary","osm":"way/436780564"},"geometry":{"type":"LineString","coordinates":[[-112.07365,33.50137],[-112.07365,33.50211]]}},{"type":"Feature","properties":{"name":"North Central Avenue","highway":"primary","osm":"way/436780565"},"geometry":{"type":"LineString","coordinates":[[-112.07369,33.48754],[-112.07369,33.48887]]}},{"type":"Feature","properties":{"name":"North Central Avenue","highway":"primary","osm":"way/436780566"},"geometry":{"type":"LineString","coordinates":[[-112.07369,33.49708],[-112.0737,33.49801]]}},{"type":"Feature","properties":{"name":"North Central Avenue","highway":"primary","osm":"way/436780567"},"geometry":{"type":"LineString","coordinates":[[-112.07369,33.48887],[-112.0737,33.48967]]}},{"type":"Feature","properties":{"name":"North Central Avenue","highway":"primary","osm":"way/436780568"},"geometry":{"type":"LineString","coordinates":[[-112.07368,33.48669],[-112.07369,33.48754]]}},{"type":"Feature","properties":{"name":"North Central Avenue","highway":"primary","osm":"way/436780569"},"geometry":{"type":"LineString","coordinates":[[-112.07392,33.49046],[-112.07391,33.48966]]}},{"type":"Feature","properties":{"name":"North Central Avenue","highway":"primary","osm":"way/436780570"},"geometry":{"type":"LineString","coordinates":[[-112.07391,33.49581],[-112.07391,33.4948]]}},{"type":"Feature","properties":{"name":"North Central Avenue","highway":"primary","osm":"way/436780571"},"geometry":{"type":"LineString","coordinates":[[-112.07391,33.4948],[-112.07394,33.49321]]}},{"type":"Feature","properties":{"name":"North Central Avenue","highway":"primary","osm":"way/436780572"},"geometry":{"type":"LineString","coordinates":[[-112.07391,33.48966],[-112.07392,33.48836]]}},{"type":"Feature","properties":{"name":"North Central Avenue","highway":"primary","osm":"way/436780573"},"geometry":{"type":"LineString","coordinates":[[-112.07393,33.49239],[-112.07392,33.49046]]}},{"type":"Feature","properties":{"name":"North Central Avenue","highway":"primary","osm":"way/436780574"},"geometry":{"type":"LineString","coordinates":[[-112.07372,33.4936],[-112.07368,33.4948]]}},{"type":"Feature","properties":{"name":"North Central Avenue","highway":"primary","osm":"way/436780575"},"geometry":{"type":"LineString","coordinates":[[-112.07387,33.50384],[-112.07388,33.50281]]}},{"type":"Feature","properties":{"name":"North Central Avenue","highway":"primary","osm":"way/436780576"},"geometry":{"type":"LineString","coordinates":[[-112.07368,33.4948],[-112.07369,33.49708]]}},{"type":"Feature","properties":{"name":"North Central Avenue","highway":"primary","osm":"way/436780577"},"geometry":{"type":"LineString","coordinates":[[-112.07365,33.50211],[-112.07369,33.50382]]}},{"type":"Feature","properties":{"name":"North Central Avenue","highway":"primary","osm":"way/436780578"},"geometry":{"type":"LineString","coordinates":[[-112.0737,33.48967],[-112.07372,33.49155]]}},{"type":"Feature","properties":{"name":"North Central Avenue","highway":"primary","osm":"way/436780579"},"geometry":{"type":"LineString","coordinates":[[-112.0739,33.49795],[-112.07391,33.49581]]}},{"type":"Feature","properties":{"name":"North Central Avenue","highway":"primary","osm":"way/436780580"},"geometry":{"type":"LineString","coordinates":[[-112.0739,33.50207],[-112.0739,33.49886]]}},{"type":"Feature","properties":{"name":"North Central Avenue","highway":"primary","osm":"way/436780581"},"geometry":{"type":"LineString","coordinates":[[-112.0737,33.49801],[-112.07365,33.50137]]}},{"type":"Feature","properties":{"name":"West Indian School Road","highway":"secondary","osm":"way/436780582"},"geometry":{"type":"LineString","coordinates":[[-112.07735,33.49483],[-112.07602,33.49482]]}},{"type":"Feature","properties":{"name":"West Indian School Road","highway":"secondary","osm":"way/436780583"},"geometry":{"type":"LineString","coordinates":[[-112.07602,33.49482],[-112.07544,33.49482]]}},{"type":"Feature","properties":{"name":"West Indian School Road","highway":"secondary","osm":"way/436780584"},"geometry":{"type":"LineString","coordinates":[[-112.07819,33.49484],[-112.07735,33.49483]]}},{"type":"Feature","properties":{"name":"West Indian School Road","highway":"secondary","osm":"way/436780590"},"geometry":{"type":"LineString","coordinates":[[-112.07391,33.4948],[-112.0738,33.4948]]}},{"type":"Feature","properties":{"name":"West Indian School Road","highway":"secondary","osm":"way/436780596"},"geometry":{"type":"LineString","coordinates":[[-112.07477,33.49481],[-112.07391,33.4948]]}},{"type":"Feature","properties":{"name":"West Indian School Road","highway":"secondary","osm":"way/436780601"},"geometry":{"type":"LineString","coordinates":[[-112.07544,33.49482],[-112.075,33.49482]]}},{"type":"Feature","properties":{"name":"West Indian School Road","highway":"secondary","osm":"way/436780606"},"geometry":{"type":"LineString","coordinates":[[-112.07875,33.49484],[-112.07819,33.49484]]}},{"type":"Feature","properties":{"name":"North 15th Avenue","highway":"tertiary","osm":"way/436781501"},"geometry":{"type":"LineString","coordinates":[[-112.09132,33.49594],[-112.0913,33.50043]]}},{"type":"Feature","properties":{"name":"West Indian School Road","highway":"secondary","osm":"way/436781513"},"geometry":{"type":"LineString","coordinates":[[-112.08349,33.49488],[-112.08276,33.49487]]}},{"type":"Feature","properties":{"name":"West Indian School Road","highway":"secondary","osm":"way/436781515"},"geometry":{"type":"LineString","coordinates":[[-112.09202,33.49494],[-112.09189,33.49494]]}},{"type":"Feature","properties":{"name":"West Indian School Road","highway":"secondary","osm":"way/436781516"},"geometry":{"type":"LineString","coordinates":[[-112.09133,33.49494],[-112.09054,33.49493]]}},{"type":"Feature","properties":{"name":"West Indian School Road","highway":"secondary","osm":"way/436781517"},"geometry":{"type":"LineString","coordinates":[[-112.084,33.49489],[-112.08349,33.49488]]}},{"type":"Feature","properties":{"name":"West Indian School Road","highway":"secondary","osm":"way/436781519"},"geometry":{"type":"LineString","coordinates":[[-112.09852,33.49501],[-112.09253,33.49495]]}},{"type":"Feature","properties":{"name":"West Indian School Road","highway":"secondary","osm":"way/436781523"},"geometry":{"type":"LineString","coordinates":[[-112.09054,33.49493],[-112.08663,33.4949]]}},{"type":"Feature","properties":{"name":"East Thomas Road","highway":"secondary","osm":"way/436782156"},"geometry":{"type":"LineString","coordinates":[[-112.07375,33.48025],[-112.07367,33.48025]]}},{"type":"Feature","properties":{"name":"East Thomas Road","highway":"secondary","osm":"way/436782159"},"geometry":{"type":"LineString","coordinates":[[-112.06494,33.48021],[-112.06417,33.48022]]}},{"type":"Feature","properties":{"name":"East Thomas Road","highway":"secondary","osm":"way/436782164"},"geometry":{"type":"LineString","coordinates":[[-112.06946,33.48024],[-112.06878,33.48024]]}},{"type":"Feature","properties":{"name":"East Thomas Road","highway":"secondary","osm":"way/436782165"},"geometry":{"type":"LineString","coordinates":[[-112.06614,33.48022],[-112.06524,33.48021]]}},{"type":"Feature","properties":{"name":"East Thomas Road","highway":"secondary","osm":"way/436782166"},"geometry":{"type":"LineString","coordinates":[[-112.07012,33.48024],[-112.06946,33.48024]]}},{"type":"Feature","properties":{"name":"East Thomas Road","highway":"secondary","osm":"way/436782167"},"geometry":{"type":"LineString","coordinates":[[-112.06878,33.48024],[-112.06614,33.48022]]}},{"type":"Feature","properties":{"name":"East Thomas Road","highway":"secondary","osm":"way/436782168"},"geometry":{"type":"LineString","coordinates":[[-112.07277,33.48024],[-112.07185,33.48025]]}},{"type":"Feature","properties":{"name":"North Central Avenue","highway":"primary","osm":"way/436782169"},"geometry":{"type":"LineString","coordinates":[[-112.07372,33.47664],[-112.0737,33.479]]}},{"type":"Feature","properties":{"name":"North Central Avenue","highway":"primary","osm":"way/436782170"},"geometry":{"type":"LineString","coordinates":[[-112.07373,33.47113],[-112.0737,33.47241]]}},{"type":"Feature","properties":{"name":"North Central Avenue","highway":"primary","osm":"way/436782171"},"geometry":{"type":"LineString","coordinates":[[-112.07369,33.47292],[-112.07372,33.47584]]}},{"type":"Feature","properties":{"name":"North Central Avenue","highway":"primary","osm":"way/436782172"},"geometry":{"type":"LineString","coordinates":[[-112.07394,33.47664],[-112.07394,33.4738]]}},{"type":"Feature","properties":{"name":"North Central Avenue","highway":"primary","osm":"way/436782173"},"geometry":{"type":"LineString","coordinates":[[-112.07373,33.46815],[-112.07372,33.46887]]}},{"type":"Feature","properties":{"name":"North Central Avenue","highway":"primary","osm":"way/436782174"},"geometry":{"type":"LineString","coordinates":[[-112.07393,33.46943],[-112.07393,33.46881]]}},{"type":"Feature","properties":{"name":"North Central Avenue","highway":"primary","osm":"way/436782175"},"geometry":{"type":"LineString","coordinates":[[-112.07372,33.46887],[-112.07372,33.46942]]}},{"type":"Feature","properties":{"name":"North Central Avenue","highway":"primary","osm":"way/436782176"},"geometry":{"type":"LineString","coordinates":[[-112.07393,33.46999],[-112.07393,33.46943]]}},{"type":"Feature","properties":{"name":"North Central Avenue","highway":"primary","osm":"way/436782177"},"geometry":{"type":"LineString","coordinates":[[-112.07394,33.4738],[-112.07392,33.47292]]}},{"type":"Feature","properties":{"name":"North Central Avenue","highway":"primary","osm":"way/436782178"},"geometry":{"type":"LineString","coordinates":[[-112.07394,33.47748],[-112.07394,33.47664]]}},{"type":"Feature","properties":{"name":"North Central Avenue","highway":"primary","osm":"way/436782179"},"geometry":{"type":"LineString","coordinates":[[-112.07371,33.48322],[-112.07371,33.48388]]}},{"type":"Feature","properties":{"name":"North Central Avenue","highway":"primary","osm":"way/436782180"},"geometry":{"type":"LineString","coordinates":[[-112.07372,33.47584],[-112.07372,33.47664]]}},{"type":"Feature","properties":{"name":"North Central Avenue","highway":"primary","osm":"way/436782181"},"geometry":{"type":"LineString","coordinates":[[-112.07393,33.48471],[-112.07393,33.48388]]}},{"type":"Feature","properties":{"name":"North Central Avenue","highway":"primary","osm":"way/436782182"},"geometry":{"type":"LineString","coordinates":[[-112.07394,33.48309],[-112.07392,33.48259]]}},{"type":"Feature","properties":{"name":"North Central Avenue","highway":"primary","osm":"way/436782183"},"geometry":{"type":"LineString","coordinates":[[-112.07393,33.48388],[-112.07394,33.48309]]}},{"type":"Feature","properties":{"name":"North Central Avenue","highway":"primary","osm":"way/436782184"},"geometry":{"type":"LineString","coordinates":[[-112.07391,33.48224],[-112.07391,33.48154]]}},{"type":"Feature","properties":{"name":"North Central Avenue","highway":"primary","osm":"way/436782185"},"geometry":{"type":"LineString","coordinates":[[-112.0737,33.479],[-112.07367,33.48025]]}},{"type":"Feature","properties":{"name":"North Central Avenue","highway":"primary","osm":"way/436782186"},"geometry":{"type":"LineString","coordinates":[[-112.0737,33.47241],[-112.07369,33.47292]]}},{"type":"Feature","properties":{"name":"North Central Avenue","highway":"primary","osm":"way/436782187"},"geometry":{"type":"LineString","coordinates":[[-112.07391,33.48154],[-112.07391,33.48025]]}},{"type":"Feature","properties":{"name":"North Central Avenue","highway":"primary","osm":"way/436782188"},"geometry":{"type":"LineString","coordinates":[[-112.07367,33.48025],[-112.07371,33.48322]]}},{"type":"Feature","properties":{"name":"North Central Avenue","highway":"primary","osm":"way/436782189"},"geometry":{"type":"LineString","coordinates":[[-112.07391,33.48025],[-112.07394,33.47748]]}},{"type":"Feature","properties":{"name":"North Central Avenue","highway":"primary","osm":"way/436782190"},"geometry":{"type":"LineString","coordinates":[[-112.07392,33.47292],[-112.07393,33.46999]]}},{"type":"Feature","properties":{"name":"West Thomas Road","highway":"secondary","osm":"way/436782191"},"geometry":{"type":"LineString","coordinates":[[-112.07451,33.48025],[-112.07461,33.48025]]}},{"type":"Feature","properties":{"name":"West Thomas Road","highway":"secondary","osm":"way/436782192"},"geometry":{"type":"LineString","coordinates":[[-112.07461,33.48025],[-112.07505,33.48025]]}},{"type":"Feature","properties":{"name":"West Thomas Road","highway":"secondary","osm":"way/436782193"},"geometry":{"type":"LineString","coordinates":[[-112.07826,33.48029],[-112.07875,33.48029]]}},{"type":"Feature","properties":{"name":"West Thomas Road","highway":"secondary","osm":"way/436782194"},"geometry":{"type":"LineString","coordinates":[[-112.07875,33.48029],[-112.07914,33.4803]]}},{"type":"Feature","properties":{"name":"West Thomas Road","highway":"secondary","osm":"way/436782195"},"geometry":{"type":"LineString","coordinates":[[-112.07956,33.4803],[-112.07993,33.4803]]}},{"type":"Feature","properties":{"name":"West Thomas Road","highway":"secondary","osm":"way/436782196"},"geometry":{"type":"LineString","coordinates":[[-112.07993,33.4803],[-112.08045,33.48031]]}},{"type":"Feature","properties":{"name":"West Thomas Road","highway":"secondary","osm":"way/436782197"},"geometry":{"type":"LineString","coordinates":[[-112.07914,33.4803],[-112.07956,33.4803]]}},{"type":"Feature","properties":{"name":"West Thomas Road","highway":"secondary","osm":"way/436782198"},"geometry":{"type":"LineString","coordinates":[[-112.07748,33.48028],[-112.07821,33.48028]]}},{"type":"Feature","properties":{"name":"West Thomas Road","highway":"secondary","osm":"way/436782199"},"geometry":{"type":"LineString","coordinates":[[-112.0822,33.48033],[-112.08288,33.48034]]}},{"type":"Feature","properties":{"name":"West Thomas Road","highway":"secondary","osm":"way/436782200"},"geometry":{"type":"LineString","coordinates":[[-112.07375,33.48025],[-112.07391,33.48025]]}},{"type":"Feature","properties":{"name":"West Thomas Road","highway":"secondary","osm":"way/436782201"},"geometry":{"type":"LineString","coordinates":[[-112.08045,33.48031],[-112.08113,33.48032]]}},{"type":"Feature","properties":{"name":"East Indian School Road","highway":"secondary","osm":"way/436784619"},"geometry":{"type":"LineString","coordinates":[[-112.04665,33.49472],[-112.04572,33.49474]]}},{"type":"Feature","properties":{"name":"East Indian School Road","highway":"secondary","osm":"way/436784624"},"geometry":{"type":"LineString","coordinates":[[-112.04867,33.49472],[-112.04765,33.49464]]}},{"type":"Feature","properties":{"name":"East Indian School Road","highway":"secondary","osm":"way/436784630"},"geometry":{"type":"LineString","coordinates":[[-112.05634,33.49472],[-112.0557,33.49473]]}},{"type":"Feature","properties":{"name":"East Indian School Road","highway":"secondary","osm":"way/436784632"},"geometry":{"type":"LineString","coordinates":[[-112.05694,33.49473],[-112.05634,33.49472]]}},{"type":"Feature","properties":{"name":"East Indian School Road","highway":"secondary","osm":"way/436784634"},"geometry":{"type":"LineString","coordinates":[[-112.04765,33.49464],[-112.04725,33.49472]]}},{"type":"Feature","properties":{"name":"East Indian School Road","highway":"secondary","osm":"way/436784635"},"geometry":{"type":"LineString","coordinates":[[-112.0557,33.49473],[-112.04899,33.49472]]}},{"type":"Feature","properties":{"name":"East Osborn Road","highway":"secondary","osm":"way/436784636"},"geometry":{"type":"LineString","coordinates":[[-112.05202,33.48741],[-112.04844,33.48742]]}},{"type":"Feature","properties":{"name":"East Osborn Road","highway":"secondary","osm":"way/436784638"},"geometry":{"type":"LineString","coordinates":[[-112.05706,33.48745],[-112.05637,33.48743]]}},{"type":"Feature","properties":{"name":"North 16th Street","highway":"secondary","osm":"way/436784639"},"geometry":{"type":"LineString","coordinates":[[-112.04757,33.50606],[-112.04757,33.50747]]}},{"type":"Feature","properties":{"name":"North 16th Street","highway":"secondary","osm":"way/436784641"},"geometry":{"type":"LineString","coordinates":[[-112.04764,33.49376],[-112.04765,33.49388]]}},{"type":"Feature","properties":{"name":"North 16th Street","highway":"secondary","osm":"way/436784642"},"geometry":{"type":"LineString","coordinates":[[-112.04768,33.48678],[-112.04768,33.48743]]}},{"type":"Feature","properties":{"name":"North 16th Street","highway":"secondary","osm":"way/436784643"},"geometry":{"type":"LineString","coordinates":[[-112.04768,33.48743],[-112.04767,33.48799]]}},{"type":"Feature","properties":{"name":"North 16th Street","highway":"secondary","osm":"way/436784644"},"geometry":{"type":"LineString","coordinates":[[-112.04759,33.50197],[-112.04759,33.50254]]}},{"type":"Feature","properties":{"name":"North 16th Street","highway":"secondary","osm":"way/436784645"},"geometry":{"type":"LineString","coordinates":[[-112.04765,33.49478],[-112.04764,33.49557]]}},{"type":"Feature","properties":{"name":"North 16th Street","highway":"secondary","osm":"way/436784646"},"geometry":{"type":"LineString","coordinates":[[-112.04765,33.49388],[-112.04765,33.49464]]}},{"type":"Feature","properties":{"name":"North 16th Street","highway":"secondary","osm":"way/436784647"},"geometry":{"type":"LineString","coordinates":[[-112.0476,33.50146],[-112.04759,33.50197]]}},{"type":"Feature","properties":{"name":"East Camelback Road","highway":"primary","osm":"way/436788649"},"geometry":{"type":"LineString","coordinates":[[-112.04653,33.50924],[-112.04631,33.50924]]}},{"type":"Feature","properties":{"name":"East Camelback Road","highway":"primary","osm":"way/436788653"},"geometry":{"type":"LineString","coordinates":[[-112.0569,33.50922],[-112.05628,33.50921]]}},{"type":"Feature","properties":{"name":"East Camelback Road","highway":"primary","osm":"way/436788654"},"geometry":{"type":"LineString","coordinates":[[-112.05628,33.50921],[-112.05565,33.50921]]}},{"type":"Feature","properties":{"name":"East Camelback Road","highway":"primary","osm":"way/436788655"},"geometry":{"type":"LineString","coordinates":[[-112.04835,33.50923],[-112.04755,33.50923]]}},{"type":"Feature","properties":{"name":"East Camelback Road","highway":"primary","osm":"way/436788658"},"geometry":{"type":"LineString","coordinates":[[-112.04755,33.50923],[-112.04653,33.50924]]}},{"type":"Feature","properties":{"name":"East Camelback Road","highway":"primary","osm":"way/436788659"},"geometry":{"type":"LineString","coordinates":[[-112.05533,33.50921],[-112.04835,33.50923]]}},{"type":"Feature","properties":{"name":"East Colter Street","highway":"secondary","osm":"way/436788661"},"geometry":{"type":"LineString","coordinates":[[-112.04514,33.51289],[-112.04479,33.5129]]}},{"type":"Feature","properties":{"name":"East Colter Street","highway":"secondary","osm":"way/436788662"},"geometry":{"type":"LineString","coordinates":[[-112.04755,33.51288],[-112.04671,33.51288]]}},{"type":"Feature","properties":{"name":"East Highland Avenue","highway":"secondary","osm":"way/436788666"},"geometry":{"type":"LineString","coordinates":[[-112.04586,33.50561],[-112.04538,33.50561]]}},{"type":"Feature","properties":{"name":"East Highland Avenue","highway":"secondary","osm":"way/436788671"},"geometry":{"type":"LineString","coordinates":[[-112.04677,33.50561],[-112.04586,33.50561]]}},{"type":"Feature","properties":{"name":"East Highland Avenue","highway":"secondary","osm":"way/436788675"},"geometry":{"type":"LineString","coordinates":[[-112.04493,33.50566],[-112.04538,33.50561]]}},{"type":"Feature","properties":{"name":"North 16th Street","highway":"secondary","osm":"way/436788682"},"geometry":{"type":"LineString","coordinates":[[-112.04755,33.51288],[-112.04756,33.51299]]}},{"type":"Feature","properties":{"name":"North 16th Street","highway":"secondary","osm":"way/436788683"},"geometry":{"type":"LineString","coordinates":[[-112.04757,33.50747],[-112.04757,33.50786]]}},{"type":"Feature","properties":{"name":"North 16th Street","highway":"secondary","osm":"way/436788685"},"geometry":{"type":"LineString","coordinates":[[-112.04758,33.50561],[-112.04757,33.50606]]}},{"type":"Feature","properties":{"name":"North 16th Street","highway":"secondary","osm":"way/436788686"},"geometry":{"type":"LineString","coordinates":[[-112.04757,33.50808],[-112.04756,33.50839]]}},{"type":"Feature","properties":{"name":"North 16th Street","highway":"secondary","osm":"way/436788688"},"geometry":{"type":"LineString","coordinates":[[-112.04758,33.50506],[-112.04758,33.50561]]}},{"type":"Feature","properties":{"name":"North 16th Street","highway":"secondary","osm":"way/436788689"},"geometry":{"type":"LineString","coordinates":[[-112.04755,33.50923],[-112.04756,33.5098]]}},{"type":"Feature","properties":{"name":"North 16th Street","highway":"secondary","osm":"way/436788690"},"geometry":{"type":"LineString","coordinates":[[-112.04756,33.51299],[-112.04756,33.51309]]}},{"type":"Feature","properties":{"name":"North 16th Street","highway":"secondary","osm":"way/436788691"},"geometry":{"type":"LineString","coordinates":[[-112.04759,33.50254],[-112.04758,33.50506]]}},{"type":"Feature","properties":{"name":"North 16th Street","highway":"secondary","osm":"way/436788692"},"geometry":{"type":"LineString","coordinates":[[-112.04756,33.50839],[-112.04755,33.50923]]}},{"type":"Feature","properties":{"name":"South 7th Street","highway":"primary","osm":"way/436794304"},"geometry":{"type":"LineString","coordinates":[[-112.06531,33.44026],[-112.06528,33.43993]]}},{"type":"Feature","properties":{"name":"South 7th Street","highway":"primary","osm":"way/436794305"},"geometry":{"type":"LineString","coordinates":[[-112.0654,33.44127],[-112.06537,33.44094]]}},{"type":"Feature","properties":{"name":"South 7th Street","highway":"primary","osm":"way/436794308"},"geometry":{"type":"LineString","coordinates":[[-112.06505,33.43845],[-112.06505,33.43872]]}},{"type":"Feature","properties":{"name":"South 7th Street","highway":"primary","osm":"way/436794309"},"geometry":{"type":"LineString","coordinates":[[-112.06514,33.44055],[-112.06517,33.44094]]}},{"type":"Feature","properties":{"name":"South 7th Street","highway":"primary","osm":"way/436794320"},"geometry":{"type":"LineString","coordinates":[[-112.06501,33.44655],[-112.065,33.44665]]}},{"type":"Feature","properties":{"name":"South 7th Street","highway":"primary","osm":"way/436794325"},"geometry":{"type":"LineString","coordinates":[[-112.06505,33.43789],[-112.06505,33.43845]]}},{"type":"Feature","properties":{"name":"South 7th Street","highway":"primary","osm":"way/436794344"},"geometry":{"type":"LineString","coordinates":[[-112.06505,33.43758],[-112.06505,33.43789]]}},{"type":"Feature","properties":{"name":"South 7th Street","highway":"primary","osm":"way/436794369"},"geometry":{"type":"LineString","coordinates":[[-112.06524,33.43571],[-112.06523,33.43543]]}},{"type":"Feature","properties":{"name":"South 7th Street","highway":"primary","osm":"way/436794380"},"geometry":{"type":"LineString","coordinates":[[-112.06508,33.43962],[-112.06509,33.43993]]}},{"type":"Feature","properties":{"name":"South 7th Street","highway":"primary","osm":"way/436794390"},"geometry":{"type":"LineString","coordinates":[[-112.06524,33.43683],[-112.06524,33.43571]]}},{"type":"Feature","properties":{"name":"South 7th Street","highway":"primary","osm":"way/436794392"},"geometry":{"type":"LineString","coordinates":[[-112.0652,33.44721],[-112.0652,33.4471]]}},{"type":"Feature","properties":{"name":"South 7th Street","highway":"primary","osm":"way/436794393"},"geometry":{"type":"LineString","coordinates":[[-112.06505,33.43614],[-112.06506,33.43683]]}},{"type":"Feature","properties":{"name":"South 7th Street","highway":"primary","osm":"way/436794395"},"geometry":{"type":"LineString","coordinates":[[-112.06524,33.43827],[-112.06524,33.43788]]}},{"type":"Feature","properties":{"name":"South 7th Street","highway":"primary","osm":"way/436794398"},"geometry":{"type":"LineString","coordinates":[[-112.06504,33.43424],[-112.06505,33.43614]]}},{"type":"Feature","properties":{"name":"South 7th Street","highway":"primary","osm":"way/436794399"},"geometry":{"type":"LineString","coordinates":[[-112.06524,33.43788],[-112.06524,33.43738]]}},{"type":"Feature","properties":{"name":"South 7th Street","highway":"primary","osm":"way/436794401"},"geometry":{"type":"LineString","coordinates":[[-112.06509,33.43993],[-112.06514,33.44055]]}},{"type":"Feature","properties":{"name":"South 7th Street","highway":"primary","osm":"way/436794402"},"geometry":{"type":"LineString","coordinates":[[-112.06523,33.43543],[-112.06523,33.43451]]}},{"type":"Feature","properties":{"name":"South 7th Street","highway":"primary","osm":"way/436794404"},"geometry":{"type":"LineString","coordinates":[[-112.06517,33.44094],[-112.06523,33.44156]]}},{"type":"Feature","properties":{"name":"South 7th Street","highway":"primary","osm":"way/436794405"},"geometry":{"type":"LineString","coordinates":[[-112.06499,33.44735],[-112.06501,33.44823]]}},{"type":"Feature","properties":{"name":"South 7th Street","highway":"primary","osm":"way/436794406"},"geometry":{"type":"LineString","coordinates":[[-112.06506,33.43683],[-112.06505,33.43758]]}},{"type":"Feature","properties":{"name":"South 7th Street","highway":"primary","osm":"way/436794408"},"geometry":{"type":"LineString","coordinates":[[-112.0655,33.44283],[-112.06547,33.44235]]}},{"type":"Feature","properties":{"name":"South 7th Street","highway":"primary","osm":"way/436794410"},"geometry":{"type":"LineString","coordinates":[[-112.06548,33.44337],[-112.0655,33.44283]]}},{"type":"Feature","properties":{"name":"South 7th Street","highway":"primary","osm":"way/436794411"},"geometry":{"type":"LineString","coordinates":[[-112.06537,33.44094],[-112.06531,33.44026]]}},{"type":"Feature","properties":{"name":"South 7th Street","highway":"primary","osm":"way/436794412"},"geometry":{"type":"LineString","coordinates":[[-112.06524,33.43738],[-112.06524,33.43712]]}},{"type":"Feature","properties":{"name":"South 7th Street","highway":"primary","osm":"way/436794413"},"geometry":{"type":"LineString","coordinates":[[-112.06521,33.4481],[-112.0652,33.44721]]}},{"type":"Feature","properties":{"name":"North 7th Street","highway":"primary","osm":"way/436794414"},"geometry":{"type":"LineString","coordinates":[[-112.06511,33.44882],[-112.06521,33.44839]]}},{"type":"Feature","properties":{"name":"South 7th Street","highway":"primary","osm":"way/436794415"},"geometry":{"type":"LineString","coordinates":[[-112.06505,33.43872],[-112.06508,33.43962]]}},{"type":"Feature","properties":{"name":"South 7th Street","highway":"primary","osm":"way/436794416"},"geometry":{"type":"LineString","coordinates":[[-112.06528,33.43993],[-112.06524,33.43902]]}},{"type":"Feature","properties":{"name":"East Thomas Road","highway":"secondary","osm":"way/436795051"},"geometry":{"type":"LineString","coordinates":[[-112.05637,33.48022],[-112.05577,33.48022]]}},{"type":"Feature","properties":{"name":"East Thomas Road","highway":"secondary","osm":"way/436795053"},"geometry":{"type":"LineString","coordinates":[[-112.04764,33.48022],[-112.04742,33.48022]]}},{"type":"Feature","properties":{"name":"East Thomas Road","highway":"secondary","osm":"way/436795055"},"geometry":{"type":"LineString","coordinates":[[-112.04869,33.48022],[-112.04764,33.48022]]}},{"type":"Feature","properties":{"name":"East Thomas Road","highway":"secondary","osm":"way/436795056"},"geometry":{"type":"LineString","coordinates":[[-112.05106,33.48022],[-112.04869,33.48022]]}},{"type":"Feature","properties":{"name":"North 16th Street","highway":"secondary","osm":"way/436795057"},"geometry":{"type":"LineString","coordinates":[[-112.04766,33.47343],[-112.04765,33.47935]]}},{"type":"Feature","properties":{"name":"North 16th Street","highway":"secondary","osm":"way/436795058"},"geometry":{"type":"LineString","coordinates":[[-112.04767,33.47245],[-112.04766,33.47292]]}},{"type":"Feature","properties":{"name":"North 16th Street","highway":"secondary","osm":"way/436795060"},"geometry":{"type":"LineString","coordinates":[[-112.04766,33.47292],[-112.04766,33.47343]]}},{"type":"Feature","properties":{"name":"North 16th Street","highway":"secondary","osm":"way/436795066"},"geometry":{"type":"LineString","coordinates":[[-112.04764,33.48022],[-112.04765,33.48095]]}},{"type":"Feature","properties":{"name":"North 16th Street","highway":"secondary","osm":"way/436795067"},"geometry":{"type":"LineString","coordinates":[[-112.04765,33.47935],[-112.04764,33.48022]]}},{"type":"Feature","properties":{"name":"East Washington Street","highway":"primary","osm":"way/436795273"},"geometry":{"type":"LineString","coordinates":[[-112.06114,33.44834],[-112.06184,33.44834]]}},{"type":"Feature","properties":{"name":"East Washington Street","highway":"primary","osm":"way/436795274"},"geometry":{"type":"LineString","coordinates":[[-112.06366,33.44825],[-112.06397,33.44825]]}},{"type":"Feature","properties":{"name":"East Washington Street","highway":"primary","osm":"way/436795275"},"geometry":{"type":"LineString","coordinates":[[-112.0621,33.44834],[-112.06226,33.44834]]}},{"type":"Feature","properties":{"name":"East Washington Street","highway":"primary","osm":"way/436795276"},"geometry":{"type":"LineString","coordinates":[[-112.06909,33.44824],[-112.06995,33.44824]]}},{"type":"Feature","properties":{"name":"East Washington Street","highway":"primary","osm":"way/436795277"},"geometry":{"type":"LineString","coordinates":[[-112.06631,33.44822],[-112.06748,33.44824]]}},{"type":"Feature","properties":{"name":"East Washington Street","highway":"primary","osm":"way/436795278"},"geometry":{"type":"LineString","coordinates":[[-112.06462,33.44824],[-112.06501,33.44823]]}},{"type":"Feature","properties":{"name":"East Washington Street","highway":"primary","osm":"way/436795279"},"geometry":{"type":"LineString","coordinates":[[-112.06995,33.44824],[-112.07073,33.44824]]}},{"type":"Feature","properties":{"name":"East Washington Street","highway":"primary","osm":"way/436795280"},"geometry":{"type":"LineString","coordinates":[[-112.07073,33.44824],[-112.07126,33.44824]]}},{"type":"Feature","properties":{"name":"East Washington Street","highway":"primary","osm":"way/436795281"},"geometry":{"type":"LineString","coordinates":[[-112.06501,33.44823],[-112.06581,33.44822]]}},{"type":"Feature","properties":{"name":"East Washington Street","highway":"primary","osm":"way/436795282"},"geometry":{"type":"LineString","coordinates":[[-112.06748,33.44824],[-112.06909,33.44824]]}},{"type":"Feature","properties":{"name":"West Washington Street","highway":"secondary","osm":"way/436795283"},"geometry":{"type":"LineString","coordinates":[[-112.082,33.44823],[-112.08257,33.44822]]}},{"type":"Feature","properties":{"name":"West Washington Street","highway":"secondary","osm":"way/436795284"},"geometry":{"type":"LineString","coordinates":[[-112.07836,33.44824],[-112.07897,33.44823]]}},{"type":"Feature","properties":{"name":"West Washington Street","highway":"secondary","osm":"way/436795286"},"geometry":{"type":"LineString","coordinates":[[-112.07476,33.44823],[-112.0751,33.44823]]}},{"type":"Feature","properties":{"name":"West Washington Street","highway":"secondary","osm":"way/436795290"},"geometry":{"type":"LineString","coordinates":[[-112.07445,33.44822],[-112.07476,33.44823]]}},{"type":"Feature","properties":{"name":"East Jefferson Street","highway":"primary","osm":"way/436796100"},"geometry":{"type":"LineString","coordinates":[[-112.07255,33.44712],[-112.07131,33.44683]]}},{"type":"Feature","properties":{"name":"East Jefferson Street","highway":"primary","osm":"way/436796101"},"geometry":{"type":"LineString","coordinates":[[-112.0652,33.44721],[-112.06499,33.44721]]}},{"type":"Feature","properties":{"name":"East Jefferson Street","highway":"primary","osm":"way/436796103"},"geometry":{"type":"LineString","coordinates":[[-112.06553,33.44709],[-112.0652,33.4471]]}},{"type":"Feature","properties":{"name":"East Jefferson Street","highway":"primary","osm":"way/436796105"},"geometry":{"type":"LineString","coordinates":[[-112.07385,33.44716],[-112.07382,33.44716]]}},{"type":"Feature","properties":{"name":"East Jefferson Street","highway":"primary","osm":"way/436796107"},"geometry":{"type":"LineString","coordinates":[[-112.06558,33.4472],[-112.0652,33.44721]]}},{"type":"Feature","properties":{"name":"East Jefferson Street","highway":"primary","osm":"way/436796109"},"geometry":{"type":"LineString","coordinates":[[-112.07315,33.44716],[-112.07255,33.44712]]}},{"type":"Feature","properties":{"name":"East Jefferson Street","highway":"primary","osm":"way/436796111"},"geometry":{"type":"LineString","coordinates":[[-112.06642,33.447],[-112.06558,33.4472]]}},{"type":"Feature","properties":{"name":"East Jefferson Street","highway":"primary","osm":"way/436796113"},"geometry":{"type":"LineString","coordinates":[[-112.07061,33.44659],[-112.06996,33.44641]]}},{"type":"Feature","properties":{"name":"West Jefferson Street","highway":"secondary","osm":"way/436796115"},"geometry":{"type":"LineString","coordinates":[[-112.07854,33.44713],[-112.07769,33.44715]]}},{"type":"Feature","properties":{"name":"West Jefferson Street","highway":"secondary","osm":"way/436796117"},"geometry":{"type":"LineString","coordinates":[[-112.07585,33.44718],[-112.07511,33.44716]]}},{"type":"Feature","properties":{"name":"North 1st Avenue","highway":"primary","osm":"way/436796536"},"geometry":{"type":"LineString","coordinates":[[-112.07511,33.44893],[-112.0751,33.44823]]}},{"type":"Feature","properties":{"name":"North 1st Avenue","highway":"primary","osm":"way/436796537"},"geometry":{"type":"LineString","coordinates":[[-112.07511,33.44971],[-112.0751,33.44931]]}},{"type":"Feature","properties":{"name":"North Central Avenue","highway":"primary","osm":"way/436796538"},"geometry":{"type":"LineString","coordinates":[[-112.07381,33.44882],[-112.07382,33.44931]]}},{"type":"Feature","properties":{"name":"North Central Avenue","highway":"primary","osm":"way/436796539"},"geometry":{"type":"LineString","coordinates":[[-112.07378,33.44838],[-112.07381,33.44882]]}},{"type":"Feature","properties":{"name":"South 1st Avenue","highway":"primary","osm":"way/436796540"},"geometry":{"type":"LineString","coordinates":[[-112.07511,33.44755],[-112.07511,33.44716]]}},{"type":"Feature","properties":{"name":"South Central Avenue","highway":"secondary","osm":"way/436796543"},"geometry":{"type":"LineString","coordinates":[[-112.07372,33.44166],[-112.07372,33.44218]]}},{"type":"Feature","properties":{"name":"East Buckeye Road","highway":"secondary","osm":"way/436797139"},"geometry":{"type":"LineString","coordinates":[[-112.07314,33.43682],[-112.06617,33.43683]]}},{"type":"Feature","properties":{"name":"East Buckeye Road","highway":"secondary","osm":"way/436797141"},"geometry":{"type":"LineString","coordinates":[[-112.06524,33.43683],[-112.06506,33.43683]]}},{"type":"Feature","properties":{"name":"East Buckeye Road","highway":"secondary","osm":"way/436797142"},"geometry":{"type":"LineString","coordinates":[[-112.0738,33.43683],[-112.07314,33.43682]]}},{"type":"Feature","properties":{"name":"East Buckeye Road","highway":"secondary","osm":"way/436797143"},"geometry":{"type":"LineString","coordinates":[[-112.06506,33.43683],[-112.064,33.43683]]}},{"type":"Feature","properties":{"name":"East Buckeye Road","highway":"secondary","osm":"way/436797144"},"geometry":{"type":"LineString","coordinates":[[-112.06617,33.43683],[-112.06524,33.43683]]}},{"type":"Feature","properties":{"name":"West Buckeye Road","highway":"secondary","osm":"way/436797145"},"geometry":{"type":"LineString","coordinates":[[-112.08416,33.43682],[-112.09063,33.43676]]}},{"type":"Feature","properties":{"name":"West Buckeye Road","highway":"secondary","osm":"way/436797147"},"geometry":{"type":"LineString","coordinates":[[-112.0817,33.43697],[-112.08192,33.4369]]}},{"type":"Feature","properties":{"name":"West Buckeye Road","highway":"secondary","osm":"way/436797148"},"geometry":{"type":"LineString","coordinates":[[-112.0738,33.43683],[-112.07443,33.43691]]}},{"type":"Feature","properties":{"name":"West Buckeye Road","highway":"secondary","osm":"way/436797149"},"geometry":{"type":"LineString","coordinates":[[-112.08192,33.4369],[-112.08254,33.43684]]}},{"type":"Feature","properties":{"name":"West Grant Street","highway":"secondary","osm":"way/436797150"},"geometry":{"type":"LineString","coordinates":[[-112.08324,33.44091],[-112.08692,33.4409]]}},{"type":"Feature","properties":{"name":"West Grant Street","highway":"secondary","osm":"way/436797152"},"geometry":{"type":"LineString","coordinates":[[-112.08186,33.44102],[-112.08254,33.44092]]}},{"type":"Feature","properties":{"name":"East Buckeye Road","highway":"secondary","osm":"way/436890757"},"geometry":{"type":"LineString","coordinates":[[-112.05136,33.4368],[-112.04963,33.4368]]}},{"type":"Feature","properties":{"name":"East Buckeye Road","highway":"secondary","osm":"way/436890759"},"geometry":{"type":"LineString","coordinates":[[-112.0423,33.43691],[-112.04242,33.43691]]}},{"type":"Feature","properties":{"name":"East Buckeye Road","highway":"secondary","osm":"way/436890760"},"geometry":{"type":"LineString","coordinates":[[-112.03916,33.43688],[-112.03957,33.43689]]}},{"type":"Feature","properties":{"name":"East Buckeye Road","highway":"secondary","osm":"way/436890763"},"geometry":{"type":"LineString","coordinates":[[-112.04063,33.43689],[-112.04098,33.43689]]}},{"type":"Feature","properties":{"name":"East Buckeye Road","highway":"secondary","osm":"way/436890764"},"geometry":{"type":"LineString","coordinates":[[-112.04567,33.43688],[-112.0467,33.43688]]}},{"type":"Feature","properties":{"name":"East Buckeye Road","highway":"secondary","osm":"way/436890765"},"geometry":{"type":"LineString","coordinates":[[-112.0389,33.43688],[-112.03916,33.43688]]}},{"type":"Feature","properties":{"name":"East Buckeye Road","highway":"secondary","osm":"way/436890766"},"geometry":{"type":"LineString","coordinates":[[-112.04512,33.43689],[-112.04567,33.43688]]}},{"type":"Feature","properties":{"name":"East Buckeye Road","highway":"secondary","osm":"way/436890767"},"geometry":{"type":"LineString","coordinates":[[-112.04883,33.43672],[-112.04777,33.43672]]}},{"type":"Feature","properties":{"name":"East Buckeye Road","highway":"secondary","osm":"way/436890768"},"geometry":{"type":"LineString","coordinates":[[-112.0444,33.43672],[-112.04346,33.43672]]}},{"type":"Feature","properties":{"name":"East Buckeye Road","highway":"secondary","osm":"way/436890769"},"geometry":{"type":"LineString","coordinates":[[-112.04242,33.43691],[-112.04328,33.43691]]}},{"type":"Feature","properties":{"name":"East Buckeye Road","highway":"secondary","osm":"way/436890771"},"geometry":{"type":"LineString","coordinates":[[-112.04092,33.43672],[-112.03894,33.43672]]}},{"type":"Feature","properties":{"name":"East Buckeye Road","highway":"secondary","osm":"way/436890772"},"geometry":{"type":"LineString","coordinates":[[-112.0521,33.4368],[-112.05136,33.4368]]}},{"type":"Feature","properties":{"name":"East Buckeye Road","highway":"secondary","osm":"way/436890773"},"geometry":{"type":"LineString","coordinates":[[-112.0467,33.43688],[-112.04777,33.43688]]}},{"type":"Feature","properties":{"name":"East Buckeye Road","highway":"secondary","osm":"way/436890774"},"geometry":{"type":"LineString","coordinates":[[-112.04777,33.43672],[-112.0444,33.43672]]}},{"type":"Feature","properties":{"name":"East Buckeye Road","highway":"secondary","osm":"way/436890775"},"geometry":{"type":"LineString","coordinates":[[-112.04347,33.43691],[-112.04512,33.43689]]}},{"type":"Feature","properties":{"name":"East Buckeye Road","highway":"secondary","osm":"way/436890776"},"geometry":{"type":"LineString","coordinates":[[-112.04098,33.43689],[-112.0423,33.43691]]}},{"type":"Feature","properties":{"name":"East Buckeye Road","highway":"secondary","osm":"way/436890777"},"geometry":{"type":"LineString","coordinates":[[-112.04963,33.4368],[-112.04883,33.43672]]}},{"type":"Feature","properties":{"name":"East Jefferson Street","highway":"primary","osm":"way/436890778"},"geometry":{"type":"LineString","coordinates":[[-112.0381,33.4472],[-112.03784,33.4472]]}},{"type":"Feature","properties":{"name":"East Jefferson Street","highway":"primary","osm":"way/436890779"},"geometry":{"type":"LineString","coordinates":[[-112.04472,33.44718],[-112.04434,33.44718]]}},{"type":"Feature","properties":{"name":"East Jefferson Street","highway":"primary","osm":"way/436890780"},"geometry":{"type":"LineString","coordinates":[[-112.05312,33.44714],[-112.05302,33.44714]]}},{"type":"Feature","properties":{"name":"East Jefferson Street","highway":"primary","osm":"way/436890781"},"geometry":{"type":"LineString","coordinates":[[-112.04088,33.44718],[-112.03941,33.44717]]}},{"type":"Feature","properties":{"name":"East Jefferson Street","highway":"primary","osm":"way/436890782"},"geometry":{"type":"LineString","coordinates":[[-112.05424,33.44715],[-112.05339,33.44714]]}},{"type":"Feature","properties":{"name":"East Jefferson Street","highway":"primary","osm":"way/436890783"},"geometry":{"type":"LineString","coordinates":[[-112.0434,33.44717],[-112.04152,33.44718]]}},{"type":"Feature","properties":{"name":"East Jefferson Street","highway":"primary","osm":"way/436890784"},"geometry":{"type":"LineString","coordinates":[[-112.05031,33.4473],[-112.04992,33.4473]]}},{"type":"Feature","properties":{"name":"East Jefferson Street","highway":"primary","osm":"way/436890785"},"geometry":{"type":"LineString","coordinates":[[-112.04993,33.44717],[-112.04924,33.44717]]}},{"type":"Feature","properties":{"name":"East Jefferson Street","highway":"primary","osm":"way/436890786"},"geometry":{"type":"LineString","coordinates":[[-112.04434,33.44718],[-112.0434,33.44717]]}},{"type":"Feature","properties":{"name":"East Jefferson Street","highway":"primary","osm":"way/436890787"},"geometry":{"type":"LineString","coordinates":[[-112.05302,33.44714],[-112.05208,33.44715]]}},{"type":"Feature","properties":{"name":"East Jefferson Street","highway":"primary","osm":"way/436890788"},"geometry":{"type":"LineString","coordinates":[[-112.05752,33.44713],[-112.05644,33.44713]]}},{"type":"Feature","properties":{"name":"East Jefferson Street","highway":"primary","osm":"way/436890789"},"geometry":{"type":"LineString","coordinates":[[-112.05644,33.44713],[-112.05563,33.44713]]}},{"type":"Feature","properties":{"name":"East Jefferson Street","highway":"primary","osm":"way/436890792"},"geometry":{"type":"LineString","coordinates":[[-112.04152,33.44718],[-112.04088,33.44718]]}},{"type":"Feature","properties":{"name":"East Jefferson Street","highway":"primary","osm":"way/436890793"},"geometry":{"type":"LineString","coordinates":[[-112.05339,33.44714],[-112.05312,33.44714]]}},{"type":"Feature","properties":{"name":"East Jefferson Street","highway":"primary","osm":"way/436890794"},"geometry":{"type":"LineString","coordinates":[[-112.03877,33.44717],[-112.0381,33.4472]]}},{"type":"Feature","properties":{"name":"East Jefferson Street","highway":"primary","osm":"way/436890795"},"geometry":{"type":"LineString","coordinates":[[-112.05086,33.44716],[-112.04993,33.44717]]}},{"type":"Feature","properties":{"name":"East Jefferson Street","highway":"primary","osm":"way/436890796"},"geometry":{"type":"LineString","coordinates":[[-112.04924,33.44717],[-112.04889,33.44717]]}},{"type":"Feature","properties":{"name":"East Jefferson Street","highway":"primary","osm":"way/436890797"},"geometry":{"type":"LineString","coordinates":[[-112.05208,33.44715],[-112.05086,33.44716]]}},{"type":"Feature","properties":{"name":"East Jefferson Street","highway":"primary","osm":"way/436890798"},"geometry":{"type":"LineString","coordinates":[[-112.05795,33.44712],[-112.05771,33.44713]]}},{"type":"Feature","properties":{"name":"East Jefferson Street","highway":"primary","osm":"way/436890799"},"geometry":{"type":"LineString","coordinates":[[-112.04878,33.44717],[-112.04776,33.44717]]}},{"type":"Feature","properties":{"name":"East Washington Street","highway":"primary","osm":"way/436890800"},"geometry":{"type":"LineString","coordinates":[[-112.05899,33.44834],[-112.05988,33.44834]]}},{"type":"Feature","properties":{"name":"East Washington Street","highway":"primary","osm":"way/436890801"},"geometry":{"type":"LineString","coordinates":[[-112.06025,33.44834],[-112.06114,33.44834]]}},{"type":"Feature","properties":{"name":"East Washington Street","highway":"primary","osm":"way/436890802"},"geometry":{"type":"LineString","coordinates":[[-112.04666,33.44836],[-112.04683,33.44836]]}},{"type":"Feature","properties":{"name":"East Washington Street","highway":"primary","osm":"way/436890803"},"geometry":{"type":"LineString","coordinates":[[-112.05062,33.44834],[-112.05081,33.44834]]}},{"type":"Feature","properties":{"name":"East Washington Street","highway":"primary","osm":"way/436890804"},"geometry":{"type":"LineString","coordinates":[[-112.05081,33.44834],[-112.05111,33.44834]]}},{"type":"Feature","properties":{"name":"East Washington Street","highway":"primary","osm":"way/436890805"},"geometry":{"type":"LineString","coordinates":[[-112.05549,33.44833],[-112.05643,33.44831]]}},{"type":"Feature","properties":{"name":"East Washington Street","highway":"primary","osm":"way/436890806"},"geometry":{"type":"LineString","coordinates":[[-112.05111,33.44834],[-112.05208,33.44834]]}},{"type":"Feature","properties":{"name":"East Washington Street","highway":"primary","osm":"way/436890807"},"geometry":{"type":"LineString","coordinates":[[-112.04611,33.44823],[-112.04778,33.44822]]}},{"type":"Feature","properties":{"name":"East Washington Street","highway":"primary","osm":"way/436890808"},"geometry":{"type":"LineString","coordinates":[[-112.05512,33.44833],[-112.05549,33.44833]]}},{"type":"Feature","properties":{"name":"East Washington Street","highway":"primary","osm":"way/436890809"},"geometry":{"type":"LineString","coordinates":[[-112.04683,33.44836],[-112.04778,33.44836]]}},{"type":"Feature","properties":{"name":"East Washington Street","highway":"primary","osm":"way/436890811"},"geometry":{"type":"LineString","coordinates":[[-112.04901,33.44835],[-112.04991,33.44835]]}},{"type":"Feature","properties":{"name":"East Washington Street","highway":"primary","osm":"way/436890814"},"geometry":{"type":"LineString","coordinates":[[-112.04236,33.44836],[-112.0434,33.44836]]}},{"type":"Feature","properties":{"name":"East Washington Street","highway":"primary","osm":"way/436890815"},"geometry":{"type":"LineString","coordinates":[[-112.04778,33.44836],[-112.04901,33.44835]]}},{"type":"Feature","properties":{"name":"East Washington Street","highway":"primary","osm":"way/436890816"},"geometry":{"type":"LineString","coordinates":[[-112.04991,33.44835],[-112.05062,33.44834]]}},{"type":"Feature","properties":{"name":"East Washington Street","highway":"primary","osm":"way/436890817"},"geometry":{"type":"LineString","coordinates":[[-112.0434,33.44836],[-112.04642,33.44836]]}},{"type":"Feature","properties":{"name":"East Washington Street","highway":"primary","osm":"way/436890818"},"geometry":{"type":"LineString","coordinates":[[-112.039,33.44836],[-112.04186,33.44836]]}},{"type":"Feature","properties":{"name":"East Jefferson Street","highway":"primary","osm":"way/436891300"},"geometry":{"type":"LineString","coordinates":[[-112.04951,33.4473],[-112.04777,33.44731]]}},{"type":"Feature","properties":{"name":"North 16th Street","highway":"secondary","osm":"way/436891301"},"geometry":{"type":"LineString","coordinates":[[-112.04775,33.44996],[-112.04777,33.44983]]}},{"type":"Feature","properties":{"name":"North 16th Street","highway":"secondary","osm":"way/436891302"},"geometry":{"type":"LineString","coordinates":[[-112.04777,33.44983],[-112.04783,33.44945]]}},{"type":"Feature","properties":{"name":"North 16th Street","highway":"secondary","osm":"way/436891304"},"geometry":{"type":"LineString","coordinates":[[-112.04768,33.44899],[-112.04769,33.44946]]}},{"type":"Feature","properties":{"name":"North 16th Street","highway":"secondary","osm":"way/436891305"},"geometry":{"type":"LineString","coordinates":[[-112.04769,33.44946],[-112.04775,33.44996]]}},{"type":"Feature","properties":{"name":"North 16th Street","highway":"secondary","osm":"way/436891306"},"geometry":{"type":"LineString","coordinates":[[-112.04783,33.44945],[-112.04785,33.44894]]}},{"type":"Feature","properties":{"name":"South 16th Street","highway":"secondary","osm":"way/436891307"},"geometry":{"type":"LineString","coordinates":[[-112.04777,33.43688],[-112.04777,33.43672]]}},{"type":"Feature","properties":{"name":"South 16th Street","highway":"secondary","osm":"way/436891308"},"geometry":{"type":"LineString","coordinates":[[-112.04775,33.44084],[-112.04775,33.44058]]}},{"type":"Feature","properties":{"name":"South 16th Street","highway":"secondary","osm":"way/436891309"},"geometry":{"type":"LineString","coordinates":[[-112.04777,33.43672],[-112.04777,33.43592]]}},{"type":"Feature","properties":{"name":"South 16th Street","highway":"secondary","osm":"way/436891311"},"geometry":{"type":"LineString","coordinates":[[-112.04776,33.44137],[-112.04775,33.44084]]}},{"type":"Feature","properties":{"name":"South 16th Street","highway":"secondary","osm":"way/436891312"},"geometry":{"type":"LineString","coordinates":[[-112.04777,33.43772],[-112.04777,33.43688]]}},{"type":"Feature","properties":{"name":"South 16th Street","highway":"secondary","osm":"way/436891313"},"geometry":{"type":"LineString","coordinates":[[-112.04777,33.43592],[-112.04777,33.43186]]}},{"type":"Feature","properties":{"name":"South 16th Street","highway":"secondary","osm":"way/436891314"},"geometry":{"type":"LineString","coordinates":[[-112.04783,33.4419],[-112.04776,33.44137]]}},{"type":"Feature","properties":{"name":"South 16th Street","highway":"secondary","osm":"way/436891315"},"geometry":{"type":"LineString","coordinates":[[-112.04775,33.44058],[-112.04777,33.43772]]}},{"type":"Feature","properties":{"name":"West Thomas Road","highway":"secondary","osm":"way/436891967"},"geometry":{"type":"LineString","coordinates":[[-112.09138,33.48047],[-112.09231,33.48049]]}},{"type":"Feature","properties":{"name":"West Thomas Road","highway":"secondary","osm":"way/436891968"},"geometry":{"type":"LineString","coordinates":[[-112.08703,33.48039],[-112.08763,33.4804]]}},{"type":"Feature","properties":{"name":"West Thomas Road","highway":"secondary","osm":"way/436891969"},"geometry":{"type":"LineString","coordinates":[[-112.08317,33.48035],[-112.08383,33.48037]]}},{"type":"Feature","properties":{"name":"West Thomas Road","highway":"secondary","osm":"way/436891971"},"geometry":{"type":"LineString","coordinates":[[-112.09037,33.48045],[-112.09055,33.48046]]}},{"type":"Feature","properties":{"name":"West Thomas Road","highway":"secondary","osm":"way/436891972"},"geometry":{"type":"LineString","coordinates":[[-112.08919,33.48042],[-112.09037,33.48045]]}},{"type":"Feature","properties":{"name":"West Thomas Road","highway":"secondary","osm":"way/436891973"},"geometry":{"type":"LineString","coordinates":[[-112.09231,33.48049],[-112.09891,33.48058]]}},{"type":"Feature","properties":{"name":"East University Drive","highway":"primary","osm":"way/436899697"},"geometry":{"type":"LineString","coordinates":[[-111.99995,33.42202],[-112.00125,33.42186]]}},{"type":"Feature","properties":{"name":"South 44th Street","highway":"primary","osm":"way/436899713"},"geometry":{"type":"LineString","coordinates":[[-111.98508,33.42277],[-111.98528,33.42238]]}},{"type":"Feature","properties":{"name":null,"highway":"primary_link","osm":"way/436899714"},"geometry":{"type":"LineString","coordinates":[[-111.9851,33.42193],[-111.9851,33.42179]]}},{"type":"Feature","properties":{"name":"North 7th Street","highway":"primary","osm":"way/436945121"},"geometry":{"type":"LineString","coordinates":[[-112.06503,33.46488],[-112.06503,33.46501]]}},{"type":"Feature","properties":{"name":"North 7th Street","highway":"primary","osm":"way/436945122"},"geometry":{"type":"LineString","coordinates":[[-112.06513,33.45066],[-112.06512,33.45039]]}},{"type":"Feature","properties":{"name":"North 7th Street","highway":"primary","osm":"way/436945123"},"geometry":{"type":"LineString","coordinates":[[-112.06512,33.46038],[-112.06511,33.46073]]}},{"type":"Feature","properties":{"name":"North 7th Street","highway":"primary","osm":"way/436945124"},"geometry":{"type":"LineString","coordinates":[[-112.06513,33.45995],[-112.06512,33.46038]]}},{"type":"Feature","properties":{"name":"North 7th Street","highway":"primary","osm":"way/436945125"},"geometry":{"type":"LineString","coordinates":[[-112.06511,33.46073],[-112.06509,33.46123]]}},{"type":"Feature","properties":{"name":"North 7th Street","highway":"primary","osm":"way/436945126"},"geometry":{"type":"LineString","coordinates":[[-112.06531,33.46036],[-112.06532,33.45996]]}},{"type":"Feature","properties":{"name":"North 7th Street","highway":"primary","osm":"way/436945129"},"geometry":{"type":"LineString","coordinates":[[-112.06514,33.45956],[-112.06514,33.45977]]}},{"type":"Feature","properties":{"name":"North 7th Street","highway":"primary","osm":"way/436945131"},"geometry":{"type":"LineString","coordinates":[[-112.06524,33.45813],[-112.06525,33.45866]]}},{"type":"Feature","properties":{"name":"North 7th Street","highway":"primary","osm":"way/436945132"},"geometry":{"type":"LineString","coordinates":[[-112.06516,33.45137],[-112.06518,33.45225]]}},{"type":"Feature","properties":{"name":"North 7th Street","highway":"primary","osm":"way/436945133"},"geometry":{"type":"LineString","coordinates":[[-112.06503,33.46501],[-112.06503,33.46572]]}},{"type":"Feature","properties":{"name":"North 7th Street","highway":"primary","osm":"way/436945134"},"geometry":{"type":"LineString","coordinates":[[-112.0651,33.46642],[-112.06517,33.46634]]}},{"type":"Feature","properties":{"name":"North 7th Street","highway":"primary","osm":"way/436945135"},"geometry":{"type":"LineString","coordinates":[[-112.06513,33.45083],[-112.06516,33.45137]]}},{"type":"Feature","properties":{"name":"North 7th Street","highway":"primary","osm":"way/436945136"},"geometry":{"type":"LineString","coordinates":[[-112.06524,33.4545],[-112.06523,33.45508]]}},{"type":"Feature","properties":{"name":"North 7th Street","highway":"primary","osm":"way/436945137"},"geometry":{"type":"LineString","coordinates":[[-112.06532,33.45996],[-112.06532,33.45921]]}},{"type":"Feature","properties":{"name":"North 7th Street","highway":"primary","osm":"way/436945138"},"geometry":{"type":"LineString","coordinates":[[-112.06523,33.454],[-112.06524,33.4545]]}},{"type":"Feature","properties":{"name":"North Central Avenue","highway":"primary","osm":"way/436945737"},"geometry":{"type":"LineString","coordinates":[[-112.07393,33.45668],[-112.07393,33.45836]]}},{"type":"Feature","properties":{"name":"North Central Avenue","highway":"primary","osm":"way/436945738"},"geometry":{"type":"LineString","coordinates":[[-112.07379,33.4559],[-112.07379,33.45665]]}},{"type":"Feature","properties":{"name":"North Central Avenue","highway":"primary","osm":"way/436945739"},"geometry":{"type":"LineString","coordinates":[[-112.0738,33.45365],[-112.07379,33.45438]]}},{"type":"Feature","properties":{"name":"North Central Avenue","highway":"primary","osm":"way/436945740"},"geometry":{"type":"LineString","coordinates":[[-112.07382,33.45037],[-112.07383,33.45078]]}},{"type":"Feature","properties":{"name":"North Central Avenue","highway":"primary","osm":"way/436945741"},"geometry":{"type":"LineString","coordinates":[[-112.07393,33.45627],[-112.07393,33.45668]]}},{"type":"Feature","properties":{"name":"North Central Avenue","highway":"primary","osm":"way/436945742"},"geometry":{"type":"LineString","coordinates":[[-112.07379,33.45785],[-112.0738,33.45866]]}},{"type":"Feature","properties":{"name":"North Central Avenue","highway":"primary","osm":"way/436945743"},"geometry":{"type":"LineString","coordinates":[[-112.07382,33.44931],[-112.07382,33.45002]]}},{"type":"Feature","properties":{"name":"North Central Avenue","highway":"primary","osm":"way/436945744"},"geometry":{"type":"LineString","coordinates":[[-112.07379,33.45463],[-112.07379,33.4559]]}},{"type":"Feature","properties":{"name":"North 1st Avenue","highway":"primary","osm":"way/436946277"},"geometry":{"type":"LineString","coordinates":[[-112.07519,33.45094],[-112.07519,33.45047]]}},{"type":"Feature","properties":{"name":"North 1st Avenue","highway":"primary","osm":"way/436946278"},"geometry":{"type":"LineString","coordinates":[[-112.07505,33.45709],[-112.07505,33.45669]]}},{"type":"Feature","properties":{"name":"North 1st Avenue","highway":"primary","osm":"way/436946279"},"geometry":{"type":"LineString","coordinates":[[-112.07506,33.45507],[-112.07505,33.4547]]}},{"type":"Feature","properties":{"name":"North 1st Avenue","highway":"primary","osm":"way/436946280"},"geometry":{"type":"LineString","coordinates":[[-112.07521,33.45721],[-112.0752,33.45669]]}},{"type":"Feature","properties":{"name":"North 1st Avenue","highway":"primary","osm":"way/436946281"},"geometry":{"type":"LineString","coordinates":[[-112.07521,33.45556],[-112.07522,33.4547]]}},{"type":"Feature","properties":{"name":"North 1st Avenue","highway":"primary","osm":"way/436946282"},"geometry":{"type":"LineString","coordinates":[[-112.07519,33.45241],[-112.07519,33.45232]]}},{"type":"Feature","properties":{"name":"North 1st Avenue","highway":"primary","osm":"way/436946283"},"geometry":{"type":"LineString","coordinates":[[-112.0752,33.45669],[-112.07521,33.45556]]}},{"type":"Feature","properties":{"name":"North 1st Avenue","highway":"primary","osm":"way/436946284"},"geometry":{"type":"LineString","coordinates":[[-112.07505,33.45669],[-112.07506,33.45507]]}},{"type":"Feature","properties":{"name":"North 1st Avenue","highway":"primary","osm":"way/436946285"},"geometry":{"type":"LineString","coordinates":[[-112.07505,33.4547],[-112.07519,33.45277]]}},{"type":"Feature","properties":{"name":"North Central Avenue","highway":"primary","osm":"way/436946286"},"geometry":{"type":"LineString","coordinates":[[-112.07372,33.46213],[-112.07372,33.46396]]}},{"type":"Feature","properties":{"name":"North Central Avenue","highway":"primary","osm":"way/436946287"},"geometry":{"type":"LineString","coordinates":[[-112.07396,33.46666],[-112.07394,33.46572]]}},{"type":"Feature","properties":{"name":"North Central Avenue","highway":"primary","osm":"way/436946288"},"geometry":{"type":"LineString","coordinates":[[-112.07419,33.45931],[-112.0743,33.45908]]}},{"type":"Feature","properties":{"name":"North Central Avenue","highway":"primary","osm":"way/436946289"},"geometry":{"type":"LineString","coordinates":[[-112.07394,33.46001],[-112.07419,33.45931]]}},{"type":"Feature","properties":{"name":"North Central Avenue","highway":"primary","osm":"way/436946290"},"geometry":{"type":"LineString","coordinates":[[-112.0737,33.46451],[-112.0737,33.46572]]}},{"type":"Feature","properties":{"name":"North Central Avenue","highway":"primary","osm":"way/436946291"},"geometry":{"type":"LineString","coordinates":[[-112.07393,33.4681],[-112.07396,33.46666]]}},{"type":"Feature","properties":{"name":"East Van Buren Street","highway":"primary","osm":"way/436946869"},"geometry":{"type":"LineString","coordinates":[[-112.06606,33.45131],[-112.0659,33.45131]]}},{"type":"Feature","properties":{"name":"East Van Buren Street","highway":"primary","osm":"way/436946870"},"geometry":{"type":"LineString","coordinates":[[-112.06931,33.45144],[-112.06999,33.45144]]}},{"type":"Feature","properties":{"name":"East Van Buren Street","highway":"primary","osm":"way/436946871"},"geometry":{"type":"LineString","coordinates":[[-112.06588,33.45143],[-112.06618,33.45143]]}},{"type":"Feature","properties":{"name":"East Van Buren Street","highway":"primary","osm":"way/436946872"},"geometry":{"type":"LineString","coordinates":[[-112.06429,33.45136],[-112.06516,33.45137]]}},{"type":"Feature","properties":{"name":"East Van Buren Street","highway":"primary","osm":"way/436946873"},"geometry":{"type":"LineString","coordinates":[[-112.06698,33.45131],[-112.06655,33.45131]]}},{"type":"Feature","properties":{"name":"East Van Buren Street","highway":"primary","osm":"way/436946874"},"geometry":{"type":"LineString","coordinates":[[-112.06144,33.45135],[-112.06177,33.45135]]}},{"type":"Feature","properties":{"name":"East Van Buren Street","highway":"primary","osm":"way/436946875"},"geometry":{"type":"LineString","coordinates":[[-112.07205,33.45143],[-112.07255,33.45138]]}},{"type":"Feature","properties":{"name":"East Van Buren Street","highway":"primary","osm":"way/436946876"},"geometry":{"type":"LineString","coordinates":[[-112.06999,33.45144],[-112.07076,33.45144]]}},{"type":"Feature","properties":{"name":"East Van Buren Street","highway":"primary","osm":"way/436946877"},"geometry":{"type":"LineString","coordinates":[[-112.07127,33.45144],[-112.07205,33.45143]]}},{"type":"Feature","properties":{"name":"East Van Buren Street","highway":"primary","osm":"way/436946878"},"geometry":{"type":"LineString","coordinates":[[-112.0659,33.45131],[-112.06516,33.45137]]}},{"type":"Feature","properties":{"name":"East Van Buren Street","highway":"primary","osm":"way/436946879"},"geometry":{"type":"LineString","coordinates":[[-112.07316,33.45138],[-112.07383,33.45139]]}},{"type":"Feature","properties":{"name":"East Van Buren Street","highway":"primary","osm":"way/436946880"},"geometry":{"type":"LineString","coordinates":[[-112.07126,33.45134],[-112.0704,33.45134]]}},{"type":"Feature","properties":{"name":"East Van Buren Street","highway":"primary","osm":"way/436946882"},"geometry":{"type":"LineString","coordinates":[[-112.06998,33.45134],[-112.06809,33.45133]]}},{"type":"Feature","properties":{"name":"East Van Buren Street","highway":"primary","osm":"way/436946883"},"geometry":{"type":"LineString","coordinates":[[-112.06749,33.45132],[-112.06698,33.45131]]}},{"type":"Feature","properties":{"name":"East Van Buren Street","highway":"primary","osm":"way/436946884"},"geometry":{"type":"LineString","coordinates":[[-112.07171,33.45134],[-112.07126,33.45134]]}},{"type":"Feature","properties":{"name":"East Van Buren Street","highway":"primary","osm":"way/436946885"},"geometry":{"type":"LineString","coordinates":[[-112.0704,33.45134],[-112.06998,33.45134]]}},{"type":"Feature","properties":{"name":"East Van Buren Street","highway":"primary","osm":"way/436946886"},"geometry":{"type":"LineString","coordinates":[[-112.06207,33.45135],[-112.06255,33.45135]]}},{"type":"Feature","properties":{"name":"East Van Buren Street","highway":"primary","osm":"way/436946887"},"geometry":{"type":"LineString","coordinates":[[-112.06255,33.45135],[-112.06429,33.45136]]}},{"type":"Feature","properties":{"name":"West Van Buren Street","highway":"primary","osm":"way/436946888"},"geometry":{"type":"LineString","coordinates":[[-112.07383,33.45139],[-112.07393,33.45139]]}},{"type":"Feature","properties":{"name":"West Van Buren Street","highway":"primary","osm":"way/436946889"},"geometry":{"type":"LineString","coordinates":[[-112.07965,33.45141],[-112.08018,33.45142]]}},{"type":"Feature","properties":{"name":"West Van Buren Street","highway":"primary","osm":"way/436946890"},"geometry":{"type":"LineString","coordinates":[[-112.07434,33.45139],[-112.07465,33.4514]]}},{"type":"Feature","properties":{"name":"West Van Buren Street","highway":"primary","osm":"way/436946891"},"geometry":{"type":"LineString","coordinates":[[-112.07773,33.4514],[-112.07821,33.45141]]}},{"type":"Feature","properties":{"name":"West Van Buren Street","highway":"primary","osm":"way/436946892"},"geometry":{"type":"LineString","coordinates":[[-112.07584,33.4514],[-112.07644,33.4514]]}},{"type":"Feature","properties":{"name":"West Van Buren Street","highway":"primary","osm":"way/436946893"},"geometry":{"type":"LineString","coordinates":[[-112.07644,33.4514],[-112.07705,33.4514]]}},{"type":"Feature","properties":{"name":"West Van Buren Street","highway":"primary","osm":"way/436946894"},"geometry":{"type":"LineString","coordinates":[[-112.07705,33.4514],[-112.07773,33.4514]]}},{"type":"Feature","properties":{"name":"East McDowell Road","highway":"primary","osm":"way/436947762"},"geometry":{"type":"LineString","coordinates":[[-112.06139,33.46573],[-112.06077,33.46573]]}},{"type":"Feature","properties":{"name":"East McDowell Road","highway":"primary","osm":"way/436947763"},"geometry":{"type":"LineString","coordinates":[[-112.06503,33.46572],[-112.0641,33.46572]]}},{"type":"Feature","properties":{"name":"East McDowell Road","highway":"primary","osm":"way/436947764"},"geometry":{"type":"LineString","coordinates":[[-112.06595,33.46573],[-112.06519,33.46572]]}},{"type":"Feature","properties":{"name":"East McDowell Road","highway":"primary","osm":"way/436947765"},"geometry":{"type":"LineString","coordinates":[[-112.06612,33.46573],[-112.06595,33.46573]]}},{"type":"Feature","properties":{"name":"East McDowell Road","highway":"primary","osm":"way/436947766"},"geometry":{"type":"LineString","coordinates":[[-112.07383,33.46572],[-112.0737,33.46572]]}},{"type":"Feature","properties":{"name":"East McDowell Road","highway":"primary","osm":"way/436947767"},"geometry":{"type":"LineString","coordinates":[[-112.07043,33.46572],[-112.06941,33.46572]]}},{"type":"Feature","properties":{"name":"East McDowell Road","highway":"primary","osm":"way/436947768"},"geometry":{"type":"LineString","coordinates":[[-112.0641,33.46572],[-112.06139,33.46573]]}},{"type":"Feature","properties":{"name":"East McDowell Road","highway":"primary","osm":"way/436947769"},"geometry":{"type":"LineString","coordinates":[[-112.06941,33.46572],[-112.0684,33.46572]]}},{"type":"Feature","properties":{"name":"East McDowell Road","highway":"primary","osm":"way/436947770"},"geometry":{"type":"LineString","coordinates":[[-112.0737,33.46572],[-112.07268,33.46572]]}},{"type":"Feature","properties":{"name":"East McDowell Road","highway":"primary","osm":"way/436947771"},"geometry":{"type":"LineString","coordinates":[[-112.07268,33.46572],[-112.07043,33.46572]]}},{"type":"Feature","properties":{"name":"West McDowell Road","highway":"primary","osm":"way/436947772"},"geometry":{"type":"LineString","coordinates":[[-112.07884,33.46578],[-112.07974,33.46579]]}},{"type":"Feature","properties":{"name":"West McDowell Road","highway":"primary","osm":"way/436947773"},"geometry":{"type":"LineString","coordinates":[[-112.07491,33.46573],[-112.0751,33.46574]]}},{"type":"Feature","properties":{"name":"West McDowell Road","highway":"primary","osm":"way/436947774"},"geometry":{"type":"LineString","coordinates":[[-112.07974,33.46579],[-112.0803,33.4658]]}},{"type":"Feature","properties":{"name":"West McDowell Road","highway":"primary","osm":"way/436947775"},"geometry":{"type":"LineString","coordinates":[[-112.07826,33.46578],[-112.07884,33.46578]]}},{"type":"Feature","properties":{"name":"West McDowell Road","highway":"primary","osm":"way/436947776"},"geometry":{"type":"LineString","coordinates":[[-112.08168,33.46582],[-112.08265,33.46583]]}},{"type":"Feature","properties":{"name":"West McDowell Road","highway":"primary","osm":"way/436947777"},"geometry":{"type":"LineString","coordinates":[[-112.07394,33.46572],[-112.07491,33.46573]]}},{"type":"Feature","properties":{"name":"West McDowell Road","highway":"primary","osm":"way/436947778"},"geometry":{"type":"LineString","coordinates":[[-112.0803,33.4658],[-112.08168,33.46582]]}},{"type":"Feature","properties":{"name":"West McDowell Road","highway":"primary","osm":"way/436947779"},"geometry":{"type":"LineString","coordinates":[[-112.07383,33.46572],[-112.07394,33.46572]]}},{"type":"Feature","properties":{"name":"West McDowell Road","highway":"primary","osm":"way/436947780"},"geometry":{"type":"LineString","coordinates":[[-112.0751,33.46574],[-112.0778,33.46577]]}},{"type":"Feature","properties":{"name":"West Buckeye Road","highway":"secondary","osm":"way/436947973"},"geometry":{"type":"LineString","coordinates":[[-112.08254,33.43684],[-112.0832,33.43683]]}},{"type":"Feature","properties":{"name":"West Buckeye Road","highway":"secondary","osm":"way/436947974"},"geometry":{"type":"LineString","coordinates":[[-112.09127,33.43675],[-112.09184,33.43675]]}},{"type":"Feature","properties":{"name":"West Buckeye Road","highway":"secondary","osm":"way/436947975"},"geometry":{"type":"LineString","coordinates":[[-112.09063,33.43676],[-112.09127,33.43675]]}},{"type":"Feature","properties":{"name":"West Buckeye Road","highway":"secondary","osm":"way/436947977"},"geometry":{"type":"LineString","coordinates":[[-112.09716,33.43675],[-112.09903,33.43675]]}},{"type":"Feature","properties":{"name":"West Buckeye Road","highway":"secondary","osm":"way/436947979"},"geometry":{"type":"LineString","coordinates":[[-112.09184,33.43675],[-112.09566,33.43674]]}},{"type":"Feature","properties":{"name":"North 17th Avenue","highway":"secondary","osm":"way/436948406"},"geometry":{"type":"LineString","coordinates":[[-112.09584,33.44862],[-112.09584,33.44881]]}},{"type":"Feature","properties":{"name":"South 17th Avenue","highway":"secondary","osm":"way/436948407"},"geometry":{"type":"LineString","coordinates":[[-112.09583,33.44763],[-112.09582,33.44747]]}},{"type":"Feature","properties":{"name":"South 17th Avenue","highway":"secondary","osm":"way/436948408"},"geometry":{"type":"LineString","coordinates":[[-112.09575,33.44186],[-112.09574,33.44139]]}},{"type":"Feature","properties":{"name":"South 17th Avenue","highway":"secondary","osm":"way/436948409"},"geometry":{"type":"LineString","coordinates":[[-112.09581,33.44542],[-112.09584,33.44486]]}},{"type":"Feature","properties":{"name":"South 17th Avenue","highway":"secondary","osm":"way/436948410"},"geometry":{"type":"LineString","coordinates":[[-112.09582,33.44632],[-112.09581,33.44598]]}},{"type":"Feature","properties":{"name":"South 17th Avenue","highway":"secondary","osm":"way/436948411"},"geometry":{"type":"LineString","coordinates":[[-112.09581,33.44598],[-112.09581,33.44568]]}},{"type":"Feature","properties":{"name":"South 17th Avenue","highway":"secondary","osm":"way/436948412"},"geometry":{"type":"LineString","coordinates":[[-112.09574,33.44139],[-112.09573,33.44087]]}},{"type":"Feature","properties":{"name":"South 17th Avenue","highway":"secondary","osm":"way/436948413"},"geometry":{"type":"LineString","coordinates":[[-112.09573,33.44087],[-112.09571,33.43858]]}},{"type":"Feature","properties":{"name":"West Grant Street","highway":"secondary","osm":"way/436948414"},"geometry":{"type":"LineString","coordinates":[[-112.09509,33.44139],[-112.09574,33.44139]]}},{"type":"Feature","properties":{"name":"West Grant Street","highway":"secondary","osm":"way/436948416"},"geometry":{"type":"LineString","coordinates":[[-112.09574,33.44139],[-112.09642,33.44138]]}},{"type":"Feature","properties":{"name":"West Grant Street","highway":"secondary","osm":"way/436948418"},"geometry":{"type":"LineString","coordinates":[[-112.09181,33.44119],[-112.09231,33.4414]]}},{"type":"Feature","properties":{"name":"West Grant Street","highway":"secondary","osm":"way/436948420"},"geometry":{"type":"LineString","coordinates":[[-112.09642,33.44138],[-112.09939,33.44135]]}},{"type":"Feature","properties":{"name":"West Grant Street","highway":"secondary","osm":"way/436948421"},"geometry":{"type":"LineString","coordinates":[[-112.09131,33.44091],[-112.09181,33.44119]]}},{"type":"Feature","properties":{"name":"West Grant Street","highway":"secondary","osm":"way/436948422"},"geometry":{"type":"LineString","coordinates":[[-112.08254,33.44092],[-112.08324,33.44091]]}},{"type":"Feature","properties":{"name":"West Grant Street","highway":"secondary","osm":"way/436948426"},"geometry":{"type":"LineString","coordinates":[[-112.0907,33.44088],[-112.09131,33.44091]]}},{"type":"Feature","properties":{"name":"South 15th Avenue","highway":"secondary","osm":"way/436948568"},"geometry":{"type":"LineString","coordinates":[[-112.09131,33.44051],[-112.09128,33.43733]]}},{"type":"Feature","properties":{"name":"South 15th Avenue","highway":"secondary","osm":"way/436948569"},"geometry":{"type":"LineString","coordinates":[[-112.09131,33.44136],[-112.09131,33.44091]]}},{"type":"Feature","properties":{"name":"South 15th Avenue","highway":"secondary","osm":"way/436948570"},"geometry":{"type":"LineString","coordinates":[[-112.09131,33.44091],[-112.09131,33.44051]]}},{"type":"Feature","properties":{"name":"South 15th Avenue","highway":"secondary","osm":"way/436948571"},"geometry":{"type":"LineString","coordinates":[[-112.09127,33.43675],[-112.09126,33.43617]]}},{"type":"Feature","properties":{"name":"South 15th Avenue","highway":"secondary","osm":"way/436948572"},"geometry":{"type":"LineString","coordinates":[[-112.09128,33.43733],[-112.09127,33.43675]]}},{"type":"Feature","properties":{"name":"South 15th Avenue","highway":"secondary","osm":"way/436948573"},"geometry":{"type":"LineString","coordinates":[[-112.09126,33.43617],[-112.09122,33.4331]]}},{"type":"Feature","properties":{"name":"North 7th Avenue","highway":"secondary","osm":"way/436949087"},"geometry":{"type":"LineString","coordinates":[[-112.08257,33.44822],[-112.08257,33.44883]]}},{"type":"Feature","properties":{"name":"North 7th Avenue","highway":"secondary","osm":"way/436949088"},"geometry":{"type":"LineString","coordinates":[[-112.08257,33.44928],[-112.08259,33.45035]]}},{"type":"Feature","properties":{"name":"South 7th Avenue","highway":"secondary","osm":"way/436949089"},"geometry":{"type":"LineString","coordinates":[[-112.08255,33.44047],[-112.08255,33.44032]]}},{"type":"Feature","properties":{"name":"South 7th Avenue","highway":"secondary","osm":"way/436949090"},"geometry":{"type":"LineString","coordinates":[[-112.08257,33.44822],[-112.08258,33.44811]]}},{"type":"Feature","properties":{"name":"South 7th Avenue","highway":"secondary","osm":"way/436949091"},"geometry":{"type":"LineString","coordinates":[[-112.08254,33.44092],[-112.08255,33.44047]]}},{"type":"Feature","properties":{"name":"South 7th Avenue","highway":"secondary","osm":"way/436949092"},"geometry":{"type":"LineString","coordinates":[[-112.08254,33.43684],[-112.08253,33.43599]]}},{"type":"Feature","properties":{"name":"South 7th Avenue","highway":"secondary","osm":"way/436949093"},"geometry":{"type":"LineString","coordinates":[[-112.08257,33.44761],[-112.08256,33.4471]]}},{"type":"Feature","properties":{"name":"South 7th Avenue","highway":"secondary","osm":"way/436949094"},"geometry":{"type":"LineString","coordinates":[[-112.08258,33.44811],[-112.08258,33.44792]]}},{"type":"Feature","properties":{"name":"South 7th Avenue","highway":"secondary","osm":"way/436949095"},"geometry":{"type":"LineString","coordinates":[[-112.08255,33.43768],[-112.08254,33.43684]]}},{"type":"Feature","properties":{"name":"West Washington Street","highway":"secondary","osm":"way/436949254"},"geometry":{"type":"LineString","coordinates":[[-112.08534,33.4482],[-112.0859,33.4482]]}},{"type":"Feature","properties":{"name":"West Washington Street","highway":"secondary","osm":"way/436949255"},"geometry":{"type":"LineString","coordinates":[[-112.09161,33.44814],[-112.0921,33.44814]]}},{"type":"Feature","properties":{"name":"West Washington Street","highway":"secondary","osm":"way/436949256"},"geometry":{"type":"LineString","coordinates":[[-112.09036,33.44816],[-112.09076,33.44815]]}},{"type":"Feature","properties":{"name":"West Washington Street","highway":"secondary","osm":"way/436949257"},"geometry":{"type":"LineString","coordinates":[[-112.08337,33.44821],[-112.08368,33.4482]]}},{"type":"Feature","properties":{"name":"West Washington Street","highway":"secondary","osm":"way/436949258"},"geometry":{"type":"LineString","coordinates":[[-112.08877,33.44818],[-112.08925,33.44817]]}},{"type":"Feature","properties":{"name":"West Washington Street","highway":"secondary","osm":"way/436949259"},"geometry":{"type":"LineString","coordinates":[[-112.08813,33.44819],[-112.08877,33.44818]]}},{"type":"Feature","properties":{"name":"West Washington Street","highway":"secondary","osm":"way/436949260"},"geometry":{"type":"LineString","coordinates":[[-112.08762,33.44819],[-112.08813,33.44819]]}},{"type":"Feature","properties":{"name":"West Van Buren Street","highway":"primary","osm":"way/436949765"},"geometry":{"type":"LineString","coordinates":[[-112.09576,33.4513],[-112.09586,33.4513]]}},{"type":"Feature","properties":{"name":"West Van Buren Street","highway":"primary","osm":"way/436949766"},"geometry":{"type":"LineString","coordinates":[[-112.09134,33.45135],[-112.09212,33.45135]]}},{"type":"Feature","properties":{"name":"West Van Buren Street","highway":"primary","osm":"way/436949767"},"geometry":{"type":"LineString","coordinates":[[-112.0907,33.45136],[-112.09134,33.45135]]}},{"type":"Feature","properties":{"name":"West Van Buren Street","highway":"primary","osm":"way/436949773"},"geometry":{"type":"LineString","coordinates":[[-112.09212,33.45135],[-112.09508,33.45131]]}},{"type":"Feature","properties":{"name":"Grand Avenue","highway":"secondary","osm":"way/436950418"},"geometry":{"type":"LineString","coordinates":[[-112.09172,33.45903],[-112.09211,33.45935]]}},{"type":"Feature","properties":{"name":"Grand Avenue","highway":"secondary","osm":"way/436950420"},"geometry":{"type":"LineString","coordinates":[[-112.09079,33.45826],[-112.09126,33.45865]]}},{"type":"Feature","properties":{"name":"Grand Avenue","highway":"secondary","osm":"way/436950421"},"geometry":{"type":"LineString","coordinates":[[-112.09126,33.45865],[-112.09172,33.45903]]}},{"type":"Feature","properties":{"name":"West McDowell Road","highway":"primary","osm":"way/436951118"},"geometry":{"type":"LineString","coordinates":[[-112.09519,33.46584],[-112.09534,33.46584]]}},{"type":"Feature","properties":{"name":"West McDowell Road","highway":"primary","osm":"way/436951119"},"geometry":{"type":"LineString","coordinates":[[-112.09498,33.46584],[-112.09519,33.46584]]}},{"type":"Feature","properties":{"name":"West McDowell Road","highway":"primary","osm":"way/436951121"},"geometry":{"type":"LineString","coordinates":[[-112.0956,33.46584],[-112.09567,33.46584]]}},{"type":"Feature","properties":{"name":"West McDowell Road","highway":"primary","osm":"way/436951122"},"geometry":{"type":"LineString","coordinates":[[-112.09133,33.46583],[-112.092,33.46583]]}},{"type":"Feature","properties":{"name":"West McDowell Road","highway":"primary","osm":"way/436951123"},"geometry":{"type":"LineString","coordinates":[[-112.09567,33.46584],[-112.09614,33.46584]]}},{"type":"Feature","properties":{"name":"West McDowell Road","highway":"primary","osm":"way/436951124"},"geometry":{"type":"LineString","coordinates":[[-112.09066,33.46583],[-112.09133,33.46583]]}},{"type":"Feature","properties":{"name":"West McDowell Road","highway":"primary","osm":"way/436951125"},"geometry":{"type":"LineString","coordinates":[[-112.09534,33.46584],[-112.0956,33.46584]]}},{"type":"Feature","properties":{"name":"West McDowell Road","highway":"primary","osm":"way/436951127"},"geometry":{"type":"LineString","coordinates":[[-112.08265,33.46583],[-112.08365,33.46583]]}},{"type":"Feature","properties":{"name":"West McDowell Road","highway":"primary","osm":"way/436951128"},"geometry":{"type":"LineString","coordinates":[[-112.09614,33.46584],[-112.09847,33.46586]]}},{"type":"Feature","properties":{"name":"West McDowell Road","highway":"primary","osm":"way/436951129"},"geometry":{"type":"LineString","coordinates":[[-112.092,33.46583],[-112.09498,33.46584]]}},{"type":"Feature","properties":{"name":"North 7th Avenue","highway":"secondary","osm":"way/436951923"},"geometry":{"type":"LineString","coordinates":[[-112.08277,33.46274],[-112.08276,33.46224]]}},{"type":"Feature","properties":{"name":"North 7th Avenue","highway":"secondary","osm":"way/436951924"},"geometry":{"type":"LineString","coordinates":[[-112.08267,33.46478],[-112.08265,33.46528]]}},{"type":"Feature","properties":{"name":"North 7th Avenue","highway":"secondary","osm":"way/436951925"},"geometry":{"type":"LineString","coordinates":[[-112.08265,33.46528],[-112.08265,33.46583]]}},{"type":"Feature","properties":{"name":"North 7th Avenue","highway":"secondary","osm":"way/436951926"},"geometry":{"type":"LineString","coordinates":[[-112.0826,33.46376],[-112.0826,33.46421]]}},{"type":"Feature","properties":{"name":"North 7th Avenue","highway":"secondary","osm":"way/436951927"},"geometry":{"type":"LineString","coordinates":[[-112.08265,33.45911],[-112.08259,33.45868]]}},{"type":"Feature","properties":{"name":"North 7th Avenue","highway":"secondary","osm":"way/436951928"},"geometry":{"type":"LineString","coordinates":[[-112.0828,33.46416],[-112.08281,33.46377]]}},{"type":"Feature","properties":{"name":"North 7th Avenue","highway":"secondary","osm":"way/436951929"},"geometry":{"type":"LineString","coordinates":[[-112.08259,33.45821],[-112.08259,33.45868]]}},{"type":"Feature","properties":{"name":"North 7th Avenue","highway":"secondary","osm":"way/436951930"},"geometry":{"type":"LineString","coordinates":[[-112.08258,33.46225],[-112.08259,33.46316]]}},{"type":"Feature","properties":{"name":"North 7th Avenue","highway":"secondary","osm":"way/436951931"},"geometry":{"type":"LineString","coordinates":[[-112.08265,33.46583],[-112.08266,33.46608]]}},{"type":"Feature","properties":{"name":"North 7th Avenue","highway":"secondary","osm":"way/436951934"},"geometry":{"type":"LineString","coordinates":[[-112.0826,33.46421],[-112.08267,33.46478]]}},{"type":"Feature","properties":{"name":"North 7th Avenue","highway":"secondary","osm":"way/436951935"},"geometry":{"type":"LineString","coordinates":[[-112.08281,33.46377],[-112.08277,33.46274]]}},{"type":"Feature","properties":{"name":"East Van Buren Street","highway":"primary","osm":"way/436952386"},"geometry":{"type":"LineString","coordinates":[[-112.02086,33.45131],[-112.02155,33.45132]]}},{"type":"Feature","properties":{"name":"East Van Buren Street","highway":"primary","osm":"way/436952387"},"geometry":{"type":"LineString","coordinates":[[-112.02949,33.45134],[-112.03019,33.45135]]}},{"type":"Feature","properties":{"name":"East Van Buren Street","highway":"primary","osm":"way/436952388"},"geometry":{"type":"LineString","coordinates":[[-112.03019,33.45135],[-112.03111,33.45135]]}},{"type":"Feature","properties":{"name":"East Van Buren Street","highway":"primary","osm":"way/436952389"},"geometry":{"type":"LineString","coordinates":[[-112.02155,33.45132],[-112.02223,33.45132]]}},{"type":"Feature","properties":{"name":"East Van Buren Street","highway":"primary","osm":"way/436952390"},"geometry":{"type":"LineString","coordinates":[[-112.01389,33.45129],[-112.02086,33.45131]]}},{"type":"Feature","properties":{"name":"East Van Buren Street","highway":"primary","osm":"way/436952391"},"geometry":{"type":"LineString","coordinates":[[-112.02223,33.45132],[-112.02949,33.45134]]}},{"type":"Feature","properties":{"name":"North 24th Street","highway":"secondary","osm":"way/436952403"},"geometry":{"type":"LineString","coordinates":[[-112.0302,33.45047],[-112.0302,33.44931]]}},{"type":"Feature","properties":{"name":"North 24th Street","highway":"secondary","osm":"way/436952406"},"geometry":{"type":"LineString","coordinates":[[-112.03019,33.4522],[-112.03019,33.45135]]}},{"type":"Feature","properties":{"name":"North 24th Street","highway":"secondary","osm":"way/436952408"},"geometry":{"type":"LineString","coordinates":[[-112.03019,33.45135],[-112.0302,33.45047]]}},{"type":"Feature","properties":{"name":"North 24th Street","highway":"secondary","osm":"way/436952413"},"geometry":{"type":"LineString","coordinates":[[-112.03022,33.45603],[-112.03019,33.4522]]}},{"type":"Feature","properties":{"name":"East Van Buren Street","highway":"primary","osm":"way/436952674"},"geometry":{"type":"LineString","coordinates":[[-112.03899,33.45142],[-112.0396,33.45142]]}},{"type":"Feature","properties":{"name":"East Van Buren Street","highway":"primary","osm":"way/436952675"},"geometry":{"type":"LineString","coordinates":[[-112.03839,33.45142],[-112.03899,33.45142]]}},{"type":"Feature","properties":{"name":"East Van Buren Street","highway":"primary","osm":"way/436952676"},"geometry":{"type":"LineString","coordinates":[[-112.03111,33.45135],[-112.03839,33.45142]]}},{"type":"Feature","properties":{"name":"East McDowell Road","highway":"primary","osm":"way/436955643"},"geometry":{"type":"LineString","coordinates":[[-112.0477,33.46578],[-112.04666,33.46577]]}},{"type":"Feature","properties":{"name":"East McDowell Road","highway":"primary","osm":"way/436955646"},"geometry":{"type":"LineString","coordinates":[[-112.06077,33.46573],[-112.06017,33.46573]]}},{"type":"Feature","properties":{"name":"East McDowell Road","highway":"primary","osm":"way/436955648"},"geometry":{"type":"LineString","coordinates":[[-112.05636,33.46575],[-112.05567,33.46576]]}},{"type":"Feature","properties":{"name":"East McDowell Road","highway":"primary","osm":"way/436955651"},"geometry":{"type":"LineString","coordinates":[[-112.0487,33.46578],[-112.0477,33.46578]]}},{"type":"Feature","properties":{"name":"East McDowell Road","highway":"primary","osm":"way/436955653"},"geometry":{"type":"LineString","coordinates":[[-112.05701,33.46575],[-112.05636,33.46575]]}},{"type":"Feature","properties":{"name":"East McDowell Road","highway":"primary","osm":"way/436955655"},"geometry":{"type":"LineString","coordinates":[[-112.05813,33.46574],[-112.05701,33.46575]]}},{"type":"Feature","properties":{"name":"East McDowell Road","highway":"primary","osm":"way/436955658"},"geometry":{"type":"LineString","coordinates":[[-112.05567,33.46576],[-112.0487,33.46578]]}},{"type":"Feature","properties":{"name":"East Van Buren Street","highway":"primary","osm":"way/436955660"},"geometry":{"type":"LineString","coordinates":[[-112.05953,33.45135],[-112.06144,33.45135]]}},{"type":"Feature","properties":{"name":"East Van Buren Street","highway":"primary","osm":"way/436955662"},"geometry":{"type":"LineString","coordinates":[[-112.04277,33.45142],[-112.04338,33.45142]]}},{"type":"Feature","properties":{"name":"East Van Buren Street","highway":"primary","osm":"way/436955664"},"geometry":{"type":"LineString","coordinates":[[-112.05832,33.45135],[-112.05898,33.45135]]}},{"type":"Feature","properties":{"name":"East Van Buren Street","highway":"primary","osm":"way/436955666"},"geometry":{"type":"LineString","coordinates":[[-112.04711,33.45142],[-112.0477,33.45142]]}},{"type":"Feature","properties":{"name":"East Van Buren Street","highway":"primary","osm":"way/436955669"},"geometry":{"type":"LineString","coordinates":[[-112.0477,33.45142],[-112.04845,33.45142]]}},{"type":"Feature","properties":{"name":"East Van Buren Street","highway":"primary","osm":"way/436955670"},"geometry":{"type":"LineString","coordinates":[[-112.04338,33.45142],[-112.0441,33.45142]]}},{"type":"Feature","properties":{"name":"East Van Buren Street","highway":"primary","osm":"way/436955672"},"geometry":{"type":"LineString","coordinates":[[-112.0396,33.45142],[-112.04277,33.45142]]}},{"type":"Feature","properties":{"name":"East Van Buren Street","highway":"primary","osm":"way/436955674"},"geometry":{"type":"LineString","coordinates":[[-112.0441,33.45142],[-112.04711,33.45142]]}},{"type":"Feature","properties":{"name":"North 16th Street","highway":"secondary","osm":"way/436955677"},"geometry":{"type":"LineString","coordinates":[[-112.04765,33.46251],[-112.04765,33.46262]]}},{"type":"Feature","properties":{"name":"North 16th Street","highway":"secondary","osm":"way/436955679"},"geometry":{"type":"LineString","coordinates":[[-112.04762,33.46158],[-112.04763,33.46169]]}},{"type":"Feature","properties":{"name":"North 16th Street","highway":"secondary","osm":"way/436955680"},"geometry":{"type":"LineString","coordinates":[[-112.04764,33.45928],[-112.04764,33.45954]]}},{"type":"Feature","properties":{"name":"North 16th Street","highway":"secondary","osm":"way/436955681"},"geometry":{"type":"LineString","coordinates":[[-112.04764,33.45916],[-112.04764,33.45928]]}},{"type":"Feature","properties":{"name":"North 16th Street","highway":"secondary","osm":"way/436955682"},"geometry":{"type":"LineString","coordinates":[[-112.04768,33.45483],[-112.04768,33.45524]]}},{"type":"Feature","properties":{"name":"North 16th Street","highway":"secondary","osm":"way/436955683"},"geometry":{"type":"LineString","coordinates":[[-112.0477,33.45209],[-112.04769,33.45433]]}},{"type":"Feature","properties":{"name":"North 16th Street","highway":"secondary","osm":"way/436955684"},"geometry":{"type":"LineString","coordinates":[[-112.04766,33.46052],[-112.04761,33.46121]]}},{"type":"Feature","properties":{"name":"North 16th Street","highway":"secondary","osm":"way/436955685"},"geometry":{"type":"LineString","coordinates":[[-112.04769,33.45433],[-112.04768,33.45483]]}},{"type":"Feature","properties":{"name":"North 16th Street","highway":"secondary","osm":"way/436955686"},"geometry":{"type":"LineString","coordinates":[[-112.04764,33.45872],[-112.04764,33.45916]]}},{"type":"Feature","properties":{"name":"North 16th Street","highway":"secondary","osm":"way/436955687"},"geometry":{"type":"LineString","coordinates":[[-112.04775,33.44996],[-112.04772,33.4509]]}},{"type":"Feature","properties":{"name":"North 16th Street","highway":"secondary","osm":"way/436955688"},"geometry":{"type":"LineString","coordinates":[[-112.04775,33.46077],[-112.04766,33.46052]]}},{"type":"Feature","properties":{"name":"North 16th Street","highway":"secondary","osm":"way/436955689"},"geometry":{"type":"LineString","coordinates":[[-112.04764,33.45954],[-112.04766,33.46052]]}},{"type":"Feature","properties":{"name":"North 16th Street","highway":"secondary","osm":"way/436955690"},"geometry":{"type":"LineString","coordinates":[[-112.04772,33.4509],[-112.0477,33.45142]]}},{"type":"Feature","properties":{"name":"North 16th Street","highway":"secondary","osm":"way/436955691"},"geometry":{"type":"LineString","coordinates":[[-112.04764,33.45817],[-112.04764,33.45872]]}},{"type":"Feature","properties":{"name":"North 16th Street","highway":"secondary","osm":"way/436955692"},"geometry":{"type":"LineString","coordinates":[[-112.0477,33.45142],[-112.0477,33.45209]]}},{"type":"Feature","properties":{"name":"North 16th Street","highway":"secondary","osm":"way/436955693"},"geometry":{"type":"LineString","coordinates":[[-112.04771,33.46489],[-112.0477,33.46578]]}},{"type":"Feature","properties":{"name":"North 16th Street","highway":"secondary","osm":"way/436955694"},"geometry":{"type":"LineString","coordinates":[[-112.0477,33.46578],[-112.0477,33.46632]]}},{"type":"Feature","properties":{"name":"North 16th Street","highway":"secondary","osm":"way/436955695"},"geometry":{"type":"LineString","coordinates":[[-112.04772,33.46357],[-112.04771,33.46489]]}},{"type":"Feature","properties":{"name":null,"highway":"motorway_link","osm":"way/436957205"},"geometry":{"type":"LineString","coordinates":[[-112.04777,33.46157],[-112.04762,33.46158]]}},{"type":"Feature","properties":{"name":null,"highway":"motorway_link","osm":"way/436957208"},"geometry":{"type":"LineString","coordinates":[[-112.0483,33.46158],[-112.04777,33.46157]]}},{"type":"Feature","properties":{"name":"East Van Buren Street","highway":"primary","osm":"way/436961408"},"geometry":{"type":"LineString","coordinates":[[-111.9878,33.45119],[-111.98808,33.4512]]}},{"type":"Feature","properties":{"name":"East Van Buren Street","highway":"primary","osm":"way/436961412"},"geometry":{"type":"LineString","coordinates":[[-111.99079,33.45121],[-111.99135,33.45121]]}},{"type":"Feature","properties":{"name":"East Van Buren Street","highway":"primary","osm":"way/436961415"},"geometry":{"type":"LineString","coordinates":[[-111.98551,33.45117],[-111.98606,33.45117]]}},{"type":"Feature","properties":{"name":"East Van Buren Street","highway":"primary","osm":"way/436961417"},"geometry":{"type":"LineString","coordinates":[[-111.98808,33.4512],[-111.98828,33.4512]]}},{"type":"Feature","properties":{"name":"East Van Buren Street","highway":"primary","osm":"way/436961418"},"geometry":{"type":"LineString","coordinates":[[-111.98482,33.45116],[-111.98551,33.45117]]}},{"type":"Feature","properties":{"name":"East Van Buren Street","highway":"primary","osm":"way/436961419"},"geometry":{"type":"LineString","coordinates":[[-111.98707,33.45119],[-111.98722,33.45119]]}},{"type":"Feature","properties":{"name":"East Van Buren Street","highway":"primary","osm":"way/436961424"},"geometry":{"type":"LineString","coordinates":[[-111.98722,33.45119],[-111.9878,33.45119]]}},{"type":"Feature","properties":{"name":"East Van Buren Street","highway":"primary","osm":"way/436961425"},"geometry":{"type":"LineString","coordinates":[[-111.98606,33.45117],[-111.98707,33.45119]]}},{"type":"Feature","properties":{"name":"East Van Buren Street","highway":"primary","osm":"way/436961428"},"geometry":{"type":"LineString","coordinates":[[-111.98828,33.4512],[-111.99079,33.45121]]}},{"type":"Feature","properties":{"name":"North 44th Street","highway":"primary","osm":"way/436961434"},"geometry":{"type":"LineString","coordinates":[[-111.98724,33.45268],[-111.98723,33.45193]]}},{"type":"Feature","properties":{"name":"North 44th Street","highway":"primary","osm":"way/436961441"},"geometry":{"type":"LineString","coordinates":[[-111.98724,33.45307],[-111.98724,33.45268]]}},{"type":"Feature","properties":{"name":"North 44th Street","highway":"primary","osm":"way/436961446"},"geometry":{"type":"LineString","coordinates":[[-111.98725,33.45518],[-111.98725,33.45474]]}},{"type":"Feature","properties":{"name":"North 44th Street","highway":"primary","osm":"way/436961447"},"geometry":{"type":"LineString","coordinates":[[-111.98722,33.44989],[-111.98722,33.44967]]}},{"type":"Feature","properties":{"name":"North 44th Street","highway":"primary","osm":"way/436961450"},"geometry":{"type":"LineString","coordinates":[[-111.98708,33.45487],[-111.98708,33.45531]]}},{"type":"Feature","properties":{"name":"North 44th Street","highway":"primary","osm":"way/436961455"},"geometry":{"type":"LineString","coordinates":[[-111.98706,33.45225],[-111.98706,33.4523]]}},{"type":"Feature","properties":{"name":"North 44th Street","highway":"primary","osm":"way/436961457"},"geometry":{"type":"LineString","coordinates":[[-111.98708,33.45411],[-111.98708,33.45465]]}},{"type":"Feature","properties":{"name":"North 44th Street","highway":"primary","osm":"way/436961458"},"geometry":{"type":"LineString","coordinates":[[-111.98723,33.4518],[-111.98722,33.45119]]}},{"type":"Feature","properties":{"name":"North 44th Street","highway":"primary","osm":"way/436961459"},"geometry":{"type":"LineString","coordinates":[[-111.98707,33.45119],[-111.98706,33.45225]]}},{"type":"Feature","properties":{"name":"North 44th Street","highway":"primary","osm":"way/436961460"},"geometry":{"type":"LineString","coordinates":[[-111.98706,33.45268],[-111.98708,33.45411]]}},{"type":"Feature","properties":{"name":"North 44th Street","highway":"primary","osm":"way/436961461"},"geometry":{"type":"LineString","coordinates":[[-111.98707,33.45048],[-111.98707,33.45119]]}},{"type":"Feature","properties":{"name":"North 44th Street","highway":"primary","osm":"way/436961466"},"geometry":{"type":"LineString","coordinates":[[-111.98722,33.45119],[-111.98722,33.44989]]}},{"type":"Feature","properties":{"name":"North 44th Street","highway":"primary","osm":"way/436961471"},"geometry":{"type":"LineString","coordinates":[[-111.98722,33.44967],[-111.98723,33.44889]]}},{"type":"Feature","properties":{"name":"North 44th Street","highway":"primary","osm":"way/436961472"},"geometry":{"type":"LineString","coordinates":[[-111.98708,33.44966],[-111.98707,33.45048]]}},{"type":"Feature","properties":{"name":"East Buckeye Road","highway":"secondary","osm":"way/436968067"},"geometry":{"type":"LineString","coordinates":[[-112.0358,33.43671],[-112.03549,33.43671]]}},{"type":"Feature","properties":{"name":"East Buckeye Road","highway":"secondary","osm":"way/436968068"},"geometry":{"type":"LineString","coordinates":[[-112.03341,33.43672],[-112.03299,33.43672]]}},{"type":"Feature","properties":{"name":"East Buckeye Road","highway":"secondary","osm":"way/436968070"},"geometry":{"type":"LineString","coordinates":[[-112.03456,33.43685],[-112.03476,33.43685]]}},{"type":"Feature","properties":{"name":"East Buckeye Road","highway":"secondary","osm":"way/436968071"},"geometry":{"type":"LineString","coordinates":[[-112.03299,33.43672],[-112.03244,33.43672]]}},{"type":"Feature","properties":{"name":"East Buckeye Road","highway":"secondary","osm":"way/436968072"},"geometry":{"type":"LineString","coordinates":[[-112.03244,33.43684],[-112.03353,33.43685]]}},{"type":"Feature","properties":{"name":"East Buckeye Road","highway":"secondary","osm":"way/436968073"},"geometry":{"type":"LineString","coordinates":[[-112.03623,33.43672],[-112.0358,33.43671]]}},{"type":"Feature","properties":{"name":"East Buckeye Road","highway":"secondary","osm":"way/436968074"},"geometry":{"type":"LineString","coordinates":[[-112.03386,33.43685],[-112.03456,33.43685]]}},{"type":"Feature","properties":{"name":"East Buckeye Road","highway":"secondary","osm":"way/436968075"},"geometry":{"type":"LineString","coordinates":[[-112.03183,33.43684],[-112.03244,33.43684]]}},{"type":"Feature","properties":{"name":"East Jefferson Street","highway":"primary","osm":"way/436968076"},"geometry":{"type":"LineString","coordinates":[[-112.02999,33.44712],[-112.02956,33.44712]]}},{"type":"Feature","properties":{"name":"East Jefferson Street","highway":"primary","osm":"way/436968077"},"geometry":{"type":"LineString","coordinates":[[-112.03784,33.4472],[-112.03657,33.44721]]}},{"type":"Feature","properties":{"name":"East Jefferson Street","highway":"primary","osm":"way/436968078"},"geometry":{"type":"LineString","coordinates":[[-112.02956,33.44712],[-112.02932,33.44711]]}},{"type":"Feature","properties":{"name":"East Jefferson Street","highway":"primary","osm":"way/436968079"},"geometry":{"type":"LineString","coordinates":[[-112.03808,33.44737],[-112.03779,33.44737]]}},{"type":"Feature","properties":{"name":"East Jefferson Street","highway":"primary","osm":"way/436968080"},"geometry":{"type":"LineString","coordinates":[[-112.03657,33.44737],[-112.03584,33.44736]]}},{"type":"Feature","properties":{"name":"East Jefferson Street","highway":"primary","osm":"way/436968081"},"geometry":{"type":"LineString","coordinates":[[-112.03185,33.44729],[-112.03019,33.44728]]}},{"type":"Feature","properties":{"name":"Papago Freeway","highway":"motorway","osm":"way/436968082"},"geometry":{"type":"LineString","coordinates":[[-112.03739,33.43438],[-112.0374,33.43497]]}},{"type":"Feature","properties":{"name":"Papago Freeway","highway":"motorway","osm":"way/436968083"},"geometry":{"type":"LineString","coordinates":[[-112.0374,33.43497],[-112.03743,33.43653]]}},{"type":"Feature","properties":{"name":"Papago Freeway","highway":"motorway","osm":"way/436968084"},"geometry":{"type":"LineString","coordinates":[[-112.03737,33.43385],[-112.03739,33.43438]]}},{"type":"Feature","properties":{"name":"East Washington Street","highway":"primary","osm":"way/436968086"},"geometry":{"type":"LineString","coordinates":[[-112.03562,33.44835],[-112.03586,33.44835]]}},{"type":"Feature","properties":{"name":"East Washington Street","highway":"primary","osm":"way/436968087"},"geometry":{"type":"LineString","coordinates":[[-112.03541,33.44835],[-112.03562,33.44835]]}},{"type":"Feature","properties":{"name":"East Washington Street","highway":"primary","osm":"way/436968088"},"geometry":{"type":"LineString","coordinates":[[-112.03586,33.44835],[-112.03611,33.44835]]}},{"type":"Feature","properties":{"name":"East Washington Street","highway":"primary","osm":"way/436968089"},"geometry":{"type":"LineString","coordinates":[[-112.02903,33.4483],[-112.02914,33.44831]]}},{"type":"Feature","properties":{"name":"East Washington Street","highway":"primary","osm":"way/436968090"},"geometry":{"type":"LineString","coordinates":[[-112.03336,33.44834],[-112.03376,33.44834]]}},{"type":"Feature","properties":{"name":"East Washington Street","highway":"primary","osm":"way/436968091"},"geometry":{"type":"LineString","coordinates":[[-112.03655,33.44835],[-112.03677,33.44835]]}},{"type":"Feature","properties":{"name":"East Washington Street","highway":"primary","osm":"way/436968092"},"geometry":{"type":"LineString","coordinates":[[-112.03655,33.4482],[-112.03774,33.44821]]}},{"type":"Feature","properties":{"name":"East Washington Street","highway":"primary","osm":"way/436968093"},"geometry":{"type":"LineString","coordinates":[[-112.03677,33.44835],[-112.03806,33.44836]]}},{"type":"Feature","properties":{"name":"East Washington Street","highway":"primary","osm":"way/436968094"},"geometry":{"type":"LineString","coordinates":[[-112.03774,33.44821],[-112.03806,33.44822]]}},{"type":"Feature","properties":{"name":"East Washington Street","highway":"primary","osm":"way/436968095"},"geometry":{"type":"LineString","coordinates":[[-112.03376,33.44834],[-112.03461,33.44835]]}},{"type":"Feature","properties":{"name":"East Washington Street","highway":"primary","osm":"way/436968096"},"geometry":{"type":"LineString","coordinates":[[-112.0206,33.4483],[-112.02158,33.4483]]}},{"type":"Feature","properties":{"name":"East Washington Street","highway":"primary","osm":"way/436968097"},"geometry":{"type":"LineString","coordinates":[[-112.0167,33.44828],[-112.01725,33.44827]]}},{"type":"Feature","properties":{"name":"East Washington Street","highway":"primary","osm":"way/436968098"},"geometry":{"type":"LineString","coordinates":[[-112.01836,33.4481],[-112.01726,33.44809]]}},{"type":"Feature","properties":{"name":"East Washington Street","highway":"primary","osm":"way/436968099"},"geometry":{"type":"LineString","coordinates":[[-112.03019,33.44832],[-112.03336,33.44834]]}},{"type":"Feature","properties":{"name":"East Washington Street","highway":"primary","osm":"way/436968100"},"geometry":{"type":"LineString","coordinates":[[-112.02264,33.44812],[-112.02157,33.44813]]}},{"type":"Feature","properties":{"name":"East Washington Street","highway":"primary","osm":"way/436968101"},"geometry":{"type":"LineString","coordinates":[[-112.02496,33.44815],[-112.02264,33.44812]]}},{"type":"Feature","properties":{"name":"East Washington Street","highway":"primary","osm":"way/436968102"},"geometry":{"type":"LineString","coordinates":[[-112.02157,33.44813],[-112.01836,33.4481]]}},{"type":"Feature","properties":{"name":"East Washington Street","highway":"primary","osm":"way/436968103"},"geometry":{"type":"LineString","coordinates":[[-112.01725,33.44827],[-112.0206,33.4483]]}},{"type":"Feature","properties":{"name":"East Washington Street","highway":"primary","osm":"way/436968104"},"geometry":{"type":"LineString","coordinates":[[-112.01291,33.44827],[-112.0167,33.44828]]}},{"type":"Feature","properties":{"name":"Papago Freeway","highway":"motorway","osm":"way/436968105"},"geometry":{"type":"LineString","coordinates":[[-112.03759,33.44077],[-112.0376,33.44034]]}},{"type":"Feature","properties":{"name":"Papago Freeway","highway":"motorway","osm":"way/436968106"},"geometry":{"type":"LineString","coordinates":[[-112.0376,33.44034],[-112.03763,33.43995]]}},{"type":"Feature","properties":{"name":"Papago Freeway","highway":"motorway","osm":"way/436968107"},"geometry":{"type":"LineString","coordinates":[[-112.03763,33.43995],[-112.03786,33.43752]]}},{"type":"Feature","properties":{"name":"North 24th Street","highway":"secondary","osm":"way/436968108"},"geometry":{"type":"LineString","coordinates":[[-112.0302,33.44931],[-112.03019,33.44881]]}},{"type":"Feature","properties":{"name":"South 24th Street","highway":"secondary","osm":"way/436968109"},"geometry":{"type":"LineString","coordinates":[[-112.03449,33.44109],[-112.03475,33.4398]]}},{"type":"Feature","properties":{"name":"South 24th Street","highway":"secondary","osm":"way/436968110"},"geometry":{"type":"LineString","coordinates":[[-112.03456,33.43808],[-112.03456,33.4394]]}},{"type":"Feature","properties":{"name":"South 24th Street","highway":"secondary","osm":"way/436968111"},"geometry":{"type":"LineString","coordinates":[[-112.03027,33.44632],[-112.03026,33.44577]]}},{"type":"Feature","properties":{"name":"South 24th Street","highway":"secondary","osm":"way/436968112"},"geometry":{"type":"LineString","coordinates":[[-112.03458,33.43487],[-112.03457,33.43597]]}},{"type":"Feature","properties":{"name":"South 24th Street","highway":"secondary","osm":"way/436968113"},"geometry":{"type":"LineString","coordinates":[[-112.03476,33.43685],[-112.03476,33.43671]]}},{"type":"Feature","properties":{"name":"South 24th Street","highway":"secondary","osm":"way/436968114"},"geometry":{"type":"LineString","coordinates":[[-112.03457,33.43672],[-112.03456,33.43685]]}},{"type":"Feature","properties":{"name":"South 24th Street","highway":"secondary","osm":"way/436968115"},"geometry":{"type":"LineString","coordinates":[[-112.03027,33.4467],[-112.03027,33.44632]]}},{"type":"Feature","properties":{"name":"South 24th Street","highway":"secondary","osm":"way/436968116"},"geometry":{"type":"LineString","coordinates":[[-112.03026,33.44577],[-112.03026,33.4454]]}},{"type":"Feature","properties":{"name":"South 24th Street","highway":"secondary","osm":"way/436968117"},"geometry":{"type":"LineString","coordinates":[[-112.03458,33.43434],[-112.03458,33.43487]]}},{"type":"Feature","properties":{"name":"South 24th Street","highway":"secondary","osm":"way/436968119"},"geometry":{"type":"LineString","coordinates":[[-112.03479,33.43194],[-112.03479,33.43143]]}},{"type":"Feature","properties":{"name":"South 24th Street","highway":"secondary","osm":"way/436968120"},"geometry":{"type":"LineString","coordinates":[[-112.03457,33.43597],[-112.03457,33.43672]]}},{"type":"Feature","properties":{"name":"South 24th Street","highway":"secondary","osm":"way/436968121"},"geometry":{"type":"LineString","coordinates":[[-112.03009,33.44497],[-112.03007,33.4454]]}},{"type":"Feature","properties":{"name":"South 24th Street","highway":"secondary","osm":"way/436968122"},"geometry":{"type":"LineString","coordinates":[[-112.03475,33.43753],[-112.03476,33.43734]]}},{"type":"Feature","properties":{"name":"South 24th Street","highway":"secondary","osm":"way/436968123"},"geometry":{"type":"LineString","coordinates":[[-112.03019,33.44744],[-112.03019,33.44728]]}},{"type":"Feature","properties":{"name":"South 24th Street","highway":"secondary","osm":"way/436968124"},"geometry":{"type":"LineString","coordinates":[[-112.03011,33.44646],[-112.03018,33.44712]]}},{"type":"Feature","properties":{"name":"South 24th Street","highway":"secondary","osm":"way/436968125"},"geometry":{"type":"LineString","coordinates":[[-112.03476,33.43734],[-112.03476,33.43685]]}},{"type":"Feature","properties":{"name":"South 24th Street","highway":"secondary","osm":"way/436968126"},"geometry":{"type":"LineString","coordinates":[[-112.03018,33.44712],[-112.03027,33.4467]]}},{"type":"Feature","properties":{"name":"South 24th Street","highway":"secondary","osm":"way/436968127"},"geometry":{"type":"LineString","coordinates":[[-112.03019,33.44803],[-112.03019,33.44744]]}},{"type":"Feature","properties":{"name":"South 24th Street","highway":"secondary","osm":"way/436968128"},"geometry":{"type":"LineString","coordinates":[[-112.03007,33.4454],[-112.03011,33.44646]]}},{"type":"Feature","properties":{"name":"South 24th Street","highway":"secondary","osm":"way/436968129"},"geometry":{"type":"LineString","coordinates":[[-112.03395,33.44173],[-112.03449,33.44109]]}},{"type":"Feature","properties":{"name":"South 24th Street","highway":"secondary","osm":"way/436968130"},"geometry":{"type":"LineString","coordinates":[[-112.03455,33.43982],[-112.03456,33.44039]]}},{"type":"Feature","properties":{"name":"South 24th Street","highway":"secondary","osm":"way/436968131"},"geometry":{"type":"LineString","coordinates":[[-112.03456,33.44039],[-112.03434,33.44103]]}},{"type":"Feature","properties":{"name":"South 24th Street","highway":"secondary","osm":"way/436968132"},"geometry":{"type":"LineString","coordinates":[[-112.03476,33.43671],[-112.03479,33.43194]]}},{"type":"Feature","properties":{"name":null,"highway":"motorway_link","osm":"way/436968133"},"geometry":{"type":"LineString","coordinates":[[-112.03806,33.44937],[-112.03808,33.44885]]}},{"type":"Feature","properties":{"name":null,"highway":"motorway_link","osm":"way/436968135"},"geometry":{"type":"LineString","coordinates":[[-112.03699,33.43672],[-112.03699,33.43686]]}},{"type":"Feature","properties":{"name":null,"highway":"secondary_link","osm":"way/436968136"},"geometry":{"type":"LineString","coordinates":[[-112.03299,33.43672],[-112.03299,33.43685]]}},{"type":"Feature","properties":{"name":null,"highway":"motorway_link","osm":"way/436968137"},"geometry":{"type":"LineString","coordinates":[[-112.03807,33.44782],[-112.03808,33.44737]]}},{"type":"Feature","properties":{"name":null,"highway":"motorway_link","osm":"way/436968138"},"geometry":{"type":"LineString","coordinates":[[-112.03655,33.4482],[-112.03655,33.44835]]}},{"type":"Feature","properties":{"name":null,"highway":"motorway_link","osm":"way/436968139"},"geometry":{"type":"LineString","coordinates":[[-112.03656,33.4477],[-112.03655,33.4482]]}},{"type":"Feature","properties":{"name":null,"highway":"motorway_link","osm":"way/436968140"},"geometry":{"type":"LineString","coordinates":[[-112.03806,33.44826],[-112.03807,33.44782]]}},{"type":"Feature","properties":{"name":"East Washington Street","highway":"primary","osm":"way/436969900"},"geometry":{"type":"LineString","coordinates":[[-111.98878,33.44802],[-111.98854,33.44802]]}},{"type":"Feature","properties":{"name":"East Washington Street","highway":"primary","osm":"way/436969905"},"geometry":{"type":"LineString","coordinates":[[-111.98546,33.44803],[-111.98467,33.44799]]}},{"type":"Feature","properties":{"name":"East Washington Street","highway":"primary","osm":"way/436969906"},"geometry":{"type":"LineString","coordinates":[[-111.98723,33.44803],[-111.98707,33.44803]]}},{"type":"Feature","properties":{"name":"East Washington Street","highway":"primary","osm":"way/436969908"},"geometry":{"type":"LineString","coordinates":[[-111.99664,33.44802],[-111.99542,33.44802]]}},{"type":"Feature","properties":{"name":"East Washington Street","highway":"primary","osm":"way/436969909"},"geometry":{"type":"LineString","coordinates":[[-111.99409,33.44821],[-111.99541,33.4482]]}},{"type":"Feature","properties":{"name":"East Washington Street","highway":"primary","osm":"way/436969910"},"geometry":{"type":"LineString","coordinates":[[-111.98598,33.44805],[-111.98546,33.44803]]}},{"type":"Feature","properties":{"name":"East Washington Street","highway":"primary","osm":"way/436969914"},"geometry":{"type":"LineString","coordinates":[[-111.98556,33.44823],[-111.98707,33.44831]]}},{"type":"Feature","properties":{"name":"East Washington Street","highway":"primary","osm":"way/436969917"},"geometry":{"type":"LineString","coordinates":[[-111.99542,33.44802],[-111.99162,33.44807]]}},{"type":"Feature","properties":{"name":"East Washington Street","highway":"primary","osm":"way/436969918"},"geometry":{"type":"LineString","coordinates":[[-111.99092,33.44821],[-111.99409,33.44821]]}},{"type":"Feature","properties":{"name":"North 40th Street","highway":"secondary","osm":"way/436969922"},"geometry":{"type":"LineString","coordinates":[[-111.99538,33.44918],[-111.99538,33.44934]]}},{"type":"Feature","properties":{"name":"North 40th Street","highway":"secondary","osm":"way/436969923"},"geometry":{"type":"LineString","coordinates":[[-111.99539,33.44875],[-111.99538,33.44918]]}},{"type":"Feature","properties":{"name":"North 40th Street","highway":"secondary","osm":"way/436969924"},"geometry":{"type":"LineString","coordinates":[[-111.99541,33.4482],[-111.99539,33.44875]]}},{"type":"Feature","properties":{"name":"North 44th Street","highway":"primary","osm":"way/436969925"},"geometry":{"type":"LineString","coordinates":[[-111.98707,33.44936],[-111.98708,33.44966]]}},{"type":"Feature","properties":{"name":"North 44th Street","highway":"primary","osm":"way/436969926"},"geometry":{"type":"LineString","coordinates":[[-111.98707,33.44831],[-111.98707,33.44936]]}},{"type":"Feature","properties":{"name":"North 44th Street","highway":"primary","osm":"way/436969927"},"geometry":{"type":"LineString","coordinates":[[-111.98723,33.44889],[-111.98723,33.4483]]}},{"type":"Feature","properties":{"name":"South 44th Street","highway":"primary","osm":"way/436969928"},"geometry":{"type":"LineString","coordinates":[[-111.98615,33.4385],[-111.98578,33.43812]]}},{"type":"Feature","properties":{"name":"South 44th Street","highway":"primary","osm":"way/436969929"},"geometry":{"type":"LineString","coordinates":[[-111.98728,33.44479],[-111.98715,33.44585]]}},{"type":"Feature","properties":{"name":"South 44th Street","highway":"primary","osm":"way/436969930"},"geometry":{"type":"LineString","coordinates":[[-111.98578,33.43812],[-111.98513,33.43755]]}},{"type":"Feature","properties":{"name":"South 44th Street","highway":"primary","osm":"way/436969931"},"geometry":{"type":"LineString","coordinates":[[-111.98709,33.44673],[-111.98707,33.44745]]}},{"type":"Feature","properties":{"name":"South 44th Street","highway":"primary","osm":"way/436969932"},"geometry":{"type":"LineString","coordinates":[[-111.98507,33.43762],[-111.98538,33.43789]]}},{"type":"Feature","properties":{"name":"South 44th Street","highway":"primary","osm":"way/436969936"},"geometry":{"type":"LineString","coordinates":[[-111.98538,33.43789],[-111.98569,33.43818]]}},{"type":"Feature","properties":{"name":null,"highway":"primary_link","osm":"way/436969943"},"geometry":{"type":"LineString","coordinates":[[-111.98887,33.43564],[-111.98783,33.43565]]}},{"type":"Feature","properties":{"name":null,"highway":"motorway_link","osm":"way/436969944"},"geometry":{"type":"LineString","coordinates":[[-111.99059,33.43468],[-111.99159,33.43463]]}},{"type":"Feature","properties":{"name":"East Washington Street","highway":"primary","osm":"way/436971738"},"geometry":{"type":"LineString","coordinates":[[-112.01291,33.44809],[-112.00853,33.44807]]}},{"type":"Feature","properties":{"name":"East Washington Street","highway":"primary","osm":"way/436971739"},"geometry":{"type":"LineString","coordinates":[[-112.01399,33.44808],[-112.01291,33.44809]]}},{"type":"Feature","properties":{"name":"East Washington Street","highway":"primary","osm":"way/436971740"},"geometry":{"type":"LineString","coordinates":[[-112.00652,33.44825],[-112.00745,33.44825]]}},{"type":"Feature","properties":{"name":"East Washington Street","highway":"primary","osm":"way/436971741"},"geometry":{"type":"LineString","coordinates":[[-112.00471,33.44806],[-112.00369,33.44806]]}},{"type":"Feature","properties":{"name":"East Washington Street","highway":"primary","osm":"way/436971742"},"geometry":{"type":"LineString","coordinates":[[-111.9982,33.44821],[-111.99908,33.44821]]}},{"type":"Feature","properties":{"name":"East Washington Street","highway":"primary","osm":"way/436971743"},"geometry":{"type":"LineString","coordinates":[[-112.00276,33.44824],[-112.00368,33.44824]]}},{"type":"Feature","properties":{"name":"East Washington Street","highway":"primary","osm":"way/436971744"},"geometry":{"type":"LineString","coordinates":[[-112.00853,33.44807],[-112.00743,33.44807]]}},{"type":"Feature","properties":{"name":"East Washington Street","highway":"primary","osm":"way/436971745"},"geometry":{"type":"LineString","coordinates":[[-112.00011,33.448],[-111.99908,33.448]]}},{"type":"Feature","properties":{"name":"East Washington Street","highway":"primary","osm":"way/436971746"},"geometry":{"type":"LineString","coordinates":[[-111.99908,33.44821],[-112.00276,33.44824]]}},{"type":"Feature","properties":{"name":"East Washington Street","highway":"primary","osm":"way/436971748"},"geometry":{"type":"LineString","coordinates":[[-112.01194,33.44827],[-112.01291,33.44827]]}},{"type":"Feature","properties":{"name":"East Washington Street","highway":"primary","osm":"way/436971751"},"geometry":{"type":"LineString","coordinates":[[-112.00743,33.44807],[-112.00471,33.44806]]}},{"type":"Feature","properties":{"name":"East Washington Street","highway":"primary","osm":"way/436971752"},"geometry":{"type":"LineString","coordinates":[[-112.00368,33.44824],[-112.00652,33.44825]]}},{"type":"Feature","properties":{"name":"East Washington Street","highway":"primary","osm":"way/436971753"},"geometry":{"type":"LineString","coordinates":[[-112.00369,33.44806],[-112.00011,33.448]]}},{"type":"Feature","properties":{"name":"East Washington Street","highway":"primary","osm":"way/436971754"},"geometry":{"type":"LineString","coordinates":[[-112.00745,33.44825],[-112.01194,33.44827]]}},{"type":"Feature","properties":{"name":"North 32nd Street","highway":"secondary","osm":"way/436971755"},"geometry":{"type":"LineString","coordinates":[[-112.01292,33.44917],[-112.01292,33.44976]]}},{"type":"Feature","properties":{"name":"South 32nd Street","highway":"secondary","osm":"way/436971756"},"geometry":{"type":"LineString","coordinates":[[-112.01291,33.44809],[-112.01291,33.44746]]}},{"type":"Feature","properties":{"name":"East University Drive","highway":"primary","osm":"way/436972180"},"geometry":{"type":"LineString","coordinates":[[-112.00451,33.4189],[-112.00423,33.41923]]}},{"type":"Feature","properties":{"name":"East University Drive","highway":"primary","osm":"way/436972181"},"geometry":{"type":"LineString","coordinates":[[-112.00523,33.41834],[-112.00551,33.4181]]}},{"type":"Feature","properties":{"name":"East University Drive","highway":"primary","osm":"way/436972183"},"geometry":{"type":"LineString","coordinates":[[-112.00298,33.42098],[-112.00327,33.42071]]}},{"type":"Feature","properties":{"name":"East University Drive","highway":"primary","osm":"way/436972184"},"geometry":{"type":"LineString","coordinates":[[-112.00413,33.41959],[-112.00433,33.4193]]}},{"type":"Feature","properties":{"name":"East University Drive","highway":"primary","osm":"way/436972185"},"geometry":{"type":"LineString","coordinates":[[-112.00021,33.42191],[-111.99993,33.42191]]}},{"type":"Feature","properties":{"name":"East University Drive","highway":"primary","osm":"way/436972186"},"geometry":{"type":"LineString","coordinates":[[-112.00341,33.42035],[-112.00317,33.42063]]}},{"type":"Feature","properties":{"name":"East University Drive","highway":"primary","osm":"way/436972187"},"geometry":{"type":"LineString","coordinates":[[-112.00197,33.42148],[-112.0016,33.42164]]}},{"type":"Feature","properties":{"name":"East University Drive","highway":"primary","osm":"way/436972189"},"geometry":{"type":"LineString","coordinates":[[-112.00228,33.42132],[-112.00197,33.42148]]}},{"type":"Feature","properties":{"name":"East University Drive","highway":"primary","osm":"way/436972190"},"geometry":{"type":"LineString","coordinates":[[-112.007,33.41685],[-112.00667,33.41708]]}},{"type":"Feature","properties":{"name":"East University Drive","highway":"primary","osm":"way/436972192"},"geometry":{"type":"LineString","coordinates":[[-112.00125,33.42186],[-112.00165,33.42174]]}},{"type":"Feature","properties":{"name":"East University Drive","highway":"primary","osm":"way/436972193"},"geometry":{"type":"LineString","coordinates":[[-112.00423,33.41923],[-112.00341,33.42035]]}},{"type":"Feature","properties":{"name":"East University Drive","highway":"primary","osm":"way/436972194"},"geometry":{"type":"LineString","coordinates":[[-112.00816,33.41595],[-112.00792,33.41618]]}},{"type":"Feature","properties":{"name":"East University Drive","highway":"primary","osm":"way/436972195"},"geometry":{"type":"LineString","coordinates":[[-112.00573,33.41777],[-112.00542,33.41802]]}},{"type":"Feature","properties":{"name":"East University Drive","highway":"primary","osm":"way/436972196"},"geometry":{"type":"LineString","coordinates":[[-112.00895,33.41514],[-112.00913,33.4148]]}},{"type":"Feature","properties":{"name":"East University Drive","highway":"primary","osm":"way/436972198"},"geometry":{"type":"LineString","coordinates":[[-112.00236,33.42141],[-112.00298,33.42098]]}},{"type":"Feature","properties":{"name":"East University Drive","highway":"primary","osm":"way/436972199"},"geometry":{"type":"LineString","coordinates":[[-112.00676,33.41718],[-112.0077,33.41651]]}},{"type":"Feature","properties":{"name":"East University Drive","highway":"primary","osm":"way/436972200"},"geometry":{"type":"LineString","coordinates":[[-112.00165,33.42174],[-112.00236,33.42141]]}},{"type":"Feature","properties":{"name":"East University Drive","highway":"primary","osm":"way/436972201"},"geometry":{"type":"LineString","coordinates":[[-112.0077,33.41651],[-112.00802,33.41626]]}},{"type":"Feature","properties":{"name":"East University Drive","highway":"primary","osm":"way/436972202"},"geometry":{"type":"LineString","coordinates":[[-112.00642,33.41741],[-112.00676,33.41718]]}},{"type":"Feature","properties":{"name":"East University Drive","highway":"primary","osm":"way/436972205"},"geometry":{"type":"LineString","coordinates":[[-112.0016,33.42164],[-112.00021,33.42191]]}},{"type":"Feature","properties":{"name":"East University Drive","highway":"primary","osm":"way/436972206"},"geometry":{"type":"LineString","coordinates":[[-112.00327,33.42071],[-112.00413,33.41959]]}},{"type":"Feature","properties":{"name":"East University Drive","highway":"primary","osm":"way/436972208"},"geometry":{"type":"LineString","coordinates":[[-112.00317,33.42063],[-112.00228,33.42132]]}},{"type":"Feature","properties":{"name":"East University Drive","highway":"primary","osm":"way/436972209"},"geometry":{"type":"LineString","coordinates":[[-112.00667,33.41708],[-112.00573,33.41777]]}},{"type":"Feature","properties":{"name":"East University Drive","highway":"primary","osm":"way/436972210"},"geometry":{"type":"LineString","coordinates":[[-112.00551,33.4181],[-112.00642,33.41741]]}},{"type":"Feature","properties":{"name":"East University Drive","highway":"primary","osm":"way/436972211"},"geometry":{"type":"LineString","coordinates":[[-112.00433,33.4193],[-112.00523,33.41834]]}},{"type":"Feature","properties":{"name":"East University Drive","highway":"primary","osm":"way/436972212"},"geometry":{"type":"LineString","coordinates":[[-112.00542,33.41802],[-112.00451,33.4189]]}},{"type":"Feature","properties":{"name":"East University Drive","highway":"primary","osm":"way/436972213"},"geometry":{"type":"LineString","coordinates":[[-112.00792,33.41618],[-112.007,33.41685]]}},{"type":"Feature","properties":{"name":"East University Drive","highway":"primary","osm":"way/436972214"},"geometry":{"type":"LineString","coordinates":[[-112.00802,33.41626],[-112.00895,33.41514]]}},{"type":"Feature","properties":{"name":"East University Drive","highway":"primary","osm":"way/436972215"},"geometry":{"type":"LineString","coordinates":[[-112.00906,33.41465],[-112.00816,33.41595]]}},{"type":"Feature","properties":{"name":"South 40th Street","highway":"secondary","osm":"way/436972218"},"geometry":{"type":"LineString","coordinates":[[-111.99546,33.4213],[-111.99547,33.42092]]}},{"type":"Feature","properties":{"name":"South 40th Street","highway":"secondary","osm":"way/436972219"},"geometry":{"type":"LineString","coordinates":[[-111.99543,33.41592],[-111.99543,33.41588]]}},{"type":"Feature","properties":{"name":"South 40th Street","highway":"secondary","osm":"way/436972221"},"geometry":{"type":"LineString","coordinates":[[-111.99543,33.41664],[-111.99543,33.41592]]}},{"type":"Feature","properties":{"name":"South 40th Street","highway":"secondary","osm":"way/436972222"},"geometry":{"type":"LineString","coordinates":[[-111.99546,33.4219],[-111.99546,33.4213]]}},{"type":"Feature","properties":{"name":"South 40th Street","highway":"secondary","osm":"way/436972225"},"geometry":{"type":"LineString","coordinates":[[-111.99542,33.41572],[-111.99541,33.41392]]}},{"type":"Feature","properties":{"name":null,"highway":"primary_link","osm":"way/436972226"},"geometry":{"type":"LineString","coordinates":[[-111.99546,33.4213],[-111.99498,33.4219]]}},{"type":"Feature","properties":{"name":"South 24th Street","highway":"secondary","osm":"way/437315048"},"geometry":{"type":"LineString","coordinates":[[-112.03049,33.42623],[-112.03047,33.42568]]}},{"type":"Feature","properties":{"name":"South 24th Street","highway":"secondary","osm":"way/437315049"},"geometry":{"type":"LineString","coordinates":[[-112.03037,33.42252],[-112.03036,33.42346]]}},{"type":"Feature","properties":{"name":"South 24th Street","highway":"secondary","osm":"way/437315050"},"geometry":{"type":"LineString","coordinates":[[-112.03048,33.42293],[-112.03049,33.42252]]}},{"type":"Feature","properties":{"name":"South 24th Street","highway":"secondary","osm":"way/437315051"},"geometry":{"type":"LineString","coordinates":[[-112.03046,33.4254],[-112.03047,33.42463]]}},{"type":"Feature","properties":{"name":"South 24th Street","highway":"secondary","osm":"way/437315052"},"geometry":{"type":"LineString","coordinates":[[-112.03047,33.42463],[-112.03047,33.42402]]}},{"type":"Feature","properties":{"name":"South 24th Street","highway":"secondary","osm":"way/437315053"},"geometry":{"type":"LineString","coordinates":[[-112.03047,33.42402],[-112.03048,33.42293]]}},{"type":"Feature","properties":{"name":"South 24th Street","highway":"secondary","osm":"way/437315054"},"geometry":{"type":"LineString","coordinates":[[-112.03047,33.42568],[-112.03046,33.4254]]}},{"type":"Feature","properties":{"name":"South 24th Street","highway":"secondary","osm":"way/437315055"},"geometry":{"type":"LineString","coordinates":[[-112.03036,33.42346],[-112.03035,33.42403]]}},{"type":"Feature","properties":{"name":"South 24th Street","highway":"secondary","osm":"way/437315056"},"geometry":{"type":"LineString","coordinates":[[-112.03459,33.43134],[-112.03458,33.43434]]}},{"type":"Feature","properties":{"name":"South 24th Street","highway":"secondary","osm":"way/437315057"},"geometry":{"type":"LineString","coordinates":[[-112.03032,33.42098],[-112.03036,33.42213]]}},{"type":"Feature","properties":{"name":"South 24th Street","highway":"secondary","osm":"way/437315058"},"geometry":{"type":"LineString","coordinates":[[-112.03036,33.42213],[-112.03037,33.42252]]}},{"type":"Feature","properties":{"name":"South 24th Street","highway":"secondary","osm":"way/437315059"},"geometry":{"type":"LineString","coordinates":[[-112.03321,33.42943],[-112.03288,33.42934]]}},{"type":"Feature","properties":{"name":"South 24th Street","highway":"secondary","osm":"way/437315060"},"geometry":{"type":"LineString","coordinates":[[-112.03158,33.42895],[-112.03105,33.42858]]}},{"type":"Feature","properties":{"name":"South 24th Street","highway":"secondary","osm":"way/437315061"},"geometry":{"type":"LineString","coordinates":[[-112.03444,33.43071],[-112.03459,33.43134]]}},{"type":"Feature","properties":{"name":"South 24th Street","highway":"secondary","osm":"way/437315062"},"geometry":{"type":"LineString","coordinates":[[-112.03105,33.42858],[-112.0306,33.42789]]}},{"type":"Feature","properties":{"name":"South 24th Street","highway":"secondary","osm":"way/437315063"},"geometry":{"type":"LineString","coordinates":[[-112.03262,33.42927],[-112.03158,33.42895]]}},{"type":"Feature","properties":{"name":"South 24th Street","highway":"secondary","osm":"way/437315064"},"geometry":{"type":"LineString","coordinates":[[-112.03049,33.42252],[-112.03032,33.42098]]}},{"type":"Feature","properties":{"name":null,"highway":"motorway_link","osm":"way/437315065"},"geometry":{"type":"LineString","coordinates":[[-112.0294,33.4269],[-112.03032,33.42708]]}},{"type":"Feature","properties":{"name":"East Washington Street","highway":"primary","osm":"way/437342954"},"geometry":{"type":"LineString","coordinates":[[-112.04642,33.44836],[-112.04666,33.44836]]}},{"type":"Feature","properties":{"name":"East Washington Street","highway":"primary","osm":"way/437342955"},"geometry":{"type":"LineString","coordinates":[[-112.04186,33.44836],[-112.04236,33.44836]]}},{"type":"Feature","properties":{"name":null,"highway":"secondary_link","osm":"way/437342956"},"geometry":{"type":"LineString","coordinates":[[-112.04567,33.43688],[-112.04566,33.43672]]}},{"type":"Feature","properties":{"name":"North Central Avenue","highway":"primary","osm":"way/437355057"},"geometry":{"type":"LineString","coordinates":[[-112.07137,33.44824],[-112.07207,33.44828]]}},{"type":"Feature","properties":{"name":"North Central Avenue","highway":"primary","osm":"way/437355058"},"geometry":{"type":"LineString","coordinates":[[-112.07256,33.44829],[-112.07293,33.44831]]}},{"type":"Feature","properties":{"name":"North Central Avenue","highway":"primary","osm":"way/437355059"},"geometry":{"type":"LineString","coordinates":[[-112.07207,33.44828],[-112.07256,33.44829]]}},{"type":"Feature","properties":{"name":"South 1st Avenue","highway":"primary","osm":"way/437355060"},"geometry":{"type":"LineString","coordinates":[[-112.07511,33.44767],[-112.07511,33.44755]]}},{"type":"Feature","properties":{"name":"South 1st Avenue","highway":"primary","osm":"way/437355061"},"geometry":{"type":"LineString","coordinates":[[-112.0751,33.44823],[-112.07509,33.44808]]}},{"type":"Feature","properties":{"name":"West Washington Street","highway":"secondary","osm":"way/437355062"},"geometry":{"type":"LineString","coordinates":[[-112.08071,33.44823],[-112.08121,33.44823]]}},{"type":"Feature","properties":{"name":"West Washington Street","highway":"secondary","osm":"way/437355063"},"geometry":{"type":"LineString","coordinates":[[-112.0776,33.44824],[-112.07771,33.44824]]}},{"type":"Feature","properties":{"name":"West Washington Street","highway":"secondary","osm":"way/437355064"},"geometry":{"type":"LineString","coordinates":[[-112.07785,33.44824],[-112.07836,33.44824]]}},{"type":"Feature","properties":{"name":"West Washington Street","highway":"secondary","osm":"way/437355065"},"geometry":{"type":"LineString","coordinates":[[-112.0802,33.44823],[-112.08071,33.44823]]}},{"type":"Feature","properties":{"name":"West Washington Street","highway":"secondary","osm":"way/437355066"},"geometry":{"type":"LineString","coordinates":[[-112.07733,33.44824],[-112.0776,33.44824]]}},{"type":"Feature","properties":{"name":null,"highway":"primary_link","osm":"way/437355068"},"geometry":{"type":"LineString","coordinates":[[-112.06523,33.43543],[-112.06505,33.43543]]}},{"type":"Feature","properties":{"name":null,"highway":"primary_link","osm":"way/437355069"},"geometry":{"type":"LineString","coordinates":[[-112.06505,33.43872],[-112.06524,33.43872]]}},{"type":"Feature","properties":{"name":"East Highland Avenue","highway":"secondary","osm":"way/437356285"},"geometry":{"type":"LineString","coordinates":[[-112.04688,33.50561],[-112.04677,33.50561]]}},{"type":"Feature","properties":{"name":"North Central Avenue","highway":"primary","osm":"way/437360244"},"geometry":{"type":"LineString","coordinates":[[-112.07393,33.45422],[-112.07393,33.45438]]}},{"type":"Feature","properties":{"name":"North Central Avenue","highway":"primary","osm":"way/437360245"},"geometry":{"type":"LineString","coordinates":[[-112.07379,33.45778],[-112.07379,33.45785]]}},{"type":"Feature","properties":{"name":"North Central Avenue","highway":"primary","osm":"way/437360246"},"geometry":{"type":"LineString","coordinates":[[-112.07393,33.45438],[-112.07393,33.45627]]}},{"type":"Feature","properties":{"name":"Papago Freeway","highway":"motorway","osm":"way/437360247"},"geometry":{"type":"LineString","coordinates":[[-112.06923,33.46219],[-112.06792,33.46222]]}},{"type":"Feature","properties":{"name":"Papago Freeway","highway":"motorway","osm":"way/437360248"},"geometry":{"type":"LineString","coordinates":[[-112.07823,33.46183],[-112.08055,33.46147]]}},{"type":"Feature","properties":{"name":"Papago Freeway","highway":"motorway","osm":"way/437360249"},"geometry":{"type":"LineString","coordinates":[[-112.08055,33.46147],[-112.08185,33.46127]]}},{"type":"Feature","properties":{"name":"Papago Freeway","highway":"motorway","osm":"way/437360250"},"geometry":{"type":"LineString","coordinates":[[-112.06792,33.46222],[-112.06655,33.46213]]}},{"type":"Feature","properties":{"name":null,"highway":"motorway_link","osm":"way/437360251"},"geometry":{"type":"LineString","coordinates":[[-112.06855,33.46246],[-112.06917,33.46245]]}},{"type":"Feature","properties":{"name":"North 17th Avenue","highway":"secondary","osm":"way/437370409"},"geometry":{"type":"LineString","coordinates":[[-112.09582,33.45079],[-112.09576,33.4513]]}},{"type":"Feature","properties":{"name":"West Van Buren Street","highway":"primary","osm":"way/437370412"},"geometry":{"type":"LineString","coordinates":[[-112.09508,33.45131],[-112.09576,33.4513]]}},{"type":"Feature","properties":{"name":"West Camelback Road","highway":"primary","osm":"way/437374954"},"geometry":{"type":"LineString","coordinates":[[-112.07603,33.50918],[-112.07587,33.50918]]}},{"type":"Feature","properties":{"name":"West Camelback Road","highway":"primary","osm":"way/437374955"},"geometry":{"type":"LineString","coordinates":[[-112.07587,33.50918],[-112.07499,33.50927]]}},{"type":"Feature","properties":{"name":"East Thomas Road","highway":"secondary","osm":"way/437457275"},"geometry":{"type":"LineString","coordinates":[[-112.05905,33.48022],[-112.05845,33.48023]]}},{"type":"Feature","properties":{"name":"East Thomas Road","highway":"secondary","osm":"way/437457277"},"geometry":{"type":"LineString","coordinates":[[-112.05687,33.48022],[-112.05637,33.48022]]}},{"type":"Feature","properties":{"name":"East Thomas Road","highway":"secondary","osm":"way/437457278"},"geometry":{"type":"LineString","coordinates":[[-112.05845,33.48023],[-112.05687,33.48022]]}},{"type":"Feature","properties":{"name":"North 40th Street","highway":"secondary","osm":"way/437467850"},"geometry":{"type":"LineString","coordinates":[[-111.99531,33.45143],[-111.99529,33.45211]]}},{"type":"Feature","properties":{"name":null,"highway":"primary_link","osm":"way/437469577"},"geometry":{"type":"LineString","coordinates":[[-111.98731,33.43678],[-111.98784,33.43678]]}},{"type":"Feature","properties":{"name":"West Thomas Road","highway":"secondary","osm":"way/437487606"},"geometry":{"type":"LineString","coordinates":[[-112.08763,33.4804],[-112.0886,33.48042]]}},{"type":"Feature","properties":{"name":"West Thomas Road","highway":"secondary","osm":"way/437487607"},"geometry":{"type":"LineString","coordinates":[[-112.0886,33.48042],[-112.08919,33.48042]]}},{"type":"Feature","properties":{"name":"East McDowell Road","highway":"primary","osm":"way/437488608"},"geometry":{"type":"LineString","coordinates":[[-112.05881,33.46574],[-112.05813,33.46574]]}},{"type":"Feature","properties":{"name":"East McDowell Road","highway":"primary","osm":"way/437488609"},"geometry":{"type":"LineString","coordinates":[[-112.06017,33.46573],[-112.05881,33.46574]]}},{"type":"Feature","properties":{"name":"North 16th Street","highway":"secondary","osm":"way/437488610"},"geometry":{"type":"LineString","coordinates":[[-112.0478,33.46263],[-112.0478,33.46251]]}},{"type":"Feature","properties":{"name":"Papago Freeway","highway":"motorway","osm":"way/437491399"},"geometry":{"type":"LineString","coordinates":[[-112.03757,33.45114],[-112.03758,33.45042]]}},{"type":"Feature","properties":{"name":"Papago Freeway","highway":"motorway","osm":"way/437491911"},"geometry":{"type":"LineString","coordinates":[[-112.0378,33.43114],[-112.0378,33.43092]]}},{"type":"Feature","properties":{"name":"Maricopa Freeway","highway":"motorway","osm":"way/437491912"},"geometry":{"type":"LineString","coordinates":[[-112.02653,33.42546],[-112.02614,33.42529]]}},{"type":"Feature","properties":{"name":"Papago Freeway","highway":"motorway","osm":"way/437491913"},"geometry":{"type":"LineString","coordinates":[[-112.0378,33.43092],[-112.03759,33.42942]]}},{"type":"Feature","properties":{"name":"Maricopa Freeway","highway":"motorway","osm":"way/437491914"},"geometry":{"type":"LineString","coordinates":[[-112.02214,33.42286],[-112.0205,33.42139]]}},{"type":"Feature","properties":{"name":"South 24th Street","highway":"secondary","osm":"way/437491915"},"geometry":{"type":"LineString","coordinates":[[-112.03034,33.42497],[-112.03034,33.4254]]}},{"type":"Feature","properties":{"name":"South 24th Street","highway":"secondary","osm":"way/437491916"},"geometry":{"type":"LineString","coordinates":[[-112.03288,33.42934],[-112.03262,33.42927]]}},{"type":"Feature","properties":{"name":"South 24th Street","highway":"secondary","osm":"way/437491917"},"geometry":{"type":"LineString","coordinates":[[-112.03047,33.42736],[-112.03046,33.42709]]}},{"type":"Feature","properties":{"name":"South 24th Street","highway":"secondary","osm":"way/437491918"},"geometry":{"type":"LineString","coordinates":[[-112.03035,33.42403],[-112.03034,33.42497]]}},{"type":"Feature","properties":{"name":"South 24th Street","highway":"secondary","osm":"way/437491919"},"geometry":{"type":"LineString","coordinates":[[-112.0306,33.42789],[-112.03047,33.42736]]}},{"type":"Feature","properties":{"name":"North 44th Street","highway":"primary","osm":"way/437685900"},"geometry":{"type":"LineString","coordinates":[[-111.98706,33.4523],[-111.98706,33.45268]]}},{"type":"Feature","properties":{"name":"West Whitton Avenue","highway":"residential","osm":"way/440866282"},"geometry":{"type":"LineString","coordinates":[[-112.0933,33.48914],[-112.09437,33.48952],[-112.09994,33.48956]]}},{"type":"Feature","properties":{"name":"West Jefferson Street","highway":"secondary","osm":"way/442856286"},"geometry":{"type":"LineString","coordinates":[[-112.097,33.447],[-112.09582,33.447]]}},{"type":"Feature","properties":{"name":"East Gateway Boulevard","highway":"unclassified","osm":"way/445427737"},"geometry":{"type":"LineString","coordinates":[[-111.98551,33.45468],[-111.98619,33.45469]]}},{"type":"Feature","properties":{"name":"North 44th Street","highway":"primary","osm":"way/445428154"},"geometry":{"type":"LineString","coordinates":[[-111.98725,33.45465],[-111.98724,33.45307]]}},{"type":"Feature","properties":{"name":"East Gateway Boulevard","highway":"unclassified","osm":"way/445428155"},"geometry":{"type":"LineString","coordinates":[[-111.98934,33.45474],[-111.98708,33.45465]]}},{"type":"Feature","properties":{"name":"East Gateway Boulevard","highway":"unclassified","osm":"way/445428156"},"geometry":{"type":"LineString","coordinates":[[-111.98934,33.45474],[-111.99078,33.45469]]}},{"type":"Feature","properties":{"name":"North 44th Street","highway":"primary","osm":"way/445428157"},"geometry":{"type":"LineString","coordinates":[[-111.98708,33.45474],[-111.98708,33.45487]]}},{"type":"Feature","properties":{"name":"East Gateway Boulevard","highway":"unclassified","osm":"way/445428158"},"geometry":{"type":"LineString","coordinates":[[-111.98619,33.45469],[-111.98648,33.45473]]}},{"type":"Feature","properties":{"name":"East Gateway Boulevard","highway":"unclassified","osm":"way/445428262"},"geometry":{"type":"LineString","coordinates":[[-111.98916,33.4547],[-111.98875,33.45439]]}},{"type":"Feature","properties":{"name":"North 42nd Street","highway":"unclassified","osm":"way/445428263"},"geometry":{"type":"LineString","coordinates":[[-111.99078,33.45469],[-111.99093,33.45251]]}},{"type":"Feature","properties":{"name":"North Gateway Boulevard","highway":"unclassified","osm":"way/445428264"},"geometry":{"type":"LineString","coordinates":[[-111.98873,33.45428],[-111.98838,33.45465]]}},{"type":"Feature","properties":{"name":"North Gateway Boulevard","highway":"unclassified","osm":"way/445428417"},"geometry":{"type":"LineString","coordinates":[[-111.98925,33.45262],[-111.99052,33.45229]]}},{"type":"Feature","properties":{"name":"North 42nd Street","highway":"unclassified","osm":"way/445428418"},"geometry":{"type":"LineString","coordinates":[[-111.99093,33.45251],[-111.99089,33.45205]]}},{"type":"Feature","properties":{"name":"North Gateway Boulevard","highway":"unclassified","osm":"way/445428419"},"geometry":{"type":"LineString","coordinates":[[-111.99135,33.45121],[-111.99111,33.4519],[-111.99052,33.45229]]}},{"type":"Feature","properties":{"name":"North Gateway Boulevard","highway":"unclassified","osm":"way/445428480"},"geometry":{"type":"LineString","coordinates":[[-111.99052,33.45229],[-111.99123,33.45193],[-111.99135,33.45121]]}},{"type":"Feature","properties":{"name":"North 42nd Street","highway":"unclassified","osm":"way/445428483"},"geometry":{"type":"LineString","coordinates":[[-111.99093,33.45251],[-111.99116,33.452]]}},{"type":"Feature","properties":{"name":"North 42nd Street","highway":"unclassified","osm":"way/445428484"},"geometry":{"type":"LineString","coordinates":[[-111.9906,33.45229],[-111.99093,33.45251]]}},{"type":"Feature","properties":{"name":null,"highway":"motorway_link","osm":"way/449373019"},"geometry":{"type":"LineString","coordinates":[[-112.03833,33.43618],[-112.03812,33.43474]]}},{"type":"Feature","properties":{"name":"East Sky Harbor Boulevard","highway":"motorway","osm":"way/449373026"},"geometry":{"type":"LineString","coordinates":[[-112.03779,33.44047],[-112.03828,33.43948]]}},{"type":"Feature","properties":{"name":"East Sky Harbor Boulevard","highway":"motorway","osm":"way/449373032"},"geometry":{"type":"LineString","coordinates":[[-112.037,33.43957],[-112.03706,33.44104]]}},{"type":"Feature","properties":{"name":null,"highway":"motorway_link","osm":"way/449374146"},"geometry":{"type":"LineString","coordinates":[[-112.03658,33.44669],[-112.03657,33.44721]]}},{"type":"Feature","properties":{"name":null,"highway":"secondary_link","osm":"way/449608683"},"geometry":{"type":"LineString","coordinates":[[-112.04004,33.43689],[-112.04092,33.43672]]}},{"type":"Feature","properties":{"name":"East Buckeye Road","highway":"secondary","osm":"way/449608685"},"geometry":{"type":"LineString","coordinates":[[-112.05516,33.43681],[-112.05474,33.43681]]}},{"type":"Feature","properties":{"name":"East Buckeye Road","highway":"secondary","osm":"way/449608686"},"geometry":{"type":"LineString","coordinates":[[-112.05474,33.43681],[-112.05265,33.4368]]}},{"type":"Feature","properties":{"name":"East Buckeye Road","highway":"secondary","osm":"way/449608687"},"geometry":{"type":"LineString","coordinates":[[-112.05474,33.43681],[-112.05516,33.43681]]}},{"type":"Feature","properties":{"name":"East Brill Street","highway":"residential","osm":"way/450895072"},"geometry":{"type":"LineString","coordinates":[[-112.06077,33.46467],[-112.06467,33.46468]]}},{"type":"Feature","properties":{"name":"East Brill Street","highway":"residential","osm":"way/450896339"},"geometry":{"type":"LineString","coordinates":[[-112.06503,33.46438],[-112.06467,33.46468]]}},{"type":"Feature","properties":{"name":"East Brill Street","highway":"residential","osm":"way/450896340"},"geometry":{"type":"LineString","coordinates":[[-112.06467,33.46468],[-112.06503,33.46488]]}},{"type":"Feature","properties":{"name":"North 4th Street","highway":"residential","osm":"way/451065770"},"geometry":{"type":"LineString","coordinates":[[-112.06799,33.49282],[-112.06798,33.49478]]}},{"type":"Feature","properties":{"name":"North 4th Street","highway":"residential","osm":"way/451065771"},"geometry":{"type":"LineString","coordinates":[[-112.06799,33.49272],[-112.06799,33.49282]]}},{"type":"Feature","properties":{"name":"North 6th Street","highway":"residential","osm":"way/451065772"},"geometry":{"type":"LineString","coordinates":[[-112.06654,33.49111],[-112.06653,33.49269]]}},{"type":"Feature","properties":{"name":"North 7th Street","highway":"primary","osm":"way/451474220"},"geometry":{"type":"LineString","coordinates":[[-112.06525,33.46326],[-112.06527,33.46259]]}},{"type":"Feature","properties":{"name":"North 7th Street","highway":"primary","osm":"way/451474221"},"geometry":{"type":"LineString","coordinates":[[-112.06529,33.46122],[-112.06531,33.46036]]}},{"type":"Feature","properties":{"name":"North 7th Street","highway":"primary","osm":"way/451474222"},"geometry":{"type":"LineString","coordinates":[[-112.06525,33.45866],[-112.06514,33.45956]]}},{"type":"Feature","properties":{"name":"East Van Buren Street","highway":"primary","osm":"way/451476501"},"geometry":{"type":"LineString","coordinates":[[-112.06516,33.45137],[-112.06588,33.45143]]}},{"type":"Feature","properties":{"name":"South 7th Street","highway":"primary","osm":"way/451492169"},"geometry":{"type":"LineString","coordinates":[[-112.06547,33.44235],[-112.06547,33.44217]]}},{"type":"Feature","properties":{"name":"South 7th Street","highway":"primary","osm":"way/451492178"},"geometry":{"type":"LineString","coordinates":[[-112.06531,33.44236],[-112.06532,33.44339]]}},{"type":"Feature","properties":{"name":"South 7th Street","highway":"primary","osm":"way/451492184"},"geometry":{"type":"LineString","coordinates":[[-112.065,33.44704],[-112.06499,33.4471]]}},{"type":"Feature","properties":{"name":"South 7th Street","highway":"primary","osm":"way/451492189"},"geometry":{"type":"LineString","coordinates":[[-112.06519,33.44704],[-112.06518,33.44654]]}},{"type":"Feature","properties":{"name":null,"highway":"primary_link","osm":"way/451505591"},"geometry":{"type":"LineString","coordinates":[[-112.06653,33.45144],[-112.06655,33.45131]]}},{"type":"Feature","properties":{"name":"South 7th Street","highway":"primary","osm":"way/451599941"},"geometry":{"type":"LineString","coordinates":[[-112.06524,33.43712],[-112.06524,33.43683]]}},{"type":"Feature","properties":{"name":"North 16th Street","highway":"secondary","osm":"way/455741185"},"geometry":{"type":"LineString","coordinates":[[-112.04756,33.5098],[-112.04756,33.5099]]}},{"type":"Feature","properties":{"name":"Maricopa Freeway","highway":"motorway","osm":"way/457044604"},"geometry":{"type":"LineString","coordinates":[[-112.04323,33.42741],[-112.04753,33.42738]]}},{"type":"Feature","properties":{"name":"North 16th Street","highway":"secondary","osm":"way/458157278"},"geometry":{"type":"LineString","coordinates":[[-112.04755,33.51282],[-112.04755,33.51288]]}},{"type":"Feature","properties":{"name":"North 7th Avenue","highway":"secondary","osm":"way/458460355"},"geometry":{"type":"LineString","coordinates":[[-112.08249,33.50755],[-112.08249,33.50844]]}},{"type":"Feature","properties":{"name":"West Pierson Street","highway":"residential","osm":"way/458460359"},"geometry":{"type":"LineString","coordinates":[[-112.08693,33.50761],[-112.08249,33.50755]]}},{"type":"Feature","properties":{"name":"West Jefferson Street","highway":"secondary","osm":"way/458469882"},"geometry":{"type":"LineString","coordinates":[[-112.09359,33.44704],[-112.08873,33.44707]]}},{"type":"Feature","properties":{"name":"North Central Avenue","highway":"primary","osm":"way/458932309"},"geometry":{"type":"LineString","coordinates":[[-112.07384,33.45176],[-112.07383,33.45242]]}},{"type":"Feature","properties":{"name":"North Central Avenue","highway":"primary","osm":"way/458932310"},"geometry":{"type":"LineString","coordinates":[[-112.07384,33.45176],[-112.0739,33.45242]]}},{"type":"Feature","properties":{"name":"West Campbell Avenue","highway":"tertiary","osm":"way/459044049"},"geometry":{"type":"LineString","coordinates":[[-112.07812,33.50205],[-112.07882,33.50206]]}},{"type":"Feature","properties":{"name":"West Campbell Avenue","highway":"tertiary","osm":"way/459044050"},"geometry":{"type":"LineString","coordinates":[[-112.07763,33.50204],[-112.07812,33.50205]]}},{"type":"Feature","properties":{"name":"West Minnezona Avenue","highway":"residential","osm":"way/459044096"},"geometry":{"type":"LineString","coordinates":[[-112.07465,33.50337],[-112.07387,33.50337]]}},{"type":"Feature","properties":{"name":"East Jefferson Street","highway":"primary","osm":"way/459560821"},"geometry":{"type":"LineString","coordinates":[[-112.03612,33.44721],[-112.03585,33.44722]]}},{"type":"Feature","properties":{"name":null,"highway":"motorway_link","osm":"way/459571213"},"geometry":{"type":"LineString","coordinates":[[-112.03808,33.44885],[-112.03806,33.44836]]}},{"type":"Feature","properties":{"name":null,"highway":"motorway_link","osm":"way/459571214"},"geometry":{"type":"LineString","coordinates":[[-112.03808,33.44737],[-112.0381,33.4472]]}},{"type":"Feature","properties":{"name":null,"highway":"motorway_link","osm":"way/459571215"},"geometry":{"type":"LineString","coordinates":[[-112.0384,33.43672],[-112.0384,33.43665]]}},{"type":"Feature","properties":{"name":"East Buckeye Road","highway":"secondary","osm":"way/459571216"},"geometry":{"type":"LineString","coordinates":[[-112.03894,33.43672],[-112.0384,33.43672]]}},{"type":"Feature","properties":{"name":"West Earll Drive","highway":"tertiary","osm":"way/460259750"},"geometry":{"type":"LineString","coordinates":[[-112.08091,33.48381],[-112.08182,33.48379]]}},{"type":"Feature","properties":{"name":"West Earll Drive","highway":"tertiary","osm":"way/460259751"},"geometry":{"type":"LineString","coordinates":[[-112.08091,33.48381],[-112.07954,33.48402]]}},{"type":"Feature","properties":{"name":"South 43rd Way","highway":"unclassified","osm":"way/464759619"},"geometry":{"type":"LineString","coordinates":[[-111.98713,33.4228],[-111.98707,33.42413],[-111.98842,33.42417]]}},{"type":"Feature","properties":{"name":"West McKinley Street","highway":"unclassified","osm":"way/467245188"},"geometry":{"type":"LineString","coordinates":[[-112.09565,33.45682],[-112.09772,33.45683]]}},{"type":"Feature","properties":{"name":null,"highway":"residential","osm":"way/468148091"},"geometry":{"type":"LineString","coordinates":[[-112.05762,33.481],[-112.05725,33.48037]]}},{"type":"Feature","properties":{"name":"South 15th Drive","highway":"residential","osm":"way/468890265"},"geometry":{"type":"LineString","coordinates":[[-112.09263,33.43576],[-112.09265,33.43675]]}},{"type":"Feature","properties":{"name":"North 12th Street","highway":"tertiary","osm":"way/469803876"},"geometry":{"type":"LineString","coordinates":[[-112.05632,33.49984],[-112.05634,33.49529]]}},{"type":"Feature","properties":{"name":"East Indian School Road","highway":"secondary","osm":"way/471359472"},"geometry":{"type":"LineString","coordinates":[[-112.04533,33.49467],[-112.04514,33.49467]]}},{"type":"Feature","properties":{"name":"South 14th Street","highway":"residential","osm":"way/475502818"},"geometry":{"type":"LineString","coordinates":[[-112.0521,33.4368],[-112.05212,33.43627]]}},{"type":"Feature","properties":{"name":"West Grant Street","highway":"secondary","osm":"way/487057157"},"geometry":{"type":"LineString","coordinates":[[-112.08098,33.44129],[-112.08186,33.44102]]}},{"type":"Feature","properties":{"name":"East Washington Street","highway":"unclassified","osm":"way/492442984"},"geometry":{"type":"LineString","coordinates":[[-112.06671,33.44837],[-112.0668,33.44837]]}},{"type":"Feature","properties":{"name":"East Washington Street","highway":"unclassified","osm":"way/492442985"},"geometry":{"type":"LineString","coordinates":[[-112.0668,33.44837],[-112.06748,33.44852]]}},{"type":"Feature","properties":{"name":"East Sky Harbor Boulevard","highway":"primary","osm":"way/503704237"},"geometry":{"type":"LineString","coordinates":[[-112.00418,33.43498],[-112.00435,33.43498]]}},{"type":"Feature","properties":{"name":"East Sky Harbor Boulevard","highway":"primary","osm":"way/503704238"},"geometry":{"type":"LineString","coordinates":[[-112.00435,33.43498],[-112.00481,33.43498]]}},{"type":"Feature","properties":{"name":"North 3rd Street","highway":"tertiary","osm":"way/505948721"},"geometry":{"type":"LineString","coordinates":[[-112.06945,33.47969],[-112.06946,33.48024]]}},{"type":"Feature","properties":{"name":"North 3rd Street","highway":"tertiary","osm":"way/505948722"},"geometry":{"type":"LineString","coordinates":[[-112.06946,33.48024],[-112.06946,33.48069]]}},{"type":"Feature","properties":{"name":"North 3rd Street","highway":"tertiary","osm":"way/505951070"},"geometry":{"type":"LineString","coordinates":[[-112.06946,33.48069],[-112.06945,33.48204]]}},{"type":"Feature","properties":{"name":"North 7th Avenue","highway":"secondary","osm":"way/512384939"},"geometry":{"type":"LineString","coordinates":[[-112.08246,33.50103],[-112.08244,33.50209]]}},{"type":"Feature","properties":{"name":"West Campbell Avenue","highway":"tertiary","osm":"way/512385501"},"geometry":{"type":"LineString","coordinates":[[-112.07882,33.50206],[-112.08027,33.50208]]}},{"type":"Feature","properties":{"name":"North 7th Avenue","highway":"secondary","osm":"way/512385502"},"geometry":{"type":"LineString","coordinates":[[-112.08244,33.50278],[-112.08244,33.50287]]}},{"type":"Feature","properties":{"name":"East Monte Vista Road","highway":"residential","osm":"way/512390533"},"geometry":{"type":"LineString","coordinates":[[-112.07292,33.47113],[-112.07373,33.47113]]}},{"type":"Feature","properties":{"name":"North Central Avenue","highway":"primary","osm":"way/512390534"},"geometry":{"type":"LineString","coordinates":[[-112.07372,33.46942],[-112.07373,33.47113]]}},{"type":"Feature","properties":{"name":"East Old Tower Road","highway":"tertiary","osm":"way/512543268"},"geometry":{"type":"LineString","coordinates":[[-112.03045,33.42793],[-112.0306,33.42789]]}},{"type":"Feature","properties":{"name":"South 24th Street","highway":"secondary","osm":"way/512543270"},"geometry":{"type":"LineString","coordinates":[[-112.03032,33.42708],[-112.03045,33.42793]]}},{"type":"Feature","properties":{"name":"North 3rd Street","highway":"residential","osm":"way/512606812"},"geometry":{"type":"LineString","coordinates":[[-112.06995,33.45039],[-112.06995,33.4496]]}},{"type":"Feature","properties":{"name":"North 3rd Street","highway":"residential","osm":"way/512606813"},"geometry":{"type":"LineString","coordinates":[[-112.06999,33.45144],[-112.06998,33.45134]]}},{"type":"Feature","properties":{"name":"North 3rd Street","highway":"residential","osm":"way/512612126"},"geometry":{"type":"LineString","coordinates":[[-112.06997,33.45347],[-112.06997,33.45313]]}},{"type":"Feature","properties":{"name":"North 3rd Street","highway":"residential","osm":"way/512612127"},"geometry":{"type":"LineString","coordinates":[[-112.06999,33.45455],[-112.06999,33.45444]]}},{"type":"Feature","properties":{"name":"East Fillmore Street","highway":"residential","osm":"way/512612128"},"geometry":{"type":"LineString","coordinates":[[-112.0658,33.45442],[-112.06524,33.4545]]}},{"type":"Feature","properties":{"name":"West Indian School Road","highway":"secondary","osm":"way/512614468"},"geometry":{"type":"LineString","coordinates":[[-112.08522,33.49489],[-112.08448,33.49489]]}},{"type":"Feature","properties":{"name":"West Osborn Road","highway":"tertiary","osm":"way/512615525"},"geometry":{"type":"LineString","coordinates":[[-112.08471,33.48769],[-112.09047,33.48775]]}},{"type":"Feature","properties":{"name":"North 7th Avenue","highway":"secondary","osm":"way/512615526"},"geometry":{"type":"LineString","coordinates":[[-112.08315,33.48398],[-112.08318,33.4859]]}},{"type":"Feature","properties":{"name":"East Camelback Road","highway":"primary","osm":"way/512619285"},"geometry":{"type":"LineString","coordinates":[[-112.04631,33.50924],[-112.046,33.50924]]}},{"type":"Feature","properties":{"name":"North 16th Street","highway":"secondary","osm":"way/512647445"},"geometry":{"type":"LineString","coordinates":[[-112.04764,33.49198],[-112.04764,33.49348]]}},{"type":"Feature","properties":{"name":"North 16th Street","highway":"secondary","osm":"way/512647446"},"geometry":{"type":"LineString","coordinates":[[-112.04764,33.49348],[-112.04764,33.49356]]}},{"type":"Feature","properties":{"name":"North Randolph Road","highway":"residential","osm":"way/512649201"},"geometry":{"type":"LineString","coordinates":[[-112.05301,33.48639],[-112.05301,33.4874]]}},{"type":"Feature","properties":{"name":"East Osborn Road","highway":"secondary","osm":"way/512649202"},"geometry":{"type":"LineString","coordinates":[[-112.05301,33.4874],[-112.05202,33.48741]]}},{"type":"Feature","properties":{"name":"East Thomas Road","highway":"secondary","osm":"way/512704344"},"geometry":{"type":"LineString","coordinates":[[-112.05577,33.48022],[-112.05325,33.48023]]}},{"type":"Feature","properties":{"name":"East Thomas Road","highway":"secondary","osm":"way/512705241"},"geometry":{"type":"LineString","coordinates":[[-112.05325,33.48023],[-112.05202,33.48023]]}},{"type":"Feature","properties":{"name":"East Thomas Road","highway":"secondary","osm":"way/512705351"},"geometry":{"type":"LineString","coordinates":[[-112.05202,33.48023],[-112.05106,33.48022]]}},{"type":"Feature","properties":{"name":"North 18th Street","highway":"residential","osm":"way/512706010"},"geometry":{"type":"LineString","coordinates":[[-112.0434,33.44836],[-112.04338,33.44891]]}},{"type":"Feature","properties":{"name":"South 15th Street","highway":"residential","osm":"way/512707241"},"geometry":{"type":"LineString","coordinates":[[-112.04994,33.44659],[-112.04993,33.44717]]}},{"type":"Feature","properties":{"name":"South 15th Street","highway":"residential","osm":"way/512707242"},"geometry":{"type":"LineString","coordinates":[[-112.04993,33.44717],[-112.04992,33.4473]]}},{"type":"Feature","properties":{"name":"North 14th Street","highway":"residential","osm":"way/512707377"},"geometry":{"type":"LineString","coordinates":[[-112.05208,33.44834],[-112.05207,33.4489]]}},{"type":"Feature","properties":{"name":"South 14th Street","highway":"residential","osm":"way/512707460"},"geometry":{"type":"LineString","coordinates":[[-112.05208,33.44715],[-112.05208,33.44663]]}},{"type":"Feature","properties":{"name":"South 14th Street","highway":"residential","osm":"way/512707461"},"geometry":{"type":"LineString","coordinates":[[-112.05208,33.44729],[-112.05208,33.44715]]}},{"type":"Feature","properties":{"name":"South 12th Street","highway":"residential","osm":"way/512707470"},"geometry":{"type":"LineString","coordinates":[[-112.05644,33.44637],[-112.05644,33.44613]]}},{"type":"Feature","properties":{"name":"North 12th Street","highway":"residential","osm":"way/512707547"},"geometry":{"type":"LineString","coordinates":[[-112.05643,33.44831],[-112.05644,33.44888]]}},{"type":"Feature","properties":{"name":"East Sky Harbor Circle South","highway":"tertiary","osm":"way/512708423"},"geometry":{"type":"LineString","coordinates":[[-112.04147,33.4315],[-112.04187,33.43165]]}},{"type":"Feature","properties":{"name":"East Sky Harbor Circle South","highway":"tertiary","osm":"way/512708425"},"geometry":{"type":"LineString","coordinates":[[-112.03535,33.43143],[-112.03606,33.43136]]}},{"type":"Feature","properties":{"name":"East Washington Street","highway":"primary","osm":"way/512791082"},"geometry":{"type":"LineString","coordinates":[[-111.98723,33.4483],[-111.98777,33.44831]]}},{"type":"Feature","properties":{"name":null,"highway":"unclassified","osm":"way/512805430"},"geometry":{"type":"LineString","coordinates":[[-111.98569,33.43818],[-111.98538,33.4384]]}},{"type":"Feature","properties":{"name":"South 17th Avenue","highway":"secondary","osm":"way/516850895"},"geometry":{"type":"LineString","coordinates":[[-112.09584,33.44862],[-112.09588,33.44849]]}},{"type":"Feature","properties":{"name":"West Roosevelt Street","highway":"tertiary","osm":"way/519271829"},"geometry":{"type":"LineString","coordinates":[[-112.08315,33.45868],[-112.09015,33.45866]]}},{"type":"Feature","properties":{"name":"North 5th Avenue","highway":"tertiary","osm":"way/519271830"},"geometry":{"type":"LineString","coordinates":[[-112.08017,33.45473],[-112.08015,33.45172]]}},{"type":"Feature","properties":{"name":"North 3rd Street","highway":"residential","osm":"way/519284988"},"geometry":{"type":"LineString","coordinates":[[-112.06976,33.45868],[-112.06999,33.45802],[-112.06999,33.45455]]}},{"type":"Feature","properties":{"name":"West Hazelwood Street","highway":"residential","osm":"way/519298367"},"geometry":{"type":"LineString","coordinates":[[-112.08131,33.50389],[-112.08245,33.50389]]}},{"type":"Feature","properties":{"name":"North 7th Avenue","highway":"secondary","osm":"way/519298371"},"geometry":{"type":"LineString","coordinates":[[-112.08245,33.50389],[-112.08247,33.50481]]}},{"type":"Feature","properties":{"name":"East Jefferson Street","highway":"primary","osm":"way/519317362"},"geometry":{"type":"LineString","coordinates":[[-112.06499,33.4471],[-112.0621,33.4471]]}},{"type":"Feature","properties":{"name":"South 21st Street","highway":"unclassified","osm":"way/520275232"},"geometry":{"type":"LineString","coordinates":[[-112.03633,33.41832],[-112.03649,33.41975]]}},{"type":"Feature","properties":{"name":"South 23rd Street","highway":"unclassified","osm":"way/520275233"},"geometry":{"type":"LineString","coordinates":[[-112.03186,33.41824],[-112.03204,33.42019]]}},{"type":"Feature","properties":{"name":"East Riverview Drive","highway":"unclassified","osm":"way/520275235"},"geometry":{"type":"LineString","coordinates":[[-112.03063,33.41871],[-112.03186,33.41824],[-112.0386,33.41837]]}},{"type":"Feature","properties":{"name":"North 7th Avenue","highway":"secondary","osm":"way/523682069"},"geometry":{"type":"LineString","coordinates":[[-112.08248,33.51387],[-112.08247,33.51478]]}},{"type":"Feature","properties":{"name":"West Thomas Road","highway":"secondary","osm":"way/523990146"},"geometry":{"type":"LineString","coordinates":[[-112.09055,33.48046],[-112.09138,33.48047]]}},{"type":"Feature","properties":{"name":"West Thomas Road","highway":"secondary","osm":"way/524012672"},"geometry":{"type":"LineString","coordinates":[[-112.08412,33.48037],[-112.08425,33.48037]]}},{"type":"Feature","properties":{"name":"West Thomas Road","highway":"secondary","osm":"way/524013201"},"geometry":{"type":"LineString","coordinates":[[-112.08648,33.48038],[-112.08703,33.48039]]}},{"type":"Feature","properties":{"name":"West Thomas Road","highway":"secondary","osm":"way/524021385"},"geometry":{"type":"LineString","coordinates":[[-112.08425,33.48037],[-112.0847,33.48037]]}},{"type":"Feature","properties":{"name":"West Jefferson Street","highway":"secondary","osm":"way/524050332"},"geometry":{"type":"LineString","coordinates":[[-112.09371,33.44704],[-112.09359,33.44704]]}},{"type":"Feature","properties":{"name":"West Jackson Street","highway":"residential","osm":"way/524115902"},"geometry":{"type":"LineString","coordinates":[[-112.09576,33.44499],[-112.09629,33.44499]]}},{"type":"Feature","properties":{"name":"East Ames Place","highway":"residential","osm":"way/524115909"},"geometry":{"type":"LineString","coordinates":[[-112.06687,33.46095],[-112.06621,33.46095]]}},{"type":"Feature","properties":{"name":"North 5th Way","highway":"residential","osm":"way/524115914"},"geometry":{"type":"LineString","coordinates":[[-112.06651,33.46128],[-112.06651,33.46095]]}},{"type":"Feature","properties":{"name":"North 9th Street","highway":"residential","osm":"way/524121799"},"geometry":{"type":"LineString","coordinates":[[-112.06207,33.45135],[-112.06214,33.45093]]}},{"type":"Feature","properties":{"name":"North 9th Street","highway":"residential","osm":"way/524121800"},"geometry":{"type":"LineString","coordinates":[[-112.06205,33.45093],[-112.06207,33.45135]]}},{"type":"Feature","properties":{"name":"East Indian School Road","highway":"secondary","osm":"way/524284133"},"geometry":{"type":"LineString","coordinates":[[-112.07051,33.4948],[-112.06992,33.4948]]}},{"type":"Feature","properties":{"name":"West Indian School Road","highway":"secondary","osm":"way/524284390"},"geometry":{"type":"LineString","coordinates":[[-112.07492,33.49482],[-112.07477,33.49481]]}},{"type":"Feature","properties":{"name":"North 7th Street","highway":"primary","osm":"way/524290886"},"geometry":{"type":"LineString","coordinates":[[-112.06519,33.46458],[-112.06523,33.46393]]}},{"type":"Feature","properties":{"name":"North 1st Street","highway":"residential","osm":"way/524293374"},"geometry":{"type":"LineString","coordinates":[[-112.07267,33.50741],[-112.07259,33.50775]]}},{"type":"Feature","properties":{"name":"South 44th Street","highway":"primary","osm":"way/524296484"},"geometry":{"type":"LineString","coordinates":[[-111.98728,33.44586],[-111.98775,33.44239],[-111.98724,33.44009]]}},{"type":"Feature","properties":{"name":"East Madison Street","highway":"unclassified","osm":"way/524296485"},"geometry":{"type":"LineString","coordinates":[[-111.98728,33.44586],[-111.98715,33.44585]]}},{"type":"Feature","properties":{"name":"North 3rd Street","highway":"tertiary","osm":"way/524297500"},"geometry":{"type":"LineString","coordinates":[[-112.06945,33.48204],[-112.06945,33.48243]]}},{"type":"Feature","properties":{"name":"East Catalina Drive","highway":"residential","osm":"way/524297507"},"geometry":{"type":"LineString","coordinates":[[-112.06945,33.48204],[-112.07367,33.48205]]}},{"type":"Feature","properties":{"name":"North 3rd Street","highway":"tertiary","osm":"way/524298654"},"geometry":{"type":"LineString","coordinates":[[-112.06944,33.48798],[-112.06944,33.49417]]}},{"type":"Feature","properties":{"name":"West Roosevelt Street","highway":"primary","osm":"way/524307412"},"geometry":{"type":"LineString","coordinates":[[-112.0744,33.45862],[-112.07467,33.45862]]}},{"type":"Feature","properties":{"name":"North 8th Street","highway":"residential","osm":"way/524318188"},"geometry":{"type":"LineString","coordinates":[[-112.06398,33.47637],[-112.06394,33.47657]]}},{"type":"Feature","properties":{"name":"North 8th Street","highway":"residential","osm":"way/524318189"},"geometry":{"type":"LineString","coordinates":[[-112.06398,33.4769],[-112.06397,33.47824]]}},{"type":"Feature","properties":{"name":"East Virginia Avenue","highway":"tertiary","osm":"way/524318190"},"geometry":{"type":"LineString","coordinates":[[-112.06454,33.47661],[-112.06402,33.47657]]}},{"type":"Feature","properties":{"name":"East Virginia Avenue","highway":"tertiary","osm":"way/524318193"},"geometry":{"type":"LineString","coordinates":[[-112.06405,33.47665],[-112.06454,33.47661]]}},{"type":"Feature","properties":{"name":"East Virginia Avenue","highway":"tertiary","osm":"way/524318194"},"geometry":{"type":"LineString","coordinates":[[-112.06362,33.47661],[-112.06392,33.47665]]}},{"type":"Feature","properties":{"name":"North 8th Street","highway":"residential","osm":"way/524318195"},"geometry":{"type":"LineString","coordinates":[[-112.06393,33.47666],[-112.06398,33.4769]]}},{"type":"Feature","properties":{"name":null,"highway":"tertiary","osm":"way/524318196"},"geometry":{"type":"LineString","coordinates":[[-112.06393,33.47658],[-112.06393,33.47658]]}},{"type":"Feature","properties":{"name":"North 8th Street","highway":"residential","osm":"way/524318197"},"geometry":{"type":"LineString","coordinates":[[-112.06398,33.4769],[-112.06403,33.47666]]}},{"type":"Feature","properties":{"name":"East Virginia Avenue","highway":"tertiary","osm":"way/524318198"},"geometry":{"type":"LineString","coordinates":[[-112.06511,33.4766],[-112.06459,33.47661]]}},{"type":"Feature","properties":{"name":"North 6th Street","highway":"residential","osm":"way/524318199"},"geometry":{"type":"LineString","coordinates":[[-112.06651,33.49476],[-112.06651,33.49444]]}},{"type":"Feature","properties":{"name":"West Sells Drive","highway":"residential","osm":"way/524318200"},"geometry":{"type":"LineString","coordinates":[[-112.09041,33.5012],[-112.09045,33.50116]]}},{"type":"Feature","properties":{"name":"North 7th Avenue","highway":"secondary","osm":"way/526806176"},"geometry":{"type":"LineString","coordinates":[[-112.08304,33.47989],[-112.08304,33.48021]]}},{"type":"Feature","properties":{"name":"North 7th Avenue","highway":"secondary","osm":"way/526806178"},"geometry":{"type":"LineString","coordinates":[[-112.08286,33.47266],[-112.08287,33.47303]]}},{"type":"Feature","properties":{"name":"North 7th Avenue","highway":"secondary","osm":"way/526806179"},"geometry":{"type":"LineString","coordinates":[[-112.08284,33.47211],[-112.08286,33.47266]]}},{"type":"Feature","properties":{"name":"West Encanto Boulevard","highway":"tertiary","osm":"way/526806180"},"geometry":{"type":"LineString","coordinates":[[-112.08335,33.47303],[-112.08409,33.47295]]}},{"type":"Feature","properties":{"name":"North 7th Avenue","highway":"secondary","osm":"way/526813897"},"geometry":{"type":"LineString","coordinates":[[-112.08296,33.47671],[-112.08297,33.4772]]}},{"type":"Feature","properties":{"name":"West Virginia Avenue","highway":"residential","osm":"way/526813898"},"geometry":{"type":"LineString","coordinates":[[-112.08042,33.47669],[-112.08296,33.47671]]}},{"type":"Feature","properties":{"name":"North 7th Avenue","highway":"secondary","osm":"way/526813901"},"geometry":{"type":"LineString","coordinates":[[-112.08295,33.47627],[-112.08296,33.47671]]}},{"type":"Feature","properties":{"name":"West Virginia Avenue","highway":"residential","osm":"way/526813903"},"geometry":{"type":"LineString","coordinates":[[-112.08296,33.47671],[-112.08451,33.47673]]}},{"type":"Feature","properties":{"name":"North 7th Avenue","highway":"secondary","osm":"way/526813904"},"geometry":{"type":"LineString","coordinates":[[-112.08297,33.4772],[-112.08304,33.47989]]}},{"type":"Feature","properties":{"name":"North 1st Street","highway":"residential","osm":"way/526859054"},"geometry":{"type":"LineString","coordinates":[[-112.07263,33.50837],[-112.07259,33.50863]]}},{"type":"Feature","properties":{"name":"North 7th Street","highway":"primary","osm":"way/526865918"},"geometry":{"type":"LineString","coordinates":[[-112.0651,33.48111],[-112.06507,33.48651]]}},{"type":"Feature","properties":{"name":"East Verde Lane","highway":"residential","osm":"way/526865919"},"geometry":{"type":"LineString","coordinates":[[-112.0673,33.48112],[-112.0651,33.48111]]}},{"type":"Feature","properties":{"name":"North 7th Avenue","highway":"secondary","osm":"way/527631297"},"geometry":{"type":"LineString","coordinates":[[-112.08247,33.50481],[-112.08247,33.50572]]}},{"type":"Feature","properties":{"name":"West Coolidge Street","highway":"residential","osm":"way/527631298"},"geometry":{"type":"LineString","coordinates":[[-112.07814,33.50477],[-112.08247,33.50481]]}},{"type":"Feature","properties":{"name":"West Thomas Road","highway":"secondary","osm":"way/527663452"},"geometry":{"type":"LineString","coordinates":[[-112.0847,33.48037],[-112.08514,33.48038]]}},{"type":"Feature","properties":{"name":"North 7th Avenue","highway":"secondary","osm":"way/527669053"},"geometry":{"type":"LineString","coordinates":[[-112.08247,33.51478],[-112.08247,33.5157]]}},{"type":"Feature","properties":{"name":"West Georgia Avenue","highway":"residential","osm":"way/527669094"},"geometry":{"type":"LineString","coordinates":[[-112.07463,33.51474],[-112.07814,33.51476]]}},{"type":"Feature","properties":{"name":"West Oregon Avenue","highway":"residential","osm":"way/527669516"},"geometry":{"type":"LineString","coordinates":[[-112.07376,33.51383],[-112.08248,33.51387]]}},{"type":"Feature","properties":{"name":"North 9th Street","highway":"residential","osm":"way/527672772"},"geometry":{"type":"LineString","coordinates":[[-112.0621,33.44881],[-112.06209,33.45039]]}},{"type":"Feature","properties":{"name":null,"highway":"motorway_link","osm":"way/527759136"},"geometry":{"type":"LineString","coordinates":[[-112.03767,33.45102],[-112.03775,33.45061]]}},{"type":"Feature","properties":{"name":null,"highway":"motorway_link","osm":"way/527759137"},"geometry":{"type":"LineString","coordinates":[[-112.03806,33.44836],[-112.03806,33.44826]]}},{"type":"Feature","properties":{"name":null,"highway":"motorway_link","osm":"way/527759138"},"geometry":{"type":"LineString","coordinates":[[-112.03657,33.44737],[-112.03656,33.4477]]}},{"type":"Feature","properties":{"name":null,"highway":"motorway_link","osm":"way/527759139"},"geometry":{"type":"LineString","coordinates":[[-112.03792,33.44514],[-112.03782,33.44468]]}},{"type":"Feature","properties":{"name":null,"highway":"motorway_link","osm":"way/527759140"},"geometry":{"type":"LineString","coordinates":[[-112.03813,33.44648],[-112.03805,33.44572]]}},{"type":"Feature","properties":{"name":"Papago Freeway","highway":"motorway","osm":"way/527759142"},"geometry":{"type":"LineString","coordinates":[[-112.03759,33.44412],[-112.03758,33.44303]]}},{"type":"Feature","properties":{"name":null,"highway":"motorway_link","osm":"way/527759143"},"geometry":{"type":"LineString","coordinates":[[-112.03817,33.44134],[-112.0381,33.44124]]}},{"type":"Feature","properties":{"name":null,"highway":"motorway_link","osm":"way/527759144"},"geometry":{"type":"LineString","coordinates":[[-112.03817,33.44243],[-112.03816,33.44166]]}},{"type":"Feature","properties":{"name":"East Sky Harbor Boulevard","highway":"motorway","osm":"way/527759145"},"geometry":{"type":"LineString","coordinates":[[-112.03685,33.43905],[-112.037,33.43957]]}},{"type":"Feature","properties":{"name":"Papago Freeway","highway":"motorway","osm":"way/527759146"},"geometry":{"type":"LineString","coordinates":[[-112.03736,33.43335],[-112.03737,33.43385]]}},{"type":"Feature","properties":{"name":"Papago Freeway","highway":"motorway","osm":"way/527759147"},"geometry":{"type":"LineString","coordinates":[[-112.03736,33.43169],[-112.03736,33.43234]]}},{"type":"Feature","properties":{"name":"Papago Freeway","highway":"motorway","osm":"way/527759148"},"geometry":{"type":"LineString","coordinates":[[-112.03783,33.43264],[-112.03781,33.43172]]}},{"type":"Feature","properties":{"name":null,"highway":"motorway_link","osm":"way/527816635"},"geometry":{"type":"LineString","coordinates":[[-112.06387,33.46152],[-112.06247,33.46155]]}},{"type":"Feature","properties":{"name":null,"highway":"motorway_link","osm":"way/527816636"},"geometry":{"type":"LineString","coordinates":[[-112.06247,33.46155],[-112.06008,33.4617]]}},{"type":"Feature","properties":{"name":null,"highway":"motorway_link","osm":"way/527816645"},"geometry":{"type":"LineString","coordinates":[[-112.04919,33.46158],[-112.0483,33.46158]]}},{"type":"Feature","properties":{"name":null,"highway":"motorway_link","osm":"way/527816646"},"geometry":{"type":"LineString","coordinates":[[-112.04981,33.46161],[-112.04919,33.46158]]}},{"type":"Feature","properties":{"name":null,"highway":"motorway_link","osm":"way/527816647"},"geometry":{"type":"LineString","coordinates":[[-112.0623,33.46244],[-112.06311,33.46258]]}},{"type":"Feature","properties":{"name":null,"highway":"motorway_link","osm":"way/527816648"},"geometry":{"type":"LineString","coordinates":[[-112.05853,33.46213],[-112.0623,33.46244]]}},{"type":"Feature","properties":{"name":"Papago Freeway","highway":"motorway","osm":"way/527830721"},"geometry":{"type":"LineString","coordinates":[[-112.0544,33.46214],[-112.05853,33.46213]]}},{"type":"Feature","properties":{"name":"North 7th Avenue","highway":"secondary","osm":"way/527863780"},"geometry":{"type":"LineString","coordinates":[[-112.08305,33.48048],[-112.08305,33.48084]]}},{"type":"Feature","properties":{"name":"North 7th Avenue","highway":"secondary","osm":"way/527863797"},"geometry":{"type":"LineString","coordinates":[[-112.08305,33.48084],[-112.08308,33.48192]]}},{"type":"Feature","properties":{"name":"North 7th Avenue","highway":"secondary","osm":"way/527863798"},"geometry":{"type":"LineString","coordinates":[[-112.08349,33.49488],[-112.0835,33.49535]]}},{"type":"Feature","properties":{"name":"North 7th Avenue","highway":"secondary","osm":"way/527863816"},"geometry":{"type":"LineString","coordinates":[[-112.08347,33.49433],[-112.08349,33.49488]]}},{"type":"Feature","properties":{"name":"West Osborn Road","highway":"tertiary","osm":"way/527863817"},"geometry":{"type":"LineString","coordinates":[[-112.08164,33.48759],[-112.08212,33.48759]]}},{"type":"Feature","properties":{"name":"West Osborn Road","highway":"tertiary","osm":"way/527863818"},"geometry":{"type":"LineString","coordinates":[[-112.08212,33.48759],[-112.0826,33.48761]]}},{"type":"Feature","properties":{"name":"North 7th Avenue","highway":"secondary","osm":"way/527863819"},"geometry":{"type":"LineString","coordinates":[[-112.08322,33.48763],[-112.08324,33.48806]]}},{"type":"Feature","properties":{"name":"West Osborn Road","highway":"tertiary","osm":"way/527863820"},"geometry":{"type":"LineString","coordinates":[[-112.08336,33.48764],[-112.08392,33.48767]]}},{"type":"Feature","properties":{"name":"North 7th Avenue","highway":"secondary","osm":"way/527863821"},"geometry":{"type":"LineString","coordinates":[[-112.08318,33.4859],[-112.0832,33.48651]]}},{"type":"Feature","properties":{"name":"West Jefferson Street","highway":"secondary","osm":"way/527866025"},"geometry":{"type":"LineString","coordinates":[[-112.07961,33.44712],[-112.07894,33.44713]]}},{"type":"Feature","properties":{"name":"West Jefferson Street","highway":"secondary","osm":"way/527866026"},"geometry":{"type":"LineString","coordinates":[[-112.07894,33.44713],[-112.07854,33.44713]]}},{"type":"Feature","properties":{"name":"North 16th Street","highway":"secondary","osm":"way/527876975"},"geometry":{"type":"LineString","coordinates":[[-112.04756,33.51336],[-112.04756,33.51342]]}},{"type":"Feature","properties":{"name":"North 7th Avenue","highway":"secondary","osm":"way/527955225"},"geometry":{"type":"LineString","coordinates":[[-112.08259,33.45141],[-112.08259,33.45173]]}},{"type":"Feature","properties":{"name":"West Roosevelt Street","highway":"primary","osm":"way/527976992"},"geometry":{"type":"LineString","coordinates":[[-112.07425,33.45863],[-112.0744,33.45862]]}},{"type":"Feature","properties":{"name":"West Harrison Street","highway":"residential","osm":"way/528072482"},"geometry":{"type":"LineString","coordinates":[[-112.0823,33.44429],[-112.08147,33.44432]]}},{"type":"Feature","properties":{"name":"West Harrison Street","highway":"residential","osm":"way/528072483"},"geometry":{"type":"LineString","coordinates":[[-112.08147,33.44432],[-112.0823,33.44429]]}},{"type":"Feature","properties":{"name":"West Harrison Street","highway":"residential","osm":"way/528072484"},"geometry":{"type":"LineString","coordinates":[[-112.08244,33.44433],[-112.0823,33.44429]]}},{"type":"Feature","properties":{"name":"Grand Avenue","highway":"secondary","osm":"way/528363117"},"geometry":{"type":"LineString","coordinates":[[-112.0968,33.46323],[-112.09788,33.46411]]}},{"type":"Feature","properties":{"name":"Grand Avenue","highway":"secondary","osm":"way/528363121"},"geometry":{"type":"LineString","coordinates":[[-112.09355,33.46053],[-112.09453,33.46136]]}},{"type":"Feature","properties":{"name":"Grand Avenue","highway":"secondary","osm":"way/528363126"},"geometry":{"type":"LineString","coordinates":[[-112.09278,33.4599],[-112.09355,33.46053]]}},{"type":"Feature","properties":{"name":"Grand Avenue","highway":"secondary","osm":"way/528363133"},"geometry":{"type":"LineString","coordinates":[[-112.08312,33.45191],[-112.0833,33.45207]]}},{"type":"Feature","properties":{"name":null,"highway":"motorway_link","osm":"way/528363154"},"geometry":{"type":"LineString","coordinates":[[-112.08852,33.46124],[-112.08809,33.4611]]}},{"type":"Feature","properties":{"name":null,"highway":"motorway_link","osm":"way/528363159"},"geometry":{"type":"LineString","coordinates":[[-112.08154,33.46062],[-112.08079,33.46078]]}},{"type":"Feature","properties":{"name":"Papago Freeway","highway":"motorway","osm":"way/528363163"},"geometry":{"type":"LineString","coordinates":[[-112.07798,33.46146],[-112.07709,33.46145]]}},{"type":"Feature","properties":{"name":null,"highway":"motorway_link","osm":"way/528363171"},"geometry":{"type":"LineString","coordinates":[[-112.06923,33.46201],[-112.06812,33.46189]]}},{"type":"Feature","properties":{"name":null,"highway":"motorway_link","osm":"way/528363173"},"geometry":{"type":"LineString","coordinates":[[-112.06812,33.46189],[-112.06669,33.46164]]}},{"type":"Feature","properties":{"name":null,"highway":"motorway_link","osm":"way/528363175"},"geometry":{"type":"LineString","coordinates":[[-112.06659,33.46302],[-112.06744,33.46296]]}},{"type":"Feature","properties":{"name":null,"highway":"motorway_link","osm":"way/528363178"},"geometry":{"type":"LineString","coordinates":[[-112.06744,33.46296],[-112.06815,33.46287]]}},{"type":"Feature","properties":{"name":"Papago Freeway","highway":"motorway","osm":"way/528363181"},"geometry":{"type":"LineString","coordinates":[[-112.06922,33.46259],[-112.06989,33.46251]]}},{"type":"Feature","properties":{"name":null,"highway":"motorway_link","osm":"way/528363188"},"geometry":{"type":"LineString","coordinates":[[-112.08093,33.46165],[-112.08158,33.46156]]}},{"type":"Feature","properties":{"name":null,"highway":"motorway_link","osm":"way/528363192"},"geometry":{"type":"LineString","coordinates":[[-112.08028,33.46175],[-112.08093,33.46165]]}},{"type":"Feature","properties":{"name":"Maricopa Freeway","highway":"motorway","osm":"way/528417945"},"geometry":{"type":"LineString","coordinates":[[-112.02583,33.42513],[-112.02522,33.42481]]}},{"type":"Feature","properties":{"name":"Maricopa Freeway","highway":"motorway","osm":"way/528417975"},"geometry":{"type":"LineString","coordinates":[[-112.03129,33.42662],[-112.03085,33.42656]]}},{"type":"Feature","properties":{"name":"Maricopa Freeway","highway":"motorway","osm":"way/528418011"},"geometry":{"type":"LineString","coordinates":[[-112.02614,33.42529],[-112.02583,33.42513]]}},{"type":"Feature","properties":{"name":null,"highway":"motorway_link","osm":"way/528418049"},"geometry":{"type":"LineString","coordinates":[[-112.03033,33.42621],[-112.02905,33.42599]]}},{"type":"Feature","properties":{"name":"Maricopa Freeway","highway":"motorway","osm":"way/528705550"},"geometry":{"type":"LineString","coordinates":[[-112.0242,33.42466],[-112.02803,33.42633]]}},{"type":"Feature","properties":{"name":null,"highway":"primary_link","osm":"way/529455883"},"geometry":{"type":"LineString","coordinates":[[-112.07392,33.48259],[-112.07367,33.48205]]}},{"type":"Feature","properties":{"name":"North Central Avenue","highway":"primary","osm":"way/529455884"},"geometry":{"type":"LineString","coordinates":[[-112.07393,33.46881],[-112.07393,33.4681]]}},{"type":"Feature","properties":{"name":"North 7th Street","highway":"primary","osm":"way/529462489"},"geometry":{"type":"LineString","coordinates":[[-112.06513,33.46818],[-112.06512,33.46876]]}},{"type":"Feature","properties":{"name":"North 7th Avenue","highway":"secondary","osm":"way/529470620"},"geometry":{"type":"LineString","coordinates":[[-112.08267,33.46665],[-112.08275,33.46814]]}},{"type":"Feature","properties":{"name":"East Osborn Road","highway":"secondary","osm":"way/529478219"},"geometry":{"type":"LineString","coordinates":[[-112.06029,33.48746],[-112.05706,33.48745]]}},{"type":"Feature","properties":{"name":"East Thomas Road","highway":"secondary","osm":"way/529486149"},"geometry":{"type":"LineString","coordinates":[[-112.05963,33.48022],[-112.05905,33.48022]]}},{"type":"Feature","properties":{"name":"West Thomas Road","highway":"secondary","osm":"way/529486150"},"geometry":{"type":"LineString","coordinates":[[-112.07505,33.48025],[-112.07748,33.48028]]}},{"type":"Feature","properties":{"name":"West Thomas Road","highway":"secondary","osm":"way/529486151"},"geometry":{"type":"LineString","coordinates":[[-112.08514,33.48038],[-112.08648,33.48038]]}},{"type":"Feature","properties":{"name":"East Indian School Road","highway":"secondary","osm":"way/529616250"},"geometry":{"type":"LineString","coordinates":[[-112.06491,33.49473],[-112.0641,33.49473]]}},{"type":"Feature","properties":{"name":"South 7th Street","highway":"primary","osm":"way/529635547"},"geometry":{"type":"LineString","coordinates":[[-112.06511,33.44899],[-112.06512,33.44926]]}},{"type":"Feature","properties":{"name":"South 7th Street","highway":"primary","osm":"way/529635548"},"geometry":{"type":"LineString","coordinates":[[-112.06511,33.44882],[-112.06511,33.44899]]}},{"type":"Feature","properties":{"name":"South 7th Street","highway":"primary","osm":"way/529635549"},"geometry":{"type":"LineString","coordinates":[[-112.06512,33.44926],[-112.06512,33.44951]]}},{"type":"Feature","properties":{"name":"South 7th Street","highway":"primary","osm":"way/529665208"},"geometry":{"type":"LineString","coordinates":[[-112.06524,33.43872],[-112.06524,33.43827]]}},{"type":"Feature","properties":{"name":"North 7th Street","highway":"primary","osm":"way/529665214"},"geometry":{"type":"LineString","coordinates":[[-112.06511,33.46715],[-112.06513,33.46818]]}},{"type":"Feature","properties":{"name":"South 7th Street","highway":"primary","osm":"way/529665348"},"geometry":{"type":"LineString","coordinates":[[-112.06524,33.43902],[-112.06524,33.43872]]}},{"type":"Feature","properties":{"name":"North 1st Avenue","highway":"primary","osm":"way/529678989"},"geometry":{"type":"LineString","coordinates":[[-112.0752,33.45314],[-112.07519,33.45241]]}},{"type":"Feature","properties":{"name":"North 1st Avenue","highway":"primary","osm":"way/529678991"},"geometry":{"type":"LineString","coordinates":[[-112.07519,33.45776],[-112.07521,33.45721]]}},{"type":"Feature","properties":{"name":"North 1st Avenue","highway":"primary","osm":"way/529678993"},"geometry":{"type":"LineString","coordinates":[[-112.07467,33.45862],[-112.07472,33.45855]]}},{"type":"Feature","properties":{"name":"North Central Avenue","highway":"primary","osm":"way/529678995"},"geometry":{"type":"LineString","coordinates":[[-112.07394,33.46104],[-112.07392,33.46069]]}},{"type":"Feature","properties":{"name":"North Central Avenue","highway":"primary_link","osm":"way/529701054"},"geometry":{"type":"LineString","coordinates":[[-112.07393,33.45852],[-112.07405,33.45865]]}},{"type":"Feature","properties":{"name":"East Washington Street","highway":"secondary","osm":"way/529701055"},"geometry":{"type":"LineString","coordinates":[[-112.0734,33.44819],[-112.07371,33.4482]]}},{"type":"Feature","properties":{"name":"East Washington Street","highway":"primary","osm":"way/529701056"},"geometry":{"type":"LineString","coordinates":[[-112.06406,33.44839],[-112.06501,33.44839]]}},{"type":"Feature","properties":{"name":"North 15th Avenue","highway":"tertiary","osm":"way/530443993"},"geometry":{"type":"LineString","coordinates":[[-112.09129,33.45173],[-112.09125,33.45591]]}},{"type":"Feature","properties":{"name":"North 16th Street","highway":"secondary","osm":"way/530902952"},"geometry":{"type":"LineString","coordinates":[[-112.04765,33.46262],[-112.04765,33.46293]]}},{"type":"Feature","properties":{"name":"North 16th Street","highway":"secondary","osm":"way/530902953"},"geometry":{"type":"LineString","coordinates":[[-112.0478,33.46294],[-112.0478,33.46263]]}},{"type":"Feature","properties":{"name":"North 16th Street","highway":"secondary","osm":"way/530902954"},"geometry":{"type":"LineString","coordinates":[[-112.04777,33.46138],[-112.04775,33.46077]]}},{"type":"Feature","properties":{"name":"North 16th Street","highway":"secondary","osm":"way/530902955"},"geometry":{"type":"LineString","coordinates":[[-112.04761,33.46121],[-112.04762,33.46139]]}},{"type":"Feature","properties":{"name":"East Buckeye Road","highway":"secondary","osm":"way/531208954"},"geometry":{"type":"LineString","coordinates":[[-112.064,33.43683],[-112.06034,33.43681]]}},{"type":"Feature","properties":{"name":"West Camelback Road","highway":"primary","osm":"way/531223553"},"geometry":{"type":"LineString","coordinates":[[-112.09806,33.50943],[-112.09656,33.50943]]}},{"type":"Feature","properties":{"name":"West McDowell Road","highway":"primary","osm":"way/531227798"},"geometry":{"type":"LineString","coordinates":[[-112.0778,33.46577],[-112.07826,33.46578]]}},{"type":"Feature","properties":{"name":"East Van Buren Street","highway":"primary","osm":"way/531234413"},"geometry":{"type":"LineString","coordinates":[[-112.06663,33.45143],[-112.0675,33.45144]]}},{"type":"Feature","properties":{"name":"East Van Buren Street","highway":"primary","osm":"way/531234414"},"geometry":{"type":"LineString","coordinates":[[-112.06618,33.45143],[-112.06663,33.45143]]}},{"type":"Feature","properties":{"name":"West Van Buren Street","highway":"primary","osm":"way/531234415"},"geometry":{"type":"LineString","coordinates":[[-112.08338,33.4514],[-112.08482,33.45139]]}},{"type":"Feature","properties":{"name":"West Adams Street","highway":"secondary","osm":"way/531246659"},"geometry":{"type":"LineString","coordinates":[[-112.09721,33.44922],[-112.09822,33.44921]]}},{"type":"Feature","properties":{"name":"West Adams Street","highway":"secondary","osm":"way/531246660"},"geometry":{"type":"LineString","coordinates":[[-112.09584,33.44923],[-112.09664,33.44922]]}},{"type":"Feature","properties":{"name":"West Adams Street","highway":"secondary","osm":"way/531246661"},"geometry":{"type":"LineString","coordinates":[[-112.09511,33.44924],[-112.09584,33.44923]]}},{"type":"Feature","properties":{"name":"West Jefferson Street","highway":"primary","osm":"way/531246662"},"geometry":{"type":"LineString","coordinates":[[-112.0743,33.44717],[-112.07385,33.44716]]}},{"type":"Feature","properties":{"name":"West Jefferson Street","highway":"secondary","osm":"way/531246663"},"geometry":{"type":"LineString","coordinates":[[-112.08019,33.44712],[-112.07961,33.44712]]}},{"type":"Feature","properties":{"name":"West Jefferson Street","highway":"secondary","osm":"way/531246664"},"geometry":{"type":"LineString","coordinates":[[-112.0833,33.4471],[-112.08256,33.4471]]}},{"type":"Feature","properties":{"name":"West Jefferson Street","highway":"secondary","osm":"way/531246665"},"geometry":{"type":"LineString","coordinates":[[-112.09514,33.44701],[-112.09465,33.44702]]}},{"type":"Feature","properties":{"name":"West Jefferson Street","highway":"secondary","osm":"way/531246666"},"geometry":{"type":"LineString","coordinates":[[-112.09465,33.44702],[-112.09371,33.44704]]}},{"type":"Feature","properties":{"name":"West Lincoln Street","highway":"secondary","osm":"way/531250800"},"geometry":{"type":"LineString","coordinates":[[-112.0751,33.4422],[-112.07642,33.44219]]}},{"type":"Feature","properties":{"name":"West Lincoln Street","highway":"secondary","osm":"way/531250801"},"geometry":{"type":"LineString","coordinates":[[-112.07386,33.44218],[-112.0751,33.4422]]}},{"type":"Feature","properties":{"name":"South 24th Street","highway":"secondary","osm":"way/531392866"},"geometry":{"type":"LineString","coordinates":[[-112.03199,33.42929],[-112.03258,33.42944]]}},{"type":"Feature","properties":{"name":"South 24th Street","highway":"secondary","osm":"way/531392868"},"geometry":{"type":"LineString","coordinates":[[-112.03074,33.4285],[-112.03199,33.42929]]}},{"type":"Feature","properties":{"name":"South 24th Street","highway":"secondary","osm":"way/531392871"},"geometry":{"type":"LineString","coordinates":[[-112.03045,33.42793],[-112.03074,33.4285]]}},{"type":"Feature","properties":{"name":"South 24th Street","highway":"secondary","osm":"way/531392874"},"geometry":{"type":"LineString","coordinates":[[-112.03046,33.42709],[-112.03049,33.42623]]}},{"type":"Feature","properties":{"name":"South 24th Street","highway":"secondary","osm":"way/531392875"},"geometry":{"type":"LineString","coordinates":[[-112.03016,33.41925],[-112.03012,33.4188]]}},{"type":"Feature","properties":{"name":"South 24th Street","highway":"secondary","osm":"way/531392876"},"geometry":{"type":"LineString","coordinates":[[-112.03032,33.42098],[-112.03016,33.41925]]}},{"type":"Feature","properties":{"name":"South 24th Street","highway":"secondary","osm":"way/531392877"},"geometry":{"type":"LineString","coordinates":[[-112.03005,33.41801],[-112.03003,33.41778]]}},{"type":"Feature","properties":{"name":"South 1st Avenue","highway":"secondary","osm":"way/531403042"},"geometry":{"type":"LineString","coordinates":[[-112.07507,33.44296],[-112.07509,33.44269]]}},{"type":"Feature","properties":{"name":"South 1st Avenue","highway":"secondary","osm":"way/531403043"},"geometry":{"type":"LineString","coordinates":[[-112.07509,33.44269],[-112.0751,33.4422]]}},{"type":"Feature","properties":{"name":"South 1st Avenue","highway":"secondary","osm":"way/531403044"},"geometry":{"type":"LineString","coordinates":[[-112.07502,33.44634],[-112.07501,33.44608]]}},{"type":"Feature","properties":{"name":"South Central Avenue","highway":"secondary","osm":"way/531403046"},"geometry":{"type":"LineString","coordinates":[[-112.07375,33.44348],[-112.07375,33.44398]]}},{"type":"Feature","properties":{"name":"South Central Avenue","highway":"secondary","osm":"way/531403047"},"geometry":{"type":"LineString","coordinates":[[-112.07375,33.44398],[-112.07378,33.44504]]}},{"type":"Feature","properties":{"name":"East University Drive","highway":"primary","osm":"way/531403548"},"geometry":{"type":"LineString","coordinates":[[-111.9851,33.42179],[-111.98417,33.4218]]}},{"type":"Feature","properties":{"name":"East University Drive","highway":"primary","osm":"way/531403549"},"geometry":{"type":"LineString","coordinates":[[-111.98682,33.42189],[-111.98626,33.42187]]}},{"type":"Feature","properties":{"name":"East University Drive","highway":"primary","osm":"way/531403550"},"geometry":{"type":"LineString","coordinates":[[-111.99546,33.4219],[-111.99436,33.42189]]}},{"type":"Feature","properties":{"name":"East University Drive","highway":"primary","osm":"way/531403551"},"geometry":{"type":"LineString","coordinates":[[-111.99644,33.42192],[-111.99546,33.4219]]}},{"type":"Feature","properties":{"name":"East University Drive","highway":"primary","osm":"way/531403552"},"geometry":{"type":"LineString","coordinates":[[-111.99916,33.42196],[-111.99644,33.42192]]}},{"type":"Feature","properties":{"name":"East University Drive","highway":"primary","osm":"way/531403553"},"geometry":{"type":"LineString","coordinates":[[-111.99979,33.42197],[-111.99916,33.42196]]}},{"type":"Feature","properties":{"name":"East University Drive","highway":"primary","osm":"way/531403555"},"geometry":{"type":"LineString","coordinates":[[-111.98612,33.42187],[-111.98597,33.42179]]}},{"type":"Feature","properties":{"name":"East University Drive","highway":"primary","osm":"way/531403556"},"geometry":{"type":"LineString","coordinates":[[-111.9851,33.42193],[-111.98581,33.42193]]}},{"type":"Feature","properties":{"name":"East University Drive","highway":"primary","osm":"way/531403557"},"geometry":{"type":"LineString","coordinates":[[-111.98599,33.42193],[-111.98612,33.42187]]}},{"type":"Feature","properties":{"name":"East University Drive","highway":"primary","osm":"way/531403558"},"geometry":{"type":"LineString","coordinates":[[-111.99436,33.42189],[-111.98682,33.42189]]}},{"type":"Feature","properties":{"name":"East University Drive","highway":"primary","osm":"way/531403559"},"geometry":{"type":"LineString","coordinates":[[-111.99979,33.42197],[-111.99995,33.42202]]}},{"type":"Feature","properties":{"name":"East University Drive","highway":"primary","osm":"way/531403560"},"geometry":{"type":"LineString","coordinates":[[-111.99993,33.42191],[-111.99979,33.42197]]}},{"type":"Feature","properties":{"name":"South 7th Avenue","highway":"secondary","osm":"way/531404950"},"geometry":{"type":"LineString","coordinates":[[-112.08258,33.4416],[-112.08258,33.44144]]}},{"type":"Feature","properties":{"name":"North 7th Avenue","highway":"secondary","osm":"way/531411611"},"geometry":{"type":"LineString","coordinates":[[-112.0826,33.45741],[-112.0826,33.45773]]}},{"type":"Feature","properties":{"name":"North 7th Avenue","highway":"secondary","osm":"way/531411617"},"geometry":{"type":"LineString","coordinates":[[-112.08259,33.45035],[-112.08259,33.45074]]}},{"type":"Feature","properties":{"name":"North 17th Avenue","highway":"secondary","osm":"way/531418163"},"geometry":{"type":"LineString","coordinates":[[-112.09584,33.44923],[-112.09585,33.44965]]}},{"type":"Feature","properties":{"name":"South 17th Avenue","highway":"secondary","osm":"way/531418168"},"geometry":{"type":"LineString","coordinates":[[-112.09578,33.44334],[-112.09574,33.44388]]}},{"type":"Feature","properties":{"name":"South 17th Avenue","highway":"secondary","osm":"way/531418171"},"geometry":{"type":"LineString","coordinates":[[-112.09574,33.44388],[-112.09574,33.4441]]}},{"type":"Feature","properties":{"name":"South 17th Avenue","highway":"secondary","osm":"way/531418175"},"geometry":{"type":"LineString","coordinates":[[-112.09574,33.4441],[-112.09576,33.44486]]}},{"type":"Feature","properties":{"name":"South 17th Avenue","highway":"secondary","osm":"way/531418179"},"geometry":{"type":"LineString","coordinates":[[-112.09581,33.44568],[-112.09581,33.44542]]}},{"type":"Feature","properties":{"name":"South 15th Avenue","highway":"secondary","osm":"way/531418183"},"geometry":{"type":"LineString","coordinates":[[-112.09141,33.44564],[-112.09141,33.44417]]}},{"type":"Feature","properties":{"name":"South 15th Avenue","highway":"secondary","osm":"way/531418193"},"geometry":{"type":"LineString","coordinates":[[-112.09143,33.44814],[-112.09141,33.44564]]}},{"type":"Feature","properties":{"name":"East Camelback Road","highway":"primary","osm":"way/531657885"},"geometry":{"type":"LineString","coordinates":[[-112.05565,33.50921],[-112.05533,33.50921]]}},{"type":"Feature","properties":{"name":"East Camelback Road","highway":"primary","osm":"way/531657886"},"geometry":{"type":"LineString","coordinates":[[-112.05719,33.50922],[-112.0569,33.50922]]}},{"type":"Feature","properties":{"name":"East Camelback Road","highway":"primary","osm":"way/531657888"},"geometry":{"type":"LineString","coordinates":[[-112.06054,33.50921],[-112.05719,33.50922]]}},{"type":"Feature","properties":{"name":"East Indian School Road","highway":"secondary","osm":"way/531690170"},"geometry":{"type":"LineString","coordinates":[[-112.04572,33.49474],[-112.04545,33.49475]]}},{"type":"Feature","properties":{"name":"East Camelback Road","highway":"primary","osm":"way/531702401"},"geometry":{"type":"LineString","coordinates":[[-112.06065,33.50921],[-112.06054,33.50921]]}},{"type":"Feature","properties":{"name":"East Camelback Road","highway":"primary","osm":"way/531702402"},"geometry":{"type":"LineString","coordinates":[[-112.06433,33.50923],[-112.06349,33.50922]]}},{"type":"Feature","properties":{"name":"East Camelback Road","highway":"primary","osm":"way/531702404"},"geometry":{"type":"LineString","coordinates":[[-112.06283,33.50921],[-112.06208,33.50921]]}},{"type":"Feature","properties":{"name":"East Camelback Road","highway":"primary","osm":"way/531702405"},"geometry":{"type":"LineString","coordinates":[[-112.07211,33.50928],[-112.07175,33.50928]]}},{"type":"Feature","properties":{"name":"East Camelback Road","highway":"primary","osm":"way/531702406"},"geometry":{"type":"LineString","coordinates":[[-112.06349,33.50922],[-112.06283,33.50921]]}},{"type":"Feature","properties":{"name":"North 7th Avenue","highway":"secondary","osm":"way/531910888"},"geometry":{"type":"LineString","coordinates":[[-112.0825,33.50939],[-112.0825,33.50996]]}},{"type":"Feature","properties":{"name":"North 44th Street","highway":"primary","osm":"way/531913287"},"geometry":{"type":"LineString","coordinates":[[-111.98725,33.45474],[-111.98725,33.45465]]}},{"type":"Feature","properties":{"name":"North 44th Street","highway":"primary","osm":"way/531913289"},"geometry":{"type":"LineString","coordinates":[[-111.98723,33.45193],[-111.98723,33.4518]]}},{"type":"Feature","properties":{"name":"East Sky Harbor Boulevard","highway":"motorway","osm":"way/531913290"},"geometry":{"type":"LineString","coordinates":[[-111.98376,33.43631],[-111.98655,33.43546]]}},{"type":"Feature","properties":{"name":null,"highway":"primary_link","osm":"way/531917123"},"geometry":{"type":"LineString","coordinates":[[-111.98894,33.43524],[-111.99197,33.435]]}},{"type":"Feature","properties":{"name":"East Sky Harbor Boulevard","highway":"primary","osm":"way/531917124"},"geometry":{"type":"LineString","coordinates":[[-111.99263,33.43496],[-111.99278,33.43496]]}},{"type":"Feature","properties":{"name":"East Sky Harbor Boulevard","highway":"primary","osm":"way/531917125"},"geometry":{"type":"LineString","coordinates":[[-112.00505,33.43498],[-112.00549,33.43498]]}},{"type":"Feature","properties":{"name":"East Van Buren Street","highway":"primary","osm":"way/531918612"},"geometry":{"type":"LineString","coordinates":[[-111.99135,33.45121],[-111.99175,33.45121]]}},{"type":"Feature","properties":{"name":"East Van Buren Street","highway":"primary","osm":"way/531918613"},"geometry":{"type":"LineString","coordinates":[[-112.01192,33.4513],[-112.01235,33.4513]]}},{"type":"Feature","properties":{"name":"East Buckeye Road","highway":"secondary","osm":"way/531941300"},"geometry":{"type":"LineString","coordinates":[[-112.03476,33.43671],[-112.03457,33.43672]]}},{"type":"Feature","properties":{"name":null,"highway":"secondary_link","osm":"way/531941301"},"geometry":{"type":"LineString","coordinates":[[-112.04036,33.43672],[-112.03957,33.43689]]}},{"type":"Feature","properties":{"name":"East Buckeye Road","highway":"secondary","osm":"way/531941303"},"geometry":{"type":"LineString","coordinates":[[-112.04346,33.43672],[-112.04328,33.43672]]}},{"type":"Feature","properties":{"name":"East Buckeye Road","highway":"secondary","osm":"way/531941304"},"geometry":{"type":"LineString","coordinates":[[-112.04328,33.43691],[-112.04347,33.43691]]}},{"type":"Feature","properties":{"name":"East Jefferson Street","highway":"primary","osm":"way/531946363"},"geometry":{"type":"LineString","coordinates":[[-112.03941,33.44717],[-112.039,33.44717]]}},{"type":"Feature","properties":{"name":"East Van Buren Street","highway":"primary","osm":"way/531952711"},"geometry":{"type":"LineString","coordinates":[[-112.04845,33.45142],[-112.05224,33.45139]]}},{"type":"Feature","properties":{"name":"North 16th Street","highway":"secondary","osm":"way/531957164"},"geometry":{"type":"LineString","coordinates":[[-112.0477,33.46632],[-112.04769,33.46669]]}},{"type":"Feature","properties":{"name":"East Sky Harbor Boulevard","highway":"primary","osm":"way/531957169"},"geometry":{"type":"LineString","coordinates":[[-112.01797,33.43684],[-112.01902,33.43684]]}},{"type":"Feature","properties":{"name":"East Sky Harbor Boulevard","highway":"primary","osm":"way/531957173"},"geometry":{"type":"LineString","coordinates":[[-112.0175,33.43684],[-112.01797,33.43684]]}},{"type":"Feature","properties":{"name":"North 16th Street","highway":"secondary","osm":"way/531960198"},"geometry":{"type":"LineString","coordinates":[[-112.04755,33.51241],[-112.04755,33.51267]]}},{"type":"Feature","properties":{"name":"North 16th Street","highway":"secondary","osm":"way/531960199"},"geometry":{"type":"LineString","coordinates":[[-112.04756,33.50994],[-112.04756,33.51024]]}},{"type":"Feature","properties":{"name":"North 16th Street","highway":"secondary","osm":"way/531960200"},"geometry":{"type":"LineString","coordinates":[[-112.04757,33.50786],[-112.04757,33.50808]]}},{"type":"Feature","properties":{"name":"South 24th Street","highway":"secondary","osm":"way/531960407"},"geometry":{"type":"LineString","coordinates":[[-112.03475,33.4398],[-112.03475,33.4385]]}},{"type":"Feature","properties":{"name":null,"highway":"motorway_link","osm":"way/533116359"},"geometry":{"type":"LineString","coordinates":[[-112.08555,33.4607],[-112.08421,33.46049]]}},{"type":"Feature","properties":{"name":null,"highway":"motorway_link","osm":"way/533571672"},"geometry":{"type":"LineString","coordinates":[[-112.03812,33.44678],[-112.03813,33.44648]]}},{"type":"Feature","properties":{"name":"North 15th Avenue","highway":"tertiary","osm":"way/537753841"},"geometry":{"type":"LineString","coordinates":[[-112.09126,33.50494],[-112.09126,33.50584]]}},{"type":"Feature","properties":{"name":"North 15th Avenue","highway":"tertiary","osm":"way/537753842"},"geometry":{"type":"LineString","coordinates":[[-112.09126,33.50584],[-112.09126,33.50634]]}},{"type":"Feature","properties":{"name":"North 15th Avenue","highway":"tertiary","osm":"way/537753843"},"geometry":{"type":"LineString","coordinates":[[-112.09126,33.50634],[-112.09126,33.50853]]}},{"type":"Feature","properties":{"name":"North 15th Avenue","highway":"tertiary","osm":"way/537753844"},"geometry":{"type":"LineString","coordinates":[[-112.09126,33.50897],[-112.09127,33.50937]]}},{"type":"Feature","properties":{"name":"North 15th Avenue","highway":"tertiary","osm":"way/537753845"},"geometry":{"type":"LineString","coordinates":[[-112.09126,33.50958],[-112.09127,33.5098]]}},{"type":"Feature","properties":{"name":"North 15th Avenue","highway":"tertiary","osm":"way/537753846"},"geometry":{"type":"LineString","coordinates":[[-112.09126,33.51008],[-112.09126,33.51045]]}},{"type":"Feature","properties":{"name":"North 15th Avenue","highway":"tertiary","osm":"way/537753847"},"geometry":{"type":"LineString","coordinates":[[-112.09126,33.50853],[-112.09126,33.50897]]}},{"type":"Feature","properties":{"name":"East Highland Avenue","highway":"tertiary","osm":"way/537754677"},"geometry":{"type":"LineString","coordinates":[[-112.06422,33.50561],[-112.06242,33.5056]]}},{"type":"Feature","properties":{"name":"East Highland Avenue","highway":"tertiary","osm":"way/537754679"},"geometry":{"type":"LineString","coordinates":[[-112.06504,33.50562],[-112.06422,33.50561]]}},{"type":"Feature","properties":{"name":"East Sky Harbor Circle South","highway":"tertiary","osm":"way/537944147"},"geometry":{"type":"LineString","coordinates":[[-112.04022,33.43132],[-112.04111,33.4314]]}},{"type":"Feature","properties":{"name":"East Sky Harbor Circle South","highway":"tertiary","osm":"way/537944154"},"geometry":{"type":"LineString","coordinates":[[-112.03478,33.43133],[-112.03459,33.43134]]}},{"type":"Feature","properties":{"name":"East Sky Harbor Circle South","highway":"tertiary","osm":"way/537944157"},"geometry":{"type":"LineString","coordinates":[[-112.03606,33.43136],[-112.03536,33.43132]]}},{"type":"Feature","properties":{"name":"East Sky Harbor Circle South","highway":"tertiary","osm":"way/537944158"},"geometry":{"type":"LineString","coordinates":[[-112.03536,33.43132],[-112.03478,33.43133]]}},{"type":"Feature","properties":{"name":"East Sky Harbor Circle South","highway":"tertiary","osm":"way/537944159"},"geometry":{"type":"LineString","coordinates":[[-112.03885,33.43132],[-112.0364,33.43134]]}},{"type":"Feature","properties":{"name":"North 15th Avenue","highway":"tertiary","osm":"way/537963969"},"geometry":{"type":"LineString","coordinates":[[-112.09143,33.44814],[-112.09129,33.45173]]}},{"type":"Feature","properties":{"name":"West Roosevelt Street","highway":"tertiary","osm":"way/537963970"},"geometry":{"type":"LineString","coordinates":[[-112.0802,33.45867],[-112.08064,33.45867]]}},{"type":"Feature","properties":{"name":"West Roosevelt Street","highway":"tertiary","osm":"way/537963971"},"geometry":{"type":"LineString","coordinates":[[-112.08211,33.45867],[-112.08222,33.45868]]}},{"type":"Feature","properties":{"name":"West Roosevelt Street","highway":"tertiary","osm":"way/537963972"},"geometry":{"type":"LineString","coordinates":[[-112.08222,33.45868],[-112.08259,33.45868]]}},{"type":"Feature","properties":{"name":"West Roosevelt Street","highway":"tertiary","osm":"way/537963973"},"geometry":{"type":"LineString","coordinates":[[-112.08259,33.45868],[-112.08315,33.45868]]}},{"type":"Feature","properties":{"name":"West Roosevelt Street","highway":"tertiary","osm":"way/537963977"},"geometry":{"type":"LineString","coordinates":[[-112.08073,33.45867],[-112.08202,33.45867]]}},{"type":"Feature","properties":{"name":"West Roosevelt Street","highway":"tertiary","osm":"way/537963979"},"geometry":{"type":"LineString","coordinates":[[-112.09058,33.45866],[-112.09126,33.45865]]}},{"type":"Feature","properties":{"name":"West Roosevelt Street","highway":"tertiary","osm":"way/537963980"},"geometry":{"type":"LineString","coordinates":[[-112.09126,33.45865],[-112.09238,33.45865]]}},{"type":"Feature","properties":{"name":"West Roosevelt Street","highway":"tertiary","osm":"way/537963981"},"geometry":{"type":"LineString","coordinates":[[-112.09238,33.45865],[-112.10008,33.45858]]}},{"type":"Feature","properties":{"name":"South 36th Street","highway":"tertiary","osm":"way/537969185"},"geometry":{"type":"LineString","coordinates":[[-112.0037,33.44753],[-112.00375,33.44504]]}},{"type":"Feature","properties":{"name":"South 36th Street","highway":"tertiary","osm":"way/537969186"},"geometry":{"type":"LineString","coordinates":[[-112.00369,33.44806],[-112.0037,33.44753]]}},{"type":"Feature","properties":{"name":"South 36th Street","highway":"tertiary","osm":"way/537969187"},"geometry":{"type":"LineString","coordinates":[[-112.00368,33.44824],[-112.00369,33.44806]]}},{"type":"Feature","properties":{"name":"North 15th Avenue","highway":"tertiary","osm":"way/537969387"},"geometry":{"type":"LineString","coordinates":[[-112.0913,33.46537],[-112.09133,33.46583]]}},{"type":"Feature","properties":{"name":"North 15th Avenue","highway":"tertiary","osm":"way/537969388"},"geometry":{"type":"LineString","coordinates":[[-112.09127,33.4602],[-112.09129,33.46501]]}},{"type":"Feature","properties":{"name":"North 15th Avenue","highway":"tertiary","osm":"way/537969389"},"geometry":{"type":"LineString","coordinates":[[-112.09126,33.45865],[-112.09126,33.45913]]}},{"type":"Feature","properties":{"name":"North 15th Avenue","highway":"tertiary","osm":"way/537969390"},"geometry":{"type":"LineString","coordinates":[[-112.09125,33.45812],[-112.09126,33.45865]]}},{"type":"Feature","properties":{"name":"North 15th Avenue","highway":"tertiary","osm":"way/537969392"},"geometry":{"type":"LineString","coordinates":[[-112.09125,33.45591],[-112.09125,33.45812]]}},{"type":"Feature","properties":{"name":"North 15th Avenue","highway":"tertiary","osm":"way/537969393"},"geometry":{"type":"LineString","coordinates":[[-112.09126,33.45913],[-112.09127,33.4602]]}},{"type":"Feature","properties":{"name":"North 15th Avenue","highway":"tertiary","osm":"way/537978711"},"geometry":{"type":"LineString","coordinates":[[-112.09141,33.4665],[-112.09141,33.46812]]}},{"type":"Feature","properties":{"name":"North 15th Avenue","highway":"tertiary","osm":"way/537978712"},"geometry":{"type":"LineString","coordinates":[[-112.09133,33.46583],[-112.09138,33.46624]]}},{"type":"Feature","properties":{"name":"North 3rd Avenue","highway":"tertiary","osm":"way/537986756"},"geometry":{"type":"LineString","coordinates":[[-112.0778,33.46102],[-112.07783,33.46124]]}},{"type":"Feature","properties":{"name":"North 3rd Avenue","highway":"tertiary","osm":"way/537986757"},"geometry":{"type":"LineString","coordinates":[[-112.07774,33.45832],[-112.07775,33.45866]]}},{"type":"Feature","properties":{"name":"North 3rd Avenue","highway":"tertiary","osm":"way/537986758"},"geometry":{"type":"LineString","coordinates":[[-112.07773,33.4514],[-112.07774,33.45192]]}},{"type":"Feature","properties":{"name":"North 5th Avenue","highway":"tertiary","osm":"way/537986759"},"geometry":{"type":"LineString","coordinates":[[-112.08015,33.45172],[-112.08018,33.45142]]}},{"type":"Feature","properties":{"name":"North 5th Avenue","highway":"tertiary","osm":"way/537986760"},"geometry":{"type":"LineString","coordinates":[[-112.0802,33.45902],[-112.0802,33.45867]]}},{"type":"Feature","properties":{"name":"North 5th Avenue","highway":"tertiary","osm":"way/537986761"},"geometry":{"type":"LineString","coordinates":[[-112.08029,33.46642],[-112.0803,33.4658]]}},{"type":"Feature","properties":{"name":"North 5th Avenue","highway":"tertiary","osm":"way/537986763"},"geometry":{"type":"LineString","coordinates":[[-112.08028,33.46811],[-112.08029,33.46642]]}},{"type":"Feature","properties":{"name":"North 5th Avenue","highway":"tertiary","osm":"way/537986764"},"geometry":{"type":"LineString","coordinates":[[-112.08028,33.46477],[-112.08024,33.46291],[-112.07995,33.462]]}},{"type":"Feature","properties":{"name":"North 3rd Street","highway":"tertiary","osm":"way/537986765"},"geometry":{"type":"LineString","coordinates":[[-112.06942,33.46653],[-112.06942,33.4681]]}},{"type":"Feature","properties":{"name":"North 3rd Street","highway":"tertiary","osm":"way/537986766"},"geometry":{"type":"LineString","coordinates":[[-112.06941,33.46572],[-112.06942,33.46653]]}},{"type":"Feature","properties":{"name":"North 3rd Street","highway":"tertiary","osm":"way/537986767"},"geometry":{"type":"LineString","coordinates":[[-112.06939,33.46481],[-112.06941,33.46572]]}},{"type":"Feature","properties":{"name":"North 3rd Street","highway":"tertiary","osm":"way/537986768"},"geometry":{"type":"LineString","coordinates":[[-112.06936,33.46278],[-112.06939,33.46481]]}},{"type":"Feature","properties":{"name":"North 3rd Avenue","highway":"tertiary","osm":"way/537986769"},"geometry":{"type":"LineString","coordinates":[[-112.07826,33.46519],[-112.07826,33.46578]]}},{"type":"Feature","properties":{"name":"North 3rd Avenue","highway":"tertiary","osm":"way/537986770"},"geometry":{"type":"LineString","coordinates":[[-112.07827,33.46627],[-112.07825,33.4672]]}},{"type":"Feature","properties":{"name":"North 3rd Avenue","highway":"tertiary","osm":"way/537986771"},"geometry":{"type":"LineString","coordinates":[[-112.07822,33.46262],[-112.07826,33.46519]]}},{"type":"Feature","properties":{"name":"East Campbell Avenue","highway":"residential","osm":"way/537990464"},"geometry":{"type":"LineString","coordinates":[[-112.05692,33.50197],[-112.05631,33.50198]]}},{"type":"Feature","properties":{"name":"East Campbell Avenue","highway":"tertiary","osm":"way/537990465"},"geometry":{"type":"LineString","coordinates":[[-112.05631,33.50198],[-112.05565,33.50198]]}},{"type":"Feature","properties":{"name":"East Roosevelt Street","highway":"tertiary","osm":"way/537990762"},"geometry":{"type":"LineString","coordinates":[[-112.07257,33.45868],[-112.07303,33.45867]]}},{"type":"Feature","properties":{"name":"East Roosevelt Street","highway":"tertiary","osm":"way/537990763"},"geometry":{"type":"LineString","coordinates":[[-112.07333,33.45867],[-112.0738,33.45866]]}},{"type":"Feature","properties":{"name":"East Roosevelt Street","highway":"tertiary","osm":"way/537990764"},"geometry":{"type":"LineString","coordinates":[[-112.07303,33.45867],[-112.07333,33.45867]]}},{"type":"Feature","properties":{"name":"West Roosevelt Street","highway":"primary","osm":"way/537990765"},"geometry":{"type":"LineString","coordinates":[[-112.07405,33.45865],[-112.07425,33.45863]]}},{"type":"Feature","properties":{"name":"West Roosevelt Street","highway":"tertiary","osm":"way/537990766"},"geometry":{"type":"LineString","coordinates":[[-112.07467,33.45862],[-112.07508,33.45863]]}},{"type":"Feature","properties":{"name":"West Roosevelt Street","highway":"tertiary","osm":"way/537990767"},"geometry":{"type":"LineString","coordinates":[[-112.07508,33.45863],[-112.07539,33.45864]]}},{"type":"Feature","properties":{"name":"West Roosevelt Street","highway":"tertiary","osm":"way/537990768"},"geometry":{"type":"LineString","coordinates":[[-112.07539,33.45864],[-112.07729,33.45865]]}},{"type":"Feature","properties":{"name":"West Roosevelt Street","highway":"tertiary","osm":"way/537990769"},"geometry":{"type":"LineString","coordinates":[[-112.07729,33.45865],[-112.07775,33.45866]]}},{"type":"Feature","properties":{"name":"West Roosevelt Street","highway":"tertiary","osm":"way/537990770"},"geometry":{"type":"LineString","coordinates":[[-112.07775,33.45866],[-112.07817,33.45866]]}},{"type":"Feature","properties":{"name":"West Roosevelt Street","highway":"tertiary","osm":"way/537990771"},"geometry":{"type":"LineString","coordinates":[[-112.07983,33.45867],[-112.0802,33.45867]]}},{"type":"Feature","properties":{"name":"East Highland Avenue","highway":"tertiary","osm":"way/538683156"},"geometry":{"type":"LineString","coordinates":[[-112.04804,33.5056],[-112.04758,33.50561]]}},{"type":"Feature","properties":{"name":"East Highland Avenue","highway":"tertiary","osm":"way/538683157"},"geometry":{"type":"LineString","coordinates":[[-112.05629,33.5056],[-112.05592,33.5056]]}},{"type":"Feature","properties":{"name":"East Highland Avenue","highway":"tertiary","osm":"way/538683158"},"geometry":{"type":"LineString","coordinates":[[-112.05694,33.5056],[-112.05629,33.5056]]}},{"type":"Feature","properties":{"name":"East Highland Avenue","highway":"tertiary","osm":"way/538683159"},"geometry":{"type":"LineString","coordinates":[[-112.06065,33.50561],[-112.05694,33.5056]]}},{"type":"Feature","properties":{"name":"North 12th Street","highway":"tertiary","osm":"way/538690557"},"geometry":{"type":"LineString","coordinates":[[-112.05626,33.51559],[-112.05628,33.51002]]}},{"type":"Feature","properties":{"name":"North 12th Street","highway":"tertiary","osm":"way/538690558"},"geometry":{"type":"LineString","coordinates":[[-112.05628,33.51002],[-112.05628,33.50978]]}},{"type":"Feature","properties":{"name":"North 12th Street","highway":"tertiary","osm":"way/538690559"},"geometry":{"type":"LineString","coordinates":[[-112.05628,33.50978],[-112.05628,33.50921]]}},{"type":"Feature","properties":{"name":"North 12th Street","highway":"tertiary","osm":"way/538690560"},"geometry":{"type":"LineString","coordinates":[[-112.05628,33.50921],[-112.05628,33.50867]]}},{"type":"Feature","properties":{"name":"North 12th Street","highway":"tertiary","osm":"way/538690561"},"geometry":{"type":"LineString","coordinates":[[-112.05628,33.50867],[-112.05628,33.5084]]}},{"type":"Feature","properties":{"name":"North 12th Street","highway":"tertiary","osm":"way/538690562"},"geometry":{"type":"LineString","coordinates":[[-112.05628,33.5084],[-112.05628,33.50821]]}},{"type":"Feature","properties":{"name":"North 12th Street","highway":"tertiary","osm":"way/538690563"},"geometry":{"type":"LineString","coordinates":[[-112.05628,33.50821],[-112.05629,33.50661]]}},{"type":"Feature","properties":{"name":"North 12th Street","highway":"tertiary","osm":"way/538690564"},"geometry":{"type":"LineString","coordinates":[[-112.05629,33.50661],[-112.05629,33.50611]]}},{"type":"Feature","properties":{"name":"North 12th Street","highway":"tertiary","osm":"way/538690565"},"geometry":{"type":"LineString","coordinates":[[-112.05629,33.50611],[-112.05629,33.5056]]}},{"type":"Feature","properties":{"name":"North 12th Street","highway":"tertiary","osm":"way/538690566"},"geometry":{"type":"LineString","coordinates":[[-112.05629,33.5056],[-112.0563,33.50507]]}},{"type":"Feature","properties":{"name":"North 12th Street","highway":"tertiary","osm":"way/538690567"},"geometry":{"type":"LineString","coordinates":[[-112.0563,33.50507],[-112.0563,33.50476]]}},{"type":"Feature","properties":{"name":"North 12th Street","highway":"tertiary","osm":"way/538690568"},"geometry":{"type":"LineString","coordinates":[[-112.0563,33.50476],[-112.05631,33.50277]]}},{"type":"Feature","properties":{"name":"North 12th Street","highway":"tertiary","osm":"way/538701048"},"geometry":{"type":"LineString","coordinates":[[-112.05637,33.47964],[-112.05637,33.48022]]}},{"type":"Feature","properties":{"name":"North 12th Street","highway":"tertiary","osm":"way/538701049"},"geometry":{"type":"LineString","coordinates":[[-112.05638,33.4766],[-112.05638,33.47698]]}},{"type":"Feature","properties":{"name":"North 12th Street","highway":"tertiary","osm":"way/538701050"},"geometry":{"type":"LineString","coordinates":[[-112.05639,33.47336],[-112.05638,33.4766]]}},{"type":"Feature","properties":{"name":"North 12th Street","highway":"tertiary","osm":"way/538701051"},"geometry":{"type":"LineString","coordinates":[[-112.05639,33.46811],[-112.05639,33.47272]]}},{"type":"Feature","properties":{"name":"East Oak Street","highway":"tertiary","osm":"way/538701256"},"geometry":{"type":"LineString","coordinates":[[-112.06055,33.47301],[-112.05676,33.47302]]}},{"type":"Feature","properties":{"name":"East Roosevelt Street","highway":"tertiary","osm":"way/538701386"},"geometry":{"type":"LineString","coordinates":[[-112.06485,33.45867],[-112.06482,33.45867]]}},{"type":"Feature","properties":{"name":"East Roosevelt Street","highway":"tertiary","osm":"way/538701387"},"geometry":{"type":"LineString","coordinates":[[-112.06525,33.45866],[-112.06485,33.45867]]}},{"type":"Feature","properties":{"name":"East Roosevelt Street","highway":"tertiary","osm":"way/538701388"},"geometry":{"type":"LineString","coordinates":[[-112.06611,33.45866],[-112.06525,33.45866]]}},{"type":"Feature","properties":{"name":"East Roosevelt Street","highway":"tertiary","osm":"way/538701389"},"geometry":{"type":"LineString","coordinates":[[-112.06856,33.45867],[-112.06625,33.45866]]}},{"type":"Feature","properties":{"name":"East Roosevelt Street","highway":"tertiary","osm":"way/538701390"},"geometry":{"type":"LineString","coordinates":[[-112.06911,33.45867],[-112.06856,33.45867]]}},{"type":"Feature","properties":{"name":"East Roosevelt Street","highway":"tertiary","osm":"way/538701391"},"geometry":{"type":"LineString","coordinates":[[-112.0706,33.45868],[-112.07205,33.45868]]}},{"type":"Feature","properties":{"name":"East Roosevelt Street","highway":"tertiary","osm":"way/538701392"},"geometry":{"type":"LineString","coordinates":[[-112.07205,33.45868],[-112.07257,33.45868]]}},{"type":"Feature","properties":{"name":"East Virginia Avenue","highway":"tertiary","osm":"way/538702283"},"geometry":{"type":"LineString","coordinates":[[-112.06054,33.47661],[-112.06023,33.47661]]}},{"type":"Feature","properties":{"name":"East Virginia Avenue","highway":"tertiary","osm":"way/538702284"},"geometry":{"type":"LineString","coordinates":[[-112.06023,33.47661],[-112.05956,33.47661]]}},{"type":"Feature","properties":{"name":"East Virginia Avenue","highway":"tertiary","osm":"way/538702286"},"geometry":{"type":"LineString","coordinates":[[-112.06362,33.47661],[-112.06054,33.47661]]}},{"type":"Feature","properties":{"name":"East Virginia Avenue","highway":"tertiary","osm":"way/538702287"},"geometry":{"type":"LineString","coordinates":[[-112.05956,33.47661],[-112.05638,33.4766]]}},{"type":"Feature","properties":{"name":"East Virginia Avenue","highway":"tertiary","osm":"way/538702290"},"geometry":{"type":"LineString","coordinates":[[-112.05638,33.4766],[-112.05956,33.47661]]}},{"type":"Feature","properties":{"name":"North 12th Street","highway":"tertiary","osm":"way/538707738"},"geometry":{"type":"LineString","coordinates":[[-112.05631,33.50277],[-112.05631,33.5025]]}},{"type":"Feature","properties":{"name":"North 12th Street","highway":"tertiary","osm":"way/538707739"},"geometry":{"type":"LineString","coordinates":[[-112.05631,33.5025],[-112.05631,33.50198]]}},{"type":"Feature","properties":{"name":"North 12th Street","highway":"tertiary","osm":"way/538707740"},"geometry":{"type":"LineString","coordinates":[[-112.05631,33.50143],[-112.05632,33.50002]]}},{"type":"Feature","properties":{"name":"North 12th Street","highway":"tertiary","osm":"way/538707741"},"geometry":{"type":"LineString","coordinates":[[-112.05634,33.49472],[-112.05635,33.49428]]}},{"type":"Feature","properties":{"name":"North 12th Street","highway":"tertiary","osm":"way/538707742"},"geometry":{"type":"LineString","coordinates":[[-112.05635,33.49428],[-112.05635,33.49319]]}},{"type":"Feature","properties":{"name":"North 12th Street","highway":"tertiary","osm":"way/538707743"},"geometry":{"type":"LineString","coordinates":[[-112.05637,33.48834],[-112.05637,33.48807]]}},{"type":"Feature","properties":{"name":"North 12th Street","highway":"tertiary","osm":"way/538707744"},"geometry":{"type":"LineString","coordinates":[[-112.05637,33.48807],[-112.05637,33.48743]]}},{"type":"Feature","properties":{"name":"West Osborn Road","highway":"tertiary","osm":"way/538727601"},"geometry":{"type":"LineString","coordinates":[[-112.07874,33.48756],[-112.08164,33.48759]]}},{"type":"Feature","properties":{"name":"West Osborn Road","highway":"tertiary","osm":"way/538727602"},"geometry":{"type":"LineString","coordinates":[[-112.0826,33.48761],[-112.08307,33.48762]]}},{"type":"Feature","properties":{"name":"West Osborn Road","highway":"tertiary","osm":"way/538727604"},"geometry":{"type":"LineString","coordinates":[[-112.08392,33.48767],[-112.08471,33.48769]]}},{"type":"Feature","properties":{"name":"West Osborn Road","highway":"tertiary","osm":"way/538727607"},"geometry":{"type":"LineString","coordinates":[[-112.09072,33.48775],[-112.09137,33.48776]]}},{"type":"Feature","properties":{"name":"West Osborn Road","highway":"tertiary","osm":"way/538727608"},"geometry":{"type":"LineString","coordinates":[[-112.09137,33.48776],[-112.09189,33.48776]]}},{"type":"Feature","properties":{"name":"West Osborn Road","highway":"tertiary","osm":"way/538727609"},"geometry":{"type":"LineString","coordinates":[[-112.09189,33.48776],[-112.09518,33.48779]]}},{"type":"Feature","properties":{"name":"West Campbell Avenue","highway":"tertiary","osm":"way/538727613"},"geometry":{"type":"LineString","coordinates":[[-112.0739,33.50207],[-112.07449,33.50206]]}},{"type":"Feature","properties":{"name":"West Campbell Avenue","highway":"tertiary","osm":"way/538727614"},"geometry":{"type":"LineString","coordinates":[[-112.07365,33.50211],[-112.0739,33.50207]]}},{"type":"Feature","properties":{"name":"West Campbell Avenue","highway":"tertiary","osm":"way/538727615"},"geometry":{"type":"LineString","coordinates":[[-112.07739,33.50205],[-112.07763,33.50204]]}},{"type":"Feature","properties":{"name":"West Osborn Road","highway":"tertiary","osm":"way/538759658"},"geometry":{"type":"LineString","coordinates":[[-112.07393,33.48754],[-112.07461,33.48754]]}},{"type":"Feature","properties":{"name":"West Osborn Road","highway":"tertiary","osm":"way/538759659"},"geometry":{"type":"LineString","coordinates":[[-112.07461,33.48754],[-112.0759,33.48754]]}},{"type":"Feature","properties":{"name":"West Osborn Road","highway":"tertiary","osm":"way/538759660"},"geometry":{"type":"LineString","coordinates":[[-112.0759,33.48754],[-112.07653,33.48754]]}},{"type":"Feature","properties":{"name":"West Osborn Road","highway":"tertiary","osm":"way/538759661"},"geometry":{"type":"LineString","coordinates":[[-112.07653,33.48754],[-112.07698,33.48754]]}},{"type":"Feature","properties":{"name":"West Osborn Road","highway":"tertiary","osm":"way/538759662"},"geometry":{"type":"LineString","coordinates":[[-112.07698,33.48754],[-112.07753,33.48755]]}},{"type":"Feature","properties":{"name":"West Osborn Road","highway":"tertiary","osm":"way/538759663"},"geometry":{"type":"LineString","coordinates":[[-112.07753,33.48755],[-112.07822,33.48755]]}},{"type":"Feature","properties":{"name":"West Osborn Road","highway":"tertiary","osm":"way/538759664"},"geometry":{"type":"LineString","coordinates":[[-112.07822,33.48755],[-112.07874,33.48756]]}},{"type":"Feature","properties":{"name":"North 3rd Avenue","highway":"tertiary","osm":"way/538777444"},"geometry":{"type":"LineString","coordinates":[[-112.0782,33.48219],[-112.07829,33.48115]]}},{"type":"Feature","properties":{"name":"North 3rd Avenue","highway":"tertiary","osm":"way/538777445"},"geometry":{"type":"LineString","coordinates":[[-112.07898,33.48357],[-112.07891,33.48402]]}},{"type":"Feature","properties":{"name":"North 3rd Avenue","highway":"tertiary","osm":"way/538777446"},"geometry":{"type":"LineString","coordinates":[[-112.07891,33.48402],[-112.07846,33.48442]]}},{"type":"Feature","properties":{"name":"North 3rd Avenue","highway":"tertiary","osm":"way/538777447"},"geometry":{"type":"LineString","coordinates":[[-112.07846,33.48442],[-112.07822,33.48481],[-112.07821,33.48593]]}},{"type":"Feature","properties":{"name":"North 3rd Avenue","highway":"tertiary","osm":"way/538777448"},"geometry":{"type":"LineString","coordinates":[[-112.07822,33.48691],[-112.07822,33.48755]]}},{"type":"Feature","properties":{"name":"North 3rd Avenue","highway":"tertiary","osm":"way/538777449"},"geometry":{"type":"LineString","coordinates":[[-112.07822,33.48755],[-112.07823,33.48818]]}},{"type":"Feature","properties":{"name":"North 3rd Avenue","highway":"tertiary","osm":"way/538777450"},"geometry":{"type":"LineString","coordinates":[[-112.07824,33.48924],[-112.07821,33.49095]]}},{"type":"Feature","properties":{"name":"North 3rd Avenue","highway":"tertiary","osm":"way/538777451"},"geometry":{"type":"LineString","coordinates":[[-112.07821,33.49095],[-112.07821,33.49145]]}},{"type":"Feature","properties":{"name":"North 3rd Avenue","highway":"tertiary","osm":"way/538777452"},"geometry":{"type":"LineString","coordinates":[[-112.07821,33.49145],[-112.07822,33.49194]]}},{"type":"Feature","properties":{"name":"North 3rd Avenue","highway":"tertiary","osm":"way/538777453"},"geometry":{"type":"LineString","coordinates":[[-112.07822,33.49194],[-112.0782,33.49406]]}},{"type":"Feature","properties":{"name":"North 3rd Avenue","highway":"tertiary","osm":"way/538777454"},"geometry":{"type":"LineString","coordinates":[[-112.0782,33.49406],[-112.07819,33.49484]]}},{"type":"Feature","properties":{"name":"North 3rd Avenue","highway":"tertiary","osm":"way/538777457"},"geometry":{"type":"LineString","coordinates":[[-112.07819,33.49484],[-112.07819,33.49532]]}},{"type":"Feature","properties":{"name":"North 3rd Avenue","highway":"tertiary","osm":"way/538777459"},"geometry":{"type":"LineString","coordinates":[[-112.07815,33.49845],[-112.07813,33.50027]]}},{"type":"Feature","properties":{"name":"North 3rd Avenue","highway":"tertiary","osm":"way/538777463"},"geometry":{"type":"LineString","coordinates":[[-112.07812,33.50163],[-112.07812,33.50205]]}},{"type":"Feature","properties":{"name":"North 15th Avenue","highway":"tertiary","osm":"way/538777464"},"geometry":{"type":"LineString","coordinates":[[-112.0914,33.47266],[-112.0914,33.47317]]}},{"type":"Feature","properties":{"name":"North 15th Avenue","highway":"tertiary","osm":"way/538777465"},"geometry":{"type":"LineString","coordinates":[[-112.0914,33.47317],[-112.09141,33.47372]]}},{"type":"Feature","properties":{"name":"North 15th Avenue","highway":"tertiary","osm":"way/538777466"},"geometry":{"type":"LineString","coordinates":[[-112.09141,33.46812],[-112.0914,33.47266]]}},{"type":"Feature","properties":{"name":"North 15th Avenue","highway":"tertiary","osm":"way/538777467"},"geometry":{"type":"LineString","coordinates":[[-112.0914,33.47989],[-112.09138,33.48047]]}},{"type":"Feature","properties":{"name":"North 15th Avenue","highway":"tertiary","osm":"way/538777468"},"geometry":{"type":"LineString","coordinates":[[-112.09138,33.48047],[-112.09138,33.48107]]}},{"type":"Feature","properties":{"name":"North 15th Avenue","highway":"tertiary","osm":"way/538777469"},"geometry":{"type":"LineString","coordinates":[[-112.09138,33.48107],[-112.09137,33.48722]]}},{"type":"Feature","properties":{"name":"North 15th Avenue","highway":"tertiary","osm":"way/538777474"},"geometry":{"type":"LineString","coordinates":[[-112.09137,33.48722],[-112.09137,33.48776]]}},{"type":"Feature","properties":{"name":"North 15th Avenue","highway":"tertiary","osm":"way/538777477"},"geometry":{"type":"LineString","coordinates":[[-112.09137,33.48776],[-112.09137,33.48825]]}},{"type":"Feature","properties":{"name":"North 15th Avenue","highway":"tertiary","osm":"way/538777481"},"geometry":{"type":"LineString","coordinates":[[-112.09137,33.48825],[-112.09133,33.49437]]}},{"type":"Feature","properties":{"name":"North 15th Avenue","highway":"tertiary","osm":"way/538777485"},"geometry":{"type":"LineString","coordinates":[[-112.09133,33.49437],[-112.09133,33.49494]]}},{"type":"Feature","properties":{"name":"North 15th Avenue","highway":"tertiary","osm":"way/538777488"},"geometry":{"type":"LineString","coordinates":[[-112.09133,33.49494],[-112.09132,33.49554]]}},{"type":"Feature","properties":{"name":"North 15th Avenue","highway":"tertiary","osm":"way/538777489"},"geometry":{"type":"LineString","coordinates":[[-112.0913,33.5006],[-112.09129,33.50167]]}},{"type":"Feature","properties":{"name":"North 15th Avenue","highway":"tertiary","osm":"way/538777490"},"geometry":{"type":"LineString","coordinates":[[-112.09128,33.50221],[-112.09128,33.50272]]}},{"type":"Feature","properties":{"name":"North 15th Avenue","highway":"tertiary","osm":"way/538777491"},"geometry":{"type":"LineString","coordinates":[[-112.09128,33.50272],[-112.09126,33.50494]]}},{"type":"Feature","properties":{"name":"North 5th Avenue","highway":"tertiary","osm":"way/538777492"},"geometry":{"type":"LineString","coordinates":[[-112.08055,33.48073],[-112.08045,33.48031]]}},{"type":"Feature","properties":{"name":"East Virginia Avenue","highway":"tertiary","osm":"way/538777495"},"geometry":{"type":"LineString","coordinates":[[-112.06459,33.47661],[-112.06454,33.47661]]}},{"type":"Feature","properties":{"name":"East Virginia Avenue","highway":"tertiary","osm":"way/538777496"},"geometry":{"type":"LineString","coordinates":[[-112.06575,33.47661],[-112.06511,33.4766]]}},{"type":"Feature","properties":{"name":"East Virginia Avenue","highway":"tertiary","osm":"way/538777497"},"geometry":{"type":"LineString","coordinates":[[-112.06945,33.47663],[-112.06879,33.47663]]}},{"type":"Feature","properties":{"name":"East Virginia Avenue","highway":"tertiary","osm":"way/538777498"},"geometry":{"type":"LineString","coordinates":[[-112.07007,33.47663],[-112.06945,33.47663]]}},{"type":"Feature","properties":{"name":"East Virginia Avenue","highway":"tertiary","osm":"way/538777499"},"geometry":{"type":"LineString","coordinates":[[-112.06879,33.47663],[-112.06575,33.47661]]}},{"type":"Feature","properties":{"name":"East Virginia Avenue","highway":"tertiary","osm":"way/538777500"},"geometry":{"type":"LineString","coordinates":[[-112.07316,33.47664],[-112.07233,33.47663]]}},{"type":"Feature","properties":{"name":"North Silvestre Herrera Way","highway":"unclassified","osm":"way/538784166"},"geometry":{"type":"LineString","coordinates":[[-112.06948,33.49541],[-112.06943,33.4948]]}},{"type":"Feature","properties":{"name":"North Silvestre Herrera Way","highway":"unclassified","osm":"way/538784167"},"geometry":{"type":"LineString","coordinates":[[-112.06943,33.4948],[-112.06936,33.49536]]}},{"type":"Feature","properties":{"name":"North 3rd Street","highway":"tertiary","osm":"way/538784168"},"geometry":{"type":"LineString","coordinates":[[-112.06944,33.49417],[-112.06943,33.4948]]}},{"type":"Feature","properties":{"name":"North 3rd Street","highway":"tertiary","osm":"way/538784169"},"geometry":{"type":"LineString","coordinates":[[-112.06944,33.48749],[-112.06944,33.48798]]}},{"type":"Feature","properties":{"name":"North 3rd Street","highway":"tertiary","osm":"way/538784170"},"geometry":{"type":"LineString","coordinates":[[-112.06943,33.48698],[-112.06944,33.48749]]}},{"type":"Feature","properties":{"name":"North 3rd Street","highway":"tertiary","osm":"way/538784171"},"geometry":{"type":"LineString","coordinates":[[-112.06945,33.48436],[-112.06943,33.48698]]}},{"type":"Feature","properties":{"name":"North 3rd Street","highway":"tertiary","osm":"way/538784172"},"geometry":{"type":"LineString","coordinates":[[-112.06945,33.48385],[-112.06945,33.48436]]}},{"type":"Feature","properties":{"name":"North 3rd Street","highway":"tertiary","osm":"way/538784173"},"geometry":{"type":"LineString","coordinates":[[-112.06945,33.48332],[-112.06945,33.48385]]}},{"type":"Feature","properties":{"name":"North 3rd Street","highway":"tertiary","osm":"way/538784174"},"geometry":{"type":"LineString","coordinates":[[-112.06945,33.48247],[-112.06945,33.48288]]}},{"type":"Feature","properties":{"name":"North 3rd Street","highway":"tertiary","osm":"way/538784175"},"geometry":{"type":"LineString","coordinates":[[-112.06945,33.48288],[-112.06945,33.48332]]}},{"type":"Feature","properties":{"name":"North 3rd Street","highway":"tertiary","osm":"way/538784176"},"geometry":{"type":"LineString","coordinates":[[-112.06945,33.4794],[-112.06945,33.47969]]}},{"type":"Feature","properties":{"name":"North 3rd Street","highway":"tertiary","osm":"way/538784177"},"geometry":{"type":"LineString","coordinates":[[-112.06945,33.47663],[-112.06945,33.47728]]}},{"type":"Feature","properties":{"name":"North 3rd Street","highway":"tertiary","osm":"way/538784178"},"geometry":{"type":"LineString","coordinates":[[-112.06945,33.47594],[-112.06945,33.47663]]}},{"type":"Feature","properties":{"name":"North 3rd Street","highway":"tertiary","osm":"way/538784179"},"geometry":{"type":"LineString","coordinates":[[-112.06945,33.47728],[-112.06945,33.4794]]}},{"type":"Feature","properties":{"name":"North 3rd Street","highway":"tertiary","osm":"way/538784180"},"geometry":{"type":"LineString","coordinates":[[-112.06942,33.4681],[-112.06941,33.47248]]}},{"type":"Feature","properties":{"name":"West Muhammmad Ali Way","highway":"residential","osm":"way/538784181"},"geometry":{"type":"LineString","coordinates":[[-112.07815,33.48125],[-112.07829,33.48125]]}},{"type":"Feature","properties":{"name":"North 3rd Avenue","highway":"tertiary","osm":"way/538784182"},"geometry":{"type":"LineString","coordinates":[[-112.07815,33.48102],[-112.07815,33.48125]]}},{"type":"Feature","properties":{"name":"North 3rd Avenue","highway":"tertiary","osm":"way/538784183"},"geometry":{"type":"LineString","coordinates":[[-112.07815,33.48125],[-112.0782,33.48219]]}},{"type":"Feature","properties":{"name":"North 3rd Avenue","highway":"tertiary","osm":"way/538784184"},"geometry":{"type":"LineString","coordinates":[[-112.07829,33.48115],[-112.0783,33.48075]]}},{"type":"Feature","properties":{"name":null,"highway":"secondary_link","osm":"way/538784185"},"geometry":{"type":"LineString","coordinates":[[-112.0783,33.48075],[-112.07826,33.48029]]}},{"type":"Feature","properties":{"name":"North 3rd Avenue","highway":"tertiary","osm":"way/538784187"},"geometry":{"type":"LineString","coordinates":[[-112.07824,33.47984],[-112.07821,33.48028]]}},{"type":"Feature","properties":{"name":"West Encanto Boulevard","highway":"tertiary","osm":"way/538785112"},"geometry":{"type":"LineString","coordinates":[[-112.09079,33.47318],[-112.0914,33.47317]]}},{"type":"Feature","properties":{"name":"West Encanto Boulevard","highway":"tertiary","osm":"way/538785113"},"geometry":{"type":"LineString","coordinates":[[-112.0914,33.47317],[-112.092,33.47317]]}},{"type":"Feature","properties":{"name":"West Encanto Boulevard","highway":"tertiary","osm":"way/538785114"},"geometry":{"type":"LineString","coordinates":[[-112.0926,33.47318],[-112.09644,33.47321]]}},{"type":"Feature","properties":{"name":"West Encanto Boulevard","highway":"tertiary","osm":"way/538785115"},"geometry":{"type":"LineString","coordinates":[[-112.09644,33.47321],[-112.09709,33.47322]]}},{"type":"Feature","properties":{"name":"West Encanto Boulevard","highway":"tertiary","osm":"way/538785116"},"geometry":{"type":"LineString","coordinates":[[-112.09709,33.47322],[-112.09775,33.47322]]}},{"type":"Feature","properties":{"name":"West Encanto Boulevard","highway":"tertiary","osm":"way/538785117"},"geometry":{"type":"LineString","coordinates":[[-112.09775,33.47322],[-112.09818,33.47322]]}},{"type":"Feature","properties":{"name":"East Roosevelt Street","highway":"tertiary","osm":"way/538934259"},"geometry":{"type":"LineString","coordinates":[[-112.04764,33.45872],[-112.04695,33.45871]]}},{"type":"Feature","properties":{"name":"East Roosevelt Street","highway":"tertiary","osm":"way/538934260"},"geometry":{"type":"LineString","coordinates":[[-112.04832,33.45872],[-112.04764,33.45872]]}},{"type":"Feature","properties":{"name":"East Roosevelt Street","highway":"tertiary","osm":"way/538934261"},"geometry":{"type":"LineString","coordinates":[[-112.0562,33.45869],[-112.04832,33.45872]]}},{"type":"Feature","properties":{"name":"East Roosevelt Street","highway":"tertiary","osm":"way/538934262"},"geometry":{"type":"LineString","coordinates":[[-112.05645,33.45868],[-112.0562,33.45869]]}},{"type":"Feature","properties":{"name":"East Roosevelt Street","highway":"tertiary","osm":"way/538934263"},"geometry":{"type":"LineString","coordinates":[[-112.06055,33.45867],[-112.05645,33.45868]]}},{"type":"Feature","properties":{"name":"North 12th Street","highway":"tertiary","osm":"way/538934264"},"geometry":{"type":"LineString","coordinates":[[-112.05643,33.46194],[-112.05642,33.46242]]}},{"type":"Feature","properties":{"name":"North 12th Street","highway":"tertiary","osm":"way/538934265"},"geometry":{"type":"LineString","coordinates":[[-112.05642,33.46328],[-112.05641,33.46365]]}},{"type":"Feature","properties":{"name":"North 12th Street","highway":"tertiary","osm":"way/538934266"},"geometry":{"type":"LineString","coordinates":[[-112.05641,33.46365],[-112.0564,33.46423]]}},{"type":"Feature","properties":{"name":"North 12th Street","highway":"tertiary","osm":"way/538934267"},"geometry":{"type":"LineString","coordinates":[[-112.05639,33.46468],[-112.05638,33.46495]]}},{"type":"Feature","properties":{"name":"North 12th Street","highway":"tertiary","osm":"way/538934268"},"geometry":{"type":"LineString","coordinates":[[-112.0564,33.46423],[-112.05639,33.46468]]}},{"type":"Feature","properties":{"name":"North 12th Street","highway":"tertiary","osm":"way/538934269"},"geometry":{"type":"LineString","coordinates":[[-112.05638,33.46495],[-112.05636,33.46575]]}},{"type":"Feature","properties":{"name":"North 12th Street","highway":"tertiary","osm":"way/538934270"},"geometry":{"type":"LineString","coordinates":[[-112.05636,33.46575],[-112.05637,33.4663]]}},{"type":"Feature","properties":{"name":"North 12th Street","highway":"tertiary","osm":"way/538934271"},"geometry":{"type":"LineString","coordinates":[[-112.05637,33.4663],[-112.05639,33.46811]]}},{"type":"Feature","properties":{"name":"East Sky Harbor Circle South","highway":"tertiary","osm":"way/538944462"},"geometry":{"type":"LineString","coordinates":[[-112.04194,33.43155],[-112.04169,33.43143]]}},{"type":"Feature","properties":{"name":"East Sky Harbor Circle South","highway":"tertiary","osm":"way/538944463"},"geometry":{"type":"LineString","coordinates":[[-112.04231,33.43193],[-112.0427,33.43227]]}},{"type":"Feature","properties":{"name":"East Sky Harbor Circle South","highway":"tertiary","osm":"way/538944464"},"geometry":{"type":"LineString","coordinates":[[-112.0427,33.43227],[-112.04303,33.43264]]}},{"type":"Feature","properties":{"name":"East Sky Harbor Circle South","highway":"tertiary","osm":"way/538944465"},"geometry":{"type":"LineString","coordinates":[[-112.04233,33.43178],[-112.04194,33.43155]]}},{"type":"Feature","properties":{"name":"East Sky Harbor Circle South","highway":"tertiary","osm":"way/538944466"},"geometry":{"type":"LineString","coordinates":[[-112.04303,33.43264],[-112.04319,33.43295]]}},{"type":"Feature","properties":{"name":"East Sky Harbor Circle South","highway":"tertiary","osm":"way/538944467"},"geometry":{"type":"LineString","coordinates":[[-112.04346,33.4344],[-112.04347,33.43375]]}},{"type":"Feature","properties":{"name":"East Sky Harbor Circle South","highway":"tertiary","osm":"way/538944469"},"geometry":{"type":"LineString","coordinates":[[-112.04319,33.43295],[-112.04328,33.43617]]}},{"type":"Feature","properties":{"name":"East Sky Harbor Circle South","highway":"tertiary","osm":"way/538944470"},"geometry":{"type":"LineString","coordinates":[[-112.04346,33.43672],[-112.04346,33.4344]]}},{"type":"Feature","properties":{"name":"East Sky Harbor Circle South","highway":"tertiary","osm":"way/538944471"},"geometry":{"type":"LineString","coordinates":[[-112.04328,33.43617],[-112.04328,33.43672]]}},{"type":"Feature","properties":{"name":"East Sky Harbor Circle South","highway":"tertiary","osm":"way/538944472"},"geometry":{"type":"LineString","coordinates":[[-112.04328,33.43672],[-112.04328,33.43691]]}},{"type":"Feature","properties":{"name":"East Sky Harbor Circle South","highway":"tertiary","osm":"way/538944473"},"geometry":{"type":"LineString","coordinates":[[-112.04347,33.43691],[-112.04346,33.43672]]}},{"type":"Feature","properties":{"name":"East Sky Harbor Circle North","highway":"tertiary","osm":"way/538944474"},"geometry":{"type":"LineString","coordinates":[[-112.04347,33.43765],[-112.04347,33.43691]]}},{"type":"Feature","properties":{"name":"East Sky Harbor Circle North","highway":"tertiary","osm":"way/538944475"},"geometry":{"type":"LineString","coordinates":[[-112.03851,33.44135],[-112.03897,33.44135]]}},{"type":"Feature","properties":{"name":"East Sky Harbor Circle North","highway":"tertiary","osm":"way/538944477"},"geometry":{"type":"LineString","coordinates":[[-112.03727,33.44133],[-112.03851,33.44135]]}},{"type":"Feature","properties":{"name":"East Sky Harbor Circle North","highway":"tertiary","osm":"way/538944478"},"geometry":{"type":"LineString","coordinates":[[-112.03627,33.44135],[-112.03727,33.44133]]}},{"type":"Feature","properties":{"name":"East Sky Harbor Circle North","highway":"tertiary","osm":"way/538944479"},"geometry":{"type":"LineString","coordinates":[[-112.03619,33.44124],[-112.03572,33.44124]]}},{"type":"Feature","properties":{"name":"East Sky Harbor Circle North","highway":"tertiary","osm":"way/538944480"},"geometry":{"type":"LineString","coordinates":[[-112.03572,33.44134],[-112.03627,33.44135]]}},{"type":"Feature","properties":{"name":"East Sky Harbor Circle North","highway":"tertiary","osm":"way/538944481"},"geometry":{"type":"LineString","coordinates":[[-112.03449,33.44109],[-112.03511,33.44133]]}},{"type":"Feature","properties":{"name":"East Sky Harbor Circle North","highway":"tertiary","osm":"way/538944482"},"geometry":{"type":"LineString","coordinates":[[-112.03572,33.44124],[-112.03512,33.44125]]}},{"type":"Feature","properties":{"name":"East Sky Harbor Circle North","highway":"tertiary","osm":"way/538944483"},"geometry":{"type":"LineString","coordinates":[[-112.03512,33.44125],[-112.03449,33.44109]]}},{"type":"Feature","properties":{"name":"East Sky Harbor Circle North","highway":"unclassified","osm":"way/538944484"},"geometry":{"type":"LineString","coordinates":[[-112.03434,33.44103],[-112.03393,33.44085]]}},{"type":"Feature","properties":{"name":"East Sky Harbor Boulevard South","highway":"tertiary","osm":"way/538950849"},"geometry":{"type":"LineString","coordinates":[[-112.01955,33.43667],[-112.01903,33.43667]]}},{"type":"Feature","properties":{"name":"East Sky Harbor Boulevard South","highway":"tertiary","osm":"way/538950850"},"geometry":{"type":"LineString","coordinates":[[-112.02188,33.43672],[-112.01955,33.43667]]}},{"type":"Feature","properties":{"name":"East Sky Harbor Boulevard South","highway":"tertiary","osm":"way/538950851"},"geometry":{"type":"LineString","coordinates":[[-112.0184,33.43667],[-112.01792,33.43667]]}},{"type":"Feature","properties":{"name":"East Sky Harbor Boulevard South","highway":"tertiary","osm":"way/538950852"},"geometry":{"type":"LineString","coordinates":[[-112.01903,33.43667],[-112.0184,33.43667]]}},{"type":"Feature","properties":{"name":"East Buckeye Road","highway":"tertiary","osm":"way/538950853"},"geometry":{"type":"LineString","coordinates":[[-112.02383,33.43676],[-112.02303,33.43672]]}},{"type":"Feature","properties":{"name":"East Buckeye Road","highway":"tertiary","osm":"way/538950855"},"geometry":{"type":"LineString","coordinates":[[-112.02499,33.43656],[-112.02383,33.43676]]}},{"type":"Feature","properties":{"name":"East Buckeye Road","highway":"tertiary","osm":"way/538950856"},"geometry":{"type":"LineString","coordinates":[[-112.02521,33.43653],[-112.02499,33.43656]]}},{"type":"Feature","properties":{"name":"East Buckeye Road","highway":"tertiary","osm":"way/538950857"},"geometry":{"type":"LineString","coordinates":[[-112.02662,33.4366],[-112.02521,33.43653]]}},{"type":"Feature","properties":{"name":"East Buckeye Road","highway":"tertiary","osm":"way/538950858"},"geometry":{"type":"LineString","coordinates":[[-112.02705,33.43677],[-112.02662,33.4366]]}},{"type":"Feature","properties":{"name":"East Buckeye Road","highway":"tertiary","osm":"way/538950859"},"geometry":{"type":"LineString","coordinates":[[-112.0283,33.43677],[-112.02705,33.43677]]}},{"type":"Feature","properties":{"name":"West McKinley Street","highway":"residential","osm":"way/540197907"},"geometry":{"type":"LineString","coordinates":[[-112.0752,33.45669],[-112.07577,33.4567]]}},{"type":"Feature","properties":{"name":"West McKinley Street","highway":"residential","osm":"way/540197908"},"geometry":{"type":"LineString","coordinates":[[-112.07387,33.45667],[-112.07505,33.45669]]}},{"type":"Feature","properties":{"name":"West McKinley Street","highway":"residential","osm":"way/540198728"},"geometry":{"type":"LineString","coordinates":[[-112.07505,33.45669],[-112.0752,33.45669]]}},{"type":"Feature","properties":{"name":null,"highway":"motorway_link","osm":"way/540443047"},"geometry":{"type":"LineString","coordinates":[[-112.03668,33.44582],[-112.03658,33.44651]]}},{"type":"Feature","properties":{"name":"Maricopa Freeway","highway":"motorway","osm":"way/540701517"},"geometry":{"type":"LineString","coordinates":[[-112.03289,33.4267],[-112.03129,33.42662]]}},{"type":"Feature","properties":{"name":"West Van Buren Street","highway":"primary","osm":"way/540978886"},"geometry":{"type":"LineString","coordinates":[[-112.09586,33.4513],[-112.09645,33.4513]]}},{"type":"Feature","properties":{"name":"North 17th Avenue","highway":"secondary","osm":"way/540978892"},"geometry":{"type":"LineString","coordinates":[[-112.09585,33.45027],[-112.09582,33.45079]]}},{"type":"Feature","properties":{"name":"South 17th Avenue","highway":"secondary","osm":"way/540981277"},"geometry":{"type":"LineString","coordinates":[[-112.09584,33.44486],[-112.09583,33.4441]]}},{"type":"Feature","properties":{"name":"South 17th Avenue","highway":"secondary","osm":"way/540981280"},"geometry":{"type":"LineString","coordinates":[[-112.09576,33.44486],[-112.09581,33.44542]]}},{"type":"Feature","properties":{"name":"South 17th Avenue","highway":"secondary","osm":"way/540982860"},"geometry":{"type":"LineString","coordinates":[[-112.09569,33.43812],[-112.09568,33.43767]]}},{"type":"Feature","properties":{"name":null,"highway":"secondary_link","osm":"way/540982861"},"geometry":{"type":"LineString","coordinates":[[-112.09603,33.43736],[-112.09716,33.43675]]}},{"type":"Feature","properties":{"name":null,"highway":"motorway_link","osm":"way/542384109"},"geometry":{"type":"LineString","coordinates":[[-112.03711,33.44897],[-112.03701,33.44926]]}},{"type":"Feature","properties":{"name":"Papago Freeway","highway":"motorway","osm":"way/542384110"},"geometry":{"type":"LineString","coordinates":[[-112.03711,33.44772],[-112.03711,33.44854]]}},{"type":"Feature","properties":{"name":"East Sky Harbor Boulevard South","highway":"tertiary","osm":"way/542530623"},"geometry":{"type":"LineString","coordinates":[[-112.01192,33.43655],[-112.0117,33.43651]]}},{"type":"Feature","properties":{"name":"East Sky Harbor Boulevard South","highway":"tertiary","osm":"way/542605913"},"geometry":{"type":"LineString","coordinates":[[-112.01252,33.43655],[-112.01192,33.43655]]}},{"type":"Feature","properties":{"name":"North 40th Street","highway":"secondary","osm":"way/545272279"},"geometry":{"type":"LineString","coordinates":[[-111.99531,33.4514],[-111.99531,33.45143]]}},{"type":"Feature","properties":{"name":"West Washington Street","highway":"primary","osm":"way/545434664"},"geometry":{"type":"LineString","coordinates":[[-111.99054,33.44807],[-111.99003,33.44806]]}},{"type":"Feature","properties":{"name":"West Washington Street","highway":"primary","osm":"way/545434672"},"geometry":{"type":"LineString","coordinates":[[-111.99078,33.44821],[-111.99092,33.44821]]}},{"type":"Feature","properties":{"name":"North 9th Street","highway":"residential","osm":"way/547679223"},"geometry":{"type":"LineString","coordinates":[[-112.0621,33.45088],[-112.06205,33.45093]]}},{"type":"Feature","properties":{"name":"North 9th Street","highway":"residential","osm":"way/547679227"},"geometry":{"type":"LineString","coordinates":[[-112.06214,33.45093],[-112.0621,33.45088]]}},{"type":"Feature","properties":{"name":"East Sky Harbor Boulevard","highway":"primary","osm":"way/548132494"},"geometry":{"type":"LineString","coordinates":[[-112.0105,33.4355],[-112.01059,33.43628],[-112.0115,33.43763]]}},{"type":"Feature","properties":{"name":"East Windsor Avenue","highway":"residential","osm":"way/548524949"},"geometry":{"type":"LineString","coordinates":[[-112.06152,33.47847],[-112.05963,33.47846]]}},{"type":"Feature","properties":{"name":"East Windsor Avenue","highway":"residential","osm":"way/548524950"},"geometry":{"type":"LineString","coordinates":[[-112.06397,33.47824],[-112.06303,33.47848]]}},{"type":"Feature","properties":{"name":"North 7th Street","highway":"primary","osm":"way/549331961"},"geometry":{"type":"LineString","coordinates":[[-112.06507,33.48756],[-112.06507,33.48837]]}},{"type":"Feature","properties":{"name":"North 7th Street","highway":"primary","osm":"way/549331964"},"geometry":{"type":"LineString","coordinates":[[-112.06507,33.48651],[-112.06507,33.48736]]}},{"type":"Feature","properties":{"name":"North 7th Street","highway":"primary","osm":"way/549333970"},"geometry":{"type":"LineString","coordinates":[[-112.06501,33.51373],[-112.065,33.51649]]}},{"type":"Feature","properties":{"name":"South 44th Street","highway":"primary","osm":"way/549334133"},"geometry":{"type":"LineString","coordinates":[[-111.98569,33.43818],[-111.98717,33.44018]]}},{"type":"Feature","properties":{"name":"North 5th Avenue","highway":"tertiary","osm":"way/549334950"},"geometry":{"type":"LineString","coordinates":[[-112.0802,33.45867],[-112.08019,33.45671]]}},{"type":"Feature","properties":{"name":"East Palm Lane","highway":"residential","osm":"way/549338942"},"geometry":{"type":"LineString","coordinates":[[-112.065,33.46934],[-112.06402,33.46935]]}},{"type":"Feature","properties":{"name":"East Palm Lane","highway":"residential","osm":"way/549338943"},"geometry":{"type":"LineString","coordinates":[[-112.06601,33.46938],[-112.06526,33.46936]]}},{"type":"Feature","properties":{"name":"West Mariposa Street","highway":"residential","osm":"way/549340879"},"geometry":{"type":"LineString","coordinates":[[-112.07814,33.50841],[-112.08249,33.50844]]}},{"type":"Feature","properties":{"name":"West Fillmore Street","highway":"residential","osm":"way/549341976"},"geometry":{"type":"LineString","coordinates":[[-112.07522,33.4547],[-112.07578,33.45471]]}},{"type":"Feature","properties":{"name":"East Monroe Street","highway":"residential","osm":"way/549349797"},"geometry":{"type":"LineString","coordinates":[[-112.06582,33.4504],[-112.06512,33.45039]]}},{"type":"Feature","properties":{"name":"West Colter Street","highway":"tertiary","osm":"way/549349919"},"geometry":{"type":"LineString","coordinates":[[-112.07376,33.51292],[-112.08249,33.51296]]}},{"type":"Feature","properties":{"name":"East Adams Street","highway":"residential","osm":"way/550169950"},"geometry":{"type":"LineString","coordinates":[[-112.06018,33.44916],[-112.06001,33.44918],[-112.06018,33.44916]]}},{"type":"Feature","properties":{"name":"North 10th Street","highway":"residential","osm":"way/550169951"},"geometry":{"type":"LineString","coordinates":[[-112.06085,33.4502],[-112.06069,33.45016],[-112.06085,33.4502]]}},{"type":"Feature","properties":{"name":"North 10th Place","highway":"residential","osm":"way/550169952"},"geometry":{"type":"LineString","coordinates":[[-112.05972,33.45017],[-112.0599,33.45017],[-112.05972,33.45017]]}},{"type":"Feature","properties":{"name":"South 24th Street","highway":"secondary","osm":"way/552377542"},"geometry":{"type":"LineString","coordinates":[[-112.03479,33.43143],[-112.03478,33.43133]]}},{"type":"Feature","properties":{"name":"East Sky Harbor Circle South","highway":"tertiary","osm":"way/552377543"},"geometry":{"type":"LineString","coordinates":[[-112.0346,33.43144],[-112.03479,33.43143]]}},{"type":"Feature","properties":{"name":"South 24th Street","highway":"secondary","osm":"way/552379279"},"geometry":{"type":"LineString","coordinates":[[-112.03033,33.42621],[-112.03032,33.42708]]}},{"type":"Feature","properties":{"name":"South 24th Street","highway":"secondary","osm":"way/552379280"},"geometry":{"type":"LineString","coordinates":[[-112.03034,33.4254],[-112.03033,33.42621]]}},{"type":"Feature","properties":{"name":null,"highway":"motorway_link","osm":"way/552379283"},"geometry":{"type":"LineString","coordinates":[[-112.03049,33.42623],[-112.03033,33.42621]]}},{"type":"Feature","properties":{"name":"North 10th Street","highway":"residential","osm":"way/564185312"},"geometry":{"type":"LineString","coordinates":[[-112.06061,33.50201],[-112.06065,33.50827]]}},{"type":"Feature","properties":{"name":"North 10th Street","highway":"residential","osm":"way/564185316"},"geometry":{"type":"LineString","coordinates":[[-112.0606,33.50833],[-112.0606,33.50833]]}},{"type":"Feature","properties":{"name":"East Sky Harbor Boulevard","highway":"primary","osm":"way/568378653"},"geometry":{"type":"LineString","coordinates":[[-111.99981,33.43605],[-111.99968,33.43605]]}},{"type":"Feature","properties":{"name":"East Sky Harbor Boulevard","highway":"primary","osm":"way/568378655"},"geometry":{"type":"LineString","coordinates":[[-112.00809,33.43498],[-112.00887,33.43498]]}},{"type":"Feature","properties":{"name":"East Sky Harbor Boulevard","highway":"primary","osm":"way/568378656"},"geometry":{"type":"LineString","coordinates":[[-112.00549,33.43498],[-112.00809,33.43498]]}},{"type":"Feature","properties":{"name":"East Sky Harbor Boulevard","highway":"primary","osm":"way/568378660"},"geometry":{"type":"LineString","coordinates":[[-112.00873,33.43592],[-112.00538,33.43591]]}},{"type":"Feature","properties":{"name":"East Sky Harbor Boulevard","highway":"primary","osm":"way/568378661"},"geometry":{"type":"LineString","coordinates":[[-112.00887,33.43592],[-112.00873,33.43592]]}},{"type":"Feature","properties":{"name":"East University Drive","highway":"primary","osm":"way/575185592"},"geometry":{"type":"LineString","coordinates":[[-111.98416,33.42194],[-111.9851,33.42193]]}},{"type":"Feature","properties":{"name":"East University Drive","highway":"primary","osm":"way/575185594"},"geometry":{"type":"LineString","coordinates":[[-111.98597,33.42179],[-111.9858,33.42179]]}},{"type":"Feature","properties":{"name":"East University Drive","highway":"primary","osm":"way/575185595"},"geometry":{"type":"LineString","coordinates":[[-111.98581,33.42193],[-111.98599,33.42193]]}},{"type":"Feature","properties":{"name":"West Mackenzie Drive","highway":"residential","osm":"way/579056833"},"geometry":{"type":"LineString","coordinates":[[-112.08415,33.4967],[-112.09131,33.49677]]}},{"type":"Feature","properties":{"name":"East Jefferson Street","highway":"primary","osm":"way/586338626"},"geometry":{"type":"LineString","coordinates":[[-112.03893,33.44717],[-112.03877,33.44717]]}},{"type":"Feature","properties":{"name":"East Washington Street","highway":"primary","osm":"way/586338627"},"geometry":{"type":"LineString","coordinates":[[-112.03894,33.44836],[-112.039,33.44836]]}},{"type":"Feature","properties":{"name":"North 13th Place","highway":"residential","osm":"way/589256733"},"geometry":{"type":"LineString","coordinates":[[-112.05357,33.51035],[-112.05357,33.50921]]}},{"type":"Feature","properties":{"name":null,"highway":"motorway_link","osm":"way/589798116"},"geometry":{"type":"LineString","coordinates":[[-112.03701,33.44926],[-112.03699,33.44941]]}},{"type":"Feature","properties":{"name":"East Van Buren Street","highway":"primary","osm":"way/590033846"},"geometry":{"type":"LineString","coordinates":[[-111.9955,33.45125],[-111.99556,33.45125]]}},{"type":"Feature","properties":{"name":null,"highway":"residential","osm":"way/590103843"},"geometry":{"type":"LineString","coordinates":[[-112.06075,33.49653],[-112.06152,33.49654]]}},{"type":"Feature","properties":{"name":"South 16th Street","highway":"secondary","osm":"way/591244569"},"geometry":{"type":"LineString","coordinates":[[-112.0477,33.4419],[-112.04774,33.44267]]}},{"type":"Feature","properties":{"name":null,"highway":"residential","osm":"way/592543784"},"geometry":{"type":"LineString","coordinates":[[-112.05797,33.48863],[-112.05779,33.48865]]}},{"type":"Feature","properties":{"name":null,"highway":"residential","osm":"way/592543786"},"geometry":{"type":"LineString","coordinates":[[-112.05831,33.48794],[-112.0583,33.48825],[-112.05917,33.48873]]}},{"type":"Feature","properties":{"name":"North 11th Avenue","highway":"residential","osm":"way/596496032"},"geometry":{"type":"LineString","coordinates":[[-112.08699,33.45867],[-112.08704,33.46068]]}},{"type":"Feature","properties":{"name":"West Adams Street","highway":"residential","osm":"way/597298535"},"geometry":{"type":"LineString","coordinates":[[-112.08257,33.44928],[-112.09143,33.44923]]}},{"type":"Feature","properties":{"name":"East Rental Car Way","highway":"unclassified","osm":"way/597955428"},"geometry":{"type":"LineString","coordinates":[[-112.04777,33.43138],[-112.0473,33.43137],[-112.04737,33.4294],[-112.04591,33.42816],[-112.04223,33.42814]]}},{"type":"Feature","properties":{"name":"North 18th Street","highway":"residential","osm":"way/597955750"},"geometry":{"type":"LineString","coordinates":[[-112.04338,33.44891],[-112.04338,33.44945]]}},{"type":"Feature","properties":{"name":"East Washington Street","highway":"primary","osm":"way/597972911"},"geometry":{"type":"LineString","coordinates":[[-111.99639,33.44821],[-111.9982,33.44821]]}},{"type":"Feature","properties":{"name":"East Air Lane","highway":"residential","osm":"way/597995214"},"geometry":{"type":"LineString","coordinates":[[-112.02964,33.44395],[-112.02872,33.44399]]}},{"type":"Feature","properties":{"name":"South 24th Street","highway":"secondary","osm":"way/597995215"},"geometry":{"type":"LineString","coordinates":[[-112.03097,33.443],[-112.03033,33.44398]]}},{"type":"Feature","properties":{"name":"West Polk Street","highway":"residential","osm":"way/604742960"},"geometry":{"type":"LineString","coordinates":[[-112.09514,33.45317],[-112.10006,33.45313]]}},{"type":"Feature","properties":{"name":"West Polk Street","highway":"residential","osm":"way/604742961"},"geometry":{"type":"LineString","coordinates":[[-112.09458,33.45318],[-112.09514,33.45317]]}},{"type":"Feature","properties":{"name":"South 9th Avenue","highway":"residential","osm":"way/604742963"},"geometry":{"type":"LineString","coordinates":[[-112.0847,33.44046],[-112.08469,33.44018]]}},{"type":"Feature","properties":{"name":"South 9th Avenue","highway":"residential","osm":"way/604742964"},"geometry":{"type":"LineString","coordinates":[[-112.08468,33.43682],[-112.08465,33.43126]]}},{"type":"Feature","properties":{"name":"West Yuma Street","highway":"residential","osm":"way/604742966"},"geometry":{"type":"LineString","coordinates":[[-112.07696,33.43513],[-112.07728,33.43513]]}},{"type":"Feature","properties":{"name":"South 3rd Avenue","highway":"residential","osm":"way/604742967"},"geometry":{"type":"LineString","coordinates":[[-112.07728,33.43513],[-112.07729,33.43315]]}},{"type":"Feature","properties":{"name":"West Yuma Street","highway":"residential","osm":"way/604742968"},"geometry":{"type":"LineString","coordinates":[[-112.07728,33.43513],[-112.07881,33.43513]]}},{"type":"Feature","properties":{"name":"West Yuma Street","highway":"residential","osm":"way/604742969"},"geometry":{"type":"LineString","coordinates":[[-112.07639,33.43513],[-112.07696,33.43513]]}},{"type":"Feature","properties":{"name":"East Granada Road","highway":"residential","osm":"way/604742974"},"geometry":{"type":"LineString","coordinates":[[-112.0625,33.46825],[-112.06075,33.46826]]}},{"type":"Feature","properties":{"name":"East Granada Road","highway":"residential","osm":"way/604742975"},"geometry":{"type":"LineString","coordinates":[[-112.06335,33.46825],[-112.0625,33.46825]]}},{"type":"Feature","properties":{"name":"North 17th Street","highway":"residential","osm":"way/604742981"},"geometry":{"type":"LineString","coordinates":[[-112.0455,33.4577],[-112.04551,33.45776]]}},{"type":"Feature","properties":{"name":"North 17th Street","highway":"residential","osm":"way/604742982"},"geometry":{"type":"LineString","coordinates":[[-112.0455,33.45709],[-112.0455,33.45734]]}},{"type":"Feature","properties":{"name":"North 17th Street","highway":"residential","osm":"way/604742983"},"geometry":{"type":"LineString","coordinates":[[-112.0455,33.45734],[-112.0455,33.4577]]}},{"type":"Feature","properties":{"name":"East McKinley Street","highway":"residential","osm":"way/604742986"},"geometry":{"type":"LineString","coordinates":[[-112.05382,33.45677],[-112.05265,33.45677]]}},{"type":"Feature","properties":{"name":"East McKinley Street","highway":"residential","osm":"way/604742987"},"geometry":{"type":"LineString","coordinates":[[-112.04766,33.45678],[-112.04121,33.45689]]}},{"type":"Feature","properties":{"name":"North 13th Street","highway":"residential","osm":"way/604742989"},"geometry":{"type":"LineString","coordinates":[[-112.05424,33.44901],[-112.05423,33.44916]]}},{"type":"Feature","properties":{"name":"North 13th Street","highway":"residential","osm":"way/604742990"},"geometry":{"type":"LineString","coordinates":[[-112.05423,33.44916],[-112.05422,33.45138]]}},{"type":"Feature","properties":{"name":"North 13th Street","highway":"residential","osm":"way/604742992"},"geometry":{"type":"LineString","coordinates":[[-112.05424,33.44888],[-112.05424,33.44901]]}},{"type":"Feature","properties":{"name":"North 13th Street","highway":"residential","osm":"way/604742993"},"geometry":{"type":"LineString","coordinates":[[-112.05424,33.44855],[-112.05424,33.44888]]}},{"type":"Feature","properties":{"name":"East Washington Street","highway":"primary","osm":"way/604742994"},"geometry":{"type":"LineString","coordinates":[[-112.05424,33.44833],[-112.05512,33.44833]]}},{"type":"Feature","properties":{"name":"East Palm Lane","highway":"residential","osm":"way/604742997"},"geometry":{"type":"LineString","coordinates":[[-112.04873,33.46937],[-112.04826,33.46937]]}},{"type":"Feature","properties":{"name":"East Palm Lane","highway":"residential","osm":"way/604742998"},"geometry":{"type":"LineString","coordinates":[[-112.04826,33.46937],[-112.04821,33.46937]]}},{"type":"Feature","properties":{"name":"East Palm Lane","highway":"residential","osm":"way/604742999"},"geometry":{"type":"LineString","coordinates":[[-112.04821,33.46937],[-112.03899,33.46938]]}},{"type":"Feature","properties":{"name":"East Superior Avenue","highway":"unclassified","osm":"way/606374950"},"geometry":{"type":"LineString","coordinates":[[-111.99543,33.41641],[-112.00407,33.41638]]}},{"type":"Feature","properties":{"name":null,"highway":"residential","osm":"way/607590908"},"geometry":{"type":"LineString","coordinates":[[-112.09434,33.43858],[-112.09432,33.43767]]}},{"type":"Feature","properties":{"name":"North 2nd Street","highway":"residential","osm":"way/609465653"},"geometry":{"type":"LineString","coordinates":[[-112.07093,33.51466],[-112.07092,33.51537]]}},{"type":"Feature","properties":{"name":"East Yuma Street","highway":"residential","osm":"way/610362556"},"geometry":{"type":"LineString","coordinates":[[-112.07335,33.43502],[-112.07122,33.43503]]}},{"type":"Feature","properties":{"name":"East Yuma Street","highway":"residential","osm":"way/610362557"},"geometry":{"type":"LineString","coordinates":[[-112.07122,33.43503],[-112.07014,33.43501]]}},{"type":"Feature","properties":{"name":"East Yuma Street","highway":"residential","osm":"way/610362558"},"geometry":{"type":"LineString","coordinates":[[-112.07014,33.43501],[-112.06985,33.43524]]}},{"type":"Feature","properties":{"name":"East Palm Lane","highway":"residential","osm":"way/613747435"},"geometry":{"type":"LineString","coordinates":[[-112.06526,33.46936],[-112.06512,33.46935]]}},{"type":"Feature","properties":{"name":"East Palm Lane","highway":"residential","osm":"way/613747436"},"geometry":{"type":"LineString","coordinates":[[-112.06512,33.46935],[-112.065,33.46934]]}},{"type":"Feature","properties":{"name":"North 7th Street","highway":"primary","osm":"way/613747437"},"geometry":{"type":"LineString","coordinates":[[-112.06512,33.46981],[-112.06513,33.47116]]}},{"type":"Feature","properties":{"name":"North 7th Street","highway":"primary","osm":"way/613747439"},"geometry":{"type":"LineString","coordinates":[[-112.06512,33.46876],[-112.06512,33.46935]]}},{"type":"Feature","properties":{"name":"North 7th Street","highway":"primary","osm":"way/613748001"},"geometry":{"type":"LineString","coordinates":[[-112.06511,33.4766],[-112.06511,33.4773]]}},{"type":"Feature","properties":{"name":"North 7th Street","highway":"primary","osm":"way/613748002"},"geometry":{"type":"LineString","coordinates":[[-112.06511,33.47619],[-112.06511,33.4766]]}},{"type":"Feature","properties":{"name":"North 7th Avenue","highway":"secondary","osm":"way/613764500"},"geometry":{"type":"LineString","coordinates":[[-112.08287,33.47303],[-112.08288,33.47357]]}},{"type":"Feature","properties":{"name":"West Encanto Boulevard","highway":"tertiary","osm":"way/613764501"},"geometry":{"type":"LineString","coordinates":[[-112.08287,33.47303],[-112.08298,33.47303]]}},{"type":"Feature","properties":{"name":"West Encanto Boulevard","highway":"tertiary","osm":"way/613764502"},"geometry":{"type":"LineString","coordinates":[[-112.08236,33.47303],[-112.08287,33.47303]]}},{"type":"Feature","properties":{"name":"South 44th Street","highway":"primary","osm":"way/613771455"},"geometry":{"type":"LineString","coordinates":[[-111.98726,33.44638],[-111.98725,33.44621]]}},{"type":"Feature","properties":{"name":"South 44th Street","highway":"primary","osm":"way/613771456"},"geometry":{"type":"LineString","coordinates":[[-111.98712,33.4462],[-111.98711,33.44628]]}},{"type":"Feature","properties":{"name":"East Thomas Road","highway":"secondary","osm":"way/613800578"},"geometry":{"type":"LineString","coordinates":[[-112.06509,33.48021],[-112.06494,33.48021]]}},{"type":"Feature","properties":{"name":"North 7th Street","highway":"primary","osm":"way/613800586"},"geometry":{"type":"LineString","coordinates":[[-112.06509,33.48021],[-112.06509,33.48033]]}},{"type":"Feature","properties":{"name":"East Thomas Road","highway":"secondary","osm":"way/613800597"},"geometry":{"type":"LineString","coordinates":[[-112.06524,33.48021],[-112.06509,33.48021]]}},{"type":"Feature","properties":{"name":"North 7th Street","highway":"primary","osm":"way/613800602"},"geometry":{"type":"LineString","coordinates":[[-112.06509,33.48006],[-112.06509,33.48021]]}},{"type":"Feature","properties":{"name":"West Thomas Road","highway":"secondary","osm":"way/613802121"},"geometry":{"type":"LineString","coordinates":[[-112.08288,33.48034],[-112.08304,33.48035]]}},{"type":"Feature","properties":{"name":"North 7th Avenue","highway":"secondary","osm":"way/613802122"},"geometry":{"type":"LineString","coordinates":[[-112.08304,33.48035],[-112.08305,33.48048]]}},{"type":"Feature","properties":{"name":"North 7th Avenue","highway":"secondary","osm":"way/613802123"},"geometry":{"type":"LineString","coordinates":[[-112.08304,33.48021],[-112.08304,33.48035]]}},{"type":"Feature","properties":{"name":"West Thomas Road","highway":"secondary","osm":"way/613802124"},"geometry":{"type":"LineString","coordinates":[[-112.08304,33.48035],[-112.08317,33.48035]]}},{"type":"Feature","properties":{"name":"North 7th Avenue","highway":"secondary","osm":"way/613802813"},"geometry":{"type":"LineString","coordinates":[[-112.08314,33.48351],[-112.08315,33.48398]]}},{"type":"Feature","properties":{"name":"West Osborn Road","highway":"tertiary","osm":"way/613803682"},"geometry":{"type":"LineString","coordinates":[[-112.08307,33.48762],[-112.08322,33.48763]]}},{"type":"Feature","properties":{"name":"West Osborn Road","highway":"tertiary","osm":"way/613803683"},"geometry":{"type":"LineString","coordinates":[[-112.08322,33.48763],[-112.08336,33.48764]]}},{"type":"Feature","properties":{"name":"North 7th Avenue","highway":"secondary","osm":"way/613803684"},"geometry":{"type":"LineString","coordinates":[[-112.08321,33.48713],[-112.08322,33.48763]]}},{"type":"Feature","properties":{"name":"North 7th Avenue","highway":"secondary","osm":"way/613803685"},"geometry":{"type":"LineString","coordinates":[[-112.08324,33.48806],[-112.08326,33.48856]]}},{"type":"Feature","properties":{"name":"West Indian School Road","highway":"secondary","osm":"way/613809084"},"geometry":{"type":"LineString","coordinates":[[-112.08448,33.49489],[-112.084,33.49489]]}},{"type":"Feature","properties":{"name":"North 7th Avenue","highway":"secondary","osm":"way/613809090"},"geometry":{"type":"LineString","coordinates":[[-112.0835,33.49535],[-112.08354,33.4967]]}},{"type":"Feature","properties":{"name":"East Osborn Road","highway":"secondary","osm":"way/613810608"},"geometry":{"type":"LineString","coordinates":[[-112.0652,33.48747],[-112.06506,33.48747]]}},{"type":"Feature","properties":{"name":"East Osborn Road","highway":"secondary","osm":"way/613810610"},"geometry":{"type":"LineString","coordinates":[[-112.06506,33.48747],[-112.06495,33.48747]]}},{"type":"Feature","properties":{"name":"North 7th Street","highway":"primary","osm":"way/613810611"},"geometry":{"type":"LineString","coordinates":[[-112.06506,33.48747],[-112.06507,33.48756]]}},{"type":"Feature","properties":{"name":"North 7th Street","highway":"primary","osm":"way/613810613"},"geometry":{"type":"LineString","coordinates":[[-112.06507,33.48736],[-112.06506,33.48747]]}},{"type":"Feature","properties":{"name":"East Indian School Road","highway":"secondary","osm":"way/613811395"},"geometry":{"type":"LineString","coordinates":[[-112.06518,33.49474],[-112.06505,33.49474]]}},{"type":"Feature","properties":{"name":"East Indian School Road","highway":"secondary","osm":"way/613811396"},"geometry":{"type":"LineString","coordinates":[[-112.06505,33.49474],[-112.06491,33.49473]]}},{"type":"Feature","properties":{"name":"North 7th Street","highway":"primary","osm":"way/613811397"},"geometry":{"type":"LineString","coordinates":[[-112.06505,33.49474],[-112.06505,33.49485]]}},{"type":"Feature","properties":{"name":"North 7th Street","highway":"primary","osm":"way/613811399"},"geometry":{"type":"LineString","coordinates":[[-112.06505,33.49461],[-112.06505,33.49474]]}},{"type":"Feature","properties":{"name":"East Fairmount Avenue","highway":"residential","osm":"way/613812831"},"geometry":{"type":"LineString","coordinates":[[-112.06671,33.49281],[-112.06653,33.4928]]}},{"type":"Feature","properties":{"name":"East Fairmount Avenue","highway":"residential","osm":"way/613812832"},"geometry":{"type":"LineString","coordinates":[[-112.06653,33.4928],[-112.06507,33.4928]]}},{"type":"Feature","properties":{"name":"East Fairmount Avenue","highway":"residential","osm":"way/613812833"},"geometry":{"type":"LineString","coordinates":[[-112.06945,33.49283],[-112.06799,33.49282]]}},{"type":"Feature","properties":{"name":"East Fillmore Street","highway":"residential","osm":"way/617901668"},"geometry":{"type":"LineString","coordinates":[[-112.07379,33.45463],[-112.07388,33.45469]]}},{"type":"Feature","properties":{"name":"North 1st Street","highway":"residential","osm":"way/617901678"},"geometry":{"type":"LineString","coordinates":[[-112.07255,33.4524],[-112.07254,33.45444]]}},{"type":"Feature","properties":{"name":"West Fillmore Street","highway":"residential","osm":"way/617901679"},"geometry":{"type":"LineString","coordinates":[[-112.07401,33.4547],[-112.07388,33.45459]]}},{"type":"Feature","properties":{"name":"West Fillmore Street","highway":"residential","osm":"way/617901680"},"geometry":{"type":"LineString","coordinates":[[-112.07388,33.45469],[-112.07401,33.4547]]}},{"type":"Feature","properties":{"name":"East Old Tower Road","highway":"tertiary","osm":"way/624145406"},"geometry":{"type":"LineString","coordinates":[[-112.01414,33.42301],[-112.01498,33.42265]]}},{"type":"Feature","properties":{"name":"East Old Tower Road","highway":"tertiary","osm":"way/624145407"},"geometry":{"type":"LineString","coordinates":[[-112.01619,33.42189],[-112.01521,33.4226]]}},{"type":"Feature","properties":{"name":"East Old Tower Road","highway":"tertiary","osm":"way/624145430"},"geometry":{"type":"LineString","coordinates":[[-112.01521,33.4226],[-112.01646,33.42175]]}},{"type":"Feature","properties":{"name":"West Jefferson Street","highway":"secondary","osm":"way/627453135"},"geometry":{"type":"LineString","coordinates":[[-112.0982,33.447],[-112.09786,33.447]]}},{"type":"Feature","properties":{"name":"North 1st Avenue","highway":"primary","osm":"way/627689146"},"geometry":{"type":"LineString","coordinates":[[-112.07519,33.45175],[-112.07519,33.45165]]}},{"type":"Feature","properties":{"name":"North Central Avenue","highway":"primary","osm":"way/627689147"},"geometry":{"type":"LineString","coordinates":[[-112.07383,33.45078],[-112.07383,33.45102]]}},{"type":"Feature","properties":{"name":"West Adams Street","highway":"secondary","osm":"way/628262999"},"geometry":{"type":"LineString","coordinates":[[-112.09664,33.44922],[-112.09721,33.44922]]}},{"type":"Feature","properties":{"name":"East Fillmore Street","highway":"residential","osm":"way/628725137"},"geometry":{"type":"LineString","coordinates":[[-112.07388,33.45459],[-112.07379,33.45453]]}},{"type":"Feature","properties":{"name":"East Meadowbrook Avenue","highway":"residential","osm":"way/629371528"},"geometry":{"type":"LineString","coordinates":[[-112.05193,33.5037],[-112.04544,33.5038]]}},{"type":"Feature","properties":{"name":"North 14th Street","highway":"residential","osm":"way/629371529"},"geometry":{"type":"LineString","coordinates":[[-112.05193,33.5037],[-112.05195,33.50197]]}},{"type":"Feature","properties":{"name":"East Virginia Avenue","highway":"tertiary","osm":"way/631973612"},"geometry":{"type":"LineString","coordinates":[[-112.06394,33.47657],[-112.06362,33.47661]]}},{"type":"Feature","properties":{"name":null,"highway":"residential","osm":"way/641757196"},"geometry":{"type":"LineString","coordinates":[[-112.05779,33.48865],[-112.05652,33.48865]]}},{"type":"Feature","properties":{"name":null,"highway":"residential","osm":"way/641757197"},"geometry":{"type":"LineString","coordinates":[[-112.05769,33.48794],[-112.05769,33.48782]]}},{"type":"Feature","properties":{"name":null,"highway":"residential","osm":"way/641757198"},"geometry":{"type":"LineString","coordinates":[[-112.05769,33.48782],[-112.05764,33.48746]]}},{"type":"Feature","properties":{"name":"South 11th Avenue","highway":"residential","osm":"way/646560355"},"geometry":{"type":"LineString","coordinates":[[-112.08695,33.44138],[-112.08696,33.43986]]}},{"type":"Feature","properties":{"name":"South Central Avenue","highway":"secondary","osm":"way/646560361"},"geometry":{"type":"LineString","coordinates":[[-112.07376,33.44661],[-112.07377,33.44703]]}},{"type":"Feature","properties":{"name":"South 41st Place","highway":"unclassified","osm":"way/653307232"},"geometry":{"type":"LineString","coordinates":[[-111.99164,33.44723],[-111.99164,33.44728]]}},{"type":"Feature","properties":{"name":"South 41st Place","highway":"unclassified","osm":"way/653307233"},"geometry":{"type":"LineString","coordinates":[[-111.99164,33.44728],[-111.99163,33.44759]]}},{"type":"Feature","properties":{"name":"East Williams Street","highway":"unclassified","osm":"way/656417114"},"geometry":{"type":"LineString","coordinates":[[-111.99881,33.42023],[-111.99977,33.42022]]}},{"type":"Feature","properties":{"name":null,"highway":"motorway_link","osm":"way/656417122"},"geometry":{"type":"LineString","coordinates":[[-112.01084,33.41281],[-112.01293,33.41391],[-112.01532,33.4158]]}},{"type":"Feature","properties":{"name":"South 17th Avenue","highway":"secondary","osm":"way/658321844"},"geometry":{"type":"LineString","coordinates":[[-112.09571,33.43858],[-112.09569,33.43833]]}},{"type":"Feature","properties":{"name":"South 11th Street","highway":"residential","osm":"way/658353380"},"geometry":{"type":"LineString","coordinates":[[-112.05902,33.4482],[-112.05902,33.44724]]}},{"type":"Feature","properties":{"name":"West Minnezona Avenue","highway":"residential","osm":"way/671743537"},"geometry":{"type":"LineString","coordinates":[[-112.08027,33.50299],[-112.08244,33.50278]]}},{"type":"Feature","properties":{"name":null,"highway":"motorway_link","osm":"way/672434438"},"geometry":{"type":"LineString","coordinates":[[-112.06311,33.46258],[-112.06368,33.46269]]}},{"type":"Feature","properties":{"name":null,"highway":"motorway_link","osm":"way/672434439"},"geometry":{"type":"LineString","coordinates":[[-112.06498,33.46326],[-112.06503,33.46394]]}},{"type":"Feature","properties":{"name":"North 6th Street","highway":"residential","osm":"way/679361904"},"geometry":{"type":"LineString","coordinates":[[-112.06677,33.49327],[-112.06676,33.49317]]}},{"type":"Feature","properties":{"name":null,"highway":"living_street","osm":"way/679815116"},"geometry":{"type":"LineString","coordinates":[[-112.08353,33.50574],[-112.08359,33.50504],[-112.08438,33.50502],[-112.08447,33.50575]]}},{"type":"Feature","properties":{"name":"North 1st Street","highway":"residential","osm":"way/681285211"},"geometry":{"type":"LineString","coordinates":[[-112.07255,33.45192],[-112.07255,33.4524]]}},{"type":"Feature","properties":{"name":"North 1st Street","highway":"residential","osm":"way/681285212"},"geometry":{"type":"LineString","coordinates":[[-112.07255,33.45179],[-112.07255,33.45192]]}},{"type":"Feature","properties":{"name":"North 18th Street","highway":"unclassified","osm":"way/682252991"},"geometry":{"type":"LineString","coordinates":[[-112.04338,33.44945],[-112.0434,33.45469],[-112.04419,33.45552]]}},{"type":"Feature","properties":{"name":"East Adams Street","highway":"residential","osm":"way/682252992"},"geometry":{"type":"LineString","coordinates":[[-112.04338,33.44945],[-112.03831,33.44945]]}},{"type":"Feature","properties":{"name":"South 40th Street","highway":"unclassified","osm":"way/684838119"},"geometry":{"type":"LineString","coordinates":[[-111.99556,33.44404],[-111.99557,33.44355]]}},{"type":"Feature","properties":{"name":"South 40th Street","highway":"unclassified","osm":"way/684838120"},"geometry":{"type":"LineString","coordinates":[[-111.99556,33.44404],[-111.99553,33.44454]]}},{"type":"Feature","properties":{"name":"South 40th Street","highway":"unclassified","osm":"way/684838121"},"geometry":{"type":"LineString","coordinates":[[-111.99553,33.44454],[-111.99556,33.44404]]}},{"type":"Feature","properties":{"name":"South 32nd Street","highway":"secondary","osm":"way/684838122"},"geometry":{"type":"LineString","coordinates":[[-112.01292,33.4445],[-112.01292,33.44403]]}},{"type":"Feature","properties":{"name":"South 32nd Street","highway":"secondary","osm":"way/684838123"},"geometry":{"type":"LineString","coordinates":[[-112.01292,33.44403],[-112.01292,33.4445]]}},{"type":"Feature","properties":{"name":"West Glenrosa Avenue","highway":"residential","osm":"way/685032832"},"geometry":{"type":"LineString","coordinates":[[-112.08714,33.49854],[-112.09242,33.49859]]}},{"type":"Feature","properties":{"name":null,"highway":"residential","osm":"way/685032833"},"geometry":{"type":"LineString","coordinates":[[-112.08693,33.4986],[-112.08693,33.4986]]}},{"type":"Feature","properties":{"name":"North 11th Avenue","highway":"residential","osm":"way/685032834"},"geometry":{"type":"LineString","coordinates":[[-112.08695,33.49849],[-112.08691,33.49836]]}},{"type":"Feature","properties":{"name":"North 11th Avenue","highway":"residential","osm":"way/685032835"},"geometry":{"type":"LineString","coordinates":[[-112.08691,33.49836],[-112.08686,33.49849]]}},{"type":"Feature","properties":{"name":"West Glenrosa Avenue","highway":"residential","osm":"way/685032836"},"geometry":{"type":"LineString","coordinates":[[-112.08664,33.49854],[-112.08685,33.49858]]}},{"type":"Feature","properties":{"name":"West Glenrosa Avenue","highway":"residential","osm":"way/685032837"},"geometry":{"type":"LineString","coordinates":[[-112.08685,33.49851],[-112.08664,33.49854]]}},{"type":"Feature","properties":{"name":"North 11th Avenue","highway":"residential","osm":"way/685032838"},"geometry":{"type":"LineString","coordinates":[[-112.08691,33.49874],[-112.08695,33.49958],[-112.08753,33.50065]]}},{"type":"Feature","properties":{"name":"North 11th Avenue","highway":"residential","osm":"way/685032839"},"geometry":{"type":"LineString","coordinates":[[-112.08697,33.49858],[-112.08691,33.49874]]}},{"type":"Feature","properties":{"name":"North 11th Avenue","highway":"residential","osm":"way/685032840"},"geometry":{"type":"LineString","coordinates":[[-112.08691,33.49874],[-112.08687,33.49859]]}},{"type":"Feature","properties":{"name":"South 44th Street","highway":"primary","osm":"way/687568996"},"geometry":{"type":"LineString","coordinates":[[-111.98727,33.44596],[-111.98728,33.44586]]}},{"type":"Feature","properties":{"name":"East Madison Street","highway":"unclassified","osm":"way/687569005"},"geometry":{"type":"LineString","coordinates":[[-111.98727,33.44596],[-111.98749,33.44597]]}},{"type":"Feature","properties":{"name":"South 44th Street","highway":"primary","osm":"way/687569011"},"geometry":{"type":"LineString","coordinates":[[-111.98714,33.44596],[-111.98712,33.4462]]}},{"type":"Feature","properties":{"name":"East Sky Harbor Boulevard","highway":"primary","osm":"way/689872101"},"geometry":{"type":"LineString","coordinates":[[-111.99439,33.43602],[-111.99426,33.43602]]}},{"type":"Feature","properties":{"name":"East Sky Harbor Boulevard","highway":"primary","osm":"way/689872102"},"geometry":{"type":"LineString","coordinates":[[-111.99426,33.43602],[-111.99262,33.43602]]}},{"type":"Feature","properties":{"name":"East Sky Harbor Boulevard","highway":"primary","osm":"way/689872103"},"geometry":{"type":"LineString","coordinates":[[-111.99426,33.43494],[-111.99439,33.43494]]}},{"type":"Feature","properties":{"name":"East Sky Harbor Boulevard","highway":"primary","osm":"way/689872104"},"geometry":{"type":"LineString","coordinates":[[-111.99439,33.43494],[-111.99645,33.43494]]}},{"type":"Feature","properties":{"name":"South 42nd Street","highway":"unclassified","osm":"way/690123652"},"geometry":{"type":"LineString","coordinates":[[-111.98648,33.43301],[-111.98667,33.43295]]}},{"type":"Feature","properties":{"name":"South 42nd Street","highway":"unclassified","osm":"way/690123671"},"geometry":{"type":"LineString","coordinates":[[-111.98773,33.43316],[-111.98771,33.43286]]}},{"type":"Feature","properties":{"name":"South 42nd Street","highway":"unclassified","osm":"way/690123679"},"geometry":{"type":"LineString","coordinates":[[-111.98772,33.43515],[-111.9877,33.43538]]}},{"type":"Feature","properties":{"name":"East Economy Parking Drive","highway":"unclassified","osm":"way/690129242"},"geometry":{"type":"LineString","coordinates":[[-111.98539,33.43525],[-111.98481,33.43526],[-111.98493,33.43541],[-111.98539,33.43525]]}},{"type":"Feature","properties":{"name":"East Economy Parking Drive","highway":"unclassified","osm":"way/690129243"},"geometry":{"type":"LineString","coordinates":[[-111.98539,33.43525],[-111.98769,33.4345]]}},{"type":"Feature","properties":{"name":"South 42nd Street","highway":"unclassified","osm":"way/690129251"},"geometry":{"type":"LineString","coordinates":[[-111.98815,33.43855],[-111.98817,33.43915],[-111.9885,33.43922]]}},{"type":"Feature","properties":{"name":"North 6th Avenue","highway":"residential","osm":"way/693872308"},"geometry":{"type":"LineString","coordinates":[[-112.08189,33.48399],[-112.08196,33.48635]]}},{"type":"Feature","properties":{"name":"West Earll Drive","highway":"tertiary","osm":"way/693872310"},"geometry":{"type":"LineString","coordinates":[[-112.08182,33.48379],[-112.08188,33.48377]]}},{"type":"Feature","properties":{"name":"West Earll Drive","highway":"tertiary","osm":"way/693872311"},"geometry":{"type":"LineString","coordinates":[[-112.08188,33.48377],[-112.08314,33.48351]]}},{"type":"Feature","properties":{"name":"North 6th Avenue","highway":"residential","osm":"way/693872313"},"geometry":{"type":"LineString","coordinates":[[-112.08189,33.48399],[-112.08188,33.48377]]}},{"type":"Feature","properties":{"name":"North 6th Avenue","highway":"unclassified","osm":"way/693872314"},"geometry":{"type":"LineString","coordinates":[[-112.08186,33.4822],[-112.08188,33.48334]]}},{"type":"Feature","properties":{"name":"North 6th Avenue","highway":"unclassified","osm":"way/693872315"},"geometry":{"type":"LineString","coordinates":[[-112.08188,33.48334],[-112.08189,33.48367]]}},{"type":"Feature","properties":{"name":"West Earll Drive","highway":"tertiary","osm":"way/693872317"},"geometry":{"type":"LineString","coordinates":[[-112.08189,33.48367],[-112.08091,33.48381]]}},{"type":"Feature","properties":{"name":"West Earll Drive","highway":"tertiary","osm":"way/693872319"},"geometry":{"type":"LineString","coordinates":[[-112.08223,33.48356],[-112.08189,33.48367]]}},{"type":"Feature","properties":{"name":"North 11th Street","highway":"residential","osm":"way/693872320"},"geometry":{"type":"LineString","coordinates":[[-112.05845,33.47479],[-112.05845,33.47658]]}},{"type":"Feature","properties":{"name":"South 42nd Street","highway":"unclassified","osm":"way/695880947"},"geometry":{"type":"LineString","coordinates":[[-111.9863,33.43305],[-111.98648,33.43301]]}},{"type":"Feature","properties":{"name":"South 42nd Street","highway":"unclassified","osm":"way/695880951"},"geometry":{"type":"LineString","coordinates":[[-111.98552,33.43318],[-111.9863,33.43305]]}},{"type":"Feature","properties":{"name":"North 8th Street","highway":"residential","osm":"way/700698645"},"geometry":{"type":"LineString","coordinates":[[-112.06402,33.47657],[-112.06398,33.47637]]}},{"type":"Feature","properties":{"name":"East Indian School Road","highway":"secondary","osm":"way/701720958"},"geometry":{"type":"LineString","coordinates":[[-112.07164,33.4948],[-112.07051,33.4948]]}},{"type":"Feature","properties":{"name":"North Country Club Drive","highway":"residential","osm":"way/706555385"},"geometry":{"type":"LineString","coordinates":[[-112.0647,33.48207],[-112.06509,33.48206]]}},{"type":"Feature","properties":{"name":"North Country Club Drive","highway":"residential","osm":"way/706555386"},"geometry":{"type":"LineString","coordinates":[[-112.0647,33.48207],[-112.06509,33.48235]]}},{"type":"Feature","properties":{"name":"North Country Club Drive","highway":"residential","osm":"way/706555387"},"geometry":{"type":"LineString","coordinates":[[-112.06427,33.48192],[-112.0647,33.48207]]}},{"type":"Feature","properties":{"name":"North Country Club Drive","highway":"residential","osm":"way/706555388"},"geometry":{"type":"LineString","coordinates":[[-112.06509,33.48196],[-112.06434,33.48184]]}},{"type":"Feature","properties":{"name":"North Country Club Drive","highway":"residential","osm":"way/706555389"},"geometry":{"type":"LineString","coordinates":[[-112.06434,33.48184],[-112.06417,33.48166]]}},{"type":"Feature","properties":{"name":"North Country Club Drive","highway":"residential","osm":"way/706555390"},"geometry":{"type":"LineString","coordinates":[[-112.06416,33.48188],[-112.06415,33.48233]]}},{"type":"Feature","properties":{"name":"North Country Club Drive","highway":"residential","osm":"way/706555391"},"geometry":{"type":"LineString","coordinates":[[-112.06417,33.48166],[-112.06427,33.48192]]}},{"type":"Feature","properties":{"name":null,"highway":"residential","osm":"way/706555395"},"geometry":{"type":"LineString","coordinates":[[-112.06448,33.48203],[-112.06453,33.48194]]}},{"type":"Feature","properties":{"name":"North Richland Street","highway":"residential","osm":"way/706555399"},"geometry":{"type":"LineString","coordinates":[[-112.06289,33.47478],[-112.06288,33.47729]]}},{"type":"Feature","properties":{"name":"East Roosevelt Street","highway":"tertiary","osm":"way/714352754"},"geometry":{"type":"LineString","coordinates":[[-112.04607,33.4587],[-112.03901,33.45865]]}},{"type":"Feature","properties":{"name":null,"highway":"motorway_link","osm":"way/717375868"},"geometry":{"type":"LineString","coordinates":[[-112.05054,33.46167],[-112.04981,33.46161]]}},{"type":"Feature","properties":{"name":null,"highway":"motorway_link","osm":"way/717375869"},"geometry":{"type":"LineString","coordinates":[[-112.0484,33.46262],[-112.04891,33.46262]]}},{"type":"Feature","properties":{"name":"East Madison Street","highway":"unclassified","osm":"way/723250667"},"geometry":{"type":"LineString","coordinates":[[-111.99052,33.44626],[-111.99027,33.44626]]}},{"type":"Feature","properties":{"name":"East Madison Street","highway":"unclassified","osm":"way/723250669"},"geometry":{"type":"LineString","coordinates":[[-111.99027,33.44626],[-111.99007,33.44625]]}},{"type":"Feature","properties":{"name":"South 23rd Street","highway":"unclassified","osm":"way/723870112"},"geometry":{"type":"LineString","coordinates":[[-112.03244,33.43672],[-112.03247,33.43547]]}},{"type":"Feature","properties":{"name":"East Jefferson Street","highway":"primary","osm":"way/732435256"},"geometry":{"type":"LineString","coordinates":[[-112.06872,33.44639],[-112.06859,33.44639]]}},{"type":"Feature","properties":{"name":"East Jefferson Street","highway":"primary","osm":"way/732435257"},"geometry":{"type":"LineString","coordinates":[[-112.06859,33.44639],[-112.06742,33.44651],[-112.06642,33.447]]}},{"type":"Feature","properties":{"name":"East Sky Harbor Circle North","highway":"tertiary","osm":"way/735451325"},"geometry":{"type":"LineString","coordinates":[[-112.03511,33.44133],[-112.03533,33.44134]]}},{"type":"Feature","properties":{"name":"East Sky Harbor Circle North","highway":"tertiary","osm":"way/735451326"},"geometry":{"type":"LineString","coordinates":[[-112.03533,33.44134],[-112.03572,33.44134]]}},{"type":"Feature","properties":{"name":null,"highway":"residential","osm":"way/735833803"},"geometry":{"type":"LineString","coordinates":[[-112.05428,33.4981],[-112.05506,33.49815]]}},{"type":"Feature","properties":{"name":"East Osborn Road","highway":"secondary","osm":"way/737210801"},"geometry":{"type":"LineString","coordinates":[[-112.0464,33.48749],[-112.04291,33.4875]]}},{"type":"Feature","properties":{"name":"North 16th Street","highway":"secondary","osm":"way/737513103"},"geometry":{"type":"LineString","coordinates":[[-112.04755,33.51267],[-112.04755,33.51282]]}},{"type":"Feature","properties":{"name":"East Jackson Street","highway":"residential","osm":"way/738152719"},"geometry":{"type":"LineString","coordinates":[[-112.05424,33.44517],[-112.039,33.44519]]}},{"type":"Feature","properties":{"name":"North 3rd Street","highway":"tertiary","osm":"way/741913271"},"geometry":{"type":"LineString","coordinates":[[-112.06945,33.47419],[-112.06945,33.47437]]}},{"type":"Feature","properties":{"name":"North 3rd Street","highway":"tertiary","osm":"way/741913272"},"geometry":{"type":"LineString","coordinates":[[-112.06945,33.47437],[-112.06945,33.47594]]}},{"type":"Feature","properties":{"name":"North 3rd Street","highway":"tertiary","osm":"way/741913273"},"geometry":{"type":"LineString","coordinates":[[-112.06944,33.47393],[-112.06945,33.47419]]}},{"type":"Feature","properties":{"name":"North 17th Avenue","highway":"residential","osm":"way/744166590"},"geometry":{"type":"LineString","coordinates":[[-112.09562,33.51318],[-112.09556,33.51961]]}},{"type":"Feature","properties":{"name":"West Colter Street","highway":"tertiary","osm":"way/744166591"},"geometry":{"type":"LineString","coordinates":[[-112.09562,33.51318],[-112.09926,33.51323]]}},{"type":"Feature","properties":{"name":"East Riverview Drive","highway":"unclassified","osm":"way/752904288"},"geometry":{"type":"LineString","coordinates":[[-112.03969,33.41839],[-112.03925,33.41838]]}},{"type":"Feature","properties":{"name":"East Riverview Drive","highway":"unclassified","osm":"way/752904289"},"geometry":{"type":"LineString","coordinates":[[-112.03925,33.41838],[-112.0386,33.41837]]}},{"type":"Feature","properties":{"name":"East Riverview Drive","highway":"unclassified","osm":"way/752904290"},"geometry":{"type":"LineString","coordinates":[[-112.04143,33.41815],[-112.03969,33.41839]]}},{"type":"Feature","properties":{"name":"South 3rd Avenue","highway":"residential","osm":"way/753589344"},"geometry":{"type":"LineString","coordinates":[[-112.0777,33.44662],[-112.07769,33.44715]]}},{"type":"Feature","properties":{"name":"South 3rd Avenue","highway":"residential","osm":"way/753589345"},"geometry":{"type":"LineString","coordinates":[[-112.0777,33.44657],[-112.0777,33.44662]]}},{"type":"Feature","properties":{"name":"South 4th Avenue","highway":"residential","osm":"way/753589358"},"geometry":{"type":"LineString","coordinates":[[-112.07895,33.44662],[-112.07894,33.44445]]}},{"type":"Feature","properties":{"name":"South 4th Avenue","highway":"residential","osm":"way/753589359"},"geometry":{"type":"LineString","coordinates":[[-112.07895,33.44666],[-112.07895,33.44662]]}},{"type":"Feature","properties":{"name":"South 27th Street","highway":"unclassified","osm":"way/754170723"},"geometry":{"type":"LineString","coordinates":[[-112.02383,33.43676],[-112.02376,33.43595],[-112.0225,33.43588],[-112.02249,33.43552]]}},{"type":"Feature","properties":{"name":"East Buckeye Road","highway":"secondary","osm":"way/754442683"},"geometry":{"type":"LineString","coordinates":[[-112.05233,33.4368],[-112.0521,33.4368]]}},{"type":"Feature","properties":{"name":"East Buckeye Road","highway":"secondary","osm":"way/754442684"},"geometry":{"type":"LineString","coordinates":[[-112.05265,33.4368],[-112.05233,33.4368]]}},{"type":"Feature","properties":{"name":"East Amelia Avenue","highway":"residential","osm":"way/754497192"},"geometry":{"type":"LineString","coordinates":[[-112.06426,33.49383],[-112.05982,33.49382]]}},{"type":"Feature","properties":{"name":"East Amelia Avenue","highway":"residential","osm":"way/754497193"},"geometry":{"type":"LineString","coordinates":[[-112.06444,33.49383],[-112.06426,33.49383]]}},{"type":"Feature","properties":{"name":"East Roosevelt Street","highway":"tertiary","osm":"way/757213137"},"geometry":{"type":"LineString","coordinates":[[-112.06482,33.45867],[-112.06206,33.45868]]}},{"type":"Feature","properties":{"name":"South 12th Street","highway":"residential","osm":"way/757304877"},"geometry":{"type":"LineString","coordinates":[[-112.05653,33.43911],[-112.05652,33.43681]]}},{"type":"Feature","properties":{"name":"North 6th Avenue","highway":"residential","osm":"way/769855325"},"geometry":{"type":"LineString","coordinates":[[-112.08196,33.48635],[-112.08164,33.48759]]}},{"type":"Feature","properties":{"name":"South 42nd Street","highway":"unclassified","osm":"way/799556258"},"geometry":{"type":"LineString","coordinates":[[-111.98782,33.4345],[-111.98774,33.43341]]}},{"type":"Feature","properties":{"name":"East Economy Parking Drive","highway":"unclassified","osm":"way/799556259"},"geometry":{"type":"LineString","coordinates":[[-111.98912,33.43451],[-111.98969,33.43451]]}},{"type":"Feature","properties":{"name":"South 42nd Street","highway":"unclassified","osm":"way/799556261"},"geometry":{"type":"LineString","coordinates":[[-111.98769,33.4345],[-111.98772,33.43494]]}},{"type":"Feature","properties":{"name":"North 3rd Street","highway":"tertiary","osm":"way/801827242"},"geometry":{"type":"LineString","coordinates":[[-112.06941,33.47248],[-112.06942,33.47302]]}},{"type":"Feature","properties":{"name":"East Coronado Road","highway":"residential","osm":"way/801827243"},"geometry":{"type":"LineString","coordinates":[[-112.0716,33.46755],[-112.06512,33.46754]]}},{"type":"Feature","properties":{"name":"East Sheridan Street","highway":"residential","osm":"way/814846209"},"geometry":{"type":"LineString","coordinates":[[-112.04766,33.4748],[-112.06828,33.47482]]}},{"type":"Feature","properties":{"name":"South 11th Avenue","highway":"residential","osm":"way/819076155"},"geometry":{"type":"LineString","coordinates":[[-112.0868,33.43219],[-112.08685,33.43678]]}},{"type":"Feature","properties":{"name":"South Montezuma Street","highway":"residential","osm":"way/824435868"},"geometry":{"type":"LineString","coordinates":[[-112.07836,33.43708],[-112.07836,33.43613]]}},{"type":"Feature","properties":{"name":null,"highway":"residential","osm":"way/831226047"},"geometry":{"type":"LineString","coordinates":[[-112.08165,33.50887],[-112.08165,33.50843]]}},{"type":"Feature","properties":{"name":"North Country Club Drive","highway":"residential","osm":"way/837533124"},"geometry":{"type":"LineString","coordinates":[[-112.06415,33.48233],[-112.06414,33.48632],[-112.06347,33.48691]]}},{"type":"Feature","properties":{"name":"West Sherman Street","highway":"residential","osm":"way/844712486"},"geometry":{"type":"LineString","coordinates":[[-112.08696,33.43986],[-112.09131,33.43984]]}},{"type":"Feature","properties":{"name":"South 11th Avenue","highway":"residential","osm":"way/844712487"},"geometry":{"type":"LineString","coordinates":[[-112.08694,33.43678],[-112.0869,33.43219]]}},{"type":"Feature","properties":{"name":"South 11th Avenue","highway":"residential","osm":"way/844712488"},"geometry":{"type":"LineString","coordinates":[[-112.08686,33.43988],[-112.08695,33.44138]]}},{"type":"Feature","properties":{"name":"East McKinley Street","highway":"residential","osm":"way/852563142"},"geometry":{"type":"LineString","coordinates":[[-112.06207,33.45677],[-112.05382,33.45677]]}},{"type":"Feature","properties":{"name":"East Lynwood Street","highway":"residential","osm":"way/853030651"},"geometry":{"type":"LineString","coordinates":[[-112.06519,33.46497],[-112.06542,33.46491]]}},{"type":"Feature","properties":{"name":"East Lynwood Street","highway":"residential","osm":"way/853030652"},"geometry":{"type":"LineString","coordinates":[[-112.06542,33.46491],[-112.06519,33.46482]]}},{"type":"Feature","properties":{"name":"North 13th Street","highway":"residential","osm":"way/853030659"},"geometry":{"type":"LineString","coordinates":[[-112.05426,33.46577],[-112.05422,33.47659]]}},{"type":"Feature","properties":{"name":"North 15th Avenue","highway":"tertiary","osm":"way/864526994"},"geometry":{"type":"LineString","coordinates":[[-112.09127,33.5098],[-112.09126,33.51008]]}},{"type":"Feature","properties":{"name":"North 3rd Avenue","highway":"tertiary","osm":"way/875577543"},"geometry":{"type":"LineString","coordinates":[[-112.07825,33.46897],[-112.07824,33.47009]]}},{"type":"Feature","properties":{"name":"North 3rd Avenue","highway":"tertiary","osm":"way/875577546"},"geometry":{"type":"LineString","coordinates":[[-112.07824,33.47895],[-112.07824,33.47984]]}},{"type":"Feature","properties":{"name":"North 3rd Avenue","highway":"tertiary","osm":"way/875577549"},"geometry":{"type":"LineString","coordinates":[[-112.07823,33.47808],[-112.07824,33.47895]]}},{"type":"Feature","properties":{"name":"North 3rd Avenue","highway":"tertiary","osm":"way/875577551"},"geometry":{"type":"LineString","coordinates":[[-112.07826,33.4681],[-112.07825,33.46897]]}},{"type":"Feature","properties":{"name":"North 3rd Avenue","highway":"tertiary","osm":"way/875577554"},"geometry":{"type":"LineString","coordinates":[[-112.07825,33.4672],[-112.07826,33.4681]]}},{"type":"Feature","properties":{"name":"North 3rd Avenue","highway":"tertiary","osm":"way/875577556"},"geometry":{"type":"LineString","coordinates":[[-112.07826,33.46578],[-112.07827,33.46627]]}},{"type":"Feature","properties":{"name":"Papago Freeway","highway":"motorway","osm":"way/885061739"},"geometry":{"type":"LineString","coordinates":[[-112.03711,33.44376],[-112.03711,33.44411]]}},{"type":"Feature","properties":{"name":null,"highway":"unclassified","osm":"way/887467665"},"geometry":{"type":"LineString","coordinates":[[-111.98773,33.43316],[-111.98759,33.43316]]}},{"type":"Feature","properties":{"name":"Papago Freeway","highway":"motorway","osm":"way/887830007"},"geometry":{"type":"LineString","coordinates":[[-112.05293,33.46184],[-112.04725,33.46185]]}},{"type":"Feature","properties":{"name":null,"highway":"motorway_link","osm":"way/894882900"},"geometry":{"type":"LineString","coordinates":[[-112.03028,33.43772],[-112.03083,33.43793],[-112.03442,33.43769]]}},{"type":"Feature","properties":{"name":"East Sky Harbor Boulevard","highway":"motorway","osm":"way/910352448"},"geometry":{"type":"LineString","coordinates":[[-112.02161,33.43731],[-112.01936,33.43745]]}},{"type":"Feature","properties":{"name":"East Sky Harbor Boulevard","highway":"motorway","osm":"way/910352449"},"geometry":{"type":"LineString","coordinates":[[-112.02379,33.43778],[-112.02461,33.43778]]}},{"type":"Feature","properties":{"name":"East Sky Harbor Boulevard South","highway":"tertiary","osm":"way/910366037"},"geometry":{"type":"LineString","coordinates":[[-112.02303,33.43672],[-112.02188,33.43672]]}},{"type":"Feature","properties":{"name":"South 25th Place","highway":"unclassified","osm":"way/913097702"},"geometry":{"type":"LineString","coordinates":[[-112.02705,33.43625],[-112.02705,33.43588]]}},{"type":"Feature","properties":{"name":"East Washington Street","highway":"primary","osm":"way/915831851"},"geometry":{"type":"LineString","coordinates":[[-112.02694,33.44829],[-112.02903,33.4483]]}},{"type":"Feature","properties":{"name":"East Riverview Drive","highway":"unclassified","osm":"way/922512262"},"geometry":{"type":"LineString","coordinates":[[-112.04689,33.42018],[-112.04402,33.41841],[-112.04143,33.41815]]}},{"type":"Feature","properties":{"name":null,"highway":"unclassified","osm":"way/927999833"},"geometry":{"type":"LineString","coordinates":[[-111.98899,33.44615],[-111.98893,33.4463]]}},{"type":"Feature","properties":{"name":null,"highway":"unclassified","osm":"way/927999834"},"geometry":{"type":"LineString","coordinates":[[-111.98893,33.4463],[-111.98925,33.44637]]}},{"type":"Feature","properties":{"name":"West Holly Street","highway":"residential","osm":"way/928059049"},"geometry":{"type":"LineString","coordinates":[[-112.07588,33.47063],[-112.07477,33.47061]]}},{"type":"Feature","properties":{"name":"South 42nd Street","highway":"residential","osm":"way/928186859"},"geometry":{"type":"LineString","coordinates":[[-111.99057,33.44453],[-111.99057,33.44446]]}},{"type":"Feature","properties":{"name":"North 20th Street","highway":"tertiary","osm":"way/930449060"},"geometry":{"type":"LineString","coordinates":[[-112.039,33.44836],[-112.03899,33.45045]]}},{"type":"Feature","properties":{"name":"East Van Buren Street","highway":"primary","osm":"way/935703773"},"geometry":{"type":"LineString","coordinates":[[-112.0099,33.45129],[-112.01192,33.4513]]}},{"type":"Feature","properties":{"name":"East Highland Avenue","highway":"tertiary","osm":"way/948144536"},"geometry":{"type":"LineString","coordinates":[[-112.06242,33.5056],[-112.06228,33.5056]]}},{"type":"Feature","properties":{"name":"East Highland Avenue","highway":"tertiary","osm":"way/948144538"},"geometry":{"type":"LineString","coordinates":[[-112.06228,33.5056],[-112.06065,33.50561]]}},{"type":"Feature","properties":{"name":null,"highway":"residential","osm":"way/948729812"},"geometry":{"type":"LineString","coordinates":[[-112.05652,33.48865],[-112.05637,33.48864]]}},{"type":"Feature","properties":{"name":null,"highway":"residential","osm":"way/948729813"},"geometry":{"type":"LineString","coordinates":[[-112.05666,33.48865],[-112.05666,33.48794]]}},{"type":"Feature","properties":{"name":null,"highway":"residential","osm":"way/948729814"},"geometry":{"type":"LineString","coordinates":[[-112.05666,33.48794],[-112.05876,33.48793]]}},{"type":"Feature","properties":{"name":"East Country Club Drive","highway":"residential","osm":"way/948729819"},"geometry":{"type":"LineString","coordinates":[[-112.05689,33.48151],[-112.05689,33.48151]]}},{"type":"Feature","properties":{"name":"East Country Club Drive","highway":"residential","osm":"way/948729820"},"geometry":{"type":"LineString","coordinates":[[-112.06377,33.4809],[-112.06333,33.48098]]}},{"type":"Feature","properties":{"name":"East Ashland Avenue","highway":"residential","osm":"way/948729821"},"geometry":{"type":"LineString","coordinates":[[-112.07158,33.47525],[-112.07122,33.47488],[-112.07052,33.47524]]}},{"type":"Feature","properties":{"name":"Papago Freeway","highway":"motorway","osm":"way/953297903"},"geometry":{"type":"LineString","coordinates":[[-112.03752,33.45618],[-112.03756,33.45167]]}},{"type":"Feature","properties":{"name":"East Sky Harbor Boulevard","highway":"motorway","osm":"way/953300484"},"geometry":{"type":"LineString","coordinates":[[-112.02658,33.43755],[-112.02518,33.43743]]}},{"type":"Feature","properties":{"name":null,"highway":"primary_link","osm":"way/953378593"},"geometry":{"type":"LineString","coordinates":[[-112.01594,33.43755],[-112.01659,33.43684],[-112.01593,33.43663]]}},{"type":"Feature","properties":{"name":"East Sky Harbor Boulevard","highway":"primary","osm":"way/953380687"},"geometry":{"type":"LineString","coordinates":[[-112.01998,33.43684],[-112.02022,33.43684]]}},{"type":"Feature","properties":{"name":"East Sky Harbor Boulevard","highway":"motorway","osm":"way/953459762"},"geometry":{"type":"LineString","coordinates":[[-112.02511,33.43778],[-112.0262,33.43778]]}},{"type":"Feature","properties":{"name":"South 44th Street","highway":"primary","osm":"way/953469758"},"geometry":{"type":"LineString","coordinates":[[-111.98724,33.44009],[-111.98641,33.43878]]}},{"type":"Feature","properties":{"name":null,"highway":"primary_link","osm":"way/953469759"},"geometry":{"type":"LineString","coordinates":[[-111.98654,33.4388],[-111.98627,33.43846]]}},{"type":"Feature","properties":{"name":"East Sky Harbor Boulevard","highway":"primary","osm":"way/953471955"},"geometry":{"type":"LineString","coordinates":[[-111.99228,33.43602],[-111.99197,33.43602]]}},{"type":"Feature","properties":{"name":"East Sky Harbor Boulevard","highway":"primary","osm":"way/962579678"},"geometry":{"type":"LineString","coordinates":[[-111.99217,33.43495],[-111.99247,33.43496]]}},{"type":"Feature","properties":{"name":"East Gateway Boulevard","highway":"unclassified","osm":"way/963902179"},"geometry":{"type":"LineString","coordinates":[[-111.98648,33.45473],[-111.98934,33.45474]]}},{"type":"Feature","properties":{"name":"East Thomas Road","highway":"secondary","osm":"way/964260192"},"geometry":{"type":"LineString","coordinates":[[-112.07292,33.48025],[-112.07277,33.48024]]}},{"type":"Feature","properties":{"name":"East Thomas Road","highway":"secondary","osm":"way/964260193"},"geometry":{"type":"LineString","coordinates":[[-112.07306,33.48025],[-112.07292,33.48025]]}},{"type":"Feature","properties":{"name":"East Madison Street","highway":"unclassified","osm":"way/970384468"},"geometry":{"type":"LineString","coordinates":[[-111.98804,33.44594],[-111.98728,33.44586]]}},{"type":"Feature","properties":{"name":null,"highway":"motorway_link","osm":"way/971619816"},"geometry":{"type":"LineString","coordinates":[[-112.02837,33.42665],[-112.0294,33.4269]]}},{"type":"Feature","properties":{"name":null,"highway":"motorway_link","osm":"way/974552505"},"geometry":{"type":"LineString","coordinates":[[-112.03658,33.44651],[-112.03658,33.44669]]}},{"type":"Feature","properties":{"name":"North 7th Street","highway":"primary","osm":"way/975945179"},"geometry":{"type":"LineString","coordinates":[[-112.06504,33.50179],[-112.06504,33.50199]]}},{"type":"Feature","properties":{"name":"East Sky Harbor Boulevard","highway":"primary","osm":"way/976644674"},"geometry":{"type":"LineString","coordinates":[[-112.00368,33.43591],[-112.00348,33.43591]]}},{"type":"Feature","properties":{"name":"East Sky Harbor Boulevard","highway":"primary","osm":"way/978355086"},"geometry":{"type":"LineString","coordinates":[[-111.99994,33.43605],[-111.99981,33.43605]]}},{"type":"Feature","properties":{"name":null,"highway":"motorway_link","osm":"way/980148195"},"geometry":{"type":"LineString","coordinates":[[-112.04891,33.46262],[-112.0544,33.46214]]}},{"type":"Feature","properties":{"name":"East Sky Harbor Boulevard","highway":"primary","osm":"way/980570902"},"geometry":{"type":"LineString","coordinates":[[-112.01017,33.43504],[-112.01039,33.4352]]}},{"type":"Feature","properties":{"name":"East Riverview Drive","highway":"unclassified","osm":"way/982135966"},"geometry":{"type":"LineString","coordinates":[[-112.03012,33.4188],[-112.03063,33.41871]]}},{"type":"Feature","properties":{"name":"East Sky Harbor Circle North","highway":"tertiary","osm":"way/985747046"},"geometry":{"type":"LineString","coordinates":[[-112.03627,33.44124],[-112.03619,33.44124]]}},{"type":"Feature","properties":{"name":"East Sky Harbor Circle North","highway":"tertiary","osm":"way/986935903"},"geometry":{"type":"LineString","coordinates":[[-112.04328,33.43691],[-112.04327,33.43951]]}},{"type":"Feature","properties":{"name":"East Sky Harbor Circle South","highway":"tertiary","osm":"way/986935904"},"geometry":{"type":"LineString","coordinates":[[-112.04169,33.43143],[-112.04022,33.43132]]}},{"type":"Feature","properties":{"name":"East Sky Harbor Circle South","highway":"tertiary","osm":"way/986935905"},"geometry":{"type":"LineString","coordinates":[[-112.03479,33.43143],[-112.03535,33.43143]]}},{"type":"Feature","properties":{"name":"Papago Freeway","highway":"motorway","osm":"way/987905828"},"geometry":{"type":"LineString","coordinates":[[-112.06998,33.46207],[-112.06923,33.46219]]}},{"type":"Feature","properties":{"name":"North 12th Street","highway":"tertiary","osm":"way/990220910"},"geometry":{"type":"LineString","coordinates":[[-112.05634,33.49529],[-112.05634,33.49472]]}},{"type":"Feature","properties":{"name":"East Monroe Street","highway":"unclassified","osm":"way/990943259"},"geometry":{"type":"LineString","coordinates":[[-111.98708,33.44966],[-111.98722,33.44967]]}},{"type":"Feature","properties":{"name":"East Polk Street","highway":"unclassified","osm":"way/990943272"},"geometry":{"type":"LineString","coordinates":[[-111.98706,33.45268],[-111.98724,33.45268]]}},{"type":"Feature","properties":{"name":"East Polk Street","highway":"unclassified","osm":"way/990943273"},"geometry":{"type":"LineString","coordinates":[[-111.98654,33.45262],[-111.98706,33.45268]]}},{"type":"Feature","properties":{"name":"East Polk Street","highway":"unclassified","osm":"way/990943274"},"geometry":{"type":"LineString","coordinates":[[-111.98706,33.45268],[-111.98654,33.45262]]}},{"type":"Feature","properties":{"name":"South 34th Street","highway":"residential","osm":"way/991362021"},"geometry":{"type":"LineString","coordinates":[[-112.00745,33.44825],[-112.00742,33.44762]]}},{"type":"Feature","properties":{"name":"East Air Lane","highway":"unclassified","osm":"way/991362025"},"geometry":{"type":"LineString","coordinates":[[-112.02872,33.44399],[-112.01368,33.44398]]}},{"type":"Feature","properties":{"name":"East Air Lane","highway":"unclassified","osm":"way/991362026"},"geometry":{"type":"LineString","coordinates":[[-112.01368,33.44398],[-112.01292,33.44398]]}},{"type":"Feature","properties":{"name":"East Fillmore Street","highway":"residential","osm":"way/991392001"},"geometry":{"type":"LineString","coordinates":[[-111.99526,33.45452],[-111.99764,33.45467]]}},{"type":"Feature","properties":{"name":"North 17th Avenue","highway":"secondary","osm":"way/996211377"},"geometry":{"type":"LineString","coordinates":[[-112.09585,33.44965],[-112.09584,33.44923]]}},{"type":"Feature","properties":{"name":"North 7th Street","highway":"primary","osm":"way/996881658"},"geometry":{"type":"LineString","coordinates":[[-112.06514,33.45977],[-112.06513,33.45995]]}},{"type":"Feature","properties":{"name":"Copperhead Drive","highway":"secondary","osm":"way/1005995375"},"geometry":{"type":"LineString","coordinates":[[-112.03018,33.43672],[-112.03018,33.43682]]}},{"type":"Feature","properties":{"name":null,"highway":"motorway_link","osm":"way/1005995376"},"geometry":{"type":"LineString","coordinates":[[-112.03017,33.43687],[-112.03028,33.43772]]}},{"type":"Feature","properties":{"name":null,"highway":"motorway_link","osm":"way/1005995377"},"geometry":{"type":"LineString","coordinates":[[-112.03017,33.43687],[-112.02983,33.43723],[-112.0293,33.43727]]}},{"type":"Feature","properties":{"name":"Copperhead Drive","highway":"unclassified","osm":"way/1005995386"},"geometry":{"type":"LineString","coordinates":[[-112.03025,33.43473],[-112.03037,33.43426]]}},{"type":"Feature","properties":{"name":"East Yuma Street","highway":"unclassified","osm":"way/1005995388"},"geometry":{"type":"LineString","coordinates":[[-112.02972,33.43541],[-112.03018,33.43568]]}},{"type":"Feature","properties":{"name":null,"highway":"secondary_link","osm":"way/1005995390"},"geometry":{"type":"LineString","coordinates":[[-112.03084,33.43672],[-112.03044,33.43661],[-112.0303,33.43631]]}},{"type":"Feature","properties":{"name":"Copperhead Drive","highway":"unclassified","osm":"way/1005995392"},"geometry":{"type":"LineString","coordinates":[[-112.0303,33.43631],[-112.0303,33.43544]]}},{"type":"Feature","properties":{"name":"East Yuma Street","highway":"unclassified","osm":"way/1005995394"},"geometry":{"type":"LineString","coordinates":[[-112.02972,33.43541],[-112.02808,33.43542],[-112.02704,33.43578]]}},{"type":"Feature","properties":{"name":"East Yuma Street","highway":"unclassified","osm":"way/1005997379"},"geometry":{"type":"LineString","coordinates":[[-112.02257,33.43529],[-112.02382,33.43524],[-112.02382,33.43539]]}},{"type":"Feature","properties":{"name":"South 27th Street","highway":"unclassified","osm":"way/1005997381"},"geometry":{"type":"LineString","coordinates":[[-112.02249,33.43552],[-112.02257,33.43529]]}},{"type":"Feature","properties":{"name":null,"highway":"primary_link","osm":"way/1006357875"},"geometry":{"type":"LineString","coordinates":[[-112.02206,33.43689],[-112.02331,33.43702],[-112.02383,33.43676]]}},{"type":"Feature","properties":{"name":"East Sky Harbor Boulevard","highway":"motorway","osm":"way/1006357876"},"geometry":{"type":"LineString","coordinates":[[-112.02518,33.43743],[-112.02491,33.4374]]}},{"type":"Feature","properties":{"name":"East Sky Harbor Boulevard","highway":"motorway","osm":"way/1006357877"},"geometry":{"type":"LineString","coordinates":[[-112.01936,33.43745],[-112.01902,33.43745]]}},{"type":"Feature","properties":{"name":"East Sky Harbor Boulevard","highway":"primary","osm":"way/1006627793"},"geometry":{"type":"LineString","coordinates":[[-112.01039,33.4352],[-112.0105,33.4355]]}},{"type":"Feature","properties":{"name":"East Sky Harbor Boulevard","highway":"primary","osm":"way/1006627794"},"geometry":{"type":"LineString","coordinates":[[-112.00983,33.43498],[-112.01017,33.43504]]}},{"type":"Feature","properties":{"name":"East Sky Harbor Boulevard","highway":"primary","osm":"way/1006639264"},"geometry":{"type":"LineString","coordinates":[[-112.00481,33.43498],[-112.00505,33.43498]]}},{"type":"Feature","properties":{"name":"East Sky Harbor Boulevard","highway":"primary","osm":"way/1006639270"},"geometry":{"type":"LineString","coordinates":[[-111.9947,33.43602],[-111.99439,33.43602]]}},{"type":"Feature","properties":{"name":"East Sky Harbor Boulevard","highway":"primary","osm":"way/1006642196"},"geometry":{"type":"LineString","coordinates":[[-111.99968,33.43494],[-112.00121,33.43498]]}},{"type":"Feature","properties":{"name":"South 41st Street","highway":"unclassified","osm":"way/1006653292"},"geometry":{"type":"LineString","coordinates":[[-111.9916,33.43575],[-111.9916,33.43584]]}},{"type":"Feature","properties":{"name":"East Economy Parking Drive","highway":"unclassified","osm":"way/1006653293"},"geometry":{"type":"LineString","coordinates":[[-111.99051,33.4345],[-111.99143,33.43443]]}},{"type":"Feature","properties":{"name":"East Old Tower Road","highway":"tertiary","osm":"way/1007116184"},"geometry":{"type":"LineString","coordinates":[[-112.01471,33.42264],[-112.01414,33.42301]]}},{"type":"Feature","properties":{"name":"East Old Tower Road","highway":"tertiary","osm":"way/1007116185"},"geometry":{"type":"LineString","coordinates":[[-112.01525,33.42236],[-112.01489,33.42255]]}},{"type":"Feature","properties":{"name":"East Old Tower Road","highway":"tertiary","osm":"way/1007137253"},"geometry":{"type":"LineString","coordinates":[[-112.02956,33.42766],[-112.02975,33.42785]]}},{"type":"Feature","properties":{"name":"East Old Tower Road","highway":"tertiary","osm":"way/1007137254"},"geometry":{"type":"LineString","coordinates":[[-112.01646,33.42175],[-112.01619,33.42189]]}},{"type":"Feature","properties":{"name":"East Old Tower Road","highway":"tertiary","osm":"way/1007137255"},"geometry":{"type":"LineString","coordinates":[[-112.01498,33.42265],[-112.01512,33.42261]]}},{"type":"Feature","properties":{"name":"East Old Tower Road","highway":"tertiary","osm":"way/1007137256"},"geometry":{"type":"LineString","coordinates":[[-112.01489,33.42255],[-112.01471,33.42264]]}},{"type":"Feature","properties":{"name":"West Roosevelt Street","highway":"tertiary","osm":"way/1008285473"},"geometry":{"type":"LineString","coordinates":[[-112.08202,33.45867],[-112.08211,33.45867]]}},{"type":"Feature","properties":{"name":"East Sky Harbor Boulevard","highway":"motorway","osm":"way/1010998285"},"geometry":{"type":"LineString","coordinates":[[-112.02461,33.43778],[-112.02511,33.43778]]}},{"type":"Feature","properties":{"name":"North 16th Street","highway":"secondary","osm":"way/1014017967"},"geometry":{"type":"LineString","coordinates":[[-112.04767,33.4882],[-112.04767,33.48829]]}},{"type":"Feature","properties":{"name":"North 16th Street","highway":"secondary","osm":"way/1014017968"},"geometry":{"type":"LineString","coordinates":[[-112.04767,33.48829],[-112.04764,33.49198]]}},{"type":"Feature","properties":{"name":"North 16th Street","highway":"secondary","osm":"way/1014017969"},"geometry":{"type":"LineString","coordinates":[[-112.04767,33.4881],[-112.04767,33.4882]]}},{"type":"Feature","properties":{"name":"North 3rd Street","highway":"residential","osm":"way/1024152656"},"geometry":{"type":"LineString","coordinates":[[-112.06995,33.4494],[-112.06995,33.44855]]}},{"type":"Feature","properties":{"name":"North 4th Street","highway":"residential","osm":"way/1031137756"},"geometry":{"type":"LineString","coordinates":[[-112.06871,33.45772],[-112.06883,33.45818]]}},{"type":"Feature","properties":{"name":"North 3rd Street","highway":"tertiary","osm":"way/1033814304"},"geometry":{"type":"LineString","coordinates":[[-112.06911,33.45867],[-112.06926,33.45902]]}},{"type":"Feature","properties":{"name":"East University Drive","highway":"primary","osm":"way/1037062379"},"geometry":{"type":"LineString","coordinates":[[-111.98626,33.42187],[-111.98612,33.42187]]}},{"type":"Feature","properties":{"name":"East Air Lane","highway":"unclassified","osm":"way/1037262142"},"geometry":{"type":"LineString","coordinates":[[-111.99276,33.44254],[-111.99293,33.44261]]}},{"type":"Feature","properties":{"name":"East Air Lane","highway":"unclassified","osm":"way/1037262143"},"geometry":{"type":"LineString","coordinates":[[-111.99629,33.44311],[-111.99557,33.44311]]}},{"type":"Feature","properties":{"name":"East Air Lane","highway":"unclassified","osm":"way/1037262144"},"geometry":{"type":"LineString","coordinates":[[-112.00364,33.44301],[-112.0031,33.4428],[-111.99953,33.44282],[-111.99799,33.44309],[-111.99629,33.44311]]}},{"type":"Feature","properties":{"name":"East Air Lane","highway":"unclassified","osm":"way/1037262145"},"geometry":{"type":"LineString","coordinates":[[-112.00399,33.44331],[-112.00364,33.44301]]}},{"type":"Feature","properties":{"name":"East Air Lane","highway":"unclassified","osm":"way/1037262146"},"geometry":{"type":"LineString","coordinates":[[-112.00437,33.44364],[-112.00399,33.44331]]}},{"type":"Feature","properties":{"name":"North Gateway Boulevard","highway":"unclassified","osm":"way/1037402879"},"geometry":{"type":"LineString","coordinates":[[-111.98875,33.45439],[-111.98874,33.45475]]}},{"type":"Feature","properties":{"name":"North 3rd Street","highway":"tertiary","osm":"way/1038774119"},"geometry":{"type":"LineString","coordinates":[[-112.06945,33.48243],[-112.06945,33.48247]]}},{"type":"Feature","properties":{"name":"North 7th Avenue","highway":"secondary","osm":"way/1042133480"},"geometry":{"type":"LineString","coordinates":[[-112.08259,33.45105],[-112.08259,33.45141]]}},{"type":"Feature","properties":{"name":"North 7th Avenue","highway":"secondary","osm":"way/1042133482"},"geometry":{"type":"LineString","coordinates":[[-112.08259,33.4509],[-112.08259,33.45105]]}},{"type":"Feature","properties":{"name":"North 7th Avenue","highway":"secondary","osm":"way/1042133483"},"geometry":{"type":"LineString","coordinates":[[-112.08259,33.45078],[-112.08259,33.4509]]}},{"type":"Feature","properties":{"name":"South 42nd Street","highway":"unclassified","osm":"way/1044683090"},"geometry":{"type":"LineString","coordinates":[[-111.9877,33.43568],[-111.98772,33.43582]]}},{"type":"Feature","properties":{"name":"South 44th Street","highway":"primary","osm":"way/1047869372"},"geometry":{"type":"LineString","coordinates":[[-111.98723,33.44803],[-111.98724,33.44781]]}},{"type":"Feature","properties":{"name":"South 44th Street","highway":"primary","osm":"way/1047869373"},"geometry":{"type":"LineString","coordinates":[[-111.98724,33.44705],[-111.98724,33.44692]]}},{"type":"Feature","properties":{"name":"Maricopa Freeway","highway":"motorway","osm":"way/1050978957"},"geometry":{"type":"LineString","coordinates":[[-112.03367,33.42671],[-112.03289,33.4267]]}},{"type":"Feature","properties":{"name":"North 7th Avenue","highway":"secondary","osm":"way/1051242779"},"geometry":{"type":"LineString","coordinates":[[-112.08267,33.45937],[-112.08265,33.45911]]}},{"type":"Feature","properties":{"name":"South 17th Avenue","highway":"secondary","osm":"way/1052272958"},"geometry":{"type":"LineString","coordinates":[[-112.09582,33.44665],[-112.09582,33.44632]]}},{"type":"Feature","properties":{"name":"South 17th Avenue","highway":"secondary","osm":"way/1052272959"},"geometry":{"type":"LineString","coordinates":[[-112.09582,33.44665],[-112.09582,33.447]]}},{"type":"Feature","properties":{"name":"West Fillmore Street","highway":"residential","osm":"way/1052272986"},"geometry":{"type":"LineString","coordinates":[[-112.08215,33.45474],[-112.08259,33.45474]]}},{"type":"Feature","properties":{"name":"West Encanto Boulevard","highway":"tertiary","osm":"way/1052286023"},"geometry":{"type":"LineString","coordinates":[[-112.08298,33.47303],[-112.08335,33.47303]]}},{"type":"Feature","properties":{"name":"West Lewis Avenue","highway":"residential","osm":"way/1052286024"},"geometry":{"type":"LineString","coordinates":[[-112.08207,33.47497],[-112.08237,33.4749],[-112.08207,33.47497]]}},{"type":"Feature","properties":{"name":"North 6th Avenue","highway":"unclassified","osm":"way/1052286040"},"geometry":{"type":"LineString","coordinates":[[-112.08185,33.48189],[-112.08186,33.4822]]}},{"type":"Feature","properties":{"name":"North 44th Street","highway":"primary","osm":"way/1054649268"},"geometry":{"type":"LineString","coordinates":[[-111.98708,33.45465],[-111.98708,33.45474]]}},{"type":"Feature","properties":{"name":"East Gateway Boulevard","highway":"unclassified","osm":"way/1054649269"},"geometry":{"type":"LineString","coordinates":[[-111.98708,33.45465],[-111.98619,33.45469]]}},{"type":"Feature","properties":{"name":"East Fillmore Street","highway":"residential","osm":"way/1055078821"},"geometry":{"type":"LineString","coordinates":[[-112.06999,33.45444],[-112.0685,33.45442]]}},{"type":"Feature","properties":{"name":"East Fillmore Street","highway":"residential","osm":"way/1055078822"},"geometry":{"type":"LineString","coordinates":[[-112.0685,33.45442],[-112.06788,33.45442]]}},{"type":"Feature","properties":{"name":"North 4th Street","highway":"residential","osm":"way/1055078823"},"geometry":{"type":"LineString","coordinates":[[-112.0675,33.45354],[-112.06788,33.45442]]}},{"type":"Feature","properties":{"name":"East Fillmore Street","highway":"residential","osm":"way/1055078824"},"geometry":{"type":"LineString","coordinates":[[-112.06788,33.45442],[-112.06668,33.45442]]}},{"type":"Feature","properties":{"name":"East Fillmore Street","highway":"residential","osm":"way/1055078825"},"geometry":{"type":"LineString","coordinates":[[-112.06668,33.45442],[-112.06626,33.45442]]}},{"type":"Feature","properties":{"name":"East Fillmore Street","highway":"residential","osm":"way/1055078826"},"geometry":{"type":"LineString","coordinates":[[-112.06626,33.45442],[-112.0658,33.45442]]}},{"type":"Feature","properties":{"name":"South 24th Street","highway":"secondary","osm":"way/1055085764"},"geometry":{"type":"LineString","coordinates":[[-112.03456,33.4394],[-112.03455,33.43982]]}},{"type":"Feature","properties":{"name":"West Camelback Road","highway":"primary","osm":"way/1055346083"},"geometry":{"type":"LineString","coordinates":[[-112.09445,33.50962],[-112.09478,33.50963]]}},{"type":"Feature","properties":{"name":"East Jefferson Street","highway":"primary","osm":"way/1055418603"},"geometry":{"type":"LineString","coordinates":[[-112.05771,33.44713],[-112.05752,33.44713]]}},{"type":"Feature","properties":{"name":"East Jefferson Street","highway":"primary","osm":"way/1055614447"},"geometry":{"type":"LineString","coordinates":[[-112.04889,33.44717],[-112.04878,33.44717]]}},{"type":"Feature","properties":{"name":"North 5th Avenue","highway":"tertiary","osm":"way/1055614904"},"geometry":{"type":"LineString","coordinates":[[-112.0802,33.45918],[-112.0802,33.45902]]}},{"type":"Feature","properties":{"name":"East Sky Harbor Circle South","highway":"tertiary","osm":"way/1055883866"},"geometry":{"type":"LineString","coordinates":[[-112.04111,33.4314],[-112.04147,33.4315]]}},{"type":"Feature","properties":{"name":"South 44th Street","highway":"primary","osm":"way/1058860648"},"geometry":{"type":"LineString","coordinates":[[-111.98641,33.43878],[-111.98615,33.4385]]}},{"type":"Feature","properties":{"name":"North Central Avenue","highway":"primary","osm":"way/1059341191"},"geometry":{"type":"LineString","coordinates":[[-112.07392,33.48259],[-112.07391,33.48224]]}},{"type":"Feature","properties":{"name":"North Central Avenue","highway":"primary","osm":"way/1059853150"},"geometry":{"type":"LineString","coordinates":[[-112.07372,33.49341],[-112.07372,33.4936]]}},{"type":"Feature","properties":{"name":"East Washington Street","highway":"primary","osm":"way/1061322889"},"geometry":{"type":"LineString","coordinates":[[-111.98825,33.44831],[-111.98862,33.4483]]}},{"type":"Feature","properties":{"name":"East Washington Street","highway":"primary","osm":"way/1061322890"},"geometry":{"type":"LineString","coordinates":[[-111.98777,33.44831],[-111.98825,33.44831]]}},{"type":"Feature","properties":{"name":"North 7th Street","highway":"primary","osm":"way/1062204075"},"geometry":{"type":"LineString","coordinates":[[-112.06513,33.45066],[-112.06513,33.45083]]}},{"type":"Feature","properties":{"name":"North 7th Street","highway":"primary","osm":"way/1062204078"},"geometry":{"type":"LineString","coordinates":[[-112.06512,33.45039],[-112.06513,33.45066]]}},{"type":"Feature","properties":{"name":"South 24th Street","highway":"secondary","osm":"way/1065161369"},"geometry":{"type":"LineString","coordinates":[[-112.03013,33.44467],[-112.03009,33.44494]]}},{"type":"Feature","properties":{"name":"South 24th Street","highway":"secondary","osm":"way/1065161370"},"geometry":{"type":"LineString","coordinates":[[-112.03009,33.44494],[-112.03009,33.44497]]}},{"type":"Feature","properties":{"name":"West Catalina Drive","highway":"tertiary","osm":"way/1065730696"},"geometry":{"type":"LineString","coordinates":[[-112.08185,33.48189],[-112.08142,33.4819]]}},{"type":"Feature","properties":{"name":"North 5th Avenue","highway":"tertiary","osm":"way/1065730697"},"geometry":{"type":"LineString","coordinates":[[-112.08145,33.48199],[-112.08142,33.4819]]}},{"type":"Feature","properties":{"name":"West Adams Street","highway":"residential","osm":"way/1065730717"},"geometry":{"type":"LineString","coordinates":[[-112.07771,33.44931],[-112.08021,33.4493]]}},{"type":"Feature","properties":{"name":"West Catalina Drive","highway":"tertiary","osm":"way/1065730718"},"geometry":{"type":"LineString","coordinates":[[-112.08142,33.4819],[-112.08131,33.4819]]}},{"type":"Feature","properties":{"name":"East Buckeye Road","highway":"secondary","osm":"way/1067203263"},"geometry":{"type":"LineString","coordinates":[[-112.04101,33.43672],[-112.04092,33.43672]]}},{"type":"Feature","properties":{"name":"North 3rd Avenue","highway":"tertiary","osm":"way/1067693244"},"geometry":{"type":"LineString","coordinates":[[-112.07813,33.50027],[-112.07812,33.50117]]}},{"type":"Feature","properties":{"name":"North 3rd Avenue","highway":"tertiary","osm":"way/1067693245"},"geometry":{"type":"LineString","coordinates":[[-112.07812,33.50117],[-112.07812,33.50163]]}},{"type":"Feature","properties":{"name":"North 3rd Avenue","highway":"tertiary","osm":"way/1067693246"},"geometry":{"type":"LineString","coordinates":[[-112.07818,33.49612],[-112.07815,33.49845]]}},{"type":"Feature","properties":{"name":"North 3rd Avenue","highway":"tertiary","osm":"way/1067693247"},"geometry":{"type":"LineString","coordinates":[[-112.07819,33.49532],[-112.07818,33.49612]]}},{"type":"Feature","properties":{"name":"North 11th Street","highway":"tertiary","osm":"way/1068017721"},"geometry":{"type":"LineString","coordinates":[[-112.05899,33.44834],[-112.05898,33.44984]]}},{"type":"Feature","properties":{"name":"East Jefferson Street","highway":"primary","osm":"way/1068017722"},"geometry":{"type":"LineString","coordinates":[[-112.06859,33.44639],[-112.0677,33.44636]]}},{"type":"Feature","properties":{"name":"East Jefferson Street","highway":"primary","osm":"way/1068017723"},"geometry":{"type":"LineString","coordinates":[[-112.06002,33.44724],[-112.05955,33.44724]]}},{"type":"Feature","properties":{"name":"North 32nd Street","highway":"secondary","osm":"way/1068017725"},"geometry":{"type":"LineString","coordinates":[[-112.01292,33.44976],[-112.01292,33.4504]]}},{"type":"Feature","properties":{"name":"South 32nd Street","highway":"secondary","osm":"way/1068017726"},"geometry":{"type":"LineString","coordinates":[[-112.01291,33.44715],[-112.01291,33.44616]]}},{"type":"Feature","properties":{"name":"South 32nd Street","highway":"secondary","osm":"way/1068017727"},"geometry":{"type":"LineString","coordinates":[[-112.01291,33.44746],[-112.01291,33.44715]]}},{"type":"Feature","properties":{"name":"North 12th Street","highway":"residential","osm":"way/1068059107"},"geometry":{"type":"LineString","coordinates":[[-112.05644,33.46127],[-112.05642,33.46098]]}},{"type":"Feature","properties":{"name":"West Roosevelt Street","highway":"tertiary","osm":"way/1068063349"},"geometry":{"type":"LineString","coordinates":[[-112.09015,33.45866],[-112.09058,33.45866]]}},{"type":"Feature","properties":{"name":"West Roosevelt Street","highway":"tertiary","osm":"way/1068063350"},"geometry":{"type":"LineString","coordinates":[[-112.08064,33.45867],[-112.08073,33.45867]]}},{"type":"Feature","properties":{"name":"West Roosevelt Street","highway":"tertiary","osm":"way/1068063351"},"geometry":{"type":"LineString","coordinates":[[-112.07957,33.45867],[-112.07983,33.45867]]}},{"type":"Feature","properties":{"name":"West Roosevelt Street","highway":"tertiary","osm":"way/1068063352"},"geometry":{"type":"LineString","coordinates":[[-112.07817,33.45866],[-112.07839,33.45866]]}},{"type":"Feature","properties":{"name":"North 3rd Avenue","highway":"tertiary","osm":"way/1068063353"},"geometry":{"type":"LineString","coordinates":[[-112.0781,33.46213],[-112.07822,33.46262]]}},{"type":"Feature","properties":{"name":"North 3rd Avenue","highway":"tertiary","osm":"way/1068063354"},"geometry":{"type":"LineString","coordinates":[[-112.07821,33.48593],[-112.07822,33.48691]]}},{"type":"Feature","properties":{"name":"North 3rd Avenue","highway":"tertiary","osm":"way/1068063355"},"geometry":{"type":"LineString","coordinates":[[-112.07823,33.48818],[-112.07824,33.48924]]}},{"type":"Feature","properties":{"name":"East Virginia Avenue","highway":"tertiary","osm":"way/1068063356"},"geometry":{"type":"LineString","coordinates":[[-112.07383,33.47664],[-112.07372,33.47664]]}},{"type":"Feature","properties":{"name":"South 12th Avenue","highway":"residential","osm":"way/1068231947"},"geometry":{"type":"LineString","coordinates":[[-112.0881,33.446],[-112.08812,33.44708]]}},{"type":"Feature","properties":{"name":"West Jefferson Street","highway":"secondary","osm":"way/1068231948"},"geometry":{"type":"LineString","coordinates":[[-112.08873,33.44707],[-112.08812,33.44708]]}},{"type":"Feature","properties":{"name":"West Jefferson Street","highway":"secondary","osm":"way/1068231949"},"geometry":{"type":"LineString","coordinates":[[-112.08812,33.44708],[-112.08749,33.44708]]}},{"type":"Feature","properties":{"name":"West Jefferson Street","highway":"secondary","osm":"way/1068231950"},"geometry":{"type":"LineString","coordinates":[[-112.08749,33.44708],[-112.087,33.44708]]}},{"type":"Feature","properties":{"name":"West Jefferson Street","highway":"secondary","osm":"way/1068231951"},"geometry":{"type":"LineString","coordinates":[[-112.087,33.44708],[-112.08637,33.44709]]}},{"type":"Feature","properties":{"name":"West Jefferson Street","highway":"secondary","osm":"way/1068231952"},"geometry":{"type":"LineString","coordinates":[[-112.08637,33.44709],[-112.08589,33.44709]]}},{"type":"Feature","properties":{"name":"South 10th Avenue","highway":"residential","osm":"way/1068231953"},"geometry":{"type":"LineString","coordinates":[[-112.08589,33.44709],[-112.08589,33.44601]]}},{"type":"Feature","properties":{"name":"West Jefferson Street","highway":"secondary","osm":"way/1068231954"},"geometry":{"type":"LineString","coordinates":[[-112.08589,33.44709],[-112.08526,33.4471]]}},{"type":"Feature","properties":{"name":"West Jefferson Street","highway":"secondary","osm":"way/1068231955"},"geometry":{"type":"LineString","coordinates":[[-112.08526,33.4471],[-112.08477,33.4471]]}},{"type":"Feature","properties":{"name":"South 9th Avenue","highway":"residential","osm":"way/1068231956"},"geometry":{"type":"LineString","coordinates":[[-112.0848,33.4482],[-112.08477,33.4471]]}},{"type":"Feature","properties":{"name":"West Jefferson Street","highway":"secondary","osm":"way/1068231957"},"geometry":{"type":"LineString","coordinates":[[-112.08477,33.4471],[-112.08414,33.4471]]}},{"type":"Feature","properties":{"name":"West Jefferson Street","highway":"secondary","osm":"way/1068231958"},"geometry":{"type":"LineString","coordinates":[[-112.08366,33.4471],[-112.0833,33.4471]]}},{"type":"Feature","properties":{"name":"South 8th Avenue","highway":"residential","osm":"way/1068231959"},"geometry":{"type":"LineString","coordinates":[[-112.08366,33.4471],[-112.08365,33.44603]]}},{"type":"Feature","properties":{"name":"East University Drive","highway":"residential","osm":"way/1068378155"},"geometry":{"type":"LineString","coordinates":[[-112.04782,33.42367],[-112.03842,33.42384]]}},{"type":"Feature","properties":{"name":"East Magnolia Street","highway":"residential","osm":"way/1068378156"},"geometry":{"type":"LineString","coordinates":[[-112.02461,33.4225],[-112.02378,33.42253],[-112.02332,33.42298]]}},{"type":"Feature","properties":{"name":"North 3rd Avenue","highway":"tertiary","osm":"way/1069089090"},"geometry":{"type":"LineString","coordinates":[[-112.07773,33.45472],[-112.07774,33.45832]]}},{"type":"Feature","properties":{"name":"East Lincoln Street","highway":"secondary","osm":"way/1069089091"},"geometry":{"type":"LineString","coordinates":[[-112.06547,33.44217],[-112.06538,33.44217]]}},{"type":"Feature","properties":{"name":"West Grant Street","highway":"secondary","osm":"way/1069089092"},"geometry":{"type":"LineString","coordinates":[[-112.08692,33.4409],[-112.0907,33.44088]]}},{"type":"Feature","properties":{"name":"North 1st Street","highway":"residential","osm":"way/1069097883"},"geometry":{"type":"LineString","coordinates":[[-112.07253,33.46125],[-112.07247,33.46131]]}},{"type":"Feature","properties":{"name":"North 1st Street","highway":"residential","osm":"way/1069097884"},"geometry":{"type":"LineString","coordinates":[[-112.07254,33.45444],[-112.07254,33.45659]]}},{"type":"Feature","properties":{"name":"North 2nd Street","highway":"residential","osm":"way/1069097885"},"geometry":{"type":"LineString","coordinates":[[-112.07125,33.45999],[-112.07124,33.46132]]}},{"type":"Feature","properties":{"name":"North 2nd Street","highway":"residential","osm":"way/1069097886"},"geometry":{"type":"LineString","coordinates":[[-112.07126,33.45826],[-112.07126,33.45868]]}},{"type":"Feature","properties":{"name":"North 2nd Street","highway":"residential","osm":"way/1069097887"},"geometry":{"type":"LineString","coordinates":[[-112.07126,33.45762],[-112.07126,33.45826]]}},{"type":"Feature","properties":{"name":"North 2nd Street","highway":"residential","osm":"way/1069097888"},"geometry":{"type":"LineString","coordinates":[[-112.07126,33.457],[-112.07126,33.45762]]}},{"type":"Feature","properties":{"name":"North 2nd Street","highway":"residential","osm":"way/1069097889"},"geometry":{"type":"LineString","coordinates":[[-112.07126,33.45659],[-112.07126,33.457]]}},{"type":"Feature","properties":{"name":"North 2nd Street","highway":"residential","osm":"way/1069097890"},"geometry":{"type":"LineString","coordinates":[[-112.07127,33.45443],[-112.07126,33.45659]]}},{"type":"Feature","properties":{"name":"North 2nd Street","highway":"residential","osm":"way/1069097891"},"geometry":{"type":"LineString","coordinates":[[-112.07127,33.45348],[-112.07127,33.45443]]}},{"type":"Feature","properties":{"name":"North 2nd Street","highway":"residential","osm":"way/1069097892"},"geometry":{"type":"LineString","coordinates":[[-112.07126,33.45239],[-112.07127,33.45348]]}},{"type":"Feature","properties":{"name":"North 2nd Street","highway":"residential","osm":"way/1069097893"},"geometry":{"type":"LineString","coordinates":[[-112.07127,33.45144],[-112.07126,33.45239]]}},{"type":"Feature","properties":{"name":"North 2nd Street","highway":"residential","osm":"way/1069097894"},"geometry":{"type":"LineString","coordinates":[[-112.07127,33.45038],[-112.07127,33.45144]]}},{"type":"Feature","properties":{"name":"North 2nd Street","highway":"residential","osm":"way/1069097895"},"geometry":{"type":"LineString","coordinates":[[-112.07126,33.44824],[-112.07128,33.44931]]}},{"type":"Feature","properties":{"name":"West Encanto Boulevard","highway":"tertiary","osm":"way/1069345521"},"geometry":{"type":"LineString","coordinates":[[-112.09029,33.47311],[-112.09079,33.47318]]}},{"type":"Feature","properties":{"name":"West Encanto Boulevard","highway":"tertiary","osm":"way/1069345522"},"geometry":{"type":"LineString","coordinates":[[-112.092,33.47317],[-112.0926,33.47318]]}},{"type":"Feature","properties":{"name":"West Indian School Road","highway":"secondary","osm":"way/1069357130"},"geometry":{"type":"LineString","coordinates":[[-112.08663,33.4949],[-112.08522,33.49489]]}},{"type":"Feature","properties":{"name":"East Jackson Street","highway":"residential","osm":"way/1069716890"},"geometry":{"type":"LineString","coordinates":[[-112.07382,33.445],[-112.07253,33.44505]]}},{"type":"Feature","properties":{"name":"West Jackson Street","highway":"residential","osm":"way/1069716891"},"geometry":{"type":"LineString","coordinates":[[-112.0751,33.44503],[-112.07518,33.44503]]}},{"type":"Feature","properties":{"name":"West Jackson Street","highway":"residential","osm":"way/1069716892"},"geometry":{"type":"LineString","coordinates":[[-112.07518,33.44503],[-112.07626,33.44504]]}},{"type":"Feature","properties":{"name":"West Jackson Street","highway":"residential","osm":"way/1069716893"},"geometry":{"type":"LineString","coordinates":[[-112.08246,33.44512],[-112.08696,33.4451]]}},{"type":"Feature","properties":{"name":"West Jackson Street","highway":"residential","osm":"way/1069716894"},"geometry":{"type":"LineString","coordinates":[[-112.08149,33.44502],[-112.08246,33.44512]]}},{"type":"Feature","properties":{"name":"West Jackson Street","highway":"residential","osm":"way/1069716895"},"geometry":{"type":"LineString","coordinates":[[-112.07626,33.44504],[-112.0777,33.44503]]}},{"type":"Feature","properties":{"name":"North 7th Street","highway":"primary","osm":"way/1071914576"},"geometry":{"type":"LineString","coordinates":[[-112.06502,33.50743],[-112.06502,33.5077]]}},{"type":"Feature","properties":{"name":"North 7th Street","highway":"primary","osm":"way/1071914577"},"geometry":{"type":"LineString","coordinates":[[-112.06502,33.50772],[-112.06502,33.50923]]}},{"type":"Feature","properties":{"name":"North 7th Street","highway":"primary","osm":"way/1071914578"},"geometry":{"type":"LineString","coordinates":[[-112.06502,33.5077],[-112.06502,33.50772]]}},{"type":"Feature","properties":{"name":"North 3rd Street","highway":"residential","osm":"way/1071936009"},"geometry":{"type":"LineString","coordinates":[[-112.06995,33.44855],[-112.06995,33.44824]]}},{"type":"Feature","properties":{"name":"Papago Freeway","highway":"motorway","osm":"way/1075606327"},"geometry":{"type":"LineString","coordinates":[[-112.08852,33.46124],[-112.08264,33.4608]]}},{"type":"Feature","properties":{"name":null,"highway":"motorway_link","osm":"way/1075606328"},"geometry":{"type":"LineString","coordinates":[[-112.08266,33.46097],[-112.0811,33.46117]]}},{"type":"Feature","properties":{"name":null,"highway":"motorway_link","osm":"way/1075606329"},"geometry":{"type":"LineString","coordinates":[[-112.0811,33.46117],[-112.08265,33.46103]]}},{"type":"Feature","properties":{"name":"East Indian School Road","highway":"secondary","osm":"way/1077612885"},"geometry":{"type":"LineString","coordinates":[[-112.04545,33.49475],[-112.04533,33.49467]]}},{"type":"Feature","properties":{"name":"East Indian School Road","highway":"secondary","osm":"way/1077854393"},"geometry":{"type":"LineString","coordinates":[[-112.04765,33.49478],[-112.04867,33.49472]]}},{"type":"Feature","properties":{"name":"East Indian School Road","highway":"secondary","osm":"way/1077854401"},"geometry":{"type":"LineString","coordinates":[[-112.04725,33.49472],[-112.04765,33.49478]]}},{"type":"Feature","properties":{"name":"North 16th Street","highway":"secondary","osm":"way/1077854402"},"geometry":{"type":"LineString","coordinates":[[-112.04765,33.49464],[-112.04765,33.49478]]}},{"type":"Feature","properties":{"name":"North 12th Street","highway":"residential","osm":"way/1078673124"},"geometry":{"type":"LineString","coordinates":[[-112.05642,33.46098],[-112.05645,33.45868]]}},{"type":"Feature","properties":{"name":"East Roosevelt Street","highway":"tertiary","osm":"way/1078673125"},"geometry":{"type":"LineString","coordinates":[[-112.06206,33.45868],[-112.06055,33.45867]]}},{"type":"Feature","properties":{"name":"East Roosevelt Street","highway":"tertiary","osm":"way/1078673126"},"geometry":{"type":"LineString","coordinates":[[-112.06625,33.45866],[-112.06611,33.45866]]}},{"type":"Feature","properties":{"name":"East Fillmore Street","highway":"residential","osm":"way/1078673127"},"geometry":{"type":"LineString","coordinates":[[-112.06524,33.4545],[-112.06471,33.45456]]}},{"type":"Feature","properties":{"name":"North 9th Street","highway":"residential","osm":"way/1078673128"},"geometry":{"type":"LineString","coordinates":[[-112.06207,33.45458],[-112.06207,33.45483]]}},{"type":"Feature","properties":{"name":"North 9th Street","highway":"residential","osm":"way/1078673129"},"geometry":{"type":"LineString","coordinates":[[-112.06207,33.45135],[-112.06207,33.45458]]}},{"type":"Feature","properties":{"name":"North 2nd Street","highway":"residential","osm":"way/1078673133"},"geometry":{"type":"LineString","coordinates":[[-112.07128,33.44931],[-112.07127,33.45038]]}},{"type":"Feature","properties":{"name":"East Monroe Street","highway":"residential","osm":"way/1078673134"},"geometry":{"type":"LineString","coordinates":[[-112.05898,33.44984],[-112.05644,33.44983]]}},{"type":"Feature","properties":{"name":"East Oak Street","highway":"residential","osm":"way/1078697772"},"geometry":{"type":"LineString","coordinates":[[-112.05204,33.47294],[-112.04766,33.47292]]}},{"type":"Feature","properties":{"name":"North Manor Drive West","highway":"residential","osm":"way/1079889008"},"geometry":{"type":"LineString","coordinates":[[-112.05557,33.48668],[-112.05554,33.4869]]}},{"type":"Feature","properties":{"name":"North Manor Drive West","highway":"residential","osm":"way/1079889009"},"geometry":{"type":"LineString","coordinates":[[-112.0556,33.4869],[-112.05557,33.48668]]}},{"type":"Feature","properties":{"name":"East Sky Harbor Boulevard","highway":"motorway","osm":"way/1080024483"},"geometry":{"type":"LineString","coordinates":[[-111.98763,33.43604],[-111.98746,33.43606]]}},{"type":"Feature","properties":{"name":"South 41st Street","highway":"unclassified","osm":"way/1080201500"},"geometry":{"type":"LineString","coordinates":[[-111.99159,33.43463],[-111.9916,33.43486]]}},{"type":"Feature","properties":{"name":"South 29th Street","highway":"secondary","osm":"way/1080238320"},"geometry":{"type":"LineString","coordinates":[[-112.0198,33.43759],[-112.0216,33.4376]]}},{"type":"Feature","properties":{"name":"24th Street Station Roadway","highway":"unclassified","osm":"way/1080307356"},"geometry":{"type":"LineString","coordinates":[[-112.03076,33.43545],[-112.0303,33.43544]]}},{"type":"Feature","properties":{"name":"24th Street Station Roadway","highway":"unclassified","osm":"way/1080307357"},"geometry":{"type":"LineString","coordinates":[[-112.03102,33.43502],[-112.03347,33.43503]]}},{"type":"Feature","properties":{"name":"24th Street Station Roadway","highway":"unclassified","osm":"way/1080307358"},"geometry":{"type":"LineString","coordinates":[[-112.032,33.43543],[-112.03121,33.43543]]}},{"type":"Feature","properties":{"name":null,"highway":"secondary_link","osm":"way/1080307382"},"geometry":{"type":"LineString","coordinates":[[-112.03391,33.43499],[-112.03458,33.435]]}},{"type":"Feature","properties":{"name":"West Clarendon Avenue","highway":"residential","osm":"way/1080517438"},"geometry":{"type":"LineString","coordinates":[[-112.07973,33.49147],[-112.08199,33.49149]]}},{"type":"Feature","properties":{"name":"West Clarendon Avenue","highway":"residential","osm":"way/1080517439"},"geometry":{"type":"LineString","coordinates":[[-112.07821,33.49145],[-112.07867,33.49145]]}},{"type":"Feature","properties":{"name":"West Clarendon Avenue","highway":"residential","osm":"way/1080517440"},"geometry":{"type":"LineString","coordinates":[[-112.07756,33.49144],[-112.07821,33.49145]]}},{"type":"Feature","properties":{"name":"West Earll Drive","highway":"tertiary","osm":"way/1080989256"},"geometry":{"type":"LineString","coordinates":[[-112.07954,33.48402],[-112.07891,33.48402]]}},{"type":"Feature","properties":{"name":"West Fillmore Street","highway":"residential","osm":"way/1083507344"},"geometry":{"type":"LineString","coordinates":[[-112.07505,33.4547],[-112.07522,33.4547]]}},{"type":"Feature","properties":{"name":"North 1st Avenue","highway":"primary","osm":"way/1083526876"},"geometry":{"type":"LineString","coordinates":[[-112.07519,33.45232],[-112.07519,33.45222]]}},{"type":"Feature","properties":{"name":"North 1st Avenue","highway":"primary","osm":"way/1083526877"},"geometry":{"type":"LineString","coordinates":[[-112.07519,33.45217],[-112.07519,33.45175]]}},{"type":"Feature","properties":{"name":"West Fairmount Avenue","highway":"residential","osm":"way/1084131886"},"geometry":{"type":"LineString","coordinates":[[-112.09024,33.49312],[-112.09077,33.49312]]}},{"type":"Feature","properties":{"name":null,"highway":"residential","osm":"way/1084647010"},"geometry":{"type":"LineString","coordinates":[[-112.05274,33.51153],[-112.05196,33.51159],[-112.05196,33.51215],[-112.05274,33.51214]]}},{"type":"Feature","properties":{"name":"North 32nd Street","highway":"secondary","osm":"way/1085348504"},"geometry":{"type":"LineString","coordinates":[[-112.01292,33.45228],[-112.01293,33.45801]]}},{"type":"Feature","properties":{"name":"North 15th Avenue","highway":"tertiary","osm":"way/1091136281"},"geometry":{"type":"LineString","coordinates":[[-112.09132,33.49554],[-112.09132,33.49594]]}},{"type":"Feature","properties":{"name":"North 12th Street","highway":"tertiary","osm":"way/1091188050"},"geometry":{"type":"LineString","coordinates":[[-112.05631,33.47307],[-112.05632,33.47308]]}},{"type":"Feature","properties":{"name":"North 12th Street","highway":"tertiary","osm":"way/1091188051"},"geometry":{"type":"LineString","coordinates":[[-112.0563,33.47298],[-112.05631,33.47307]]}},{"type":"Feature","properties":{"name":"East Oak Street","highway":"tertiary","osm":"way/1091188052"},"geometry":{"type":"LineString","coordinates":[[-112.05595,33.47303],[-112.056,33.47303]]}},{"type":"Feature","properties":{"name":"East Oak Street","highway":"tertiary","osm":"way/1091188053"},"geometry":{"type":"LineString","coordinates":[[-112.05582,33.47303],[-112.05595,33.47303]]}},{"type":"Feature","properties":{"name":"North 3rd Street","highway":"residential","osm":"way/1095303514"},"geometry":{"type":"LineString","coordinates":[[-112.06995,33.4496],[-112.06995,33.44949]]}},{"type":"Feature","properties":{"name":"North 3rd Street","highway":"residential","osm":"way/1095303515"},"geometry":{"type":"LineString","coordinates":[[-112.06995,33.44949],[-112.06995,33.4494]]}},{"type":"Feature","properties":{"name":"North 6th Street","highway":"residential","osm":"way/1095707417"},"geometry":{"type":"LineString","coordinates":[[-112.06627,33.45024],[-112.06627,33.4504]]}},{"type":"Feature","properties":{"name":"East Adams Street","highway":"residential","osm":"way/1095707419"},"geometry":{"type":"LineString","coordinates":[[-112.0655,33.44937],[-112.06512,33.44937]]}},{"type":"Feature","properties":{"name":"North 17th Avenue","highway":"residential","osm":"way/1095859797"},"geometry":{"type":"LineString","coordinates":[[-112.09576,33.4513],[-112.09569,33.45189]]}},{"type":"Feature","properties":{"name":null,"highway":"residential","osm":"way/1096206993"},"geometry":{"type":"LineString","coordinates":[[-112.05761,33.48781],[-112.0576,33.48793]]}},{"type":"Feature","properties":{"name":null,"highway":"residential","osm":"way/1096206994"},"geometry":{"type":"LineString","coordinates":[[-112.05764,33.48746],[-112.05761,33.48781]]}},{"type":"Feature","properties":{"name":null,"highway":"residential","osm":"way/1096206995"},"geometry":{"type":"LineString","coordinates":[[-112.05769,33.48774],[-112.05761,33.48774]]}},{"type":"Feature","properties":{"name":"North 20th Street","highway":"tertiary","osm":"way/1096212807"},"geometry":{"type":"LineString","coordinates":[[-112.03899,33.45045],[-112.03899,33.4509]]}},{"type":"Feature","properties":{"name":"North 20th Street","highway":"tertiary","osm":"way/1096212808"},"geometry":{"type":"LineString","coordinates":[[-112.03899,33.4509],[-112.03899,33.45142]]}},{"type":"Feature","properties":{"name":"North 28th Street","highway":"residential","osm":"way/1096212811"},"geometry":{"type":"LineString","coordinates":[[-112.02155,33.45173],[-112.02154,33.45264],[-112.02122,33.45302]]}},{"type":"Feature","properties":{"name":"North 28th Street","highway":"residential","osm":"way/1096212812"},"geometry":{"type":"LineString","coordinates":[[-112.02155,33.45093],[-112.02155,33.45173]]}},{"type":"Feature","properties":{"name":"North 32nd Street","highway":"secondary","osm":"way/1096212815"},"geometry":{"type":"LineString","coordinates":[[-112.01292,33.4504],[-112.01292,33.45057]]}},{"type":"Feature","properties":{"name":"North 3rd Street","highway":"residential","osm":"way/1096358856"},"geometry":{"type":"LineString","coordinates":[[-112.06939,33.50894],[-112.06939,33.50927]]}},{"type":"Feature","properties":{"name":"North 3rd Avenue","highway":"residential","osm":"way/1096358872"},"geometry":{"type":"LineString","coordinates":[[-112.07815,33.50391],[-112.07814,33.50884]]}},{"type":"Feature","properties":{"name":"North 3rd Avenue","highway":"residential","osm":"way/1096358873"},"geometry":{"type":"LineString","coordinates":[[-112.07814,33.50884],[-112.07815,33.50917]]}},{"type":"Feature","properties":{"name":"North 3rd Avenue","highway":"residential","osm":"way/1096358874"},"geometry":{"type":"LineString","coordinates":[[-112.07815,33.50939],[-112.07816,33.50977]]}},{"type":"Feature","properties":{"name":"North 3rd Avenue","highway":"residential","osm":"way/1096358875"},"geometry":{"type":"LineString","coordinates":[[-112.07815,33.50917],[-112.07815,33.50939]]}},{"type":"Feature","properties":{"name":"North 7th Avenue","highway":"secondary","osm":"way/1098769987"},"geometry":{"type":"LineString","coordinates":[[-112.08258,33.45249],[-112.08259,33.45474]]}},{"type":"Feature","properties":{"name":"North 7th Avenue","highway":"secondary","osm":"way/1098769989"},"geometry":{"type":"LineString","coordinates":[[-112.08258,33.45246],[-112.08258,33.45249]]}},{"type":"Feature","properties":{"name":"North 7th Avenue","highway":"secondary","osm":"way/1098769990"},"geometry":{"type":"LineString","coordinates":[[-112.08258,33.45216],[-112.08258,33.45246]]}},{"type":"Feature","properties":{"name":"North 12th Street","highway":"tertiary","osm":"way/1102265385"},"geometry":{"type":"LineString","coordinates":[[-112.05635,33.49319],[-112.05635,33.49297]]}},{"type":"Feature","properties":{"name":"North 12th Street","highway":"tertiary","osm":"way/1102265386"},"geometry":{"type":"LineString","coordinates":[[-112.05635,33.49297],[-112.05635,33.49291]]}},{"type":"Feature","properties":{"name":"North 12th Street","highway":"tertiary","osm":"way/1102265387"},"geometry":{"type":"LineString","coordinates":[[-112.05635,33.49297],[-112.05635,33.49319]]}},{"type":"Feature","properties":{"name":"East Earll Drive","highway":"residential","osm":"way/1102742616"},"geometry":{"type":"LineString","coordinates":[[-112.06566,33.48384],[-112.06509,33.48384]]}},{"type":"Feature","properties":{"name":"North 12th Street","highway":"tertiary","osm":"way/1103087029"},"geometry":{"type":"LineString","coordinates":[[-112.05642,33.46242],[-112.05642,33.46248]]}},{"type":"Feature","properties":{"name":"North 12th Street","highway":"tertiary","osm":"way/1103087030"},"geometry":{"type":"LineString","coordinates":[[-112.05643,33.4619],[-112.05643,33.46194]]}},{"type":"Feature","properties":{"name":"North Central Avenue","highway":"primary","osm":"way/1103255243"},"geometry":{"type":"LineString","coordinates":[[-112.07372,33.46396],[-112.0737,33.46451]]}},{"type":"Feature","properties":{"name":"North 10th Street","highway":"residential","osm":"way/1103366393"},"geometry":{"type":"LineString","coordinates":[[-112.06065,33.50836],[-112.06064,33.51638]]}},{"type":"Feature","properties":{"name":"West Highland Avenue","highway":"residential","osm":"way/1103574089"},"geometry":{"type":"LineString","coordinates":[[-112.07387,33.50569],[-112.07439,33.50569]]}},{"type":"Feature","properties":{"name":"West Highland Avenue","highway":"residential","osm":"way/1103574090"},"geometry":{"type":"LineString","coordinates":[[-112.07366,33.50564],[-112.07387,33.50569]]}},{"type":"Feature","properties":{"name":"East Mariposa Street","highway":"residential","osm":"way/1103574092"},"geometry":{"type":"LineString","coordinates":[[-112.07217,33.50814],[-112.07263,33.50837]]}},{"type":"Feature","properties":{"name":"North 11th Avenue","highway":"tertiary","osm":"way/1103574110"},"geometry":{"type":"LineString","coordinates":[[-112.08691,33.50893],[-112.0869,33.50276],[-112.0867,33.50212]]}},{"type":"Feature","properties":{"name":"North 11th Avenue","highway":"tertiary","osm":"way/1103574111"},"geometry":{"type":"LineString","coordinates":[[-112.08691,33.50936],[-112.08691,33.50893]]}},{"type":"Feature","properties":{"name":"North 9th Avenue","highway":"residential","osm":"way/1103684442"},"geometry":{"type":"LineString","coordinates":[[-112.08479,33.44927],[-112.08482,33.45139]]}},{"type":"Feature","properties":{"name":"South 9th Avenue","highway":"residential","osm":"way/1106910448"},"geometry":{"type":"LineString","coordinates":[[-112.08469,33.44018],[-112.08466,33.43733]]}},{"type":"Feature","properties":{"name":"South 9th Avenue","highway":"residential","osm":"way/1106910449"},"geometry":{"type":"LineString","coordinates":[[-112.08466,33.43733],[-112.08468,33.43682]]}},{"type":"Feature","properties":{"name":"South 9th Avenue","highway":"residential","osm":"way/1106910450"},"geometry":{"type":"LineString","coordinates":[[-112.08468,33.43682],[-112.08466,33.43733]]}},{"type":"Feature","properties":{"name":"West Buckeye Road","highway":"secondary","osm":"way/1107569133"},"geometry":{"type":"LineString","coordinates":[[-112.0832,33.43683],[-112.08416,33.43682]]}},{"type":"Feature","properties":{"name":null,"highway":"motorway_link","osm":"way/1107648570"},"geometry":{"type":"LineString","coordinates":[[-112.03375,33.43761],[-112.0307,33.43745],[-112.03034,33.43722],[-112.03028,33.43682]]}},{"type":"Feature","properties":{"name":"East University Drive","highway":"residential","osm":"way/1107648572"},"geometry":{"type":"LineString","coordinates":[[-112.02969,33.42403],[-112.02519,33.42401],[-112.02433,33.42371],[-112.02332,33.42298]]}},{"type":"Feature","properties":{"name":"East University Drive","highway":"residential","osm":"way/1107648573"},"geometry":{"type":"LineString","coordinates":[[-112.03114,33.42401],[-112.03047,33.42402]]}},{"type":"Feature","properties":{"name":"East University Drive","highway":"residential","osm":"way/1107648574"},"geometry":{"type":"LineString","coordinates":[[-112.03035,33.42403],[-112.02969,33.42403]]}},{"type":"Feature","properties":{"name":"East University Drive","highway":"residential","osm":"way/1107648575"},"geometry":{"type":"LineString","coordinates":[[-112.03047,33.42402],[-112.03035,33.42403]]}},{"type":"Feature","properties":{"name":"East Sky Harbor Boulevard","highway":"primary","osm":"way/1122018867"},"geometry":{"type":"LineString","coordinates":[[-111.99524,33.43602],[-111.9947,33.43602]]}},{"type":"Feature","properties":{"name":null,"highway":"motorway_link","osm":"way/1123301942"},"geometry":{"type":"LineString","coordinates":[[-111.98517,33.43837],[-111.98648,33.43927],[-111.98717,33.44018]]}},{"type":"Feature","properties":{"name":"East Osborn Road","highway":"secondary","osm":"way/1123620655"},"geometry":{"type":"LineString","coordinates":[[-112.04699,33.48747],[-112.04695,33.48748]]}},{"type":"Feature","properties":{"name":"East Buckeye Road","highway":"secondary","osm":"way/1125339800"},"geometry":{"type":"LineString","coordinates":[[-112.03084,33.43672],[-112.03028,33.43672]]}},{"type":"Feature","properties":{"name":"East Sky Harbor Boulevard","highway":"motorway","osm":"way/1132392282"},"geometry":{"type":"LineString","coordinates":[[-112.03443,33.4376],[-112.03375,33.43761]]}},{"type":"Feature","properties":{"name":null,"highway":"motorway_link","osm":"way/1132445987"},"geometry":{"type":"LineString","coordinates":[[-112.06491,33.46306],[-112.06498,33.46326]]}},{"type":"Feature","properties":{"name":"South 11th Avenue","highway":"residential","osm":"way/1135053772"},"geometry":{"type":"LineString","coordinates":[[-112.08685,33.43816],[-112.08686,33.43988]]}},{"type":"Feature","properties":{"name":"South 29th Street","highway":"secondary","osm":"way/1135636931"},"geometry":{"type":"LineString","coordinates":[[-112.01902,33.43745],[-112.0198,33.43759]]}},{"type":"Feature","properties":{"name":"South 29th Street","highway":"unclassified","osm":"way/1135636932"},"geometry":{"type":"LineString","coordinates":[[-112.01903,33.43667],[-112.01902,33.43684]]}},{"type":"Feature","properties":{"name":"East Sky Harbor Boulevard","highway":"primary","osm":"way/1135636933"},"geometry":{"type":"LineString","coordinates":[[-112.01902,33.43684],[-112.01998,33.43684]]}},{"type":"Feature","properties":{"name":"South 29th Street","highway":"unclassified","osm":"way/1135636934"},"geometry":{"type":"LineString","coordinates":[[-112.01902,33.43726],[-112.01902,33.43745]]}},{"type":"Feature","properties":{"name":"South 29th Street","highway":"unclassified","osm":"way/1135636935"},"geometry":{"type":"LineString","coordinates":[[-112.01902,33.43707],[-112.01902,33.43726]]}},{"type":"Feature","properties":{"name":null,"highway":"motorway_link","osm":"way/1135638020"},"geometry":{"type":"LineString","coordinates":[[-112.03032,33.42708],[-112.03046,33.42709]]}},{"type":"Feature","properties":{"name":"East Sky Harbor Circle South","highway":"unclassified","osm":"way/1135638021"},"geometry":{"type":"LineString","coordinates":[[-112.03436,33.43145],[-112.03413,33.43159]]}},{"type":"Feature","properties":{"name":"East Sky Harbor Circle South","highway":"unclassified","osm":"way/1135638022"},"geometry":{"type":"LineString","coordinates":[[-112.03402,33.4317],[-112.03386,33.43193]]}},{"type":"Feature","properties":{"name":"East Sky Harbor Circle South","highway":"unclassified","osm":"way/1135638023"},"geometry":{"type":"LineString","coordinates":[[-112.03413,33.43159],[-112.03402,33.4317]]}},{"type":"Feature","properties":{"name":"South 42nd Street","highway":"residential","osm":"way/1135638493"},"geometry":{"type":"LineString","coordinates":[[-111.99052,33.44626],[-111.99053,33.44577]]}},{"type":"Feature","properties":{"name":"South 42nd Street","highway":"unclassified","osm":"way/1135647417"},"geometry":{"type":"LineString","coordinates":[[-111.98816,33.43793],[-111.98815,33.43855]]}},{"type":"Feature","properties":{"name":"West Glenrosa Avenue","highway":"residential","osm":"way/1135666950"},"geometry":{"type":"LineString","coordinates":[[-112.08714,33.49854],[-112.08698,33.49852]]}},{"type":"Feature","properties":{"name":"West Glenrosa Avenue","highway":"residential","osm":"way/1135666951"},"geometry":{"type":"LineString","coordinates":[[-112.08697,33.49857],[-112.08714,33.49854]]}},{"type":"Feature","properties":{"name":"East Sky Harbor Circle North","highway":"tertiary","osm":"way/1136135155"},"geometry":{"type":"LineString","coordinates":[[-112.03449,33.44109],[-112.03434,33.44103]]}},{"type":"Feature","properties":{"name":"South 25th Place","highway":"unclassified","osm":"way/1136135394"},"geometry":{"type":"LineString","coordinates":[[-112.02705,33.43677],[-112.02705,33.43638]]}},{"type":"Feature","properties":{"name":"South 25th Place","highway":"unclassified","osm":"way/1136135395"},"geometry":{"type":"LineString","coordinates":[[-112.02705,33.43638],[-112.02705,33.43625]]}},{"type":"Feature","properties":{"name":"East Sky Harbor Boulevard South","highway":"tertiary","osm":"way/1136135725"},"geometry":{"type":"LineString","coordinates":[[-112.01792,33.43667],[-112.01689,33.43667]]}},{"type":"Feature","properties":{"name":"East Sky Harbor Boulevard South","highway":"tertiary","osm":"way/1136135726"},"geometry":{"type":"LineString","coordinates":[[-112.01593,33.43663],[-112.01571,33.43661]]}},{"type":"Feature","properties":{"name":"East Sky Harbor Boulevard South","highway":"tertiary","osm":"way/1136136114"},"geometry":{"type":"LineString","coordinates":[[-112.0117,33.43651],[-112.01161,33.43652]]}},{"type":"Feature","properties":{"name":"East Sky Harbor Boulevard","highway":"primary","osm":"way/1136137132"},"geometry":{"type":"LineString","coordinates":[[-111.99247,33.43496],[-111.99263,33.43496]]}},{"type":"Feature","properties":{"name":"South 32nd Street","highway":"secondary","osm":"way/1136138301"},"geometry":{"type":"LineString","coordinates":[[-112.01292,33.44398],[-112.01292,33.44403]]}},{"type":"Feature","properties":{"name":"South 40th Street","highway":"unclassified","osm":"way/1136138302"},"geometry":{"type":"LineString","coordinates":[[-111.99557,33.44355],[-111.99557,33.44311]]}},{"type":"Feature","properties":{"name":"South 40th Street","highway":"unclassified","osm":"way/1136138303"},"geometry":{"type":"LineString","coordinates":[[-111.99542,33.44802],[-111.99543,33.44747]]}},{"type":"Feature","properties":{"name":"South 40th Street","highway":"unclassified","osm":"way/1136138304"},"geometry":{"type":"LineString","coordinates":[[-111.99543,33.44747],[-111.99544,33.4472]]}},{"type":"Feature","properties":{"name":"Copperhead Drive","highway":"unclassified","osm":"way/1136380830"},"geometry":{"type":"LineString","coordinates":[[-112.0303,33.43544],[-112.0303,33.43523]]}},{"type":"Feature","properties":{"name":"Copperhead Drive","highway":"unclassified","osm":"way/1136380832"},"geometry":{"type":"LineString","coordinates":[[-112.0303,33.43523],[-112.03025,33.43473]]}},{"type":"Feature","properties":{"name":"24th Street Station Roadway","highway":"unclassified","osm":"way/1136380833"},"geometry":{"type":"LineString","coordinates":[[-112.03121,33.43543],[-112.03076,33.43545]]}},{"type":"Feature","properties":{"name":"24th Street Station Roadway","highway":"unclassified","osm":"way/1136380834"},"geometry":{"type":"LineString","coordinates":[[-112.0303,33.43523],[-112.03075,33.43501]]}},{"type":"Feature","properties":{"name":"24th Street Station Roadway","highway":"unclassified","osm":"way/1136380835"},"geometry":{"type":"LineString","coordinates":[[-112.03347,33.43503],[-112.03383,33.43509],[-112.03387,33.43532]]}},{"type":"Feature","properties":{"name":"24th Street Station Roadway","highway":"unclassified","osm":"way/1136380836"},"geometry":{"type":"LineString","coordinates":[[-112.03387,33.43532],[-112.032,33.43543]]}},{"type":"Feature","properties":{"name":null,"highway":"unclassified","osm":"way/1136380837"},"geometry":{"type":"LineString","coordinates":[[-112.03121,33.43543],[-112.03082,33.43531],[-112.03102,33.43502]]}},{"type":"Feature","properties":{"name":"Copperhead Drive","highway":"unclassified","osm":"way/1136380838"},"geometry":{"type":"LineString","coordinates":[[-112.03025,33.43473],[-112.03019,33.43544]]}},{"type":"Feature","properties":{"name":"Copperhead Drive","highway":"unclassified","osm":"way/1136380839"},"geometry":{"type":"LineString","coordinates":[[-112.03018,33.43646],[-112.03018,33.43672]]}},{"type":"Feature","properties":{"name":"East Economy Parking Drive","highway":"unclassified","osm":"way/1136613053"},"geometry":{"type":"LineString","coordinates":[[-111.98969,33.43451],[-111.99051,33.4345]]}},{"type":"Feature","properties":{"name":"South 42nd Street","highway":"unclassified","osm":"way/1136613057"},"geometry":{"type":"LineString","coordinates":[[-111.98772,33.43494],[-111.98772,33.43515]]}},{"type":"Feature","properties":{"name":"East Economy Parking Drive","highway":"unclassified","osm":"way/1136613059"},"geometry":{"type":"LineString","coordinates":[[-111.98782,33.4345],[-111.98839,33.4345]]}},{"type":"Feature","properties":{"name":"East Economy Parking Drive","highway":"unclassified","osm":"way/1136613060"},"geometry":{"type":"LineString","coordinates":[[-111.98839,33.4345],[-111.98912,33.43451]]}},{"type":"Feature","properties":{"name":null,"highway":"primary_link","osm":"way/1138139805"},"geometry":{"type":"LineString","coordinates":[[-111.98783,33.43565],[-111.98777,33.43568]]}},{"type":"Feature","properties":{"name":null,"highway":"primary_link","osm":"way/1138139806"},"geometry":{"type":"LineString","coordinates":[[-111.98783,33.4353],[-111.9879,33.43531]]}},{"type":"Feature","properties":{"name":"South 42nd Street","highway":"unclassified","osm":"way/1138139807"},"geometry":{"type":"LineString","coordinates":[[-111.98774,33.43341],[-111.98773,33.43316]]}},{"type":"Feature","properties":{"name":"South 42nd Street","highway":"unclassified","osm":"way/1138139813"},"geometry":{"type":"LineString","coordinates":[[-111.98667,33.43295],[-111.98683,33.43287]]}},{"type":"Feature","properties":{"name":"South 42nd Street","highway":"unclassified","osm":"way/1138139814"},"geometry":{"type":"LineString","coordinates":[[-111.98759,33.43316],[-111.98759,33.43341]]}},{"type":"Feature","properties":{"name":"West Jefferson Street","highway":"secondary","osm":"way/1142588861"},"geometry":{"type":"LineString","coordinates":[[-112.07765,33.44716],[-112.07607,33.44719]]}},{"type":"Feature","properties":{"name":"South 3rd Street","highway":"residential","osm":"way/1145104353"},"geometry":{"type":"LineString","coordinates":[[-112.06993,33.4437],[-112.06993,33.4432]]}},{"type":"Feature","properties":{"name":"West Portland Street","highway":"residential","osm":"way/1148420850"},"geometry":{"type":"LineString","coordinates":[[-112.07755,33.45996],[-112.07779,33.45996]]}},{"type":"Feature","properties":{"name":null,"highway":"residential","osm":"way/1148420851"},"geometry":{"type":"LineString","coordinates":[[-112.07755,33.45996],[-112.07755,33.45991]]}},{"type":"Feature","properties":{"name":"West Clarendon Avenue","highway":"residential","osm":"way/1150616080"},"geometry":{"type":"LineString","coordinates":[[-112.07867,33.49145],[-112.07973,33.49147]]}},{"type":"Feature","properties":{"name":null,"highway":"residential","osm":"way/1155703961"},"geometry":{"type":"LineString","coordinates":[[-112.07956,33.45698],[-112.07932,33.45698]]}},{"type":"Feature","properties":{"name":null,"highway":"residential","osm":"way/1155703962"},"geometry":{"type":"LineString","coordinates":[[-112.07932,33.45687],[-112.07932,33.45738]]}},{"type":"Feature","properties":{"name":"East Sky Harbor Boulevard","highway":"primary","osm":"way/1155793458"},"geometry":{"type":"LineString","coordinates":[[-112.01203,33.4379],[-112.01338,33.4379]]}},{"type":"Feature","properties":{"name":"North 5th Street","highway":"residential","osm":"way/1171844090"},"geometry":{"type":"LineString","coordinates":[[-112.06749,33.45071],[-112.06749,33.45132]]}},{"type":"Feature","properties":{"name":"South 11th Avenue","highway":"residential","osm":"way/1174944099"},"geometry":{"type":"LineString","coordinates":[[-112.08696,33.43986],[-112.08694,33.43781]]}},{"type":"Feature","properties":{"name":"Maricopa Freeway","highway":"motorway","osm":"way/1175024422"},"geometry":{"type":"LineString","coordinates":[[-112.02522,33.42481],[-112.02214,33.42286]]}},{"type":"Feature","properties":{"name":"Maricopa Freeway","highway":"motorway","osm":"way/1175024423"},"geometry":{"type":"LineString","coordinates":[[-112.0205,33.42139],[-112.01998,33.42085]]}},{"type":"Feature","properties":{"name":"West Adams Street","highway":"residential","osm":"way/1187063221"},"geometry":{"type":"LineString","coordinates":[[-112.08021,33.4493],[-112.08257,33.44928]]}},{"type":"Feature","properties":{"name":"North 5th Avenue","highway":"tertiary","osm":"way/1188164342"},"geometry":{"type":"LineString","coordinates":[[-112.08019,33.45671],[-112.08017,33.45473]]}},{"type":"Feature","properties":{"name":"West Fillmore Street","highway":"residential","osm":"way/1188164343"},"geometry":{"type":"LineString","coordinates":[[-112.08017,33.45473],[-112.08215,33.45474]]}},{"type":"Feature","properties":{"name":"East Washington Street","highway":"primary","osm":"way/1198081667"},"geometry":{"type":"LineString","coordinates":[[-112.06501,33.44839],[-112.06521,33.44839]]}},{"type":"Feature","properties":{"name":"East Washington Street","highway":"primary","osm":"way/1198089523"},"geometry":{"type":"LineString","coordinates":[[-112.07126,33.44824],[-112.07137,33.44824]]}},{"type":"Feature","properties":{"name":"West McKinley Street","highway":"residential","osm":"way/1200859499"},"geometry":{"type":"LineString","coordinates":[[-112.07832,33.45671],[-112.07849,33.45671]]}},{"type":"Feature","properties":{"name":"West McKinley Street","highway":"residential","osm":"way/1200859501"},"geometry":{"type":"LineString","coordinates":[[-112.07849,33.45671],[-112.0826,33.45672]]}},{"type":"Feature","properties":{"name":"North 15th Avenue","highway":"tertiary","osm":"way/1207411400"},"geometry":{"type":"LineString","coordinates":[[-112.09129,33.46501],[-112.0913,33.46537]]}},{"type":"Feature","properties":{"name":"North 15th Avenue","highway":"tertiary","osm":"way/1207411401"},"geometry":{"type":"LineString","coordinates":[[-112.09138,33.46624],[-112.09141,33.4665]]}},{"type":"Feature","properties":{"name":"North 17th Avenue","highway":"residential","osm":"way/1207482924"},"geometry":{"type":"LineString","coordinates":[[-112.09559,33.46539],[-112.0956,33.46584]]}},{"type":"Feature","properties":{"name":"North 17th Avenue","highway":"residential","osm":"way/1207482925"},"geometry":{"type":"LineString","coordinates":[[-112.09559,33.46503],[-112.09559,33.46539]]}},{"type":"Feature","properties":{"name":"Grand Avenue","highway":"secondary","osm":"way/1207749430"},"geometry":{"type":"LineString","coordinates":[[-112.09518,33.462],[-112.09574,33.46236]]}},{"type":"Feature","properties":{"name":"East Sky Harbor Boulevard South","highway":"tertiary","osm":"way/1208474349"},"geometry":{"type":"LineString","coordinates":[[-112.01105,33.43669],[-112.011,33.43669]]}},{"type":"Feature","properties":{"name":"East Sky Harbor Boulevard","highway":"primary","osm":"way/1208475090"},"geometry":{"type":"LineString","coordinates":[[-112.00538,33.43591],[-112.00505,33.43591]]}},{"type":"Feature","properties":{"name":"West Lynwood Street","highway":"residential","osm":"way/1208997248"},"geometry":{"type":"LineString","coordinates":[[-112.0739,33.46469],[-112.08028,33.46477]]}},{"type":"Feature","properties":{"name":"North 5th Avenue","highway":"tertiary","osm":"way/1208997249"},"geometry":{"type":"LineString","coordinates":[[-112.0803,33.4658],[-112.08028,33.46477]]}},{"type":"Feature","properties":{"name":"West Lynwood Street","highway":"residential","osm":"way/1208997250"},"geometry":{"type":"LineString","coordinates":[[-112.08028,33.46477],[-112.08267,33.46478]]}},{"type":"Feature","properties":{"name":"East Sky Harbor Boulevard South","highway":"tertiary","osm":"way/1209711348"},"geometry":{"type":"LineString","coordinates":[[-112.01689,33.43667],[-112.01593,33.43663]]}},{"type":"Feature","properties":{"name":"North 11th Street","highway":"residential","osm":"way/1216209640"},"geometry":{"type":"LineString","coordinates":[[-112.05891,33.46332],[-112.05891,33.46365]]}},{"type":"Feature","properties":{"name":"North 11th Street","highway":"residential","osm":"way/1216209641"},"geometry":{"type":"LineString","coordinates":[[-112.05891,33.46328],[-112.05891,33.46332]]}},{"type":"Feature","properties":{"name":"East Willetta Street","highway":"residential","osm":"way/1216209949"},"geometry":{"type":"LineString","coordinates":[[-112.06503,33.46394],[-112.06339,33.46365],[-112.05919,33.46362]]}},{"type":"Feature","properties":{"name":"East Willetta Street","highway":"residential","osm":"way/1216209950"},"geometry":{"type":"LineString","coordinates":[[-112.05919,33.46362],[-112.05912,33.46362]]}},{"type":"Feature","properties":{"name":"24th Street Station Roadway","highway":"unclassified","osm":"way/1217369339"},"geometry":{"type":"LineString","coordinates":[[-112.03075,33.43501],[-112.03102,33.43502]]}},{"type":"Feature","properties":{"name":null,"highway":"secondary_link","osm":"way/1217369340"},"geometry":{"type":"LineString","coordinates":[[-112.03347,33.43503],[-112.03391,33.43499]]}},{"type":"Feature","properties":{"name":"Copperhead Drive","highway":"unclassified","osm":"way/1217369363"},"geometry":{"type":"LineString","coordinates":[[-112.03028,33.43672],[-112.0303,33.43631]]}},{"type":"Feature","properties":{"name":"Copperhead Drive","highway":"secondary","osm":"way/1217369364"},"geometry":{"type":"LineString","coordinates":[[-112.03028,33.43682],[-112.03028,33.43672]]}},{"type":"Feature","properties":{"name":"South 2nd Street","highway":"residential","osm":"way/1233744959"},"geometry":{"type":"LineString","coordinates":[[-112.07121,33.44506],[-112.07121,33.44417]]}},{"type":"Feature","properties":{"name":"North Silvestre Herrera Way","highway":"unclassified","osm":"way/1241932811"},"geometry":{"type":"LineString","coordinates":[[-112.06936,33.49536],[-112.06936,33.49549]]}},{"type":"Feature","properties":{"name":null,"highway":"unclassified","osm":"way/1243523779"},"geometry":{"type":"LineString","coordinates":[[-112.06539,33.48584],[-112.06547,33.48584]]}},{"type":"Feature","properties":{"name":"South 5th Street","highway":"unclassified","osm":"way/1248972855"},"geometry":{"type":"LineString","coordinates":[[-112.06732,33.43683],[-112.06723,33.43834]]}},{"type":"Feature","properties":{"name":"East Tonto Street","highway":"unclassified","osm":"way/1248972856"},"geometry":{"type":"LineString","coordinates":[[-112.06723,33.43834],[-112.0664,33.43838]]}},{"type":"Feature","properties":{"name":"South 6th Street","highway":"unclassified","osm":"way/1248972857"},"geometry":{"type":"LineString","coordinates":[[-112.0664,33.43838],[-112.06637,33.43683]]}},{"type":"Feature","properties":{"name":"North 16th Street","highway":"secondary","osm":"way/1272744072"},"geometry":{"type":"LineString","coordinates":[[-112.04756,33.5099],[-112.04756,33.50994]]}},{"type":"Feature","properties":{"name":null,"highway":"motorway_link","osm":"way/1274456658"},"geometry":{"type":"LineString","coordinates":[[-112.03775,33.45061],[-112.03794,33.44991]]}},{"type":"Feature","properties":{"name":null,"highway":"motorway_link","osm":"way/1274456852"},"geometry":{"type":"LineString","coordinates":[[-112.03641,33.45211],[-112.03649,33.45248]]}},{"type":"Feature","properties":{"name":null,"highway":"motorway_link","osm":"way/1274456853"},"geometry":{"type":"LineString","coordinates":[[-112.03638,33.45154],[-112.03629,33.45211]]}},{"type":"Feature","properties":{"name":null,"highway":"motorway_link","osm":"way/1274458541"},"geometry":{"type":"LineString","coordinates":[[-112.03805,33.44572],[-112.03792,33.44514]]}},{"type":"Feature","properties":{"name":"Papago Freeway","highway":"motorway","osm":"way/1278901911"},"geometry":{"type":"LineString","coordinates":[[-112.03346,33.42692],[-112.03129,33.42662]]}},{"type":"Feature","properties":{"name":null,"highway":"motorway_link","osm":"way/1278912265"},"geometry":{"type":"LineString","coordinates":[[-111.98497,33.43752],[-111.98517,33.43837]]}},{"type":"Feature","properties":{"name":null,"highway":"motorway_link","osm":"way/1278912266"},"geometry":{"type":"LineString","coordinates":[[-111.99045,33.43602],[-111.98744,33.43589]]}},{"type":"Feature","properties":{"name":null,"highway":"primary_link","osm":"way/1278912267"},"geometry":{"type":"LineString","coordinates":[[-111.98744,33.43582],[-111.9859,33.43626]]}},{"type":"Feature","properties":{"name":"East Sky Harbor Boulevard","highway":"motorway","osm":"way/1278922655"},"geometry":{"type":"LineString","coordinates":[[-111.98655,33.43546],[-111.98748,33.43519]]}},{"type":"Feature","properties":{"name":null,"highway":"motorway_link","osm":"way/1278922656"},"geometry":{"type":"LineString","coordinates":[[-111.98655,33.43546],[-111.98746,33.43512]]}},{"type":"Feature","properties":{"name":"East Hadley Street","highway":"residential","osm":"way/1283260500"},"geometry":{"type":"LineString","coordinates":[[-112.07388,33.43907],[-112.07373,33.43907]]}},{"type":"Feature","properties":{"name":"South Central Avenue","highway":"secondary","osm":"way/1283260501"},"geometry":{"type":"LineString","coordinates":[[-112.07368,33.43126],[-112.07373,33.43907]]}},{"type":"Feature","properties":{"name":"West Osborn Road","highway":"tertiary","osm":"way/1283341295"},"geometry":{"type":"LineString","coordinates":[[-112.09047,33.48775],[-112.0905,33.48775]]}},{"type":"Feature","properties":{"name":"West Osborn Road","highway":"tertiary","osm":"way/1283341296"},"geometry":{"type":"LineString","coordinates":[[-112.0905,33.48775],[-112.09072,33.48775]]}},{"type":"Feature","properties":{"name":"East Meadowbrook Avenue","highway":"residential","osm":"way/1283712896"},"geometry":{"type":"LineString","coordinates":[[-112.06868,33.50382],[-112.06577,33.5038]]}},{"type":"Feature","properties":{"name":"East Meadowbrook Avenue","highway":"residential","osm":"way/1283712897"},"geometry":{"type":"LineString","coordinates":[[-112.06577,33.5038],[-112.06504,33.5038]]}},{"type":"Feature","properties":{"name":"East Meadowbrook Avenue","highway":"residential","osm":"way/1283776086"},"geometry":{"type":"LineString","coordinates":[[-112.06923,33.50382],[-112.06868,33.50382]]}},{"type":"Feature","properties":{"name":"North 5th Street","highway":"residential","osm":"way/1285400049"},"geometry":{"type":"LineString","coordinates":[[-112.06721,33.50603],[-112.06721,33.50713]]}},{"type":"Feature","properties":{"name":"North 5th Street","highway":"residential","osm":"way/1285400077"},"geometry":{"type":"LineString","coordinates":[[-112.0672,33.50875],[-112.0672,33.50926]]}},{"type":"Feature","properties":{"name":"North 3rd Street","highway":"residential","osm":"way/1285400079"},"geometry":{"type":"LineString","coordinates":[[-112.06938,33.50563],[-112.06938,33.5064]]}},{"type":"Feature","properties":{"name":"North 3rd Street","highway":"residential","osm":"way/1285400080"},"geometry":{"type":"LineString","coordinates":[[-112.06938,33.5064],[-112.06939,33.50733]]}},{"type":"Feature","properties":{"name":"North 3rd Street","highway":"residential","osm":"way/1285400081"},"geometry":{"type":"LineString","coordinates":[[-112.06939,33.5087],[-112.06939,33.50894]]}},{"type":"Feature","properties":{"name":"East Mariposa Street","highway":"residential","osm":"way/1285400102"},"geometry":{"type":"LineString","coordinates":[[-112.06939,33.50814],[-112.07061,33.50814]]}},{"type":"Feature","properties":{"name":"East Mariposa Street","highway":"residential","osm":"way/1285400104"},"geometry":{"type":"LineString","coordinates":[[-112.07167,33.50814],[-112.07217,33.50814]]}},{"type":"Feature","properties":{"name":"East Mariposa Street","highway":"residential","osm":"way/1285400105"},"geometry":{"type":"LineString","coordinates":[[-112.07142,33.50814],[-112.07167,33.50814]]}},{"type":"Feature","properties":{"name":"East Oregon Avenue","highway":"residential","osm":"way/1286043786"},"geometry":{"type":"LineString","coordinates":[[-112.07149,33.51378],[-112.07089,33.51382]]}},{"type":"Feature","properties":{"name":"East Colter Street","highway":"residential","osm":"way/1286043787"},"geometry":{"type":"LineString","coordinates":[[-112.07084,33.5129],[-112.07032,33.51273]]}},{"type":"Feature","properties":{"name":"West Coolidge Street","highway":"residential","osm":"way/1286119273"},"geometry":{"type":"LineString","coordinates":[[-112.07483,33.50474],[-112.07387,33.50473]]}},{"type":"Feature","properties":{"name":"East Georgia Avenue","highway":"residential","osm":"way/1286405265"},"geometry":{"type":"LineString","coordinates":[[-112.07141,33.51467],[-112.06988,33.51465]]}},{"type":"Feature","properties":{"name":"East Georgia Avenue","highway":"residential","osm":"way/1286405266"},"geometry":{"type":"LineString","coordinates":[[-112.06723,33.51463],[-112.06672,33.51457]]}},{"type":"Feature","properties":{"name":"North 6th Street","highway":"residential","osm":"way/1286405271"},"geometry":{"type":"LineString","coordinates":[[-112.06672,33.51457],[-112.06666,33.51464]]}},{"type":"Feature","properties":{"name":"West Highland Avenue","highway":"residential","osm":"way/1292952769"},"geometry":{"type":"LineString","coordinates":[[-112.07568,33.50569],[-112.08247,33.50572]]}},{"type":"Feature","properties":{"name":"West Highland Avenue","highway":"residential","osm":"way/1292952770"},"geometry":{"type":"LineString","coordinates":[[-112.07439,33.50569],[-112.07568,33.50569]]}},{"type":"Feature","properties":{"name":"North 1st Avenue","highway":"residential","osm":"way/1292952771"},"geometry":{"type":"LineString","coordinates":[[-112.07525,33.50663],[-112.07524,33.50569]]}},{"type":"Feature","properties":{"name":"West Pierson Street","highway":"residential","osm":"way/1292952772"},"geometry":{"type":"LineString","coordinates":[[-112.07525,33.50749],[-112.0747,33.50748]]}},{"type":"Feature","properties":{"name":"West Pierson Street","highway":"residential","osm":"way/1292952773"},"geometry":{"type":"LineString","coordinates":[[-112.0747,33.50748],[-112.07387,33.50748]]}},{"type":"Feature","properties":{"name":"East Pierson Street","highway":"residential","osm":"way/1292952780"},"geometry":{"type":"LineString","coordinates":[[-112.07224,33.50703],[-112.07249,33.50717]]}},{"type":"Feature","properties":{"name":"East Mariposa Street","highway":"residential","osm":"way/1292952782"},"geometry":{"type":"LineString","coordinates":[[-112.07369,33.50837],[-112.07314,33.50838]]}},{"type":"Feature","properties":{"name":"West Georgia Avenue","highway":"residential","osm":"way/1294480977"},"geometry":{"type":"LineString","coordinates":[[-112.07814,33.51476],[-112.08247,33.51478]]}},{"type":"Feature","properties":{"name":"West Georgia Avenue","highway":"residential","osm":"way/1294480978"},"geometry":{"type":"LineString","coordinates":[[-112.07375,33.51473],[-112.07463,33.51474]]}},{"type":"Feature","properties":{"name":null,"highway":"motorway_link","osm":"way/1296753094"},"geometry":{"type":"LineString","coordinates":[[-112.07816,33.46163],[-112.07795,33.46164]]}},{"type":"Feature","properties":{"name":"South 42nd Street","highway":"residential","osm":"way/1299116082"},"geometry":{"type":"LineString","coordinates":[[-111.99053,33.44577],[-111.99054,33.44539]]}},{"type":"Feature","properties":{"name":"East Willetta Street","highway":"residential","osm":"way/1305686237"},"geometry":{"type":"LineString","coordinates":[[-112.07372,33.46396],[-112.07264,33.46396]]}},{"type":"Feature","properties":{"name":"1st Street","highway":"residential","osm":"way/1305686238"},"geometry":{"type":"LineString","coordinates":[[-112.07255,33.46255],[-112.07244,33.46396]]}},{"type":"Feature","properties":{"name":"1st Street","highway":"residential","osm":"way/1305686239"},"geometry":{"type":"LineString","coordinates":[[-112.07264,33.46396],[-112.07255,33.46255]]}},{"type":"Feature","properties":{"name":"East Willetta Street","highway":"residential","osm":"way/1305686240"},"geometry":{"type":"LineString","coordinates":[[-112.07264,33.46396],[-112.07244,33.46396]]}},{"type":"Feature","properties":{"name":"West Buchanan Street","highway":"unclassified","osm":"way/1308075486"},"geometry":{"type":"LineString","coordinates":[[-112.08236,33.44296],[-112.08238,33.44296]]}},{"type":"Feature","properties":{"name":"West Buchanan Street","highway":"unclassified","osm":"way/1308075487"},"geometry":{"type":"LineString","coordinates":[[-112.08238,33.44296],[-112.08264,33.44296]]}},{"type":"Feature","properties":{"name":"West Fairmount Avenue","highway":"residential","osm":"way/1308851549"},"geometry":{"type":"LineString","coordinates":[[-112.09077,33.49312],[-112.09352,33.49314]]}},{"type":"Feature","properties":{"name":"North 16th Avenue","highway":"residential","osm":"way/1308851550"},"geometry":{"type":"LineString","coordinates":[[-112.09355,33.49225],[-112.09352,33.49314]]}},{"type":"Feature","properties":{"name":"North 17th Avenue","highway":"residential","osm":"way/1309033440"},"geometry":{"type":"LineString","coordinates":[[-112.09498,33.46584],[-112.09497,33.4695]]}},{"type":"Feature","properties":{"name":"West Palm Lane","highway":"residential","osm":"way/1309033441"},"geometry":{"type":"LineString","coordinates":[[-112.09497,33.4695],[-112.09558,33.4695]]}},{"type":"Feature","properties":{"name":"North 16th Avenue","highway":"residential","osm":"way/1309033442"},"geometry":{"type":"LineString","coordinates":[[-112.0938,33.46584],[-112.09379,33.4695]]}},{"type":"Feature","properties":{"name":"West Palm Lane","highway":"residential","osm":"way/1309033443"},"geometry":{"type":"LineString","coordinates":[[-112.09379,33.4695],[-112.09497,33.4695]]}},{"type":"Feature","properties":{"name":"North 11th Avenue","highway":"residential","osm":"way/1309493199"},"geometry":{"type":"LineString","coordinates":[[-112.08697,33.48772],[-112.08696,33.4911]]}},{"type":"Feature","properties":{"name":"West Whitton Avenue","highway":"residential","osm":"way/1309496965"},"geometry":{"type":"LineString","coordinates":[[-112.08251,33.48923],[-112.08329,33.48922]]}},{"type":"Feature","properties":{"name":"North 11th Avenue","highway":"residential","osm":"way/1309497681"},"geometry":{"type":"LineString","coordinates":[[-112.08714,33.48603],[-112.08713,33.48772]]}},{"type":"Feature","properties":{"name":"North 11th Avenue","highway":"residential","osm":"way/1309497684"},"geometry":{"type":"LineString","coordinates":[[-112.08714,33.48589],[-112.08714,33.48603]]}},{"type":"Feature","properties":{"name":"West Avalon Drive","highway":"residential","osm":"way/1309498625"},"geometry":{"type":"LineString","coordinates":[[-112.08522,33.483],[-112.08699,33.48312]]}},{"type":"Feature","properties":{"name":"North 5th Avenue Northwest","highway":"residential","osm":"way/1309909819"},"geometry":{"type":"LineString","coordinates":[[-112.08014,33.49484],[-112.08034,33.49562]]}},{"type":"Feature","properties":{"name":"North 4th Avenue","highway":"residential","osm":"way/1309923116"},"geometry":{"type":"LineString","coordinates":[[-112.07923,33.48593],[-112.07924,33.48667]]}},{"type":"Feature","properties":{"name":"West Flower Street","highway":"residential","osm":"way/1309923117"},"geometry":{"type":"LineString","coordinates":[[-112.07821,33.48593],[-112.07923,33.48593]]}},{"type":"Feature","properties":{"name":"South 43rd Way","highway":"unclassified","osm":"way/1311152837"},"geometry":{"type":"LineString","coordinates":[[-111.98682,33.42189],[-111.98683,33.4228]]}},{"type":"Feature","properties":{"name":"West Hadley Street","highway":"residential","osm":"way/1312333401"},"geometry":{"type":"LineString","coordinates":[[-112.0913,33.4395],[-112.10004,33.43948]]}},{"type":"Feature","properties":{"name":"West Harrison Street","highway":"residential","osm":"way/1315250676"},"geometry":{"type":"LineString","coordinates":[[-112.08935,33.44416],[-112.08922,33.44428]]}},{"type":"Feature","properties":{"name":"West Linden Street","highway":"residential","osm":"way/1317993031"},"geometry":{"type":"LineString","coordinates":[[-112.09787,33.45949],[-112.10007,33.45947]]}},{"type":"Feature","properties":{"name":null,"highway":"primary_link","osm":"way/1318308281"},"geometry":{"type":"LineString","coordinates":[[-112.06531,33.46036],[-112.06513,33.45995]]}},{"type":"Feature","properties":{"name":null,"highway":"primary_link","osm":"way/1318308282"},"geometry":{"type":"LineString","coordinates":[[-112.06514,33.45956],[-112.06532,33.45996]]}},{"type":"Feature","properties":{"name":null,"highway":"motorway_link","osm":"way/1320446324"},"geometry":{"type":"LineString","coordinates":[[-112.06915,33.46237],[-112.06768,33.46237]]}},{"type":"Feature","properties":{"name":null,"highway":"motorway_link","osm":"way/1320446325"},"geometry":{"type":"LineString","coordinates":[[-112.06768,33.46242],[-112.06855,33.46246]]}},{"type":"Feature","properties":{"name":null,"highway":"motorway_link","osm":"way/1320446326"},"geometry":{"type":"LineString","coordinates":[[-112.06917,33.46245],[-112.06936,33.46245]]}},{"type":"Feature","properties":{"name":null,"highway":"motorway_link","osm":"way/1320446327"},"geometry":{"type":"LineString","coordinates":[[-112.06936,33.46236],[-112.06915,33.46237]]}},{"type":"Feature","properties":{"name":"North 11th Avenue","highway":"residential","osm":"way/1322354659"},"geometry":{"type":"LineString","coordinates":[[-112.08704,33.46374],[-112.08705,33.46527]]}},{"type":"Feature","properties":{"name":"North 11th Avenue","highway":"residential","osm":"way/1322354660"},"geometry":{"type":"LineString","coordinates":[[-112.08703,33.46272],[-112.08704,33.46374]]}},{"type":"Feature","properties":{"name":"West Culver Street","highway":"residential","osm":"way/1327924212"},"geometry":{"type":"LineString","coordinates":[[-112.08277,33.46274],[-112.08703,33.46272]]}},{"type":"Feature","properties":{"name":"North 11th Avenue","highway":"residential","osm":"way/1327924213"},"geometry":{"type":"LineString","coordinates":[[-112.087,33.46177],[-112.08703,33.46272]]}},{"type":"Feature","properties":{"name":null,"highway":"motorway_link","osm":"way/1329028797"},"geometry":{"type":"LineString","coordinates":[[-112.01966,33.42039],[-112.01748,33.4178]]}},{"type":"Feature","properties":{"name":null,"highway":"motorway_link","osm":"way/1329028798"},"geometry":{"type":"LineString","coordinates":[[-112.01998,33.42085],[-112.01966,33.42039]]}},{"type":"Feature","properties":{"name":null,"highway":"motorway_link","osm":"way/1329028799"},"geometry":{"type":"LineString","coordinates":[[-112.01748,33.4178],[-112.01645,33.41673]]}},{"type":"Feature","properties":{"name":"East Colter Street","highway":"tertiary","osm":"way/1331405286"},"geometry":{"type":"LineString","coordinates":[[-112.05626,33.51287],[-112.05405,33.51288]]}},{"type":"Feature","properties":{"name":"West Madison Street","highway":"residential","osm":"way/1331959083"},"geometry":{"type":"LineString","coordinates":[[-112.0777,33.44607],[-112.08175,33.44605]]}},{"type":"Feature","properties":{"name":"West Madison Street","highway":"residential","osm":"way/1331959084"},"geometry":{"type":"LineString","coordinates":[[-112.08175,33.44605],[-112.0833,33.44603]]}},{"type":"Feature","properties":{"name":"South 7th Avenue","highway":"residential","osm":"way/1331959704"},"geometry":{"type":"LineString","coordinates":[[-112.08265,33.44233],[-112.08258,33.44144]]}},{"type":"Feature","properties":{"name":"South 1st Avenue","highway":"secondary","osm":"way/1331960194"},"geometry":{"type":"LineString","coordinates":[[-112.075,33.44321],[-112.07507,33.44296]]}},{"type":"Feature","properties":{"name":"South 3rd Street","highway":"residential","osm":"way/1331960829"},"geometry":{"type":"LineString","coordinates":[[-112.06994,33.44505],[-112.06993,33.4437]]}},{"type":"Feature","properties":{"name":"East Sky Harbor Circle South","highway":"tertiary","osm":"way/1331963641"},"geometry":{"type":"LineString","coordinates":[[-112.04022,33.43132],[-112.03885,33.43132]]}},{"type":"Feature","properties":{"name":"East Sky Harbor Circle South","highway":"tertiary","osm":"way/1331963642"},"geometry":{"type":"LineString","coordinates":[[-112.0364,33.43134],[-112.03606,33.43136]]}},{"type":"Feature","properties":{"name":"East Sky Harbor Circle North","highway":"tertiary","osm":"way/1331964479"},"geometry":{"type":"LineString","coordinates":[[-112.03897,33.44125],[-112.03627,33.44124]]}},{"type":"Feature","properties":{"name":"South 24th Street","highway":"secondary","osm":"way/1331967411"},"geometry":{"type":"LineString","coordinates":[[-112.03475,33.4385],[-112.03475,33.43753]]}},{"type":"Feature","properties":{"name":"South 42nd Street","highway":"unclassified","osm":"way/1332820406"},"geometry":{"type":"LineString","coordinates":[[-111.98784,33.43678],[-111.98786,33.43684]]}},{"type":"Feature","properties":{"name":"South 42nd Street","highway":"unclassified","osm":"way/1332820407"},"geometry":{"type":"LineString","coordinates":[[-111.98816,33.43777],[-111.98816,33.43793]]}},{"type":"Feature","properties":{"name":"North 14th Street","highway":"residential","osm":"way/1336067490"},"geometry":{"type":"LineString","coordinates":[[-112.05191,33.50741],[-112.05191,33.50617]]}},{"type":"Feature","properties":{"name":"North 14th Place","highway":"residential","osm":"way/1336067491"},"geometry":{"type":"LineString","coordinates":[[-112.05079,33.50559],[-112.05079,33.50475]]}},{"type":"Feature","properties":{"name":"Papago Freeway","highway":"motorway","osm":"way/1340002799"},"geometry":{"type":"LineString","coordinates":[[-112.03759,33.44111],[-112.0376,33.441]]}},{"type":"Feature","properties":{"name":"Papago Freeway","highway":"motorway","osm":"way/1340003715"},"geometry":{"type":"LineString","coordinates":[[-112.0897,33.46136],[-112.08852,33.46124]]}},{"type":"Feature","properties":{"name":"Papago Freeway","highway":"motorway","osm":"way/1340004272"},"geometry":{"type":"LineString","coordinates":[[-112.03711,33.44854],[-112.03711,33.44897]]}},{"type":"Feature","properties":{"name":null,"highway":"motorway_link","osm":"way/1340005485"},"geometry":{"type":"LineString","coordinates":[[-112.03762,33.45116],[-112.03767,33.45102]]}},{"type":"Feature","properties":{"name":"Papago Freeway","highway":"motorway","osm":"way/1340005486"},"geometry":{"type":"LineString","coordinates":[[-112.03756,33.45167],[-112.03757,33.4513]]}},{"type":"Feature","properties":{"name":"East Sherman Street","highway":"residential","osm":"way/1340033531"},"geometry":{"type":"LineString","coordinates":[[-112.06528,33.43993],[-112.06509,33.43993]]}},{"type":"Feature","properties":{"name":"South 11th Avenue","highway":"residential","osm":"way/1340867634"},"geometry":{"type":"LineString","coordinates":[[-112.08694,33.43781],[-112.08694,33.43678]]}},{"type":"Feature","properties":{"name":"South 11th Avenue","highway":"residential","osm":"way/1340867635"},"geometry":{"type":"LineString","coordinates":[[-112.08685,33.43678],[-112.08685,33.43816]]}},{"type":"Feature","properties":{"name":"North 17th Avenue","highway":"residential","osm":"way/1341017799"},"geometry":{"type":"LineString","coordinates":[[-112.09565,33.50964],[-112.09562,33.51318]]}},{"type":"Feature","properties":{"name":"North 13th Avenue","highway":"residential","osm":"way/1341339973"},"geometry":{"type":"LineString","coordinates":[[-112.08917,33.46223],[-112.08922,33.46584]]}},{"type":"Feature","properties":{"name":"West Portland Street","highway":"residential","osm":"way/1341605456"},"geometry":{"type":"LineString","coordinates":[[-112.08021,33.45968],[-112.08254,33.45969]]}},{"type":"Feature","properties":{"name":"West Coronado Road","highway":"residential","osm":"way/1341607264"},"geometry":{"type":"LineString","coordinates":[[-112.07607,33.46763],[-112.08273,33.46767]]}},{"type":"Feature","properties":{"name":"West Turney Avenue","highway":"residential","osm":"way/1341610293"},"geometry":{"type":"LineString","coordinates":[[-112.07389,33.50024],[-112.07813,33.50027]]}},{"type":"Feature","properties":{"name":"West Turney Avenue","highway":"residential","osm":"way/1341610294"},"geometry":{"type":"LineString","coordinates":[[-112.07813,33.50027],[-112.08251,33.50028]]}},{"type":"Feature","properties":{"name":"West Campbell Avenue","highway":"tertiary","osm":"way/1341616958"},"geometry":{"type":"LineString","coordinates":[[-112.08245,33.50355],[-112.08392,33.50338],[-112.08512,33.50273],[-112.08802,33.50172],[-112.09019,33.50219],[-112.09128,33.50221]]}},{"type":"Feature","properties":{"name":"East Garfield Street","highway":"residential","osm":"way/1341631808"},"geometry":{"type":"LineString","coordinates":[[-112.06524,33.45757],[-112.06207,33.45753]]}},{"type":"Feature","properties":{"name":"East McKinley Street","highway":"residential","osm":"way/1341639899"},"geometry":{"type":"LineString","coordinates":[[-112.05265,33.45677],[-112.05213,33.45677]]}},{"type":"Feature","properties":{"name":"East McKinley Street","highway":"residential","osm":"way/1341639900"},"geometry":{"type":"LineString","coordinates":[[-112.05213,33.45677],[-112.04766,33.45678]]}},{"type":"Feature","properties":{"name":"North 3rd Avenue","highway":"tertiary","osm":"way/1342128720"},"geometry":{"type":"LineString","coordinates":[[-112.07824,33.47009],[-112.07819,33.4729]]}},{"type":"Feature","properties":{"name":"East Brill Street","highway":"residential","osm":"way/1342217085"},"geometry":{"type":"LineString","coordinates":[[-112.05403,33.46472],[-112.04771,33.46474]]}},{"type":"Feature","properties":{"name":"West Campbell Avenue","highway":"tertiary","osm":"way/1349911443"},"geometry":{"type":"LineString","coordinates":[[-112.08027,33.50208],[-112.08186,33.50209]]}},{"type":"Feature","properties":{"name":null,"highway":"residential","osm":"way/1350943522"},"geometry":{"type":"LineString","coordinates":[[-112.05196,33.51215],[-112.05196,33.51271]]}},{"type":"Feature","properties":{"name":"North 7th Avenue","highway":"secondary","osm":"way/1354597365"},"geometry":{"type":"LineString","coordinates":[[-112.0832,33.48651],[-112.0832,33.48653]]}},{"type":"Feature","properties":{"name":"North 7th Avenue","highway":"secondary","osm":"way/1354597366"},"geometry":{"type":"LineString","coordinates":[[-112.0832,33.48664],[-112.08321,33.48713]]}},{"type":"Feature","properties":{"name":"North 7th Avenue","highway":"secondary","osm":"way/1354597367"},"geometry":{"type":"LineString","coordinates":[[-112.0832,33.48653],[-112.0832,33.48664]]}},{"type":"Feature","properties":{"name":"North 17th Street","highway":"residential","osm":"way/1357700247"},"geometry":{"type":"LineString","coordinates":[[-112.04551,33.46577],[-112.04552,33.46623]]}},{"type":"Feature","properties":{"name":"West Washington Street","highway":"primary","osm":"way/1359813235"},"geometry":{"type":"LineString","coordinates":[[-111.99003,33.44806],[-111.98977,33.44805]]}},{"type":"Feature","properties":{"name":"East Thomas Road","highway":"secondary","osm":"way/1363935192"},"geometry":{"type":"LineString","coordinates":[[-112.07185,33.48025],[-112.07166,33.48025]]}},{"type":"Feature","properties":{"name":"East Thomas Road","highway":"secondary","osm":"way/1363935193"},"geometry":{"type":"LineString","coordinates":[[-112.07166,33.48025],[-112.07012,33.48024]]}},{"type":"Feature","properties":{"name":"East Thomas Road","highway":"secondary","osm":"way/1364791313"},"geometry":{"type":"LineString","coordinates":[[-112.04709,33.48023],[-112.04679,33.48023]]}},{"type":"Feature","properties":{"name":"East Thomas Road","highway":"secondary","osm":"way/1364791315"},"geometry":{"type":"LineString","coordinates":[[-112.04673,33.48023],[-112.04293,33.48025]]}},{"type":"Feature","properties":{"name":"East Thomas Road","highway":"secondary","osm":"way/1364791316"},"geometry":{"type":"LineString","coordinates":[[-112.04742,33.48022],[-112.04709,33.48023]]}},{"type":"Feature","properties":{"name":"East Buchanan Street","highway":"residential","osm":"way/1365435135"},"geometry":{"type":"LineString","coordinates":[[-112.06617,33.4432],[-112.06566,33.44323],[-112.06553,33.44394],[-112.06518,33.44396],[-112.06517,33.44261],[-112.06452,33.44246]]}},{"type":"Feature","properties":{"name":"South 3rd Street","highway":"residential","osm":"way/1365435136"},"geometry":{"type":"LineString","coordinates":[[-112.06993,33.4432],[-112.06993,33.44219]]}},{"type":"Feature","properties":{"name":"24th Street Station Roadway","highway":"unclassified","osm":"way/1366625139"},"geometry":{"type":"LineString","coordinates":[[-112.0303,33.43544],[-112.03019,33.43544]]}},{"type":"Feature","properties":{"name":"Copperhead Drive","highway":"unclassified","osm":"way/1366625140"},"geometry":{"type":"LineString","coordinates":[[-112.03018,33.43568],[-112.03018,33.43646]]}},{"type":"Feature","properties":{"name":"East Gateway Drive","highway":"residential","osm":"way/1366728944"},"geometry":{"type":"LineString","coordinates":[[-111.99906,33.44893],[-111.9991,33.45127]]}},{"type":"Feature","properties":{"name":"South 28th Street","highway":"unclassified","osm":"way/1367419384"},"geometry":{"type":"LineString","coordinates":[[-112.02137,33.41567],[-112.02136,33.41546]]}},{"type":"Feature","properties":{"name":"South 28th Street","highway":"unclassified","osm":"way/1367419385"},"geometry":{"type":"LineString","coordinates":[[-112.02136,33.41546],[-112.02131,33.41443]]}},{"type":"Feature","properties":{"name":"South 1st Avenue","highway":"unclassified","osm":"way/1370909665"},"geometry":{"type":"LineString","coordinates":[[-112.07511,33.44184],[-112.07516,33.44115]]}},{"type":"Feature","properties":{"name":"East Lincoln Street","highway":"secondary","osm":"way/1378298789"},"geometry":{"type":"LineString","coordinates":[[-112.06617,33.44218],[-112.06547,33.44217]]}},{"type":"Feature","properties":{"name":"South 44th Street","highway":"unclassified","osm":"way/1391230187"},"geometry":{"type":"LineString","coordinates":[[-111.98692,33.41919],[-111.98692,33.41825]]}},{"type":"Feature","properties":{"name":"South 44th Street","highway":"unclassified","osm":"way/1391230188"},"geometry":{"type":"LineString","coordinates":[[-111.98692,33.41772],[-111.98692,33.41714]]}},{"type":"Feature","properties":{"name":"South 44th Street","highway":"unclassified","osm":"way/1391230189"},"geometry":{"type":"LineString","coordinates":[[-111.98692,33.41825],[-111.98692,33.41772]]}},{"type":"Feature","properties":{"name":null,"highway":"primary_link","osm":"way/1393336310"},"geometry":{"type":"LineString","coordinates":[[-112.0738,33.44608],[-112.0738,33.44661]]}},{"type":"Feature","properties":{"name":"South Central Avenue","highway":"secondary","osm":"way/1393336311"},"geometry":{"type":"LineString","coordinates":[[-112.07375,33.44608],[-112.07376,33.44661]]}},{"type":"Feature","properties":{"name":null,"highway":"primary_link","osm":"way/1393336312"},"geometry":{"type":"LineString","coordinates":[[-112.0738,33.44661],[-112.07382,33.44716]]}},{"type":"Feature","properties":{"name":"South Central Avenue","highway":"secondary","osm":"way/1393336313"},"geometry":{"type":"LineString","coordinates":[[-112.07379,33.44554],[-112.07375,33.44608]]}},{"type":"Feature","properties":{"name":null,"highway":"secondary_link","osm":"way/1393336314"},"geometry":{"type":"LineString","coordinates":[[-112.07386,33.44218],[-112.07385,33.4432]]}},{"type":"Feature","properties":{"name":null,"highway":"secondary_link","osm":"way/1393336315"},"geometry":{"type":"LineString","coordinates":[[-112.07382,33.44035],[-112.07382,33.44115]]}},{"type":"Feature","properties":{"name":null,"highway":"secondary_link","osm":"way/1393336317"},"geometry":{"type":"LineString","coordinates":[[-112.07373,33.43907],[-112.07382,33.44035]]}},{"type":"Feature","properties":{"name":"South Central Avenue","highway":"secondary","osm":"way/1394648206"},"geometry":{"type":"LineString","coordinates":[[-112.07374,33.4432],[-112.07375,33.44348]]}},{"type":"Feature","properties":{"name":"North 16th Avenue","highway":"residential","osm":"way/1413239049"},"geometry":{"type":"LineString","coordinates":[[-112.09345,33.46223],[-112.09345,33.46228]]}},{"type":"Feature","properties":{"name":"North 5th Avenue","highway":"tertiary","osm":"way/1413436874"},"geometry":{"type":"LineString","coordinates":[[-112.08118,33.48128],[-112.08055,33.48073]]}},{"type":"Feature","properties":{"name":"North 5th Avenue","highway":"tertiary","osm":"way/1413436876"},"geometry":{"type":"LineString","coordinates":[[-112.0811,33.48135],[-112.08131,33.482]]}},{"type":"Feature","properties":{"name":"West Washington Street","highway":"secondary","osm":"way/1420653953"},"geometry":{"type":"LineString","coordinates":[[-112.07371,33.4482],[-112.07389,33.44821]]}},{"type":"Feature","properties":{"name":"North Central Avenue","highway":"primary","osm":"way/1420653955"},"geometry":{"type":"LineString","coordinates":[[-112.07368,33.44832],[-112.07378,33.44838]]}},{"type":"Feature","properties":{"name":"West Roosevelt Street","highway":"tertiary","osm":"way/1420664402"},"geometry":{"type":"LineString","coordinates":[[-112.0738,33.45866],[-112.07388,33.45866]]}},{"type":"Feature","properties":{"name":"North Central Avenue","highway":"primary","osm":"way/1420664403"},"geometry":{"type":"LineString","coordinates":[[-112.07393,33.45836],[-112.07393,33.45852]]}},{"type":"Feature","properties":{"name":"East Palm Lane","highway":"residential","osm":"way/1420664404"},"geometry":{"type":"LineString","coordinates":[[-112.07382,33.46943],[-112.0738,33.46943]]}},{"type":"Feature","properties":{"name":"West Virginia Avenue","highway":"tertiary","osm":"way/1420664405"},"geometry":{"type":"LineString","coordinates":[[-112.07394,33.47664],[-112.07383,33.47664]]}},{"type":"Feature","properties":{"name":"North 7th Avenue","highway":"secondary","osm":"way/1420954668"},"geometry":{"type":"LineString","coordinates":[[-112.08266,33.46608],[-112.08267,33.46665]]}},{"type":"Feature","properties":{"name":"East Portland Street","highway":"residential","osm":"way/1424906434"},"geometry":{"type":"LineString","coordinates":[[-112.06564,33.45996],[-112.06532,33.45996]]}},{"type":"Feature","properties":{"name":"South 1st Avenue","highway":"residential","osm":"way/1430477368"},"geometry":{"type":"LineString","coordinates":[[-112.07517,33.44608],[-112.07518,33.44503]]}},{"type":"Feature","properties":{"name":"West Madison Street","highway":"residential","osm":"way/1430477369"},"geometry":{"type":"LineString","coordinates":[[-112.07472,33.44608],[-112.07501,33.44608]]}},{"type":"Feature","properties":{"name":null,"highway":"residential","osm":"way/1430797359"},"geometry":{"type":"LineString","coordinates":[[-112.0739,33.45242],[-112.07466,33.45241]]}},{"type":"Feature","properties":{"name":"North 7th Avenue","highway":"secondary","osm":"way/1434808786"},"geometry":{"type":"LineString","coordinates":[[-112.08259,33.45173],[-112.08258,33.4521]]}},{"type":"Feature","properties":{"name":"West Grant Street","highway":"residential","osm":"way/1458776316"},"geometry":{"type":"LineString","coordinates":[[-112.07516,33.44115],[-112.0738,33.44115]]}},{"type":"Feature","properties":{"name":"South 3rd Avenue","highway":"residential","osm":"way/1458776317"},"geometry":{"type":"LineString","coordinates":[[-112.07726,33.44115],[-112.07726,33.4401]]}},{"type":"Feature","properties":{"name":"West Sherman Street","highway":"residential","osm":"way/1458776320"},"geometry":{"type":"LineString","coordinates":[[-112.07943,33.44011],[-112.08255,33.44012]]}},{"type":"Feature","properties":{"name":"West Sherman Street","highway":"residential","osm":"way/1458776327"},"geometry":{"type":"LineString","coordinates":[[-112.07573,33.4401],[-112.07726,33.4401]]}},{"type":"Feature","properties":{"name":"West Sherman Street","highway":"residential","osm":"way/1458776328"},"geometry":{"type":"LineString","coordinates":[[-112.07726,33.4401],[-112.07836,33.44011]]}},{"type":"Feature","properties":{"name":"West Sherman Street","highway":"residential","osm":"way/1458776330"},"geometry":{"type":"LineString","coordinates":[[-112.07836,33.44011],[-112.07943,33.44011]]}},{"type":"Feature","properties":{"name":"South 6th Avenue","highway":"residential","osm":"way/1458776333"},"geometry":{"type":"LineString","coordinates":[[-112.08153,33.44108],[-112.08152,33.44011]]}},{"type":"Feature","properties":{"name":"West Hadley Street","highway":"residential","osm":"way/1458776334"},"geometry":{"type":"LineString","coordinates":[[-112.07443,33.43908],[-112.07388,33.43907]]}},{"type":"Feature","properties":{"name":"West Hadley Street","highway":"residential","osm":"way/1458776335"},"geometry":{"type":"LineString","coordinates":[[-112.07512,33.43908],[-112.07443,33.43908]]}},{"type":"Feature","properties":{"name":"South 5th Street","highway":"residential","osm":"way/1458776348"},"geometry":{"type":"LineString","coordinates":[[-112.06753,33.44397],[-112.06744,33.44319]]}},{"type":"Feature","properties":{"name":"West Grant Street","highway":"residential","osm":"way/1458776352"},"geometry":{"type":"LineString","coordinates":[[-112.07622,33.44115],[-112.07516,33.44115]]}},{"type":"Feature","properties":{"name":"East Buchanan Street","highway":"residential","osm":"way/1458918988"},"geometry":{"type":"LineString","coordinates":[[-112.06993,33.4432],[-112.06617,33.4432]]}},{"type":"Feature","properties":{"name":"East Buchanan Street","highway":"residential","osm":"way/1458918989"},"geometry":{"type":"LineString","coordinates":[[-112.07379,33.4432],[-112.07252,33.4432]]}},{"type":"Feature","properties":{"name":"West Jefferson Street","highway":"secondary","osm":"way/1458918994"},"geometry":{"type":"LineString","coordinates":[[-112.07607,33.44719],[-112.07585,33.44718]]}},{"type":"Feature","properties":{"name":"South 5th Avenue","highway":"residential","osm":"way/1458919006"},"geometry":{"type":"LineString","coordinates":[[-112.08018,33.44503],[-112.08018,33.44436]]}},{"type":"Feature","properties":{"name":"West Indian School Road","highway":"secondary","osm":"way/1461266560"},"geometry":{"type":"LineString","coordinates":[[-112.09218,33.49495],[-112.09202,33.49494]]}},{"type":"Feature","properties":{"name":"West Indian School Road","highway":"secondary","osm":"way/1461266563"},"geometry":{"type":"LineString","coordinates":[[-112.09189,33.49494],[-112.09133,33.49494]]}},{"type":"Feature","properties":{"name":"West Indian School Road","highway":"secondary","osm":"way/1461266564"},"geometry":{"type":"LineString","coordinates":[[-112.09253,33.49495],[-112.09218,33.49495]]}},{"type":"Feature","properties":{"name":"East Jefferson Street","highway":"primary","osm":"way/1462986248"},"geometry":{"type":"LineString","coordinates":[[-112.07131,33.44683],[-112.07061,33.44659]]}},{"type":"Feature","properties":{"name":"East Jefferson Street","highway":"primary","osm":"way/1462986249"},"geometry":{"type":"LineString","coordinates":[[-112.07377,33.44716],[-112.07315,33.44716]]}},{"type":"Feature","properties":{"name":"East Jefferson Street","highway":"primary","osm":"way/1462986250"},"geometry":{"type":"LineString","coordinates":[[-112.07382,33.44716],[-112.07377,33.44716]]}},{"type":"Feature","properties":{"name":null,"highway":"residential","osm":"way/1462986251"},"geometry":{"type":"LineString","coordinates":[[-112.07466,33.45241],[-112.07519,33.45241]]}},{"type":"Feature","properties":{"name":"East Washington Street","highway":"primary","osm":"way/1470293747"},"geometry":{"type":"LineString","coordinates":[[-112.06581,33.44822],[-112.06631,33.44822]]}},{"type":"Feature","properties":{"name":"East Jefferson Street","highway":"primary","osm":"way/1470312995"},"geometry":{"type":"LineString","coordinates":[[-112.06198,33.44721],[-112.06111,33.44724]]}},{"type":"Feature","properties":{"name":"East Buckeye Road","highway":"secondary","osm":"way/1474300110"},"geometry":{"type":"LineString","coordinates":[[-112.03028,33.43672],[-112.03018,33.43672]]}},{"type":"Feature","properties":{"name":"East Sky Harbor Boulevard","highway":"motorway","osm":"way/1474300111"},"geometry":{"type":"LineString","coordinates":[[-112.02306,33.43778],[-112.02379,33.43778]]}},{"type":"Feature","properties":{"name":null,"highway":"primary_link","osm":"way/1474300112"},"geometry":{"type":"LineString","coordinates":[[-111.9859,33.43626],[-111.98415,33.43639]]}},{"type":"Feature","properties":{"name":"East Buckeye Road","highway":"secondary","osm":"way/1474300113"},"geometry":{"type":"LineString","coordinates":[[-112.03018,33.43682],[-112.03028,33.43682]]}},{"type":"Feature","properties":{"name":"West Indian School Road","highway":"secondary","osm":"way/1479295303"},"geometry":{"type":"LineString","coordinates":[[-112.075,33.49482],[-112.07492,33.49482]]}},{"type":"Feature","properties":{"name":"South 3rd Street","highway":"residential","osm":"way/1480459412"},"geometry":{"type":"LineString","coordinates":[[-112.06995,33.44787],[-112.06996,33.44641]]}},{"type":"Feature","properties":{"name":"Maricopa Freeway","highway":"motorway","osm":"way/1482132649"},"geometry":{"type":"LineString","coordinates":[[-112.01998,33.42085],[-112.01957,33.42043]]}},{"type":"Feature","properties":{"name":"East Washington Street","highway":"primary","osm":"way/1486206034"},"geometry":{"type":"LineString","coordinates":[[-111.98862,33.4483],[-111.98897,33.4483]]}},{"type":"Feature","properties":{"name":"East Washington Street","highway":"primary","osm":"way/1486206035"},"geometry":{"type":"LineString","coordinates":[[-111.98897,33.4483],[-111.98946,33.44828]]}},{"type":"Feature","properties":{"name":"East Air Lane","highway":"residential","osm":"way/1493520193"},"geometry":{"type":"LineString","coordinates":[[-112.02972,33.44398],[-112.03031,33.44401]]}},{"type":"Feature","properties":{"name":"North 5th Avenue","highway":"tertiary","osm":"way/1493522134"},"geometry":{"type":"LineString","coordinates":[[-112.08046,33.47355],[-112.08021,33.47266],[-112.08028,33.46811]]}},{"type":"Feature","properties":{"name":"North 5th Avenue","highway":"tertiary","osm":"way/1493522135"},"geometry":{"type":"LineString","coordinates":[[-112.08044,33.47411],[-112.08046,33.47355]]}},{"type":"Feature","properties":{"name":"North 16th Street","highway":"secondary","osm":"way/1494658262"},"geometry":{"type":"LineString","coordinates":[[-112.04756,33.51309],[-112.04756,33.51336]]}},{"type":"Feature","properties":{"name":"North 20th Street","highway":"tertiary","osm":"way/1499483937"},"geometry":{"type":"LineString","coordinates":[[-112.039,33.45186],[-112.039,33.45195]]}},{"type":"Feature","properties":{"name":"North 20th Street","highway":"tertiary","osm":"way/1499483938"},"geometry":{"type":"LineString","coordinates":[[-112.03899,33.45142],[-112.039,33.45186]]}},{"type":"Feature","properties":{"name":"South 3rd Avenue","highway":"residential","osm":"way/1512014896"},"geometry":{"type":"LineString","coordinates":[[-112.0777,33.44503],[-112.07769,33.444]]}},{"type":"Feature","properties":{"name":"Papago Freeway","highway":"motorway","osm":"way/1517843703"},"geometry":{"type":"LineString","coordinates":[[-112.07811,33.46184],[-112.07823,33.46183]]}},{"type":"Feature","properties":{"name":null,"highway":"motorway_link","osm":"way/1517843705"},"geometry":{"type":"LineString","coordinates":[[-112.06815,33.46287],[-112.06873,33.46278]]}},{"type":"Feature","properties":{"name":null,"highway":"motorway_link","osm":"way/1517843706"},"geometry":{"type":"LineString","coordinates":[[-112.06873,33.46278],[-112.06923,33.46267]]}},{"type":"Feature","properties":{"name":"South 1st Avenue","highway":"secondary","osm":"way/1517856351"},"geometry":{"type":"LineString","coordinates":[[-112.0751,33.4422],[-112.07511,33.44184]]}},{"type":"Feature","properties":{"name":"South Central Avenue","highway":"secondary","osm":"way/1517856352"},"geometry":{"type":"LineString","coordinates":[[-112.07377,33.44703],[-112.07377,33.44716]]}},{"type":"Feature","properties":{"name":null,"highway":"primary_link","osm":"way/1517856356"},"geometry":{"type":"LineString","coordinates":[[-112.07376,33.44661],[-112.0738,33.44661]]}},{"type":"Feature","properties":{"name":"West Washington Street","highway":"secondary","osm":"way/1517856357"},"geometry":{"type":"LineString","coordinates":[[-112.07427,33.44822],[-112.07445,33.44822]]}},{"type":"Feature","properties":{"name":"North 3rd Avenue","highway":"tertiary","osm":"way/1517856359"},"geometry":{"type":"LineString","coordinates":[[-112.07771,33.44824],[-112.07771,33.44931]]}},{"type":"Feature","properties":{"name":"West Encanto Boulevard","highway":"residential","osm":"way/1517856360"},"geometry":{"type":"LineString","coordinates":[[-112.07819,33.4729],[-112.07769,33.47298]]}},{"type":"Feature","properties":{"name":"West Encanto Boulevard","highway":"residential","osm":"way/1517856361"},"geometry":{"type":"LineString","coordinates":[[-112.07769,33.47298],[-112.07819,33.47304]]}},{"type":"Feature","properties":{"name":"West Thomas Road","highway":"secondary","osm":"way/1517856362"},"geometry":{"type":"LineString","coordinates":[[-112.07821,33.48028],[-112.07826,33.48029]]}},{"type":"Feature","properties":{"name":"North 7th Street","highway":"primary","osm":"way/1527670951"},"geometry":{"type":"LineString","coordinates":[[-112.06507,33.48924],[-112.06508,33.48932]]}},{"type":"Feature","properties":{"name":"North 7th Street","highway":"primary","osm":"way/1527670952"},"geometry":{"type":"LineString","coordinates":[[-112.06508,33.48932],[-112.06505,33.49461]]}},{"type":"Feature","properties":{"name":"East Whitton Avenue","highway":"residential","osm":"way/1527670953"},"geometry":{"type":"LineString","coordinates":[[-112.06524,33.48932],[-112.06945,33.48935]]}},{"type":"Feature","properties":{"name":"North 7th Avenue","highway":"secondary","osm":"way/1529943147"},"geometry":{"type":"LineString","coordinates":[[-112.08259,33.45791],[-112.08259,33.45807]]}},{"type":"Feature","properties":{"name":"North 7th Avenue","highway":"secondary","osm":"way/1529943148"},"geometry":{"type":"LineString","coordinates":[[-112.08259,33.45807],[-112.08259,33.45821]]}},{"type":"Feature","properties":{"name":"North 7th Avenue","highway":"secondary","osm":"way/1529943149"},"geometry":{"type":"LineString","coordinates":[[-112.0826,33.45773],[-112.08259,33.45791]]}},{"type":"Feature","properties":{"name":"East Van Buren Street","highway":"primary","osm":"way/1530107240"},"geometry":{"type":"LineString","coordinates":[[-112.06177,33.45135],[-112.06207,33.45135]]}},{"type":"Feature","properties":{"name":"North 7th Street","highway":"primary","osm":"way/1530407410"},"geometry":{"type":"LineString","coordinates":[[-112.06506,33.49536],[-112.06506,33.4955]]}},{"type":"Feature","properties":{"name":"North 7th Street","highway":"primary","osm":"way/1530407411"},"geometry":{"type":"LineString","coordinates":[[-112.06506,33.4955],[-112.06505,33.49808]]}},{"type":"Feature","properties":{"name":"North 7th Street","highway":"primary","osm":"way/1530407412"},"geometry":{"type":"LineString","coordinates":[[-112.06506,33.49529],[-112.06506,33.49536]]}},{"type":"Feature","properties":{"name":null,"highway":"motorway_link","osm":"way/1537312166"},"geometry":{"type":"LineString","coordinates":[[-112.07849,33.46161],[-112.07816,33.46163]]}},{"type":"Feature","properties":{"name":null,"highway":"motorway_link","osm":"way/1537312167"},"geometry":{"type":"LineString","coordinates":[[-112.07989,33.4614],[-112.07961,33.46145]]}},{"type":"Feature","properties":{"name":null,"highway":"motorway_link","osm":"way/1537312168"},"geometry":{"type":"LineString","coordinates":[[-112.0811,33.46117],[-112.08073,33.46124]]}},{"type":"Feature","properties":{"name":null,"highway":"unclassified","osm":"way/1545129563"},"geometry":{"type":"LineString","coordinates":[[-112.07081,33.48567],[-112.07077,33.48532]]}},{"type":"Feature","properties":{"name":null,"highway":"motorway_link","osm":"way/1547352394"},"geometry":{"type":"LineString","coordinates":[[-112.03018,33.43682],[-112.03017,33.43687]]}},{"type":"Feature","properties":{"name":null,"highway":"motorway_link","osm":"way/1547352395"},"geometry":{"type":"LineString","coordinates":[[-112.02431,33.43712],[-112.02323,33.43718]]}},{"type":"Feature","properties":{"name":"East Pierce Street","highway":"residential","osm":"way/1547599207"},"geometry":{"type":"LineString","coordinates":[[-112.07379,33.45555],[-112.0732,33.45555]]}},{"type":"Feature","properties":{"name":null,"highway":"motorway_link","osm":"way/1551563188"},"geometry":{"type":"LineString","coordinates":[[-112.02323,33.43718],[-112.02289,33.43722]]}}]}