{"type":"FeatureCollection","metadata":{"regionId":"yuma","source":"osm","attribution":"Data (c) OpenStreetMap contributors, ODbL, via Overpass API.","fetchedAt":"2026-08-24T12:32:06.311Z"},"features":[{"type":"Feature","properties":{"kind":"water","name":"Canal Álamo Superior","osm":"way/52246263"},"geometry":{"type":"Polygon","coordinates":[[[-114.729618,32.705691],[-114.729732,32.705731],[-114.729958,32.705767],[-114.732077,32.706437],[-114.732721,32.706437],[-114.733643,32.70613],[-114.73418,32.705588],[-114.735253,32.70353],[-114.736648,32.69954],[-114.738021,32.696],[-114.738707,32.694971],[-114.742581,32.68976],[-114.744469,32.686654],[-114.747409,32.682013],[-114.747709,32.681633],[-114.748117,32.68129],[-114.748531,32.680936],[-114.748665,32.680798],[-114.748711,32.680679],[-114.748718,32.680532],[-114.751722,32.676269],[-114.760519,32.66377],[-114.760906,32.663101],[-114.761807,32.662361],[-114.762794,32.661728],[-114.764489,32.660572],[-114.773394,32.654502],[-114.780303,32.649913],[-114.78541,32.646426],[-114.820854,32.622545],[-114.82123,32.623051],[-114.790077,32.644033],[-114.764993,32.660925],[-114.762719,32.662425],[-114.762311,32.662786],[-114.76186,32.66322],[-114.761195,32.663906],[-114.760466,32.66499],[-114.749372,32.680722],[-114.749222,32.680885],[-114.749118,32.680986],[-114.749003,32.68116],[-114.748914,32.681273],[-114.748952,32.681401],[-114.749286,32.681589],[-114.74945,32.681664],[-114.749994,32.681914],[-114.749825,32.682181],[-114.749683,32.682388],[-114.749305,32.68221],[-114.749122,32.682124],[-114.749051,32.682212],[-114.748979,32.682207],[-114.748909,32.682314],[-114.749587,32.682631],[-114.749552,32.682692],[-114.749501,32.682765],[-114.7492,32.682601],[-114.748919,32.682463],[-114.748773,32.682415],[-114.748428,32.682492],[-114.748127,32.682854],[-114.74405,32.689535],[-114.742377,32.691811],[-114.740875,32.693797],[-114.73948,32.695621],[-114.739008,32.696506],[-114.738064,32.698944],[-114.737248,32.701147],[-114.736378,32.703393],[-114.736326,32.70353],[-114.735553,32.70548],[-114.735179,32.706008],[-114.734845,32.706455],[-114.734507,32.706791],[-114.734094,32.707069],[-114.733343,32.707195],[-114.73227,32.707232],[-114.731283,32.707105],[-114.730612,32.706892],[-114.72957,32.706458],[-114.729425,32.706418],[-114.729275,32.706364],[-114.729618,32.705691]]]}},{"type":"Feature","properties":{"kind":"water","name":"Alamo Canal","osm":"way/52248805"},"geometry":{"type":"Polygon","coordinates":[[[-114.718658,32.728047],[-114.71839,32.728228],[-114.718358,32.728814],[-114.718264,32.729031],[-114.718111,32.729238],[-114.718118,32.729351],[-114.718034,32.729441],[-114.717924,32.72959],[-114.717718,32.729842],[-114.717462,32.730118],[-114.717196,32.730434],[-114.716718,32.73104],[-114.71641,32.731464],[-114.71631,32.731629],[-114.716125,32.73188],[-114.715948,32.73211],[-114.71575,32.732331],[-114.715482,32.732522],[-114.715371,32.732611],[-114.715202,32.732579],[-114.715024,32.732561],[-114.714949,32.732487],[-114.714855,32.732439],[-114.714801,32.732389],[-114.7148,32.73233],[-114.71481,32.732276],[-114.717242,32.728742],[-114.717425,32.728471],[-114.717553,32.7283],[-114.718068,32.727941],[-114.718508,32.727578],[-114.719088,32.726919],[-114.719549,32.726413],[-114.720214,32.72589],[-114.720418,32.725628],[-114.721587,32.724292],[-114.722456,32.723182],[-114.723047,32.722469],[-114.723755,32.721846],[-114.724098,32.721422],[-114.724516,32.721178],[-114.724688,32.721097],[-114.724774,32.72107],[-114.724913,32.720971],[-114.724935,32.72087],[-114.724908,32.720606],[-114.72493,32.720477],[-114.72511,32.720101],[-114.725249,32.719992],[-114.725371,32.719944],[-114.725505,32.719923],[-114.725575,32.719936],[-114.725651,32.719955],[-114.725674,32.719938],[-114.7256,32.7199],[-114.725435,32.719814],[-114.72538,32.719728],[-114.725992,32.718834],[-114.726059,32.718807],[-114.726166,32.71856],[-114.726254,32.718473],[-114.726327,32.718443],[-114.726896,32.71842],[-114.726905,32.718443],[-114.7269,32.718465],[-114.726875,32.718509],[-114.72684,32.71855],[-114.726795,32.718592],[-114.726737,32.718636],[-114.72667,32.718721],[-114.72666,32.71878],[-114.726623,32.718855],[-114.726564,32.718941],[-114.726521,32.718982],[-114.726513,32.71905],[-114.726523,32.719095],[-114.726495,32.719129],[-114.726488,32.719188],[-114.726425,32.71928],[-114.72638,32.719384],[-114.726338,32.719483],[-114.726236,32.71962],[-114.726198,32.719727],[-114.726158,32.719727],[-114.726123,32.71975],[-114.726137,32.719776],[-114.726148,32.719835],[-114.726094,32.71996],[-114.726026,32.720014],[-114.725977,32.720017],[-114.725878,32.720014],[-114.725882,32.720049],[-114.72592,32.720098],[-114.725871,32.720238],[-114.725822,32.720383],[-114.725702,32.720516],[-114.725585,32.720606],[-114.725496,32.720712],[-114.725399,32.720842],[-114.725297,32.720951],[-114.725206,32.721102],[-114.725166,32.721108],[-114.72513,32.721097],[-114.725081,32.721192],[-114.72503,32.721221],[-114.725026,32.721316],[-114.724915,32.721419],[-114.724899,32.721491],[-114.724859,32.721531],[-114.724836,32.721573],[-114.724726,32.721665],[-114.724734,32.721721],[-114.724631,32.721823],[-114.724594,32.721877],[-114.724507,32.721898],[-114.72442,32.721993],[-114.724395,32.722104],[-114.724279,32.722255],[-114.724103,32.722491],[-114.723965,32.722691],[-114.723866,32.722822],[-114.72382,32.722858],[-114.723772,32.722862],[-114.723729,32.722885],[-114.723704,32.722932],[-114.723711,32.722969],[-114.723657,32.72305],[-114.723587,32.723134],[-114.723494,32.723242],[-114.723398,32.723313],[-114.723386,32.723361],[-114.72338,32.723404],[-114.723322,32.723483],[-114.72325,32.72356],[-114.723168,32.723658],[-114.723097,32.723744],[-114.723023,32.723837],[-114.722908,32.723954],[-114.722825,32.724048],[-114.722786,32.724061],[-114.722743,32.724096],[-114.722711,32.724166],[-114.722561,32.724351],[-114.722468,32.724481],[-114.722358,32.724617],[-114.722254,32.724762],[-114.722167,32.72486],[-114.722123,32.724929],[-114.722083,32.724938],[-114.722061,32.724949],[-114.722035,32.724994],[-114.722034,32.725035],[-114.721906,32.725189],[-114.721859,32.725245],[-114.721847,32.725291],[-114.72175,32.725359],[-114.72166,32.725476],[-114.721559,32.725602],[-114.721424,32.725737],[-114.721392,32.725745],[-114.721351,32.725771],[-114.721324,32.725844],[-114.721209,32.725967],[-114.72114,32.726043],[-114.721075,32.726065],[-114.721013,32.72602],[-114.720975,32.72597],[-114.720939,32.725949],[-114.720902,32.725929],[-114.720899,32.725883],[-114.72089,32.725809],[-114.720877,32.725753],[-114.720848,32.725735],[-114.720794,32.725734],[-114.720763,32.725743],[-114.720736,32.725766],[-114.720698,32.725798],[-114.7206,32.725843],[-114.720535,32.725855],[-114.720367,32.725892],[-114.720287,32.725954],[-114.720139,32.72607],[-114.72023,32.726214],[-114.720261,32.726352],[-114.720388,32.726461],[-114.720461,32.726462],[-114.720525,32.726453],[-114.720588,32.726459],[-114.720653,32.726481],[-114.720626,32.726559],[-114.72062,32.726674],[-114.720349,32.726955],[-114.720131,32.727173],[-114.72001,32.727208],[-114.719607,32.727377],[-114.719315,32.727523],[-114.719059,32.727693],[-114.718792,32.727869],[-114.718658,32.728047]]]}},{"type":"Feature","properties":{"kind":"water","name":"Old Channel","osm":"way/52249061"},"geometry":{"type":"Polygon","coordinates":[[[-114.59941,32.728282],[-114.599799,32.728197],[-114.600207,32.728107],[-114.600583,32.727936],[-114.600905,32.727927],[-114.601355,32.727773],[-114.602804,32.727493],[-114.603311,32.727384],[-114.60349,32.727291],[-114.603624,32.72728],[-114.603732,32.727205],[-114.604118,32.726848],[-114.604203,32.726863],[-114.604235,32.727052],[-114.604552,32.727097],[-114.604989,32.727048],[-114.605084,32.727079],[-114.604184,32.72736],[-114.602686,32.727827],[-114.602181,32.728097],[-114.601804,32.728138],[-114.601183,32.72836],[-114.600797,32.728396],[-114.60039,32.728468],[-114.599853,32.728531],[-114.599263,32.728586],[-114.595283,32.728477],[-114.594414,32.728378],[-114.594135,32.728261],[-114.594027,32.727918],[-114.59392,32.727403],[-114.593834,32.727015],[-114.593845,32.726717],[-114.59407,32.726121],[-114.594188,32.725806],[-114.594017,32.725751],[-114.593995,32.725598],[-114.594178,32.725553],[-114.594456,32.72549],[-114.594532,32.725652],[-114.594414,32.725905],[-114.594392,32.726374],[-114.594285,32.727006],[-114.594392,32.727584],[-114.594419,32.727968],[-114.594522,32.728119],[-114.594795,32.728222],[-114.595293,32.728252],[-114.596694,32.728244],[-114.597131,32.728187],[-114.597951,32.72825],[-114.598598,32.728318],[-114.599017,32.728299],[-114.59941,32.728282]]]}},{"type":"Feature","properties":{"kind":"water","name":null,"osm":"way/52505613"},"geometry":{"type":"Polygon","coordinates":[[[-114.667302,32.722025],[-114.666517,32.722093],[-114.665788,32.722138],[-114.665333,32.722161],[-114.665149,32.722164],[-114.665068,32.722174],[-114.664862,32.722206],[-114.66467,32.722229],[-114.664475,32.722272],[-114.664363,32.722282],[-114.664233,32.722308],[-114.664097,32.722337],[-114.664024,32.722342],[-114.663924,32.722349],[-114.66383,32.722362],[-114.66374,32.722386],[-114.659505,32.722898],[-114.658959,32.722941],[-114.657427,32.722969],[-114.656932,32.72296],[-114.652964,32.723049],[-114.650142,32.723102],[-114.649177,32.723181],[-114.648466,32.723225],[-114.648214,32.723219],[-114.647866,32.723263],[-114.645612,32.723417],[-114.643033,32.723599],[-114.633835,32.724227],[-114.633782,32.724199],[-114.633776,32.724123],[-114.633816,32.724047],[-114.633915,32.72404],[-114.634162,32.724024],[-114.641939,32.723517],[-114.643019,32.723441],[-114.650249,32.722935],[-114.650647,32.722927],[-114.658717,32.722794],[-114.659096,32.722769],[-114.659513,32.722739],[-114.662096,32.722413],[-114.662341,32.722363],[-114.663009,32.722287],[-114.663622,32.722207],[-114.664008,32.722169],[-114.664188,32.722153],[-114.664378,32.722134],[-114.66467,32.722095],[-114.66494,32.722063],[-114.665317,32.722004],[-114.671914,32.721528],[-114.672272,32.721441],[-114.672707,32.721165],[-114.673576,32.720573],[-114.673891,32.720315],[-114.674131,32.720155],[-114.67446,32.719977],[-114.675058,32.71975],[-114.675251,32.719669],[-114.676068,32.719049],[-114.677976,32.717575],[-114.678459,32.717223],[-114.678948,32.717017],[-114.680815,32.716391],[-114.681408,32.716229],[-114.682107,32.716103],[-114.682386,32.716013],[-114.682675,32.715869],[-114.682887,32.715674],[-114.683115,32.715363],[-114.68427,32.713384],[-114.684381,32.713224],[-114.684574,32.713124],[-114.684671,32.713079],[-114.684735,32.713106],[-114.684435,32.713377],[-114.683223,32.715471],[-114.682944,32.715842],[-114.682525,32.716103],[-114.682321,32.716203],[-114.681334,32.716374],[-114.678867,32.717196],[-114.677923,32.717755],[-114.675562,32.719624],[-114.675208,32.719858],[-114.674629,32.720057],[-114.674296,32.72021],[-114.673996,32.7204],[-114.673105,32.721077],[-114.672451,32.721474],[-114.672236,32.721609],[-114.672183,32.721664],[-114.672107,32.721664],[-114.667302,32.722025]]]}},{"type":"Feature","properties":{"kind":"water","name":null,"osm":"way/68692256"},"geometry":{"type":"Polygon","coordinates":[[[-114.611482,32.673959],[-114.611417,32.674015],[-114.611352,32.674029],[-114.61132,32.674049],[-114.611239,32.67407],[-114.611215,32.674091],[-114.611186,32.674077],[-114.611141,32.674112],[-114.611117,32.674126],[-114.611085,32.674105],[-114.611044,32.67414],[-114.61102,32.674154],[-114.610939,32.674168],[-114.61072,32.674231],[-114.610687,32.674224],[-114.610639,32.674258],[-114.61046,32.674245],[-114.610419,32.674232],[-114.610366,32.674249],[-114.61033,32.674253],[-114.610264,32.674212],[-114.610264,32.674191],[-114.610313,32.674149],[-114.610345,32.674142],[-114.61041,32.674087],[-114.610556,32.674052],[-114.610605,32.674024],[-114.610735,32.67401],[-114.610893,32.673965],[-114.610929,32.673961],[-114.610954,32.67394],[-114.610978,32.673927],[-114.611059,32.673906],[-114.611108,32.673878],[-114.611177,32.673854],[-114.611221,32.67385],[-114.61131,32.673774],[-114.611367,32.67376],[-114.611448,32.673732],[-114.611521,32.673684],[-114.61157,32.673677],[-114.611594,32.673656],[-114.611659,32.673642],[-114.611716,32.673642],[-114.61174,32.673648],[-114.611789,32.67369],[-114.611773,32.673731],[-114.611757,32.673793],[-114.611709,32.673855],[-114.61166,32.673897],[-114.611555,32.673952],[-114.611498,32.673959],[-114.611482,32.673959]]]}},{"type":"Feature","properties":{"kind":"water","name":null,"osm":"way/68692265"},"geometry":{"type":"Polygon","coordinates":[[[-114.611241,32.67292],[-114.611249,32.672927],[-114.611298,32.672934],[-114.611347,32.672975],[-114.611363,32.672995],[-114.611347,32.673016],[-114.611306,32.673051],[-114.611233,32.673092],[-114.611177,32.673137],[-114.61121,32.673175],[-114.611177,32.67321],[-114.611113,32.673265],[-114.611031,32.673286],[-114.610974,32.673245],[-114.610978,32.673221],[-114.611063,32.673141],[-114.611055,32.673093],[-114.611062,32.673003],[-114.611078,32.672969],[-114.611119,32.672934],[-114.611241,32.67292]]]}},{"type":"Feature","properties":{"kind":"water","name":null,"osm":"way/68692313"},"geometry":{"type":"Polygon","coordinates":[[[-114.726512,32.591034],[-114.726512,32.590907],[-114.726642,32.590913],[-114.726649,32.591023],[-114.726512,32.591034]]]}},{"type":"Feature","properties":{"kind":"water","name":null,"osm":"way/68692383"},"geometry":{"type":"Polygon","coordinates":[[[-114.72637,32.590781],[-114.726389,32.589632],[-114.726551,32.589627],[-114.726512,32.590786],[-114.72637,32.590781]]]}},{"type":"Feature","properties":{"kind":"water","name":null,"osm":"way/68692400"},"geometry":{"type":"Polygon","coordinates":[[[-114.640175,32.657452],[-114.639766,32.657688],[-114.639668,32.657699],[-114.639571,32.657616],[-114.639474,32.65722],[-114.639454,32.657001],[-114.639714,32.656918],[-114.63989,32.656968],[-114.64024,32.657314],[-114.640175,32.657452]]]}},{"type":"Feature","properties":{"kind":"water","name":null,"osm":"way/68692450"},"geometry":{"type":"Polygon","coordinates":[[[-114.636656,32.666025],[-114.636693,32.666035],[-114.636741,32.666189],[-114.636723,32.666225],[-114.636681,32.666258],[-114.636518,32.666282],[-114.636469,32.666274],[-114.636418,32.666241],[-114.636217,32.666159],[-114.636162,32.666149],[-114.636117,32.666159],[-114.636027,32.66625],[-114.635977,32.666349],[-114.63618,32.666474],[-114.636194,32.666518],[-114.636177,32.666577],[-114.636132,32.666604],[-114.636082,32.666609],[-114.635847,32.666563],[-114.635873,32.666463],[-114.635919,32.666315],[-114.635955,32.666241],[-114.636057,32.666155],[-114.636149,32.666107],[-114.636258,32.66602],[-114.636314,32.666008],[-114.636381,32.666017],[-114.636457,32.666039],[-114.636516,32.666078],[-114.636555,32.66607],[-114.636656,32.666025]]]}},{"type":"Feature","properties":{"kind":"water","name":null,"osm":"way/68692479"},"geometry":{"type":"Polygon","coordinates":[[[-114.637622,32.658618],[-114.637678,32.658145],[-114.637799,32.658126],[-114.637997,32.65833],[-114.638229,32.65846],[-114.638141,32.658665],[-114.638284,32.65886],[-114.638803,32.659082],[-114.638875,32.659216],[-114.638825,32.65937],[-114.638703,32.659473],[-114.638299,32.659488],[-114.638031,32.659305],[-114.637705,32.659205],[-114.637622,32.659018],[-114.637619,32.658818],[-114.637622,32.658618]]]}},{"type":"Feature","properties":{"kind":"water","name":null,"osm":"way/68692501"},"geometry":{"type":"Polygon","coordinates":[[[-114.726597,32.590786],[-114.726622,32.589632],[-114.726778,32.589643],[-114.726752,32.590797],[-114.726597,32.590786]]]}},{"type":"Feature","properties":{"kind":"water","name":null,"osm":"way/68692572"},"geometry":{"type":"Polygon","coordinates":[[[-114.607961,32.673586],[-114.607994,32.673593],[-114.608059,32.673648],[-114.6081,32.673668],[-114.608174,32.673733],[-114.608206,32.673778],[-114.608296,32.673867],[-114.608313,32.673929],[-114.608378,32.674012],[-114.608399,32.674025],[-114.608478,32.674075],[-114.608498,32.674078],[-114.608574,32.674121],[-114.608655,32.674135],[-114.608688,32.674155],[-114.608863,32.674172],[-114.608907,32.674203],[-114.608891,32.674237],[-114.608827,32.674299],[-114.608835,32.674416],[-114.608738,32.674493],[-114.608698,32.67452],[-114.608641,32.674534],[-114.6086,32.674562],[-114.608568,32.674569],[-114.60852,32.67461],[-114.608487,32.674617],[-114.608446,32.674611],[-114.608357,32.674528],[-114.608357,32.674508],[-114.608348,32.674487],[-114.608324,32.674466],[-114.608324,32.674439],[-114.608291,32.674391],[-114.608142,32.67429],[-114.608028,32.674307],[-114.607982,32.674295],[-114.607875,32.67422],[-114.607866,32.673972],[-114.607842,32.673951],[-114.607841,32.673869],[-114.607848,32.673697],[-114.607881,32.673669],[-114.60788,32.673634],[-114.607937,32.673586],[-114.607961,32.673586]]]}},{"type":"Feature","properties":{"kind":"water","name":null,"osm":"way/68692676"},"geometry":{"type":"Polygon","coordinates":[[[-114.59425,32.669741],[-114.594534,32.669767],[-114.594599,32.669781],[-114.59464,32.669808],[-114.594672,32.669815],[-114.594758,32.669883],[-114.594803,32.66989],[-114.594884,32.669938],[-114.594966,32.669979],[-114.595039,32.670041],[-114.595088,32.670096],[-114.595081,32.670158],[-114.595024,32.670208],[-114.594886,32.670228],[-114.594861,32.670207],[-114.594658,32.670146],[-114.594585,32.670132],[-114.59456,32.670117],[-114.594495,32.670098],[-114.594357,32.670002],[-114.594153,32.670003],[-114.59404,32.670017],[-114.593999,32.67001],[-114.59395,32.669976],[-114.593942,32.669955],[-114.593946,32.669917],[-114.593958,32.669886],[-114.593982,32.669852],[-114.59399,32.669824],[-114.594014,32.66979],[-114.594063,32.669748],[-114.59425,32.669741]]]}},{"type":"Feature","properties":{"kind":"water","name":null,"osm":"way/68692686"},"geometry":{"type":"Polygon","coordinates":[[[-114.613734,32.672649],[-114.613774,32.672622],[-114.613799,32.672622],[-114.613831,32.672649],[-114.613864,32.672663],[-114.61397,32.672745],[-114.613913,32.672793],[-114.613794,32.672827],[-114.613686,32.672842],[-114.613544,32.672888],[-114.61343,32.672902],[-114.613361,32.672899],[-114.613305,32.67292],[-114.613272,32.67292],[-114.613203,32.672944],[-114.61315,32.672948],[-114.613093,32.672934],[-114.613069,32.672914],[-114.61306,32.672776],[-114.613096,32.672738],[-114.613092,32.6727],[-114.613116,32.672679],[-114.613173,32.672679],[-114.613258,32.672599],[-114.613262,32.672579],[-114.613303,32.672548],[-114.613376,32.67254],[-114.613425,32.672561],[-114.613506,32.672623],[-114.613506,32.67265],[-114.613539,32.672671],[-114.613629,32.672712],[-114.613669,32.672724],[-114.613702,32.672705],[-114.613726,32.672663],[-114.613734,32.672649]]]}},{"type":"Feature","properties":{"kind":"vegetation","name":"Joe Munoz Park","osm":"way/162045866"},"geometry":{"type":"Polygon","coordinates":[[[-114.713113,32.593585],[-114.710196,32.593583],[-114.710192,32.592488],[-114.713043,32.592485],[-114.713102,32.592485],[-114.713113,32.593585]]]}},{"type":"Feature","properties":{"kind":"vegetation","name":"Somerton Park","osm":"way/162045867"},"geometry":{"type":"Polygon","coordinates":[[[-114.718007,32.596503],[-114.716261,32.596499],[-114.716264,32.595721],[-114.717381,32.595725],[-114.717379,32.59614],[-114.718008,32.596142],[-114.718007,32.596503]]]}},{"type":"Feature","properties":{"kind":"water","name":null,"osm":"way/162045874"},"geometry":{"type":"Polygon","coordinates":[[[-114.712905,32.602677],[-114.712875,32.602686],[-114.712835,32.602681],[-114.712791,32.602668],[-114.71277,32.602639],[-114.712743,32.602596],[-114.712682,32.602571],[-114.712632,32.602574],[-114.712579,32.602579],[-114.712532,32.602601],[-114.712484,32.602634],[-114.712437,32.602645],[-114.712379,32.602651],[-114.712326,32.60264],[-114.712276,32.60261],[-114.712218,32.602559],[-114.712185,32.602506],[-114.712169,32.602458],[-114.712167,32.602409],[-114.712175,32.602349],[-114.7122,32.602293],[-114.712231,32.602241],[-114.71229,32.602196],[-114.712339,32.60216],[-114.712384,32.60214],[-114.71247,32.602135],[-114.712667,32.60213],[-114.712812,32.60214],[-114.712881,32.602157],[-114.712935,32.602185],[-114.712969,32.602228],[-114.712991,32.602273],[-114.713005,32.602319],[-114.713011,32.602384],[-114.713005,32.602461],[-114.712991,32.602549],[-114.712967,32.602631],[-114.712948,32.602652],[-114.71293,32.602667],[-114.712905,32.602677]]]}},{"type":"Feature","properties":{"kind":"vegetation","name":"Council Avenue Park","osm":"way/162045875"},"geometry":{"type":"Polygon","coordinates":[[[-114.714106,32.603754],[-114.712418,32.603765],[-114.712412,32.603201],[-114.712022,32.603204],[-114.71201,32.601995],[-114.714089,32.601981],[-114.714106,32.603754]]]}},{"type":"Feature","properties":{"kind":"vegetation","name":"Yuma Golf and Country Club","osm":"way/183940587"},"geometry":{"type":"Polygon","coordinates":[[[-114.610587,32.671237],[-114.612074,32.671231],[-114.615928,32.671217],[-114.61593,32.672307],[-114.615934,32.676639],[-114.609487,32.676683],[-114.609477,32.675911],[-114.609464,32.674876],[-114.608215,32.674879],[-114.607323,32.674881],[-114.607325,32.673058],[-114.607327,32.671319],[-114.607328,32.670315],[-114.609443,32.670315],[-114.609464,32.671094],[-114.610523,32.671229],[-114.610587,32.671237]]]}},{"type":"Feature","properties":{"kind":"vegetation","name":"Carver Park","osm":"way/219066436"},"geometry":{"type":"Polygon","coordinates":[[[-114.634041,32.717975],[-114.635744,32.717991],[-114.63577,32.71802],[-114.635768,32.72098],[-114.635709,32.720832],[-114.635599,32.720678],[-114.635467,32.72057],[-114.635272,32.720486],[-114.635076,32.72043],[-114.634952,32.720423],[-114.634979,32.719487],[-114.635076,32.719084],[-114.635044,32.718835],[-114.634829,32.718665],[-114.634453,32.718638],[-114.633871,32.718622],[-114.633869,32.71848],[-114.634041,32.717975]]]}},{"type":"Feature","properties":{"kind":"vegetation","name":"Sanguinetti Athletic Field","osm":"way/219066444"},"geometry":{"type":"Polygon","coordinates":[[[-114.633901,32.721477],[-114.635768,32.72145],[-114.635768,32.72098],[-114.635709,32.720832],[-114.635599,32.720678],[-114.635467,32.72057],[-114.635272,32.720486],[-114.635076,32.72043],[-114.634952,32.720423],[-114.634843,32.720424],[-114.63466,32.720428],[-114.634518,32.720448],[-114.634507,32.720452],[-114.634384,32.720495],[-114.634244,32.72057],[-114.634158,32.720644],[-114.634049,32.720787],[-114.633982,32.720941],[-114.633965,32.720981],[-114.633941,32.721089],[-114.633952,32.721154],[-114.633933,32.721275],[-114.633901,32.721477]]]}},{"type":"Feature","properties":{"kind":"water","name":null,"osm":"way/225757012"},"geometry":{"type":"Polygon","coordinates":[[[-114.703306,32.599243],[-114.702898,32.599426],[-114.702233,32.599677],[-114.702029,32.599727],[-114.701676,32.59978],[-114.701667,32.599899],[-114.701639,32.599977],[-114.701592,32.600062],[-114.701555,32.600115],[-114.701573,32.60015],[-114.701631,32.60016],[-114.70173,32.600142],[-114.70182,32.600129],[-114.702104,32.600043],[-114.702324,32.599892],[-114.702517,32.59979],[-114.703118,32.599584],[-114.703258,32.599494],[-114.70351,32.599392],[-114.703499,32.599306],[-114.703403,32.599243],[-114.703306,32.599243]]]}},{"type":"Feature","properties":{"kind":"water","name":null,"osm":"way/225757015"},"geometry":{"type":"Polygon","coordinates":[[[-114.705928,32.601468],[-114.705901,32.601434],[-114.70569,32.601245],[-114.705603,32.601064],[-114.705533,32.600997],[-114.70545,32.600953],[-114.705275,32.600923],[-114.705103,32.600956],[-114.704433,32.60129],[-114.704164,32.601331],[-114.703762,32.601259],[-114.703451,32.601074],[-114.703258,32.600992],[-114.703055,32.600967],[-114.703012,32.600986],[-114.702993,32.601027],[-114.703009,32.601115],[-114.703064,32.601214],[-114.703352,32.601494],[-114.703413,32.601539],[-114.703585,32.60158],[-114.703779,32.601565],[-114.703951,32.60156],[-114.704433,32.601679],[-114.704565,32.601689],[-114.704688,32.601747],[-114.704878,32.601724],[-114.705162,32.601643],[-114.705463,32.601647],[-114.705606,32.601702],[-114.70566,32.601701],[-114.705713,32.601686],[-114.705825,32.601604],[-114.705916,32.601506],[-114.705928,32.601468]]]}},{"type":"Feature","properties":{"kind":"vegetation","name":"Desert Hills Golf Course","osm":"way/241411737"},"geometry":{"type":"Polygon","coordinates":[[[-114.633132,32.659286],[-114.63308,32.654974],[-114.638817,32.654955],[-114.639497,32.656266],[-114.639799,32.656543],[-114.640145,32.656829],[-114.640474,32.657042],[-114.641017,32.657236],[-114.641351,32.657365],[-114.64149,32.665805],[-114.639245,32.665801],[-114.639155,32.665626],[-114.639087,32.665536],[-114.638941,32.665389],[-114.638671,32.664816],[-114.638502,32.66444],[-114.638101,32.663225],[-114.638362,32.662416],[-114.638608,32.66083],[-114.6381,32.660295],[-114.637958,32.660639],[-114.637761,32.660889],[-114.637437,32.661046],[-114.636754,32.661512],[-114.636564,32.661404],[-114.634638,32.660762],[-114.634472,32.660724],[-114.634304,32.6607],[-114.633157,32.660703],[-114.633132,32.659286]]]}},{"type":"Feature","properties":{"kind":"vegetation","name":"Las Casitas Park","osm":"way/242172313"},"geometry":{"type":"Polygon","coordinates":[[[-114.656274,32.670559],[-114.656002,32.670561],[-114.654856,32.67057],[-114.654566,32.670575],[-114.654526,32.670546],[-114.654527,32.670498],[-114.654521,32.670211],[-114.654514,32.670037],[-114.654554,32.670004],[-114.656266,32.669985],[-114.656274,32.670559]]]}},{"type":"Feature","properties":{"kind":"vegetation","name":null,"osm":"way/242172314"},"geometry":{"type":"Polygon","coordinates":[[[-114.655576,32.67543],[-114.654952,32.675438],[-114.654918,32.675438],[-114.654784,32.67541],[-114.654534,32.675345],[-114.65451,32.675297],[-114.65452,32.675224],[-114.654553,32.675111],[-114.654568,32.674998],[-114.654568,32.674322],[-114.654568,32.674226],[-114.654621,32.674182],[-114.655173,32.674177],[-114.655221,32.674202],[-114.655221,32.674363],[-114.655221,32.674553],[-114.655202,32.674666],[-114.655182,32.674727],[-114.655202,32.674788],[-114.655235,32.67484],[-114.655278,32.674869],[-114.655336,32.674889],[-114.655394,32.674901],[-114.655437,32.674901],[-114.655442,32.675156],[-114.655562,32.67516],[-114.655576,32.67543]]]}},{"type":"Feature","properties":{"kind":"vegetation","name":"Ponderosa Park","osm":"way/242172315"},"geometry":{"type":"Polygon","coordinates":[[[-114.656158,32.678782],[-114.655491,32.678788],[-114.655479,32.677862],[-114.656146,32.677856],[-114.656158,32.678782]]]}},{"type":"Feature","properties":{"kind":"vegetation","name":null,"osm":"way/242172316"},"geometry":{"type":"Polygon","coordinates":[[[-114.653613,32.678422],[-114.652667,32.678433],[-114.652659,32.677909],[-114.653604,32.677898],[-114.653613,32.678422]]]}},{"type":"Feature","properties":{"kind":"vegetation","name":null,"osm":"way/242175440"},"geometry":{"type":"Polygon","coordinates":[[[-114.660913,32.702286],[-114.660172,32.702286],[-114.660178,32.700783],[-114.660918,32.700792],[-114.660913,32.702286]]]}},{"type":"Feature","properties":{"kind":"vegetation","name":"Ponderosa Park","osm":"way/242282580"},"geometry":{"type":"Polygon","coordinates":[[[-114.656487,32.680947],[-114.65646,32.680317],[-114.654274,32.68034],[-114.654287,32.681042],[-114.65513,32.681033],[-114.655323,32.681026],[-114.655441,32.681019],[-114.655537,32.680994],[-114.655631,32.680974],[-114.655787,32.680954],[-114.655953,32.680945],[-114.656154,32.680949],[-114.656334,32.680947],[-114.656487,32.680947]]]}},{"type":"Feature","properties":{"kind":"vegetation","name":"Netwest Park","osm":"way/256675775"},"geometry":{"type":"Polygon","coordinates":[[[-114.637961,32.708743],[-114.637872,32.708752],[-114.637742,32.708678],[-114.637721,32.708713],[-114.637768,32.708735],[-114.637644,32.708739],[-114.637639,32.70777],[-114.637686,32.707701],[-114.637702,32.707468],[-114.637632,32.707375],[-114.637654,32.707068],[-114.637664,32.705878],[-114.63777,32.705859],[-114.638433,32.705866],[-114.638428,32.705938],[-114.638259,32.706018],[-114.638173,32.706052],[-114.638176,32.706407],[-114.638234,32.7065],[-114.638133,32.706568],[-114.638211,32.706717],[-114.638297,32.706719],[-114.6384,32.706895],[-114.638181,32.707006],[-114.638176,32.707063],[-114.638244,32.707174],[-114.638194,32.707273],[-114.638189,32.707339],[-114.638259,32.707433],[-114.638317,32.707409],[-114.63838,32.707509],[-114.638383,32.707584],[-114.638221,32.707649],[-114.638158,32.707785],[-114.638247,32.707917],[-114.638204,32.707972],[-114.638196,32.708012],[-114.638254,32.708137],[-114.638172,32.708146],[-114.638172,32.7082],[-114.638115,32.708197],[-114.63812,32.708119],[-114.637949,32.708112],[-114.637961,32.708743]]]}},{"type":"Feature","properties":{"kind":"water","name":"Walnut Avenue Floodwater Retention Basin","osm":"way/256675784"},"geometry":{"type":"Polygon","coordinates":[[[-114.617216,32.709255],[-114.617111,32.709327],[-114.616695,32.709323],[-114.616681,32.708216],[-114.617193,32.70822],[-114.617216,32.709255]]]}},{"type":"Feature","properties":{"kind":"vegetation","name":"Marcus Pool and Park","osm":"way/256677290"},"geometry":{"type":"Polygon","coordinates":[[[-114.626901,32.717831],[-114.62593,32.717831],[-114.625929,32.717311],[-114.625931,32.717189],[-114.625932,32.717059],[-114.625669,32.717059],[-114.625665,32.716709],[-114.625665,32.716678],[-114.625943,32.716679],[-114.625942,32.716184],[-114.626897,32.716184],[-114.626903,32.716849],[-114.626905,32.716928],[-114.626906,32.717017],[-114.626901,32.717831]]]}},{"type":"Feature","properties":{"kind":"vegetation","name":"Library Grounds","osm":"way/256816073"},"geometry":{"type":"Polygon","coordinates":[[[-114.624399,32.721454],[-114.623458,32.721457],[-114.623448,32.721449],[-114.623448,32.721141],[-114.623445,32.720668],[-114.623447,32.719829],[-114.623483,32.719804],[-114.62441,32.719804],[-114.624433,32.719819],[-114.624432,32.720658],[-114.624435,32.721424],[-114.624423,32.721444],[-114.624399,32.721454]]]}},{"type":"Feature","properties":{"kind":"vegetation","name":"Yuma Golf Desert Hills Par 3 (Arroyo Dunes)","osm":"way/262523252"},"geometry":{"type":"Polygon","coordinates":[[[-114.637307,32.669335],[-114.6373,32.668268],[-114.637283,32.665784],[-114.633198,32.665776],[-114.633207,32.666477],[-114.634041,32.66647],[-114.634044,32.66704],[-114.633208,32.667035],[-114.633235,32.669267],[-114.633926,32.669277],[-114.634156,32.669304],[-114.635185,32.669327],[-114.635464,32.669328],[-114.637307,32.669335]]]}},{"type":"Feature","properties":{"kind":"vegetation","name":"Ironwood Golf Course (Yuma)","osm":"way/263473988"},"geometry":{"type":"Polygon","coordinates":[[[-114.659036,32.710012],[-114.658322,32.709995],[-114.658355,32.709423],[-114.657782,32.709437],[-114.657209,32.709452],[-114.655253,32.712485],[-114.656356,32.712464],[-114.656667,32.712458],[-114.656912,32.711601],[-114.657379,32.711613],[-114.657068,32.712525],[-114.657546,32.71253],[-114.658647,32.712541],[-114.658793,32.712204],[-114.659014,32.71216],[-114.659036,32.710012]]]}},{"type":"Feature","properties":{"kind":"vegetation","name":"Cocopah Speedway","osm":"way/321500102"},"geometry":{"type":"Polygon","coordinates":[[[-114.658522,32.615521],[-114.658393,32.611211],[-114.654299,32.611222],[-114.654143,32.61727],[-114.654534,32.61726],[-114.655304,32.617284],[-114.656177,32.617007],[-114.658522,32.615521]]]}},{"type":"Feature","properties":{"kind":"vegetation","name":"Sanguinetti Memorial Park","osm":"way/323554900"},"geometry":{"type":"Polygon","coordinates":[[[-114.627339,32.687551],[-114.627325,32.686308],[-114.62888,32.686303],[-114.628885,32.687546],[-114.627339,32.687551]]]}},{"type":"Feature","properties":{"kind":"vegetation","name":null,"osm":"way/388497903"},"geometry":{"type":"Polygon","coordinates":[[[-114.73778,32.629142],[-114.737779,32.62922],[-114.737784,32.629675],[-114.738413,32.62967],[-114.738415,32.629869],[-114.739227,32.629863],[-114.73922,32.629209],[-114.742045,32.629223],[-114.74201,32.630929],[-114.736128,32.63092],[-114.73612,32.629132],[-114.73778,32.629142]]]}},{"type":"Feature","properties":{"kind":"water","name":null,"osm":"way/450926872"},"geometry":{"type":"Polygon","coordinates":[[[-114.663973,32.699869],[-114.664855,32.699869],[-114.664928,32.699869],[-114.664923,32.698551],[-114.663962,32.698551],[-114.663973,32.699869]]]}},{"type":"Feature","properties":{"kind":"vegetation","name":"Yuma Pioneer Cemetery","osm":"way/459986856"},"geometry":{"type":"Polygon","coordinates":[[[-114.620315,32.702159],[-114.620337,32.705704],[-114.618125,32.705694],[-114.617667,32.705672],[-114.617358,32.705615],[-114.617109,32.705543],[-114.616889,32.705437],[-114.616698,32.705313],[-114.616548,32.705168],[-114.61646,32.705062],[-114.616422,32.704963],[-114.616328,32.704381],[-114.616221,32.704329],[-114.616165,32.704266],[-114.616149,32.704198],[-114.616146,32.704119],[-114.616153,32.70216],[-114.620315,32.702159]]]}},{"type":"Feature","properties":{"kind":"vegetation","name":"Desert Lawn Memorial Park","osm":"way/459986857"},"geometry":{"type":"Polygon","coordinates":[[[-114.620315,32.702159],[-114.620311,32.701256],[-114.619877,32.701254],[-114.619871,32.700426],[-114.619843,32.699937],[-114.620289,32.699929],[-114.620272,32.699547],[-114.617492,32.699544],[-114.617401,32.699587],[-114.617398,32.700117],[-114.616189,32.700115],[-114.616154,32.700444],[-114.616127,32.70216],[-114.616153,32.70216],[-114.620315,32.702159]]]}},{"type":"Feature","properties":{"kind":"water","name":null,"osm":"way/462540360"},"geometry":{"type":"Polygon","coordinates":[[[-114.624728,32.727368],[-114.624903,32.727478],[-114.625159,32.727562],[-114.625429,32.727631],[-114.629916,32.727571],[-114.630592,32.727538],[-114.631182,32.727457],[-114.631453,32.727375],[-114.631777,32.727202],[-114.632864,32.726486],[-114.63306,32.726369],[-114.633293,32.726168],[-114.633489,32.725972],[-114.633625,32.725762],[-114.633717,32.725448],[-114.633695,32.724111],[-114.633627,32.724043],[-114.633684,32.724],[-114.633634,32.723766],[-114.633596,32.7234],[-114.633611,32.723289],[-114.633579,32.723256],[-114.633562,32.723175],[-114.633567,32.723145],[-114.633574,32.723131],[-114.633615,32.723087],[-114.633465,32.723088],[-114.633505,32.723131],[-114.633513,32.723145],[-114.633519,32.723174],[-114.633498,32.723256],[-114.633459,32.723296],[-114.633446,32.72338],[-114.63342,32.723853],[-114.633388,32.724006],[-114.633438,32.724034],[-114.63344,32.724185],[-114.633451,32.72478],[-114.633467,32.725478],[-114.633381,32.725688],[-114.633253,32.725866],[-114.633081,32.726024],[-114.632663,32.726313],[-114.631659,32.727012],[-114.631445,32.727134],[-114.631249,32.727193],[-114.630906,32.727285],[-114.63073,32.727312],[-114.630543,32.727323],[-114.629985,32.727344],[-114.629315,32.727356],[-114.628758,32.727366],[-114.627996,32.727358],[-114.627194,32.727355],[-114.626489,32.727377],[-114.626042,32.727379],[-114.625752,32.727401],[-114.625647,32.727429],[-114.625518,32.727418],[-114.625383,32.727404],[-114.625248,32.727378],[-114.625117,32.72733],[-114.624945,32.727236],[-114.624758,32.727109],[-114.624665,32.727042],[-114.624484,32.726895],[-114.624102,32.726648],[-114.623812,32.726483],[-114.623478,32.726369],[-114.623305,32.726333],[-114.623126,32.726311],[-114.622942,32.726296],[-114.622756,32.726295],[-114.622497,32.726318],[-114.622225,32.726388],[-114.621986,32.726462],[-114.621846,32.726528],[-114.62164,32.726662],[-114.621433,32.72684],[-114.620956,32.727498],[-114.621015,32.727631],[-114.621046,32.727653],[-114.621078,32.72765],[-114.621227,32.727569],[-114.62128,32.727438],[-114.621616,32.727005],[-114.621809,32.726838],[-114.621914,32.726761],[-114.622058,32.726689],[-114.622273,32.726605],[-114.622619,32.726513],[-114.622965,32.72649],[-114.623284,32.726524],[-114.623477,32.726571],[-114.623721,32.726644],[-114.623952,32.726779],[-114.624233,32.72702],[-114.624728,32.727368]]]}},{"type":"Feature","properties":{"kind":"vegetation","name":"Barkley Ranch Park","osm":"way/468478228"},"geometry":{"type":"Polygon","coordinates":[[[-114.683702,32.677924],[-114.683525,32.677409],[-114.682907,32.67708],[-114.682945,32.676718],[-114.684485,32.676736],[-114.68448,32.677319],[-114.684093,32.677477],[-114.684132,32.677977],[-114.683702,32.677924]]]}},{"type":"Feature","properties":{"kind":"water","name":"Barkley Estate Pond","osm":"way/468478595"},"geometry":{"type":"Polygon","coordinates":[[[-114.676459,32.670149],[-114.67643,32.670107],[-114.676431,32.670023],[-114.676435,32.669942],[-114.676446,32.66988],[-114.676518,32.669845],[-114.676602,32.669831],[-114.676749,32.669852],[-114.676828,32.669885],[-114.676923,32.669897],[-114.677038,32.669888],[-114.677255,32.669741],[-114.677279,32.669672],[-114.677323,32.669603],[-114.677389,32.669566],[-114.677489,32.669541],[-114.677625,32.669528],[-114.677684,32.669563],[-114.677729,32.669593],[-114.677726,32.669649],[-114.677685,32.669691],[-114.677625,32.66972],[-114.677398,32.669757],[-114.677281,32.669796],[-114.677207,32.669907],[-114.677214,32.670022],[-114.677227,32.670115],[-114.677199,32.670198],[-114.677144,32.670252],[-114.677068,32.670241],[-114.676938,32.670182],[-114.676862,32.670164],[-114.676727,32.670175],[-114.676608,32.670175],[-114.676536,32.670178],[-114.676459,32.670149]]]}},{"type":"Feature","properties":{"kind":"vegetation","name":null,"osm":"way/468482736"},"geometry":{"type":"Polygon","coordinates":[[[-114.67584,32.691201],[-114.67475,32.691206],[-114.67475,32.691257],[-114.674752,32.691418],[-114.674746,32.691768],[-114.674689,32.691964],[-114.674593,32.692105],[-114.674442,32.692239],[-114.674202,32.692353],[-114.673964,32.692434],[-114.673815,32.692509],[-114.673685,32.692591],[-114.673724,32.69273],[-114.673783,32.692847],[-114.673946,32.692904],[-114.674138,32.692928],[-114.675857,32.692935],[-114.675895,32.692639],[-114.675919,32.692341],[-114.675919,32.691267],[-114.675891,32.691226],[-114.67584,32.691201]]]}},{"type":"Feature","properties":{"kind":"vegetation","name":"Ray Smucker Park","osm":"way/469082479"},"geometry":{"type":"Polygon","coordinates":[[[-114.634206,32.678506],[-114.634194,32.676566],[-114.634172,32.673022],[-114.634679,32.673022],[-114.634673,32.671914],[-114.634114,32.671914],[-114.633992,32.672297],[-114.633399,32.672562],[-114.633418,32.674511],[-114.633194,32.674511],[-114.633213,32.677163],[-114.633251,32.6789],[-114.634206,32.678506]]]}},{"type":"Feature","properties":{"kind":"vegetation","name":"Robert J Moody Demonstration Garden","osm":"way/469084369"},"geometry":{"type":"Polygon","coordinates":[[[-114.648083,32.678171],[-114.648049,32.676819],[-114.64764,32.676822],[-114.647663,32.678178],[-114.647867,32.678174],[-114.648083,32.678171]]]}},{"type":"Feature","properties":{"kind":"vegetation","name":"Yuma Valley Park","osm":"way/469091115"},"geometry":{"type":"Polygon","coordinates":[[[-114.658879,32.685154],[-114.658925,32.685117],[-114.658925,32.684434],[-114.658716,32.684321],[-114.658666,32.684351],[-114.658581,32.684315],[-114.657977,32.684313],[-114.65798,32.684036],[-114.657512,32.684038],[-114.657512,32.684695],[-114.657502,32.685192],[-114.658878,32.685193],[-114.658879,32.685154]]]}},{"type":"Feature","properties":{"kind":"vegetation","name":"Windsor Rotary Park","osm":"way/470720931"},"geometry":{"type":"Polygon","coordinates":[[[-114.660599,32.691053],[-114.659222,32.691061],[-114.659228,32.689247],[-114.660611,32.689234],[-114.660599,32.691053]]]}},{"type":"Feature","properties":{"kind":"vegetation","name":"Victoria Meadows Park","osm":"way/470723169"},"geometry":{"type":"Polygon","coordinates":[[[-114.645435,32.687543],[-114.644156,32.687555],[-114.644135,32.685903],[-114.645413,32.685891],[-114.645435,32.687543]]]}},{"type":"Feature","properties":{"kind":"vegetation","name":"Kiwanis Park","osm":"way/472212641"},"geometry":{"type":"Polygon","coordinates":[[[-114.641669,32.712926],[-114.641653,32.709473],[-114.641019,32.709467],[-114.640234,32.710643],[-114.639807,32.71119],[-114.638806,32.712064],[-114.638478,32.712527],[-114.638279,32.712946],[-114.641669,32.712926]]]}},{"type":"Feature","properties":{"kind":"vegetation","name":"Shaw Field","osm":"way/472213343"},"geometry":{"type":"Polygon","coordinates":[[[-114.650381,32.72666],[-114.650355,32.725339],[-114.650342,32.725323],[-114.650286,32.725307],[-114.648321,32.725316],[-114.648276,32.725356],[-114.648277,32.72687],[-114.648286,32.726895],[-114.648312,32.726917],[-114.648346,32.726922],[-114.650334,32.726914],[-114.650327,32.726664],[-114.650381,32.72666]]]}},{"type":"Feature","properties":{"kind":"vegetation","name":"Friendship Park","osm":"way/472216017"},"geometry":{"type":"Polygon","coordinates":[[[-114.639055,32.665717],[-114.637682,32.665735],[-114.637682,32.665668],[-114.637684,32.665349],[-114.637498,32.665158],[-114.63749,32.665031],[-114.638137,32.665036],[-114.638151,32.664606],[-114.638248,32.664534],[-114.638431,32.664527],[-114.638556,32.664596],[-114.639055,32.665717]]]}},{"type":"Feature","properties":{"kind":"vegetation","name":"James P Deyo Community Complex","osm":"way/477211032"},"geometry":{"type":"Polygon","coordinates":[[[-114.633198,32.665776],[-114.637283,32.665784],[-114.639245,32.665801],[-114.639155,32.665626],[-114.639087,32.665536],[-114.638941,32.665389],[-114.638671,32.664816],[-114.638502,32.66444],[-114.638101,32.663225],[-114.638362,32.662416],[-114.638608,32.66083],[-114.6381,32.660295],[-114.637958,32.660639],[-114.637761,32.660889],[-114.637437,32.661046],[-114.636754,32.661512],[-114.636564,32.661404],[-114.634638,32.660762],[-114.634472,32.660724],[-114.634304,32.6607],[-114.633157,32.660703],[-114.633114,32.660702],[-114.633125,32.662258],[-114.633155,32.665776],[-114.633198,32.665776]]]}},{"type":"Feature","properties":{"kind":"water","name":null,"osm":"way/478732290"},"geometry":{"type":"Polygon","coordinates":[[[-114.611829,32.65601],[-114.611814,32.656028],[-114.611788,32.656051],[-114.611759,32.656061],[-114.611718,32.656065],[-114.611662,32.656059],[-114.611627,32.65605],[-114.611599,32.656033],[-114.611579,32.65601],[-114.611567,32.655983],[-114.611558,32.655946],[-114.61156,32.6559],[-114.611568,32.655866],[-114.611586,32.65584],[-114.611615,32.655823],[-114.611651,32.655808],[-114.611684,32.655805],[-114.611714,32.655811],[-114.611747,32.655825],[-114.611789,32.655847],[-114.611827,32.655876],[-114.611844,32.655901],[-114.611851,32.65593],[-114.611851,32.655958],[-114.611843,32.655983],[-114.611829,32.65601]]]}},{"type":"Feature","properties":{"kind":"water","name":null,"osm":"way/479824466"},"geometry":{"type":"Polygon","coordinates":[[[-114.593503,32.655272],[-114.593644,32.655227],[-114.593648,32.654719],[-114.592949,32.654718],[-114.592902,32.654799],[-114.593503,32.655272]]]}},{"type":"Feature","properties":{"kind":"water","name":null,"osm":"way/479830902"},"geometry":{"type":"Polygon","coordinates":[[[-114.592175,32.653217],[-114.592177,32.653153],[-114.592175,32.653084],[-114.59217,32.653045],[-114.592158,32.653005],[-114.592142,32.652979],[-114.59212,32.652958],[-114.592095,32.65294],[-114.592068,32.652931],[-114.592039,32.652928],[-114.591996,32.65293],[-114.591955,32.652936],[-114.591937,32.652944],[-114.591927,32.652955],[-114.591923,32.65297],[-114.591925,32.652987],[-114.591939,32.653101],[-114.591953,32.653188],[-114.591962,32.653219],[-114.591978,32.653242],[-114.592004,32.653257],[-114.592056,32.653267],[-114.592092,32.653267],[-114.592132,32.653258],[-114.592155,32.653245],[-114.592169,32.653234],[-114.592175,32.653217]]]}},{"type":"Feature","properties":{"kind":"water","name":null,"osm":"way/479830905"},"geometry":{"type":"Polygon","coordinates":[[[-114.592043,32.647878],[-114.593055,32.647878],[-114.593113,32.647874],[-114.593158,32.64786],[-114.593178,32.647848],[-114.593193,32.64782],[-114.593197,32.647785],[-114.593195,32.647763],[-114.593182,32.647754],[-114.593164,32.64775],[-114.593105,32.647748],[-114.592199,32.647761],[-114.591581,32.647767],[-114.590954,32.647777],[-114.590935,32.64778],[-114.59092,32.647788],[-114.590913,32.6478],[-114.590913,32.647816],[-114.590923,32.647825],[-114.590937,32.647835],[-114.590958,32.647841],[-114.590986,32.647843],[-114.591399,32.647836],[-114.591832,32.647829],[-114.591867,32.647831],[-114.591894,32.647835],[-114.591919,32.647846],[-114.591957,32.647866],[-114.591977,32.647874],[-114.592003,32.647877],[-114.592043,32.647878]]]}},{"type":"Feature","properties":{"kind":"water","name":null,"osm":"way/479969518"},"geometry":{"type":"Polygon","coordinates":[[[-114.593433,32.645262],[-114.593446,32.645787],[-114.593302,32.645796],[-114.593224,32.645796],[-114.593216,32.645009],[-114.593322,32.645007],[-114.593339,32.645013],[-114.593355,32.645033],[-114.593358,32.645054],[-114.593361,32.645184],[-114.593367,32.645212],[-114.59338,32.645231],[-114.5934,32.645249],[-114.593433,32.645262]]]}},{"type":"Feature","properties":{"kind":"water","name":null,"osm":"way/479969524"},"geometry":{"type":"Polygon","coordinates":[[[-114.592933,32.646251],[-114.592952,32.646231],[-114.592954,32.646189],[-114.592941,32.646114],[-114.591036,32.646134],[-114.590983,32.646144],[-114.590939,32.646161],[-114.590844,32.646237],[-114.590832,32.646259],[-114.590832,32.646277],[-114.590836,32.646295],[-114.592845,32.646256],[-114.592933,32.646251]]]}},{"type":"Feature","properties":{"kind":"water","name":null,"osm":"way/479969526"},"geometry":{"type":"Polygon","coordinates":[[[-114.593416,32.644855],[-114.59341,32.644354],[-114.593361,32.64434],[-114.593146,32.644345],[-114.593114,32.644352],[-114.593102,32.644482],[-114.593103,32.644602],[-114.593111,32.644674],[-114.593125,32.644726],[-114.593187,32.644856],[-114.593416,32.644855]]]}},{"type":"Feature","properties":{"kind":"water","name":null,"osm":"way/480545461"},"geometry":{"type":"Polygon","coordinates":[[[-114.59304,32.651506],[-114.59302,32.651532],[-114.593001,32.651547],[-114.592976,32.651556],[-114.592951,32.651557],[-114.592932,32.651551],[-114.592918,32.651542],[-114.592909,32.651524],[-114.592905,32.651504],[-114.592909,32.651482],[-114.592921,32.65146],[-114.592953,32.651423],[-114.592977,32.651405],[-114.592999,32.651398],[-114.593016,32.651401],[-114.593036,32.651414],[-114.593051,32.651435],[-114.593053,32.651455],[-114.59305,32.65148],[-114.59304,32.651506]]]}},{"type":"Feature","properties":{"kind":"vegetation","name":null,"osm":"way/480548745"},"geometry":{"type":"Polygon","coordinates":[[[-114.591455,32.65164],[-114.593101,32.651621],[-114.593132,32.651618],[-114.593153,32.651608],[-114.593167,32.651599],[-114.593177,32.651589],[-114.593187,32.65157],[-114.59319,32.65154],[-114.593157,32.650895],[-114.59315,32.650847],[-114.59314,32.650806],[-114.593125,32.650781],[-114.593094,32.650754],[-114.59307,32.650744],[-114.593027,32.650737],[-114.593026,32.650663],[-114.59319,32.649528],[-114.593302,32.649527],[-114.593597,32.649525],[-114.593569,32.64801],[-114.592839,32.648021],[-114.591916,32.648034],[-114.591886,32.647882],[-114.590641,32.647895],[-114.590474,32.647897],[-114.590514,32.650687],[-114.590762,32.650686],[-114.590764,32.650822],[-114.590767,32.650933],[-114.59077,32.651075],[-114.590773,32.651239],[-114.590781,32.6516],[-114.590782,32.651647],[-114.591455,32.65164]]]}},{"type":"Feature","properties":{"kind":"water","name":null,"osm":"way/481305214"},"geometry":{"type":"Polygon","coordinates":[[[-114.590862,32.646011],[-114.590701,32.646191],[-114.590534,32.646377],[-114.590433,32.646497],[-114.590412,32.64651],[-114.590388,32.64651],[-114.59037,32.646497],[-114.590363,32.646483],[-114.590365,32.646466],[-114.59038,32.646446],[-114.590523,32.64629],[-114.590622,32.646181],[-114.590663,32.646136],[-114.590669,32.646121],[-114.590669,32.646109],[-114.590654,32.646094],[-114.590567,32.646049],[-114.590546,32.646034],[-114.590534,32.646018],[-114.590528,32.646004],[-114.590532,32.645986],[-114.590562,32.645955],[-114.590648,32.645845],[-114.590688,32.645805],[-114.590711,32.645797],[-114.590734,32.645795],[-114.590756,32.645803],[-114.590846,32.645843],[-114.590892,32.645871],[-114.590911,32.645886],[-114.59092,32.645908],[-114.590917,32.645929],[-114.590905,32.64595],[-114.590862,32.646011]]]}},{"type":"Feature","properties":{"kind":"vegetation","name":null,"osm":"way/481517584"},"geometry":{"type":"Polygon","coordinates":[[[-114.591538,32.657338],[-114.591532,32.657011],[-114.591473,32.656964],[-114.591113,32.656969],[-114.590471,32.65698],[-114.590422,32.657025],[-114.590444,32.65786],[-114.590492,32.657899],[-114.591494,32.657888],[-114.59155,32.657841],[-114.591538,32.657338]]]}},{"type":"Feature","properties":{"kind":"vegetation","name":"Yuma Territorial Prison Cemetery","osm":"way/484244931"},"geometry":{"type":"Polygon","coordinates":[[[-114.613722,32.726074],[-114.61354,32.726331],[-114.613319,32.72633],[-114.613313,32.725976],[-114.613722,32.726074]]]}},{"type":"Feature","properties":{"kind":"vegetation","name":"Riverside Park","osm":"way/488198610"},"geometry":{"type":"Polygon","coordinates":[[[-114.612835,32.726251],[-114.612924,32.726227],[-114.612987,32.72616],[-114.612983,32.726073],[-114.612924,32.726082],[-114.612882,32.726058],[-114.6129,32.725893],[-114.612966,32.725787],[-114.613045,32.725744],[-114.613129,32.725716],[-114.613083,32.725481],[-114.613134,32.725429],[-114.613115,32.725386],[-114.613041,32.725418],[-114.6129,32.725292],[-114.612821,32.725265],[-114.612718,32.72526],[-114.612578,32.725268],[-114.612522,32.7253],[-114.612335,32.725292],[-114.612289,32.725347],[-114.612368,32.72552],[-114.612312,32.725646],[-114.612602,32.726082],[-114.612835,32.726251]]]}},{"type":"Feature","properties":{"kind":"vegetation","name":null,"osm":"way/530583844"},"geometry":{"type":"Polygon","coordinates":[[[-114.613608,32.665714],[-114.611596,32.665719],[-114.611595,32.665451],[-114.613607,32.665446],[-114.613608,32.665714]]]}},{"type":"Feature","properties":{"kind":"vegetation","name":null,"osm":"way/530583845"},"geometry":{"type":"Polygon","coordinates":[[[-114.613616,32.665365],[-114.611604,32.66537],[-114.611598,32.665049],[-114.613615,32.665048],[-114.613616,32.665365]]]}},{"type":"Feature","properties":{"kind":"vegetation","name":null,"osm":"way/530583846"},"geometry":{"type":"Polygon","coordinates":[[[-114.613609,32.665003],[-114.611597,32.665008],[-114.611592,32.664687],[-114.613608,32.664686],[-114.613609,32.665003]]]}},{"type":"Feature","properties":{"kind":"vegetation","name":null,"osm":"way/530583847"},"geometry":{"type":"Polygon","coordinates":[[[-114.613591,32.664627],[-114.611579,32.664632],[-114.611574,32.664015],[-114.613594,32.663998],[-114.613591,32.664627]]]}},{"type":"Feature","properties":{"kind":"vegetation","name":null,"osm":"way/530583849"},"geometry":{"type":"Polygon","coordinates":[[[-114.613571,32.663917],[-114.611559,32.663922],[-114.611554,32.663305],[-114.613575,32.663288],[-114.613571,32.663917]]]}},{"type":"Feature","properties":{"kind":"vegetation","name":null,"osm":"way/530583850"},"geometry":{"type":"Polygon","coordinates":[[[-114.613575,32.66321],[-114.611564,32.663215],[-114.611567,32.662222],[-114.61357,32.662225],[-114.613575,32.66321]]]}},{"type":"Feature","properties":{"kind":"vegetation","name":null,"osm":"way/531209203"},"geometry":{"type":"Polygon","coordinates":[[[-114.611339,32.643943],[-114.611326,32.642327],[-114.609842,32.642336],[-114.609841,32.642302],[-114.608791,32.64231],[-114.608793,32.642519],[-114.609831,32.642511],[-114.610211,32.642966],[-114.610684,32.642964],[-114.610693,32.643947],[-114.611339,32.643943]]]}},{"type":"Feature","properties":{"kind":"vegetation","name":null,"osm":"way/531209204"},"geometry":{"type":"Polygon","coordinates":[[[-114.611207,32.642202],[-114.608827,32.642228],[-114.608823,32.641919],[-114.608216,32.641491],[-114.607851,32.641414],[-114.60784,32.640689],[-114.611183,32.640653],[-114.611207,32.642202]]]}},{"type":"Feature","properties":{"kind":"vegetation","name":null,"osm":"way/531209205"},"geometry":{"type":"Polygon","coordinates":[[[-114.602773,32.640207],[-114.602755,32.638576],[-114.600759,32.638592],[-114.600777,32.640222],[-114.602773,32.640207]]]}},{"type":"Feature","properties":{"kind":"vegetation","name":null,"osm":"way/531209206"},"geometry":{"type":"Polygon","coordinates":[[[-114.604884,32.638451],[-114.604859,32.63682],[-114.602864,32.636842],[-114.602889,32.638472],[-114.604884,32.638451]]]}},{"type":"Feature","properties":{"kind":"vegetation","name":null,"osm":"way/531209207"},"geometry":{"type":"Polygon","coordinates":[[[-114.596261,32.638482],[-114.596186,32.635037],[-114.594191,32.635068],[-114.594265,32.638513],[-114.596261,32.638482]]]}},{"type":"Feature","properties":{"kind":"vegetation","name":null,"osm":"way/531209208"},"geometry":{"type":"Polygon","coordinates":[[[-114.606698,32.627658],[-114.6067,32.626027],[-114.604704,32.626025],[-114.604702,32.627656],[-114.606698,32.627658]]]}},{"type":"Feature","properties":{"kind":"vegetation","name":null,"osm":"way/531209209"},"geometry":{"type":"Polygon","coordinates":[[[-114.60455,32.627612],[-114.604553,32.625981],[-114.602557,32.625979],[-114.602554,32.62761],[-114.60455,32.627612]]]}},{"type":"Feature","properties":{"kind":"vegetation","name":null,"osm":"way/531209210"},"geometry":{"type":"Polygon","coordinates":[[[-114.60678,32.629386],[-114.606782,32.627755],[-114.604786,32.627753],[-114.604784,32.629384],[-114.60678,32.629386]]]}},{"type":"Feature","properties":{"kind":"vegetation","name":null,"osm":"way/531209211"},"geometry":{"type":"Polygon","coordinates":[[[-114.604655,32.629412],[-114.604658,32.627781],[-114.602662,32.627778],[-114.602659,32.629409],[-114.604655,32.629412]]]}},{"type":"Feature","properties":{"kind":"vegetation","name":null,"osm":"way/531209212"},"geometry":{"type":"Polygon","coordinates":[[[-114.602425,32.629412],[-114.602428,32.627781],[-114.600432,32.627778],[-114.600429,32.629409],[-114.602425,32.629412]]]}},{"type":"Feature","properties":{"kind":"vegetation","name":null,"osm":"way/531209213"},"geometry":{"type":"Polygon","coordinates":[[[-114.600301,32.629399],[-114.600303,32.627768],[-114.598308,32.627766],[-114.598305,32.629397],[-114.600301,32.629399]]]}},{"type":"Feature","properties":{"kind":"vegetation","name":null,"osm":"way/531209214"},"geometry":{"type":"Polygon","coordinates":[[[-114.602334,32.627636],[-114.602337,32.626005],[-114.600341,32.626002],[-114.600338,32.627633],[-114.602334,32.627636]]]}},{"type":"Feature","properties":{"kind":"vegetation","name":null,"osm":"way/531209215"},"geometry":{"type":"Polygon","coordinates":[[[-114.60021,32.627623],[-114.600212,32.625992],[-114.598217,32.62599],[-114.598214,32.627621],[-114.60021,32.627623]]]}},{"type":"Feature","properties":{"kind":"vegetation","name":null,"osm":"way/531215389"},"geometry":{"type":"Polygon","coordinates":[[[-114.626046,32.647498],[-114.625655,32.646685],[-114.624437,32.646662],[-114.624458,32.647484],[-114.626046,32.647498]]]}},{"type":"Feature","properties":{"kind":"vegetation","name":null,"osm":"way/531215390"},"geometry":{"type":"Polygon","coordinates":[[[-114.625622,32.646644],[-114.624448,32.646626],[-114.624442,32.645813],[-114.625242,32.645809],[-114.625622,32.646644]]]}},{"type":"Feature","properties":{"kind":"vegetation","name":null,"osm":"way/531451765"},"geometry":{"type":"Polygon","coordinates":[[[-114.626592,32.633055],[-114.628306,32.631598],[-114.628298,32.63133],[-114.626409,32.631311],[-114.626387,32.633087],[-114.626592,32.633055]]]}},{"type":"Feature","properties":{"kind":"vegetation","name":null,"osm":"way/531451766"},"geometry":{"type":"Polygon","coordinates":[[[-114.626235,32.633023],[-114.626205,32.631349],[-114.624331,32.631324],[-114.624331,32.631815],[-114.625909,32.633055],[-114.626235,32.633023]]]}},{"type":"Feature","properties":{"kind":"vegetation","name":null,"osm":"way/531451767"},"geometry":{"type":"Polygon","coordinates":[[[-114.626197,32.631234],[-114.626227,32.62956],[-114.624847,32.629573],[-114.624831,32.630014],[-114.624316,32.63002],[-114.624376,32.631247],[-114.626197,32.631234]]]}},{"type":"Feature","properties":{"kind":"vegetation","name":null,"osm":"way/531451768"},"geometry":{"type":"Polygon","coordinates":[[[-114.628291,32.631215],[-114.628314,32.629611],[-114.626326,32.629611],[-114.626379,32.631228],[-114.628291,32.631215]]]}},{"type":"Feature","properties":{"kind":"vegetation","name":null,"osm":"way/531451769"},"geometry":{"type":"Polygon","coordinates":[[[-114.628723,32.63124],[-114.630294,32.629624],[-114.62842,32.629592],[-114.62842,32.631215],[-114.628723,32.63124]]]}},{"type":"Feature","properties":{"kind":"vegetation","name":null,"osm":"way/531451770"},"geometry":{"type":"Polygon","coordinates":[[[-114.62835,32.629511],[-114.62836,32.627722],[-114.626376,32.627715],[-114.626366,32.629504],[-114.62835,32.629511]]]}},{"type":"Feature","properties":{"kind":"vegetation","name":null,"osm":"way/531451771"},"geometry":{"type":"Polygon","coordinates":[[[-114.626221,32.629472],[-114.624321,32.629492],[-114.624295,32.627774],[-114.626196,32.627753],[-114.626221,32.629472]]]}},{"type":"Feature","properties":{"kind":"vegetation","name":null,"osm":"way/531451772"},"geometry":{"type":"Polygon","coordinates":[[[-114.628549,32.629464],[-114.628488,32.627726],[-114.630514,32.627694],[-114.630574,32.629215],[-114.630377,32.6294],[-114.630301,32.629471],[-114.628549,32.629464]]]}},{"type":"Feature","properties":{"kind":"vegetation","name":null,"osm":"way/531451773"},"geometry":{"type":"Polygon","coordinates":[[[-114.630515,32.627588],[-114.62853,32.627618],[-114.628494,32.625977],[-114.630479,32.625931],[-114.630515,32.627588]]]}},{"type":"Feature","properties":{"kind":"vegetation","name":null,"osm":"way/531451783"},"geometry":{"type":"Polygon","coordinates":[[[-114.634735,32.615491],[-114.634737,32.615157],[-114.633873,32.615154],[-114.633872,32.615488],[-114.634735,32.615491]]]}},{"type":"Feature","properties":{"kind":"vegetation","name":null,"osm":"way/531451785"},"geometry":{"type":"Polygon","coordinates":[[[-114.633694,32.615397],[-114.633708,32.61444],[-114.632779,32.61443],[-114.632764,32.615387],[-114.633694,32.615397]]]}},{"type":"Feature","properties":{"kind":"vegetation","name":null,"osm":"way/531451786"},"geometry":{"type":"Polygon","coordinates":[[[-114.634739,32.614916],[-114.634739,32.614439],[-114.633873,32.614439],[-114.633873,32.614916],[-114.634739,32.614916]]]}},{"type":"Feature","properties":{"kind":"vegetation","name":null,"osm":"way/531451788"},"geometry":{"type":"Polygon","coordinates":[[[-114.635815,32.614942],[-114.63581,32.61438],[-114.634849,32.614387],[-114.634855,32.614949],[-114.635815,32.614942]]]}},{"type":"Feature","properties":{"kind":"vegetation","name":null,"osm":"way/531451790"},"geometry":{"type":"Polygon","coordinates":[[[-114.638056,32.615742],[-114.63804,32.614326],[-114.637247,32.614332],[-114.637139,32.614492],[-114.637154,32.61575],[-114.638056,32.615742]]]}},{"type":"Feature","properties":{"kind":"vegetation","name":null,"osm":"way/531451791"},"geometry":{"type":"Polygon","coordinates":[[[-114.637036,32.614921],[-114.637036,32.614362],[-114.635955,32.614362],[-114.635955,32.614822],[-114.636099,32.614921],[-114.637036,32.614921]]]}},{"type":"Feature","properties":{"kind":"vegetation","name":null,"osm":"way/531451795"},"geometry":{"type":"Polygon","coordinates":[[[-114.637071,32.612831],[-114.637071,32.61239],[-114.635966,32.61239],[-114.635966,32.612831],[-114.637071,32.612831]]]}},{"type":"Feature","properties":{"kind":"vegetation","name":null,"osm":"way/531451796"},"geometry":{"type":"Polygon","coordinates":[[[-114.637999,32.612733],[-114.63717,32.612737],[-114.637175,32.613693],[-114.638004,32.613689],[-114.637999,32.612733]]]}},{"type":"Feature","properties":{"kind":"vegetation","name":null,"osm":"way/531451797"},"geometry":{"type":"Polygon","coordinates":[[[-114.632459,32.613068],[-114.632456,32.612092],[-114.631716,32.612094],[-114.631719,32.61307],[-114.632459,32.613068]]]}},{"type":"Feature","properties":{"kind":"vegetation","name":null,"osm":"way/531451798"},"geometry":{"type":"Polygon","coordinates":[[[-114.631575,32.613069],[-114.631537,32.611806],[-114.630577,32.611827],[-114.630614,32.613089],[-114.631575,32.613069]]]}},{"type":"Feature","properties":{"kind":"vegetation","name":null,"osm":"way/531451799"},"geometry":{"type":"Polygon","coordinates":[[[-114.63153,32.611741],[-114.630565,32.61176],[-114.630556,32.611441],[-114.631521,32.611422],[-114.63153,32.611741]]]}},{"type":"Feature","properties":{"kind":"vegetation","name":null,"osm":"way/531451800"},"geometry":{"type":"Polygon","coordinates":[[[-114.63171,32.611999],[-114.631705,32.611394],[-114.632434,32.611389],[-114.632437,32.611646],[-114.631881,32.61165],[-114.631885,32.611998],[-114.63171,32.611999]]]}},{"type":"Feature","properties":{"kind":"vegetation","name":null,"osm":"way/531451801"},"geometry":{"type":"Polygon","coordinates":[[[-114.630184,32.614928],[-114.630169,32.611431],[-114.628377,32.611436],[-114.628393,32.614934],[-114.630184,32.614928]]]}},{"type":"Feature","properties":{"kind":"vegetation","name":null,"osm":"way/531451802"},"geometry":{"type":"Polygon","coordinates":[[[-114.623826,32.614917],[-114.623785,32.611472],[-114.621811,32.611489],[-114.621852,32.614933],[-114.623826,32.614917]]]}},{"type":"Feature","properties":{"kind":"vegetation","name":null,"osm":"way/531451803"},"geometry":{"type":"Polygon","coordinates":[[[-114.62172,32.613132],[-114.621709,32.611533],[-114.619738,32.611543],[-114.619749,32.613142],[-114.62172,32.613132]]]}},{"type":"Feature","properties":{"kind":"vegetation","name":null,"osm":"way/531451804"},"geometry":{"type":"Polygon","coordinates":[[[-114.619638,32.613178],[-114.619607,32.611644],[-114.617514,32.611674],[-114.617546,32.613208],[-114.619638,32.613178]]]}},{"type":"Feature","properties":{"kind":"vegetation","name":null,"osm":"way/531451805"},"geometry":{"type":"Polygon","coordinates":[[[-114.621756,32.614923],[-114.621729,32.613214],[-114.619693,32.613236],[-114.619717,32.614807],[-114.620047,32.614803],[-114.620049,32.614941],[-114.621756,32.614923]]]}},{"type":"Feature","properties":{"kind":"vegetation","name":null,"osm":"way/531451806"},"geometry":{"type":"Polygon","coordinates":[[[-114.619634,32.615018],[-114.619605,32.613306],[-114.617474,32.613333],[-114.617503,32.615044],[-114.619634,32.615018]]]}},{"type":"Feature","properties":{"kind":"vegetation","name":null,"osm":"way/531451807"},"geometry":{"type":"Polygon","coordinates":[[[-114.619624,32.616783],[-114.619586,32.615144],[-114.617531,32.615122],[-114.61757,32.616788],[-114.619624,32.616783]]]}},{"type":"Feature","properties":{"kind":"vegetation","name":null,"osm":"way/531451808"},"geometry":{"type":"Polygon","coordinates":[[[-114.623885,32.616734],[-114.623885,32.615063],[-114.621742,32.615074],[-114.621742,32.616756],[-114.623885,32.616734]]]}},{"type":"Feature","properties":{"kind":"vegetation","name":null,"osm":"way/531451809"},"geometry":{"type":"Polygon","coordinates":[[[-114.621685,32.611225],[-114.621671,32.609528],[-114.619706,32.609539],[-114.61972,32.611236],[-114.621685,32.611225]]]}},{"type":"Feature","properties":{"kind":"vegetation","name":null,"osm":"way/531451811"},"geometry":{"type":"Polygon","coordinates":[[[-114.617424,32.611272],[-114.617378,32.607834],[-114.61533,32.60784],[-114.615406,32.611323],[-114.617424,32.611272]]]}},{"type":"Feature","properties":{"kind":"vegetation","name":null,"osm":"way/531451812"},"geometry":{"type":"Polygon","coordinates":[[[-114.621696,32.609397],[-114.621682,32.607701],[-114.619718,32.607712],[-114.619731,32.609408],[-114.621696,32.609397]]]}},{"type":"Feature","properties":{"kind":"vegetation","name":null,"osm":"way/531451815"},"geometry":{"type":"Polygon","coordinates":[[[-114.621562,32.602146],[-114.62154,32.600465],[-114.61959,32.600465],[-114.619582,32.602178],[-114.621562,32.602146]]]}},{"type":"Feature","properties":{"kind":"vegetation","name":null,"osm":"way/531451816"},"geometry":{"type":"Polygon","coordinates":[[[-114.62594,32.605789],[-114.625917,32.604108],[-114.623967,32.604108],[-114.62396,32.605821],[-114.62594,32.605789]]]}},{"type":"Feature","properties":{"kind":"vegetation","name":null,"osm":"way/531451817"},"geometry":{"type":"Polygon","coordinates":[[[-114.625962,32.607597],[-114.62594,32.605917],[-114.62399,32.605917],[-114.623982,32.607629],[-114.625962,32.607597]]]}},{"type":"Feature","properties":{"kind":"vegetation","name":null,"osm":"way/531451820"},"geometry":{"type":"Polygon","coordinates":[[[-114.628245,32.611223],[-114.628114,32.604161],[-114.626112,32.604184],[-114.62621,32.611239],[-114.628245,32.611223]]]}},{"type":"Feature","properties":{"kind":"vegetation","name":null,"osm":"way/531451832"},"geometry":{"type":"Polygon","coordinates":[[[-114.619671,32.618493],[-114.61965,32.61692],[-114.623844,32.61688],[-114.623851,32.617387],[-114.623283,32.617392],[-114.623289,32.617844],[-114.623863,32.617838],[-114.623872,32.618452],[-114.619671,32.618493]]]}},{"type":"Feature","properties":{"kind":"vegetation","name":null,"osm":"way/531451833"},"geometry":{"type":"Polygon","coordinates":[[[-114.622013,32.623231],[-114.622023,32.621812],[-114.6239,32.6218],[-114.623902,32.623214],[-114.622013,32.623231]]]}},{"type":"Feature","properties":{"kind":"vegetation","name":null,"osm":"way/531451835"},"geometry":{"type":"Polygon","coordinates":[[[-114.623914,32.621756],[-114.621989,32.621769],[-114.621973,32.620105],[-114.623277,32.620096],[-114.623276,32.619978],[-114.623897,32.619974],[-114.623914,32.621756]]]}},{"type":"Feature","properties":{"kind":"vegetation","name":null,"osm":"way/531451836"},"geometry":{"type":"Polygon","coordinates":[[[-114.621808,32.619405],[-114.621803,32.618831],[-114.619806,32.618843],[-114.619811,32.619416],[-114.621808,32.619405]]]}},{"type":"Feature","properties":{"kind":"vegetation","name":null,"osm":"way/531451837"},"geometry":{"type":"Polygon","coordinates":[[[-114.621825,32.620172],[-114.619837,32.620177],[-114.619834,32.619451],[-114.621822,32.619446],[-114.621825,32.620172]]]}},{"type":"Feature","properties":{"kind":"vegetation","name":null,"osm":"way/531451838"},"geometry":{"type":"Polygon","coordinates":[[[-114.621852,32.621576],[-114.61988,32.621574],[-114.619881,32.620242],[-114.621854,32.620244],[-114.621852,32.621576]]]}},{"type":"Feature","properties":{"kind":"vegetation","name":null,"osm":"way/531451839"},"geometry":{"type":"Polygon","coordinates":[[[-114.621872,32.625768],[-114.621872,32.625273],[-114.619884,32.625275],[-114.619885,32.625769],[-114.621872,32.625768]]]}},{"type":"Feature","properties":{"kind":"vegetation","name":null,"osm":"way/531451840"},"geometry":{"type":"Polygon","coordinates":[[[-114.621888,32.624655],[-114.621888,32.62416],[-114.6199,32.624162],[-114.619901,32.624657],[-114.621888,32.624655]]]}},{"type":"Feature","properties":{"kind":"vegetation","name":null,"osm":"way/531451841"},"geometry":{"type":"Polygon","coordinates":[[[-114.621875,32.625214],[-114.621875,32.624719],[-114.619887,32.624721],[-114.619888,32.625216],[-114.621875,32.625214]]]}},{"type":"Feature","properties":{"kind":"vegetation","name":null,"osm":"way/531451842"},"geometry":{"type":"Polygon","coordinates":[[[-114.621862,32.624085],[-114.621862,32.623591],[-114.619874,32.623593],[-114.619875,32.624087],[-114.621862,32.624085]]]}},{"type":"Feature","properties":{"kind":"vegetation","name":null,"osm":"way/531451843"},"geometry":{"type":"Polygon","coordinates":[[[-114.621865,32.623518],[-114.621863,32.622924],[-114.619866,32.622929],[-114.619868,32.623524],[-114.621865,32.623518]]]}},{"type":"Feature","properties":{"kind":"vegetation","name":null,"osm":"way/531451844"},"geometry":{"type":"Polygon","coordinates":[[[-114.621844,32.622882],[-114.621846,32.622272],[-114.619852,32.622268],[-114.61985,32.622878],[-114.621844,32.622882]]]}},{"type":"Feature","properties":{"kind":"vegetation","name":null,"osm":"way/531451845"},"geometry":{"type":"Polygon","coordinates":[[[-114.621825,32.622205],[-114.621824,32.621629],[-114.619849,32.621632],[-114.619849,32.622207],[-114.621825,32.622205]]]}},{"type":"Feature","properties":{"kind":"vegetation","name":null,"osm":"way/531456022"},"geometry":{"type":"Polygon","coordinates":[[[-114.619776,32.628594],[-114.619761,32.627764],[-114.617784,32.62779],[-114.617799,32.62862],[-114.619776,32.628594]]]}},{"type":"Feature","properties":{"kind":"vegetation","name":null,"osm":"way/531456023"},"geometry":{"type":"Polygon","coordinates":[[[-114.619772,32.627569],[-114.618823,32.62757],[-114.618819,32.626002],[-114.619768,32.626001],[-114.619772,32.627569]]]}},{"type":"Feature","properties":{"kind":"vegetation","name":null,"osm":"way/531456024"},"geometry":{"type":"Polygon","coordinates":[[[-114.618755,32.627572],[-114.61874,32.626022],[-114.617778,32.626029],[-114.617793,32.627579],[-114.618755,32.627572]]]}},{"type":"Feature","properties":{"kind":"vegetation","name":null,"osm":"way/531456025"},"geometry":{"type":"Polygon","coordinates":[[[-114.617628,32.627569],[-114.617625,32.626016],[-114.616991,32.626017],[-114.616993,32.626802],[-114.615668,32.626804],[-114.61567,32.627572],[-114.617628,32.627569]]]}},{"type":"Feature","properties":{"kind":"vegetation","name":null,"osm":"way/531456026"},"geometry":{"type":"Polygon","coordinates":[[[-114.617615,32.629234],[-114.617606,32.627783],[-114.615699,32.627792],[-114.615708,32.629242],[-114.617615,32.629234]]]}},{"type":"Feature","properties":{"kind":"vegetation","name":null,"osm":"way/531456029"},"geometry":{"type":"Polygon","coordinates":[[[-114.611316,32.631712],[-114.613895,32.629545],[-114.611284,32.62958],[-114.611316,32.631712]]]}},{"type":"Feature","properties":{"kind":"vegetation","name":null,"osm":"way/531456032"},"geometry":{"type":"Polygon","coordinates":[[[-114.611076,32.625726],[-114.611075,32.623838],[-114.609098,32.623839],[-114.609099,32.625728],[-114.611076,32.625726]]]}},{"type":"Feature","properties":{"kind":"vegetation","name":null,"osm":"way/531456034"},"geometry":{"type":"Polygon","coordinates":[[[-114.611092,32.623735],[-114.611076,32.622339],[-114.609121,32.622354],[-114.609137,32.623751],[-114.611092,32.623735]]]}},{"type":"Feature","properties":{"kind":"vegetation","name":null,"osm":"way/531456035"},"geometry":{"type":"Polygon","coordinates":[[[-114.608933,32.624049],[-114.60892,32.622322],[-114.606869,32.622333],[-114.606882,32.62406],[-114.608933,32.624049]]]}},{"type":"Feature","properties":{"kind":"vegetation","name":null,"osm":"way/531456039"},"geometry":{"type":"Polygon","coordinates":[[[-114.606665,32.625723],[-114.60262,32.625741],[-114.602631,32.624214],[-114.606676,32.624151],[-114.606665,32.625723]]]}},{"type":"Feature","properties":{"kind":"vegetation","name":null,"osm":"way/531456041"},"geometry":{"type":"Polygon","coordinates":[[[-114.606654,32.624024],[-114.602685,32.62406],[-114.602652,32.622416],[-114.606654,32.62238],[-114.606654,32.624024]]]}},{"type":"Feature","properties":{"kind":"vegetation","name":null,"osm":"way/531456044"},"geometry":{"type":"Polygon","coordinates":[[[-114.602298,32.62575],[-114.602277,32.624982],[-114.600346,32.624964],[-114.600367,32.625759],[-114.602298,32.62575]]]}},{"type":"Feature","properties":{"kind":"vegetation","name":null,"osm":"way/531456046"},"geometry":{"type":"Polygon","coordinates":[[[-114.600367,32.624883],[-114.600367,32.624187],[-114.602277,32.624169],[-114.602277,32.624901],[-114.600367,32.624883]]]}},{"type":"Feature","properties":{"kind":"vegetation","name":null,"osm":"way/531456048"},"geometry":{"type":"Polygon","coordinates":[[[-114.600174,32.625768],[-114.600174,32.625154],[-114.598307,32.625136],[-114.598318,32.625777],[-114.600174,32.625768]]]}},{"type":"Feature","properties":{"kind":"vegetation","name":null,"osm":"way/531456050"},"geometry":{"type":"Polygon","coordinates":[[[-114.600142,32.622926],[-114.600142,32.622312],[-114.598275,32.622294],[-114.598286,32.622935],[-114.600142,32.622926]]]}},{"type":"Feature","properties":{"kind":"vegetation","name":null,"osm":"way/531456052"},"geometry":{"type":"Polygon","coordinates":[[[-114.600185,32.624282],[-114.600185,32.623559],[-114.598296,32.623559],[-114.598329,32.624291],[-114.600185,32.624282]]]}},{"type":"Feature","properties":{"kind":"vegetation","name":null,"osm":"way/531456055"},"geometry":{"type":"Polygon","coordinates":[[[-114.600163,32.625068],[-114.600163,32.624345],[-114.598275,32.624345],[-114.598307,32.625077],[-114.600163,32.625068]]]}},{"type":"Feature","properties":{"kind":"vegetation","name":null,"osm":"way/531456057"},"geometry":{"type":"Polygon","coordinates":[[[-114.600174,32.623477],[-114.600153,32.623026],[-114.598286,32.623026],[-114.598318,32.623486],[-114.600174,32.623477]]]}},{"type":"Feature","properties":{"kind":"vegetation","name":null,"osm":"way/531456059"},"geometry":{"type":"Polygon","coordinates":[[[-114.600153,32.622208],[-114.598296,32.62219],[-114.598264,32.62069],[-114.600153,32.620654],[-114.600153,32.622208]]]}},{"type":"Feature","properties":{"kind":"vegetation","name":null,"osm":"way/531456061"},"geometry":{"type":"Polygon","coordinates":[[[-114.602266,32.622226],[-114.600346,32.622262],[-114.600292,32.620527],[-114.602223,32.620527],[-114.602266,32.622226]]]}},{"type":"Feature","properties":{"kind":"vegetation","name":null,"osm":"way/531456063"},"geometry":{"type":"Polygon","coordinates":[[[-114.600142,32.620572],[-114.60012,32.618982],[-114.598243,32.61891],[-114.598232,32.620581],[-114.600142,32.620572]]]}},{"type":"Feature","properties":{"kind":"vegetation","name":null,"osm":"way/531456065"},"geometry":{"type":"Polygon","coordinates":[[[-114.602159,32.62041],[-114.600356,32.620419],[-114.600271,32.618973],[-114.602234,32.619054],[-114.602159,32.62041]]]}},{"type":"Feature","properties":{"kind":"vegetation","name":null,"osm":"way/531456071"},"geometry":{"type":"Polygon","coordinates":[[[-114.595813,32.622239],[-114.595802,32.620595],[-114.593892,32.620586],[-114.593892,32.62223],[-114.595813,32.622239]]]}},{"type":"Feature","properties":{"kind":"vegetation","name":null,"osm":"way/531456073"},"geometry":{"type":"Polygon","coordinates":[[[-114.595823,32.62402],[-114.595813,32.622375],[-114.593903,32.622366],[-114.593903,32.62401],[-114.595823,32.62402]]]}},{"type":"Feature","properties":{"kind":"vegetation","name":null,"osm":"way/531456074"},"geometry":{"type":"Polygon","coordinates":[[[-114.597926,32.623983],[-114.597916,32.622339],[-114.596006,32.62233],[-114.596006,32.623974],[-114.597926,32.623983]]]}},{"type":"Feature","properties":{"kind":"vegetation","name":null,"osm":"way/531456076"},"geometry":{"type":"Polygon","coordinates":[[[-114.595834,32.620414],[-114.595823,32.618869],[-114.593914,32.61886],[-114.593914,32.620405],[-114.595834,32.620414]]]}},{"type":"Feature","properties":{"kind":"vegetation","name":null,"osm":"way/531456078"},"geometry":{"type":"Polygon","coordinates":[[[-114.595823,32.625772],[-114.595813,32.624128],[-114.593903,32.624119],[-114.593903,32.625763],[-114.595823,32.625772]]]}},{"type":"Feature","properties":{"kind":"vegetation","name":null,"osm":"way/531456080"},"geometry":{"type":"Polygon","coordinates":[[[-114.597926,32.625763],[-114.597916,32.624119],[-114.596006,32.62411],[-114.596006,32.625755],[-114.597926,32.625763]]]}},{"type":"Feature","properties":{"kind":"vegetation","name":null,"osm":"way/531456082"},"geometry":{"type":"Polygon","coordinates":[[[-114.593613,32.625772],[-114.593603,32.624128],[-114.591693,32.624119],[-114.591693,32.625763],[-114.593613,32.625772]]]}},{"type":"Feature","properties":{"kind":"vegetation","name":null,"osm":"way/531456084"},"geometry":{"type":"Polygon","coordinates":[[[-114.593656,32.624002],[-114.593646,32.622357],[-114.591736,32.622348],[-114.591736,32.623992],[-114.593656,32.624002]]]}},{"type":"Feature","properties":{"kind":"vegetation","name":null,"osm":"way/531456086"},"geometry":{"type":"Polygon","coordinates":[[[-114.593592,32.622203],[-114.593581,32.620559],[-114.591671,32.62055],[-114.591671,32.622194],[-114.593592,32.622203]]]}},{"type":"Feature","properties":{"kind":"vegetation","name":null,"osm":"way/531456092"},"geometry":{"type":"Polygon","coordinates":[[[-114.595845,32.618544],[-114.595834,32.616899],[-114.593924,32.61689],[-114.593924,32.618534],[-114.595845,32.618544]]]}},{"type":"Feature","properties":{"kind":"vegetation","name":null,"osm":"way/531456094"},"geometry":{"type":"Polygon","coordinates":[[[-114.59357,32.618525],[-114.59356,32.616881],[-114.59165,32.616872],[-114.59165,32.618516],[-114.59357,32.618525]]]}},{"type":"Feature","properties":{"kind":"vegetation","name":null,"osm":"way/531456096"},"geometry":{"type":"Polygon","coordinates":[[[-114.595823,32.616781],[-114.595823,32.615064],[-114.593892,32.615055],[-114.593903,32.616772],[-114.595823,32.616781]]]}},{"type":"Feature","properties":{"kind":"vegetation","name":null,"osm":"way/531456098"},"geometry":{"type":"Polygon","coordinates":[[[-114.595748,32.614938],[-114.595738,32.613293],[-114.593828,32.613284],[-114.593828,32.614929],[-114.595748,32.614938]]]}},{"type":"Feature","properties":{"kind":"vegetation","name":null,"osm":"way/531456100"},"geometry":{"type":"Polygon","coordinates":[[[-114.595781,32.613185],[-114.59577,32.611621],[-114.59386,32.611657],[-114.59386,32.613175],[-114.595781,32.613185]]]}},{"type":"Feature","properties":{"kind":"vegetation","name":null,"osm":"way/531456102"},"geometry":{"type":"Polygon","coordinates":[[[-114.597851,32.613167],[-114.59784,32.611639],[-114.595931,32.61163],[-114.595899,32.61313],[-114.597851,32.613167]]]}},{"type":"Feature","properties":{"kind":"vegetation","name":null,"osm":"way/531456104"},"geometry":{"type":"Polygon","coordinates":[[[-114.597862,32.614911],[-114.597851,32.613266],[-114.595941,32.613257],[-114.595941,32.614902],[-114.597862,32.614911]]]}},{"type":"Feature","properties":{"kind":"vegetation","name":null,"osm":"way/531456106"},"geometry":{"type":"Polygon","coordinates":[[[-114.593463,32.614965],[-114.593452,32.61332],[-114.591543,32.613311],[-114.591543,32.614956],[-114.593463,32.614965]]]}},{"type":"Feature","properties":{"kind":"vegetation","name":null,"osm":"way/531456111"},"geometry":{"type":"Polygon","coordinates":[[[-114.589311,32.618525],[-114.5893,32.616881],[-114.587391,32.616872],[-114.587391,32.618516],[-114.589311,32.618525]]]}},{"type":"Feature","properties":{"kind":"vegetation","name":null,"osm":"way/531456112"},"geometry":{"type":"Polygon","coordinates":[[[-114.589279,32.616808],[-114.589268,32.615164],[-114.587358,32.615155],[-114.587358,32.616799],[-114.589279,32.616808]]]}},{"type":"Feature","properties":{"kind":"vegetation","name":null,"osm":"way/531456113"},"geometry":{"type":"Polygon","coordinates":[[[-114.589279,32.615019],[-114.589268,32.613374],[-114.587358,32.613365],[-114.587358,32.61501],[-114.589279,32.615019]]]}},{"type":"Feature","properties":{"kind":"vegetation","name":null,"osm":"way/531456114"},"geometry":{"type":"Polygon","coordinates":[[[-114.58929,32.61323],[-114.589279,32.611585],[-114.587369,32.611576],[-114.587369,32.613221],[-114.58929,32.61323]]]}},{"type":"Feature","properties":{"kind":"vegetation","name":null,"osm":"way/531456115"},"geometry":{"type":"Polygon","coordinates":[[[-114.587101,32.613221],[-114.58709,32.611576],[-114.58518,32.611567],[-114.58518,32.613212],[-114.587101,32.613221]]]}},{"type":"Feature","properties":{"kind":"vegetation","name":null,"osm":"way/531456116"},"geometry":{"type":"Polygon","coordinates":[[[-114.587101,32.61501],[-114.58709,32.613365],[-114.58518,32.613356],[-114.58518,32.615001],[-114.587101,32.61501]]]}},{"type":"Feature","properties":{"kind":"vegetation","name":null,"osm":"way/531456117"},"geometry":{"type":"Polygon","coordinates":[[[-114.58709,32.61679],[-114.587079,32.615146],[-114.58517,32.615137],[-114.58517,32.616781],[-114.58709,32.61679]]]}},{"type":"Feature","properties":{"kind":"vegetation","name":null,"osm":"way/531456118"},"geometry":{"type":"Polygon","coordinates":[[[-114.587187,32.618516],[-114.587176,32.616872],[-114.585266,32.616863],[-114.585266,32.618507],[-114.587187,32.618516]]]}},{"type":"Feature","properties":{"kind":"vegetation","name":null,"osm":"way/531456123"},"geometry":{"type":"Polygon","coordinates":[[[-114.593463,32.61126],[-114.593452,32.609615],[-114.591543,32.609606],[-114.591543,32.611251],[-114.593463,32.61126]]]}},{"type":"Feature","properties":{"kind":"vegetation","name":null,"osm":"way/531456124"},"geometry":{"type":"Polygon","coordinates":[[[-114.593506,32.609506],[-114.593495,32.607862],[-114.591586,32.607853],[-114.591586,32.609497],[-114.593506,32.609506]]]}},{"type":"Feature","properties":{"kind":"vegetation","name":null,"osm":"way/531456125"},"geometry":{"type":"Polygon","coordinates":[[[-114.591382,32.609497],[-114.591371,32.607853],[-114.589461,32.607843],[-114.589461,32.609488],[-114.591382,32.609497]]]}},{"type":"Feature","properties":{"kind":"vegetation","name":null,"osm":"way/531456126"},"geometry":{"type":"Polygon","coordinates":[[[-114.591339,32.611043],[-114.59135,32.609552],[-114.58944,32.609543],[-114.589429,32.611034],[-114.591339,32.611043]]]}},{"type":"Feature","properties":{"kind":"vegetation","name":null,"osm":"way/531456127"},"geometry":{"type":"Polygon","coordinates":[[[-114.593409,32.607708],[-114.593399,32.606063],[-114.591489,32.606054],[-114.591489,32.607699],[-114.593409,32.607708]]]}},{"type":"Feature","properties":{"kind":"vegetation","name":null,"osm":"way/531456128"},"geometry":{"type":"Polygon","coordinates":[[[-114.59136,32.607717],[-114.59135,32.606072],[-114.58944,32.606063],[-114.58944,32.607708],[-114.59136,32.607717]]]}},{"type":"Feature","properties":{"kind":"vegetation","name":null,"osm":"way/531456129"},"geometry":{"type":"Polygon","coordinates":[[[-114.593442,32.605891],[-114.593431,32.604246],[-114.591521,32.604237],[-114.591521,32.605882],[-114.593442,32.605891]]]}},{"type":"Feature","properties":{"kind":"vegetation","name":null,"osm":"way/531456136"},"geometry":{"type":"Polygon","coordinates":[[[-114.604306,32.609502],[-114.604295,32.607857],[-114.602385,32.607848],[-114.602385,32.609493],[-114.604306,32.609502]]]}},{"type":"Feature","properties":{"kind":"vegetation","name":null,"osm":"way/531456137"},"geometry":{"type":"Polygon","coordinates":[[[-114.608695,32.609491],[-114.608684,32.607846],[-114.606774,32.607837],[-114.606774,32.609482],[-114.608695,32.609491]]]}},{"type":"Feature","properties":{"kind":"vegetation","name":null,"osm":"way/531456138"},"geometry":{"type":"Polygon","coordinates":[[[-114.606487,32.607707],[-114.606477,32.606062],[-114.604567,32.606053],[-114.604567,32.607698],[-114.606487,32.607707]]]}},{"type":"Feature","properties":{"kind":"vegetation","name":null,"osm":"way/531456139"},"geometry":{"type":"Polygon","coordinates":[[[-114.604318,32.607696],[-114.604308,32.606051],[-114.602398,32.606042],[-114.602398,32.607687],[-114.604318,32.607696]]]}},{"type":"Feature","properties":{"kind":"vegetation","name":null,"osm":"way/531456140"},"geometry":{"type":"Polygon","coordinates":[[[-114.60229,32.607674],[-114.602279,32.60603],[-114.600369,32.606021],[-114.600369,32.607665],[-114.60229,32.607674]]]}},{"type":"Feature","properties":{"kind":"vegetation","name":null,"osm":"way/531456141"},"geometry":{"type":"Polygon","coordinates":[[[-114.600146,32.607664],[-114.600136,32.606019],[-114.598226,32.60601],[-114.598226,32.607655],[-114.600146,32.607664]]]}},{"type":"Feature","properties":{"kind":"vegetation","name":null,"osm":"way/531456142"},"geometry":{"type":"Polygon","coordinates":[[[-114.608644,32.607696],[-114.608633,32.606051],[-114.606723,32.606042],[-114.606723,32.607687],[-114.608644,32.607696]]]}},{"type":"Feature","properties":{"kind":"vegetation","name":null,"osm":"way/531456143"},"geometry":{"type":"Polygon","coordinates":[[[-114.613058,32.609523],[-114.613047,32.607878],[-114.611138,32.607869],[-114.611138,32.609514],[-114.613058,32.609523]]]}},{"type":"Feature","properties":{"kind":"vegetation","name":null,"osm":"way/531456144"},"geometry":{"type":"Polygon","coordinates":[[[-114.610915,32.609534],[-114.610904,32.607889],[-114.608994,32.60788],[-114.608994,32.609525],[-114.610915,32.609534]]]}},{"type":"Feature","properties":{"kind":"vegetation","name":null,"osm":"way/531456145"},"geometry":{"type":"Polygon","coordinates":[[[-114.608644,32.605901],[-114.608633,32.604256],[-114.606723,32.604247],[-114.606723,32.605892],[-114.608644,32.605901]]]}},{"type":"Feature","properties":{"kind":"vegetation","name":null,"osm":"way/531456146"},"geometry":{"type":"Polygon","coordinates":[[[-114.6065,32.605944],[-114.606489,32.604299],[-114.60458,32.60429],[-114.60458,32.605935],[-114.6065,32.605944]]]}},{"type":"Feature","properties":{"kind":"vegetation","name":null,"osm":"way/531456147"},"geometry":{"type":"Polygon","coordinates":[[[-114.604408,32.605923],[-114.604397,32.604278],[-114.602309,32.60429],[-114.602309,32.605946],[-114.604408,32.605923]]]}},{"type":"Feature","properties":{"kind":"vegetation","name":null,"osm":"way/531456152"},"geometry":{"type":"Polygon","coordinates":[[[-114.604225,32.600458],[-114.604225,32.597096],[-114.602252,32.597083],[-114.602313,32.600497],[-114.604225,32.600458]]]}},{"type":"Feature","properties":{"kind":"vegetation","name":null,"osm":"way/531456153"},"geometry":{"type":"Polygon","coordinates":[[[-114.606409,32.600369],[-114.606409,32.597007],[-114.604437,32.596994],[-114.604498,32.600407],[-114.606409,32.600369]]]}},{"type":"Feature","properties":{"kind":"vegetation","name":null,"osm":"way/531456155"},"geometry":{"type":"Polygon","coordinates":[[[-114.615011,32.603989],[-114.613153,32.603981],[-114.613099,32.602408],[-114.615047,32.602317],[-114.615038,32.602811],[-114.614264,32.602872],[-114.614328,32.603218],[-114.614622,32.603501],[-114.615029,32.603563],[-114.615011,32.603989]]]}},{"type":"Feature","properties":{"kind":"vegetation","name":null,"osm":"way/531456156"},"geometry":{"type":"Polygon","coordinates":[[[-114.623958,32.596537],[-114.623958,32.594914],[-114.625872,32.594924],[-114.625897,32.596548],[-114.623958,32.596537]]]}},{"type":"Feature","properties":{"kind":"vegetation","name":null,"osm":"way/531456157"},"geometry":{"type":"Polygon","coordinates":[[[-114.626012,32.596494],[-114.626012,32.594871],[-114.627926,32.594882],[-114.627951,32.596505],[-114.626012,32.596494]]]}},{"type":"Feature","properties":{"kind":"vegetation","name":null,"osm":"way/531456158"},"geometry":{"type":"Polygon","coordinates":[[[-114.626038,32.594774],[-114.626038,32.593151],[-114.627951,32.593162],[-114.627977,32.594785],[-114.626038,32.594774]]]}},{"type":"Feature","properties":{"kind":"vegetation","name":null,"osm":"way/531456159"},"geometry":{"type":"Polygon","coordinates":[[[-114.623907,32.594774],[-114.623907,32.593151],[-114.625821,32.593162],[-114.625846,32.594785],[-114.623907,32.594774]]]}},{"type":"Feature","properties":{"kind":"vegetation","name":null,"osm":"way/531456161"},"geometry":{"type":"Polygon","coordinates":[[[-114.623856,32.592968],[-114.623856,32.591345],[-114.62577,32.591356],[-114.625795,32.592979],[-114.623856,32.592968]]]}},{"type":"Feature","properties":{"kind":"vegetation","name":null,"osm":"way/531456162"},"geometry":{"type":"Polygon","coordinates":[[[-114.626012,32.592968],[-114.626012,32.591345],[-114.627926,32.591356],[-114.627951,32.592979],[-114.626012,32.592968]]]}},{"type":"Feature","properties":{"kind":"vegetation","name":null,"osm":"way/531456163"},"geometry":{"type":"Polygon","coordinates":[[[-114.625987,32.591162],[-114.625987,32.589539],[-114.6279,32.58955],[-114.627926,32.591173],[-114.625987,32.591162]]]}},{"type":"Feature","properties":{"kind":"vegetation","name":null,"osm":"way/531456165"},"geometry":{"type":"Polygon","coordinates":[[[-114.629444,32.596472],[-114.629457,32.594924],[-114.62813,32.594903],[-114.62813,32.596494],[-114.629444,32.596472]]]}},{"type":"Feature","properties":{"kind":"vegetation","name":null,"osm":"way/531456166"},"geometry":{"type":"Polygon","coordinates":[[[-114.629419,32.594785],[-114.629431,32.593076],[-114.628066,32.593076],[-114.628105,32.594806],[-114.629419,32.594785]]]}},{"type":"Feature","properties":{"kind":"vegetation","name":null,"osm":"way/531456167"},"geometry":{"type":"Polygon","coordinates":[[[-114.629425,32.592952],[-114.629438,32.591243],[-114.628073,32.591243],[-114.628111,32.592974],[-114.629425,32.592952]]]}},{"type":"Feature","properties":{"kind":"vegetation","name":null,"osm":"way/531456168"},"geometry":{"type":"Polygon","coordinates":[[[-114.630975,32.592957],[-114.630044,32.591302],[-114.629507,32.59125],[-114.62955,32.592931],[-114.630975,32.592957]]]}},{"type":"Feature","properties":{"kind":"vegetation","name":null,"osm":"way/531456169"},"geometry":{"type":"Polygon","coordinates":[[[-114.629845,32.591178],[-114.628097,32.591191],[-114.628054,32.589492],[-114.628912,32.589456],[-114.629947,32.591074],[-114.629845,32.591178]]]}},{"type":"Feature","properties":{"kind":"vegetation","name":null,"osm":"way/531456170"},"geometry":{"type":"Polygon","coordinates":[[[-114.628901,32.589338],[-114.627828,32.587639],[-114.62594,32.587666],[-114.625962,32.589392],[-114.628901,32.589338]]]}},{"type":"Feature","properties":{"kind":"vegetation","name":null,"osm":"way/531456171"},"geometry":{"type":"Polygon","coordinates":[[[-114.627684,32.587575],[-114.625949,32.587559],[-114.625911,32.586059],[-114.627684,32.587575]]]}},{"type":"Feature","properties":{"kind":"vegetation","name":null,"osm":"way/531456172"},"geometry":{"type":"Polygon","coordinates":[[[-114.625725,32.587575],[-114.623798,32.587562],[-114.623721,32.584284],[-114.625724,32.585982],[-114.625725,32.587575]]]}},{"type":"Feature","properties":{"kind":"vegetation","name":null,"osm":"way/531456173"},"geometry":{"type":"Polygon","coordinates":[[[-114.623836,32.591196],[-114.623823,32.590809],[-114.625201,32.590809],[-114.625162,32.590325],[-114.62381,32.590304],[-114.623785,32.589508],[-114.6258,32.589476],[-114.625775,32.591185],[-114.623836,32.591196]]]}},{"type":"Feature","properties":{"kind":"vegetation","name":null,"osm":"way/531456174"},"geometry":{"type":"Polygon","coordinates":[[[-114.623874,32.589358],[-114.623874,32.587735],[-114.625788,32.587745],[-114.625813,32.589369],[-114.623874,32.589358]]]}},{"type":"Feature","properties":{"kind":"vegetation","name":null,"osm":"way/531456175"},"geometry":{"type":"Polygon","coordinates":[[[-114.62358,32.589401],[-114.623568,32.587681],[-114.61937,32.587659],[-114.619395,32.589433],[-114.62358,32.589401]]]}},{"type":"Feature","properties":{"kind":"vegetation","name":null,"osm":"way/531456176"},"geometry":{"type":"Polygon","coordinates":[[[-114.623593,32.587493],[-114.62358,32.585773],[-114.619383,32.585751],[-114.619408,32.587525],[-114.623593,32.587493]]]}},{"type":"Feature","properties":{"kind":"vegetation","name":null,"osm":"way/531456178"},"geometry":{"type":"Polygon","coordinates":[[[-114.631139,32.596478],[-114.631175,32.59495],[-114.629569,32.594912],[-114.629587,32.596485],[-114.631139,32.596478]]]}},{"type":"Feature","properties":{"kind":"vegetation","name":null,"osm":"way/531456179"},"geometry":{"type":"Polygon","coordinates":[[[-114.630697,32.594798],[-114.630706,32.59425],[-114.631139,32.59425],[-114.631103,32.59308],[-114.629569,32.593072],[-114.629578,32.594798],[-114.630697,32.594798]]]}},{"type":"Feature","properties":{"kind":"vegetation","name":null,"osm":"way/531949079"},"geometry":{"type":"Polygon","coordinates":[[[-114.609284,32.6669],[-114.609225,32.665816],[-114.607336,32.665812],[-114.607336,32.666936],[-114.608619,32.666828],[-114.609284,32.6669]]]}},{"type":"Feature","properties":{"kind":"vegetation","name":null,"osm":"way/531949081"},"geometry":{"type":"Polygon","coordinates":[[[-114.639041,32.615704],[-114.639049,32.614383],[-114.638169,32.614379],[-114.638161,32.615701],[-114.639041,32.615704]]]}},{"type":"Feature","properties":{"kind":"vegetation","name":null,"osm":"way/531949082"},"geometry":{"type":"Polygon","coordinates":[[[-114.64101,32.614794],[-114.640979,32.611393],[-114.640092,32.611399],[-114.640124,32.6148],[-114.64101,32.614794]]]}},{"type":"Feature","properties":{"kind":"vegetation","name":null,"osm":"way/531949083"},"geometry":{"type":"Polygon","coordinates":[[[-114.640024,32.614845],[-114.640019,32.614329],[-114.639202,32.614335],[-114.639207,32.614851],[-114.640024,32.614845]]]}},{"type":"Feature","properties":{"kind":"vegetation","name":null,"osm":"way/531949084"},"geometry":{"type":"Polygon","coordinates":[[[-114.640009,32.614209],[-114.639203,32.614221],[-114.639161,32.612106],[-114.639966,32.612095],[-114.640009,32.614209]]]}},{"type":"Feature","properties":{"kind":"vegetation","name":null,"osm":"way/531949087"},"geometry":{"type":"Polygon","coordinates":[[[-114.641023,32.609303],[-114.641023,32.608475],[-114.637042,32.608464],[-114.636991,32.609356],[-114.641023,32.609303]]]}},{"type":"Feature","properties":{"kind":"vegetation","name":null,"osm":"way/531949097"},"geometry":{"type":"Polygon","coordinates":[[[-114.632656,32.606669],[-114.632662,32.607534],[-114.634678,32.607541],[-114.634669,32.609355],[-114.636815,32.609344],[-114.636782,32.606578],[-114.636817,32.605836],[-114.632659,32.605856],[-114.632656,32.606669]]]}},{"type":"Feature","properties":{"kind":"vegetation","name":null,"osm":"way/531949098"},"geometry":{"type":"Polygon","coordinates":[[[-114.641023,32.606648],[-114.639441,32.606648],[-114.639403,32.604068],[-114.641023,32.604058],[-114.641023,32.606648]]]}},{"type":"Feature","properties":{"kind":"vegetation","name":null,"osm":"way/531949100"},"geometry":{"type":"Polygon","coordinates":[[[-114.638974,32.60212],[-114.632597,32.602161],[-114.632578,32.601288],[-114.632899,32.601293],[-114.632888,32.600741],[-114.63255,32.600739],[-114.632535,32.600375],[-114.638895,32.60038],[-114.638974,32.60212]]]}},{"type":"Feature","properties":{"kind":"vegetation","name":null,"osm":"way/531949105"},"geometry":{"type":"Polygon","coordinates":[[[-114.639919,32.59843],[-114.639919,32.596746],[-114.638935,32.596731],[-114.638953,32.598449],[-114.639919,32.59843]]]}},{"type":"Feature","properties":{"kind":"vegetation","name":null,"osm":"way/531949106"},"geometry":{"type":"Polygon","coordinates":[[[-114.640979,32.598403],[-114.640979,32.596719],[-114.639995,32.596704],[-114.640013,32.598422],[-114.640979,32.598403]]]}},{"type":"Feature","properties":{"kind":"vegetation","name":null,"osm":"way/531949107"},"geometry":{"type":"Polygon","coordinates":[[[-114.63445,32.588736],[-114.633501,32.588734],[-114.633502,32.588147],[-114.634452,32.588149],[-114.63445,32.588736]]]}},{"type":"Feature","properties":{"kind":"vegetation","name":null,"osm":"way/531949108"},"geometry":{"type":"Polygon","coordinates":[[[-114.633422,32.588743],[-114.632473,32.58874],[-114.632475,32.588153],[-114.633424,32.588155],[-114.633422,32.588743]]]}},{"type":"Feature","properties":{"kind":"vegetation","name":null,"osm":"way/531949109"},"geometry":{"type":"Polygon","coordinates":[[[-114.633412,32.589342],[-114.632462,32.589339],[-114.632464,32.588752],[-114.633413,32.588754],[-114.633412,32.589342]]]}},{"type":"Feature","properties":{"kind":"vegetation","name":null,"osm":"way/531949110"},"geometry":{"type":"Polygon","coordinates":[[[-114.634443,32.58934],[-114.633494,32.589337],[-114.633496,32.58875],[-114.634445,32.588752],[-114.634443,32.58934]]]}},{"type":"Feature","properties":{"kind":"vegetation","name":null,"osm":"way/531949111"},"geometry":{"type":"Polygon","coordinates":[[[-114.633426,32.588116],[-114.632481,32.588126],[-114.632473,32.587579],[-114.633418,32.587569],[-114.633426,32.588116]]]}},{"type":"Feature","properties":{"kind":"vegetation","name":null,"osm":"way/531949112"},"geometry":{"type":"Polygon","coordinates":[[[-114.634447,32.588113],[-114.63351,32.588118],[-114.633506,32.587568],[-114.634443,32.587564],[-114.634447,32.588113]]]}},{"type":"Feature","properties":{"kind":"vegetation","name":null,"osm":"way/531949113"},"geometry":{"type":"Polygon","coordinates":[[[-114.63348,32.586595],[-114.63348,32.585837],[-114.633931,32.585818],[-114.633958,32.586598],[-114.63348,32.586595]]]}},{"type":"Feature","properties":{"kind":"vegetation","name":null,"osm":"way/531949114"},"geometry":{"type":"Polygon","coordinates":[[[-114.636532,32.583849],[-114.635626,32.583844],[-114.635575,32.583134],[-114.636583,32.583112],[-114.636532,32.583849]]]}},{"type":"Feature","properties":{"kind":"vegetation","name":null,"osm":"way/531949117"},"geometry":{"type":"Polygon","coordinates":[[[-114.637693,32.581908],[-114.637668,32.580247],[-114.637126,32.580242],[-114.637151,32.580661],[-114.636698,32.580656],[-114.636692,32.581908],[-114.637693,32.581908]]]}},{"type":"Feature","properties":{"kind":"vegetation","name":null,"osm":"way/531949120"},"geometry":{"type":"Polygon","coordinates":[[[-114.636692,32.580151],[-114.636717,32.579387],[-114.635697,32.579371],[-114.635671,32.580145],[-114.636692,32.580151]]]}},{"type":"Feature","properties":{"kind":"vegetation","name":null,"osm":"way/531949121"},"geometry":{"type":"Polygon","coordinates":[[[-114.640835,32.579772],[-114.640792,32.579325],[-114.639848,32.57932],[-114.639869,32.579799],[-114.640835,32.579772]]]}},{"type":"Feature","properties":{"kind":"vegetation","name":null,"osm":"way/531949123"},"geometry":{"type":"Polygon","coordinates":[[[-114.639638,32.577503],[-114.639649,32.576888],[-114.640121,32.576906],[-114.640121,32.576644],[-114.638807,32.57664],[-114.638807,32.577512],[-114.639638,32.577503]]]}},{"type":"Feature","properties":{"kind":"vegetation","name":null,"osm":"way/531949124"},"geometry":{"type":"Polygon","coordinates":[[[-114.648598,32.58468],[-114.647491,32.584694],[-114.647476,32.583895],[-114.648165,32.583886],[-114.64817,32.584172],[-114.648406,32.584169],[-114.648401,32.583922],[-114.648584,32.58392],[-114.648598,32.58468]]]}},{"type":"Feature","properties":{"kind":"vegetation","name":null,"osm":"way/531949127"},"geometry":{"type":"Polygon","coordinates":[[[-114.627005,32.586418],[-114.625245,32.584935],[-114.627916,32.584883],[-114.627946,32.585721],[-114.627005,32.586418]]]}},{"type":"Feature","properties":{"kind":"vegetation","name":null,"osm":"way/531949128"},"geometry":{"type":"Polygon","coordinates":[[[-114.627916,32.584794],[-114.627946,32.584008],[-114.624122,32.583982],[-114.625276,32.584807],[-114.627916,32.584794]]]}},{"type":"Feature","properties":{"kind":"vegetation","name":null,"osm":"way/531949129"},"geometry":{"type":"Polygon","coordinates":[[[-114.627923,32.583912],[-114.624054,32.583918],[-114.623751,32.583675],[-114.623766,32.583093],[-114.627923,32.583023],[-114.627923,32.583912]]]}},{"type":"Feature","properties":{"kind":"vegetation","name":null,"osm":"way/531949130"},"geometry":{"type":"Polygon","coordinates":[[[-114.6279,32.582953],[-114.623773,32.582991],[-114.623751,32.582192],[-114.627878,32.582211],[-114.6279,32.582953]]]}},{"type":"Feature","properties":{"kind":"vegetation","name":null,"osm":"way/531949131"},"geometry":{"type":"Polygon","coordinates":[[[-114.623166,32.574746],[-114.621557,32.574746],[-114.621514,32.573037],[-114.623231,32.572974],[-114.623166,32.574746]]]}},{"type":"Feature","properties":{"kind":"vegetation","name":null,"osm":"way/531949133"},"geometry":{"type":"Polygon","coordinates":[[[-114.619132,32.574737],[-114.619154,32.572242],[-114.617791,32.573146],[-114.617823,32.574791],[-114.619132,32.574737]]]}},{"type":"Feature","properties":{"kind":"vegetation","name":null,"osm":"way/531949135"},"geometry":{"type":"Polygon","coordinates":[[[-114.617716,32.574791],[-114.617673,32.5733],[-114.615506,32.57481],[-114.617716,32.574791]]]}},{"type":"Feature","properties":{"kind":"vegetation","name":null,"osm":"way/531949136"},"geometry":{"type":"Polygon","coordinates":[[[-114.623209,32.572866],[-114.621535,32.572875],[-114.621492,32.571202],[-114.623145,32.571229],[-114.623209,32.572866]]]}},{"type":"Feature","properties":{"kind":"vegetation","name":null,"osm":"way/531949138"},"geometry":{"type":"Polygon","coordinates":[[[-114.623209,32.571112],[-114.621568,32.571103],[-114.621525,32.570587],[-114.623424,32.569077],[-114.623509,32.570777],[-114.623209,32.571112]]]}},{"type":"Feature","properties":{"kind":"vegetation","name":null,"osm":"way/531949139"},"geometry":{"type":"Polygon","coordinates":[[[-114.61512,32.574475],[-114.615066,32.571329],[-114.616922,32.571256],[-114.616965,32.573273],[-114.61512,32.574475]]]}},{"type":"Feature","properties":{"kind":"vegetation","name":null,"osm":"way/531949140"},"geometry":{"type":"Polygon","coordinates":[[[-114.617212,32.573164],[-114.617137,32.571311],[-114.619111,32.571229],[-114.619111,32.571799],[-114.617212,32.573164]]]}},{"type":"Feature","properties":{"kind":"vegetation","name":null,"osm":"way/531949141"},"geometry":{"type":"Polygon","coordinates":[[[-114.619293,32.571726],[-114.619229,32.567676],[-114.621246,32.567622],[-114.62131,32.570153],[-114.619293,32.571726]]]}},{"type":"Feature","properties":{"kind":"vegetation","name":null,"osm":"way/531949142"},"geometry":{"type":"Polygon","coordinates":[[[-114.623391,32.568779],[-114.623434,32.567622],[-114.62146,32.567622],[-114.621503,32.570117],[-114.623391,32.568779]]]}},{"type":"Feature","properties":{"kind":"vegetation","name":null,"osm":"way/531949143"},"geometry":{"type":"Polygon","coordinates":[[[-114.6191,32.571139],[-114.619089,32.567658],[-114.617126,32.567658],[-114.617169,32.571175],[-114.6191,32.571139]]]}},{"type":"Feature","properties":{"kind":"vegetation","name":null,"osm":"way/531949144"},"geometry":{"type":"Polygon","coordinates":[[[-114.616954,32.571143],[-114.616943,32.567662],[-114.61498,32.567662],[-114.615023,32.57118],[-114.616954,32.571143]]]}},{"type":"Feature","properties":{"kind":"vegetation","name":null,"osm":"way/531949147"},"geometry":{"type":"Polygon","coordinates":[[[-114.610517,32.571125],[-114.610506,32.567644],[-114.608543,32.567644],[-114.608586,32.571161],[-114.610517,32.571125]]]}},{"type":"Feature","properties":{"kind":"vegetation","name":null,"osm":"way/531967432"},"geometry":{"type":"Polygon","coordinates":[[[-114.615487,32.672468],[-114.615566,32.672359],[-114.615498,32.6723],[-114.61536,32.672318],[-114.615472,32.672215],[-114.615542,32.672107],[-114.615341,32.67196],[-114.615197,32.672102],[-114.615293,32.67229],[-114.61521,32.67233],[-114.615316,32.672493],[-114.615487,32.672468]]]}},{"type":"Feature","properties":{"kind":"vegetation","name":null,"osm":"way/531967433"},"geometry":{"type":"Polygon","coordinates":[[[-114.61466,32.672465],[-114.61474,32.67246],[-114.614704,32.672364],[-114.614619,32.672389],[-114.61466,32.672465]]]}},{"type":"Feature","properties":{"kind":"vegetation","name":null,"osm":"way/531967434"},"geometry":{"type":"Polygon","coordinates":[[[-114.614636,32.672322],[-114.61476,32.672298],[-114.614705,32.672213],[-114.614715,32.672131],[-114.614706,32.672066],[-114.614629,32.672031],[-114.614548,32.672099],[-114.614449,32.672197],[-114.614512,32.672261],[-114.614631,32.672249],[-114.614636,32.672322]]]}},{"type":"Feature","properties":{"kind":"vegetation","name":null,"osm":"way/531967435"},"geometry":{"type":"Polygon","coordinates":[[[-114.612898,32.672644],[-114.612965,32.67254],[-114.613131,32.672561],[-114.613184,32.672652],[-114.613101,32.672655],[-114.613047,32.672713],[-114.612898,32.672644]]]}},{"type":"Feature","properties":{"kind":"vegetation","name":null,"osm":"way/531967436"},"geometry":{"type":"Polygon","coordinates":[[[-114.612671,32.672278],[-114.612512,32.672317],[-114.612202,32.672327],[-114.61229,32.672182],[-114.612309,32.672255],[-114.612414,32.672256],[-114.61251,32.672192],[-114.612672,32.672201],[-114.612671,32.672278]]]}},{"type":"Feature","properties":{"kind":"vegetation","name":null,"osm":"way/531967437"},"geometry":{"type":"Polygon","coordinates":[[[-114.611985,32.672106],[-114.611942,32.672155],[-114.611891,32.672136],[-114.611805,32.672167],[-114.611802,32.67209],[-114.611745,32.672093],[-114.611736,32.672137],[-114.611575,32.672201],[-114.611561,32.672114],[-114.611652,32.672036],[-114.611742,32.672019],[-114.611954,32.672048],[-114.611985,32.672106]]]}},{"type":"Feature","properties":{"kind":"vegetation","name":null,"osm":"way/531967438"},"geometry":{"type":"Polygon","coordinates":[[[-114.610903,32.671945],[-114.610984,32.671925],[-114.611082,32.671988],[-114.61131,32.672023],[-114.611382,32.671976],[-114.611379,32.67193],[-114.611498,32.671915],[-114.611582,32.672077],[-114.611505,32.672087],[-114.611389,32.672031],[-114.611222,32.672121],[-114.611159,32.67216],[-114.611044,32.672123],[-114.61101,32.672033],[-114.610938,32.672031],[-114.610903,32.671945]]]}},{"type":"Feature","properties":{"kind":"vegetation","name":null,"osm":"way/531967440"},"geometry":{"type":"Polygon","coordinates":[[[-114.612578,32.671638],[-114.612508,32.671545],[-114.612237,32.671502],[-114.612202,32.671576],[-114.612374,32.6717],[-114.612578,32.671638]]]}},{"type":"Feature","properties":{"kind":"vegetation","name":null,"osm":"way/531967442"},"geometry":{"type":"Polygon","coordinates":[[[-114.610433,32.671429],[-114.610593,32.671482],[-114.610689,32.671433],[-114.610852,32.671383],[-114.611101,32.671389],[-114.611295,32.671448],[-114.611274,32.671519],[-114.611082,32.671539],[-114.610877,32.671514],[-114.610688,32.671569],[-114.610523,32.671591],[-114.610433,32.671429]]]}},{"type":"Feature","properties":{"kind":"vegetation","name":null,"osm":"way/531967443"},"geometry":{"type":"Polygon","coordinates":[[[-114.610037,32.671471],[-114.609903,32.671409],[-114.609887,32.671301],[-114.610026,32.671263],[-114.610062,32.671338],[-114.610092,32.671394],[-114.610037,32.671471]]]}},{"type":"Feature","properties":{"kind":"vegetation","name":null,"osm":"way/531967447"},"geometry":{"type":"Polygon","coordinates":[[[-114.615812,32.672577],[-114.615729,32.672405],[-114.615914,32.672307],[-114.615914,32.672527],[-114.615812,32.672577]]]}},{"type":"Feature","properties":{"kind":"vegetation","name":null,"osm":"way/531968084"},"geometry":{"type":"Polygon","coordinates":[[[-114.608721,32.671978],[-114.608679,32.671904],[-114.608568,32.671867],[-114.608475,32.67189],[-114.608488,32.671945],[-114.608405,32.671956],[-114.60841,32.672044],[-114.608577,32.672021],[-114.608703,32.672029],[-114.608721,32.671978]]]}},{"type":"Feature","properties":{"kind":"vegetation","name":null,"osm":"way/531968085"},"geometry":{"type":"Polygon","coordinates":[[[-114.608087,32.673034],[-114.608164,32.672961],[-114.607966,32.672373],[-114.607819,32.67247],[-114.60787,32.672953],[-114.608087,32.673034]]]}},{"type":"Feature","properties":{"kind":"vegetation","name":null,"osm":"way/531968086"},"geometry":{"type":"Polygon","coordinates":[[[-114.61237,32.673079],[-114.61193,32.673269],[-114.61189,32.673428],[-114.611944,32.673466],[-114.612133,32.673314],[-114.612273,32.673238],[-114.612431,32.673208],[-114.61237,32.673079]]]}},{"type":"Feature","properties":{"kind":"vegetation","name":null,"osm":"way/536196977"},"geometry":{"type":"Polygon","coordinates":[[[-114.657445,32.678754],[-114.658128,32.678747],[-114.658118,32.677961],[-114.657434,32.677968],[-114.657445,32.678754]]]}},{"type":"Feature","properties":{"kind":"vegetation","name":null,"osm":"way/540162948"},"geometry":{"type":"Polygon","coordinates":[[[-114.641161,32.625618],[-114.637747,32.625659],[-114.637648,32.624487],[-114.641136,32.623552],[-114.641161,32.625618]]]}},{"type":"Feature","properties":{"kind":"vegetation","name":null,"osm":"way/540162949"},"geometry":{"type":"Polygon","coordinates":[[[-114.641112,32.623262],[-114.637599,32.624186],[-114.637266,32.622774],[-114.637957,32.62102],[-114.639435,32.620428],[-114.640594,32.62047],[-114.641112,32.61994],[-114.641112,32.623262]]]}},{"type":"Feature","properties":{"kind":"vegetation","name":null,"osm":"way/540162950"},"geometry":{"type":"Polygon","coordinates":[[[-114.642903,32.62205],[-114.641192,32.622065],[-114.641161,32.61965],[-114.641425,32.619],[-114.642287,32.618951],[-114.642852,32.619088],[-114.642903,32.62205]]]}},{"type":"Feature","properties":{"kind":"vegetation","name":null,"osm":"way/540162951"},"geometry":{"type":"Polygon","coordinates":[[[-114.645569,32.62201],[-114.643005,32.622028],[-114.643007,32.619123],[-114.644063,32.619125],[-114.644067,32.619758],[-114.645574,32.619761],[-114.645569,32.62201]]]}},{"type":"Feature","properties":{"kind":"vegetation","name":null,"osm":"way/540162952"},"geometry":{"type":"Polygon","coordinates":[[[-114.64101,32.617356],[-114.641071,32.618228],[-114.640344,32.61856],[-114.639716,32.619442],[-114.638643,32.619847],[-114.638249,32.619806],[-114.63804,32.620138],[-114.637275,32.62047],[-114.636462,32.620211],[-114.636487,32.620532],[-114.635624,32.621062],[-114.635599,32.620252],[-114.635723,32.619702],[-114.636696,32.618861],[-114.63767,32.618425],[-114.639198,32.617699],[-114.640948,32.61719],[-114.64101,32.617356]]]}},{"type":"Feature","properties":{"kind":"vegetation","name":null,"osm":"way/540162953"},"geometry":{"type":"Polygon","coordinates":[[[-114.636832,32.625646],[-114.636548,32.625503],[-114.63611,32.6235],[-114.636138,32.621795],[-114.636393,32.621676],[-114.636563,32.621068],[-114.637016,32.62108],[-114.636364,32.622594],[-114.636478,32.623679],[-114.636846,32.624681],[-114.636832,32.625646]]]}},{"type":"Feature","properties":{"kind":"vegetation","name":null,"osm":"way/540162954"},"geometry":{"type":"Polygon","coordinates":[[[-114.636805,32.625696],[-114.635982,32.625682],[-114.635685,32.621593],[-114.63601,32.621867],[-114.636043,32.623539],[-114.636483,32.625528],[-114.636805,32.625696]]]}},{"type":"Feature","properties":{"kind":"vegetation","name":null,"osm":"way/540162969"},"geometry":{"type":"Polygon","coordinates":[[[-114.633734,32.618519],[-114.6328,32.61851],[-114.632822,32.615655],[-114.633766,32.615618],[-114.633734,32.618519]]]}},{"type":"Feature","properties":{"kind":"vegetation","name":null,"osm":"way/540162972"},"geometry":{"type":"Polygon","coordinates":[[[-114.639816,32.632684],[-114.639599,32.632731],[-114.638411,32.632771],[-114.638304,32.632364],[-114.638375,32.631964],[-114.638193,32.630747],[-114.637967,32.630394],[-114.637683,32.62978],[-114.638498,32.629781],[-114.639893,32.630866],[-114.64006,32.631082],[-114.640084,32.63149],[-114.639816,32.632684]]]}},{"type":"Feature","properties":{"kind":"vegetation","name":null,"osm":"way/540410825"},"geometry":{"type":"Polygon","coordinates":[[[-114.63151,32.658706],[-114.63151,32.658452],[-114.631484,32.658428],[-114.631422,32.658436],[-114.63136,32.658477],[-114.631324,32.658508],[-114.631259,32.658471],[-114.631189,32.65849],[-114.631187,32.65855],[-114.63126,32.658569],[-114.631285,32.658595],[-114.63129,32.65855],[-114.631455,32.658541],[-114.631466,32.658714],[-114.63151,32.658706]]]}},{"type":"Feature","properties":{"kind":"vegetation","name":null,"osm":"way/540410826"},"geometry":{"type":"Polygon","coordinates":[[[-114.63116,32.658531],[-114.631086,32.658509],[-114.631004,32.658516],[-114.630934,32.658542],[-114.630941,32.658573],[-114.63101,32.658597],[-114.631162,32.658599],[-114.63116,32.658531]]]}},{"type":"Feature","properties":{"kind":"vegetation","name":null,"osm":"way/540410827"},"geometry":{"type":"Polygon","coordinates":[[[-114.627978,32.659494],[-114.62787,32.659498],[-114.627871,32.659467],[-114.627937,32.659404],[-114.628046,32.659315],[-114.628036,32.659451],[-114.62799,32.659455],[-114.627978,32.659494]]]}},{"type":"Feature","properties":{"kind":"vegetation","name":null,"osm":"way/540410828"},"geometry":{"type":"Polygon","coordinates":[[[-114.624616,32.658773],[-114.624562,32.658834],[-114.624461,32.658754],[-114.624505,32.658612],[-114.624569,32.658567],[-114.624589,32.658575],[-114.624583,32.658768],[-114.624616,32.658773]]]}},{"type":"Feature","properties":{"kind":"vegetation","name":null,"osm":"way/540672982"},"geometry":{"type":"Polygon","coordinates":[[[-114.615529,32.655495],[-114.612748,32.655509],[-114.612337,32.655653],[-114.612154,32.655879],[-114.611728,32.655536],[-114.612382,32.654961],[-114.615594,32.654958],[-114.615529,32.655495]]]}},{"type":"Feature","properties":{"kind":"vegetation","name":null,"osm":"way/540672984"},"geometry":{"type":"Polygon","coordinates":[[[-114.614451,32.656621],[-114.615569,32.656621],[-114.615586,32.65568],[-114.614712,32.655622],[-114.614728,32.656132],[-114.614293,32.656128],[-114.614293,32.656317],[-114.614362,32.65633],[-114.614354,32.656621],[-114.614451,32.656621]]]}},{"type":"Feature","properties":{"kind":"vegetation","name":null,"osm":"way/540672988"},"geometry":{"type":"Polygon","coordinates":[[[-114.613963,32.656623],[-114.613504,32.65662],[-114.613477,32.656151],[-114.613961,32.656144],[-114.613963,32.656623]]]}},{"type":"Feature","properties":{"kind":"vegetation","name":null,"osm":"way/540672989"},"geometry":{"type":"Polygon","coordinates":[[[-114.613365,32.65662],[-114.61304,32.656622],[-114.613024,32.656533],[-114.613156,32.656533],[-114.61316,32.65613],[-114.613211,32.656141],[-114.613245,32.65643],[-114.613371,32.656435],[-114.613443,32.656541],[-114.613365,32.65662]]]}},{"type":"Feature","properties":{"kind":"vegetation","name":null,"osm":"way/540672990"},"geometry":{"type":"Polygon","coordinates":[[[-114.612853,32.656618],[-114.612306,32.656615],[-114.61227,32.65632],[-114.612345,32.656319],[-114.612359,32.656414],[-114.612538,32.656406],[-114.612544,32.656531],[-114.612914,32.656533],[-114.612853,32.656618]]]}},{"type":"Feature","properties":{"kind":"vegetation","name":null,"osm":"way/540672991"},"geometry":{"type":"Polygon","coordinates":[[[-114.612926,32.655869],[-114.612528,32.65587],[-114.612337,32.656065],[-114.612272,32.656043],[-114.612455,32.655761],[-114.612745,32.655651],[-114.612912,32.655643],[-114.612926,32.655869]]]}},{"type":"Feature","properties":{"kind":"vegetation","name":null,"osm":"way/540672992"},"geometry":{"type":"Polygon","coordinates":[[[-114.613447,32.657759],[-114.612337,32.657752],[-114.612308,32.656777],[-114.613605,32.656777],[-114.613447,32.657759]]]}},{"type":"Feature","properties":{"kind":"vegetation","name":null,"osm":"way/540672994"},"geometry":{"type":"Polygon","coordinates":[[[-114.62111,32.647739],[-114.621099,32.647596],[-114.622349,32.647597],[-114.622356,32.647739],[-114.62111,32.647739]]]}},{"type":"Feature","properties":{"kind":"vegetation","name":null,"osm":"way/540672997"},"geometry":{"type":"Polygon","coordinates":[[[-114.637384,32.640163],[-114.637214,32.633785],[-114.638304,32.633069],[-114.638885,32.633129],[-114.639791,32.633123],[-114.640272,32.636407],[-114.639947,32.637007],[-114.640329,32.638345],[-114.640874,32.639438],[-114.640768,32.640175],[-114.639026,32.64021],[-114.637384,32.640163]]]}},{"type":"Feature","properties":{"kind":"water","name":null,"osm":"way/543027859"},"geometry":{"type":"Polygon","coordinates":[[[-114.650274,32.705663],[-114.6503,32.703945],[-114.649893,32.703946],[-114.649952,32.705115],[-114.649587,32.705115],[-114.649582,32.705657],[-114.650274,32.705663]]]}},{"type":"Feature","properties":{"kind":"water","name":null,"osm":"way/550304642"},"geometry":{"type":"Polygon","coordinates":[[[-114.641878,32.700708],[-114.642187,32.700962],[-114.642498,32.701405],[-114.642518,32.70143],[-114.642536,32.701454],[-114.642598,32.701662],[-114.642576,32.701825],[-114.642485,32.702093],[-114.642375,32.702061],[-114.641882,32.702068],[-114.641878,32.700708]]]}},{"type":"Feature","properties":{"kind":"water","name":null,"osm":"way/550305818"},"geometry":{"type":"Polygon","coordinates":[[[-114.641427,32.70524],[-114.641538,32.70527],[-114.641574,32.705277],[-114.641508,32.705412],[-114.64144,32.705554],[-114.641381,32.705606],[-114.641239,32.705685],[-114.638194,32.705688],[-114.638197,32.705313],[-114.638197,32.705277],[-114.638197,32.705228],[-114.641427,32.70524]]]}},{"type":"Feature","properties":{"kind":"water","name":null,"osm":"way/550307384"},"geometry":{"type":"Polygon","coordinates":[[[-114.63713,32.714922],[-114.636275,32.714906],[-114.636138,32.714906],[-114.636143,32.715694],[-114.636637,32.715308],[-114.63713,32.714922]]]}},{"type":"Feature","properties":{"kind":"water","name":null,"osm":"way/550307385"},"geometry":{"type":"Polygon","coordinates":[[[-114.633847,32.716726],[-114.63381,32.716727],[-114.633804,32.717237],[-114.633889,32.717231],[-114.634042,32.717086],[-114.634221,32.716972],[-114.634619,32.71672],[-114.63455,32.716713],[-114.634515,32.716711],[-114.634365,32.716709],[-114.63389,32.716713],[-114.633847,32.716726]]]}},{"type":"Feature","properties":{"kind":"water","name":null,"osm":"way/550366797"},"geometry":{"type":"Polygon","coordinates":[[[-114.665434,32.714844],[-114.665546,32.716712],[-114.664317,32.716708],[-114.663271,32.716705],[-114.663257,32.71488],[-114.664383,32.714841],[-114.665434,32.714844]]]}},{"type":"Feature","properties":{"kind":"vegetation","name":null,"osm":"way/703498667"},"geometry":{"type":"Polygon","coordinates":[[[-114.744379,32.708797],[-114.743274,32.70791],[-114.744022,32.707007],[-114.745151,32.707846],[-114.744379,32.708797]]]}},{"type":"Feature","properties":{"kind":"vegetation","name":null,"osm":"way/703498687"},"geometry":{"type":"Polygon","coordinates":[[[-114.730759,32.711144],[-114.73104,32.710779],[-114.731324,32.710191],[-114.730573,32.709766],[-114.730147,32.709924],[-114.72977,32.710495],[-114.730074,32.710809],[-114.730759,32.711144]]]}},{"type":"Feature","properties":{"kind":"vegetation","name":null,"osm":"way/722281775"},"geometry":{"type":"Polygon","coordinates":[[[-114.628648,32.694013],[-114.62836,32.694014],[-114.62836,32.693846],[-114.628429,32.693846],[-114.628477,32.693888],[-114.62853,32.693887],[-114.628575,32.693846],[-114.628646,32.693846],[-114.628648,32.694013]]]}},{"type":"Feature","properties":{"kind":"vegetation","name":"Roxaboxen Park","osm":"way/723265299"},"geometry":{"type":"Polygon","coordinates":[[[-114.621497,32.713009],[-114.62198,32.713009],[-114.622006,32.712981],[-114.622008,32.712545],[-114.621502,32.71255],[-114.621497,32.713009]]]}},{"type":"Feature","properties":{"kind":"vegetation","name":null,"osm":"way/723346800"},"geometry":{"type":"Polygon","coordinates":[[[-114.60592,32.707507],[-114.605915,32.705971],[-114.604316,32.705966],[-114.604321,32.707516],[-114.60592,32.707507]]]}},{"type":"Feature","properties":{"kind":"vegetation","name":null,"osm":"way/723346801"},"geometry":{"type":"Polygon","coordinates":[[[-114.604254,32.707528],[-114.604256,32.705985],[-114.602452,32.705984],[-114.60245,32.707527],[-114.604254,32.707528]]]}},{"type":"Feature","properties":{"kind":"vegetation","name":null,"osm":"way/723346802"},"geometry":{"type":"Polygon","coordinates":[[[-114.602376,32.70773],[-114.602387,32.706012],[-114.600638,32.706004],[-114.600627,32.707722],[-114.602376,32.70773]]]}},{"type":"Feature","properties":{"kind":"vegetation","name":null,"osm":"way/723346803"},"geometry":{"type":"Polygon","coordinates":[[[-114.600628,32.707831],[-114.600612,32.7093],[-114.601896,32.7093],[-114.602085,32.709244],[-114.602184,32.709127],[-114.602308,32.708607],[-114.602275,32.707838],[-114.600628,32.707831]]]}},{"type":"Feature","properties":{"kind":"vegetation","name":null,"osm":"way/723346804"},"geometry":{"type":"Polygon","coordinates":[[[-114.600552,32.709291],[-114.600548,32.707864],[-114.599016,32.707867],[-114.599021,32.709295],[-114.600552,32.709291]]]}},{"type":"Feature","properties":{"kind":"vegetation","name":null,"osm":"way/723346805"},"geometry":{"type":"Polygon","coordinates":[[[-114.600562,32.70772],[-114.600579,32.706044],[-114.599146,32.706037],[-114.599047,32.706106],[-114.59908,32.70664],[-114.599047,32.706972],[-114.599039,32.70718],[-114.599006,32.707713],[-114.600562,32.70772]]]}},{"type":"Feature","properties":{"kind":"vegetation","name":null,"osm":"way/723346806"},"geometry":{"type":"Polygon","coordinates":[[[-114.590322,32.709522],[-114.598452,32.709524],[-114.59858,32.709484],[-114.598659,32.709415],[-114.598715,32.709282],[-114.59871,32.707746],[-114.590308,32.707778],[-114.590322,32.709522]]]}},{"type":"Feature","properties":{"kind":"vegetation","name":null,"osm":"way/723346807"},"geometry":{"type":"Polygon","coordinates":[[[-114.598677,32.707651],[-114.598669,32.705905],[-114.590337,32.705934],[-114.590346,32.707679],[-114.598677,32.707651]]]}},{"type":"Feature","properties":{"kind":"vegetation","name":null,"osm":"way/723346808"},"geometry":{"type":"Polygon","coordinates":[[[-114.605845,32.707703],[-114.606361,32.707686],[-114.606976,32.707692],[-114.607077,32.707716],[-114.607143,32.707799],[-114.607198,32.708102],[-114.607185,32.708407],[-114.607107,32.708674],[-114.607041,32.708957],[-114.606907,32.709238],[-114.60675,32.709351],[-114.606587,32.709392],[-114.605818,32.709403],[-114.605845,32.707703]]]}},{"type":"Feature","properties":{"kind":"vegetation","name":null,"osm":"way/723346809"},"geometry":{"type":"Polygon","coordinates":[[[-114.605786,32.709401],[-114.605795,32.707609],[-114.604847,32.707623],[-114.604752,32.70765],[-114.604706,32.707714],[-114.604677,32.707799],[-114.6047,32.708242],[-114.605321,32.708272],[-114.605315,32.709406],[-114.605786,32.709401]]]}},{"type":"Feature","properties":{"kind":"vegetation","name":null,"osm":"way/723346810"},"geometry":{"type":"Polygon","coordinates":[[[-114.60462,32.7094],[-114.604634,32.707629],[-114.603519,32.707623],[-114.603505,32.709393],[-114.60462,32.7094]]]}},{"type":"Feature","properties":{"kind":"vegetation","name":null,"osm":"way/723346811"},"geometry":{"type":"Polygon","coordinates":[[[-114.60345,32.709411],[-114.60346,32.707648],[-114.602517,32.707644],[-114.602509,32.709084],[-114.602424,32.709313],[-114.602423,32.709407],[-114.60345,32.709411]]]}},{"type":"Feature","properties":{"kind":"vegetation","name":null,"osm":"way/723347167"},"geometry":{"type":"Polygon","coordinates":[[[-114.60176,32.711218],[-114.606645,32.711213],[-114.606749,32.711087],[-114.606788,32.710945],[-114.606785,32.709581],[-114.601758,32.709587],[-114.60176,32.711218]]]}},{"type":"Feature","properties":{"kind":"vegetation","name":null,"osm":"way/723347168"},"geometry":{"type":"Polygon","coordinates":[[[-114.60094,32.705723],[-114.600935,32.704152],[-114.599077,32.704189],[-114.599068,32.705752],[-114.60094,32.705723]]]}},{"type":"Feature","properties":{"kind":"vegetation","name":null,"osm":"way/723347169"},"geometry":{"type":"Polygon","coordinates":[[[-114.600867,32.703942],[-114.600847,32.702868],[-114.600348,32.702872],[-114.599908,32.702794],[-114.599527,32.702523],[-114.599454,32.702387],[-114.599097,32.702395],[-114.599102,32.70393],[-114.600867,32.703942]]]}},{"type":"Feature","properties":{"kind":"vegetation","name":null,"osm":"way/723348276"},"geometry":{"type":"Polygon","coordinates":[[[-114.596659,32.712834],[-114.596644,32.711317],[-114.594653,32.711331],[-114.594662,32.712248],[-114.595324,32.712244],[-114.595383,32.712283],[-114.595413,32.712348],[-114.595416,32.712695],[-114.595477,32.712779],[-114.595587,32.712824],[-114.596659,32.712834]]]}},{"type":"Feature","properties":{"kind":"vegetation","name":null,"osm":"way/723348277"},"geometry":{"type":"Polygon","coordinates":[[[-114.59672,32.711282],[-114.596722,32.710455],[-114.594674,32.710451],[-114.594672,32.711278],[-114.59672,32.711282]]]}},{"type":"Feature","properties":{"kind":"vegetation","name":null,"osm":"way/723348278"},"geometry":{"type":"Polygon","coordinates":[[[-114.594392,32.711262],[-114.594521,32.711226],[-114.594563,32.711135],[-114.594545,32.709659],[-114.594521,32.709611],[-114.59444,32.709581],[-114.592699,32.709588],[-114.592586,32.709637],[-114.592497,32.709713],[-114.592444,32.709789],[-114.592463,32.711194],[-114.592524,32.711249],[-114.592625,32.711271],[-114.594392,32.711262]]]}},{"type":"Feature","properties":{"kind":"vegetation","name":null,"osm":"way/723348279"},"geometry":{"type":"Polygon","coordinates":[[[-114.594554,32.712234],[-114.594554,32.711372],[-114.592465,32.711372],[-114.592465,32.712],[-114.592477,32.712129],[-114.592607,32.712189],[-114.592867,32.712229],[-114.594554,32.712234]]]}},{"type":"Feature","properties":{"kind":"vegetation","name":null,"osm":"way/723348280"},"geometry":{"type":"Polygon","coordinates":[[[-114.593752,32.713138],[-114.593752,32.712371],[-114.592492,32.712371],[-114.592492,32.713138],[-114.593752,32.713138]]]}},{"type":"Feature","properties":{"kind":"vegetation","name":null,"osm":"way/723348281"},"geometry":{"type":"Polygon","coordinates":[[[-114.592357,32.713117],[-114.592386,32.712281],[-114.592356,32.712218],[-114.592277,32.712195],[-114.590372,32.712223],[-114.590323,32.71224],[-114.590298,32.712278],[-114.590313,32.713054],[-114.590343,32.713102],[-114.590418,32.713121],[-114.592357,32.713117]]]}},{"type":"Feature","properties":{"kind":"vegetation","name":null,"osm":"way/723348282"},"geometry":{"type":"Polygon","coordinates":[[[-114.592388,32.712109],[-114.590403,32.712132],[-114.590324,32.712086],[-114.590322,32.710884],[-114.592388,32.710864],[-114.592388,32.712109]]]}},{"type":"Feature","properties":{"kind":"vegetation","name":null,"osm":"way/723348283"},"geometry":{"type":"Polygon","coordinates":[[[-114.592391,32.710822],[-114.59032,32.710847],[-114.590305,32.709691],[-114.590313,32.709638],[-114.590346,32.709601],[-114.590409,32.709587],[-114.592371,32.709584],[-114.592391,32.710822]]]}},{"type":"Feature","properties":{"kind":"vegetation","name":null,"osm":"way/723349613"},"geometry":{"type":"Polygon","coordinates":[[[-114.598664,32.714988],[-114.59867,32.713302],[-114.598622,32.713202],[-114.598541,32.713147],[-114.598438,32.71313],[-114.597106,32.713075],[-114.596817,32.713083],[-114.596738,32.713114],[-114.596703,32.713173],[-114.596666,32.714956],[-114.598664,32.714988]]]}},{"type":"Feature","properties":{"kind":"vegetation","name":null,"osm":"way/723349614"},"geometry":{"type":"Polygon","coordinates":[[[-114.598646,32.716683],[-114.598664,32.715095],[-114.598593,32.715021],[-114.596674,32.715001],[-114.596707,32.716672],[-114.596742,32.716732],[-114.596819,32.716796],[-114.596935,32.716813],[-114.598401,32.716786],[-114.598555,32.716761],[-114.598646,32.716683]]]}},{"type":"Feature","properties":{"kind":"vegetation","name":null,"osm":"way/723349615"},"geometry":{"type":"Polygon","coordinates":[[[-114.596598,32.716672],[-114.596587,32.715017],[-114.594656,32.714968],[-114.594646,32.71661],[-114.594659,32.716678],[-114.594701,32.71673],[-114.594797,32.716755],[-114.596314,32.716734],[-114.596552,32.716717],[-114.596598,32.716672]]]}},{"type":"Feature","properties":{"kind":"vegetation","name":null,"osm":"way/723349616"},"geometry":{"type":"Polygon","coordinates":[[[-114.594643,32.714914],[-114.594643,32.713467],[-114.594683,32.713419],[-114.594792,32.713375],[-114.595264,32.713361],[-114.595379,32.713298],[-114.595517,32.713163],[-114.595643,32.713143],[-114.596488,32.713148],[-114.596557,32.713235],[-114.596598,32.713279],[-114.596586,32.714962],[-114.594643,32.714914]]]}},{"type":"Feature","properties":{"kind":"vegetation","name":null,"osm":"way/723349623"},"geometry":{"type":"Polygon","coordinates":[[[-114.594498,32.715111],[-114.592471,32.715077],[-114.592416,32.715051],[-114.592417,32.714919],[-114.592492,32.714898],[-114.592428,32.714841],[-114.592437,32.713217],[-114.592502,32.713165],[-114.593544,32.713169],[-114.593615,32.713188],[-114.593679,32.713244],[-114.593765,32.713293],[-114.593897,32.713321],[-114.594099,32.713333],[-114.594487,32.713335],[-114.594545,32.713358],[-114.594549,32.713423],[-114.594575,32.714521],[-114.594503,32.714599],[-114.594498,32.715111]]]}},{"type":"Feature","properties":{"kind":"vegetation","name":null,"osm":"way/723349624"},"geometry":{"type":"Polygon","coordinates":[[[-114.592337,32.715008],[-114.592371,32.71324],[-114.592355,32.713201],[-114.592299,32.713179],[-114.590404,32.713182],[-114.590325,32.713206],[-114.590307,32.713276],[-114.59031,32.715052],[-114.592252,32.71509],[-114.592316,32.715066],[-114.592337,32.715008]]]}},{"type":"Feature","properties":{"kind":"vegetation","name":null,"osm":"way/723349625"},"geometry":{"type":"Polygon","coordinates":[[[-114.594581,32.716722],[-114.594588,32.715125],[-114.592442,32.715118],[-114.592435,32.716716],[-114.594581,32.716722]]]}},{"type":"Feature","properties":{"kind":"vegetation","name":null,"osm":"way/723349626"},"geometry":{"type":"Polygon","coordinates":[[[-114.592317,32.71656],[-114.592317,32.715108],[-114.59032,32.715128],[-114.590293,32.71668],[-114.590311,32.716796],[-114.590358,32.716856],[-114.590436,32.716876],[-114.592073,32.716861],[-114.59221,32.716831],[-114.592257,32.716786],[-114.592263,32.71672],[-114.592263,32.716595],[-114.592317,32.71656]]]}},{"type":"Feature","properties":{"kind":"vegetation","name":null,"osm":"way/723349627"},"geometry":{"type":"Polygon","coordinates":[[[-114.606166,32.712916],[-114.606246,32.712895],[-114.606392,32.71279],[-114.606472,32.712637],[-114.606786,32.711702],[-114.606735,32.711468],[-114.606625,32.711345],[-114.601773,32.711339],[-114.601729,32.71177],[-114.601598,32.712077],[-114.601357,32.712421],[-114.601167,32.712747],[-114.601108,32.712859],[-114.601142,32.712884],[-114.606166,32.712916]]]}},{"type":"Feature","properties":{"kind":"water","name":null,"osm":"way/723536621"},"geometry":{"type":"Polygon","coordinates":[[[-114.603785,32.714001],[-114.603847,32.714111],[-114.603873,32.714231],[-114.603867,32.714318],[-114.603885,32.714399],[-114.603974,32.714475],[-114.604058,32.714511],[-114.60415,32.714521],[-114.604249,32.714496],[-114.604319,32.71445],[-114.604369,32.714376],[-114.604395,32.7143],[-114.604363,32.714195],[-114.604315,32.714133],[-114.604231,32.71408],[-114.604174,32.714014],[-114.60416,32.713923],[-114.604166,32.713868],[-114.604192,32.713817],[-114.604271,32.713756],[-114.604311,32.713675],[-114.604307,32.713596],[-114.604275,32.713533],[-114.604215,32.713489],[-114.60414,32.713466],[-114.60407,32.713466],[-114.603976,32.713496],[-114.603896,32.713565],[-114.603793,32.713619],[-114.603665,32.713628],[-114.603546,32.713599],[-114.603476,32.713552],[-114.6034,32.713532],[-114.603302,32.713552],[-114.603245,32.713601],[-114.603221,32.713667],[-114.603239,32.713739],[-114.603294,32.713787],[-114.603362,32.71381],[-114.603492,32.713824],[-114.603593,32.713854],[-114.603709,32.713925],[-114.603785,32.714001]]]}},{"type":"Feature","properties":{"kind":"vegetation","name":null,"osm":"way/723536641"},"geometry":{"type":"Polygon","coordinates":[[[-114.604487,32.71659],[-114.60448,32.715454],[-114.604355,32.715444],[-114.604231,32.715394],[-114.604123,32.715313],[-114.604041,32.715244],[-114.604014,32.715198],[-114.603961,32.715215],[-114.603958,32.715376],[-114.603909,32.715694],[-114.603971,32.715738],[-114.604003,32.715785],[-114.604023,32.715821],[-114.604032,32.715858],[-114.604028,32.715895],[-114.604018,32.71593],[-114.603872,32.716254],[-114.603703,32.71648],[-114.603823,32.71652],[-114.603985,32.716556],[-114.604155,32.716585],[-114.604336,32.716598],[-114.604487,32.71659]]]}},{"type":"Feature","properties":{"kind":"vegetation","name":null,"osm":"way/723536642"},"geometry":{"type":"Polygon","coordinates":[[[-114.599644,32.715465],[-114.599531,32.7155],[-114.599518,32.715523],[-114.599516,32.715553],[-114.59949,32.715568],[-114.599478,32.715622],[-114.599452,32.715688],[-114.599429,32.715721],[-114.599376,32.715775],[-114.599477,32.715986],[-114.599563,32.716127],[-114.599622,32.716197],[-114.599688,32.71627],[-114.599771,32.716347],[-114.599902,32.716433],[-114.600059,32.716511],[-114.600233,32.716571],[-114.600414,32.716616],[-114.600575,32.716632],[-114.600723,32.716634],[-114.600777,32.716616],[-114.600802,32.716585],[-114.600797,32.716396],[-114.600648,32.716395],[-114.600502,32.716379],[-114.600336,32.71634],[-114.600188,32.716286],[-114.600083,32.71623],[-114.599997,32.716174],[-114.599847,32.716035],[-114.599741,32.715868],[-114.599672,32.715691],[-114.599648,32.715563],[-114.599644,32.715465]]]}},{"type":"Feature","properties":{"kind":"vegetation","name":null,"osm":"way/724438754"},"geometry":{"type":"Polygon","coordinates":[[[-114.622486,32.723602],[-114.622482,32.723478],[-114.622223,32.723478],[-114.622224,32.723856],[-114.622319,32.723858],[-114.622318,32.723811],[-114.622327,32.723811],[-114.622329,32.723781],[-114.622335,32.723759],[-114.622351,32.723724],[-114.622366,32.723704],[-114.622398,32.723674],[-114.622486,32.723602]]]}},{"type":"Feature","properties":{"kind":"vegetation","name":null,"osm":"way/725909992"},"geometry":{"type":"Polygon","coordinates":[[[-114.58824,32.707669],[-114.590067,32.707669],[-114.590147,32.707645],[-114.590201,32.707595],[-114.590222,32.707539],[-114.590225,32.705954],[-114.590209,32.70592],[-114.590158,32.705907],[-114.58823,32.705907],[-114.58824,32.707669]]]}},{"type":"Feature","properties":{"kind":"vegetation","name":null,"osm":"way/725909993"},"geometry":{"type":"Polygon","coordinates":[[[-114.590257,32.711302],[-114.590195,32.711315],[-114.588334,32.711292],[-114.588256,32.711269],[-114.588229,32.711214],[-114.588236,32.711066],[-114.588186,32.711063],[-114.58817,32.708006],[-114.588217,32.707911],[-114.588303,32.707865],[-114.590031,32.707862],[-114.590148,32.707878],[-114.59023,32.707927],[-114.590257,32.711302]]]}},{"type":"Feature","properties":{"kind":"vegetation","name":null,"osm":"way/725909994"},"geometry":{"type":"Polygon","coordinates":[[[-114.590257,32.712144],[-114.590226,32.71218],[-114.588201,32.71218],[-114.588178,32.711502],[-114.588326,32.71142],[-114.590253,32.71143],[-114.590257,32.712144]]]}},{"type":"Feature","properties":{"kind":"vegetation","name":null,"osm":"way/725909995"},"geometry":{"type":"Polygon","coordinates":[[[-114.590253,32.713088],[-114.590215,32.713133],[-114.588194,32.71314],[-114.588186,32.712354],[-114.58833,32.712282],[-114.590063,32.712272],[-114.590172,32.712305],[-114.590246,32.712337],[-114.590253,32.713088]]]}},{"type":"Feature","properties":{"kind":"vegetation","name":null,"osm":"way/725909996"},"geometry":{"type":"Polygon","coordinates":[[[-114.588156,32.713231],[-114.588149,32.714568],[-114.588247,32.71467],[-114.588258,32.71485],[-114.588269,32.714958],[-114.588296,32.715005],[-114.588386,32.715028],[-114.590247,32.715034],[-114.590251,32.713256],[-114.590146,32.713218],[-114.588156,32.713231]]]}},{"type":"Feature","properties":{"kind":"vegetation","name":null,"osm":"way/725909997"},"geometry":{"type":"Polygon","coordinates":[[[-114.590251,32.716819],[-114.590119,32.716863],[-114.588458,32.716872],[-114.588356,32.716869],[-114.588296,32.716819],[-114.588281,32.716743],[-114.588281,32.716511],[-114.588228,32.716514],[-114.588217,32.715088],[-114.590244,32.715092],[-114.590251,32.716819]]]}},{"type":"Feature","properties":{"kind":"vegetation","name":null,"osm":"way/725909998"},"geometry":{"type":"Polygon","coordinates":[[[-114.586007,32.715157],[-114.586011,32.7167],[-114.587939,32.716685],[-114.588012,32.716671],[-114.588046,32.716621],[-114.58805,32.716481],[-114.588106,32.716477],[-114.588097,32.715135],[-114.586007,32.715157]]]}},{"type":"Feature","properties":{"kind":"vegetation","name":null,"osm":"way/725909999"},"geometry":{"type":"Polygon","coordinates":[[[-114.588123,32.714572],[-114.58805,32.714636],[-114.588055,32.714984],[-114.588037,32.715035],[-114.587991,32.715067],[-114.586011,32.715088],[-114.586007,32.713243],[-114.588119,32.71324],[-114.588123,32.714572]]]}},{"type":"Feature","properties":{"kind":"vegetation","name":null,"osm":"way/734608490"},"geometry":{"type":"Polygon","coordinates":[[[-114.58605,32.713139],[-114.586093,32.713162],[-114.588091,32.713146],[-114.588083,32.712356],[-114.586042,32.712334],[-114.58605,32.713139]]]}},{"type":"Feature","properties":{"kind":"vegetation","name":null,"osm":"way/734608491"},"geometry":{"type":"Polygon","coordinates":[[[-114.586045,32.712226],[-114.58619,32.712266],[-114.588035,32.712264],[-114.588083,32.712237],[-114.588078,32.711492],[-114.587885,32.711424],[-114.586039,32.711415],[-114.586045,32.712226]]]}},{"type":"Feature","properties":{"kind":"vegetation","name":null,"osm":"way/734608492"},"geometry":{"type":"Polygon","coordinates":[[[-114.588075,32.711325],[-114.588072,32.710469],[-114.58604,32.710459],[-114.586031,32.711325],[-114.588075,32.711325]]]}},{"type":"Feature","properties":{"kind":"vegetation","name":null,"osm":"way/734608493"},"geometry":{"type":"Polygon","coordinates":[[[-114.586042,32.710334],[-114.587981,32.710337],[-114.588009,32.710291],[-114.588009,32.710164],[-114.588067,32.71016],[-114.588063,32.708054],[-114.58802,32.708054],[-114.588016,32.707909],[-114.587966,32.707847],[-114.586027,32.707847],[-114.586042,32.710334]]]}},{"type":"Feature","properties":{"kind":"vegetation","name":null,"osm":"way/734608494"},"geometry":{"type":"Polygon","coordinates":[[[-114.588046,32.706121],[-114.58804,32.707699],[-114.587976,32.707742],[-114.586128,32.707737],[-114.586018,32.707683],[-114.586015,32.706142],[-114.588046,32.706121]]]}},{"type":"Feature","properties":{"kind":"water","name":null,"osm":"way/734608504"},"geometry":{"type":"Polygon","coordinates":[[[-114.60664,32.718864],[-114.606685,32.71891],[-114.607204,32.718848],[-114.607268,32.718822],[-114.607291,32.718731],[-114.60727,32.718523],[-114.607228,32.718452],[-114.607039,32.7184],[-114.606469,32.71846],[-114.606371,32.718478],[-114.606348,32.718498],[-114.606354,32.718528],[-114.606454,32.718596],[-114.606555,32.718725],[-114.60664,32.718864]]]}},{"type":"Feature","properties":{"kind":"water","name":null,"osm":"way/734608505"},"geometry":{"type":"Polygon","coordinates":[[[-114.605343,32.717677],[-114.605655,32.717966],[-114.605753,32.718016],[-114.605818,32.717992],[-114.606046,32.717964],[-114.606155,32.717923],[-114.606226,32.717839],[-114.606327,32.7177],[-114.606343,32.717633],[-114.606262,32.717591],[-114.606195,32.717582],[-114.606138,32.71761],[-114.606002,32.717577],[-114.60596,32.717606],[-114.605871,32.717585],[-114.605751,32.717585],[-114.605724,32.717596],[-114.605659,32.717566],[-114.605613,32.717568],[-114.605569,32.717592],[-114.605352,32.717619],[-114.605343,32.717677]]]}},{"type":"Feature","properties":{"kind":"water","name":null,"osm":"way/734608506"},"geometry":{"type":"Polygon","coordinates":[[[-114.603462,32.717803],[-114.604262,32.717635],[-114.604502,32.717611],[-114.604707,32.717609],[-114.604914,32.717587],[-114.604924,32.717549],[-114.60487,32.717509],[-114.604792,32.717532],[-114.604733,32.717534],[-114.604613,32.717523],[-114.604257,32.717518],[-114.603846,32.717557],[-114.603485,32.717713],[-114.603451,32.717741],[-114.603462,32.717803]]]}},{"type":"Feature","properties":{"kind":"water","name":null,"osm":"way/734608507"},"geometry":{"type":"Polygon","coordinates":[[[-114.605548,32.718489],[-114.605682,32.718564],[-114.605757,32.718569],[-114.60578,32.718551],[-114.605765,32.718454],[-114.605561,32.718342],[-114.605513,32.718306],[-114.605122,32.717899],[-114.605006,32.717871],[-114.604791,32.717859],[-114.603615,32.717987],[-114.603579,32.71801],[-114.603605,32.71811],[-114.603647,32.718129],[-114.604058,32.718072],[-114.604169,32.718031],[-114.604252,32.718028],[-114.604461,32.718105],[-114.604467,32.718117],[-114.604466,32.718133],[-114.604479,32.718144],[-114.604736,32.718219],[-114.604883,32.718221],[-114.604983,32.718239],[-114.605091,32.718333],[-114.605548,32.718489]]]}},{"type":"Feature","properties":{"kind":"vegetation","name":"Clymer Recreation Center","osm":"way/736581304"},"geometry":{"type":"Polygon","coordinates":[[[-114.622737,32.717007],[-114.622844,32.717007],[-114.623193,32.717007],[-114.623191,32.716413],[-114.622735,32.716414],[-114.622736,32.71684],[-114.622737,32.717007]]]}},{"type":"Feature","properties":{"kind":"vegetation","name":null,"osm":"way/740750650"},"geometry":{"type":"Polygon","coordinates":[[[-114.594529,32.69494],[-114.596593,32.694933],[-114.596584,32.694327],[-114.596567,32.694267],[-114.596519,32.694232],[-114.595939,32.694232],[-114.595937,32.694124],[-114.594629,32.694127],[-114.594568,32.694138],[-114.594524,32.694177],[-114.594529,32.69494]]]}},{"type":"Feature","properties":{"kind":"vegetation","name":null,"osm":"way/740750651"},"geometry":{"type":"Polygon","coordinates":[[[-114.59665,32.695033],[-114.594529,32.695042],[-114.594535,32.696698],[-114.594575,32.696749],[-114.594651,32.696772],[-114.594856,32.696776],[-114.596642,32.696781],[-114.59665,32.695033]]]}},{"type":"Feature","properties":{"kind":"vegetation","name":null,"osm":"way/740824420"},"geometry":{"type":"Polygon","coordinates":[[[-114.594317,32.696752],[-114.594377,32.696737],[-114.594414,32.6967],[-114.594406,32.695064],[-114.590473,32.695097],[-114.590404,32.695113],[-114.590331,32.695156],[-114.590282,32.695213],[-114.59027,32.695271],[-114.590264,32.698376],[-114.590274,32.698399],[-114.590328,32.698451],[-114.590381,32.698479],[-114.590482,32.698496],[-114.591912,32.698472],[-114.592011,32.698457],[-114.592084,32.698416],[-114.592276,32.698029],[-114.592286,32.696743],[-114.594317,32.696752]]]}},{"type":"Feature","properties":{"kind":"vegetation","name":null,"osm":"way/740824421"},"geometry":{"type":"Polygon","coordinates":[[[-114.594246,32.69494],[-114.594335,32.694915],[-114.594338,32.693226],[-114.594312,32.693181],[-114.594232,32.693156],[-114.590504,32.693177],[-114.590412,32.693199],[-114.590355,32.693245],[-114.590339,32.693353],[-114.590334,32.694861],[-114.590357,32.694911],[-114.590412,32.694942],[-114.590549,32.694956],[-114.594246,32.69494]]]}},{"type":"Feature","properties":{"kind":"vegetation","name":null,"osm":"way/740824422"},"geometry":{"type":"Polygon","coordinates":[[[-114.594341,32.693029],[-114.594334,32.69254],[-114.594315,32.692499],[-114.594219,32.692451],[-114.591313,32.691481],[-114.591196,32.691448],[-114.591061,32.691432],[-114.590495,32.691413],[-114.590415,32.691421],[-114.590362,32.691444],[-114.590346,32.691467],[-114.59033,32.691627],[-114.590339,32.692962],[-114.590371,32.692999],[-114.590429,32.693018],[-114.594341,32.693029]]]}},{"type":"Feature","properties":{"kind":"vegetation","name":null,"osm":"way/740824423"},"geometry":{"type":"Polygon","coordinates":[[[-114.590195,32.698429],[-114.590166,32.698454],[-114.590061,32.698482],[-114.588163,32.698502],[-114.588095,32.698494],[-114.588101,32.695128],[-114.588151,32.695099],[-114.590214,32.69509],[-114.590195,32.698429]]]}},{"type":"Feature","properties":{"kind":"vegetation","name":null,"osm":"way/740824424"},"geometry":{"type":"Polygon","coordinates":[[[-114.588018,32.698468],[-114.587993,32.698489],[-114.586217,32.698515],[-114.586097,32.698501],[-114.586025,32.698471],[-114.586008,32.698446],[-114.585991,32.695151],[-114.586062,32.695111],[-114.586189,32.695093],[-114.587919,32.6951],[-114.588025,32.695131],[-114.588018,32.698468]]]}},{"type":"Feature","properties":{"kind":"vegetation","name":null,"osm":"way/740824425"},"geometry":{"type":"Polygon","coordinates":[[[-114.585926,32.69419],[-114.586388,32.694198],[-114.586382,32.694668],[-114.585929,32.694671],[-114.585924,32.694784],[-114.585942,32.694839],[-114.585997,32.694905],[-114.586062,32.694952],[-114.586174,32.694988],[-114.586341,32.694999],[-114.587967,32.695001],[-114.588002,32.694989],[-114.588021,32.694966],[-114.588021,32.693207],[-114.58593,32.693205],[-114.585926,32.69419]]]}},{"type":"Feature","properties":{"kind":"vegetation","name":null,"osm":"way/740824426"},"geometry":{"type":"Polygon","coordinates":[[[-114.585923,32.693149],[-114.587855,32.693135],[-114.588024,32.693122],[-114.588043,32.691615],[-114.587919,32.6915],[-114.587823,32.691449],[-114.587694,32.691448],[-114.587534,32.691461],[-114.586003,32.691797],[-114.585943,32.69182],[-114.585923,32.691856],[-114.585923,32.693149]]]}},{"type":"Feature","properties":{"kind":"vegetation","name":null,"osm":"way/740824427"},"geometry":{"type":"Polygon","coordinates":[[[-114.590214,32.695006],[-114.588105,32.695012],[-114.588112,32.693166],[-114.590205,32.693173],[-114.590214,32.695006]]]}},{"type":"Feature","properties":{"kind":"vegetation","name":null,"osm":"way/740824428"},"geometry":{"type":"Polygon","coordinates":[[[-114.59023,32.693128],[-114.588104,32.693128],[-114.588112,32.691431],[-114.589951,32.691413],[-114.590056,32.691458],[-114.590139,32.691512],[-114.590194,32.691592],[-114.59023,32.691712],[-114.59023,32.693128]]]}},{"type":"Feature","properties":{"kind":"vegetation","name":null,"osm":"way/757425680"},"geometry":{"type":"Polygon","coordinates":[[[-114.67261,32.69227],[-114.672348,32.692272],[-114.672035,32.692275],[-114.672028,32.691562],[-114.672602,32.691557],[-114.67261,32.69227]]]}},{"type":"Feature","properties":{"kind":"vegetation","name":"Hacienda Park 3","osm":"way/833363375"},"geometry":{"type":"Polygon","coordinates":[[[-114.641138,32.675826],[-114.640935,32.675823],[-114.640835,32.675825],[-114.640686,32.675696],[-114.640683,32.675435],[-114.641079,32.675437],[-114.64113,32.675478],[-114.641138,32.675826]]]}},{"type":"Feature","properties":{"kind":"vegetation","name":"Hacienda Park 2","osm":"way/833363376"},"geometry":{"type":"Polygon","coordinates":[[[-114.641182,32.678351],[-114.640887,32.678354],[-114.640675,32.678223],[-114.640672,32.677968],[-114.641127,32.677966],[-114.641172,32.678005],[-114.641182,32.678351]]]}},{"type":"Feature","properties":{"kind":"vegetation","name":"Hacienda Park 1","osm":"way/833363377"},"geometry":{"type":"Polygon","coordinates":[[[-114.640819,32.681765],[-114.641196,32.681763],[-114.641245,32.681804],[-114.641251,32.682229],[-114.641209,32.682266],[-114.64083,32.682263],[-114.640819,32.681765]]]}},{"type":"Feature","properties":{"kind":"vegetation","name":"Hacienda Park 4","osm":"way/833363378"},"geometry":{"type":"Polygon","coordinates":[[[-114.638103,32.680424],[-114.638294,32.680307],[-114.638383,32.680247],[-114.638489,32.680115],[-114.638497,32.680083],[-114.638497,32.679857],[-114.637992,32.679849],[-114.637937,32.679886],[-114.637939,32.680104],[-114.637968,32.680214],[-114.638025,32.680326],[-114.638103,32.680424]]]}},{"type":"Feature","properties":{"kind":"water","name":null,"osm":"way/875567097"},"geometry":{"type":"Polygon","coordinates":[[[-114.643791,32.673167],[-114.643788,32.674478],[-114.64381,32.67448],[-114.644215,32.674508],[-114.644191,32.673164],[-114.643791,32.673167]]]}},{"type":"Feature","properties":{"kind":"water","name":null,"osm":"way/902097485"},"geometry":{"type":"Polygon","coordinates":[[[-114.611236,32.719615],[-114.611198,32.719888],[-114.611436,32.720466],[-114.611574,32.720963],[-114.611708,32.72118],[-114.611837,32.72128],[-114.612037,32.721288],[-114.612113,32.721148],[-114.612046,32.720863],[-114.611913,32.720358],[-114.611732,32.720001],[-114.611531,32.719668],[-114.611365,32.719579],[-114.611236,32.719615]]]}},{"type":"Feature","properties":{"kind":"water","name":null,"osm":"way/939357883"},"geometry":{"type":"Polygon","coordinates":[[[-114.73657,32.719525],[-114.735996,32.719551],[-114.735806,32.719551],[-114.734846,32.719867],[-114.734117,32.720352],[-114.733544,32.720932],[-114.733076,32.722294],[-114.732774,32.723389],[-114.732561,32.723848],[-114.73239,32.724256],[-114.732096,32.724718],[-114.731817,32.72524],[-114.73153,32.725989],[-114.731276,32.726204],[-114.731046,32.72666],[-114.730597,32.727123],[-114.730203,32.727698],[-114.730048,32.728244],[-114.730031,32.729034],[-114.730015,32.73],[-114.72999,32.730672],[-114.729824,32.730672],[-114.729663,32.730645],[-114.729592,32.729968],[-114.72957,32.728957],[-114.72957,32.728154],[-114.729849,32.727468],[-114.73014,32.726927],[-114.730492,32.726615],[-114.730655,32.726448],[-114.731011,32.72625],[-114.731224,32.726015],[-114.731406,32.725595],[-114.731612,32.725142],[-114.731952,32.724168],[-114.732045,32.723735],[-114.732576,32.722346],[-114.732661,32.721916],[-114.732959,32.720936],[-114.733134,32.720675],[-114.73368,32.720085],[-114.734284,32.719662],[-114.73471,32.71943],[-114.735326,32.719186],[-114.73576,32.719078],[-114.736329,32.719036],[-114.736568,32.718991],[-114.73657,32.719525]]]}},{"type":"Feature","properties":{"kind":"vegetation","name":"East Cocopah Indian Reservation Cemetery","osm":"way/1014648145"},"geometry":{"type":"Polygon","coordinates":[[[-114.674899,32.575061],[-114.673863,32.575034],[-114.673739,32.574044],[-114.674191,32.574273],[-114.674631,32.574529],[-114.674935,32.574553],[-114.674899,32.575061]]]}},{"type":"Feature","properties":{"kind":"vegetation","name":null,"osm":"way/1031009275"},"geometry":{"type":"Polygon","coordinates":[[[-114.658893,32.713333],[-114.658907,32.713461],[-114.658912,32.713741],[-114.658912,32.714846],[-114.658895,32.714872],[-114.658852,32.714883],[-114.657123,32.714883],[-114.657029,32.714905],[-114.656991,32.71491],[-114.656941,32.714888],[-114.65684,32.714886],[-114.656812,32.71487],[-114.656823,32.713256],[-114.656849,32.713246],[-114.658741,32.713229],[-114.658806,32.713244],[-114.658864,32.713277],[-114.658893,32.713333]]]}},{"type":"Feature","properties":{"kind":"vegetation","name":null,"osm":"way/1031009276"},"geometry":{"type":"Polygon","coordinates":[[[-114.656804,32.713247],[-114.656784,32.714887],[-114.654915,32.714889],[-114.654885,32.714883],[-114.654868,32.714863],[-114.654867,32.713697],[-114.654855,32.713632],[-114.654836,32.713573],[-114.65481,32.713546],[-114.654806,32.713472],[-114.654827,32.713387],[-114.654889,32.713307],[-114.654963,32.713259],[-114.655024,32.713243],[-114.655135,32.713229],[-114.656804,32.713247]]]}},{"type":"Feature","properties":{"kind":"vegetation","name":null,"osm":"way/1031009277"},"geometry":{"type":"Polygon","coordinates":[[[-114.656858,32.714985],[-114.656991,32.714986],[-114.657076,32.71496],[-114.657166,32.714952],[-114.658849,32.714951],[-114.658902,32.71497],[-114.658922,32.715003],[-114.658914,32.716525],[-114.658902,32.716571],[-114.65886,32.716617],[-114.658819,32.716638],[-114.658598,32.716644],[-114.658534,32.716636],[-114.658487,32.716607],[-114.658436,32.716559],[-114.658386,32.71654],[-114.65817,32.716546],[-114.658134,32.716565],[-114.658109,32.7166],[-114.658099,32.716639],[-114.658071,32.716667],[-114.658027,32.716678],[-114.656848,32.716679],[-114.656858,32.714985]]]}},{"type":"Feature","properties":{"kind":"vegetation","name":null,"osm":"way/1031009278"},"geometry":{"type":"Polygon","coordinates":[[[-114.656814,32.714978],[-114.655032,32.714972],[-114.654862,32.714984],[-114.65488,32.715029],[-114.654863,32.716263],[-114.656312,32.716266],[-114.656353,32.716681],[-114.65674,32.716684],[-114.656788,32.716657],[-114.656808,32.71662],[-114.656814,32.714978]]]}},{"type":"Feature","properties":{"kind":"vegetation","name":null,"osm":"way/1051666155"},"geometry":{"type":"Polygon","coordinates":[[[-114.719228,32.676544],[-114.723357,32.676497],[-114.725472,32.676472],[-114.725504,32.680048],[-114.723444,32.680012],[-114.72339,32.678251],[-114.719217,32.678251],[-114.719228,32.676544]]]}},{"type":"Feature","properties":{"kind":"vegetation","name":null,"osm":"way/1051666156"},"geometry":{"type":"Polygon","coordinates":[[[-114.723358,32.672837],[-114.719126,32.672869],[-114.719152,32.676364],[-114.723337,32.676346],[-114.723358,32.672837]]]}},{"type":"Feature","properties":{"kind":"vegetation","name":null,"osm":"way/1099354428"},"geometry":{"type":"Polygon","coordinates":[[[-114.626141,32.721459],[-114.625938,32.721458],[-114.62593,32.721194],[-114.626136,32.721192],[-114.626141,32.721459]]]}},{"type":"Feature","properties":{"kind":"vegetation","name":null,"osm":"way/1138587679"},"geometry":{"type":"Polygon","coordinates":[[[-114.618651,32.636629],[-114.616627,32.634922],[-114.615689,32.634932],[-114.615714,32.636659],[-114.618651,32.636629]]]}},{"type":"Feature","properties":{"kind":"vegetation","name":null,"osm":"way/1138587680"},"geometry":{"type":"Polygon","coordinates":[[[-114.618766,32.636721],[-114.619834,32.637548],[-114.619913,32.637697],[-114.619914,32.638005],[-114.615776,32.638016],[-114.615775,32.637684],[-114.615843,32.637577],[-114.616303,32.637165],[-114.615756,32.636731],[-114.618766,32.636721]]]}},{"type":"Feature","properties":{"kind":"vegetation","name":null,"osm":"way/1138587681"},"geometry":{"type":"Polygon","coordinates":[[[-114.619887,32.638448],[-114.619885,32.63812],[-114.617963,32.638126],[-114.617971,32.639915],[-114.618183,32.639915],[-114.619887,32.638448]]]}},{"type":"Feature","properties":{"kind":"vegetation","name":null,"osm":"way/1138587682"},"geometry":{"type":"Polygon","coordinates":[[[-114.617808,32.640236],[-114.617798,32.63811],[-114.615819,32.638117],[-114.615829,32.640243],[-114.617808,32.640236]]]}},{"type":"Feature","properties":{"kind":"vegetation","name":null,"osm":"way/1138587683"},"geometry":{"type":"Polygon","coordinates":[[[-114.611483,32.64026],[-114.615664,32.640236],[-114.61565,32.638525],[-114.611469,32.63855],[-114.611483,32.64026]]]}},{"type":"Feature","properties":{"kind":"vegetation","name":null,"osm":"way/1138587684"},"geometry":{"type":"Polygon","coordinates":[[[-114.615653,32.63838],[-114.615651,32.637819],[-114.615573,32.637819],[-114.615272,32.638106],[-114.615138,32.638108],[-114.614737,32.637751],[-114.611473,32.637757],[-114.611474,32.638388],[-114.615653,32.63838]]]}},{"type":"Feature","properties":{"kind":"vegetation","name":null,"osm":"way/1138587685"},"geometry":{"type":"Polygon","coordinates":[[[-114.609522,32.638423],[-114.610222,32.637775],[-114.611312,32.637766],[-114.61132,32.638408],[-114.609522,32.638423]]]}},{"type":"Feature","properties":{"kind":"vegetation","name":null,"osm":"way/1138587686"},"geometry":{"type":"Polygon","coordinates":[[[-114.611357,32.638531],[-114.609534,32.638573],[-114.608521,32.639289],[-114.60853,32.640273],[-114.611399,32.640266],[-114.611357,32.638531]]]}},{"type":"Feature","properties":{"kind":"vegetation","name":null,"osm":"way/1138587687"},"geometry":{"type":"Polygon","coordinates":[[[-114.611421,32.643946],[-114.611415,32.640586],[-114.613504,32.640584],[-114.613509,32.643944],[-114.611421,32.643946]]]}},{"type":"Feature","properties":{"kind":"vegetation","name":null,"osm":"way/1138587688"},"geometry":{"type":"Polygon","coordinates":[[[-114.613676,32.643922],[-114.613686,32.64215],[-114.615697,32.642158],[-114.615695,32.642393],[-114.613931,32.643923],[-114.613676,32.643922]]]}},{"type":"Feature","properties":{"kind":"vegetation","name":null,"osm":"way/1138587689"},"geometry":{"type":"Polygon","coordinates":[[[-114.61571,32.64207],[-114.613703,32.642072],[-114.613702,32.640559],[-114.615708,32.640558],[-114.61571,32.64207]]]}},{"type":"Feature","properties":{"kind":"vegetation","name":null,"osm":"way/1138587690"},"geometry":{"type":"Polygon","coordinates":[[[-114.615823,32.642257],[-114.615817,32.640589],[-114.61753,32.640585],[-114.617531,32.640762],[-114.615823,32.642257]]]}},{"type":"Feature","properties":{"kind":"vegetation","name":null,"osm":"way/1138587691"},"geometry":{"type":"Polygon","coordinates":[[[-114.604933,32.640196],[-114.604915,32.638565],[-114.60292,32.638581],[-114.602938,32.640212],[-114.604933,32.640196]]]}},{"type":"Feature","properties":{"kind":"vegetation","name":null,"osm":"way/1138587692"},"geometry":{"type":"Polygon","coordinates":[[[-114.600679,32.640229],[-114.60066,32.638599],[-114.598665,32.638614],[-114.598683,32.640245],[-114.600679,32.640229]]]}},{"type":"Feature","properties":{"kind":"vegetation","name":null,"osm":"way/1138587693"},"geometry":{"type":"Polygon","coordinates":[[[-114.602722,32.638448],[-114.602704,32.636817],[-114.600709,32.636833],[-114.600727,32.638464],[-114.602722,32.638448]]]}},{"type":"Feature","properties":{"kind":"vegetation","name":null,"osm":"way/1138587694"},"geometry":{"type":"Polygon","coordinates":[[[-114.600607,32.638468],[-114.600589,32.636837],[-114.598593,32.636853],[-114.598611,32.638484],[-114.600607,32.638468]]]}},{"type":"Feature","properties":{"kind":"vegetation","name":null,"osm":"way/1138587695"},"geometry":{"type":"Polygon","coordinates":[[[-114.602651,32.6367],[-114.602632,32.635069],[-114.600637,32.635085],[-114.600655,32.636716],[-114.602651,32.6367]]]}},{"type":"Feature","properties":{"kind":"vegetation","name":null,"osm":"way/1138587696"},"geometry":{"type":"Polygon","coordinates":[[[-114.600504,32.63668],[-114.600485,32.635049],[-114.59849,32.635065],[-114.598508,32.636696],[-114.600504,32.63668]]]}},{"type":"Feature","properties":{"kind":"vegetation","name":null,"osm":"way/1138587697"},"geometry":{"type":"Polygon","coordinates":[[[-114.600504,32.634952],[-114.600485,32.633321],[-114.59849,32.633337],[-114.598508,32.634968],[-114.600504,32.634952]]]}},{"type":"Feature","properties":{"kind":"vegetation","name":null,"osm":"way/1138587698"},"geometry":{"type":"Polygon","coordinates":[[[-114.602643,32.634939],[-114.602624,32.633308],[-114.600629,32.633324],[-114.600647,32.634955],[-114.602643,32.634939]]]}},{"type":"Feature","properties":{"kind":"vegetation","name":null,"osm":"way/1138587699"},"geometry":{"type":"Polygon","coordinates":[[[-114.598361,32.638444],[-114.598286,32.634998],[-114.596291,32.635029],[-114.596366,32.638474],[-114.598361,32.638444]]]}},{"type":"Feature","properties":{"kind":"vegetation","name":null,"osm":"way/1138587700"},"geometry":{"type":"Polygon","coordinates":[[[-114.604795,32.636686],[-114.604735,32.63324],[-114.60274,32.633265],[-114.602799,32.63671],[-114.604795,32.636686]]]}},{"type":"Feature","properties":{"kind":"vegetation","name":null,"osm":"way/1138587701"},"geometry":{"type":"Polygon","coordinates":[[[-114.606321,32.635959],[-114.60701,32.635414],[-114.606973,32.633248],[-114.604926,32.633273],[-114.604985,32.636694],[-114.606334,32.636677],[-114.606321,32.635959]]]}},{"type":"Feature","properties":{"kind":"vegetation","name":null,"osm":"way/1138587702"},"geometry":{"type":"Polygon","coordinates":[[[-114.608994,32.633024],[-114.608954,32.629575],[-114.606906,32.629592],[-114.606948,32.633041],[-114.608994,32.633024]]]}},{"type":"Feature","properties":{"kind":"vegetation","name":null,"osm":"way/1138587703"},"geometry":{"type":"Polygon","coordinates":[[[-114.611233,32.627592],[-114.61542,32.627577],[-114.615412,32.62599],[-114.611225,32.626006],[-114.611233,32.627592]]]}},{"type":"Feature","properties":{"kind":"vegetation","name":null,"osm":"way/1138587704"},"geometry":{"type":"Polygon","coordinates":[[[-114.607105,32.635364],[-114.609553,32.633268],[-114.607097,32.633274],[-114.607105,32.635364]]]}},{"type":"Feature","properties":{"kind":"vegetation","name":null,"osm":"way/1138587705"},"geometry":{"type":"Polygon","coordinates":[[[-114.604719,32.633028],[-114.604706,32.631368],[-114.602562,32.63138],[-114.602575,32.63304],[-114.604719,32.633028]]]}},{"type":"Feature","properties":{"kind":"vegetation","name":null,"osm":"way/1138587706"},"geometry":{"type":"Polygon","coordinates":[[[-114.604615,32.631206],[-114.604597,32.629576],[-114.602601,32.629591],[-114.602619,32.631222],[-114.604615,32.631206]]]}},{"type":"Feature","properties":{"kind":"vegetation","name":null,"osm":"way/1138587707"},"geometry":{"type":"Polygon","coordinates":[[[-114.606794,32.632991],[-114.606775,32.63136],[-114.60478,32.631376],[-114.604798,32.633007],[-114.606794,32.632991]]]}},{"type":"Feature","properties":{"kind":"vegetation","name":null,"osm":"way/1138587708"},"geometry":{"type":"Polygon","coordinates":[[[-114.606786,32.63123],[-114.606767,32.629599],[-114.604772,32.629615],[-114.60479,32.631246],[-114.606786,32.63123]]]}},{"type":"Feature","properties":{"kind":"vegetation","name":null,"osm":"way/1138587709"},"geometry":{"type":"Polygon","coordinates":[[[-114.598339,32.631262],[-114.600276,32.631244],[-114.600254,32.629564],[-114.598318,32.629582],[-114.598339,32.631262]]]}},{"type":"Feature","properties":{"kind":"vegetation","name":null,"osm":"way/1138587710"},"geometry":{"type":"Polygon","coordinates":[[[-114.600431,32.631253],[-114.602367,32.631235],[-114.602345,32.629555],[-114.600409,32.629572],[-114.600431,32.631253]]]}},{"type":"Feature","properties":{"kind":"vegetation","name":null,"osm":"way/1138587711"},"geometry":{"type":"Polygon","coordinates":[[[-114.598176,32.633022],[-114.598157,32.631391],[-114.596162,32.631407],[-114.59618,32.633038],[-114.598176,32.633022]]]}},{"type":"Feature","properties":{"kind":"vegetation","name":null,"osm":"way/1138587712"},"geometry":{"type":"Polygon","coordinates":[[[-114.598096,32.631255],[-114.598082,32.629531],[-114.596087,32.629543],[-114.596101,32.631267],[-114.598096,32.631255]]]}},{"type":"Feature","properties":{"kind":"vegetation","name":null,"osm":"way/1138587713"},"geometry":{"type":"Polygon","coordinates":[[[-114.596014,32.632976],[-114.595996,32.631345],[-114.594001,32.631361],[-114.594019,32.632991],[-114.596014,32.632976]]]}},{"type":"Feature","properties":{"kind":"vegetation","name":null,"osm":"way/1138587714"},"geometry":{"type":"Polygon","coordinates":[[[-114.596006,32.631214],[-114.595988,32.629583],[-114.593993,32.629599],[-114.594011,32.63123],[-114.596006,32.631214]]]}},{"type":"Feature","properties":{"kind":"vegetation","name":null,"osm":"way/1138587715"},"geometry":{"type":"Polygon","coordinates":[[[-114.593834,32.633053],[-114.593816,32.631423],[-114.591821,32.631438],[-114.591839,32.633069],[-114.593834,32.633053]]]}},{"type":"Feature","properties":{"kind":"vegetation","name":null,"osm":"way/1138587716"},"geometry":{"type":"Polygon","coordinates":[[[-114.593826,32.631292],[-114.593808,32.629661],[-114.591813,32.629677],[-114.591831,32.631308],[-114.593826,32.631292]]]}},{"type":"Feature","properties":{"kind":"vegetation","name":null,"osm":"way/1138587717"},"geometry":{"type":"Polygon","coordinates":[[[-114.591682,32.633092],[-114.591664,32.631461],[-114.589668,32.631477],[-114.589686,32.633108],[-114.591682,32.633092]]]}},{"type":"Feature","properties":{"kind":"vegetation","name":null,"osm":"way/1138587718"},"geometry":{"type":"Polygon","coordinates":[[[-114.591674,32.631331],[-114.591656,32.6297],[-114.58966,32.629716],[-114.589678,32.631347],[-114.591674,32.631331]]]}},{"type":"Feature","properties":{"kind":"vegetation","name":null,"osm":"way/1138587719"},"geometry":{"type":"Polygon","coordinates":[[[-114.598255,32.63492],[-114.598237,32.633289],[-114.596241,32.633305],[-114.596259,32.634935],[-114.598255,32.63492]]]}},{"type":"Feature","properties":{"kind":"vegetation","name":null,"osm":"way/1138587720"},"geometry":{"type":"Polygon","coordinates":[[[-114.596116,32.634933],[-114.596097,32.633302],[-114.594102,32.633318],[-114.59412,32.634949],[-114.596116,32.634933]]]}},{"type":"Feature","properties":{"kind":"vegetation","name":null,"osm":"way/1138587721"},"geometry":{"type":"Polygon","coordinates":[[[-114.611099,32.629453],[-114.61108,32.627822],[-114.609085,32.627838],[-114.609103,32.629469],[-114.611099,32.629453]]]}},{"type":"Feature","properties":{"kind":"vegetation","name":null,"osm":"way/1138587722"},"geometry":{"type":"Polygon","coordinates":[[[-114.608959,32.629467],[-114.608941,32.627836],[-114.606946,32.627851],[-114.606964,32.629482],[-114.608959,32.629467]]]}},{"type":"Feature","properties":{"kind":"vegetation","name":null,"osm":"way/1138587723"},"geometry":{"type":"Polygon","coordinates":[[[-114.61126,32.629452],[-114.613919,32.629436],[-114.614218,32.629239],[-114.61544,32.629232],[-114.615427,32.627722],[-114.611245,32.627747],[-114.61126,32.629452]]]}},{"type":"Feature","properties":{"kind":"vegetation","name":null,"osm":"way/1138587724"},"geometry":{"type":"Polygon","coordinates":[[[-114.598478,32.633012],[-114.602497,32.632987],[-114.602483,32.631402],[-114.598465,32.631427],[-114.598478,32.633012]]]}},{"type":"Feature","properties":{"kind":"vegetation","name":null,"osm":"way/1138587725"},"geometry":{"type":"Polygon","coordinates":[[[-114.594335,32.640216],[-114.598353,32.640176],[-114.598331,32.638591],[-114.594312,32.638632],[-114.594335,32.640216]]]}},{"type":"Feature","properties":{"kind":"vegetation","name":null,"osm":"way/1138587726"},"geometry":{"type":"Polygon","coordinates":[[[-114.58997,32.640296],[-114.593988,32.640239],[-114.593956,32.638654],[-114.589938,32.638712],[-114.58997,32.640296]]]}},{"type":"Feature","properties":{"kind":"vegetation","name":null,"osm":"way/1138587727"},"geometry":{"type":"Polygon","coordinates":[[[-114.587597,32.640378],[-114.587578,32.638747],[-114.585583,32.638763],[-114.585601,32.640394],[-114.587597,32.640378]]]}},{"type":"Feature","properties":{"kind":"vegetation","name":null,"osm":"way/1138587728"},"geometry":{"type":"Polygon","coordinates":[[[-114.589749,32.640339],[-114.589731,32.638709],[-114.587735,32.638724],[-114.587753,32.640355],[-114.589749,32.640339]]]}},{"type":"Feature","properties":{"kind":"vegetation","name":null,"osm":"way/1138587729"},"geometry":{"type":"Polygon","coordinates":[[[-114.589741,32.638578],[-114.589723,32.636947],[-114.587728,32.636963],[-114.587746,32.638594],[-114.589741,32.638578]]]}},{"type":"Feature","properties":{"kind":"vegetation","name":null,"osm":"way/1138587730"},"geometry":{"type":"Polygon","coordinates":[[[-114.587589,32.638617],[-114.587571,32.636986],[-114.585575,32.637002],[-114.585593,32.638633],[-114.587589,32.638617]]]}},{"type":"Feature","properties":{"kind":"vegetation","name":null,"osm":"way/1138587735"},"geometry":{"type":"Polygon","coordinates":[[[-114.587495,32.636765],[-114.587476,32.635134],[-114.585481,32.63515],[-114.585499,32.636781],[-114.587495,32.636765]]]}},{"type":"Feature","properties":{"kind":"vegetation","name":null,"osm":"way/1138587736"},"geometry":{"type":"Polygon","coordinates":[[[-114.589647,32.636726],[-114.589629,32.635095],[-114.587633,32.635111],[-114.587651,32.636742],[-114.589647,32.636726]]]}},{"type":"Feature","properties":{"kind":"vegetation","name":null,"osm":"way/1138587737"},"geometry":{"type":"Polygon","coordinates":[[[-114.589639,32.634965],[-114.589621,32.633334],[-114.587625,32.63335],[-114.587644,32.63498],[-114.589639,32.634965]]]}},{"type":"Feature","properties":{"kind":"vegetation","name":null,"osm":"way/1138587738"},"geometry":{"type":"Polygon","coordinates":[[[-114.587487,32.635003],[-114.587468,32.633373],[-114.585473,32.633388],[-114.585491,32.635019],[-114.587487,32.635003]]]}},{"type":"Feature","properties":{"kind":"vegetation","name":null,"osm":"way/1138587739"},"geometry":{"type":"Polygon","coordinates":[[[-114.591873,32.638519],[-114.59184,32.636889],[-114.589845,32.636918],[-114.589878,32.638548],[-114.591873,32.638519]]]}},{"type":"Feature","properties":{"kind":"vegetation","name":null,"osm":"way/1138587740"},"geometry":{"type":"Polygon","coordinates":[[[-114.594018,32.638487],[-114.594,32.636856],[-114.592005,32.636872],[-114.592023,32.638503],[-114.594018,32.638487]]]}},{"type":"Feature","properties":{"kind":"vegetation","name":null,"osm":"way/1138587741"},"geometry":{"type":"Polygon","coordinates":[[[-114.593943,32.636739],[-114.593924,32.635108],[-114.591929,32.635124],[-114.591947,32.636754],[-114.593943,32.636739]]]}},{"type":"Feature","properties":{"kind":"vegetation","name":null,"osm":"way/1138587742"},"geometry":{"type":"Polygon","coordinates":[[[-114.591855,32.636755],[-114.591819,32.635264],[-114.589824,32.635298],[-114.58986,32.63679],[-114.591855,32.636755]]]}},{"type":"Feature","properties":{"kind":"vegetation","name":null,"osm":"way/1138587751"},"geometry":{"type":"Polygon","coordinates":[[[-114.587238,32.627697],[-114.58722,32.626066],[-114.585224,32.626082],[-114.585242,32.627713],[-114.587238,32.627697]]]}},{"type":"Feature","properties":{"kind":"vegetation","name":null,"osm":"way/1138587752"},"geometry":{"type":"Polygon","coordinates":[[[-114.593808,32.629444],[-114.593792,32.62772],[-114.591797,32.627733],[-114.591812,32.629457],[-114.593808,32.629444]]]}},{"type":"Feature","properties":{"kind":"vegetation","name":null,"osm":"way/1138587753"},"geometry":{"type":"Polygon","coordinates":[[[-114.595898,32.629437],[-114.59588,32.627806],[-114.593885,32.627822],[-114.593903,32.629453],[-114.595898,32.629437]]]}},{"type":"Feature","properties":{"kind":"vegetation","name":null,"osm":"way/1138587754"},"geometry":{"type":"Polygon","coordinates":[[[-114.598049,32.629415],[-114.59803,32.627784],[-114.596035,32.6278],[-114.596053,32.629431],[-114.598049,32.629415]]]}},{"type":"Feature","properties":{"kind":"vegetation","name":null,"osm":"way/1138587755"},"geometry":{"type":"Polygon","coordinates":[[[-114.591603,32.627691],[-114.591586,32.62606],[-114.589422,32.626076],[-114.589439,32.627707],[-114.591603,32.627691]]]}},{"type":"Feature","properties":{"kind":"vegetation","name":null,"osm":"way/1138587756"},"geometry":{"type":"Polygon","coordinates":[[[-114.593714,32.627647],[-114.593696,32.626016],[-114.5917,32.626032],[-114.591718,32.627663],[-114.593714,32.627647]]]}},{"type":"Feature","properties":{"kind":"vegetation","name":null,"osm":"way/1138587757"},"geometry":{"type":"Polygon","coordinates":[[[-114.597465,32.627684],[-114.597445,32.626033],[-114.593824,32.626064],[-114.593843,32.627715],[-114.597465,32.627684]]]}},{"type":"Feature","properties":{"kind":"vegetation","name":null,"osm":"way/1138587758"},"geometry":{"type":"Polygon","coordinates":[[[-114.602305,32.624007],[-114.600384,32.624044],[-114.600331,32.622309],[-114.602262,32.622309],[-114.602305,32.624007]]]}},{"type":"Feature","properties":{"kind":"vegetation","name":null,"osm":"way/1138587759"},"geometry":{"type":"Polygon","coordinates":[[[-114.611133,32.627589],[-114.611135,32.625984],[-114.609043,32.625982],[-114.609041,32.627587],[-114.611133,32.627589]]]}},{"type":"Feature","properties":{"kind":"vegetation","name":null,"osm":"way/1138587760"},"geometry":{"type":"Polygon","coordinates":[[[-114.630698,32.629167],[-114.63066,32.625938],[-114.63249,32.625923],[-114.632509,32.627494],[-114.632156,32.627497],[-114.630698,32.629167]]]}},{"type":"Feature","properties":{"kind":"vegetation","name":null,"osm":"way/1149615688"},"geometry":{"type":"Polygon","coordinates":[[[-114.732238,32.716457],[-114.732189,32.715877],[-114.731696,32.715913],[-114.731662,32.715945],[-114.731726,32.71649],[-114.732238,32.716457]]]}},{"type":"Feature","properties":{"kind":"water","name":null,"osm":"way/1149615692"},"geometry":{"type":"Polygon","coordinates":[[[-114.754461,32.718129],[-114.752127,32.71846],[-114.747176,32.718781],[-114.7426,32.71906],[-114.73657,32.719525],[-114.736568,32.718991],[-114.740446,32.718729],[-114.751437,32.717987],[-114.754341,32.717608],[-114.754405,32.717887],[-114.754461,32.718129]]]}},{"type":"Feature","properties":{"kind":"vegetation","name":"Bark Park","osm":"way/1155318983"},"geometry":{"type":"Polygon","coordinates":[[[-114.602562,32.676673],[-114.602866,32.676768],[-114.60301,32.67677],[-114.603024,32.673998],[-114.603007,32.673998],[-114.60257,32.673995],[-114.602562,32.676673]]]}},{"type":"Feature","properties":{"kind":"vegetation","name":null,"osm":"way/1182899756"},"geometry":{"type":"Polygon","coordinates":[[[-114.727181,32.717476],[-114.726848,32.717916],[-114.726905,32.717938],[-114.7268,32.718081],[-114.726773,32.718096],[-114.726527,32.718106],[-114.726453,32.718098],[-114.726609,32.717786],[-114.726632,32.717765],[-114.726723,32.71763],[-114.726787,32.717499],[-114.72682,32.717383],[-114.72683,32.717332],[-114.726892,32.717343],[-114.727181,32.717476]]]}},{"type":"Feature","properties":{"kind":"vegetation","name":null,"osm":"way/1198339195"},"geometry":{"type":"Polygon","coordinates":[[[-114.667191,32.662207],[-114.650361,32.662356],[-114.650337,32.669249],[-114.652462,32.669228],[-114.652789,32.669346],[-114.667191,32.669189],[-114.667191,32.662207]]]}},{"type":"Feature","properties":{"kind":"vegetation","name":null,"osm":"way/1198339196"},"geometry":{"type":"Polygon","coordinates":[[[-114.667229,32.66955],[-114.658898,32.669621],[-114.659122,32.676555],[-114.667219,32.676477],[-114.667229,32.66955]]]}},{"type":"Feature","properties":{"kind":"vegetation","name":null,"osm":"way/1198339199"},"geometry":{"type":"Polygon","coordinates":[[[-114.675953,32.687283],[-114.675946,32.683958],[-114.673914,32.683935],[-114.673928,32.687307],[-114.675953,32.687283]]]}},{"type":"Feature","properties":{"kind":"vegetation","name":null,"osm":"way/1198339202"},"geometry":{"type":"Polygon","coordinates":[[[-114.680329,32.687261],[-114.684137,32.687214],[-114.684144,32.683925],[-114.680385,32.683919],[-114.680329,32.687261]]]}},{"type":"Feature","properties":{"kind":"vegetation","name":null,"osm":"way/1198339207"},"geometry":{"type":"Polygon","coordinates":[[[-114.675872,32.712916],[-114.675881,32.709543],[-114.673913,32.709516],[-114.673872,32.712916],[-114.675872,32.712916]]]}},{"type":"Feature","properties":{"kind":"vegetation","name":null,"osm":"way/1198339208"},"geometry":{"type":"Polygon","coordinates":[[[-114.620014,32.665638],[-114.61999,32.662229],[-114.616022,32.662229],[-114.615998,32.664974],[-114.616307,32.665056],[-114.616315,32.665686],[-114.620014,32.665638]]]}},{"type":"Feature","properties":{"kind":"vegetation","name":null,"osm":"way/1208345598"},"geometry":{"type":"Polygon","coordinates":[[[-114.712301,32.586489],[-114.712327,32.586539],[-114.712324,32.586725],[-114.712369,32.586773],[-114.712435,32.586787],[-114.713816,32.586803],[-114.713948,32.586828],[-114.714023,32.586879],[-114.714,32.589084],[-114.709996,32.58907],[-114.709998,32.588958],[-114.710011,32.586463],[-114.712237,32.586466],[-114.712301,32.586489]]]}},{"type":"Feature","properties":{"kind":"water","name":null,"osm":"way/1260444646"},"geometry":{"type":"Polygon","coordinates":[[[-114.656274,32.670559],[-114.656266,32.669985],[-114.654554,32.670004],[-114.654514,32.670037],[-114.654527,32.670498],[-114.654526,32.670546],[-114.654566,32.670575],[-114.656002,32.670561],[-114.656274,32.670559]]]}},{"type":"Feature","properties":{"kind":"water","name":null,"osm":"way/1279561620"},"geometry":{"type":"Polygon","coordinates":[[[-114.615924,32.668668],[-114.615766,32.668729],[-114.615769,32.669117],[-114.615772,32.669214],[-114.615813,32.669208],[-114.615868,32.669206],[-114.615899,32.669207],[-114.615933,32.66921],[-114.615968,32.669212],[-114.615996,32.669215],[-114.616016,32.669218],[-114.616042,32.669218],[-114.616059,32.669216],[-114.616069,32.669211],[-114.616078,32.6692],[-114.616095,32.669191],[-114.616107,32.669187],[-114.616117,32.669173],[-114.616133,32.669145],[-114.616133,32.669137],[-114.616127,32.669133],[-114.616122,32.669108],[-114.616084,32.668981],[-114.616074,32.668954],[-114.61606,32.668918],[-114.616052,32.668897],[-114.616043,32.668874],[-114.616031,32.668852],[-114.616018,32.668827],[-114.616009,32.668809],[-114.615982,32.668759],[-114.615957,32.668718],[-114.615932,32.668686],[-114.615934,32.668675],[-114.615924,32.668668]]]}},{"type":"Feature","properties":{"kind":"vegetation","name":"Parkway Place Park","osm":"way/1281356940"},"geometry":{"type":"Polygon","coordinates":[[[-114.666121,32.678479],[-114.66409,32.678505],[-114.664076,32.678497],[-114.664045,32.678473],[-114.664036,32.678465],[-114.664031,32.677975],[-114.664042,32.677963],[-114.664066,32.677941],[-114.664078,32.677929],[-114.66611,32.677909],[-114.666121,32.678479]]]}},{"type":"Feature","properties":{"kind":"water","name":null,"osm":"way/1281356943"},"geometry":{"type":"Polygon","coordinates":[[[-114.666121,32.678479],[-114.66409,32.678505],[-114.664076,32.678497],[-114.664045,32.678473],[-114.664036,32.678465],[-114.664031,32.677975],[-114.664042,32.677963],[-114.664066,32.677941],[-114.664078,32.677929],[-114.66611,32.677909],[-114.666121,32.678479]]]}},{"type":"Feature","properties":{"kind":"vegetation","name":null,"osm":"way/1282032301"},"geometry":{"type":"Polygon","coordinates":[[[-114.668567,32.694356],[-114.668496,32.694356],[-114.668496,32.694298],[-114.667741,32.6943],[-114.667741,32.694263],[-114.668499,32.694262],[-114.668499,32.694197],[-114.668566,32.694197],[-114.668567,32.694356]]]}},{"type":"Feature","properties":{"kind":"vegetation","name":null,"osm":"way/1283436274"},"geometry":{"type":"Polygon","coordinates":[[[-114.667933,32.692768],[-114.667933,32.692714],[-114.667852,32.692714],[-114.667854,32.692118],[-114.667796,32.692118],[-114.667794,32.692767],[-114.667933,32.692768]]]}},{"type":"Feature","properties":{"kind":"vegetation","name":null,"osm":"way/1283436285"},"geometry":{"type":"Polygon","coordinates":[[[-114.670805,32.693071],[-114.67058,32.693072],[-114.670579,32.692823],[-114.670612,32.692798],[-114.670612,32.692693],[-114.670694,32.692659],[-114.670802,32.692659],[-114.670805,32.693071]]]}},{"type":"Feature","properties":{"kind":"vegetation","name":null,"osm":"way/1283436306"},"geometry":{"type":"Polygon","coordinates":[[[-114.669303,32.691924],[-114.669141,32.691924],[-114.66914,32.691371],[-114.669303,32.691371],[-114.669303,32.691924]]]}},{"type":"Feature","properties":{"kind":"vegetation","name":null,"osm":"way/1283436314"},"geometry":{"type":"Polygon","coordinates":[[[-114.669309,32.692311],[-114.669219,32.692311],[-114.669219,32.69241],[-114.669095,32.69241],[-114.669095,32.692468],[-114.66931,32.692467],[-114.669309,32.692311]]]}},{"type":"Feature","properties":{"kind":"vegetation","name":null,"osm":"way/1283436321"},"geometry":{"type":"Polygon","coordinates":[[[-114.670887,32.69333],[-114.670663,32.693332],[-114.670662,32.69331],[-114.670696,32.69331],[-114.670701,32.693304],[-114.670705,32.693297],[-114.670707,32.693288],[-114.670705,32.693279],[-114.670699,32.693272],[-114.670689,32.693264],[-114.670678,32.693261],[-114.670675,32.693143],[-114.670583,32.693144],[-114.670582,32.69311],[-114.670884,32.693106],[-114.670887,32.69333]]]}},{"type":"Feature","properties":{"kind":"vegetation","name":null,"osm":"way/1283446877"},"geometry":{"type":"Polygon","coordinates":[[[-114.669301,32.691347],[-114.668698,32.69135],[-114.668697,32.691227],[-114.669301,32.691224],[-114.669301,32.691347]]]}},{"type":"Feature","properties":{"kind":"vegetation","name":null,"osm":"way/1283446878"},"geometry":{"type":"Polygon","coordinates":[[[-114.668643,32.69136],[-114.66785,32.691362],[-114.667848,32.692035],[-114.667773,32.692036],[-114.667767,32.693094],[-114.667729,32.693095],[-114.667722,32.694714],[-114.6677,32.694713],[-114.667692,32.694713],[-114.667686,32.694711],[-114.66768,32.69471],[-114.667674,32.694706],[-114.667667,32.694703],[-114.667663,32.694698],[-114.667658,32.694694],[-114.667652,32.694689],[-114.667648,32.694684],[-114.667643,32.694679],[-114.667638,32.694675],[-114.667633,32.694669],[-114.667629,32.694663],[-114.667626,32.694659],[-114.667624,32.694655],[-114.667624,32.69465],[-114.667618,32.691948],[-114.667653,32.691728],[-114.667647,32.691306],[-114.667656,32.691286],[-114.667664,32.691275],[-114.667677,32.691264],[-114.667702,32.691247],[-114.667719,32.691236],[-114.667741,32.691223],[-114.668648,32.691227],[-114.668643,32.69136]]]}},{"type":"Feature","properties":{"kind":"vegetation","name":null,"osm":"way/1283446879"},"geometry":{"type":"Polygon","coordinates":[[[-114.670341,32.691311],[-114.669648,32.69131],[-114.669631,32.691307],[-114.669619,32.691299],[-114.66961,32.691286],[-114.669608,32.691272],[-114.669606,32.691254],[-114.669605,32.691246],[-114.669639,32.691247],[-114.669671,32.691225],[-114.670303,32.691226],[-114.670329,32.691247],[-114.670341,32.691259],[-114.670345,32.691272],[-114.670345,32.691285],[-114.670344,32.691297],[-114.670341,32.691311]]]}},{"type":"Feature","properties":{"kind":"vegetation","name":null,"osm":"way/1283446880"},"geometry":{"type":"Polygon","coordinates":[[[-114.669356,32.691344],[-114.669472,32.691345],[-114.669484,32.691338],[-114.669499,32.691326],[-114.669509,32.691313],[-114.669518,32.691297],[-114.669522,32.691284],[-114.669521,32.691245],[-114.669502,32.691245],[-114.669498,32.691239],[-114.669494,32.691231],[-114.669488,32.691224],[-114.669354,32.691224],[-114.669356,32.691344]]]}},{"type":"Feature","properties":{"kind":"vegetation","name":null,"osm":"way/1283446881"},"geometry":{"type":"Polygon","coordinates":[[[-114.669308,32.692223],[-114.669221,32.692223],[-114.669218,32.691993],[-114.669306,32.691993],[-114.669308,32.692223]]]}},{"type":"Feature","properties":{"kind":"vegetation","name":null,"osm":"way/1285512079"},"geometry":{"type":"Polygon","coordinates":[[[-114.668362,32.693912],[-114.668362,32.693961],[-114.668555,32.693961],[-114.668555,32.693912],[-114.668362,32.693912]]]}},{"type":"Feature","properties":{"kind":"vegetation","name":null,"osm":"way/1307276210"},"geometry":{"type":"Polygon","coordinates":[[[-114.75574,32.68352],[-114.755096,32.683899],[-114.754967,32.68361],[-114.754603,32.68361],[-114.753508,32.683917],[-114.752328,32.684062],[-114.751427,32.683917],[-114.749689,32.683556],[-114.748594,32.683466],[-114.748208,32.683755],[-114.747715,32.684387],[-114.746749,32.686301],[-114.746127,32.68724],[-114.745633,32.688324],[-114.745955,32.688721],[-114.744861,32.689371],[-114.74353,32.691556],[-114.743123,32.692044],[-114.742651,32.692983],[-114.741664,32.694554],[-114.740676,32.696746],[-114.740269,32.69801],[-114.738267,32.70202],[-114.738889,32.702219],[-114.738674,32.702779],[-114.738031,32.702616],[-114.737172,32.704765],[-114.738278,32.706604],[-114.738825,32.706387],[-114.739276,32.706606],[-114.741764,32.703266],[-114.744097,32.704833],[-114.744875,32.703186],[-114.749232,32.706426],[-114.751313,32.703934],[-114.75466,32.701731],[-114.756012,32.703031],[-114.758287,32.701984],[-114.758394,32.70128],[-114.758652,32.70072],[-114.759145,32.700269],[-114.76069,32.699854],[-114.759845,32.698966],[-114.762098,32.697016],[-114.761175,32.696529],[-114.757506,32.695644],[-114.758279,32.694398],[-114.761519,32.695915],[-114.763364,32.691454],[-114.763707,32.690732],[-114.762742,32.690407],[-114.762828,32.690244],[-114.764909,32.690263],[-114.765242,32.684223],[-114.762334,32.684312],[-114.762313,32.683553],[-114.761454,32.681964],[-114.760918,32.682036],[-114.75948,32.68256],[-114.758665,32.682794],[-114.758107,32.683174],[-114.757463,32.683734],[-114.758193,32.684203],[-114.757442,32.685088],[-114.758472,32.685684],[-114.757892,32.68637],[-114.756948,32.685991],[-114.756584,32.686605],[-114.755554,32.685937],[-114.754459,32.687436],[-114.75536,32.687833],[-114.755039,32.688357],[-114.754524,32.68814],[-114.754459,32.688357],[-114.755189,32.689097],[-114.75476,32.689747],[-114.753472,32.688646],[-114.751262,32.691463],[-114.751949,32.691878],[-114.751541,32.692402],[-114.74961,32.69121],[-114.75064,32.689838],[-114.751627,32.690434],[-114.755983,32.684691],[-114.757163,32.683138],[-114.755961,32.683351],[-114.75574,32.68352]]]}},{"type":"Feature","properties":{"kind":"vegetation","name":null,"osm":"way/1307280332"},"geometry":{"type":"Polygon","coordinates":[[[-114.735996,32.692938],[-114.735781,32.692685],[-114.738828,32.688225],[-114.742776,32.682139],[-114.746282,32.677134],[-114.745874,32.676954],[-114.74669,32.675635],[-114.746497,32.675455],[-114.747784,32.671788],[-114.748685,32.671589],[-114.750653,32.667382],[-114.750031,32.664925],[-114.749859,32.664455],[-114.751061,32.662324],[-114.751898,32.661077],[-114.752863,32.660102],[-114.755267,32.658927],[-114.756254,32.658349],[-114.756747,32.657916],[-114.757316,32.657117],[-114.75944,32.655798],[-114.761414,32.656123],[-114.761543,32.655473],[-114.761157,32.654389],[-114.762916,32.652528],[-114.764945,32.650501],[-114.765546,32.649147],[-114.765288,32.647701],[-114.76458,32.647069],[-114.76546,32.645876],[-114.765911,32.646093],[-114.767456,32.643815],[-114.769709,32.641123],[-114.770803,32.640057],[-114.771811,32.639244],[-114.772434,32.638973],[-114.772777,32.638575],[-114.773378,32.638142],[-114.775502,32.638232],[-114.776833,32.637762],[-114.777072,32.637437],[-114.77969,32.639443],[-114.775888,32.641069],[-114.773893,32.643544],[-114.77164,32.646345],[-114.769816,32.648657],[-114.763078,32.656677],[-114.762821,32.657273],[-114.762542,32.660037],[-114.761941,32.661139],[-114.758996,32.663887],[-114.757151,32.665783],[-114.755692,32.668132],[-114.753138,32.672093],[-114.750993,32.675543],[-114.747627,32.680794],[-114.746962,32.680884],[-114.746705,32.681354],[-114.746662,32.681805],[-114.745224,32.68316],[-114.741014,32.687292],[-114.739533,32.688772],[-114.737409,32.691355],[-114.736357,32.692869],[-114.735996,32.692938]]]}},{"type":"Feature","properties":{"kind":"water","name":null,"osm":"way/1321462046"},"geometry":{"type":"Polygon","coordinates":[[[-114.66724,32.687898],[-114.667095,32.68789],[-114.6671,32.690879],[-114.667186,32.690883],[-114.667186,32.69027],[-114.667256,32.690132],[-114.667219,32.689878],[-114.667238,32.689751],[-114.66721,32.689497],[-114.667212,32.689354],[-114.667214,32.689218],[-114.66724,32.68912],[-114.667224,32.688914],[-114.667235,32.68875],[-114.667207,32.688556],[-114.667212,32.688238],[-114.667254,32.688088],[-114.66724,32.687898]]]}},{"type":"Feature","properties":{"kind":"vegetation","name":null,"osm":"way/1333149482"},"geometry":{"type":"Polygon","coordinates":[[[-114.638114,32.665013],[-114.63811,32.664369],[-114.637766,32.66437],[-114.637771,32.665015],[-114.638114,32.665013]]]}},{"type":"Feature","properties":{"kind":"vegetation","name":null,"osm":"way/1333149483"},"geometry":{"type":"Polygon","coordinates":[[[-114.638108,32.664242],[-114.63811,32.6636],[-114.637777,32.663599],[-114.637774,32.664241],[-114.638108,32.664242]]]}},{"type":"Feature","properties":{"kind":"vegetation","name":null,"osm":"way/1333149560"},"geometry":{"type":"Polygon","coordinates":[[[-114.636279,32.687139],[-114.636401,32.687008],[-114.636094,32.686807],[-114.635972,32.686938],[-114.636279,32.687139]]]}},{"type":"Feature","properties":{"kind":"vegetation","name":null,"osm":"way/1333149607"},"geometry":{"type":"Polygon","coordinates":[[[-114.653777,32.711591],[-114.653743,32.71151],[-114.653726,32.711515],[-114.653694,32.711437],[-114.653512,32.711491],[-114.653543,32.711567],[-114.653557,32.711563],[-114.653591,32.711646],[-114.653777,32.711591]]]}},{"type":"Feature","properties":{"kind":"vegetation","name":null,"osm":"way/1336981747"},"geometry":{"type":"Polygon","coordinates":[[[-114.67675,32.690771],[-114.676806,32.690815],[-114.676905,32.690812],[-114.67693,32.690787],[-114.676939,32.690758],[-114.676942,32.690692],[-114.676931,32.690671],[-114.676913,32.690657],[-114.676883,32.690643],[-114.676827,32.690636],[-114.676725,32.690613],[-114.676693,32.690642],[-114.676796,32.690729],[-114.67675,32.690771]]]}},{"type":"Feature","properties":{"kind":"vegetation","name":null,"osm":"way/1336981748"},"geometry":{"type":"Polygon","coordinates":[[[-114.67713,32.69088],[-114.677131,32.690824],[-114.677097,32.690823],[-114.677064,32.690842],[-114.677046,32.690876],[-114.677041,32.69095],[-114.67706,32.690951],[-114.677072,32.690985],[-114.67711,32.691013],[-114.677978,32.691015],[-114.677998,32.691005],[-114.678006,32.691001],[-114.678023,32.690985],[-114.67804,32.690965],[-114.678049,32.690945],[-114.678046,32.690883],[-114.67804,32.690862],[-114.678018,32.69085],[-114.677995,32.690841],[-114.677979,32.690839],[-114.677978,32.690878],[-114.67713,32.69088]]]}},{"type":"Feature","properties":{"kind":"vegetation","name":null,"osm":"way/1336981749"},"geometry":{"type":"Polygon","coordinates":[[[-114.676351,32.690908],[-114.676852,32.690905],[-114.676891,32.690921],[-114.676911,32.690946],[-114.676913,32.690968],[-114.676903,32.690995],[-114.676867,32.691019],[-114.676174,32.691021],[-114.67615,32.691015],[-114.676217,32.690955],[-114.676227,32.690926],[-114.676273,32.69088],[-114.676311,32.690901],[-114.676351,32.690908]]]}},{"type":"Feature","properties":{"kind":"vegetation","name":null,"osm":"way/1336981765"},"geometry":{"type":"Polygon","coordinates":[[[-114.676292,32.689982],[-114.67629,32.689709],[-114.676291,32.689693],[-114.676302,32.689678],[-114.676926,32.689138],[-114.676957,32.689126],[-114.676986,32.689124],[-114.677398,32.689122],[-114.677424,32.689127],[-114.677451,32.689143],[-114.677788,32.689428],[-114.677607,32.68958],[-114.677447,32.689447],[-114.677212,32.689656],[-114.67717,32.689619],[-114.677519,32.689326],[-114.67741,32.689234],[-114.677209,32.689403],[-114.677121,32.689329],[-114.676969,32.689457],[-114.676757,32.689648],[-114.676702,32.689606],[-114.676873,32.689463],[-114.676823,32.689423],[-114.676456,32.689736],[-114.676504,32.689778],[-114.676661,32.689643],[-114.676716,32.689685],[-114.676509,32.689857],[-114.676478,32.689832],[-114.676452,32.689853],[-114.676298,32.689977],[-114.676292,32.689982]]]}},{"type":"Feature","properties":{"kind":"vegetation","name":null,"osm":"way/1336981766"},"geometry":{"type":"Polygon","coordinates":[[[-114.678049,32.689718],[-114.678055,32.689706],[-114.678054,32.689679],[-114.678045,32.689646],[-114.677947,32.689551],[-114.677908,32.689531],[-114.677885,32.689524],[-114.677858,32.689523],[-114.677828,32.689528],[-114.677801,32.689538],[-114.677776,32.689552],[-114.6777,32.689614],[-114.677972,32.689842],[-114.677969,32.689728],[-114.677973,32.689721],[-114.677979,32.689719],[-114.677991,32.689718],[-114.678049,32.689718]]]}},{"type":"Feature","properties":{"kind":"vegetation","name":null,"osm":"way/1336981767"},"geometry":{"type":"Polygon","coordinates":[[[-114.677759,32.689897],[-114.677638,32.689803],[-114.677759,32.689706],[-114.677764,32.689701],[-114.67788,32.689795],[-114.677759,32.689897]]]}},{"type":"Feature","properties":{"kind":"vegetation","name":null,"osm":"way/1336981768"},"geometry":{"type":"Polygon","coordinates":[[[-114.677251,32.690548],[-114.677143,32.690456],[-114.677028,32.690551],[-114.677251,32.690548]]]}},{"type":"Feature","properties":{"kind":"vegetation","name":null,"osm":"way/1336981769"},"geometry":{"type":"Polygon","coordinates":[[[-114.677124,32.690439],[-114.676886,32.690241],[-114.676625,32.690436],[-114.676696,32.690499],[-114.676721,32.690513],[-114.676758,32.69053],[-114.676794,32.690542],[-114.676828,32.690547],[-114.676861,32.690548],[-114.676917,32.69055],[-114.676986,32.69055],[-114.677124,32.690439]]]}},{"type":"Feature","properties":{"kind":"vegetation","name":null,"osm":"way/1336981771"},"geometry":{"type":"Polygon","coordinates":[[[-114.677243,32.690505],[-114.677299,32.690549],[-114.677999,32.690547],[-114.678014,32.690542],[-114.678024,32.69053],[-114.678026,32.690134],[-114.678052,32.690133],[-114.678049,32.690002],[-114.677976,32.690005],[-114.677972,32.68987],[-114.677901,32.689809],[-114.677777,32.689915],[-114.677853,32.689994],[-114.677819,32.690022],[-114.677243,32.690505]]]}},{"type":"Feature","properties":{"kind":"vegetation","name":null,"osm":"way/1336981773"},"geometry":{"type":"Polygon","coordinates":[[[-114.67658,32.690387],[-114.676422,32.690242],[-114.676503,32.690174],[-114.676432,32.690117],[-114.676454,32.690096],[-114.676464,32.690104],[-114.676526,32.690051],[-114.676619,32.690128],[-114.676671,32.690083],[-114.676797,32.690184],[-114.676735,32.690234],[-114.67675,32.690247],[-114.67658,32.690387]]]}},{"type":"Feature","properties":{"kind":"water","name":null,"osm":"way/1338987206"},"geometry":{"type":"Polygon","coordinates":[[[-114.67343,32.692912],[-114.672357,32.692918],[-114.67235,32.692439],[-114.673237,32.692442],[-114.67324,32.692528],[-114.673426,32.692529],[-114.67343,32.692912]]]}},{"type":"Feature","properties":{"kind":"vegetation","name":null,"osm":"way/1350417136"},"geometry":{"type":"Polygon","coordinates":[[[-114.637148,32.717723],[-114.637143,32.717623],[-114.637219,32.717624],[-114.637222,32.717273],[-114.637159,32.717275],[-114.63716,32.717108],[-114.637333,32.717108],[-114.637495,32.717098],[-114.637487,32.716744],[-114.63734,32.716703],[-114.637321,32.716141],[-114.637175,32.716094],[-114.636633,32.716087],[-114.635429,32.716939],[-114.635457,32.716964],[-114.635691,32.716954],[-114.636064,32.716953],[-114.636086,32.717098],[-114.636418,32.717096],[-114.636417,32.716901],[-114.636742,32.71691],[-114.636748,32.717384],[-114.636712,32.717413],[-114.636707,32.717575],[-114.636743,32.717617],[-114.636751,32.717728],[-114.637148,32.717723]]]}},{"type":"Feature","properties":{"kind":"vegetation","name":null,"osm":"way/1350506077"},"geometry":{"type":"Polygon","coordinates":[[[-114.649521,32.717524],[-114.649526,32.717808],[-114.648869,32.717801],[-114.648822,32.717756],[-114.648795,32.717722],[-114.648794,32.717436],[-114.648224,32.717431],[-114.648158,32.717368],[-114.648121,32.717316],[-114.648148,32.716938],[-114.648118,32.716088],[-114.648187,32.716098],[-114.648193,32.71636],[-114.648625,32.716365],[-114.648625,32.716522],[-114.648794,32.716525],[-114.648799,32.716629],[-114.64929,32.716636],[-114.6493,32.716693],[-114.649179,32.716693],[-114.649208,32.716958],[-114.649231,32.71723],[-114.649294,32.717231],[-114.649302,32.717353],[-114.649501,32.717359],[-114.649521,32.717524]]]}},{"type":"Feature","properties":{"kind":"vegetation","name":null,"osm":"way/1350506298"},"geometry":{"type":"Polygon","coordinates":[[[-114.647878,32.71556],[-114.647877,32.714959],[-114.647862,32.71492],[-114.647816,32.714902],[-114.64633,32.714891],[-114.646325,32.715001],[-114.64627,32.715021],[-114.64609,32.715011],[-114.646081,32.715163],[-114.6461,32.715317],[-114.646132,32.71542],[-114.646152,32.715451],[-114.646241,32.715469],[-114.646298,32.715481],[-114.646312,32.715587],[-114.64658,32.715595],[-114.646596,32.715583],[-114.646599,32.715463],[-114.646937,32.715468],[-114.646937,32.715576],[-114.646955,32.715586],[-114.647718,32.715584],[-114.647878,32.71556]]]}},{"type":"Feature","properties":{"kind":"vegetation","name":null,"osm":"way/1350812887"},"geometry":{"type":"Polygon","coordinates":[[[-114.643785,32.722319],[-114.643782,32.722187],[-114.643811,32.722144],[-114.644123,32.722147],[-114.64412,32.722533],[-114.643312,32.722534],[-114.643307,32.722147],[-114.643456,32.722145],[-114.643456,32.722183],[-114.643511,32.722184],[-114.643556,32.722214],[-114.643559,32.722321],[-114.643785,32.722319]]]}},{"type":"Feature","properties":{"kind":"water","name":null,"osm":"way/1351653516"},"geometry":{"type":"Polygon","coordinates":[[[-114.65663,32.692384],[-114.656695,32.692325],[-114.656732,32.692253],[-114.65675,32.692172],[-114.656735,32.692101],[-114.656702,32.692054],[-114.656658,32.692025],[-114.656605,32.692029],[-114.65656,32.692055],[-114.656543,32.692077],[-114.656533,32.692101],[-114.656528,32.692133],[-114.656525,32.692182],[-114.656529,32.692251],[-114.656541,32.692304],[-114.656562,32.692348],[-114.656581,32.692383],[-114.656605,32.692383],[-114.65663,32.692384]]]}},{"type":"Feature","properties":{"kind":"water","name":null,"osm":"way/1351653517"},"geometry":{"type":"Polygon","coordinates":[[[-114.656694,32.693311],[-114.656695,32.693276],[-114.656679,32.693225],[-114.656658,32.69317],[-114.656652,32.693129],[-114.65665,32.69298],[-114.656644,32.692941],[-114.656614,32.692893],[-114.656599,32.692887],[-114.656581,32.692881],[-114.656574,32.69291],[-114.656531,32.69298],[-114.656495,32.693031],[-114.656473,32.693071],[-114.656461,32.693165],[-114.65648,32.693232],[-114.656498,32.693269],[-114.656532,32.693301],[-114.656571,32.693321],[-114.656604,32.693312],[-114.656652,32.693309],[-114.656673,32.69331],[-114.656694,32.693311]]]}},{"type":"Feature","properties":{"kind":"water","name":null,"osm":"way/1351653518"},"geometry":{"type":"Polygon","coordinates":[[[-114.657476,32.693418],[-114.657486,32.693435],[-114.657493,32.693446],[-114.657558,32.693457],[-114.657605,32.693457],[-114.657656,32.69344],[-114.657705,32.693417],[-114.657738,32.69339],[-114.657763,32.693357],[-114.657775,32.693313],[-114.65778,32.693242],[-114.657776,32.693151],[-114.657787,32.693131],[-114.657774,32.693114],[-114.657747,32.693108],[-114.657718,32.693113],[-114.657694,32.69313],[-114.657648,32.693194],[-114.657629,32.693212],[-114.657529,32.693318],[-114.657496,32.693368],[-114.657482,32.693393],[-114.657476,32.693418]]]}},{"type":"Feature","properties":{"kind":"vegetation","name":null,"osm":"way/1351653521"},"geometry":{"type":"Polygon","coordinates":[[[-114.656401,32.692938],[-114.656387,32.693272],[-114.656397,32.693393],[-114.656423,32.693467],[-114.656477,32.693522],[-114.656577,32.693568],[-114.656622,32.693577],[-114.656698,32.693587],[-114.65669,32.693506],[-114.65756,32.693495],[-114.657562,32.693829],[-114.65764,32.69383],[-114.657633,32.693573],[-114.657944,32.693571],[-114.657945,32.693416],[-114.65785,32.693414],[-114.657847,32.692764],[-114.657957,32.69276],[-114.657954,32.692074],[-114.658247,32.692076],[-114.658249,32.692008],[-114.657946,32.69201],[-114.657952,32.691915],[-114.657344,32.691918],[-114.657344,32.691977],[-114.657743,32.691987],[-114.657738,32.692624],[-114.657644,32.692628],[-114.657643,32.69313],[-114.65736,32.693333],[-114.657016,32.693338],[-114.656778,32.69318],[-114.6567,32.692906],[-114.656774,32.692775],[-114.657045,32.692892],[-114.65707,32.69287],[-114.657029,32.692853],[-114.657042,32.692839],[-114.656884,32.692727],[-114.656888,32.692648],[-114.656861,32.692648],[-114.656862,32.692427],[-114.65693,32.692419],[-114.656929,32.692294],[-114.656792,32.692292],[-114.656775,32.691922],[-114.6564,32.691919],[-114.656397,32.692026],[-114.65623,32.692022],[-114.656231,32.69209],[-114.656468,32.692083],[-114.656476,32.692935],[-114.656401,32.692938]]]}},{"type":"Feature","properties":{"kind":"vegetation","name":null,"osm":"way/1418669206"},"geometry":{"type":"Polygon","coordinates":[[[-114.630889,32.687145],[-114.630887,32.686823],[-114.630336,32.686824],[-114.630337,32.687146],[-114.630889,32.687145]]]}},{"type":"Feature","properties":{"kind":"vegetation","name":"Johnson of Somerton","osm":"way/1437053412"},"geometry":{"type":"Polygon","coordinates":[[[-114.709876,32.605733],[-114.707669,32.60574],[-114.70765,32.603876],[-114.702113,32.603908],[-114.701402,32.60392],[-114.701455,32.607386],[-114.709894,32.607345],[-114.709876,32.605733]]]}},{"type":"Feature","properties":{"kind":"water","name":null,"osm":"way/1437053419"},"geometry":{"type":"Polygon","coordinates":[[[-114.712761,32.593385],[-114.712668,32.593376],[-114.712588,32.593382],[-114.71254,32.593361],[-114.712499,32.59333],[-114.712472,32.5933],[-114.712464,32.593276],[-114.71246,32.59324],[-114.712472,32.59321],[-114.712495,32.593181],[-114.71254,32.593161],[-114.712653,32.593154],[-114.71283,32.593162],[-114.712893,32.593183],[-114.712922,32.593194],[-114.712948,32.59324],[-114.712948,32.593281],[-114.712939,32.593301],[-114.712903,32.593342],[-114.712838,32.593366],[-114.712761,32.593385]]]}},{"type":"Feature","properties":{"kind":"vegetation","name":null,"osm":"way/1441702253"},"geometry":{"type":"Polygon","coordinates":[[[-114.721899,32.599743],[-114.721886,32.598757],[-114.722274,32.598754],[-114.722287,32.599739],[-114.721899,32.599743]]]}},{"type":"Feature","properties":{"kind":"water","name":null,"osm":"way/1443087678"},"geometry":{"type":"Polygon","coordinates":[[[-114.64799,32.680256],[-114.64796,32.679057],[-114.646262,32.679097],[-114.64623,32.680274],[-114.64799,32.680256]]]}},{"type":"Feature","properties":{"kind":"vegetation","name":"Cocopah Rio Colorado Golf Course","osm":"way/1443579243"},"geometry":{"type":"Polygon","coordinates":[[[-114.704957,32.598762],[-114.704929,32.599056],[-114.704124,32.600238],[-114.703816,32.600441],[-114.703428,32.600519],[-114.702503,32.600536],[-114.702453,32.600643],[-114.702437,32.600828],[-114.702442,32.601168],[-114.702651,32.601479],[-114.703317,32.602211],[-114.705173,32.602187],[-114.70649,32.602273],[-114.706817,32.602142],[-114.706953,32.601874],[-114.707275,32.60079],[-114.707152,32.60059],[-114.706625,32.600393],[-114.70563,32.600686],[-114.705714,32.599575],[-114.705646,32.599427],[-114.705602,32.599256],[-114.705588,32.598819],[-114.705568,32.598729],[-114.705534,32.598672],[-114.704952,32.598669],[-114.704957,32.598762]]]}},{"type":"Feature","properties":{"kind":"vegetation","name":null,"osm":"way/1443839649"},"geometry":{"type":"Polygon","coordinates":[[[-114.720973,32.593198],[-114.720259,32.593204],[-114.720283,32.592254],[-114.721004,32.592248],[-114.720973,32.593198]]]}},{"type":"Feature","properties":{"kind":"vegetation","name":null,"osm":"way/1447852440"},"geometry":{"type":"Polygon","coordinates":[[[-114.692423,32.574358],[-114.684297,32.574395],[-114.684296,32.567513],[-114.692395,32.567396],[-114.692423,32.574358]]]}},{"type":"Feature","properties":{"kind":"vegetation","name":null,"osm":"way/1447852441"},"geometry":{"type":"Polygon","coordinates":[[[-114.700878,32.574286],[-114.692752,32.574323],[-114.692751,32.56744],[-114.70085,32.567378],[-114.700878,32.574286]]]}},{"type":"Feature","properties":{"kind":"vegetation","name":null,"osm":"way/1447852442"},"geometry":{"type":"Polygon","coordinates":[[[-114.683798,32.574422],[-114.676366,32.574476],[-114.675929,32.574079],[-114.675628,32.573675],[-114.675671,32.567576],[-114.68377,32.567514],[-114.683798,32.574422]]]}},{"type":"Feature","properties":{"kind":"vegetation","name":null,"osm":"way/1447852443"},"geometry":{"type":"Polygon","coordinates":[[[-114.700883,32.581714],[-114.692773,32.581655],[-114.692773,32.574773],[-114.700871,32.574711],[-114.700885,32.576284],[-114.699001,32.576316],[-114.699002,32.576946],[-114.700892,32.576944],[-114.700883,32.581714]]]}},{"type":"Feature","properties":{"kind":"vegetation","name":null,"osm":"way/1447852444"},"geometry":{"type":"Polygon","coordinates":[[[-114.692523,32.581727],[-114.685142,32.581745],[-114.68512,32.580118],[-114.68424,32.5801],[-114.684219,32.574838],[-114.688253,32.574856],[-114.688339,32.579026],[-114.689047,32.579042],[-114.689031,32.578285],[-114.688344,32.578275],[-114.688278,32.574856],[-114.692502,32.574856],[-114.692523,32.581727]]]}},{"type":"Feature","properties":{"kind":"vegetation","name":null,"osm":"way/1447852445"},"geometry":{"type":"Polygon","coordinates":[[[-114.700903,32.589122],[-114.692777,32.589159],[-114.692776,32.582277],[-114.700875,32.582215],[-114.700903,32.589122]]]}},{"type":"Feature","properties":{"kind":"vegetation","name":null,"osm":"way/1447852446"},"geometry":{"type":"Polygon","coordinates":[[[-114.7011,32.596422],[-114.692768,32.596456],[-114.69279,32.589441],[-114.701123,32.589414],[-114.7011,32.596422]]]}},{"type":"Feature","properties":{"kind":"vegetation","name":null,"osm":"way/1447852447"},"geometry":{"type":"Polygon","coordinates":[[[-114.692362,32.589031],[-114.68845,32.58905],[-114.688403,32.588372],[-114.688573,32.587617],[-114.687477,32.587584],[-114.687423,32.588037],[-114.687332,32.588263],[-114.686814,32.588377],[-114.686727,32.589084],[-114.684236,32.589068],[-114.684236,32.582187],[-114.692334,32.582125],[-114.692362,32.589031]]]}},{"type":"Feature","properties":{"kind":"vegetation","name":null,"osm":"way/1447852463"},"geometry":{"type":"Polygon","coordinates":[[[-114.683782,32.581784],[-114.683696,32.574822],[-114.676787,32.57475],[-114.677452,32.575636],[-114.67728,32.576323],[-114.676787,32.577118],[-114.676937,32.577751],[-114.677302,32.57795],[-114.677967,32.577968],[-114.677967,32.581801],[-114.683782,32.581784]]]}},{"type":"Feature","properties":{"kind":"vegetation","name":null,"osm":"way/1447852464"},"geometry":{"type":"Polygon","coordinates":[[[-114.683761,32.589124],[-114.67668,32.589106],[-114.676723,32.588148],[-114.676744,32.587605],[-114.676036,32.585598],[-114.6758,32.58502],[-114.675821,32.584333],[-114.676014,32.583555],[-114.67625,32.582995],[-114.676551,32.582362],[-114.683761,32.582326],[-114.683761,32.589124]]]}},{"type":"Feature","properties":{"kind":"vegetation","name":null,"osm":"way/1447852465"},"geometry":{"type":"Polygon","coordinates":[[[-114.692515,32.596392],[-114.692494,32.589522],[-114.684319,32.589558],[-114.684276,32.596572],[-114.685928,32.596572],[-114.685971,32.59471],[-114.687923,32.594692],[-114.688395,32.595126],[-114.688417,32.59641],[-114.692515,32.596392]]]}},{"type":"Feature","properties":{"kind":"vegetation","name":null,"osm":"way/1447852466"},"geometry":{"type":"Polygon","coordinates":[[[-114.683739,32.596518],[-114.678697,32.596446],[-114.678761,32.595885],[-114.679104,32.59518],[-114.678997,32.59424],[-114.678761,32.593571],[-114.678353,32.592722],[-114.677709,32.592291],[-114.677302,32.591583],[-114.676851,32.591203],[-114.676787,32.590317],[-114.676744,32.589721],[-114.676658,32.589413],[-114.681829,32.589467],[-114.681872,32.590046],[-114.683718,32.590082],[-114.683739,32.596518]]]}},{"type":"Feature","properties":{"kind":"vegetation","name":null,"osm":"way/1447852482"},"geometry":{"type":"Polygon","coordinates":[[[-114.748245,32.610617],[-114.740119,32.610654],[-114.740118,32.603775],[-114.748217,32.603713],[-114.748245,32.610617]]]}},{"type":"Feature","properties":{"kind":"vegetation","name":null,"osm":"way/1447852484"},"geometry":{"type":"Polygon","coordinates":[[[-114.726852,32.610798],[-114.72073,32.610826],[-114.720706,32.609148],[-114.718726,32.609142],[-114.718725,32.603955],[-114.726824,32.603893],[-114.726852,32.610798]]]}},{"type":"Feature","properties":{"kind":"vegetation","name":null,"osm":"way/1447852486"},"geometry":{"type":"Polygon","coordinates":[[[-114.74821,32.603517],[-114.740103,32.603595],[-114.739953,32.599818],[-114.740756,32.599803],[-114.740981,32.599614],[-114.742755,32.59963],[-114.742942,32.599645],[-114.742979,32.596765],[-114.748191,32.596813],[-114.74821,32.603517]]]}},{"type":"Feature","properties":{"kind":"vegetation","name":null,"osm":"way/1447852487"},"geometry":{"type":"Polygon","coordinates":[[[-114.737752,32.599599],[-114.737786,32.600876],[-114.735769,32.600897],[-114.735774,32.602258],[-114.736385,32.602258],[-114.736395,32.603304],[-114.735764,32.603308],[-114.735918,32.60808],[-114.737207,32.608064],[-114.737188,32.608804],[-114.735918,32.608851],[-114.736012,32.610724],[-114.739953,32.610676],[-114.739878,32.602896],[-114.737833,32.602881],[-114.737814,32.601803],[-114.738365,32.601803],[-114.738341,32.602882],[-114.739879,32.602894],[-114.739848,32.59973],[-114.739603,32.599691],[-114.739388,32.599613],[-114.737752,32.599599]]]}},{"type":"Feature","properties":{"kind":"vegetation","name":null,"osm":"way/1447852488"},"geometry":{"type":"Polygon","coordinates":[[[-114.735511,32.610703],[-114.727385,32.61074],[-114.727384,32.603861],[-114.735483,32.603798],[-114.735511,32.610703]]]}},{"type":"Feature","properties":{"kind":"vegetation","name":null,"osm":"way/1447852489"},"geometry":{"type":"Polygon","coordinates":[[[-114.735382,32.6036],[-114.727342,32.603654],[-114.727255,32.596955],[-114.732471,32.596921],[-114.731641,32.598126],[-114.73301,32.598121],[-114.732989,32.597401],[-114.733551,32.597411],[-114.733558,32.596888],[-114.735354,32.596893],[-114.735382,32.6036]]]}},{"type":"Feature","properties":{"kind":"vegetation","name":null,"osm":"way/1447852490"},"geometry":{"type":"Polygon","coordinates":[[[-114.709797,32.61087],[-114.709797,32.607514],[-114.701568,32.607528],[-114.701584,32.61087],[-114.709797,32.61087]]]}},{"type":"Feature","properties":{"kind":"vegetation","name":null,"osm":"way/1447852491"},"geometry":{"type":"Polygon","coordinates":[[[-114.701178,32.604103],[-114.701145,32.610829],[-114.700723,32.610665],[-114.700007,32.610815],[-114.699958,32.610377],[-114.699357,32.610377],[-114.699259,32.610815],[-114.692933,32.610884],[-114.692901,32.607665],[-114.695681,32.60761],[-114.697161,32.607733],[-114.69843,32.607377],[-114.699129,32.606939],[-114.699503,32.606089],[-114.699487,32.605391],[-114.699991,32.604624],[-114.700235,32.604172],[-114.700251,32.604089],[-114.701178,32.604103]]]}},{"type":"Feature","properties":{"kind":"vegetation","name":null,"osm":"way/1447852492"},"geometry":{"type":"Polygon","coordinates":[[[-114.692966,32.607266],[-114.692795,32.59697],[-114.697144,32.596987],[-114.697142,32.59795],[-114.699064,32.597938],[-114.699048,32.598979],[-114.700105,32.599007],[-114.700121,32.600034],[-114.69921,32.602144],[-114.699178,32.602637],[-114.699438,32.603144],[-114.699844,32.603788],[-114.699698,32.604555],[-114.699194,32.605089],[-114.698966,32.605432],[-114.698934,32.606089],[-114.698739,32.606733],[-114.698056,32.607103],[-114.697129,32.607281],[-114.692966,32.607266]]]}},{"type":"Feature","properties":{"kind":"vegetation","name":null,"osm":"way/1447852493"},"geometry":{"type":"Polygon","coordinates":[[[-114.692462,32.597787],[-114.691876,32.59776],[-114.691274,32.597568],[-114.690624,32.597253],[-114.690315,32.596993],[-114.688933,32.596993],[-114.689453,32.598349],[-114.68999,32.600226],[-114.688347,32.60024],[-114.688266,32.598089],[-114.688412,32.597335],[-114.688412,32.597061],[-114.688071,32.597007],[-114.686591,32.597007],[-114.686591,32.597719],[-114.685973,32.597705],[-114.685957,32.596993],[-114.684965,32.59702],[-114.684867,32.599459],[-114.684266,32.599472],[-114.684298,32.603747],[-114.692494,32.603665],[-114.692462,32.597787]]]}},{"type":"Feature","properties":{"kind":"vegetation","name":null,"osm":"way/1447852494"},"geometry":{"type":"Polygon","coordinates":[[[-114.692771,32.610815],[-114.692705,32.607761],[-114.688819,32.607733],[-114.688835,32.610829],[-114.692771,32.610815]]]}},{"type":"Feature","properties":{"kind":"vegetation","name":null,"osm":"way/1447852495"},"geometry":{"type":"Polygon","coordinates":[[[-114.68838,32.61072],[-114.684542,32.61072],[-114.684477,32.604001],[-114.692695,32.603996],[-114.692718,32.60727],[-114.68838,32.607281],[-114.68838,32.61072]]]}},{"type":"Feature","properties":{"kind":"vegetation","name":null,"osm":"way/1447852496"},"geometry":{"type":"Polygon","coordinates":[[[-114.684022,32.610692],[-114.669792,32.610788],[-114.669776,32.61061],[-114.670167,32.61035],[-114.671224,32.609144],[-114.671858,32.607733],[-114.673029,32.606254],[-114.673809,32.604898],[-114.673777,32.604021],[-114.673695,32.603048],[-114.674004,32.602322],[-114.674069,32.602185],[-114.683875,32.602171],[-114.684022,32.610692]]]}},{"type":"Feature","properties":{"kind":"vegetation","name":null,"osm":"way/1447852497"},"geometry":{"type":"Polygon","coordinates":[[[-114.683892,32.601939],[-114.674216,32.60198],[-114.674362,32.601596],[-114.674573,32.601295],[-114.675224,32.600829],[-114.675809,32.600267],[-114.676167,32.599692],[-114.676688,32.598637],[-114.677175,32.597719],[-114.677842,32.597226],[-114.678151,32.596965],[-114.683761,32.597034],[-114.683892,32.601939]]]}},{"type":"Feature","properties":{"kind":"vegetation","name":null,"osm":"way/1447852499"},"geometry":{"type":"Polygon","coordinates":[[[-114.755254,32.625336],[-114.753816,32.625336],[-114.753494,32.624993],[-114.753022,32.624884],[-114.752937,32.625354],[-114.736264,32.625372],[-114.736092,32.611293],[-114.749417,32.611221],[-114.749546,32.615414],[-114.749525,32.618523],[-114.750134,32.6197],[-114.750872,32.62112],[-114.752071,32.622661],[-114.754288,32.624722],[-114.755254,32.625336]]]}},{"type":"Feature","properties":{"kind":"vegetation","name":null,"osm":"way/1447852500"},"geometry":{"type":"Polygon","coordinates":[[[-114.735749,32.6253],[-114.727338,32.625372],[-114.727273,32.623023],[-114.725428,32.623475],[-114.723432,32.624668],[-114.723389,32.62539],[-114.717038,32.625481],[-114.717724,32.62483],[-114.718583,32.624415],[-114.719098,32.624125],[-114.719742,32.623656],[-114.72075,32.623475],[-114.721866,32.622878],[-114.723003,32.622318],[-114.724355,32.621794],[-114.725256,32.621306],[-114.725428,32.62071],[-114.725235,32.620131],[-114.72575,32.619264],[-114.725878,32.618577],[-114.725771,32.617981],[-114.725192,32.617475],[-114.725084,32.616788],[-114.725557,32.615559],[-114.726179,32.614167],[-114.727209,32.612938],[-114.727423,32.611293],[-114.735449,32.611293],[-114.735534,32.617601],[-114.731479,32.617637],[-114.7315,32.618342],[-114.735556,32.618396],[-114.735749,32.6253]]]}},{"type":"Feature","properties":{"kind":"vegetation","name":null,"osm":"way/1447852501"},"geometry":{"type":"Polygon","coordinates":[[[-114.714356,32.625282],[-114.710271,32.625289],[-114.710221,32.618335],[-114.710636,32.618326],[-114.710701,32.616417],[-114.710238,32.61642],[-114.710257,32.611167],[-114.726436,32.611185],[-114.726587,32.611691],[-114.725449,32.61339],[-114.724205,32.615595],[-114.723733,32.616679],[-114.723733,32.617493],[-114.72414,32.618469],[-114.724355,32.620186],[-114.723389,32.620818],[-114.721973,32.621216],[-114.7206,32.62118],[-114.719527,32.620927],[-114.718454,32.620836],[-114.717424,32.620999],[-114.715707,32.622119],[-114.714592,32.624089],[-114.71442,32.624975],[-114.714356,32.625282]]]}},{"type":"Feature","properties":{"kind":"vegetation","name":null,"osm":"way/1447852502"},"geometry":{"type":"Polygon","coordinates":[[[-114.716351,32.625372],[-114.714892,32.625318],[-114.715235,32.623891],[-114.715901,32.622571],[-114.717767,32.621415],[-114.718862,32.621324],[-114.720493,32.621541],[-114.722574,32.621541],[-114.724291,32.62089],[-114.724677,32.620547],[-114.724827,32.619951],[-114.724217,32.617722],[-114.724226,32.617059],[-114.724419,32.616246],[-114.725492,32.614149],[-114.726243,32.61301],[-114.726823,32.612197],[-114.726608,32.612902],[-114.7259,32.613788],[-114.724999,32.615505],[-114.724419,32.616878],[-114.724591,32.617709],[-114.725063,32.618017],[-114.725256,32.618414],[-114.725256,32.619192],[-114.724956,32.619679],[-114.724848,32.620655],[-114.724741,32.621035],[-114.723239,32.621668],[-114.721115,32.622897],[-114.719699,32.623186],[-114.71854,32.623836],[-114.717596,32.624433],[-114.716716,32.625047],[-114.716351,32.625372]]]}},{"type":"Feature","properties":{"kind":"vegetation","name":null,"osm":"way/1447852503"},"geometry":{"type":"Polygon","coordinates":[[[-114.709815,32.625318],[-114.701689,32.625355],[-114.701688,32.618476],[-114.709787,32.618414],[-114.709815,32.625318]]]}},{"type":"Feature","properties":{"kind":"vegetation","name":null,"osm":"way/1447852504"},"geometry":{"type":"Polygon","coordinates":[[[-114.709857,32.618179],[-114.701731,32.618216],[-114.701731,32.611337],[-114.709829,32.611275],[-114.709857,32.618179]]]}},{"type":"Feature","properties":{"kind":"vegetation","name":null,"osm":"way/1447852505"},"geometry":{"type":"Polygon","coordinates":[[[-114.701253,32.618197],[-114.693127,32.618234],[-114.693062,32.611776],[-114.693684,32.611789],[-114.693678,32.611288],[-114.701225,32.611293],[-114.701253,32.618197]]]}},{"type":"Feature","properties":{"kind":"vegetation","name":null,"osm":"way/1447852506"},"geometry":{"type":"Polygon","coordinates":[[[-114.692748,32.618234],[-114.684529,32.61827],[-114.684508,32.612812],[-114.688649,32.612848],[-114.688649,32.611293],[-114.692683,32.611311],[-114.692705,32.612613],[-114.690859,32.612595],[-114.690881,32.613679],[-114.692705,32.613733],[-114.692748,32.618234]]]}},{"type":"Feature","properties":{"kind":"vegetation","name":null,"osm":"way/1447852507"},"geometry":{"type":"Polygon","coordinates":[[[-114.70121,32.625336],[-114.697254,32.625354],[-114.697231,32.624374],[-114.696425,32.62439],[-114.696392,32.625346],[-114.693084,32.625373],[-114.693083,32.618494],[-114.701182,32.618432],[-114.70121,32.625336]]]}},{"type":"Feature","properties":{"kind":"vegetation","name":null,"osm":"way/1447852508"},"geometry":{"type":"Polygon","coordinates":[[[-114.692705,32.624409],[-114.691975,32.624415],[-114.691975,32.624866],[-114.690795,32.624912],[-114.690774,32.625318],[-114.688585,32.625336],[-114.688574,32.624921],[-114.687534,32.624921],[-114.687534,32.625381],[-114.684465,32.625372],[-114.684551,32.618523],[-114.692812,32.618469],[-114.692705,32.624409]]]}},{"type":"Feature","properties":{"kind":"vegetation","name":null,"osm":"way/1447852509"},"geometry":{"type":"Polygon","coordinates":[[[-114.6841,32.61282],[-114.682062,32.613065],[-114.675653,32.613047],[-114.675654,32.611402],[-114.671437,32.611383],[-114.671408,32.612361],[-114.669265,32.61235],[-114.66923,32.611306],[-114.6687,32.611415],[-114.668264,32.611644],[-114.66792,32.612012],[-114.667471,32.612577],[-114.667268,32.613244],[-114.667207,32.61378],[-114.667245,32.61789],[-114.668898,32.617895],[-114.668903,32.618432],[-114.667267,32.618423],[-114.667326,32.624731],[-114.671295,32.624704],[-114.67129,32.623782],[-114.673516,32.623768],[-114.673543,32.625427],[-114.675528,32.625409],[-114.675507,32.618252],[-114.684132,32.618189],[-114.6841,32.61282]]]}},{"type":"Feature","properties":{"kind":"vegetation","name":null,"osm":"way/1447852510"},"geometry":{"type":"Polygon","coordinates":[[[-114.649924,32.66188],[-114.643737,32.66188],[-114.643426,32.660902],[-114.643185,32.658102],[-114.642661,32.657208],[-114.64184,32.656838],[-114.641515,32.656576],[-114.64148,32.655003],[-114.649853,32.655074],[-114.649924,32.66188]]]}},{"type":"Feature","properties":{"kind":"vegetation","name":null,"osm":"way/1447852511"},"geometry":{"type":"Polygon","coordinates":[[[-114.64981,32.654621],[-114.639518,32.654669],[-114.638145,32.652118],[-114.638329,32.650938],[-114.638995,32.647779],[-114.642591,32.64772],[-114.645167,32.647756],[-114.64521,32.648292],[-114.645832,32.648292],[-114.645832,32.647708],[-114.649853,32.647684],[-114.64981,32.654621]]]}},{"type":"Feature","properties":{"kind":"vegetation","name":null,"osm":"way/1447852512"},"geometry":{"type":"Polygon","coordinates":[[[-114.649867,32.647374],[-114.649924,32.644036],[-114.645747,32.644001],[-114.645691,32.641974],[-114.649881,32.641962],[-114.649853,32.640663],[-114.647928,32.640639],[-114.647913,32.640329],[-114.64184,32.640389],[-114.641628,32.641378],[-114.6416,32.647434],[-114.649867,32.647374]]]}},{"type":"Feature","properties":{"kind":"vegetation","name":null,"osm":"way/1447852513"},"geometry":{"type":"Polygon","coordinates":[[[-114.645634,32.640079],[-114.641741,32.640043],[-114.64167,32.636753],[-114.641925,32.635453],[-114.641939,32.634893],[-114.641571,32.633558],[-114.641727,32.633438],[-114.647298,32.633432],[-114.647291,32.63388],[-114.648713,32.633898],[-114.64872,32.634881],[-114.649796,32.634887],[-114.649796,32.636568],[-114.645634,32.636586],[-114.645634,32.640079]]]}},{"type":"Feature","properties":{"kind":"vegetation","name":null,"osm":"way/1447852514"},"geometry":{"type":"Polygon","coordinates":[[[-114.649655,32.632807],[-114.649626,32.625939],[-114.637975,32.625951],[-114.638032,32.626404],[-114.638981,32.629468],[-114.640042,32.630386],[-114.640609,32.630994],[-114.640722,32.6314],[-114.640722,32.632246],[-114.640693,32.632497],[-114.640778,32.632795],[-114.649655,32.632807]]]}},{"type":"Feature","properties":{"kind":"vegetation","name":null,"osm":"way/1447852515"},"geometry":{"type":"Polygon","coordinates":[[[-114.64957,32.625498],[-114.645946,32.62551],[-114.645988,32.618988],[-114.6463,32.61894],[-114.646921,32.619042],[-114.647107,32.619262],[-114.647605,32.619296],[-114.647616,32.619059],[-114.648366,32.619012],[-114.648961,32.618893],[-114.649386,32.618809],[-114.64957,32.625498]]]}},{"type":"Feature","properties":{"kind":"vegetation","name":null,"osm":"way/1447852516"},"geometry":{"type":"Polygon","coordinates":[[[-114.666914,32.613422],[-114.666045,32.613401],[-114.665328,32.614031],[-114.6646,32.61444],[-114.663759,32.614707],[-114.662694,32.615384],[-114.659556,32.61562],[-114.658473,32.616139],[-114.657726,32.616658],[-114.655858,32.617665],[-114.654811,32.617712],[-114.65356,32.617854],[-114.652551,32.618232],[-114.651318,32.618357],[-114.650515,32.618672],[-114.650141,32.619034],[-114.650067,32.62012],[-114.650459,32.620135],[-114.650552,32.619663],[-114.651225,32.619648],[-114.651449,32.619994],[-114.651542,32.62034],[-114.650029,32.620434],[-114.650123,32.625453],[-114.658323,32.625453],[-114.658398,32.624383],[-114.659351,32.624368],[-114.659332,32.625485],[-114.662582,32.625453],[-114.662564,32.622149],[-114.658342,32.622165],[-114.658305,32.618342],[-114.666935,32.618294],[-114.666935,32.617539],[-114.666357,32.617533],[-114.666353,32.616838],[-114.666916,32.616831],[-114.666897,32.615384],[-114.665777,32.615384],[-114.665775,32.614711],[-114.66692,32.614713],[-114.666914,32.614593],[-114.666264,32.614592],[-114.666254,32.614127],[-114.666916,32.614127],[-114.666914,32.613422]]]}},{"type":"Feature","properties":{"kind":"vegetation","name":null,"osm":"way/1447852517"},"geometry":{"type":"Polygon","coordinates":[[[-114.684531,32.612724],[-114.688561,32.612766],[-114.688561,32.61125],[-114.684494,32.61124],[-114.684507,32.611644],[-114.685086,32.611655],[-114.685086,32.612527],[-114.684519,32.612527],[-114.684531,32.612724]]]}},{"type":"Feature","properties":{"kind":"vegetation","name":null,"osm":"way/1447852593"},"geometry":{"type":"Polygon","coordinates":[[[-114.630393,32.622131],[-114.630371,32.618711],[-114.628424,32.618756],[-114.628403,32.622136],[-114.630393,32.622131]]]}},{"type":"Feature","properties":{"kind":"vegetation","name":null,"osm":"way/1449260307"},"geometry":{"type":"Polygon","coordinates":[[[-114.684361,32.669101],[-114.676121,32.669029],[-114.676056,32.667168],[-114.667495,32.667241],[-114.667495,32.662219],[-114.682408,32.662255],[-114.682408,32.665603],[-114.684382,32.665592],[-114.684361,32.669101]]]}},{"type":"Feature","properties":{"kind":"vegetation","name":null,"osm":"way/1449260308"},"geometry":{"type":"Polygon","coordinates":[[[-114.669555,32.661731],[-114.670349,32.659997],[-114.670349,32.658299],[-114.667516,32.658226],[-114.667473,32.654993],[-114.684403,32.654794],[-114.684382,32.661731],[-114.669555,32.661731]]]}},{"type":"Feature","properties":{"kind":"vegetation","name":null,"osm":"way/1449260309"},"geometry":{"type":"Polygon","coordinates":[[[-114.667416,32.652727],[-114.66741,32.651159],[-114.671654,32.651128],[-114.671637,32.647325],[-114.670313,32.647329],[-114.670312,32.64648],[-114.668183,32.646502],[-114.668194,32.647329],[-114.667373,32.647334],[-114.667341,32.640409],[-114.675452,32.640373],[-114.675978,32.641027],[-114.676052,32.642469],[-114.67616,32.643264],[-114.675216,32.64498],[-114.675409,32.648106],[-114.67557,32.654565],[-114.671652,32.654597],[-114.671638,32.65279],[-114.667416,32.652727]]]}},{"type":"Feature","properties":{"kind":"vegetation","name":null,"osm":"way/1449260310"},"geometry":{"type":"Polygon","coordinates":[[[-114.675988,32.654488],[-114.675881,32.651177],[-114.67586,32.650574],[-114.675814,32.650121],[-114.675773,32.649244],[-114.675731,32.645414],[-114.676138,32.644438],[-114.676632,32.64377],[-114.676739,32.643318],[-114.676632,32.642053],[-114.676331,32.641258],[-114.675924,32.640463],[-114.684035,32.640409],[-114.684099,32.643782],[-114.678488,32.643845],[-114.678399,32.643885],[-114.678399,32.644053],[-114.678391,32.645579],[-114.679598,32.645576],[-114.679647,32.643977],[-114.684104,32.643962],[-114.684083,32.645549],[-114.683356,32.64559],[-114.683442,32.647453],[-114.684145,32.647469],[-114.684388,32.654414],[-114.675988,32.654488]]]}},{"type":"Feature","properties":{"kind":"vegetation","name":null,"osm":"way/1449260311"},"geometry":{"type":"Polygon","coordinates":[[[-114.66747,32.63995],[-114.667454,32.633172],[-114.674462,32.633268],[-114.674869,32.63398],[-114.674934,32.636075],[-114.67521,32.637239],[-114.675227,32.638376],[-114.675617,32.639992],[-114.67069,32.639978],[-114.670673,32.639088],[-114.669226,32.63906],[-114.669259,32.639964],[-114.66747,32.63995]]]}},{"type":"Feature","properties":{"kind":"vegetation","name":null,"osm":"way/1449260312"},"geometry":{"type":"Polygon","coordinates":[[[-114.676024,32.63995],[-114.682073,32.639896],[-114.682073,32.638581],[-114.682512,32.638581],[-114.682512,32.638718],[-114.683016,32.638745],[-114.683049,32.639006],[-114.684008,32.638992],[-114.684057,32.633295],[-114.67495,32.633185],[-114.675259,32.633815],[-114.675227,32.634281],[-114.675422,32.634774],[-114.675243,32.635897],[-114.675536,32.636691],[-114.675471,32.637691],[-114.675747,32.638773],[-114.675958,32.639553],[-114.676024,32.63995]]]}},{"type":"Feature","properties":{"kind":"vegetation","name":null,"osm":"way/1449260313"},"geometry":{"type":"Polygon","coordinates":[[[-114.684024,32.632624],[-114.684057,32.625735],[-114.667323,32.62579],[-114.667356,32.632679],[-114.671291,32.632706],[-114.671275,32.632008],[-114.672544,32.632008],[-114.672495,32.632706],[-114.684027,32.632693],[-114.684024,32.632624]]]}},{"type":"Feature","properties":{"kind":"vegetation","name":null,"osm":"way/1449260314"},"geometry":{"type":"Polygon","coordinates":[[[-114.66693,32.632661],[-114.658783,32.632716],[-114.658702,32.625841],[-114.666881,32.625855],[-114.66693,32.632661]]]}},{"type":"Feature","properties":{"kind":"vegetation","name":null,"osm":"way/1449260315"},"geometry":{"type":"Polygon","coordinates":[[[-114.658376,32.632743],[-114.650229,32.632798],[-114.650148,32.625923],[-114.658328,32.625937],[-114.658376,32.632743]]]}},{"type":"Feature","properties":{"kind":"vegetation","name":null,"osm":"way/1449260316"},"geometry":{"type":"Polygon","coordinates":[[[-114.666963,32.640015],[-114.658815,32.64007],[-114.658734,32.633195],[-114.666914,32.633209],[-114.666963,32.640015]]]}},{"type":"Feature","properties":{"kind":"vegetation","name":null,"osm":"way/1449260317"},"geometry":{"type":"Polygon","coordinates":[[[-114.667011,32.654543],[-114.658864,32.654598],[-114.658783,32.647724],[-114.666963,32.647738],[-114.667011,32.654543]]]}},{"type":"Feature","properties":{"kind":"vegetation","name":null,"osm":"way/1449260318"},"geometry":{"type":"Polygon","coordinates":[[[-114.666984,32.64727],[-114.661341,32.647266],[-114.661284,32.646658],[-114.660696,32.646653],[-114.660345,32.646745],[-114.66002,32.64687],[-114.65997,32.647294],[-114.658837,32.647278],[-114.658755,32.640404],[-114.666935,32.640417],[-114.666984,32.64727]]]}},{"type":"Feature","properties":{"kind":"vegetation","name":null,"osm":"way/1449260319"},"geometry":{"type":"Polygon","coordinates":[[[-114.654613,32.639987],[-114.654576,32.638225],[-114.650194,32.638261],[-114.650197,32.633464],[-114.658293,32.633396],[-114.658312,32.639987],[-114.654613,32.639987]]]}},{"type":"Feature","properties":{"kind":"vegetation","name":null,"osm":"way/1449260320"},"geometry":{"type":"Polygon","coordinates":[[[-114.650354,32.647403],[-114.658199,32.647332],[-114.658274,32.640522],[-114.654613,32.640443],[-114.654557,32.644045],[-114.650354,32.644061],[-114.650354,32.647403]]]}},{"type":"Feature","properties":{"kind":"vegetation","name":null,"osm":"way/1449260321"},"geometry":{"type":"Polygon","coordinates":[[[-114.658274,32.654552],[-114.650317,32.654615],[-114.650354,32.652208],[-114.651493,32.652224],[-114.651475,32.651139],[-114.650351,32.651132],[-114.650345,32.64771],[-114.658199,32.647663],[-114.658274,32.654552]]]}},{"type":"Feature","properties":{"kind":"vegetation","name":null,"osm":"way/1449260322"},"geometry":{"type":"Polygon","coordinates":[[[-114.650522,32.661896],[-114.650513,32.660347],[-114.652362,32.660347],[-114.652353,32.659836],[-114.650513,32.659844],[-114.650513,32.658641],[-114.651251,32.658633],[-114.65126,32.656635],[-114.650522,32.656628],[-114.650503,32.655032],[-114.658166,32.654956],[-114.658218,32.66188],[-114.650522,32.661896]]]}},{"type":"Feature","properties":{"kind":"vegetation","name":null,"osm":"way/1449260326"},"geometry":{"type":"Polygon","coordinates":[[[-114.692888,32.640002],[-114.692867,32.633325],[-114.684522,32.633278],[-114.684524,32.640019],[-114.692888,32.640002]]]}},{"type":"Feature","properties":{"kind":"vegetation","name":null,"osm":"way/1449260327"},"geometry":{"type":"Polygon","coordinates":[[[-114.701458,32.639954],[-114.701437,32.633278],[-114.693091,32.63323],[-114.693093,32.639971],[-114.701458,32.639954]]]}},{"type":"Feature","properties":{"kind":"vegetation","name":null,"osm":"way/1449260328"},"geometry":{"type":"Polygon","coordinates":[[[-114.701469,32.632788],[-114.70146,32.625789],[-114.693102,32.625762],[-114.693105,32.632805],[-114.701469,32.632788]]]}},{"type":"Feature","properties":{"kind":"vegetation","name":null,"osm":"way/1449260329"},"geometry":{"type":"Polygon","coordinates":[[[-114.692818,32.632767],[-114.692796,32.625723],[-114.687574,32.625698],[-114.687594,32.62743],[-114.687098,32.627428],[-114.687077,32.625702],[-114.684985,32.625702],[-114.684986,32.626115],[-114.684716,32.626117],[-114.684722,32.626416],[-114.684446,32.626414],[-114.684465,32.632753],[-114.692818,32.632767]]]}},{"type":"Feature","properties":{"kind":"vegetation","name":null,"osm":"way/1449260330"},"geometry":{"type":"Polygon","coordinates":[[[-114.701793,32.639911],[-114.709973,32.639884],[-114.709941,32.636501],[-114.709973,32.635091],[-114.709957,32.63264],[-114.711274,32.632653],[-114.713112,32.629216],[-114.714185,32.625888],[-114.701793,32.625806],[-114.701793,32.639911]]]}},{"type":"Feature","properties":{"kind":"vegetation","name":null,"osm":"way/1449260331"},"geometry":{"type":"Polygon","coordinates":[[[-114.72719,32.639933],[-114.72719,32.638789],[-114.725109,32.638765],[-114.724981,32.632661],[-114.727133,32.632661],[-114.727147,32.631958],[-114.727232,32.631469],[-114.72719,32.62577],[-114.716714,32.625758],[-114.715128,32.627069],[-114.714151,32.629049],[-114.713939,32.631242],[-114.714038,32.632864],[-114.713613,32.633567],[-114.712537,32.63433],[-114.711178,32.635177],[-114.710754,32.636047],[-114.710655,32.636846],[-114.710966,32.637525],[-114.711348,32.638157],[-114.711815,32.638658],[-114.712566,32.638765],[-114.713316,32.639266],[-114.714434,32.639564],[-114.714944,32.639909],[-114.72719,32.639933]]]}},{"type":"Feature","properties":{"kind":"vegetation","name":null,"osm":"way/1449260332"},"geometry":{"type":"Polygon","coordinates":[[[-114.727536,32.63992],[-114.735832,32.639897],[-114.735719,32.625805],[-114.727522,32.625769],[-114.727564,32.631766],[-114.729376,32.631778],[-114.729405,32.632851],[-114.727465,32.632875],[-114.727564,32.635426],[-114.729447,32.635438],[-114.729461,32.636606],[-114.727536,32.636618],[-114.727536,32.63992]]]}},{"type":"Feature","properties":{"kind":"vegetation","name":null,"osm":"way/1449260333"},"geometry":{"type":"Polygon","coordinates":[[[-114.74452,32.63983],[-114.74448,32.632824],[-114.736284,32.632839],[-114.736343,32.639832],[-114.74452,32.63983]]]}},{"type":"Feature","properties":{"kind":"vegetation","name":null,"osm":"way/1449260334"},"geometry":{"type":"Polygon","coordinates":[[[-114.752898,32.639807],[-114.752858,32.6328],[-114.744662,32.632815],[-114.744721,32.639808],[-114.752898,32.639807]]]}},{"type":"Feature","properties":{"kind":"vegetation","name":null,"osm":"way/1449260335"},"geometry":{"type":"Polygon","coordinates":[[[-114.752842,32.632712],[-114.752802,32.625705],[-114.744606,32.62572],[-114.744665,32.632713],[-114.752842,32.632712]]]}},{"type":"Feature","properties":{"kind":"vegetation","name":null,"osm":"way/1449268412"},"geometry":{"type":"Polygon","coordinates":[[[-114.654252,32.727932],[-114.654057,32.727536],[-114.653911,32.726195],[-114.654041,32.725388],[-114.656008,32.725429],[-114.656073,32.726318],[-114.65689,32.726318],[-114.656903,32.725634],[-114.657309,32.725607],[-114.657358,32.725333],[-114.665164,32.72536],[-114.665278,32.725525],[-114.665229,32.728685],[-114.661456,32.728644],[-114.66144,32.730408],[-114.655301,32.729641],[-114.655309,32.727973],[-114.654252,32.727932]]]}},{"type":"Feature","properties":{"kind":"vegetation","name":null,"osm":"way/1449268413"},"geometry":{"type":"Polygon","coordinates":[[[-114.665799,32.730863],[-114.666045,32.730959],[-114.666339,32.730951],[-114.673866,32.729747],[-114.673885,32.728678],[-114.676579,32.728662],[-114.67666,32.72955],[-114.679138,32.729275],[-114.680203,32.729008],[-114.682388,32.728285],[-114.682276,32.721276],[-114.674225,32.721811],[-114.674225,32.722471],[-114.674468,32.722486],[-114.674468,32.722989],[-114.674038,32.723162],[-114.673945,32.721858],[-114.671199,32.722015],[-114.671162,32.723791],[-114.667613,32.724105],[-114.667556,32.725111],[-114.665857,32.725331],[-114.665799,32.730863]]]}},{"type":"Feature","properties":{"kind":"vegetation","name":null,"osm":"way/1449274236"},"geometry":{"type":"Polygon","coordinates":[[[-114.624081,32.671356],[-114.624258,32.671297],[-114.624338,32.671209],[-114.624371,32.671116],[-114.624368,32.670952],[-114.624183,32.670755],[-114.624014,32.670719],[-114.62388,32.670696],[-114.623811,32.670311],[-114.623454,32.670052],[-114.623328,32.669932],[-114.623309,32.669899],[-114.623109,32.669899],[-114.623109,32.669743],[-114.622779,32.669629],[-114.622579,32.669507],[-114.622317,32.669491],[-114.62208,32.669318],[-114.622077,32.669196],[-114.621843,32.669183],[-114.621562,32.669118],[-114.6212,32.669075],[-114.621017,32.669059],[-114.620286,32.669046],[-114.620278,32.669006],[-114.620197,32.669003],[-114.620116,32.669001],[-114.619883,32.669033],[-114.619759,32.669114],[-114.619757,32.669216],[-114.619823,32.669328],[-114.619931,32.669353],[-114.620518,32.669387],[-114.62076,32.669368],[-114.620966,32.669428],[-114.621344,32.669509],[-114.621559,32.669595],[-114.622117,32.669852],[-114.622927,32.670308],[-114.623539,32.670803],[-114.623879,32.671194],[-114.623978,32.671316],[-114.624081,32.671356]]]}},{"type":"Feature","properties":{"kind":"vegetation","name":null,"osm":"way/1449274295"},"geometry":{"type":"Polygon","coordinates":[[[-114.760508,32.640222],[-114.760358,32.645678],[-114.759843,32.647286],[-114.75795,32.650466],[-114.756517,32.652201],[-114.754565,32.65426],[-114.736605,32.654332],[-114.736476,32.649382],[-114.741604,32.649364],[-114.741583,32.64725],[-114.736454,32.647268],[-114.736497,32.643835],[-114.736884,32.643835],[-114.736884,32.642426],[-114.736433,32.642462],[-114.736476,32.640348],[-114.760508,32.640222]]]}},{"type":"Feature","properties":{"kind":"vegetation","name":null,"osm":"way/1449274296"},"geometry":{"type":"Polygon","coordinates":[[[-114.73611,32.654288],[-114.735702,32.640412],[-114.718965,32.640376],[-114.719094,32.641822],[-114.71963,32.641894],[-114.720231,32.64334],[-114.720145,32.644044],[-114.72021,32.644532],[-114.720038,32.645652],[-114.720188,32.64614],[-114.720456,32.646772],[-114.721047,32.64708],[-114.721283,32.647549],[-114.721647,32.648109],[-114.722077,32.648886],[-114.722763,32.649266],[-114.723943,32.64997],[-114.72463,32.650784],[-114.725617,32.651036],[-114.726862,32.652102],[-114.727763,32.652464],[-114.728428,32.652933],[-114.72948,32.653457],[-114.730252,32.65371],[-114.730767,32.653801],[-114.730917,32.653493],[-114.732441,32.654306],[-114.73611,32.654288]]]}},{"type":"Feature","properties":{"kind":"vegetation","name":null,"osm":"way/1449274297"},"geometry":{"type":"Polygon","coordinates":[[[-114.729673,32.654415],[-114.72963,32.653855],[-114.728042,32.653132],[-114.72742,32.652789],[-114.723364,32.652789],[-114.723278,32.650169],[-114.721926,32.649139],[-114.721433,32.648814],[-114.721132,32.648796],[-114.720038,32.647297],[-114.720682,32.647297],[-114.720424,32.646971],[-114.720017,32.646809],[-114.719781,32.646411],[-114.719673,32.645978],[-114.719588,32.645418],[-114.719609,32.644984],[-114.719673,32.644532],[-114.719673,32.644117],[-114.719695,32.643755],[-114.719738,32.643448],[-114.719738,32.643014],[-114.719641,32.642415],[-114.719394,32.642364],[-114.719094,32.642382],[-114.71933,32.654415],[-114.729673,32.654415]]]}},{"type":"Feature","properties":{"kind":"vegetation","name":null,"osm":"way/1449274298"},"geometry":{"type":"Polygon","coordinates":[[[-114.718536,32.641985],[-114.718214,32.641876],[-114.717978,32.641551],[-114.717463,32.640955],[-114.716841,32.640286],[-114.718493,32.64025],[-114.718536,32.641985]]]}},{"type":"Feature","properties":{"kind":"vegetation","name":null,"osm":"way/1449274299"},"geometry":{"type":"Polygon","coordinates":[[[-114.71433,32.640431],[-114.713837,32.640286],[-114.710382,32.640322],[-114.710447,32.642328],[-114.711198,32.642382],[-114.712528,32.642653],[-114.713193,32.642816],[-114.713751,32.642834],[-114.714159,32.642418],[-114.714287,32.642165],[-114.714373,32.641948],[-114.71433,32.640431]]]}},{"type":"Feature","properties":{"kind":"vegetation","name":null,"osm":"way/1449274300"},"geometry":{"type":"Polygon","coordinates":[[[-114.710017,32.64231],[-114.707485,32.642255],[-114.708279,32.640322],[-114.709953,32.640322],[-114.710017,32.64231]]]}},{"type":"Feature","properties":{"kind":"vegetation","name":null,"osm":"way/1449274301"},"geometry":{"type":"Polygon","coordinates":[[[-114.718944,32.654361],[-114.718665,32.643773],[-114.717721,32.643701],[-114.717721,32.642093],[-114.71712,32.641479],[-114.716691,32.640756],[-114.716304,32.640521],[-114.715511,32.640539],[-114.715339,32.641316],[-114.715253,32.641894],[-114.714867,32.642798],[-114.714395,32.643285],[-114.71341,32.643307],[-114.712506,32.643213],[-114.712549,32.647513],[-114.710489,32.647531],[-114.710554,32.650892],[-114.712506,32.650928],[-114.712592,32.654325],[-114.718944,32.654361]]]}},{"type":"Feature","properties":{"kind":"vegetation","name":null,"osm":"way/1449274302"},"geometry":{"type":"Polygon","coordinates":[[[-114.710257,32.654393],[-114.710064,32.647655],[-114.701417,32.647636],[-114.697125,32.647636],[-114.696546,32.648251],[-114.695451,32.648739],[-114.6947,32.649579],[-114.694175,32.65083],[-114.694255,32.654418],[-114.70481,32.654352],[-114.704815,32.652937],[-114.706084,32.652912],[-114.70613,32.654323],[-114.710257,32.654393]]]}},{"type":"Feature","properties":{"kind":"vegetation","name":null,"osm":"way/1449274303"},"geometry":{"type":"Polygon","coordinates":[[[-114.707768,32.640319],[-114.706867,32.642234],[-114.702811,32.643391],[-114.700816,32.643228],[-114.7,32.643391],[-114.69837,32.644005],[-114.696846,32.644926],[-114.695923,32.645215],[-114.693606,32.645017],[-114.691868,32.644601],[-114.68983,32.64377],[-114.688606,32.643752],[-114.688113,32.644041],[-114.686353,32.646697],[-114.685581,32.647131],[-114.684744,32.647239],[-114.68468,32.640499],[-114.705687,32.640463],[-114.705687,32.64162],[-114.706588,32.641584],[-114.706588,32.640337],[-114.707768,32.640319]]]}},{"type":"Feature","properties":{"kind":"vegetation","name":null,"osm":"way/1449274304"},"geometry":{"type":"Polygon","coordinates":[[[-114.693005,32.654412],[-114.692834,32.651629],[-114.692876,32.650889],[-114.692919,32.650545],[-114.692834,32.649028],[-114.692619,32.648142],[-114.691954,32.648558],[-114.691181,32.648757],[-114.688907,32.648865],[-114.688606,32.648919],[-114.688606,32.647492],[-114.69425,32.647402],[-114.694765,32.647076],[-114.695645,32.646354],[-114.696374,32.645794],[-114.695258,32.645776],[-114.693306,32.645486],[-114.690795,32.6448],[-114.689808,32.644312],[-114.689036,32.644204],[-114.688671,32.644456],[-114.688742,32.647431],[-114.686684,32.647527],[-114.684907,32.647653],[-114.684617,32.647659],[-114.684602,32.647921],[-114.684674,32.653941],[-114.684945,32.654185],[-114.68501,32.654377],[-114.693005,32.654412]]]}},{"type":"Feature","properties":{"kind":"vegetation","name":null,"osm":"way/1449463139"},"geometry":{"type":"Polygon","coordinates":[[[-114.674069,32.720018],[-114.674051,32.716592],[-114.671921,32.716592],[-114.671865,32.713354],[-114.674705,32.713307],[-114.674705,32.713794],[-114.675769,32.713763],[-114.675769,32.714187],[-114.676722,32.714203],[-114.676759,32.713385],[-114.680215,32.713338],[-114.680178,32.71381],[-114.681299,32.713778],[-114.681299,32.713354],[-114.682289,32.713354],[-114.68227,32.713763],[-114.683708,32.713794],[-114.683055,32.715004],[-114.682438,32.715727],[-114.681859,32.715916],[-114.67958,32.716544],[-114.67816,32.717205],[-114.676722,32.718336],[-114.675078,32.719531],[-114.674069,32.720018]]]}},{"type":"Feature","properties":{"kind":"vegetation","name":null,"osm":"way/1449463141"},"geometry":{"type":"Polygon","coordinates":[[[-114.684786,32.713407],[-114.684189,32.714381],[-114.683423,32.71556],[-114.682769,32.71622],[-114.681461,32.716644],[-114.679519,32.717147],[-114.679425,32.717242],[-114.677296,32.718687],[-114.676324,32.719316],[-114.676324,32.721296],[-114.678996,32.721108],[-114.679014,32.720275],[-114.680191,32.720228],[-114.680191,32.719615],[-114.681275,32.719615],[-114.681424,32.720888],[-114.688747,32.720432],[-114.688765,32.719725],[-114.687757,32.719662],[-114.687701,32.719143],[-114.688747,32.719175],[-114.688691,32.714931],[-114.686767,32.7149],[-114.686748,32.714145],[-114.686169,32.714083],[-114.686187,32.713328],[-114.685048,32.713265],[-114.684786,32.713407]]]}},{"type":"Feature","properties":{"kind":"vegetation","name":null,"osm":"way/1449463142"},"geometry":{"type":"Polygon","coordinates":[[[-114.690502,32.668986],[-114.690459,32.668245],[-114.691747,32.668173],[-114.691768,32.667216],[-114.690073,32.667288],[-114.690127,32.668977],[-114.684966,32.669004],[-114.684945,32.665662],[-114.688957,32.665644],[-114.688893,32.663621],[-114.686855,32.663585],[-114.686812,32.661742],[-114.684902,32.661724],[-114.684855,32.654731],[-114.693464,32.654787],[-114.693721,32.655311],[-114.694021,32.656196],[-114.694687,32.657208],[-114.695395,32.657732],[-114.697047,32.658238],[-114.697583,32.658509],[-114.698356,32.659864],[-114.698699,32.660785],[-114.699472,32.661634],[-114.69739,32.661688],[-114.697304,32.665355],[-114.693034,32.665446],[-114.692992,32.668986],[-114.690502,32.668986]]]}},{"type":"Feature","properties":{"kind":"vegetation","name":null,"osm":"way/1449463143"},"geometry":{"type":"Polygon","coordinates":[[[-114.708898,32.667819],[-114.709521,32.667422],[-114.709993,32.666067],[-114.710078,32.665037],[-114.710164,32.66455],[-114.7101,32.663701],[-114.710272,32.663231],[-114.71025,32.660738],[-114.70804,32.660702],[-114.708019,32.660178],[-114.70598,32.660142],[-114.705894,32.654831],[-114.694221,32.654831],[-114.694951,32.656222],[-114.695573,32.656999],[-114.69626,32.65745],[-114.697225,32.657685],[-114.69774,32.657974],[-114.698835,32.659654],[-114.699586,32.661045],[-114.700465,32.661966],[-114.700744,32.662165],[-114.697891,32.662147],[-114.697869,32.668469],[-114.698577,32.668469],[-114.698577,32.668957],[-114.704521,32.668921],[-114.704499,32.667946],[-114.705186,32.667927],[-114.705873,32.668],[-114.706173,32.668018],[-114.706173,32.668325],[-114.707203,32.668307],[-114.707203,32.667006],[-114.707785,32.667063],[-114.708426,32.667476],[-114.708641,32.667566],[-114.708898,32.667819]]]}},{"type":"Feature","properties":{"kind":"vegetation","name":null,"osm":"way/1449463144"},"geometry":{"type":"Polygon","coordinates":[[[-114.70892,32.656312],[-114.710679,32.656348],[-114.710701,32.658082],[-114.715035,32.658119],[-114.715142,32.661406],[-114.719413,32.661515],[-114.719413,32.664983],[-114.720035,32.665164],[-114.720228,32.66567],[-114.720915,32.667657],[-114.721065,32.668831],[-114.726322,32.668939],[-114.726279,32.667241],[-114.726258,32.667079],[-114.727524,32.667079],[-114.727566,32.65801],[-114.728275,32.658028],[-114.72909,32.657938],[-114.729562,32.657613],[-114.729626,32.654831],[-114.715529,32.654813],[-114.715529,32.655571],[-114.714782,32.655571],[-114.714782,32.654849],[-114.708855,32.654813],[-114.70892,32.656312]]]}},{"type":"Feature","properties":{"kind":"vegetation","name":null,"osm":"way/1449463145"},"geometry":{"type":"Polygon","coordinates":[[[-114.728232,32.668831],[-114.743424,32.668777],[-114.745205,32.665164],[-114.746449,32.663267],[-114.748316,32.661153],[-114.751041,32.65783],[-114.752929,32.655716],[-114.754131,32.654722],[-114.73012,32.654813],[-114.730077,32.657757],[-114.729755,32.658191],[-114.729347,32.65839],[-114.728554,32.658462],[-114.728189,32.658462],[-114.728232,32.668831]]]}},{"type":"Feature","properties":{"kind":"vegetation","name":null,"osm":"way/1449463146"},"geometry":{"type":"Polygon","coordinates":[[[-114.743316,32.669318],[-114.740033,32.676038],[-114.737759,32.681077],[-114.736428,32.683009],[-114.736064,32.683479],[-114.735849,32.683479],[-114.736622,32.681835],[-114.736643,32.676561],[-114.737609,32.676543],[-114.737587,32.675315],[-114.736686,32.675261],[-114.736622,32.669354],[-114.740162,32.669354],[-114.740012,32.669824],[-114.740763,32.669788],[-114.740935,32.669336],[-114.743316,32.669318]]]}},{"type":"Feature","properties":{"kind":"vegetation","name":null,"osm":"way/1449463147"},"geometry":{"type":"Polygon","coordinates":[[[-114.736124,32.681932],[-114.735713,32.682844],[-114.735153,32.683457],[-114.723375,32.683505],[-114.721713,32.68069],[-114.720872,32.680093],[-114.719341,32.679826],[-114.719217,32.678251],[-114.72339,32.678251],[-114.723444,32.680012],[-114.725504,32.680048],[-114.725472,32.676472],[-114.723357,32.676497],[-114.723358,32.672837],[-114.719126,32.672869],[-114.719053,32.669416],[-114.723207,32.669448],[-114.723207,32.67014],[-114.72444,32.67014],[-114.724459,32.669479],[-114.736134,32.669479],[-114.73619,32.681759],[-114.731968,32.681807],[-114.731968,32.68297],[-114.732771,32.68297],[-114.732771,32.68231],[-114.732417,32.68231],[-114.732435,32.681979],[-114.736124,32.681932]]]}},{"type":"Feature","properties":{"kind":"vegetation","name":null,"osm":"way/1449463148"},"geometry":{"type":"Polygon","coordinates":[[[-114.722576,32.683511],[-114.720065,32.683547],[-114.720001,32.682951],[-114.718885,32.682951],[-114.718906,32.683511],[-114.712812,32.683565],[-114.710774,32.683529],[-114.71071,32.67663],[-114.712276,32.676648],[-114.711997,32.677677],[-114.712135,32.678227],[-114.712255,32.67905],[-114.712169,32.67979],[-114.713048,32.679808],[-114.712598,32.678201],[-114.712491,32.677948],[-114.712812,32.677208],[-114.713757,32.676286],[-114.714316,32.67587],[-114.714765,32.675943],[-114.714787,32.673144],[-114.714057,32.6728],[-114.713113,32.672457],[-114.712555,32.671392],[-114.711804,32.670579],[-114.711139,32.669947],[-114.711117,32.669531],[-114.711613,32.669242],[-114.718778,32.669405],[-114.718778,32.678273],[-114.718799,32.680332],[-114.719851,32.680332],[-114.720988,32.680766],[-114.721825,32.681885],[-114.722447,32.683023],[-114.722576,32.683511]]]}},{"type":"Feature","properties":{"kind":"vegetation","name":null,"osm":"way/1449463149"},"geometry":{"type":"Polygon","coordinates":[[[-114.710152,32.682554],[-114.709336,32.682662],[-114.709315,32.683547],[-114.705324,32.683547],[-114.705281,32.682554],[-114.704036,32.68259],[-114.703972,32.681271],[-114.70159,32.681217],[-114.701612,32.683547],[-114.684982,32.683583],[-114.68496,32.669477],[-114.693136,32.669531],[-114.6932,32.672891],[-114.694079,32.672856],[-114.69408,32.67262],[-114.694252,32.672493],[-114.694681,32.672168],[-114.694895,32.671861],[-114.694702,32.671554],[-114.694488,32.671337],[-114.694488,32.67094],[-114.694767,32.670597],[-114.695196,32.670145],[-114.69541,32.669838],[-114.697449,32.669712],[-114.697921,32.669477],[-114.699595,32.669495],[-114.699616,32.674607],[-114.701097,32.674643],[-114.701032,32.673397],[-114.69963,32.67341],[-114.699609,32.669496],[-114.701761,32.669457],[-114.701775,32.672825],[-114.70453,32.672849],[-114.704511,32.672173],[-114.703465,32.672173],[-114.703418,32.671748],[-114.703325,32.671685],[-114.701971,32.671614],[-114.701961,32.669437],[-114.705931,32.669413],[-114.70839,32.669347],[-114.708744,32.669502],[-114.708758,32.67024],[-114.709424,32.670634],[-114.709891,32.671098],[-114.710287,32.671265],[-114.710273,32.678248],[-114.710152,32.682554]]]}},{"type":"Feature","properties":{"kind":"vegetation","name":null,"osm":"way/1449463150"},"geometry":{"type":"Polygon","coordinates":[[[-114.685155,32.698222],[-114.684984,32.691273],[-114.688389,32.691249],[-114.688177,32.690558],[-114.686959,32.690527],[-114.686955,32.690936],[-114.684981,32.690929],[-114.68502,32.683993],[-114.691093,32.684005],[-114.691079,32.684886],[-114.6919,32.684886],[-114.691929,32.683969],[-114.69275,32.683969],[-114.69275,32.684827],[-114.693259,32.684827],[-114.693316,32.683993],[-114.706717,32.683903],[-114.710248,32.683887],[-114.710322,32.686796],[-114.709687,32.686843],[-114.70965,32.687283],[-114.70922,32.687331],[-114.709239,32.689248],[-114.710229,32.689233],[-114.71021,32.690821],[-114.709799,32.690884],[-114.709351,32.692534],[-114.709332,32.693336],[-114.709556,32.694264],[-114.709594,32.694939],[-114.709108,32.69582],[-114.707782,32.696527],[-114.707352,32.697046],[-114.707091,32.697392],[-114.706213,32.697848],[-114.70582,32.698194],[-114.701832,32.698162],[-114.701832,32.697407],[-114.700889,32.697439],[-114.70087,32.698146],[-114.695416,32.698194],[-114.695397,32.69758],[-114.694612,32.69758],[-114.694631,32.698146],[-114.685155,32.698222]]]}},{"type":"Feature","properties":{"kind":"vegetation","name":null,"osm":"way/1449463151"},"geometry":{"type":"Polygon","coordinates":[[[-114.734302,32.683934],[-114.734259,32.685469],[-114.734774,32.685469],[-114.733572,32.686842],[-114.733701,32.687402],[-114.728766,32.696702],[-114.727586,32.69672],[-114.727478,32.698363],[-114.706643,32.698219],[-114.706729,32.698038],[-114.707351,32.697767],[-114.707716,32.697587],[-114.707952,32.697099],[-114.708875,32.696503],[-114.709647,32.695907],[-114.710141,32.694914],[-114.710849,32.694896],[-114.710806,32.6917],[-114.710788,32.691425],[-114.711042,32.690959],[-114.711106,32.689587],[-114.711385,32.688937],[-114.711471,32.688034],[-114.711664,32.687528],[-114.712008,32.687077],[-114.712437,32.686697],[-114.712351,32.685812],[-114.712115,32.685072],[-114.71248,32.684711],[-114.712694,32.684404],[-114.712673,32.683898],[-114.715784,32.68388],[-114.715763,32.685487],[-114.716921,32.685505],[-114.7169,32.683826],[-114.722801,32.68388],[-114.73398,32.683898],[-114.734302,32.683934]]]}},{"type":"Feature","properties":{"kind":"vegetation","name":null,"osm":"way/1449463152"},"geometry":{"type":"Polygon","coordinates":[[[-114.727414,32.698851],[-114.727393,32.699645],[-114.720591,32.712591],[-114.710849,32.712699],[-114.710784,32.711038],[-114.709926,32.711075],[-114.709754,32.71176],[-114.709218,32.712302],[-114.708531,32.712627],[-114.708531,32.710966],[-114.704197,32.710948],[-114.704175,32.712681],[-114.693704,32.712681],[-114.693575,32.705884],[-114.696968,32.705865],[-114.697014,32.707507],[-114.698006,32.707524],[-114.697931,32.705482],[-114.693618,32.705495],[-114.691215,32.705495],[-114.691172,32.704232],[-114.688683,32.704214],[-114.688704,32.705514],[-114.684864,32.705568],[-114.684842,32.698634],[-114.697459,32.698562],[-114.697459,32.698959],[-114.698318,32.698959],[-114.698339,32.698526],[-114.707137,32.698562],[-114.727049,32.698833],[-114.727414,32.698851]]]}},{"type":"Feature","properties":{"kind":"vegetation","name":null,"osm":"way/1449463153"},"geometry":{"type":"Polygon","coordinates":[[[-114.72041,32.712981],[-114.71672,32.717512],[-114.715325,32.719065],[-114.713501,32.719173],[-114.713501,32.719462],[-114.711913,32.719498],[-114.711956,32.718939],[-114.707664,32.719336],[-114.707621,32.724084],[-114.699468,32.72403],[-114.699425,32.727423],[-114.691399,32.726268],[-114.690005,32.72616],[-114.688524,32.72634],[-114.686657,32.7269],[-114.682859,32.728127],[-114.682795,32.72125],[-114.690756,32.720726],[-114.690734,32.725347],[-114.695519,32.725329],[-114.695455,32.720401],[-114.695476,32.719986],[-114.689168,32.720239],[-114.689189,32.716881],[-114.693459,32.716935],[-114.693502,32.714967],[-114.69773,32.714967],[-114.697708,32.713812],[-114.698588,32.713757],[-114.698588,32.713125],[-114.71031,32.713024],[-114.710325,32.713939],[-114.711609,32.713877],[-114.711629,32.713521],[-114.712046,32.713506],[-114.712099,32.712984],[-114.72041,32.712981]]]}},{"type":"Feature","properties":{"kind":"vegetation","name":null,"osm":"way/1449463154"},"geometry":{"type":"Polygon","coordinates":[[[-114.691513,32.729217],[-114.69147,32.734018],[-114.700096,32.734054],[-114.700096,32.735083],[-114.701813,32.735083],[-114.701856,32.737881],[-114.700032,32.737899],[-114.700053,32.739343],[-114.704774,32.739541],[-114.704731,32.739938],[-114.703487,32.74223],[-114.703411,32.742535],[-114.703753,32.742665],[-114.706006,32.739713],[-114.707239,32.738079],[-114.708117,32.73657],[-114.708883,32.734983],[-114.70907,32.733569],[-114.709854,32.733066],[-114.710676,32.732595],[-114.711539,32.731293],[-114.712311,32.730246],[-114.713084,32.729361],[-114.714393,32.726852],[-114.715573,32.724578],[-114.716474,32.72196],[-114.716474,32.721076],[-114.716174,32.720985],[-114.716238,32.720317],[-114.716903,32.720354],[-114.716925,32.71927],[-114.716667,32.719234],[-114.716431,32.719433],[-114.713341,32.723025],[-114.710595,32.723025],[-114.710402,32.723007],[-114.710123,32.723152],[-114.710037,32.724036],[-114.708363,32.724108],[-114.708384,32.72687],[-114.708771,32.728007],[-114.707878,32.728537],[-114.708063,32.729127],[-114.707011,32.730444],[-114.706453,32.730535],[-114.706475,32.731257],[-114.706861,32.731257],[-114.706754,32.732322],[-114.706308,32.732351],[-114.706313,32.731635],[-114.704136,32.731654],[-114.704071,32.732376],[-114.697548,32.732394],[-114.697548,32.731166],[-114.697269,32.730589],[-114.695832,32.730589],[-114.69566,32.729253],[-114.691513,32.729217]]]}},{"type":"Feature","properties":{"kind":"vegetation","name":null,"osm":"way/1449562310"},"geometry":{"type":"Polygon","coordinates":[[[-114.600966,32.70555],[-114.60096,32.704406],[-114.60099,32.704421],[-114.602032,32.705613],[-114.6021,32.705692],[-114.602101,32.705733],[-114.601301,32.705731],[-114.601301,32.705574],[-114.60123,32.705548],[-114.600966,32.70555]]]}},{"type":"Feature","properties":{"kind":"vegetation","name":null,"osm":"way/1449562311"},"geometry":{"type":"Polygon","coordinates":[[[-114.607085,32.702344],[-114.606864,32.702159],[-114.606824,32.702098],[-114.606747,32.701809],[-114.606436,32.701401],[-114.605847,32.700899],[-114.60529,32.700368],[-114.604989,32.700276],[-114.604818,32.700187],[-114.60468,32.700105],[-114.604676,32.700047],[-114.604692,32.700004],[-114.604924,32.70003],[-114.605178,32.700072],[-114.605555,32.70017],[-114.60591,32.700343],[-114.606203,32.700546],[-114.606359,32.700647],[-114.60657,32.700796],[-114.606889,32.700904],[-114.607104,32.701078],[-114.607131,32.701104],[-114.60722,32.701225],[-114.607252,32.701583],[-114.607259,32.70218],[-114.60726,32.702241],[-114.607253,32.702282],[-114.607235,32.702329],[-114.607205,32.702355],[-114.607172,32.702372],[-114.607143,32.702375],[-114.607118,32.702373],[-114.607106,32.702367],[-114.607085,32.702344]]]}},{"type":"Feature","properties":{"kind":"water","name":null,"osm":"way/1452357216"},"geometry":{"type":"Polygon","coordinates":[[[-114.641913,32.695912],[-114.641723,32.69589],[-114.641482,32.695897],[-114.641409,32.695887],[-114.641229,32.695244],[-114.641066,32.695218],[-114.641087,32.694868],[-114.641237,32.694865],[-114.641902,32.69487],[-114.641913,32.695912]]]}},{"type":"Feature","properties":{"kind":"water","name":null,"osm":"way/1452777795"},"geometry":{"type":"Polygon","coordinates":[[[-114.642391,32.673347],[-114.642332,32.673314],[-114.64219,32.673415],[-114.642166,32.673452],[-114.642156,32.673457],[-114.642063,32.673505],[-114.642174,32.673501],[-114.642209,32.673477],[-114.642256,32.673471],[-114.642267,32.673453],[-114.642263,32.673414],[-114.642311,32.673376],[-114.642334,32.673379],[-114.64235,32.673395],[-114.642391,32.673347]]]}},{"type":"Feature","properties":{"kind":"vegetation","name":null,"osm":"way/1453820750"},"geometry":{"type":"Polygon","coordinates":[[[-114.711419,32.597075],[-114.71112,32.59708],[-114.711125,32.596787],[-114.711178,32.596753],[-114.711223,32.596787],[-114.711224,32.59689],[-114.711325,32.596892],[-114.711421,32.59696],[-114.711419,32.597075]]]}},{"type":"Feature","properties":{"kind":"vegetation","name":null,"osm":"way/1454252215"},"geometry":{"type":"Polygon","coordinates":[[[-114.713996,32.585976],[-114.713977,32.586062],[-114.714002,32.586127],[-114.714014,32.586291],[-114.713959,32.586397],[-114.713811,32.586452],[-114.713648,32.58647],[-114.713512,32.586446],[-114.713376,32.586441],[-114.713287,32.586452],[-114.712954,32.586501],[-114.71277,32.586511],[-114.712692,32.586496],[-114.71264,32.586459],[-114.712631,32.58641],[-114.712637,32.586324],[-114.712656,32.586246],[-114.712615,32.58614],[-114.712591,32.586059],[-114.712591,32.585956],[-114.712603,32.58588],[-114.712659,32.585823],[-114.712757,32.585792],[-114.712902,32.585789],[-114.713108,32.585784],[-114.713201,32.585761],[-114.713306,32.585707],[-114.713389,32.585668],[-114.713512,32.585631],[-114.7137,32.585603],[-114.713848,32.585621],[-114.713959,32.585686],[-114.71398,32.585784],[-114.713993,32.58586],[-114.713996,32.585976]]]}},{"type":"Feature","properties":{"kind":"vegetation","name":null,"osm":"way/1454252216"},"geometry":{"type":"Polygon","coordinates":[[[-114.716961,32.609875],[-114.716969,32.61042],[-114.717795,32.61042],[-114.717868,32.61037],[-114.717862,32.609918],[-114.717849,32.609882],[-114.717809,32.609871],[-114.716961,32.609875]]]}},{"type":"Feature","properties":{"kind":"vegetation","name":"Yuma Valley","osm":"way/1454558796"},"geometry":{"type":"Polygon","coordinates":[[[-114.774192,32.56757],[-114.780311,32.56758],[-114.780329,32.568025],[-114.779901,32.568022],[-114.779912,32.568691],[-114.780589,32.568709],[-114.780577,32.567561],[-114.782526,32.567498],[-114.782566,32.589031],[-114.782522,32.591183],[-114.778165,32.594664],[-114.777757,32.594919],[-114.777335,32.595138],[-114.772105,32.596386],[-114.77207,32.595092],[-114.769966,32.595079],[-114.769962,32.591326],[-114.770052,32.589987],[-114.77213,32.59003],[-114.772086,32.589032],[-114.768668,32.589047],[-114.768693,32.589732],[-114.769617,32.589732],[-114.769531,32.591061],[-114.769284,32.592266],[-114.769136,32.592827],[-114.768656,32.59372],[-114.76783,32.594581],[-114.766967,32.595298],[-114.765735,32.595755],[-114.765032,32.595962],[-114.764207,32.596087],[-114.762888,32.59616],[-114.760448,32.596222],[-114.751747,32.596357],[-114.740852,32.596305],[-114.737771,32.596326],[-114.737747,32.595869],[-114.737389,32.59589],[-114.737389,32.596357],[-114.735738,32.596378],[-114.735738,32.592442],[-114.735738,32.592172],[-114.733002,32.595848],[-114.732213,32.595879],[-114.732176,32.596471],[-114.727135,32.59643],[-114.727296,32.588933],[-114.718632,32.588871],[-114.718671,32.581665],[-114.710077,32.581719],[-114.705792,32.581755],[-114.705778,32.581097],[-114.704887,32.581225],[-114.704855,32.581761],[-114.701407,32.581804],[-114.701417,32.575238],[-114.703373,32.575245],[-114.703376,32.574467],[-114.702157,32.574462],[-114.702199,32.570964],[-114.701333,32.570957],[-114.701379,32.567358],[-114.709568,32.567288],[-114.709618,32.569531],[-114.710013,32.569496],[-114.711655,32.569505],[-114.711655,32.567335],[-114.735366,32.567384],[-114.735431,32.567386],[-114.735406,32.576431],[-114.7366,32.576413],[-114.736584,32.577064],[-114.737732,32.577064],[-114.73778,32.576336],[-114.73546,32.576296],[-114.735435,32.574154],[-114.73546,32.571351],[-114.735515,32.567392],[-114.744802,32.567396],[-114.754796,32.56742],[-114.754758,32.568931],[-114.755496,32.568923],[-114.755496,32.567428],[-114.769646,32.567373],[-114.769656,32.569939],[-114.76761,32.569962],[-114.767591,32.570899],[-114.768544,32.570899],[-114.768553,32.5713],[-114.770039,32.571293],[-114.770113,32.570844],[-114.770225,32.570427],[-114.770403,32.569884],[-114.770664,32.569459],[-114.771057,32.568892],[-114.771598,32.568483],[-114.772289,32.568112],[-114.77285,32.567813],[-114.773338,32.567676],[-114.77369,32.5676],[-114.774192,32.56757]]]}},{"type":"Feature","properties":{"kind":"vegetation","name":null,"osm":"way/1458181583"},"geometry":{"type":"Polygon","coordinates":[[[-114.658411,32.585703],[-114.658415,32.586224],[-114.658418,32.586659],[-114.65842,32.586944],[-114.659791,32.586936],[-114.659791,32.585705],[-114.658411,32.585703]]]}},{"type":"Feature","properties":{"kind":"vegetation","name":null,"osm":"way/1464257143"},"geometry":{"type":"Polygon","coordinates":[[[-114.612608,32.699546],[-114.612814,32.699548],[-114.612803,32.69921],[-114.61249,32.699213],[-114.612608,32.699546]]]}},{"type":"Feature","properties":{"kind":"vegetation","name":null,"osm":"way/1464257152"},"geometry":{"type":"Polygon","coordinates":[[[-114.60257,32.673995],[-114.602497,32.673995],[-114.602501,32.673076],[-114.602993,32.673078],[-114.603007,32.673998],[-114.60257,32.673995]]]}},{"type":"Feature","properties":{"kind":"vegetation","name":null,"osm":"way/1465170255"},"geometry":{"type":"Polygon","coordinates":[[[-114.598908,32.726251],[-114.600539,32.726293],[-114.601376,32.725908],[-114.603597,32.725398],[-114.605088,32.724613],[-114.605016,32.72396],[-114.605002,32.723536],[-114.604834,32.723088],[-114.604823,32.722886],[-114.605138,32.722426],[-114.605395,32.722278],[-114.605567,32.721821],[-114.605417,32.721707],[-114.605041,32.721818],[-114.604426,32.721842],[-114.6034,32.72195],[-114.60227,32.721917],[-114.601211,32.721866],[-114.600864,32.722522],[-114.600428,32.72294],[-114.600031,32.722955],[-114.600231,32.72242],[-114.600392,32.721959],[-114.59977,32.721983],[-114.599398,32.721935],[-114.598994,32.722022],[-114.598791,32.722073],[-114.598908,32.726251]]]}},{"type":"Feature","properties":{"kind":"vegetation","name":null,"osm":"way/1465170600"},"geometry":{"type":"Polygon","coordinates":[[[-114.599853,32.718344],[-114.599822,32.717778],[-114.59985,32.71745],[-114.59904,32.717474],[-114.598925,32.717587],[-114.598894,32.717917],[-114.598875,32.718613],[-114.598885,32.71899],[-114.599345,32.719046],[-114.599853,32.718344]]]}},{"type":"Feature","properties":{"kind":"water","name":null,"osm":"way/1465170925"},"geometry":{"type":"Polygon","coordinates":[[[-114.598671,32.720845],[-114.598688,32.720528],[-114.598678,32.72015],[-114.598664,32.719678],[-114.598667,32.719312],[-114.598668,32.718949],[-114.598694,32.718692],[-114.598714,32.718573],[-114.59864,32.718577],[-114.598603,32.718749],[-114.598594,32.719055],[-114.598589,32.719454],[-114.598608,32.720453],[-114.598615,32.720847],[-114.598671,32.720845]]]}},{"type":"Feature","properties":{"kind":"water","name":null,"osm":"way/1465171949"},"geometry":{"type":"Polygon","coordinates":[[[-114.609904,32.725914],[-114.609895,32.72564],[-114.609872,32.725421],[-114.609795,32.725121],[-114.609722,32.724608],[-114.609638,32.724191],[-114.60963,32.723682],[-114.609614,32.723082],[-114.609573,32.722474],[-114.609364,32.722038],[-114.608941,32.721589],[-114.608378,32.72132],[-114.607857,32.721069],[-114.607619,32.72085],[-114.607658,32.720646],[-114.607632,32.720547],[-114.607515,32.720325],[-114.607445,32.720306],[-114.607362,32.720361],[-114.607457,32.720496],[-114.607494,32.720584],[-114.607426,32.720667],[-114.607395,32.72068],[-114.607162,32.720547],[-114.606846,32.720399],[-114.606266,32.720253],[-114.605545,32.720178],[-114.605079,32.720166],[-114.604665,32.720148],[-114.604085,32.72036],[-114.603477,32.72062],[-114.602957,32.720748],[-114.602461,32.720654],[-114.601895,32.720419],[-114.601423,32.720219],[-114.601301,32.72],[-114.601071,32.719886],[-114.600914,32.719965],[-114.60077,32.720104],[-114.600529,32.720146],[-114.60035,32.720349],[-114.600016,32.720535],[-114.599699,32.720661],[-114.59939,32.720659],[-114.599289,32.72061],[-114.599218,32.720654],[-114.599277,32.720753],[-114.599177,32.720861],[-114.598995,32.721015],[-114.598759,32.721133],[-114.598614,32.7212],[-114.59843,32.721324],[-114.598116,32.721602],[-114.597748,32.721911],[-114.597307,32.722321],[-114.597126,32.722456],[-114.596557,32.722743],[-114.595865,32.722971],[-114.595933,32.72305],[-114.596606,32.722822],[-114.597064,32.722635],[-114.597243,32.722526],[-114.597594,32.722231],[-114.597868,32.72196],[-114.598196,32.721659],[-114.59848,32.721476],[-114.59871,32.721278],[-114.599021,32.721147],[-114.599303,32.721103],[-114.599679,32.720943],[-114.599838,32.720876],[-114.600004,32.720734],[-114.600292,32.720796],[-114.600747,32.720687],[-114.601186,32.720583],[-114.601618,32.720716],[-114.601924,32.720813],[-114.602346,32.720838],[-114.602864,32.720913],[-114.603226,32.720914],[-114.603594,32.72077],[-114.603972,32.720619],[-114.604332,32.720475],[-114.60471,32.720344],[-114.605004,32.720332],[-114.605458,32.720356],[-114.605931,32.720355],[-114.606308,32.720441],[-114.60672,32.720531],[-114.607108,32.720698],[-114.607433,32.720935],[-114.607683,32.721159],[-114.607935,32.721406],[-114.608334,32.721564],[-114.608734,32.721701],[-114.60907,32.721975],[-114.609271,32.722238],[-114.609387,32.72246],[-114.609393,32.722821],[-114.609416,32.723126],[-114.609382,32.723414],[-114.609462,32.723745],[-114.609432,32.724129],[-114.609479,32.72451],[-114.609543,32.724806],[-114.609574,32.724948],[-114.609553,32.725123],[-114.609622,32.725315],[-114.609684,32.725594],[-114.60978,32.725917],[-114.609811,32.725993],[-114.609878,32.725986],[-114.609904,32.725914]]]}},{"type":"Feature","properties":{"kind":"water","name":null,"osm":"way/1465171950"},"geometry":{"type":"Polygon","coordinates":[[[-114.608815,32.722871],[-114.608832,32.722755],[-114.608818,32.722668],[-114.608795,32.722582],[-114.608786,32.722467],[-114.608703,32.722458],[-114.608621,32.722505],[-114.608629,32.722592],[-114.608674,32.72272],[-114.608715,32.722849],[-114.608755,32.722877],[-114.608815,32.722871]]]}},{"type":"Feature","properties":{"kind":"water","name":null,"osm":"way/1465172386"},"geometry":{"type":"Polygon","coordinates":[[[-114.601114,32.719024],[-114.601247,32.718851],[-114.601362,32.71877],[-114.601586,32.718697],[-114.601823,32.718647],[-114.60211,32.718615],[-114.602323,32.718584],[-114.602698,32.718517],[-114.602909,32.718423],[-114.603145,32.718266],[-114.603274,32.718175],[-114.603504,32.71799],[-114.603746,32.717921],[-114.604133,32.717845],[-114.604499,32.717793],[-114.604841,32.717779],[-114.605067,32.71778],[-114.605224,32.717864],[-114.605401,32.718013],[-114.605601,32.718185],[-114.605845,32.718407],[-114.606107,32.718648],[-114.606343,32.718855],[-114.606437,32.718988],[-114.60669,32.71938],[-114.606778,32.719581],[-114.606901,32.719767],[-114.607062,32.720021],[-114.607222,32.720246],[-114.607285,32.720249],[-114.607322,32.720184],[-114.607268,32.720104],[-114.607178,32.719974],[-114.606996,32.719696],[-114.60688,32.719476],[-114.606767,32.719264],[-114.606632,32.71904],[-114.606517,32.718847],[-114.606399,32.718702],[-114.606139,32.718505],[-114.605995,32.718383],[-114.605724,32.718136],[-114.605563,32.717974],[-114.605413,32.717836],[-114.605272,32.717718],[-114.60507,32.717668],[-114.604871,32.71766],[-114.60458,32.717656],[-114.604245,32.717686],[-114.60401,32.71775],[-114.603819,32.71779],[-114.603554,32.717858],[-114.603381,32.717925],[-114.603214,32.718071],[-114.602972,32.718218],[-114.602738,32.718356],[-114.602529,32.718452],[-114.602128,32.718504],[-114.601813,32.718553],[-114.601557,32.718596],[-114.601344,32.718628],[-114.601235,32.718572],[-114.601079,32.718653],[-114.601086,32.718769],[-114.601134,32.718851],[-114.60103,32.718993],[-114.601114,32.719024]]]}},{"type":"Feature","properties":{"kind":"water","name":null,"osm":"way/1470097815"},"geometry":{"type":"Polygon","coordinates":[[[-114.673558,32.674358],[-114.673528,32.67438],[-114.673484,32.674406],[-114.673439,32.674462],[-114.673394,32.674497],[-114.673336,32.674506],[-114.67328,32.67449],[-114.673216,32.67444],[-114.673183,32.674398],[-114.673177,32.674339],[-114.673213,32.674274],[-114.673288,32.674226],[-114.673354,32.674206],[-114.673431,32.674206],[-114.673505,32.674218],[-114.673552,32.674254],[-114.67357,32.674282],[-114.673572,32.674319],[-114.673558,32.674358]]]}},{"type":"Feature","properties":{"kind":"vegetation","name":null,"osm":"way/1479669300"},"geometry":{"type":"Polygon","coordinates":[[[-114.609122,32.62959],[-114.611151,32.629575],[-114.611245,32.631853],[-114.609883,32.632999],[-114.609139,32.633011],[-114.609122,32.62959]]]}},{"type":"Feature","properties":{"kind":"vegetation","name":null,"osm":"way/1479669301"},"geometry":{"type":"Polygon","coordinates":[[[-114.608972,32.627634],[-114.608943,32.626001],[-114.606867,32.626026],[-114.606895,32.62766],[-114.608972,32.627634]]]}},{"type":"Feature","properties":{"kind":"vegetation","name":null,"osm":"way/1479669302"},"geometry":{"type":"Polygon","coordinates":[[[-114.606328,32.638526],[-114.606316,32.636758],[-114.604974,32.636764],[-114.604986,32.638532],[-114.606328,32.638526]]]}},{"type":"Feature","properties":{"kind":"vegetation","name":null,"osm":"way/1479669303"},"geometry":{"type":"Polygon","coordinates":[[[-114.606315,32.638595],[-114.606315,32.639401],[-114.605026,32.639401],[-114.605026,32.638596],[-114.606315,32.638595]]]}},{"type":"Feature","properties":{"kind":"vegetation","name":null,"osm":"way/1479669304"},"geometry":{"type":"Polygon","coordinates":[[[-114.619882,32.628662],[-114.62139,32.628655],[-114.621395,32.62927],[-114.624029,32.629257],[-114.624018,32.627694],[-114.619875,32.627714],[-114.619882,32.628662]]]}},{"type":"Feature","properties":{"kind":"vegetation","name":null,"osm":"way/1479669305"},"geometry":{"type":"Polygon","coordinates":[[[-114.619842,32.627626],[-114.623995,32.627608],[-114.623985,32.625969],[-114.619833,32.625987],[-114.619842,32.627626]]]}},{"type":"Feature","properties":{"kind":"vegetation","name":null,"osm":"way/1479669307"},"geometry":{"type":"Polygon","coordinates":[[[-114.626231,32.627614],[-114.626238,32.625976],[-114.62418,32.625969],[-114.624175,32.627219],[-114.624653,32.627221],[-114.624651,32.627609],[-114.626231,32.627614]]]}},{"type":"Feature","properties":{"kind":"vegetation","name":null,"osm":"way/1479669308"},"geometry":{"type":"Polygon","coordinates":[[[-114.62832,32.627637],[-114.628309,32.625953],[-114.626319,32.625963],[-114.626331,32.627646],[-114.62832,32.627637]]]}},{"type":"Feature","properties":{"kind":"vegetation","name":null,"osm":"way/1479669309"},"geometry":{"type":"Polygon","coordinates":[[[-114.632476,32.625734],[-114.632473,32.623973],[-114.630546,32.623976],[-114.630549,32.625736],[-114.632476,32.625734]]]}},{"type":"Feature","properties":{"kind":"vegetation","name":null,"osm":"way/1479669310"},"geometry":{"type":"Polygon","coordinates":[[[-114.630483,32.625725],[-114.630468,32.623972],[-114.628418,32.623984],[-114.628432,32.625737],[-114.630483,32.625725]]]}},{"type":"Feature","properties":{"kind":"vegetation","name":null,"osm":"way/1479669311"},"geometry":{"type":"Polygon","coordinates":[[[-114.632457,32.623932],[-114.632445,32.62222],[-114.63052,32.62223],[-114.630532,32.623941],[-114.632457,32.623932]]]}},{"type":"Feature","properties":{"kind":"vegetation","name":null,"osm":"way/1479669312"},"geometry":{"type":"Polygon","coordinates":[[[-114.630466,32.623929],[-114.630449,32.622239],[-114.628387,32.622253],[-114.628403,32.623943],[-114.630466,32.623929]]]}},{"type":"Feature","properties":{"kind":"vegetation","name":null,"osm":"way/1479669313"},"geometry":{"type":"Polygon","coordinates":[[[-114.626255,32.625765],[-114.628329,32.625751],[-114.628295,32.622254],[-114.626222,32.622268],[-114.626255,32.625765]]]}},{"type":"Feature","properties":{"kind":"vegetation","name":null,"osm":"way/1479669314"},"geometry":{"type":"Polygon","coordinates":[[[-114.6283,32.622182],[-114.628289,32.618733],[-114.626201,32.618752],[-114.626242,32.622199],[-114.6283,32.622182]]]}},{"type":"Feature","properties":{"kind":"vegetation","name":null,"osm":"way/1479669315"},"geometry":{"type":"Polygon","coordinates":[[[-114.619679,32.622204],[-114.619678,32.620492],[-114.617656,32.620493],[-114.617657,32.622205],[-114.619679,32.622204]]]}},{"type":"Feature","properties":{"kind":"vegetation","name":null,"osm":"way/1479669316"},"geometry":{"type":"Polygon","coordinates":[[[-114.617677,32.620448],[-114.619677,32.620427],[-114.619653,32.61883],[-114.617653,32.618852],[-114.617677,32.620448]]]}},{"type":"Feature","properties":{"kind":"vegetation","name":null,"osm":"way/1479669317"},"geometry":{"type":"Polygon","coordinates":[[[-114.617456,32.620383],[-114.617489,32.618891],[-114.615961,32.618867],[-114.615943,32.619693],[-114.616886,32.619708],[-114.616872,32.620374],[-114.617456,32.620383]]]}},{"type":"Feature","properties":{"kind":"vegetation","name":null,"osm":"way/1479669318"},"geometry":{"type":"Polygon","coordinates":[[[-114.617658,32.622272],[-114.617676,32.624081],[-114.619721,32.624066],[-114.619703,32.622258],[-114.617658,32.622272]]]}},{"type":"Feature","properties":{"kind":"vegetation","name":null,"osm":"way/1479669319"},"geometry":{"type":"Polygon","coordinates":[[[-114.617582,32.624001],[-114.617558,32.62226],[-114.615576,32.622279],[-114.6156,32.62402],[-114.617582,32.624001]]]}},{"type":"Feature","properties":{"kind":"vegetation","name":null,"osm":"way/1479669320"},"geometry":{"type":"Polygon","coordinates":[[[-114.624082,32.616782],[-114.626087,32.616777],[-114.626094,32.61844],[-114.624089,32.618446],[-114.624082,32.616782]]]}},{"type":"Feature","properties":{"kind":"vegetation","name":null,"osm":"way/1479669321"},"geometry":{"type":"Polygon","coordinates":[[[-114.628277,32.618423],[-114.628267,32.616768],[-114.626183,32.616776],[-114.626193,32.618432],[-114.628277,32.618423]]]}},{"type":"Feature","properties":{"kind":"vegetation","name":null,"osm":"way/1479669322"},"geometry":{"type":"Polygon","coordinates":[[[-114.624061,32.616755],[-114.62606,32.616739],[-114.626041,32.615033],[-114.624042,32.615049],[-114.624061,32.616755]]]}},{"type":"Feature","properties":{"kind":"vegetation","name":null,"osm":"way/1479669323"},"geometry":{"type":"Polygon","coordinates":[[[-114.62828,32.616738],[-114.628262,32.615016],[-114.626174,32.615032],[-114.626192,32.616754],[-114.62828,32.616738]]]}},{"type":"Feature","properties":{"kind":"vegetation","name":null,"osm":"way/1479669324"},"geometry":{"type":"Polygon","coordinates":[[[-114.628392,32.616804],[-114.630192,32.616796],[-114.63018,32.615015],[-114.62838,32.615023],[-114.628392,32.616804]]]}},{"type":"Feature","properties":{"kind":"vegetation","name":null,"osm":"way/1479669325"},"geometry":{"type":"Polygon","coordinates":[[[-114.628483,32.618424],[-114.629347,32.61842],[-114.629346,32.618348],[-114.630157,32.618344],[-114.630148,32.616859],[-114.628473,32.616867],[-114.628483,32.618424]]]}},{"type":"Feature","properties":{"kind":"vegetation","name":null,"osm":"way/1479669327"},"geometry":{"type":"Polygon","coordinates":[[[-114.621675,32.616768],[-114.621649,32.615048],[-114.619637,32.615071],[-114.619664,32.61679],[-114.621675,32.616768]]]}},{"type":"Feature","properties":{"kind":"vegetation","name":null,"osm":"way/1484796302"},"geometry":{"type":"Polygon","coordinates":[[[-114.635267,32.720986],[-114.635259,32.720949],[-114.63523,32.720915],[-114.635175,32.720874],[-114.635112,32.72085],[-114.635038,32.720847],[-114.634886,32.720849],[-114.634886,32.720454],[-114.63506,32.720457],[-114.635124,32.720466],[-114.635181,32.720476],[-114.635275,32.720505],[-114.635359,32.720543],[-114.635432,32.720586],[-114.635517,32.720645],[-114.635606,32.720743],[-114.635678,32.720839],[-114.635708,32.720916],[-114.635725,32.720974],[-114.635732,32.721036],[-114.635744,32.721092],[-114.635747,32.721148],[-114.635355,32.721143],[-114.635269,32.721143],[-114.635267,32.720986]]]}},{"type":"Feature","properties":{"kind":"vegetation","name":null,"osm":"way/1490008609"},"geometry":{"type":"Polygon","coordinates":[[[-114.683642,32.621344],[-114.683634,32.620256],[-114.68336,32.620257],[-114.683369,32.621345],[-114.683642,32.621344]]]}},{"type":"Feature","properties":{"kind":"vegetation","name":null,"osm":"way/1490008610"},"geometry":{"type":"Polygon","coordinates":[[[-114.679906,32.619201],[-114.679899,32.618445],[-114.679398,32.618449],[-114.679405,32.619204],[-114.679906,32.619201]]]}},{"type":"Feature","properties":{"kind":"vegetation","name":null,"osm":"way/1490008611"},"geometry":{"type":"Polygon","coordinates":[[[-114.682578,32.62056],[-114.682579,32.619937],[-114.682116,32.619936],[-114.682115,32.62056],[-114.682578,32.62056]]]}},{"type":"Feature","properties":{"kind":"vegetation","name":null,"osm":"way/1490008612"},"geometry":{"type":"Polygon","coordinates":[[[-114.676815,32.622198],[-114.676818,32.621442],[-114.676317,32.621441],[-114.676314,32.622196],[-114.676815,32.622198]]]}},{"type":"Feature","properties":{"kind":"vegetation","name":null,"osm":"way/1490008613"},"geometry":{"type":"Polygon","coordinates":[[[-114.683891,32.621949],[-114.683891,32.621409],[-114.68362,32.621409],[-114.68362,32.621949],[-114.683891,32.621949]]]}},{"type":"Feature","properties":{"kind":"vegetation","name":null,"osm":"way/1502367622"},"geometry":{"type":"Polygon","coordinates":[[[-114.645707,32.672992],[-114.641645,32.673038],[-114.641608,32.670806],[-114.641898,32.670802],[-114.641882,32.669823],[-114.645655,32.669779],[-114.645707,32.672992]]]}},{"type":"Feature","properties":{"kind":"vegetation","name":null,"osm":"way/1502367623"},"geometry":{"type":"Polygon","coordinates":[[[-114.647962,32.673066],[-114.646115,32.67307],[-114.646055,32.669742],[-114.647934,32.669737],[-114.647962,32.673066]]]}},{"type":"Feature","properties":{"kind":"vegetation","name":null,"osm":"way/1505310523"},"geometry":{"type":"Polygon","coordinates":[[[-114.646246,32.669217],[-114.645142,32.669215],[-114.645152,32.665897],[-114.646256,32.665899],[-114.646246,32.669217]]]}},{"type":"Feature","properties":{"kind":"vegetation","name":null,"osm":"way/1505310526"},"geometry":{"type":"Polygon","coordinates":[[[-114.645081,32.66924],[-114.643137,32.669244],[-114.643126,32.665889],[-114.643776,32.665888],[-114.643777,32.666064],[-114.644165,32.666063],[-114.644165,32.665878],[-114.645071,32.665876],[-114.645081,32.66924]]]}},{"type":"Feature","properties":{"kind":"water","name":null,"osm":"way/1511779836"},"geometry":{"type":"Polygon","coordinates":[[[-114.660506,32.689959],[-114.660473,32.689989],[-114.660454,32.69001],[-114.660447,32.690057],[-114.660423,32.690098],[-114.660394,32.690116],[-114.660363,32.690121],[-114.660333,32.690116],[-114.660295,32.690101],[-114.660263,32.69008],[-114.660247,32.690045],[-114.66024,32.690002],[-114.660166,32.689557],[-114.660148,32.689516],[-114.660107,32.689472],[-114.660066,32.689446],[-114.659976,32.689438],[-114.659844,32.689435],[-114.659822,32.689431],[-114.659796,32.689414],[-114.659788,32.689366],[-114.659793,32.689275],[-114.660459,32.689269],[-114.660485,32.689278],[-114.6605,32.689293],[-114.660504,32.689318],[-114.660506,32.689959]]]}},{"type":"Feature","properties":{"kind":"vegetation","name":null,"osm":"way/1514269194"},"geometry":{"type":"Polygon","coordinates":[[[-114.677425,32.620925],[-114.677445,32.620956],[-114.677457,32.62099],[-114.677459,32.621025],[-114.677453,32.62106],[-114.677438,32.621093],[-114.677414,32.621123],[-114.677384,32.621147],[-114.677348,32.621165],[-114.677308,32.621177],[-114.677266,32.621181],[-114.677222,32.621176],[-114.67718,32.621164],[-114.677143,32.621143],[-114.677112,32.621116],[-114.67709,32.621083],[-114.677076,32.621048],[-114.677073,32.62101],[-114.677081,32.620973],[-114.677098,32.620939],[-114.677124,32.620908],[-114.677157,32.620883],[-114.677197,32.620866],[-114.67724,32.620857],[-114.677285,32.620856],[-114.677326,32.620863],[-114.677364,32.620877],[-114.677398,32.620898],[-114.677425,32.620925]]]}},{"type":"Feature","properties":{"kind":"vegetation","name":null,"osm":"way/1514269195"},"geometry":{"type":"Polygon","coordinates":[[[-114.676515,32.621153],[-114.676535,32.621184],[-114.676547,32.621218],[-114.676549,32.621253],[-114.676543,32.621288],[-114.676527,32.621321],[-114.676504,32.62135],[-114.676474,32.621375],[-114.676438,32.621393],[-114.676398,32.621404],[-114.676356,32.621408],[-114.676312,32.621404],[-114.67627,32.621391],[-114.676233,32.621371],[-114.676202,32.621344],[-114.676179,32.621311],[-114.676166,32.621275],[-114.676163,32.621238],[-114.67617,32.621201],[-114.676187,32.621166],[-114.676214,32.621136],[-114.676247,32.621111],[-114.676287,32.621094],[-114.67633,32.621084],[-114.676374,32.621084],[-114.676415,32.621091],[-114.676454,32.621105],[-114.676487,32.621126],[-114.676515,32.621153]]]}},{"type":"Feature","properties":{"kind":"vegetation","name":null,"osm":"way/1514269196"},"geometry":{"type":"Polygon","coordinates":[[[-114.680148,32.618907],[-114.680181,32.618933],[-114.680201,32.618964],[-114.680209,32.618999],[-114.680205,32.619034],[-114.680188,32.619067],[-114.680161,32.619093],[-114.680125,32.619112],[-114.680085,32.619121],[-114.680043,32.619119],[-114.680003,32.619107],[-114.67997,32.619085],[-114.679944,32.619054],[-114.679932,32.619018],[-114.679934,32.61898],[-114.679951,32.618945],[-114.67998,32.618916],[-114.680018,32.618896],[-114.680062,32.618888],[-114.680107,32.618891],[-114.680148,32.618907]]]}},{"type":"Feature","properties":{"kind":"vegetation","name":null,"osm":"way/1514269197"},"geometry":{"type":"Polygon","coordinates":[[[-114.678732,32.621445],[-114.678752,32.621476],[-114.678764,32.62151],[-114.678766,32.621545],[-114.67876,32.62158],[-114.678744,32.621613],[-114.678721,32.621642],[-114.678691,32.621667],[-114.678655,32.621685],[-114.678615,32.621696],[-114.678573,32.6217],[-114.678529,32.621696],[-114.678487,32.621683],[-114.67845,32.621663],[-114.678419,32.621635],[-114.678397,32.621603],[-114.678383,32.621567],[-114.67838,32.62153],[-114.678388,32.621493],[-114.678405,32.621458],[-114.678431,32.621428],[-114.678464,32.621403],[-114.678504,32.621386],[-114.678547,32.621376],[-114.678591,32.621376],[-114.678633,32.621383],[-114.678671,32.621397],[-114.678705,32.621418],[-114.678732,32.621445]]]}},{"type":"Feature","properties":{"kind":"vegetation","name":null,"osm":"way/1514269198"},"geometry":{"type":"Polygon","coordinates":[[[-114.682985,32.62405],[-114.683005,32.624082],[-114.683017,32.624116],[-114.68302,32.624151],[-114.683013,32.624186],[-114.682998,32.624219],[-114.682974,32.624248],[-114.682944,32.624272],[-114.682908,32.624291],[-114.682868,32.624302],[-114.682827,32.624306],[-114.682782,32.624302],[-114.68274,32.624289],[-114.682703,32.624268],[-114.682672,32.624241],[-114.68265,32.624209],[-114.682637,32.624173],[-114.682634,32.624136],[-114.682641,32.624098],[-114.682658,32.624064],[-114.682684,32.624033],[-114.682718,32.624009],[-114.682757,32.623991],[-114.6828,32.623982],[-114.682845,32.623981],[-114.682886,32.623988],[-114.682924,32.624003],[-114.682958,32.624024],[-114.682985,32.62405]]]}},{"type":"Feature","properties":{"kind":"vegetation","name":null,"osm":"way/1514269199"},"geometry":{"type":"Polygon","coordinates":[[[-114.68165,32.624382],[-114.68167,32.624413],[-114.681681,32.624447],[-114.681684,32.624483],[-114.681677,32.624517],[-114.681662,32.62455],[-114.681639,32.62458],[-114.681608,32.624604],[-114.681572,32.624622],[-114.681533,32.624634],[-114.681491,32.624638],[-114.681447,32.624633],[-114.681405,32.624621],[-114.681367,32.6246],[-114.681337,32.624573],[-114.681314,32.624541],[-114.681301,32.624505],[-114.681298,32.624467],[-114.681305,32.62443],[-114.681322,32.624396],[-114.681348,32.624365],[-114.681382,32.624341],[-114.681421,32.624323],[-114.681464,32.624314],[-114.681509,32.624313],[-114.68155,32.62432],[-114.681588,32.624334],[-114.681622,32.624356],[-114.68165,32.624382]]]}},{"type":"Feature","properties":{"kind":"vegetation","name":null,"osm":"way/1515769030"},"geometry":{"type":"Polygon","coordinates":[[[-114.647792,32.681077],[-114.647977,32.681075],[-114.64797,32.680681],[-114.64797,32.680659],[-114.647696,32.680662],[-114.647701,32.680876],[-114.647789,32.680875],[-114.647792,32.681077]]]}},{"type":"Feature","properties":{"kind":"vegetation","name":null,"osm":"way/1515769033"},"geometry":{"type":"Polygon","coordinates":[[[-114.652948,32.605781],[-114.6529,32.605767],[-114.652855,32.605732],[-114.652831,32.605685],[-114.652831,32.605187],[-114.65284,32.605152],[-114.652872,32.605119],[-114.652932,32.605084],[-114.652994,32.605079],[-114.653052,32.605088],[-114.6531,32.60511],[-114.654567,32.606357],[-114.654821,32.606295],[-114.65485,32.606295],[-114.654875,32.606316],[-114.654898,32.606364],[-114.65489,32.606412],[-114.654855,32.60646],[-114.654656,32.606627],[-114.654628,32.606664],[-114.654613,32.606713],[-114.654613,32.606836],[-114.654607,32.606883],[-114.654598,32.606917],[-114.65451,32.606987],[-114.654491,32.606996],[-114.65446,32.606997],[-114.654455,32.606985],[-114.654457,32.606742],[-114.654434,32.606742],[-114.654431,32.606673],[-114.653323,32.606672],[-114.653324,32.606142],[-114.653316,32.606048],[-114.653285,32.60597],[-114.653236,32.605905],[-114.653182,32.605854],[-114.653097,32.605817],[-114.652948,32.605781]]]}},{"type":"Feature","properties":{"kind":"vegetation","name":null,"osm":"way/1515769035"},"geometry":{"type":"Polygon","coordinates":[[[-114.653172,32.604893],[-114.653182,32.60489],[-114.653188,32.604879],[-114.65318,32.604867],[-114.653076,32.604788],[-114.653034,32.604771],[-114.652976,32.604763],[-114.652916,32.604775],[-114.652862,32.604808],[-114.652832,32.604856],[-114.652827,32.604903],[-114.65284,32.604923],[-114.652873,32.604933],[-114.652991,32.60495],[-114.653172,32.604893]]]}},{"type":"Feature","properties":{"kind":"vegetation","name":null,"osm":"way/1528630786"},"geometry":{"type":"Polygon","coordinates":[[[-114.601184,32.674016],[-114.601003,32.674017],[-114.600996,32.67333],[-114.601475,32.673326],[-114.601479,32.673433],[-114.601269,32.673434],[-114.60127,32.673535],[-114.601271,32.673648],[-114.601182,32.673649],[-114.601184,32.674016]]]}},{"type":"Feature","properties":{"kind":"vegetation","name":"Perricone Park","osm":"way/1548490213"},"geometry":{"type":"Polygon","coordinates":[[[-114.722401,32.598513],[-114.7224,32.597888],[-114.718704,32.597893],[-114.718705,32.598519],[-114.722401,32.598513]]]}},{"type":"Feature","properties":{"kind":"vegetation","name":null,"osm":"way/1551223708"},"geometry":{"type":"Polygon","coordinates":[[[-114.654026,32.600197],[-114.653965,32.596745],[-114.651948,32.596747],[-114.651958,32.600197],[-114.654026,32.600197]]]}},{"type":"Feature","properties":{"kind":"vegetation","name":null,"osm":"way/1551223709"},"geometry":{"type":"Polygon","coordinates":[[[-114.645312,32.594771],[-114.645298,32.593946],[-114.643277,32.593971],[-114.643291,32.594796],[-114.645312,32.594771]]]}},{"type":"Feature","properties":{"kind":"vegetation","name":null,"osm":"way/1551223710"},"geometry":{"type":"Polygon","coordinates":[[[-114.645304,32.593863],[-114.645301,32.593057],[-114.643289,32.593062],[-114.643292,32.593868],[-114.645304,32.593863]]]}},{"type":"Feature","properties":{"kind":"vegetation","name":null,"osm":"way/1551223711"},"geometry":{"type":"Polygon","coordinates":[[[-114.65288,32.589263],[-114.652887,32.587578],[-114.653868,32.587581],[-114.653861,32.589266],[-114.65288,32.589263]]]}},{"type":"Feature","properties":{"kind":"vegetation","name":null,"osm":"way/1551223712"},"geometry":{"type":"Polygon","coordinates":[[[-114.651828,32.591087],[-114.651827,32.589442],[-114.651329,32.589442],[-114.651329,32.590051],[-114.651172,32.590051],[-114.651172,32.590242],[-114.650783,32.590242],[-114.650784,32.590785],[-114.650892,32.590785],[-114.650892,32.590319],[-114.651528,32.590318],[-114.651528,32.590399],[-114.651684,32.590399],[-114.651684,32.591087],[-114.651828,32.591087]]]}},{"type":"Feature","properties":{"kind":"vegetation","name":null,"osm":"way/1551223713"},"geometry":{"type":"Polygon","coordinates":[[[-114.651925,32.59023],[-114.651948,32.589714],[-114.652264,32.589801],[-114.652447,32.58985],[-114.652679,32.589823],[-114.652818,32.589842],[-114.652853,32.590005],[-114.652802,32.590165],[-114.65266,32.590255],[-114.652363,32.590279],[-114.652135,32.590233],[-114.652025,32.590225],[-114.651925,32.59023]]]}},{"type":"Feature","properties":{"kind":"vegetation","name":null,"osm":"way/1551223714"},"geometry":{"type":"Polygon","coordinates":[[[-114.652888,32.586543],[-114.652895,32.585731],[-114.651896,32.585725],[-114.651893,32.586047],[-114.652391,32.58605],[-114.652387,32.58654],[-114.652888,32.586543]]]}},{"type":"Feature","properties":{"kind":"vegetation","name":null,"osm":"way/1551223715"},"geometry":{"type":"Polygon","coordinates":[[[-114.658192,32.585595],[-114.658169,32.582092],[-114.656177,32.582101],[-114.6562,32.585605],[-114.658192,32.585595]]]}},{"type":"Feature","properties":{"kind":"vegetation","name":null,"osm":"way/1551223716"},"geometry":{"type":"Polygon","coordinates":[[[-114.660382,32.585624],[-114.660347,32.583946],[-114.659423,32.583959],[-114.659458,32.585637],[-114.660382,32.585624]]]}},{"type":"Feature","properties":{"kind":"vegetation","name":null,"osm":"way/1551223717"},"geometry":{"type":"Polygon","coordinates":[[[-114.660386,32.583813],[-114.660354,32.582149],[-114.659423,32.582162],[-114.659455,32.583826],[-114.660386,32.583813]]]}},{"type":"Feature","properties":{"kind":"vegetation","name":null,"osm":"way/1551223718"},"geometry":{"type":"Polygon","coordinates":[[[-114.652874,32.592884],[-114.652875,32.591759],[-114.652353,32.591759],[-114.652353,32.591629],[-114.651856,32.591629],[-114.651855,32.592884],[-114.652874,32.592884]]]}},{"type":"Feature","properties":{"kind":"vegetation","name":null,"osm":"way/1551223719"},"geometry":{"type":"Polygon","coordinates":[[[-114.653869,32.59113],[-114.653865,32.590584],[-114.653235,32.590587],[-114.653234,32.590414],[-114.652911,32.590416],[-114.652917,32.591135],[-114.653869,32.59113]]]}},{"type":"Feature","properties":{"kind":"vegetation","name":null,"osm":"way/1551379090"},"geometry":{"type":"Polygon","coordinates":[[[-114.65176,32.594769],[-114.651764,32.591205],[-114.650913,32.591204],[-114.650909,32.594768],[-114.65176,32.594769]]]}},{"type":"Feature","properties":{"kind":"vegetation","name":null,"osm":"way/1551379091"},"geometry":{"type":"Polygon","coordinates":[[[-114.650773,32.594761],[-114.650756,32.591252],[-114.649781,32.591255],[-114.649798,32.594764],[-114.650773,32.594761]]]}},{"type":"Feature","properties":{"kind":"vegetation","name":null,"osm":"way/1551379095"},"geometry":{"type":"Polygon","coordinates":[[[-114.649491,32.592902],[-114.649465,32.591223],[-114.647462,32.591245],[-114.647488,32.592924],[-114.649491,32.592902]]]}},{"type":"Feature","properties":{"kind":"vegetation","name":null,"osm":"way/1551379096"},"geometry":{"type":"Polygon","coordinates":[[[-114.649491,32.591099],[-114.649471,32.58941],[-114.645374,32.589444],[-114.645394,32.591134],[-114.649491,32.591099]]]}},{"type":"Feature","properties":{"kind":"vegetation","name":null,"osm":"way/1551379097"},"geometry":{"type":"Polygon","coordinates":[[[-114.647414,32.592925],[-114.647393,32.591218],[-114.645405,32.591235],[-114.645425,32.592942],[-114.647414,32.592925]]]}},{"type":"Feature","properties":{"kind":"vegetation","name":null,"osm":"way/1551379098"},"geometry":{"type":"Polygon","coordinates":[[[-114.647419,32.593814],[-114.647407,32.593032],[-114.645435,32.593052],[-114.645447,32.593835],[-114.647419,32.593814]]]}},{"type":"Feature","properties":{"kind":"vegetation","name":null,"osm":"way/1551379099"},"geometry":{"type":"Polygon","coordinates":[[[-114.647449,32.59559],[-114.647414,32.593913],[-114.645436,32.593943],[-114.645471,32.595619],[-114.647449,32.59559]]]}},{"type":"Feature","properties":{"kind":"vegetation","name":null,"osm":"way/1551379100"},"geometry":{"type":"Polygon","coordinates":[[[-114.647495,32.596483],[-114.647486,32.59571],[-114.645439,32.595727],[-114.645449,32.5965],[-114.647495,32.596483]]]}},{"type":"Feature","properties":{"kind":"vegetation","name":null,"osm":"way/1551379101"},"geometry":{"type":"Polygon","coordinates":[[[-114.645282,32.591126],[-114.645251,32.589439],[-114.644259,32.589451],[-114.64429,32.591139],[-114.645282,32.591126]]]}},{"type":"Feature","properties":{"kind":"vegetation","name":null,"osm":"way/1551379102"},"geometry":{"type":"Polygon","coordinates":[[[-114.644193,32.591131],[-114.644163,32.589464],[-114.643221,32.589476],[-114.64325,32.591143],[-114.644193,32.591131]]]}},{"type":"Feature","properties":{"kind":"vegetation","name":null,"osm":"way/1551379103"},"geometry":{"type":"Polygon","coordinates":[[[-114.645315,32.592013],[-114.645311,32.59126],[-114.643275,32.591268],[-114.643279,32.592021],[-114.645315,32.592013]]]}},{"type":"Feature","properties":{"kind":"vegetation","name":null,"osm":"way/1551379104"},"geometry":{"type":"Polygon","coordinates":[[[-114.645343,32.592959],[-114.64534,32.592115],[-114.644156,32.592117],[-114.644159,32.592962],[-114.645343,32.592959]]]}},{"type":"Feature","properties":{"kind":"vegetation","name":null,"osm":"way/1551379105"},"geometry":{"type":"Polygon","coordinates":[[[-114.644073,32.592957],[-114.644059,32.592095],[-114.643282,32.592104],[-114.643295,32.592966],[-114.644073,32.592957]]]}},{"type":"Feature","properties":{"kind":"vegetation","name":null,"osm":"way/1551379106"},"geometry":{"type":"Polygon","coordinates":[[[-114.643151,32.592943],[-114.643144,32.592114],[-114.641122,32.592126],[-114.641129,32.592955],[-114.643151,32.592943]]]}},{"type":"Feature","properties":{"kind":"vegetation","name":null,"osm":"way/1551379107"},"geometry":{"type":"Polygon","coordinates":[[[-114.643135,32.592019],[-114.643121,32.591203],[-114.641123,32.591227],[-114.641137,32.592044],[-114.643135,32.592019]]]}},{"type":"Feature","properties":{"kind":"vegetation","name":null,"osm":"way/1551379108"},"geometry":{"type":"Polygon","coordinates":[[[-114.643144,32.591084],[-114.64314,32.589449],[-114.642154,32.58945],[-114.642158,32.591085],[-114.643144,32.591084]]]}},{"type":"Feature","properties":{"kind":"vegetation","name":null,"osm":"way/1551379109"},"geometry":{"type":"Polygon","coordinates":[[[-114.642085,32.591094],[-114.642075,32.589459],[-114.641127,32.589463],[-114.641137,32.591098],[-114.642085,32.591094]]]}},{"type":"Feature","properties":{"kind":"vegetation","name":null,"osm":"way/1551379110"},"geometry":{"type":"Polygon","coordinates":[[[-114.645381,32.600217],[-114.645376,32.599413],[-114.641256,32.59943],[-114.641261,32.600234],[-114.645381,32.600217]]]}},{"type":"Feature","properties":{"kind":"vegetation","name":null,"osm":"way/1551379111"},"geometry":{"type":"Polygon","coordinates":[[[-114.645381,32.599316],[-114.645379,32.59851],[-114.641211,32.598517],[-114.641213,32.599323],[-114.645381,32.599316]]]}},{"type":"Feature","properties":{"kind":"vegetation","name":null,"osm":"way/1551379112"},"geometry":{"type":"Polygon","coordinates":[[[-114.645405,32.598435],[-114.645383,32.596731],[-114.644355,32.59674],[-114.644377,32.598444],[-114.645405,32.598435]]]}},{"type":"Feature","properties":{"kind":"vegetation","name":null,"osm":"way/1551379113"},"geometry":{"type":"Polygon","coordinates":[[[-114.644291,32.598441],[-114.644271,32.596738],[-114.64326,32.596746],[-114.64328,32.598449],[-114.644291,32.598441]]]}},{"type":"Feature","properties":{"kind":"vegetation","name":null,"osm":"way/1551379114"},"geometry":{"type":"Polygon","coordinates":[[[-114.643229,32.598427],[-114.643218,32.597613],[-114.641188,32.597633],[-114.6412,32.598448],[-114.643229,32.598427]]]}},{"type":"Feature","properties":{"kind":"vegetation","name":null,"osm":"way/1551379115"},"geometry":{"type":"Polygon","coordinates":[[[-114.643206,32.597528],[-114.6432,32.59674],[-114.641186,32.59675],[-114.641191,32.597538],[-114.643206,32.597528]]]}},{"type":"Feature","properties":{"kind":"vegetation","name":null,"osm":"way/1551379116"},"geometry":{"type":"Polygon","coordinates":[[[-114.643177,32.596537],[-114.643167,32.595752],[-114.641151,32.595772],[-114.641162,32.596557],[-114.643177,32.596537]]]}},{"type":"Feature","properties":{"kind":"vegetation","name":null,"osm":"way/1551379117"},"geometry":{"type":"Polygon","coordinates":[[[-114.64318,32.595605],[-114.643172,32.594859],[-114.641157,32.594875],[-114.641166,32.595622],[-114.64318,32.595605]]]}}]}